Train No,Name,Type,Zone,Date From,Date To,From,Dep,To,Arr,Duration,Halts,Dep Days,Classes,Distance,Speed,Return
09310,Hazrat Nizamuddin - Indore Special Fare SF Special,SF,WR,23-Feb,28-Nov,NZM,8:20,INDB,21:00,12h 40m,10,M S,SL 3A 2A,819 km,65 km/hr,9309
09309,Indore - Hazrat Nizamuddin Special Fare SF Special,SF,WR,22-Feb,27-Nov,INDB,17:00,NZM,5:00,12h 0m,10,S F,SL 3A 2A,819 km,68 km/hr,9310
09423,Mangaluru Jn. - Ahmedabad Special Fare Special,Exp,WR,28-Mar,28-Nov,MAJN,22:30,ADI,2:15,27h 45m,39,S,SL 3A 2A,1338 km,48 km/hr,9424
09424,Ahmedabad - Mangaluru Jn Special Fare Special,Exp,WR,27-Mar,27-Nov,ADI,16:00,MAJN,21:00,29h 0m,39,F,SL 3A 2A,1338 km,46 km/hr,9423
04566,Beas - Saharanpur Special Fare Special,Exp,NR,13-Sep,20-Sep,BEAS,15:00,SRE,21:10,6h 10m,5,S,SL 3A,288 km,47 km/hr,4565
05493,Durgapura - Sawai Madhopur Rakshabandhan Special (UnReserved),Exp,WCR,29-Aug,8-Sep,DPA,2:30,SWM,5:20,2h 50m,3,S M T W T F S,,124 km,44 km/hr,5494
05494,Sawai Madhopur - Durgapura Rakshabandhan Special (UnReserved),Exp,WCR,29-Aug,7-Sep,SWM,20:50,DPA,0:25,3h 35m,3,S M T W T F S,,124 km,35 km/hr,5493
06126,Mangaluru Central - Chennai Egmore Special Fare Special (PT),Exp,SR,13-Jul,28-Sep,MAQ,16:00,MS,10:55,18h 55m,18,M,SL 3A 2A,895 km,47 km/hr,6125
06125,Chennai Egmore - Mangaluru Central Special Fare Special (PT),Exp,SR,14-Jul,29-Sep,MS,14:00,MAQ,8:40,18h 40m,17,T,SL 3A 2A,895 km,48 km/hr,6126
06028,Podanur - MGR Chennai Central Special Fare Special (PT),Exp,SR,3-Jul,27-Sep,PTJ,7:40,MAS,16:45,9h 5m,8,S F S,2S CC,488 km,54 km/hr,6027
06027,M.G.R Chennai Central - Podanur Special Fare Special (PT),Exp,SR,3-Jul,27-Sep,MAS,17:45,PTJ,3:00,9h 15m,7,S F S,2S CC,488 km,53 km/hr,6028
06029,Mettupalayam - Tirunelveli Special Fare Special (PT),Exp,SR,8-Sep,28-Sep,MTP,19:45,TEN,8:05,12h 20m,21,M,SL 3A 2A,503 km,41 km/hr,6030
06166,Tirunelveli - Tambaram Special Fare Summer Special (PT),Exp,SR,12-Apr,27-Sep,TEN,23:45,TBM,11:35,11h 50m,15,S,SL 3A 2A 3E,643 km,54 km/hr,6165
06165,Tambaram - Tirunelveli Special Fare Summer Special (PT),Exp,SR,13-Apr,28-Sep,TBM,13:55,TEN,2:00,12h 5m,15,M,SL 3A 2A 3E,643 km,53 km/hr,6166
02158,Hazrat Nizamuddin - Rani Kamalapati Special Fare Rakshabandhan Special,Exp,WCR,31-Aug,31-Aug,NZM,12:10,RKMP,23:15,11h 5m,5,M,SL 3A 2A,702 km,63 km/hr,2157
02157,Rani Kamalapati - Hazrat Nizamuddin Special Fare Rakshabandhan Special,SF,WCR,30-Aug,30-Aug,RKMP,21:20,NZM,10:30,13h 10m,5,S,SL 3A 2A,702 km,53 km/hr,2158
09718,Madar - Rewari Raksha Bandhan Special (UnReserved),Exp,NWR,29-Aug,31-Aug,MDJN,11:50,RE,17:30,5h 40m,14,S M S,,289 km,51 km/hr,9717
09717,Rewari - Madar Raksha Bandhan Special (UnReserved),Exp,NWR,29-Aug,31-Aug,RE,4:15,MDJN,11:00,6h 45m,14,S M S,,289 km,43 km/hr,9718
06059,Tambaram - Bodinayakkanur Special Fare Special,SF,SR,12-Sep,26-Sep,TBM,22:30,BDNK,11:15,12h 45m,15,S,SL 3A 2A 1A,645 km,51 km/hr,6060
06045,Chennai Egmore - Kanniyakumari Special Fare SF Summer Special (PT),SF,SR,4-Sep,25-Sep,MS,23:50,CAPE,13:00,13h 10m,17,F,SL 3A,739 km,56 km/hr,6046
06046,Kanniyakumari - Chennai Egmore Special Fare SF Summer Special (PT),SF,SR,6-Sep,27-Sep,CAPE,23:25,MS,11:30,12h 5m,17,S,SL 3A,739 km,61 km/hr,6045
09189,Mumbai Central - Katihar Special Fare Special (PT),Exp,WR,16-May,14-Nov,MMCT,10:55,KIR,7:30,44h 35m,27,S,SL 3A 2A,2293 km,51 km/hr,9190
09185,Mumbai Central - Kanpur Anwarganj Special Fare SF Summer Special (PT),SF,WR,5-Apr,29-Nov,MMCT,10:55,CPA,15:35,28h 40m,16,S,SL 3A 2A,1594 km,56 km/hr,9186
04166,Shakur Basti - Prayagraj Special Fare Rakshabandhan Special,Exp,NCR,30-Aug,30-Aug,SSB,12:00,PRYJ,22:30,10h 30m,6,S,SL 3A,641 km,61 km/hr,4165
08311,Sambalpur - Ernakulam Jn. Special Fare Special,Exp,ECoR,1-Jul,2-Sep,SBP,11:35,ERS,5:40,42h 5m,35,W,SL 3A 2A 1A,1983 km,47 km/hr,8312
04165,Prayagraj - Shakur Basti Special Fare Rakshabandhan Special,Exp,NCR,29-Aug,29-Aug,PRYJ,20:00,SSB,10:00,14h 0m,6,S,SL 3A,641 km,46 km/hr,4166
06072,Mangaluru Jn. - SMVT Bengaluru Special Fare One Way Special,Exp,SR,29-Aug,29-Aug,MAJN,11:15,SMVB,4:00,16h 45m,17,S,SL 3A 2A,806 km,48 km/hr,
09065,Surat - Chhapra Special Fare Special (PT),Exp,WR,21-Sep,24-Nov,ST,7:35,CPR,17:15,33h 40m,15,T,SL 3A,1702 km,51 km/hr,9066
09066,Chhapra - Surat Special Fare Special,Exp,WR,23-Sep,25-Nov,CPR,23:45,ST,11:15,35h 30m,15,W,SL 3A,1702 km,48 km/hr,9065
05931,Kolkata - Dibrugarh Special Fare Special,Exp,NFR,6-Apr,30-Nov,KOAA,2:30,DBRG,6:30,28h 0m,23,M,SL 3A 2A,1356 km,48 km/hr,5932
05932,Dibrugarh - Kolkata Special Fare Special,Exp,NFR,4-Apr,28-Nov,DBRG,17:00,KOAA,0:30,31h 30m,23,S,SL 3A 2A,1356 km,43 km/hr,5931
09016,Satna - Katni Rakshabandhan Special (UnReserved),Exp,WCR,28-Aug,31-Aug,STA,18:30,KTE,20:50,2h 20m,9,S M F S,,98 km,42 km/hr,9015
09015,Katni - Satna Rakshabandhan Special (UnReserved),Exp,WR,28-Aug,31-Aug,KTE,5:45,STA,8:45,3h 0m,9,S M F S,,98 km,33 km/hr,9016
07267,Parvatipuram - Visakhapatnam MEMU Special,MEMU,SCoR,28-Aug,30-Aug,PVP,12:35,VSKP,16:00,3h 25m,9,S F S,,139 km,41 km/hr,7268
07268,Visakhapatnam - Parvatipuram MEMU Special,MEMU,SCoR,28-Aug,30-Aug,VSKP,10:00,PVP,12:26,2h 26m,9,S F S,,139 km,57 km/hr,7267
01008,Madgaon - Mumbai CSM Terminus Special Fare Ganpati Special,Exp,CR,11-Sep,13-Sep,MAO,16:30,CSMT,8:15,15h 45m,24,S F,SL 3A 2A,581 km,37 km/hr,1007
01007,Mumbai CSM Terminus - Madgaon Special Fare Ganpati Special,Exp,WR,11-Sep,13-Sep,CSMT,0:40,MAO,15:30,14h 50m,24,S F,SL 3A,581 km,39 km/hr,1008
01926,Madurai - Kanpur Central Special Fare Special (PT),Exp,NCR,4-Jul,28-Nov,MDU,2:30,CNB,4:30,50h 0m,26,S,SL 3A 2A,2489 km,50 km/hr,1925
01925,Kanpur Central - Madurai Special Fare Special,Exp,NCR,1-Jul,25-Nov,CNB,8:10,MDU,7:15,47h 5m,26,W,SL 3A 2A,2489 km,53 km/hr,1926
04545,Lucknow - Chandigarh Special Fare Rakshabandhan Special,Exp,NR,28-Aug,28-Aug,LKO,13:00,CDG,2:10,13h 10m,9,F,SL 3A 2A,644 km,49 km/hr,4546
09710,Howrah - Khatipura Special Fare Rakshabandhan Special,Exp,NWR,31-Aug,31-Aug,HWH,0:15,KWP,11:30,35h 15m,23,W,SL 3A 2A,1498 km,42 km/hr,9709
09709,Khatipura - Howrah Special Fare Rakshabandhan Special,Exp,NWR,29-Aug,29-Aug,KWP,17:00,HWH,22:15,29h 15m,23,S,SL 3A 2A,1498 km,51 km/hr,9710
04123,Prayagraj - Hazrat Nizamuddin Special Fare Special,Exp,NCR,15-Mar,29-Nov,PRYJ,15:25,NZM,11:35,20h 10m,16,S W,SL 3A 2A 1A,794 km,39 km/hr,4124
04011,Varanasi - Delhi Special Fare Raksha Bandhan Special,Exp,NR,28-Aug,28-Aug,BSB,19:50,DLI,10:20,14h 30m,11,F,SL 3A 2A 1A,777 km,54 km/hr,4012
04704,Khadki (Pune) - Hisar Special Fare Raksha Bandhan Special,SF,NWR,30-Aug,30-Aug,KK,17:20,HSR,23:50,30h 30m,19,S,SL 3A 2A,1642 km,54 km/hr,4703
04703,Hisar - Khadki (Pune) Special Fare Raksha Bandhan Special,Exp,NWR,29-Aug,29-Aug,HSR,10:10,KK,16:20,30h 10m,19,S,SL 3A 2A,1642 km,54 km/hr,4704
05307,Kasganj - Mathura Cantt. Janmashtmi Mela Special (UnReserved),Pass,NER,27-Aug,19-Sep,KSJ,9:50,MRT,12:15,2h 25m,10,M T T F S,,103 km,43 km/hr,5308
05308,Mathura Cantt. - Kasganj Janamashtami Mela Special (UnReserved),Pass,NER,27-Aug,19-Sep,MRT,17:00,KSJ,19:50,2h 50m,10,M T T F S,,103 km,36 km/hr,5307
09034,Malda Town - Udhna Special Fare Special,Exp,WR,12-Apr,29-Nov,MLDT,9:30,UDN,1:20,39h 50m,23,S,SL 3A,1999 km,50 km/hr,9033
09033,Udhna - Malda Town Special Fare Special (PT),Exp,WR,9-Apr,26-Nov,UDN,23:00,MLDT,11:00,36h 0m,23,T,SL 3A,1999 km,56 km/hr,9034
09452,Bhagalpur - Gandhidham Special Fare Special (PT),Exp,WR,20-Apr,30-Nov,BGP,5:00,GIMB,8:00,51h 0m,33,M,SL 3A 2A,2427 km,48 km/hr,9451
09451,Gandhidham - Bhagalpur Special Fare Special (PT),Exp,WR,17-Apr,27-Nov,GIMB,18:25,BGP,20:15,49h 50m,33,F,SL 3A 2A,2427 km,49 km/hr,9452
04416,Ringas - Delhi Sarai Rohilla Special (UnReserved),Exp,NR,28-Aug,29-Aug,RGS,2:00,DEE,6:30,4h 30m,6,F S,,227 km,50 km/hr,4415
09640,Narnaul - Madar Express Special (UnReserved),Exp,NWR,15-Aug,13-Oct,NNL,16:20,MDJN,22:35,6h 15m,13,S M T W T F S,,237 km,38 km/hr,9639
09639,Madar - Narnaul Express Special (UnReserved),Exp,NWR,15-Aug,13-Oct,MDJN,4:30,NNL,9:15,4h 45m,13,S M T W T F S,,237 km,50 km/hr,9640
04812,Haridwar - Barmer Special Fare Summer Special,Exp,NWR,12-May,1-Dec,HW,5:15,BME,7:30,26h 15m,24,T F,SL 3A 2A,1168 km,44 km/hr,4811
04811,Barmer - Haridwar Special Fare Special,Exp,NWR,11-May,30-Nov,BME,4:15,HW,4:10,23h 55m,23,M T,SL 3A 2A,1168 km,49 km/hr,4812
09425,Sabarmati - Haridwar Special Fare Special,Exp,WR,19-Oct,23-Nov,SBIB,21:35,HW,20:40,23h 5m,23,M,SL,1148 km,50 km/hr,9426
09426,Haridwar - Sabarmati Special Fare Special,Exp,WR,20-Oct,24-Nov,HW,21:30,SBIB,22:30,25h 0m,23,T,SL,1148 km,46 km/hr,9425
09298,Shakur Basti - Bhavnagar Terminus Special Fare Special,Exp,WR,17-Oct,28-Nov,SSB,13:15,BVC,8:50,19h 35m,23,S,SL 3A 2A 3E,1118 km,57 km/hr,9297
09297,Bhavnagar Terminus - Shakur Basti Special Fare Special,Exp,WR,16-Oct,27-Nov,BVC,14:20,SSB,10:55,20h 35m,23,F,SL 3A 2A 3E,1118 km,54 km/hr,9298
08834,Durg - Raigarh Rakshabandhan Passenger Special (UnReserved),Pass,SECR,27-Aug,29-Aug,DURG,10:30,RIG,19:00,8h 30m,35,T F S,,279 km,33 km/hr,8833
08833,Raigarh - Durg Rakshabandhan Passenger Special (UnReserved),Pass,SECR,27-Aug,29-Aug,RIG,19:40,DURG,2:00,6h 20m,35,T F S,,279 km,44 km/hr,8834
04667,Jagraon - Firozpur Cantt. DEMU Special,DEMU,NR,25-Aug,29-Aug,JGN,12:40,FZR,14:50,2h 10m,12,T W T F S,,84 km,39 km/hr,4668
04668,Firozpur Cantt. - Jagraon DEMU Special,DEMU,NR,25-Aug,29-Aug,FZR,9:55,JGN,12:20,2h 25m,12,T W T F S,,84 km,35 km/hr,4667
06865,Velankanni - Tiruchchirappalli DEMU Special,DEMU,SR,29-Aug,8-Sep,VLNK,21:20,TPJ,0:45,3h 25m,8,T S,,137 km,40 km/hr,6864
06864,Tiruchchirapalli - Velankanni DEMU Special,DEMU,SR,30-Aug,9-Sep,TPJ,1:00,VLNK,4:15,3h 15m,8,S W,,137 km,42 km/hr,6865
06861,Thanjavur - Tiruchchirappalli DEMU Special,DEMU,SR,29-Aug,8-Sep,TJ,21:10,TPJ,22:10,1h 0m,2,M T W T F S,,50 km,50 km/hr,
06866,Tiruchchirappalli - Velankanni DEMU Special,DEMU,SR,29-Aug,8-Sep,TPJ,22:50,VLNK,2:40,3h 50m,7,S M T W T F S,,137 km,36 km/hr,6863
06863,Velankanni - Thanjavur DEMU Special,DEMU,SR,30-Aug,9-Sep,VLNK,3:00,TJ,5:15,2h 15m,4,S M T W T F S,,87 km,39 km/hr,6866
04411,Aligarh - Ghaziabad Rakshabandhan MEMU Special,MEMU,NR,27-Aug,28-Aug,ALJN,13:30,GZB,16:00,2h 30m,15,T F,,106 km,42 km/hr,4412
04412,Ghaziabad - Aligarh Rakshabandhan MEMU Special,MEMU,NR,27-Aug,28-Aug,GZB,11:00,ALJN,13:00,2h 0m,15,T F,,106 km,53 km/hr,4411
04409,Mathura - Hazrat Nizamuddin Raksha Bandhan MEMU Special,MEMU,NR,27-Aug,28-Aug,MTJ,13:00,NZM,16:50,3h 50m,16,T F,,134 km,35 km/hr,4410
04410,Hazrat Nizamuddin - Mathura Raksha Bandhan Special,Del,NR,27-Aug,28-Aug,NZM,10:00,MTJ,12:45,2h 45m,16,T F,,134 km,49 km/hr,4409
06081,Thiruvananthapuram North - Santragachi Special Fare AC Special (PT),ACExp,SR,3-Apr,4-Sep,TVCN,14:15,SRC,13:45,47h 30m,33,F,3A,2491 km,52 km/hr,6082
06082,Santragachi - Thiruvananthapuram North Special Fare AC Special (PT),ACExp,SR,6-Apr,7-Sep,SRC,14:15,TVCN,9:55,43h 40m,33,M,3A,2491 km,57 km/hr,6081
01904,Hazrat Nizamuddin - VGL Jhansi Special Fare Rakshabandhan Special,Exp,NCR,27-Aug,31-Aug,NZM,4:10,VGLJ,14:05,9h 55m,8,S M T F S,2S SL CC,403 km,41 km/hr,1903
01903,VGL Jhansi - Hazrat Nizamuddin Special Fare Rakshabandhan Special,Exp,NCR,26-Aug,30-Aug,VGLJ,19:20,NZM,3:05,7h 45m,8,S W T F S,2S SL CC,403 km,52 km/hr,1904
01901,VGL Jhansi - Hazrat Nizamuddin Special Fare Rakshabandhan Special,Exp,NCR,27-Aug,28-Aug,VGLJ,11:00,NZM,18:30,7h 30m,8,T F,2S SL CC,403 km,54 km/hr,1902
01902,Hazrat Nizamuddin - VGL Jhansi Special Fare Rakshabandhan Special,Exp,NCR,27-Aug,28-Aug,NZM,19:30,VGLJ,3:30,8h 0m,8,T F,2S SL CC,403 km,50 km/hr,1901
01929,VGL Jhansi - Khurda Road Special Fare Special,Exp,NCR,17-Apr,27-Nov,VGLJ,4:55,KUR,19:30,38h 35m,33,F,SL 3A 2A,1662 km,43 km/hr,1930
01930,Khurda Road - VGL Jhansi Special Fare Special,Exp,NCR,19-Apr,29-Nov,KUR,0:35,VGLJ,11:15,34h 40m,33,S,SL 3A 2A,1662 km,48 km/hr,1929
07540,Katihar - Manihari Shravani Mela Special (UnReserved),Pass,NFR,25-Jul,30-Aug,KIR,19:00,MHI,19:45,0h 45m,2,S T W F S,,24 km,32 km/hr,7539
04125,Subedarganj - Bandra Terminus Special Fare SF Summer Special,SF,NCR,2-Mar,31-Aug,SFG,5:50,BDTS,9:30,27h 40m,16,M,SL 3A 2A 3E,1685 km,61 km/hr,4126
02456,New Delhi - Kanpur Central Special Fare SF Special,SF,NCR,28-Aug,4-Sep,NDLS,7:15,CNB,12:30,5h 15m,3,M T F S,SL 3A,440 km,84 km/hr,2455
04164,Shakur Basti - Subedarganj Special Fare Special,Exp,NCR,28-Aug,28-Aug,SSB,12:00,SFG,22:30,10h 30m,6,F,SL 3A,637 km,61 km/hr,4163
04163,Subedarganj - Shakur Basti Special Fare Special,Exp,NCR,27-Aug,27-Aug,SFG,20:10,SSB,10:00,13h 50m,6,T,SL 3A,637 km,46 km/hr,4164
04147,Subedarganj - Shakur Basti Special Fare Special,Exp,NCR,26-Aug,26-Aug,SFG,20:10,SSB,10:00,13h 50m,6,W,SL 3A,637 km,46 km/hr,4148
02276,Shakur Basti - Subedarganj Special Fare Special,Exp,NCR,26-Aug,31-Aug,SSB,12:00,SFG,22:30,10h 30m,6,M W S,SL 3A,637 km,61 km/hr,2275
02275,Subedarganj - Shakur Basti Special Fare Special,Exp,NCR,25-Aug,30-Aug,SFG,20:10,SSB,10:00,13h 50m,6,S T F,SL 3A,637 km,46 km/hr,2276
07541,Manihari - Katihar Shravani Mela DEMU Special,DEMU,NFR,25-Aug,1-Sep,MHI,5:15,KIR,6:00,0h 45m,2,T F,,24 km,32 km/hr,7542
07542,Katihar - Manihari Shravani Mela DEMU Special,DEMU,NFR,24-Aug,31-Aug,KIR,20:30,MHI,21:15,0h 45m,2,M T,,24 km,32 km/hr,7541
07539,Manihari - Katihar Shravani Mela Special (UnReserved),Pass,NFR,26-Jul,31-Aug,MHI,3:30,KIR,4:15,0h 45m,2,S M W T S,,24 km,32 km/hr,7540
04079,Thiruvananthapuram Central - Hazrat Nizamuddin Special Fare SF Special,SF,NR,27-Aug,27-Aug,TVC,5:00,NZM,6:40,49h 40m,29,T,SL 3A,2857 km,58 km/hr,4080
07356,Rameswaram - SSS Hubballi Special Fare Special (PT),Exp,SWR,6-Apr,28-Sep,RMM,20:00,UBL,19:40,23h 40m,21,M,SL 3A 2A 1A,1111 km,47 km/hr,7355
07355,SSS Hubballi - Rameswaram Special Fare Special,Exp,SWR,5-Apr,27-Sep,UBL,6:50,RMM,5:20,22h 30m,21,S,SL 3A 2A 1A,1111 km,49 km/hr,7356
07040,Kakinada Town - Charlapalli Special Fare Special,Exp,SCR,28-Aug,28-Aug,CCT,18:50,CHZ,7:30,12h 40m,9,F,SL 2A 1A,539 km,43 km/hr,7039
07039,Charlapalli - Kakinada Town Special Fare Special (PT),Exp,SCR,27-Aug,27-Aug,CHZ,19:50,CCT,9:30,13h 40m,9,T,SL 2A 1A,539 km,39 km/hr,7040
02197,Coimbatore - Jabalpur Special Fare SF Special (PT),SF,WCR,,19-Oct,CBE,15:10,JBP,8:45,41h 35m,31,M,SL 3A 2A 1A,2211 km,53 km/hr,2198
02198,Jabalpur - Coimbatore Special Fare SF Special,SF,WCR,,16-Oct,JBP,23:50,CBE,17:10,41h 20m,31,F,SL 3A 2A 1A,2211 km,53 km/hr,2197
01666,Agartala - Rani Kamalapati Special Fare Special,Exp,WCR,,18-Oct,AGTL,17:20,RKMP,16:35,47h 15m,38,S,SL 3A 2A,2482 km,53 km/hr,1665
01665,Rani Kamalapati - Agartala Special Fare Special,Exp,WCR,,15-Oct,RKMP,15:20,AGTL,19:25,52h 5m,38,T,SL 3A 2A,2482 km,48 km/hr,1666
04815,Jodhpur - Chennai Beach Special Fare AC Special,ACExp,NWR,29-Aug,29-Aug,JU,21:20,MSB,20:00,46h 40m,29,S,3A 2A,2470 km,53 km/hr,4816
04816,MGR Chennai Central - Jodhpur Special Fare AC Special (PT),ACExp,NWR,1-Sep,1-Sep,MAS,17:15,JU,20:30,51h 15m,29,T,3A 2A,2470 km,48 km/hr,4815
08895,NSCB Itwari - Madhupur Special Fare Shravani Mela Special,Exp,SECR,1-Aug,29-Aug,NITR,4:30,MDP,6:00,25h 30m,28,T S,SL 3A,1166 km,46 km/hr,8896
08896,Madhupur - NSCB Itwari Special Fare Shravani Mela Special,Exp,SECR,2-Aug,30-Aug,MDP,9:00,NITR,11:50,26h 50m,29,S W,SL 3A,1169 km,44 km/hr,8895
01464,Thiruvananthapuram North (Kochuveli) - Mumbai LTT Special Fare Onam Special,Exp,CR,29-Aug,29-Aug,TVCN,14:00,LTT,0:55,34h 55m,37,S,SL 3A 2A,1503 km,43 km/hr,1463
06580,Thiruvananthapuram North - Bengaluru Cant. Special Fare Onam Special,Exp,SWR,29-Aug,29-Aug,TVCN,12:40,BNC,5:15,16h 35m,21,S,SL 3A 2A,818 km,49 km/hr,6579
07197,Charlapalli - Kottayam Special Fare Onam Special,Exp,SCR,16-Aug,30-Aug,CHZ,7:15,KTYM,12:25,29h 10m,19,S,SL 3A 2A,1380 km,47 km/hr,7198
09061,Valsad - Velankanni Special Fare Special,Exp,WR,6-Sep,6-Sep,BL,19:40,VLNK,10:05,38h 25m,29,S,SL 3A 2A,1759 km,46 km/hr,9062
06556,Thiruvananthapuram North (Kochuveli) - SMVT Bengaluru Special Fare Special,Exp,SWR,,27-Sep,TVCN,14:15,SMVB,8:15,18h 0m,20,S,SL 3A 2A,813 km,45 km/hr,6555
06555,SMVT Bengaluru - Thiruvananthapuram North (Kochuveli) Special Fare Special,Exp,SWR,4-Apr,25-Sep,SMVB,22:00,TVCN,14:00,16h 0m,20,F,SL 3A 2A,813 km,51 km/hr,6556
07038,Srikakulam Road - Charlapalli Special Fare Special,Exp,SCR,26-Aug,26-Aug,CHE,13:30,CHZ,8:30,19h 0m,14,W,SL 3A 2A,781 km,41 km/hr,7037
06038,Velankanni - Tambaram Special Fare Special (PT),Exp,SR,26-Aug,9-Sep,VLNK,0:45,TBM,7:30,6h 45m,9,W,SL,324 km,48 km/hr,6037
06037,Tambaram - Velankanni Special Fare Special (PT),Exp,SR,24-Aug,7-Sep,TBM,23:50,VLNK,7:45,7h 55m,9,M,SL,324 km,41 km/hr,6038
02418,Dadri - Prayagraj Special Fare Summer Special,Exp,NCR,3-May,1-Dec,DER,22:15,PRYJ,9:00,10h 45m,12,S M T W T F S,SL 3A 2A 1A,593 km,55 km/hr,2417
02417,Prayagraj - Dadri Special Fare Summer SF Special,SF,NCR,2-May,30-Nov,PRYJ,21:00,DER,7:15,10h 15m,12,S M T W T F S,SL 3A 2A 1A,593 km,58 km/hr,2418
04688,Badgam - SMVD Katra Special,DEMU,NR,5-Apr,17-Oct,BDGM,7:20,SVDK,13:00,5h 40m,12,M T W T F S,EV,200 km,35 km/hr,4687
04687,SMVD Katra - Badgam Special,DEMU,NR,5-Apr,17-Oct,SVDK,13:45,BDGM,20:00,6h 15m,12,M T W T F S,EV,200 km,32 km/hr,4688
06116,Velankanni - Thiruvananthapuram North Special Fare Special (PT),Exp,SR,30-Aug,6-Sep,VLNK,19:30,TVCN,7:30,12h 0m,16,S,SL 3A,601 km,50 km/hr,6115
04013,Laukaha Bazar - Anand Vihar Terminal Special Fare Special,Exp,NR,21-Jul,16-Sep,LKQ,21:30,ANVT,3:40,30h 10m,19,S M T W T F S,SL 3A 2A,1167 km,39 km/hr,4014
04014,Anand Vihar Terminal - Laukaha Bazar Special Fare Special,Exp,NR,20-Jul,15-Sep,ANVT,15:40,LKQ,20:15,28h 35m,19,S M T W T F S,SL 3A 2A,1167 km,41 km/hr,4013
09526,Naharlagun - Hapa Special Fare Special,Exp,WR,11-Jan,19-Sep,NHLN,9:40,HAPA,0:30,62h 50m,47,S,2S SL 3A 2A,3187 km,51 km/hr,9525
09525,Hapa - Naharlagun Special Fare Special,Exp,WR,8-Jan,16-Sep,HAPA,0:40,NHLN,16:00,63h 20m,47,W,2S SL 3A 2A,3187 km,50 km/hr,9526
04864,Ramdevra - Bhagat ki Kothi Mela Special (UnReserved),Exp,NWR,11-Sep,25-Sep,RDRA,11:00,BGKT,15:00,4h 0m,9,S M T W T F S,,187 km,47 km/hr,4863
04863,Bhagat ki Kothi - Ramdevra Mela Special (UnReserved),Exp,NWR,11-Sep,25-Sep,BGKT,6:15,RDRA,10:30,4h 15m,9,S M T W T F S,,187 km,44 km/hr,4864
04862,Ramdevra - Bhagat ki Kothi Special (UnReserved),Exp,NWR,28-Aug,25-Sep,RDRA,14:00,BGKT,17:30,3h 30m,8,S M T W T F S,,187 km,53 km/hr,4861
04861,Bhagat ki Kothi - Ramdevra Special (UnReserved),Exp,NWR,28-Aug,25-Sep,BGKT,9:10,RDRA,13:00,3h 50m,8,S M T W T F S,,187 km,49 km/hr,4862
04155,Subedarganj - Udhna Special Fare Special,Exp,NCR,9-Mar,17-Sep,SFG,11:40,UDN,13:15,25h 35m,14,M T,SL 3A,1430 km,56 km/hr,4156
04156,Udhna - Subedarganj Special Fare Special,Exp,NCR,10-Mar,18-Sep,UDN,16:15,SFG,21:00,28h 45m,14,T F,SL 3A,1430 km,50 km/hr,4155
04119,Subedarganj - Valsad Special Fare Special,Exp,NCR,30-May,26-Sep,SFG,5:00,BL,9:40,28h 40m,11,S,SL 3A,1501 km,52 km/hr,4120
04120,Valsad - Subedarganj Special Fare Special,Exp,NCR,31-May,27-Sep,BL,14:05,SFG,19:00,28h 55m,11,S,SL 3A,1501 km,52 km/hr,4119
02200,Bandra Terminus - VGL Jhansi Special Fare SF Special,SF,NCR,7-Mar,26-Sep,BDTS,5:10,VGLJ,5:00,23h 50m,19,S,SL 3A 2A 3E,1319 km,55 km/hr,2199
03234,Danapur - Bhagalpur Shravani Mela Special (UnReserved),Exp,ECR,8-Aug,28-Aug,DNR,15:30,BGP,22:00,6h 30m,19,S M T W T F S,,231 km,36 km/hr,3233
03233,Bhagalpur - Danapur Shravani Mela Special (UnReserved),Exp,ECR,9-Aug,29-Aug,BGP,1:00,DNR,8:00,7h 0m,19,S M T W T F S,,231 km,33 km/hr,3234
06127,MGR Chennai Central - Mangaluru Jn. Special Fare Onam Special (PT),Exp,SR,21-Aug,28-Aug,MAS,23:50,MAJN,17:00,17h 10m,19,F,SL 3A 2A,891 km,52 km/hr,6128
01909,Asarva - Agra Cantt. Special Fare Special,Exp,NCR,9-Jun,29-Sep,ASV,15:00,AGC,7:45,16h 45m,16,T,SL 3A 2A,892 km,53 km/hr,1910
01910,Agra Cantt. - Asarva Special Fare Special,Exp,NCR,8-Jun,28-Sep,AGC,18:10,ASV,11:10,17h 0m,16,M,SL 3A 2A,892 km,52 km/hr,1909
01906,Asarva - Kanpur Central Special Fare Special,Exp,NCR,7-Apr,29-Sep,ASV,8:55,CNB,7:00,22h 5m,20,T,SL 3A 2A,1148 km,52 km/hr,1905
01905,Kanpur Central - Asarva Special Fare Special,Exp,NCR,6-Apr,28-Sep,CNB,8:15,ASV,5:45,21h 30m,21,M,SL 3A 2A,1148 km,53 km/hr,1906
06128,Mangaluru Jn. - MGR Chennai Central Special Fare Onam Special,Exp,SR,22-Aug,29-Aug,MAJN,19:15,MAS,11:35,16h 20m,19,S,SL 3A 2A,891 km,55 km/hr,6127
04866,Ramdevra - Bhagat Ki Kothi Mela Special (UnReserved),Exp,NWR,11-Sep,25-Sep,RDRA,22:00,BGKT,2:00,4h 0m,9,S M T W T F S,,187 km,47 km/hr,4865
04865,Bhagat Ki Kothi - Ramdevra Mela Special (UnReserved),Exp,NWR,11-Sep,25-Sep,BGKT,16:00,RDRA,21:20,5h 20m,9,S M T W T F S,,187 km,35 km/hr,4866
05073,KSR Bengaluru - Lal Kuan Special Fare Special,Exp,NER,,15-Sep,SBC,7:15,LKU,9:05,49h 50m,40,T,SL 3E,2634 km,53 km/hr,5074
05074,Lal Kuan - KSR Bengaluru Special Fare Special,Exp,NER,,12-Sep,LKU,17:45,SBC,15:25,45h 40m,40,S,SL 3E,2634 km,58 km/hr,5073
09420,Tiruchchirappalli - Ahmedabad Special Fare Special,Exp,WR,,20-Sep,TPJ,5:45,ADI,21:15,39h 30m,26,S,SL 3A 2A,2059 km,52 km/hr,9419
09419,Ahmedabad - Tiruchchirappalli Special Fare Special,Exp,WR,,17-Sep,ADI,9:30,TPJ,3:35,42h 5m,32,T,SL 3A 2A,2124 km,50 km/hr,9420
01139,Nagpur - Madgaon Special Fare Special,Exp,KR,19-Aug,23-Sep,NGP,23:45,MAO,5:30,29h 45m,24,W,SL 3A,1330 km,45 km/hr,1140
01140,Madgaon - Nagpur Special Fare Special,Exp,KR,18-Aug,22-Sep,MAO,19:00,NGP,21:25,26h 25m,24,T,SL 3A,1330 km,50 km/hr,1139
01004,Madgaon - Mumbai LTT Special Fare Ganpati Special,Exp,KR,23-Aug,27-Sep,MAO,16:00,LTT,6:05,14h 5m,21,S,SL 3A,564 km,40 km/hr,1003
01003,Mumbai LTT - Madgaon Special Fare Ganpati Special,Exp,KR,24-Aug,28-Sep,LTT,7:50,MAO,23:45,15h 55m,22,M,SL 3A,564 km,35 km/hr,1004
01702,Hazrat Nizamuddin - Jabalpur Special Fare Rakshabandhan Special,Exp,WCR,30-Aug,30-Aug,NZM,15:45,JBP,9:30,17h 45m,9,S,SL 3A 2A,904 km,51 km/hr,1701
01701,Jabalpur - Hazrat Nizamuddin Special Fare Rakshabandhan Special,Exp,WCR,29-Aug,29-Aug,JBP,20:20,NZM,14:25,18h 5m,9,S,SL 3A 2A,904 km,50 km/hr,1702
06120,Kollam - MGR Chennai Central Special Fare AC Festival Special (PT),ACExp,SR,13-Aug,3-Sep,QLN,10:40,MAS,3:30,16h 50m,20,T,3E,841 km,50 km/hr,6119
06119,MGR Chennai Central - Kollam Special Fare AC Festival Special (PT),ACExp,SR,12-Aug,2-Sep,MAS,15:10,QLN,7:20,16h 10m,19,W,3E,841 km,52 km/hr,6120
08312,Ernakulam Jn. - Sambalpur Special Fare Special (PT),Exp,ECoR,3-Jul,4-Sep,ERS,8:40,SBP,23:15,38h 35m,34,F,SL 3A 2A 1A,1983 km,51 km/hr,8311
07126,Velankanni - Charlapalli Special Fare Festival Special,Exp,SCR,29-Aug,5-Sep,VLNK,19:30,CHZ,22:00,26h 30m,18,S,SL 3A 2A,1115 km,42 km/hr,7125
07125,Charlapalli - Velankanni Special Fare Festival Special,Exp,SCR,28-Aug,4-Sep,CHZ,7:40,VLNK,9:10,25h 30m,18,F,SL 3A 2A,1115 km,44 km/hr,7126
03654,Gaya - Madhupur Shravani Mela MEMU Special,MEMU,ECR,2-Aug,29-Aug,GAYA,17:00,MDP,2:20,9h 20m,47,S M T W T F S,,256 km,27 km/hr,3653
03653,Madhupur - Gaya Shravani Mela MEMU Special,MEMU,ECR,3-Aug,28-Aug,MDP,2:50,GAYA,12:00,9h 10m,47,S M T W T F S,,256 km,28 km/hr,3654
03216,Patliputra - Purnia Court Special Fare Special,Exp,ECR,17-Aug,15-Sep,PPTA,23:00,PRNC,8:30,9h 30m,14,S M T T F,SL 3A 2A,357 km,38 km/hr,3215
09029,Ratnagiri - Valsad Special Fare Ganapati Special,Exp,WR,8-Sep,15-Sep,RN,3:10,BL,16:15,13h 5m,15,T,SL 3A,490 km,37 km/hr,9030
09030,Valsad - Ratnagiri Special Fare Ganapati Special,Exp,WR,7-Sep,14-Sep,BL,14:50,RN,2:30,11h 40m,15,M,SL 3A,490 km,42 km/hr,9029
09021,Ratnagiri - Udhna Special Fare Ganpati Special,Exp,WR,10-Sep,24-Sep,RN,21:00,UDN,10:20,13h 20m,14,T,SL 3A,555 km,42 km/hr,9022
09022,Udhna - Ratnagiri Special Fare Ganpati Special,Exp,WR,10-Sep,24-Sep,UDN,8:05,RN,20:00,11h 55m,14,T,SL 3A,555 km,47 km/hr,9021
09123,Ratnagiri - Vishvamitri (Vadodara) Special Fare Ganpati Special,Exp,WR,7-Sep,21-Sep,RN,21:00,VS,11:45,14h 45m,16,M,SL 3A,686 km,47 km/hr,9124
09124,Vishvamitri (Vadodara) - Ratnagiri Special Fare Ganpati Special,Exp,WR,7-Sep,21-Sep,VS,5:55,RN,20:00,14h 5m,16,M,SL 3A,686 km,49 km/hr,9123
09109,Ratnagiri - Vishvamitri (Vadodara) Special Fare Ganpati Special,Exp,WR,10-Sep,24-Sep,RN,1:30,VS,17:30,16h 0m,18,S T,SL 3A,686 km,43 km/hr,9110
09110,Vishvamitri (Vadodara) - Ratnagiri Special Fare Ganpati Special,Exp,WR,9-Sep,23-Sep,VS,10:00,RN,0:30,14h 30m,18,W S,SL 3A,686 km,47 km/hr,9109
09113,Ratnagiri - Vadodara Special Fare Ganpati Special,Exp,WR,9-Sep,23-Sep,RN,1:30,BRC,17:30,16h 0m,18,W,SL 3A 2A 1A 3E,689 km,43 km/hr,9114
09114,Vadodara - Ratnagiri Special Fare Ganpati Special,Exp,WR,8-Sep,22-Sep,BRC,11:15,RN,0:30,13h 15m,18,T,SL 3A 2A 1A 3E,689 km,52 km/hr,9113
09036,Ratnagiri - Bandra Terminus Ganpati Special (UnReserved),Exp,WR,11-Sep,25-Sep,RN,1:30,BDTS,12:30,11h 0m,13,F,,379 km,34 km/hr,9035
09035,Bandra Terminus - Ratnagiri Ganpati Special (UnReserved),Exp,WR,10-Sep,24-Sep,BDTS,14:20,RN,0:30,10h 10m,13,T,,379 km,37 km/hr,9036
09020,Sawantwadi Road - Mumbai Central Special Fare Ganapati Special,Exp,WR,10-Sep,24-Sep,SWV,4:50,MMCT,20:10,15h 20m,24,S M T S,SL 3A,551 km,36 km/hr,9019
09019,Mumbai Central - Sawantwadi Road Special Fare Ganapati Special,Exp,WR,9-Sep,23-Sep,MMCT,10:45,SWV,2:30,15h 45m,24,S W F S,SL 3A,551 km,35 km/hr,9020
09013,Mumbai Central - Thokur Special Fare Ganapati Special,Exp,WR,8-Sep,15-Sep,MMCT,10:45,TOK,8:50,22h 5m,30,T,SL 3A,923 km,42 km/hr,9014
09014,Thokur - Mumbai Central Ganapati Special Fare Special,Exp,WR,9-Sep,16-Sep,TOK,11:00,MMCT,7:40,20h 40m,30,W,SL 3A,923 km,45 km/hr,9013
05061,Achhnera - Tanakpur Special Fare Special,Exp,NER,3-Jul,30-Aug,AH,15:30,TPU,23:45,8h 15m,14,S M T T F,2S CC,363 km,44 km/hr,5062
05062,Tanakpur - Achhnera Special Fare Special,Exp,NER,3-Jul,30-Aug,TPU,4:10,AH,12:20,8h 10m,14,S M T T F,2S CC,363 km,45 km/hr,5061
01024,SCSMT Kolhapur - Pune Special Fare Special,Exp,CR,,19-Oct,KOP,23:30,PUNE,7:05,7h 35m,20,S M T W T F S,SL 3A 2A,326 km,43 km/hr,1023
03572,Gorakhpur - Asansol Shravani Mela Special (UnReserved),Exp,ER,19-Aug,26-Aug,GKP,5:15,ASN,21:00,15h 45m,20,W,,574 km,36 km/hr,3571
08510,Visakhapatnam - Tirupati Special Fare Special (PT),Exp,SCoR,17-Aug,11-Sep,VSKP,19:40,TPTY,18:45,23h 5m,18,M F,SL 3A 2A 1A,1103 km,48 km/hr,8509
08509,Tirupati - Visakhapatnam Special Fare Special (PT),Exp,SCoR,16-Aug,10-Sep,TPTY,9:50,VSKP,6:30,20h 40m,18,S T,SL 3A 2A 1A,1103 km,53 km/hr,8510
04742,Pokaran - Shri Gangangar Mela Special (UnReserved),Exp,NWR,12-Sep,26-Sep,POK,20:45,SGNR,7:50,11h 5m,15,S M T W T F S,,531 km,48 km/hr,4741
09062,Velankanni - Dahanu Road Special Fare Special,Exp,WR,9-Sep,9-Sep,VLNK,15:10,DRD,5:30,38h 20m,27,T,SL 3A 2A,1684 km,44 km/hr,9061
04741,Shri Ganganagar - Pokaran Mela Special (UnReserved),Exp,NWR,12-Sep,26-Sep,SGNR,10:15,POK,19:50,9h 35m,15,S M T W T F S,,531 km,55 km/hr,4742
05014,Gonda - Mankapur Mela Special,DEMU,NER,15-Aug,28-Aug,GD,15:15,MUR,16:20,1h 5m,3,S M T W T F S,,28 km,26 km/hr,5013
05012,Gonda - Ayodhya Cantt Mela Special,DEMU,NER,15-Aug,27-Aug,GD,21:40,AYC,0:10,2h 30m,9,S M T W T S,,73 km,29 km/hr,5011
05011,Ayodhya Cantt - Gonda Mela Special,DEMU,NER,16-Aug,28-Aug,AYC,0:30,GD,3:30,3h 0m,9,S M T W T F,,73 km,24 km/hr,5012
05546,Deoghar - Raxaul Special Fare Shravani Mela Special,Exp,ECR,31-Jul,30-Aug,DGHR,17:50,RXL,11:40,17h 50m,61,S T F,SL,495 km,28 km/hr,5545
05545,Raxaul - Deoghar Special Fare Shravani Mela Special,Exp,ECR,31-Jul,30-Aug,RXL,0:30,DGHR,17:05,16h 35m,60,S T F,SL,495 km,30 km/hr,5546
01134,Chiplun - Diva MEMU Express Ganpati Special (UnReserved),Exp,CR,12-Sep,27-Sep,CHI,7:30,DIVA,13:00,5h 30m,26,S M T W T F S,,228 km,42 km/hr,1133
01133,Diva - Chiplun MEMU Express Special (UnReserved),Exp,CR,11-Sep,26-Sep,DIVA,13:40,CHI,21:30,7h 50m,26,S M T W T F S,,228 km,29 km/hr,1134
02190,Rewa - Bhopal SF Special Fare Rakshabandhan Special,SF,WCR,27-Aug,27-Aug,REWA,12:30,BPL,21:00,8h 30m,7,T,SL 3A 2A,549 km,65 km/hr,2189
06182,Jaipur - Coimbatore Special Fare AC Special,ACExp,SR,16-Aug,6-Sep,JP,22:05,CBE,8:30,58h 25m,43,S,3E,3007 km,51 km/hr,6181
01162,Velankanni - Mumbai LTT Festival Special Fare Special,Exp,CR,28-Aug,9-Sep,VLNK,5:15,LTT,16:40,35h 25m,24,W F,SL 3A 2A,1600 km,45 km/hr,1161
01161,Mumbai LTT - Velankanni Festival Special Fare Special,Exp,CR,26-Aug,7-Sep,LTT,11:50,VLNK,2:00,38h 10m,25,M W,SL 3A 2A,1600 km,42 km/hr,1162
07195,Charlapalli - Kollam Special Fare Onam Special,Exp,SCR,14-Aug,4-Sep,CHZ,7:15,QLN,14:00,30h 45m,26,F,SL 3A 2A,1476 km,48 km/hr,7196
07196,Kollam - Charlapalli Special Fare Onam Special,Exp,SCR,15-Aug,5-Sep,QLN,17:20,CHZ,0:30,31h 10m,26,S,SL 3A 2A,1476 km,47 km/hr,7195
02179,Bhopal - Rewa SF Special Fare Rakshabandhan Special,SF,WCR,31-Aug,31-Aug,BPL,22:25,REWA,7:20,8h 55m,7,M,SL 3A 2A 3E,549 km,62 km/hr,2180
02878,Anand Vihar Terminal - Ranchi Special Fare Special,Exp,SER,9-Aug,27-Sep,ANVT,19:30,RNC,18:35,23h 5m,18,S,SL 3A 2A 1A,1236 km,54 km/hr,2877
09050,Bhusaval - Dadar Western Special Fare Special,Exp,WR,5-Jul,25-Sep,BSL,17:40,DDR,5:15,11h 35m,18,F,SL 3A 2A 1A,581 km,50 km/hr,9049
02877,Ranchi - Anand Vihar Terminal Special Fare Special (PT),Exp,SER,8-Aug,26-Sep,RNC,17:40,ANVT,18:00,24h 20m,18,S,SL 3A 2A 1A,1236 km,51 km/hr,2878
02180,Rewa - Bhopal Special Fare SF Rakshabandhan Special,SF,WCR,30-Aug,30-Aug,REWA,18:35,BPL,4:30,9h 55m,7,S,SL 3A 2A 3E,549 km,55 km/hr,2179
07076,Gorakhpur - Hyderabad Special Fare Special,Exp,SCR,17-Dec,27-Sep,GKP,8:30,HYB,17:25,32h 55m,20,S,SL 3A 2A,1832 km,56 km/hr,7075
07075,Hyderabad - Gorakhpur Special Fare Special,Exp,SCR,15-Dec,25-Sep,HYB,21:00,GKP,6:30,33h 30m,20,F,SL 3A 2A,1832 km,55 km/hr,7076
03269,Jasidih - Ara Shravani Mela MEMU Special,MEMU,ECR,9-Aug,30-Aug,JSME,12:30,ARA,23:45,11h 15m,77,S,,270 km,24 km/hr,3270
03270,Ara - Jasidih Shravani Mela MEMU Special,MEMU,ECR,9-Aug,30-Aug,ARA,0:15,JSME,12:10,11h 55m,77,S,,270 km,23 km/hr,3269
09060,Velankanni - Bandra Terminus Special Fare Festival Special,Exp,WR,30-Aug,4-Sep,VLNK,0:45,BDTS,15:00,38h 15m,27,S F,SL 3A 2A,1648 km,43 km/hr,9059
04071,Supaul - New Delhi Special Fare Special,Exp,NR,8-Aug,2-Oct,SOU,7:45,NDLS,15:00,31h 15m,21,S M T W T F S,SL 3A,1243 km,40 km/hr,4072
09059,Bandra Terminus - Velankanni Special Fare Festival Special,Exp,WR,27-Aug,1-Sep,BDTS,21:30,VLNK,10:05,36h 35m,27,T T,SL 3A 2A,1648 km,45 km/hr,9060
06181,Coimbatore - Jaipur Special Fare AC Special (PT),ACExp,SR,13-Aug,3-Sep,CBE,2:30,JP,13:25,58h 55m,42,T,3E,3007 km,51 km/hr,6182
04330,Haridwar - Lucknow Rakshabandhan Special (UnReserved),Exp,NR,27-Aug,29-Aug,HW,15:10,LKO,0:10,9h 0m,8,T F S,,493 km,55 km/hr,4329
04329,Lucknow - Haridwar Rakshabandhan Special (UnReserved),Exp,NR,28-Aug,30-Aug,LKO,1:15,HW,11:55,10h 40m,8,S F S,,493 km,46 km/hr,4330
02154,Rewa - Bhopal Special Fare SF Rakshabandan One Way Special,SF,WCR,29-Aug,29-Aug,REWA,18:35,BPL,4:30,9h 55m,7,S,SL 3A 2A 1A,549 km,55 km/hr,02191XxX
04796,Gogameri - Rewari Mela Special (UnReserved),Exp,NWR,30-Aug,9-Sep,GAMI,23:40,RE,5:15,5h 35m,3,S M T W T F S,,219 km,39 km/hr,4795
04795,Rewari - Gogameri Mela Special (UnReserved),Exp,NWR,30-Aug,9-Sep,RE,18:10,GAMI,23:10,5h 0m,3,S M T W T F S,,219 km,44 km/hr,4796
04710,Gogameri - Sadulpur Mela Special (UnReserved),Exp,NWR,29-Aug,26-Sep,GAMI,4:20,SDLP,6:20,2h 0m,0,S M T W T F S,,78 km,39 km/hr,4709
04709,Sadulpur - Gogameri Mela Special (UnReserved),Exp,NWR,29-Aug,26-Sep,SDLP,0:10,GAMI,3:10,3h 0m,0,S M T W T F S,,78 km,26 km/hr,4710
04744,Sadulpur - Hanumangarh Mela Special,Exp,NWR,3-Sep,6-Sep,SDLP,16:25,HMH,20:50,4h 25m,7,S T F S,SL,178 km,40 km/hr,4743
04743,Hanumangarh - Sadulpur Mela Special,Exp,NWR,3-Sep,6-Sep,HMH,10:00,SDLP,13:50,3h 50m,7,S T F S,SL,178 km,47 km/hr,4744
04792,Gogameri - Rewari Mela Special (UnReserved),Exp,NWR,31-Aug,9-Sep,GAMI,10:45,RE,16:50,6h 5m,3,S M T W T F S,,219 km,36 km/hr,4791
04791,Rewari - Gogameri Mela Special (UnReserved),Exp,NWR,31-Aug,9-Sep,RE,6:15,GAMI,10:15,4h 0m,3,S M T W T F S,,219 km,55 km/hr,4792
04707,Sadulpur - Gogameri Mela Special (UnReserved),Exp,NWR,28-Aug,26-Sep,SDLP,11:35,GAMI,13:20,1h 45m,0,S M T W T F S,,78 km,45 km/hr,4708
02189,Bhopal - Rewa SF Special Fare Rakshabandhan Special,SF,WCR,26-Aug,27-Aug,BPL,22:25,REWA,7:20,8h 55m,7,W T,SL 3A 2A,549 km,62 km/hr,2190
02156,Rewa - Bhopal Special Fare Rakshabandhan SF Special,SF,WCR,26-Aug,26-Aug,REWA,18:35,BPL,4:30,9h 55m,7,W,SL 3A 2A 1A,549 km,55 km/hr,2155
03508,Jasidih - Deoghar Shravani Mela MEMU Special,MEMU,ER,29-Jul,30-Aug,JSME,23:30,DGHR,23:45,0h 15m,0,S M T W T F S,,6 km,26 km/hr,3507
03509,Dumka - Jasidih Shravani Mela MEMU Special,MEMU,ER,29-Jul,30-Aug,DUMK,10:45,JSME,12:30,1h 45m,9,S M T W T F S,,71 km,41 km/hr,3510
03510,Jasidih - Dumka Shravani Mela MEMU Special,MEMU,ER,29-Jul,30-Aug,JSME,8:45,DUMK,10:30,1h 45m,9,S M T W T F S,,71 km,41 km/hr,3509
03507,Deoghar - Jasidih Shravani Mela MEMU Special,MEMU,ER,29-Jul,30-Aug,DGHR,8:15,JSME,8:30,0h 15m,0,S M T W T F S,,6 km,26 km/hr,3508
03412,Bhagalpur - Deoghar Shravani Mela Special (UnReserved),Exp,ER,3-Aug,30-Aug,BGP,17:30,DGHR,21:30,4h 0m,7,S M T S,,108 km,27 km/hr,3411
03411,Deoghar - Bhagalpur Shravani Mela Special (UnReserved),Exp,ER,3-Aug,30-Aug,DGHR,22:20,BGP,2:10,3h 50m,7,S M T S,,108 km,28 km/hr,3412
09323,Khadki (Pune) - Indore Special Fare Special,SF,WR,5-Mar,27-Aug,KK,4:40,INDB,23:55,19h 15m,13,T,SL 3A 2A,960 km,50 km/hr,9324
09324,Indore - Khadki (Pune) Special Fare Special (PT),Exp,WR,,26-Aug,INDB,11:15,KK,2:50,15h 35m,13,W,SL 3A 2A,960 km,62 km/hr,9323
03556,Patna - Madhupur Shravani Mela MEMU Express Special (UnReserved),Exp,ER,2-Aug,29-Aug,PNBE,4:30,MDP,12:15,7h 45m,18,S M T W T F S,,250 km,32 km/hr,3555
03555,Madhupur - Patna Shravani Mela MEMU Express Special (UnReserved),Exp,ER,2-Aug,29-Aug,MDP,20:30,PNBE,4:05,7h 35m,18,S M T W T F S,,250 km,33 km/hr,3556
01186,Madgaon - Mumbai LTT Special Fare Ganpati Special,Exp,CR,16-Sep,23-Sep,MAO,16:30,LTT,7:10,14h 40m,20,W,SL 3A 2A 1A,564 km,38 km/hr,1185
07366,Velankanni - Vasco Da Gama Special Fare Special (PT),Exp,SWR,9-Sep,9-Sep,VLNK,1:00,VSG,3:00,26h 0m,22,W,SL 3A,1225 km,47 km/hr,7365
07365,Vasco Da Gama - Velankanni Special Fare Special,Exp,SWR,6-Sep,6-Sep,VSG,21:55,VLNK,3:45,29h 50m,22,S,SL 3A,1225 km,41 km/hr,7366
07362,Velankanni - Vasco Da Gama Special Fare Special,Exp,SWR,29-Aug,3-Sep,VLNK,23:55,VSG,3:00,27h 5m,23,T S,SL 3A,1225 km,45 km/hr,7361
07361,Vasco Da Gama - Velankanni Special Fare Special,Exp,SWR,27-Aug,1-Sep,VSG,21:55,VLNK,3:45,29h 50m,23,T T,SL 3A,1225 km,41 km/hr,7362
06017,Tambaram - Tuticorin Special Fare Summer Special (PT),Exp,SR,21-Apr,1-Sep,TBM,15:40,TN,4:30,12h 50m,19,T,SL 3A 2A,692 km,54 km/hr,6018
06018,Tuticorin - Tambaram Special Fare Summer Special,Exp,SR,20-Apr,31-Aug,TN,23:30,TBM,12:30,13h 0m,19,M,SL 3A 2A,692 km,53 km/hr,6017
09186,Kanpur Anwarganj - Mumbai Central Special Fare SF Summer Special,SF,WR,6-Apr,31-Aug,CPA,18:25,MMCT,22:30,28h 5m,15,M,SL 3A 2A,1594 km,57 km/hr,9185
03528,Gorakhpur - Asansol Shravani Mela Special (UnReserved),Exp,ER,30-Jul,30-Aug,GKP,16:15,ASN,8:20,16h 5m,17,S M T W T F S,,574 km,36 km/hr,3527
03527,Asansol - Gorakhpur Shravani Mela Special (UnReserved),Exp,ER,29-Jul,29-Aug,ASN,21:00,GKP,11:00,14h 0m,17,S M T W T F S,,574 km,41 km/hr,3528
05576,Anand Vihar Terminal - Saharsa Special Fare Summer Special,Exp,ECR,30-Apr,27-Aug,ANVT,5:15,SHC,10:30,29h 15m,24,T,SL 3E,1189 km,41 km/hr,5575
05580,Anand Vihar Terminal - Purnia Court Special Fare Summer Special,Exp,ECR,28-Apr,1-Sep,ANVT,5:15,PRNC,11:30,30h 15m,28,S T,SL 3E,1283 km,42 km/hr,5579
05579,Purnia Court - Anand Vihar Terminal Special Fare Summer Special,Exp,ECR,26-Apr,30-Aug,PRNC,19:00,ANVT,1:05,30h 5m,28,S F,SL 3E,1283 km,43 km/hr,5580
02569,Darbhanga - New Delhi Special Fare Clone Special,SF,ECR,21-Sep,31-Aug,DBG,6:30,NDLS,4:30,22h 0m,9,S M T W T F S,SL 3A 3E,1168 km,53 km/hr,2570
09307,Ujjain - Bhopal Shravan Special (UnReserved),Exp,WR,28-Jul,8-Sep,UJN,21:00,BPL,2:20,5h 20m,9,S M T W T F S,,183 km,34 km/hr,9308
03640,Shakur Basti - Dhanbad Special Fare Special,Exp,ECR,7-Mar,1-Sep,SSB,21:10,DHN,23:45,26h 35m,13,T S,SL 3A 3E,1195 km,45 km/hr,3639
03639,Dhanbad - Shakur Basti Special Fare Special,Exp,ECR,6-Mar,31-Aug,DHN,18:30,SSB,18:10,23h 40m,13,M F,SL 3A 3E,1195 km,50 km/hr,3640
07353,SSS Hubballi - Kottayam Special Fare Onam Special,Exp,SWR,29-Aug,29-Aug,UBL,15:15,KTYM,16:15,25h 0m,16,S,SL 3A 2A,1136 km,45 km/hr,7354
07352,Kottayam - SSS Hubballi Special Fare Onam Special,Exp,SWR,26-Aug,26-Aug,KTYM,22:30,UBL,20:00,21h 30m,16,W,SL 3A 2A,1136 km,53 km/hr,7351
07354,Kottayam - SSS Hubballi Special Fare Onam Special,Exp,SWR,30-Aug,30-Aug,KTYM,22:30,UBL,20:05,21h 35m,16,S,SL 3A 2A,1136 km,53 km/hr,7353
07428,Nagarsol - Tirupati Special Fare Special,Exp,SCR,26-Aug,26-Aug,NSL,14:30,TPTY,18:45,28h 15m,24,W,SL 3A 2A,1328 km,47 km/hr,7427
01167,Mumbai LTT - Ratnagiri Special Fare Ganpati Special,Exp,CR,12-Sep,26-Sep,LTT,21:00,RN,5:00,8h 0m,11,S T W T S,SL 3A,328 km,41 km/hr,1168
03553,Dumka - Mohanpur Shravani Mela MEMU Special,MEMU,ER,29-Jul,29-Aug,DUMK,19:45,MHUR,21:10,1h 25m,7,S M T W T F S,,55 km,39 km/hr,3554
03554,Jasidih - Dumka Shravani Mela MEMU Special,MEMU,ER,29-Jul,29-Aug,JSME,17:25,DUMK,19:15,1h 50m,9,S M T W T F S,,71 km,39 km/hr,3553
01156,Khed - Diva Ganapati Special MEMU,MEMU,CR,11-Sep,27-Sep,KHED,16:00,DIVA,22:50,6h 50m,24,S M T W T F S,,199 km,29 km/hr,1155
01155,Diva - Khed Ganapati Special MEMU,MEMU,CR,11-Sep,27-Sep,DIVA,7:15,KHED,14:35,7h 20m,24,S M T W T F S,,199 km,27 km/hr,1156
01172,Sawantwadi Road - Mumbai LTT Special Fare Ganpati Special,Exp,CR,11-Sep,27-Sep,SWV,22:35,LTT,11:25,12h 50m,21,S M T W T F S,SL 3A,488 km,38 km/hr,1171
01165,Mumbai LTT - Madgaon Special Fare AC Ganpati Special,ACExp,CR,15-Sep,22-Sep,LTT,0:45,MAO,14:30,13h 45m,20,T,3A 2A 1A,564 km,41 km/hr,1166
01166,Madgaon - Mumbai LTT Special Fare AC Ganpati Special,ACExp,CR,15-Sep,22-Sep,MAO,16:30,LTT,7:10,14h 40m,20,T,3A 2A 1A,564 km,38 km/hr,1165
01152,Sawantwadi Road - Mumbai CSMT Special Fare Ganpati Special,Exp,CR,11-Sep,27-Sep,SWV,15:35,CSMT,4:35,13h 0m,22,S M T W T F S,SL 3A,505 km,39 km/hr,1151
01151,Mumbai CSMT - Sawantwadi Road Special Fare Ganpati Special,Exp,CR,11-Sep,27-Sep,CSMT,0:25,SWV,14:20,13h 55m,22,S M T W T F S,SL 3A,505 km,36 km/hr,1152
03512,Patna - Asansol Shravani Mela Special (UnReserved),Exp,ER,30-Jul,30-Aug,PNBE,3:30,ASN,13:00,9h 30m,20,S M T W T F S,,331 km,35 km/hr,3511
03511,Asansol - Patna Shravani Mela Special (UnReserved),Exp,ER,29-Jul,29-Aug,ASN,17:00,PNBE,2:30,9h 30m,20,S M T W T F S,,331 km,35 km/hr,3512
04138,Barauni - Gwalior Special Fare Special,Exp,NCR,20-May,27-Sep,BJU,13:45,GWL,12:20,22h 35m,20,S W,2S SL 3A 2A,926 km,41 km/hr,4137
04137,Gwalior - Barauni Special Fare Special,Exp,NCR,19-May,26-Sep,GWL,14:15,BJU,12:15,22h 0m,20,T S,2S SL 3A 2A,926 km,42 km/hr,4138
03549,Mohanpur - Jasidih Shravani Mela MEMU Special,MEMU,ER,29-Jul,29-Aug,MHUR,7:25,JSME,7:55,0h 30m,1,S M T W T F S,,16 km,33 km/hr,
01171,Mumbai LTT - Sawantwadi Road Special Fare Ganpati Special,Exp,CR,11-Sep,27-Sep,LTT,8:20,SWV,21:00,12h 40m,21,S M T W T F S,SL 3A,488 km,39 km/hr,1172
04559,Haridwar - Bathinda Kanwar Mela Special,Exp,NR,30-Jul,30-Aug,HW,17:00,BTI,0:40,7h 40m,15,S M T W T F S,SL CC 3A,359 km,47 km/hr,4560
05735,Amritsar - Katihar Special Fare Summer Special,Exp,NFR,17-Jul,4-Sep,ASR,13:25,KIR,23:45,34h 20m,30,F,SL 3A 2A,1667 km,49 km/hr,5736
05736,Katihar - Amritsar Special Fare Summer Special,Exp,NFR,15-Jul,2-Sep,KIR,21:00,ASR,9:45,36h 45m,30,W,SL 3A 2A,1667 km,45 km/hr,5735
01185,Mumbai LTT - Madgaon Special Fare Ganpati Special,Exp,CR,16-Sep,23-Sep,LTT,0:45,MAO,14:30,13h 45m,20,W,SL 3A 2A 1A,564 km,41 km/hr,1186
09314,Sant Hirdaram Nagar - Ujjain Shravan Special (UnReserved),Exp,WR,29-Jul,9-Sep,SHRN,1:00,UJN,6:00,5h 0m,8,S M T W T F S,,173 km,35 km/hr,9313
09313,Ujjain - Sant Hirdaram Nagar Shravan Special (UnReserved),Exp,WR,28-Jul,8-Sep,UJN,16:00,SHRN,0:10,8h 10m,8,S M T W T F S,,173 km,21 km/hr,9314
09308,Bhopal - Ujjain Shravan Special (UnReserved),Exp,WR,29-Jul,9-Sep,BPL,3:10,UJN,8:00,4h 50m,9,S M T W T F S,,183 km,38 km/hr,9307
09306,Sant Hirdaram Nagar - Ujjain Shravan Special (UnReserved),Exp,WCR,28-Jul,8-Sep,SHRN,14:20,UJN,19:30,5h 10m,8,S M T W T F S,,173 km,34 km/hr,9305
09305,Ujjain - Sant Hirdaram Nagar Shravan Special (UnReserved),Exp,WR,28-Jul,8-Sep,UJN,9:00,SHRN,13:30,4h 30m,8,S M T W T F S,,173 km,39 km/hr,9306
01132,Sawantwadi Road - Mumbai LTT Special Fare Ganapati Special,Exp,CR,17-Sep,27-Sep,SWV,23:20,LTT,11:45,12h 25m,20,S T,SL 3A,488 km,39 km/hr,1131
01131,Mumbai LTT - Sawantwadi Road Special Fare Ganapati Special,Exp,CR,17-Sep,27-Sep,LTT,8:45,SWV,22:10,13h 25m,20,S T,SL 3A,488 km,36 km/hr,1132
01153,Mumbai CSMT - Ratnagiri Special Fare Ganpati Special,Exp,CR,11-Sep,26-Sep,CSMT,11:30,RN,20:25,8h 55m,15,S M T W T F S,SL 3A,344 km,39 km/hr,1154
01154,Ratnagiri - Mumbai CSMT Special Fare Ganpati Special,Exp,CR,12-Sep,27-Sep,RN,4:00,CSMT,13:30,9h 30m,15,S M T W T F S,SL 3A,344 km,36 km/hr,1153
01129,Mumbai LTT - Sawantwadi Road Special Fare Ganpati Special,Exp,CR,15-Sep,22-Sep,LTT,8:45,SWV,22:20,13h 35m,19,T,SL 3A,488 km,36 km/hr,1130
08645,Bhagalpur - Ranchi Special Fare Shravani Mela Special (via Barkakana),Exp,SER,28-Jul,12-Sep,BGP,9:10,RNC,21:40,12h 30m,12,T S,SL 3A,546 km,44 km/hr,8646
08646,Ranchi - Bhagalpur Special Fare Shravani Mela Special (via Barkakana),Exp,SER,27-Jul,11-Sep,RNC,17:30,BGP,6:30,13h 0m,12,M F,SL 3A,546 km,42 km/hr,8645
09184,Banaras - Mumbai Central Special Fare AC Special,ACExp,WR,22-May,2-Oct,BNRS,14:30,MMCT,4:20,37h 50m,24,F,3A 2A 1A 3E,1944 km,51 km/hr,9183
09183,Mumbai Central - Banaras Special Fare AC Special (PT),ACExp,WR,20-May,30-Sep,MMCT,22:30,BNRS,10:30,36h 0m,24,W,3A 2A 1A 3E,1944 km,54 km/hr,9184
09046,Madhubani - Udhna Special Fare Summer Special,Exp,WR,25-May,14-Sep,MBI,18:15,UDN,13:15,43h 0m,21,M,SL 3A,1793 km,42 km/hr,9045
09045,Udhna - Madhubani Special Fare Summer Special (PT),Exp,WR,24-May,13-Sep,UDN,1:30,MBI,16:15,38h 45m,21,S,SL 3A,1793 km,46 km/hr,9046
09152,Madhubani - Udhna Special Fare Special,Exp,WR,2-May,13-Sep,MBI,6:30,UDN,3:00,44h 30m,26,S F,SL 3A,2001 km,45 km/hr,9151
09151,Udhna - Madhubani Special Fare Special (PT),Exp,WR,1-May,11-Sep,UDN,8:35,MBI,4:30,43h 55m,26,W F,SL 3A,2001 km,46 km/hr,9152
09026,Danapur - Valsad Special Fare Special,Exp,WR,24-Feb,1-Sep,DNR,14:30,BL,21:30,31h 0m,14,T,SL 3A 2A,1649 km,53 km/hr,9025
09025,Valsad - Danapur Special Fare Special,Exp,WR,23-Feb,31-Aug,BL,8:40,DNR,12:00,27h 20m,14,M,SL 3A 2A,1649 km,60 km/hr,9026
09190,Katihar - Mumbai Central Special Fare Special,Exp,WR,19-May,1-Sep,KIR,0:15,MMCT,18:40,42h 25m,26,T,SL 3A 2A,2293 km,54 km/hr,9189
09344,Patna - Dr. Ambedkar Nagar Special Fare Special,Exp,WR,27-Feb,2-Oct,PNBE,21:30,DADN,23:55,26h 25m,18,F,SL 3A 2A 3E,1289 km,49 km/hr,9343
05574,Deoghar - Raghopur MEMU Express Special (UnReserved),Exp,ECR,7-May,31-Aug,DGHR,11:35,RGV,22:50,11h 15m,20,S M T W T F S,,300 km,27 km/hr,5573
09079,Mumbai Central - Indore Special Fare AC SF Summer Special,ACSF,WR,3-May,30-Aug,MMCT,23:20,INDB,13:00,13h 40m,7,S T,3A,830 km,61 km/hr,9080
09088,Ahmedabad - Mumbai Central Special Fare AC SF Summer Special,ACSF,WR,23-Apr,27-Aug,ADI,22:40,MMCT,7:10,8h 30m,4,T,3A 2A 1A,493 km,58 km/hr,9087
09086,Indore - Mumbai Central Special Fare AC Superfast Special,ACSF,WR,21-Apr,29-Aug,INDB,17:00,MMCT,7:10,14h 10m,7,T S,3A 2A 1A,830 km,59 km/hr,9085
09018,Veraval - Bandra Terminus Special Fare Summer Special (PT),Exp,WR,26-Jan,31-Aug,VRL,11:05,BDTS,4:55,17h 50m,12,M,SL 3A 2A,913 km,51 km/hr,9017
09012,Bhuj - Bandra Terminus Special Fare SF Special (PT),SF,WR,28-Jan,26-Aug,BHUJ,17:40,BDTS,8:45,15h 5m,9,W,SL 3A 2A,840 km,56 km/hr,9011
09010,Bhuj - Bandra Terminus Special Fare SF Special (PT),SF,WR,26-Jan,31-Aug,BHUJ,14:00,BDTS,5:10,15h 10m,9,M,SL 3A 2A,840 km,55 km/hr,9009
09466,Darbhanga - Ahmedabad Special Fare Special,Exp,WR,18-May,14-Sep,DBG,3:00,ADI,16:35,37h 35m,16,M,SL 3A,1918 km,51 km/hr,9465
09465,Ahmedabad - Darbhanga Special Fare Special,Exp,WR,3-Jul,11-Sep,ADI,20:25,DBG,10:30,38h 5m,16,F,2S SL 3A,1918 km,50 km/hr,9466
09196,Mau - Pratapnagar Special Fare SF Summer Special,SF,WR,22-Feb,27-Sep,MAU,23:25,PRTN,3:15,27h 50m,18,S,SL 3A 2A 1A,1550 km,56 km/hr,9195
09195,Pratapnagar - Mau Special Fare SF Summer Special (PT),SF,WR,21-Feb,26-Sep,PRTN,16:00,MAU,18:00,26h 0m,18,S,SL 3A 2A 1A,1550 km,60 km/hr,9196
09112,Gorakhpur - Vadodara Special Fare Special,Exp,WR,25-Feb,30-Sep,GKP,5:00,BRC,8:35,27h 35m,16,W,SL 3A 2A 1A,1518 km,55 km/hr,9111
09111,Vadodara - Gorakhpur Special Fare Special (PT),Exp,WR,23-Feb,28-Sep,BRC,19:00,GKP,23:30,28h 30m,16,M,SL 3A 2A 1A,1518 km,53 km/hr,9112
09080,Indore - Mumbai Central Special Fare AC SF Summer Special,ACSF,WR,4-May,31-Aug,INDB,17:00,MMCT,7:10,14h 10m,7,M W,3A,830 km,59 km/hr,9079
09087,Mumbai Central - Ahmedabad Special Fare AC SF Summer Special,ACSF,WR,22-Apr,26-Aug,MMCT,23:20,ADI,7:20,8h 0m,4,W,3A 2A 1A,493 km,62 km/hr,9088
09085,Mumbai Central - Indore Special Fare AC Superfast Special,ACSF,WR,20-Apr,28-Aug,MMCT,23:20,INDB,13:00,13h 40m,7,M F,3A 2A 1A,830 km,61 km/hr,9086
09017,Bandra Terminus - Veraval Special Fare Summer Special (PT),Exp,WR,25-Jan,30-Aug,BDTS,14:40,VRL,8:05,17h 25m,12,S,SL 3A 2A,913 km,52 km/hr,9018
09009,Bandra Terminus - Bhuj Special Fare SF Special (PT),SF,WR,25-Jan,30-Aug,BDTS,19:25,BHUJ,9:50,14h 25m,9,S,SL 3A 2A,840 km,58 km/hr,9010
05027,Deoghar - Barhni Shravani Mela Special (UnReserved),Exp,NER,29-Jul,30-Aug,DGHR,18:45,BNY,15:15,20h 30m,30,S M T W T F S,,717 km,35 km/hr,5028
05028,Barhni - Deoghar Shravani Mela Special (UnReserved),Exp,NER,28-Jul,29-Aug,BNY,15:20,DGHR,15:20,24h 0m,30,S M T W T F S,,717 km,30 km/hr,5027
04317,Alamnagar - Yog Nagari Rishikesh Mela Special (UnReserved),Exp,NR,31-Jul,29-Aug,AMG,12:05,YNRK,23:00,10h 55m,12,S M T W T F S,,510 km,47 km/hr,4318
04318,Yog Nagari Rishikesh - Alamnagar Mela Special (UnReserved),Exp,NR,30-Jul,28-Aug,YNRK,19:00,AMG,10:45,15h 45m,12,S M T W T F S,,510 km,32 km/hr,4317
05573,Raghopur - Deoghar MEMU Express Special (UnReserved),Exp,ECR,7-May,31-Aug,RGV,2:50,DGHR,11:20,8h 30m,20,S M T W T F S,,300 km,35 km/hr,5574
06062,Velankanni - Ernakulam Jn. Special Fare Special (PT),Exp,SR,28-Aug,11-Sep,VLNK,18:40,ERS,11:50,17h 10m,32,F,SL 3A 2A,690 km,40 km/hr,6061
06061,Ernakulam Jn. - Velankanni Special Fare Special (PT),Exp,SR,27-Aug,10-Sep,ERS,13:00,VLNK,5:50,16h 50m,32,T,SL 3A 2A,690 km,41 km/hr,6062
06148,SMVT Bengaluru - Ernakulam Jn. Special Fare Onam Special,Exp,SWR,10-Aug,7-Sep,SMVB,16:00,ERS,5:45,13h 45m,10,M,SL 3A 2A 3E,603 km,44 km/hr,6147
05598,Asansol - Jaynagar Special Fare Shravani Mela Special,Exp,ECR,1-Aug,31-Aug,ASN,13:00,JYG,6:00,17h 0m,56,M W S,SL,403 km,24 km/hr,5597
03443,Godda - Deoghar Shravani Mela Special (UnReserved),Pass,ER,2-Aug,30-Aug,GODA,13:15,DGHR,15:20,2h 5m,8,S,,80 km,38 km/hr,3444
03444,Deoghar - Godda Shravani Mela Special (UnReserved),Pass,ER,2-Aug,30-Aug,DGHR,10:45,GODA,12:40,1h 55m,8,S,,80 km,42 km/hr,3443
03442,Jamalpur - Deoghar Shravani Mela Special (UnReserved),Pass,ER,2-Aug,30-Aug,JMP,5:10,DGHR,10:10,5h 0m,37,S,,161 km,32 km/hr,3441
03441,Deoghar - Jamalpur Shravani Mela Special (UnReserved),Pass,ER,2-Aug,30-Aug,DGHR,15:45,JMP,22:25,6h 40m,37,S,,161 km,24 km/hr,3442
01450,Danapur - Pune Special Fare Special,Exp,CR,23-Feb,30-Sep,DNR,5:00,PUNE,18:15,37h 15m,14,S M T W T F S,SL 3A 2A,1748 km,47 km/hr,1449
05597,Jaynagar - Asansol Special Fare Shravani Mela Special,Exp,ECR,31-Jul,30-Aug,JYG,21:00,ASN,11:30,14h 30m,56,S T F,SL,403 km,28 km/hr,5598
08046,Charlapalli - Shalimar Special Fare Special (PT),Exp,SER,4-Apr,26-Sep,CHZ,6:55,SHM,11:15,28h 20m,22,S,SL 3A 2A,1546 km,55 km/hr,8045
08045,Shalimar - Charlapalli Special Fare SF Special (PT),SF,SER,3-Apr,25-Sep,SHM,0:30,CHZ,4:30,28h 0m,22,F,SL 3A 2A,1546 km,55 km/hr,8046
03504,Baidyanathdham Deoghar - Jasidih Shravani Mela MEMU Special,MEMU,ER,29-Jul,30-Aug,BDME,14:07,JSME,14:25,0h 18m,1,S M T W T F S,,6 km,21 km/hr,3503
03502,Baidyanathdham Deoghar - Jasidih Shravani Mela MEMU Special,MEMU,ER,29-Jul,30-Aug,BDME,4:55,JSME,5:15,0h 20m,1,S M T W T F S,,6 km,19 km/hr,3501
03501,Jasidih - Baidyanathdham Deoghar Shravani Mela MEMU Special,MEMU,ER,29-Jul,30-Aug,JSME,4:25,BDME,4:45,0h 20m,1,S M T W T F S,,6 km,19 km/hr,3502
03506,Baidyanathdham Deoghar - Jasidih Shravani Mela MEMU Special,MEMU,ER,29-Jul,30-Aug,BDME,22:05,JSME,22:25,0h 20m,1,S M T W T F S,,6 km,19 km/hr,3505
03505,Jasidih - Baidyanathdham Deoghar Shravani Mela MEMU Special,MEMU,ER,29-Jul,30-Aug,JSME,21:25,BDME,21:45,0h 20m,1,S M T W T F S,,6 km,19 km/hr,3506
03514,Jasidih - Basukinath Shravani Mela MEMU Special,MEMU,ER,29-Jul,30-Aug,JSME,12:50,BSKH,14:10,1h 20m,6,S M T W T F S,,49 km,37 km/hr,3513
03513,Basukinath - Jasidih Shravani Mela MEMU Special,MEMU,ER,29-Jul,30-Aug,BSKH,17:30,JSME,18:50,1h 20m,6,S M T W T F S,,49 km,37 km/hr,3514
03229,Khurda Road - Patna Special Fare Summer Special,Exp,ECR,10-Apr,28-Aug,KUR,15:45,PNBE,10:45,19h 0m,19,F,SL 3A 3E,977 km,51 km/hr,3230
03230,Patna - Khurda Road Special Fare Summer Special,Exp,ECR,9-Apr,27-Aug,PNBE,8:45,KUR,3:55,19h 10m,19,T,SL 3A 3E,977 km,51 km/hr,3229
06566,Malda Town - SMVT Bengaluru Special Fare Special,Exp,SWR,8-Apr,2-Sep,MLDT,16:00,SMVB,12:45,44h 45m,28,W,SL 3A 2A 1A,2280 km,51 km/hr,6565
06565,SMVT Bengaluru - Malda Town Special Fare Special,Exp,SWR,5-Apr,30-Aug,SMVB,23:40,MLDT,16:30,40h 50m,28,S,SL 3A 2A 1A,2279 km,56 km/hr,6566
03255,Charlapalli - Patna Special Fare Summer Special (PT),Exp,ECR,10-Apr,18-Sep,CHZ,21:00,PNBE,9:30,36h 30m,21,F,SL 3A 3E,1858 km,51 km/hr,3253
03254,Charlapalli - Patna Special Fare Summer Special (PT),Exp,ECR,15-Apr,16-Sep,CHZ,23:00,PNBE,11:30,36h 30m,21,W,SL 3A 3E,1858 km,51 km/hr,3253
06230,Kannur - Bengaluru Cantt. Special Fare Onam Special,Exp,SWR,30-Aug,30-Aug,CAN,19:45,BNC,10:00,14h 15m,12,S,SL 3A 2A,678 km,48 km/hr,6229
06229,Mysuru - Kannur Special Fare Onam Special,Exp,SWR,29-Aug,29-Aug,MYS,23:55,CAN,17:50,17h 55m,14,S,SL 3A 2A,819 km,46 km/hr,6230
06228,Kannur - Bengaluru Cantt. Special Fare Onam Special,Exp,SWR,26-Aug,26-Aug,CAN,18:25,BNC,8:35,14h 10m,12,W,SL 3A 2A,678 km,48 km/hr,6227
04150,Yesvantpur - Prayagraj Special Fare Special,Exp,NCR,8-Aug,26-Sep,YPR,7:00,PRYJ,6:30,47h 30m,32,S,SL 3A 2A,2338 km,49 km/hr,4149
04149,Prayagraj - Yesvantpur Special Fare Special,Exp,NCR,5-Aug,23-Sep,PRYJ,18:00,YPR,21:00,51h 0m,32,W,SL 3A 2A,2338 km,46 km/hr,4150
01912,Kolkata - Agra Cantt. Special Fare Special,Exp,NCR,24-Jul,25-Sep,KOAA,7:25,AGC,8:00,24h 35m,18,F,SL 3A 2A,1285 km,52 km/hr,1911
01911,Agra Cantt. - Kolkata Special Fare Special,Exp,NCR,23-Jul,24-Sep,AGC,3:40,KOAA,4:05,24h 25m,18,T,SL 3A 2A,1285 km,53 km/hr,1912
05095,Kolkata - Mau Special Fare Special,Exp,NER,9-Apr,24-Sep,KOAA,13:20,MAU,8:40,19h 20m,24,T,SL 3A 2A,789 km,41 km/hr,5096
05096,Mau - Kolkata Special Fare Special,Exp,NER,8-Apr,23-Sep,MAU,13:30,KOAA,8:50,19h 20m,24,W,SL 3A 2A,789 km,41 km/hr,5095
07092,Danapur - Charlapalli Special Fare Special,Exp,SCR,8-Jun,28-Sep,DNR,3:00,CHZ,10:00,31h 0m,15,M,SL 3A 2A,1545 km,50 km/hr,7091
07091,Charlapalli - Danapur Special Fare Special,Exp,SCR,6-Jun,26-Sep,CHZ,13:00,DNR,23:55,34h 55m,15,S,SL 3A 2A,1545 km,44 km/hr,7092
08689,Bhagalpur - Ranchi Special Fare Shravani Mela Special (via Gomoh),Exp,SER,27-Jul,10-Sep,BGP,9:10,RNC,22:20,13h 10m,16,M T,SL 3A,533 km,40 km/hr,8690
08690,Ranchi - Bhagalpur Special Fare Shravani Mela Special (via Gomoh),Exp,SER,26-Jul,9-Sep,RNC,17:40,BGP,6:30,12h 50m,16,S W,SL 3A,530 km,41 km/hr,8689
03252,SMVT Bengaluru - Danapur Special Fare SF Special,SF,ECR,19-Jul,2-Sep,SMVB,23:50,DNR,23:55,48h 5m,20,S M T W T F S,SL 3A 2A,2681 km,56 km/hr,3251
03251,Danapur - SMVT Bengaluru Special Fare SF Special,SF,ECR,17-Jul,31-Aug,DNR,15:00,SMVB,14:30,47h 30m,20,S M T W T F S,SL 3A 2A,2681 km,56 km/hr,3252
07604,Tiruchanur - Hazur Sahib Nanded Special Fare Special (Via Karimnagar),Exp,SCR,22-Jul,26-Aug,TCNR,13:20,NED,9:30,20h 10m,20,W,SL 3A,959 km,48 km/hr,7603
06117,MGR Chennai Central - Kollam Special Fare Onam Special,Exp,SR,13-Aug,5-Sep,MAS,23:50,QLN,16:20,16h 30m,19,T S,SL 3A 2A 1A,841 km,51 km/hr,6118
03236,Danapur - Sahibganj Special Fare Shravani Mela Special,Exp,ECR,2-Aug,30-Aug,DNR,5:15,SBG,13:45,8h 30m,29,S,CC 3A,305 km,36 km/hr,3235
03235,Sahibganj - Danapur Special Fare Shravani Mela Special,Exp,ECR,2-Aug,30-Aug,SBG,15:20,DNR,0:30,9h 10m,29,S,CC 3A,305 km,33 km/hr,3236
06118,Kollam - MGR Chennai Central Special Fare Onam Special (PT),Exp,SR,14-Aug,6-Sep,QLN,18:45,MAS,11:35,16h 50m,19,S F,SL 3A 2A 1A,841 km,50 km/hr,6117
06147,Ernakulam Jn. - SMVT Bengaluru Special Fare Onam Special,Exp,SR,9-Aug,6-Sep,ERS,23:10,SMVB,12:45,13h 35m,10,S,SL 3A 2A 3E,603 km,44 km/hr,6148
06093,Thiruvananthapuram North - Mangaluru Jn. Special Fare SF Special,SF,SR,12-Aug,2-Sep,TVCN,9:00,MAJN,21:00,12h 0m,20,W,SL 3A,626 km,52 km/hr,6094
06094,Mangaluru Jn. - Thiruvananthapuram North Special Fare SF Special,SF,SR,13-Aug,3-Sep,MAJN,15:15,TVC,5:30,14h 15m,20,T,SL 3A,634 km,44 km/hr,6093
05194,Pathankot - Chhapra Special Fare Special,Exp,NER,8-Apr,30-Sep,PTK,0:30,CPR,9:15,32h 45m,20,W,SL 3A 2A 3E,1361 km,42 km/hr,5193
05193,Chhapra - Pathankot Special Fare Special,Exp,NER,6-Apr,28-Sep,CPR,14:00,PTK,22:15,32h 15m,20,M,SL 3A 2A 3E,1361 km,42 km/hr,5194
01706,Ayodhya Dham - Jabalpur Special Fare Special,Exp,WCR,22-Apr,30-Dec,AY,13:30,JBP,6:45,17h 15m,10,W,SL 3A 2A 1A,704 km,41 km/hr,1705
01705,Jabalpur - Ayodhya Dham Special Fare Special,Exp,WCR,21-Apr,29-Dec,JBP,19:40,AY,11:25,15h 45m,10,T,SL 3A 2A 1A,704 km,45 km/hr,1706
05045,Lalkuan - Rajkot Special Fare Special,Exp,NER,17-May,27-Sep,LKU,12:35,RJT,18:10,29h 35m,37,S,SL 3A 2A,1491 km,50 km/hr,5046
05046,Rajkot - Lalkuan Special Fare Special,Exp,NER,18-May,28-Sep,RJT,22:30,LKU,5:15,30h 45m,37,M,SL 3A 2A,1491 km,48 km/hr,5045
07426,Srikakulam Road - Secunderabad Special Fare Summer Special,Exp,SCR,,28-Sep,CHE,19:30,SC,12:00,16h 30m,20,M,SL 3A 2A,806 km,49 km/hr,7425
07425,Secunderabad - Srikakulam Road Special Fare Summer Special,Exp,SCR,,27-Sep,SC,23:15,CHE,17:30,18h 15m,20,S,SL 3A 2A,806 km,44 km/hr,7426
04126,Bandra Terminus - Subedarganj Special Fare SF Summer Special,SF,NCR,3-Mar,1-Sep,BDTS,11:15,SFG,17:00,29h 45m,16,T,SL 3A 2A 3E,1685 km,57 km/hr,4125
04134,SMVT Bengaluru - Kanpur Central Special Fare Summer Special,Exp,NCR,3-Jun,30-Sep,SMVB,7:00,CNB,3:45,44h 45m,27,W,SL 3A 2A,2373 km,53 km/hr,4133
04133,Kanpur Central - SMVT Bengaluru Special Fare Summer Special,Exp,NCR,31-May,27-Sep,CNB,16:30,SMVB,20:10,51h 40m,27,S,SL 3A 2A,2373 km,46 km/hr,4134
01449,Pune - Danapur Special Fare Special,Exp,CR,21-Feb,28-Sep,PUNE,15:30,DNR,2:45,35h 15m,14,S M T W T F S,SL 3A 2A,1748 km,50 km/hr,1450
01921,Hadapsar (Pune) - VGL Jhansi Special Fare Special,Exp,NCR,5-Mar,1-Oct,HDP,15:30,VGLJ,12:45,21h 15m,12,T,SL 3A 2A,1177 km,55 km/hr,1922
01922,VGL Jhansi - Hadapsar (Pune) Special Fare Special,Exp,NCR,4-Mar,30-Sep,VGLJ,12:50,HDP,11:35,22h 45m,12,W,SL 3A 2A,1177 km,52 km/hr,1921
08508,Visakhapatnam - Shalimar Special Fare Special,Exp,SCoR,7-Apr,29-Sep,VSKP,11:20,SHM,3:00,15h 40m,15,T,SL 3A 2A,879 km,56 km/hr,8507
08582,SMVT Bengaluru - Visakhapatnam Special Fare Summer Special,Exp,SCoR,23-May,26-Sep,SMVB,15:50,VSKP,13:30,21h 40m,16,S,SL 3A 2A,1072 km,49 km/hr,8581
08581,Visakhapatnam - SMVT Bengaluru Special Fare Summer Special,Exp,SCoR,22-May,25-Sep,VSKP,15:20,SMVB,13:50,22h 30m,16,F,SL 3A 2A,1072 km,48 km/hr,8582
07047,Naharlagun - Secunderabad Special Fare AC Special,ACExp,SCR,13-Apr,28-Sep,NHLN,13:00,SC,22:00,57h 0m,44,M,3A,2750 km,48 km/hr,7046
07046,Secunderabad - Naharlagun Special Fare AC Special,ACExp,SCR,10-Apr,25-Sep,SC,8:30,NHLN,16:00,55h 30m,44,F,3A,2750 km,50 km/hr,7047
07193,Hyderabad - Kollam Special Fare Special (PT),Exp,SCR,24-May,26-Sep,HYB,23:10,QLN,7:10,32h 0m,34,S,SL 3A 2A 1A,1487 km,46 km/hr,7194
07814,Jalna - Tirupati Special Fare Summer Special,Exp,SCR,4-Jun,24-Sep,J,12:50,TPTY,12:30,23h 40m,24,T,SL 3A 2A,1139 km,48 km/hr,7815
07002,Tiruvannamalai - Charlapalli Special Fare Special (PT),Exp,SCR,5-Jun,25-Sep,TNM,23:10,CHZ,16:30,17h 20m,14,F,SL 3A 2A,848 km,49 km/hr,7001
07001,Charlapalli - Tiruvannamalai Special Fare Special (PT),Exp,SCR,4-Jun,24-Sep,CHZ,17:50,TNM,13:30,19h 40m,14,T,SL 3A 2A,848 km,43 km/hr,7002
79457,Surendranagar - Dhrangadhra DEMU,DEMU,WR,12-May,,SUNR,5:00,DHG,6:00,1h 0m,0,S M T W T F S,,34 km,34 km/hr,79458
14120,Dehradun - Kathgodam Express,Exp,NCR,,,DDN,23:30,KGM,7:20,7h 50m,9,S M T W T F S,SL 3A 2A 1A,335 km,43 km/hr,14119
14631,Dehradun - Amritsar Express,Exp,NR,,,DDN,19:30,ASR,8:20,12h 50m,22,S M T W T F S,SL 3A,505 km,39 km/hr,14632
12755,Kakinada Port - Bhavnagar Terminus SF Express (PT),SF,SCoR,,,COA,5:40,BVC,18:55,37h 15m,31,T,SL 3A 2A 1A 3E,2051 km,55 km/hr,12756
12182,Dayodaya SF Express,SF,WCR,,,AII,15:20,JBP,8:45,17h 25m,23,S M T W T F S,SL 3A 2A 1A 3E,1026 km,59 km/hr,12181
12181,Dayodaya SF Express,SF,WCR,,,JBP,20:35,AII,14:00,17h 25m,23,S M T W T F S,SL 3A 2A 1A 3E,1026 km,59 km/hr,12182
12971,Bandra Terminus - Bhavnagar Terminus SF Express (PT),SF,WR,,,BDTS,19:10,BVC,8:05,12h 55m,19,S M T W T F S,SL 3A 2A 1A,780 km,60 km/hr,12972
12942,Parasnath Express (PT),SF,WR,,,ASN,19:45,BVC,9:25,37h 40m,31,T,SL 3A 2A,2311 km,61 km/hr,12941
12344,Darjeeling Mail (PT),SF,ER,,,HDB,18:15,SDAH,5:35,11h 20m,6,S M T W T F S,SL 3A 2A 1A,630 km,56 km/hr,12343
12343,Darjeeling Mail (PT),SF,ER,,,SDAH,22:15,HDB,9:40,11h 25m,6,S M T W T F S,SL 3A 2A 1A,630 km,55 km/hr,12344
14804,Jammu Tawi - Bhagat Ki Kothi Express,Exp,NWR,,,JAT,8:40,BGKT,9:30,24h 50m,36,S M T W T F S,SL 3A 2A 3E,1094 km,44 km/hr,14803
12133,Mumbai CSMT - Mangaluru Jn. SF Express (PT),SF,CR,,,CSMT,21:54,MAJN,15:40,17h 46m,14,S M T W T F S,SL 3A 2A,893 km,50 km/hr,12134
18183,Tatanagar - Buxar Express,Exp,SER,,,TATA,7:55,BXR,22:55,15h 0m,39,S M T W T F S,2S CC 3A 3E,614 km,41 km/hr,18184
14507,Delhi - Fazilka Intercity Express,Exp,NR,,,DLI,12:50,FKA,23:55,11h 5m,26,S M T W T F S,SL CC 3A,522 km,47 km/hr,14508
12916,Ashram Express (PT),SF,WR,,,DLI,14:55,SBIB,5:45,14h 50m,18,S M T W T F S,SL 3A 2A 1A 3E,930 km,63 km/hr,12915
17226,SSS Hubballi - Narasapur Amaravati Express,Exp,SCoR,,,UBL,13:00,NS,7:25,18h 25m,26,S M T W T F S,SL 3A 2A,830 km,45 km/hr,17225
13233,Koderma - Danapur Intercity Express,Exp,ECR,,,KQR,14:40,DNR,21:45,7h 5m,20,S M T W T F S,CC 3A,259 km,37 km/hr,13234
12351,Howrah - Rajendra Nagar Terminal SF Express (PT),SF,ECR,,,HWH,20:35,RJPB,6:10,9h 35m,20,S M T W T F S,SL 3A 2A 1A 3E,529 km,55 km/hr,12352
17234,Bhagyanagar Express,Exp,SCoR,,,SKZR,3:35,SC,10:55,7h 20m,26,S M T W T F S,2S CC 3E,297 km,40 km/hr,17233
12722,Dakshin SF Express (PT),SF,SCR,,,NZM,22:50,HYB,3:50,29h 0m,43,S M T W T F S,SL 3A 2A,1670 km,58 km/hr,12721
12721,Dakshin SF Express (PT),SF,SCR,,,HYB,23:00,NZM,3:45,28h 45m,42,S M T W T F S,SL 3A 2A,1670 km,58 km/hr,12722
17233,Bhagyanagar Express,Exp,SCoR,,,SC,15:35,SKZR,22:30,6h 55m,26,S M T W T F S,2S CC 3E,297 km,43 km/hr,17234
12915,Ashram Express (PT),SF,WR,,,SBIB,19:45,DLI,10:00,14h 15m,18,S M T W T F S,SL 3A 2A 1A 3E,930 km,65 km/hr,12916
12164,MGR Chennai Central - Mumbai LTT SF Express (PT),SF,CR,,,MAS,18:25,LTT,15:55,21h 30m,23,S M T W T F S,SL 3A 2A,1263 km,59 km/hr,12163
11058,Amritsar - Mumbai CSMT Express,Exp,CR,,,ASR,8:50,CSMT,0:05,39h 15m,82,S M T W T F S,SL 2A 3E,2045 km,52 km/hr,11057
13104,Bhagirathi Express (PT),Exp,ER,,,LGL,6:00,SDAH,10:25,4h 25m,12,S M T W T F S,2S CC,228 km,52 km/hr,13103
22159,Mumbai CSMT - MGR Chennai Central SF Express (PT),SF,CR,,,CSMT,12:45,MAS,10:45,22h 0m,30,S M T W T F S,SL 2A 3E,1280 km,58 km/hr,22160
18182,Thawe - Tatanagar Express,Exp,SER,,,THE,10:10,TATA,7:00,20h 50m,37,S W T S,SL 3A 2A 3E,718 km,34 km/hr,18181
13103,Bhagirathi Express,Exp,ER,,,SDAH,18:20,LGL,22:40,4h 20m,12,S M T W T F S,2S CC,228 km,53 km/hr,13104
22329,Haldia - Asansol SF Express,SF,ER,,,HLZ,14:30,ASN,20:20,5h 50m,16,M T W T F S,2S CC,324 km,55 km/hr,22330
17225,Narasapur - SSS Hubballi Amaravati Express (PT),Exp,SCoR,,,NS,16:20,UBL,11:30,19h 10m,26,S M T W T F S,SL 3A 2A,830 km,43 km/hr,17226
12317,Akal Takht Express (PT),SF,ER,,,KOAA,7:40,ASR,17:20,33h 40m,22,S W,SL 3A 2A 1A 3E,1897 km,56 km/hr,12318
15084,Utsarg Express,Exp,NER,,,FBD,14:30,CPR,8:25,17h 55m,33,S M T W T F S,SL 3A 2A 1A 3E,682 km,38 km/hr,15083
12842,Coromandel Express (PT),SF,SER,,,MAS,7:00,HWH,11:00,28h 0m,15,S M T W T F S,SL 3A 2A 1A 3E,1662 km,59 km/hr,12841
22947,Surat - Bhagalpur SF Express (PT),SF,WR,,,UDN,10:20,BGP,18:30,32h 10m,34,T S,SL 3A 2A,1818 km,57 km/hr,22948
12841,Coromandel Express (PT),SF,SER,,,HWH,15:10,MAS,17:00,25h 50m,14,S M T W T F S,SL 3A 2A 1A 3E,1662 km,64 km/hr,12842
25014,Corbett Park Link Express,Exp,NER,,,RMR,22:25,JSM,23:30,25h 5m,32,S M T W T F S,SL 3A 2A,1224 km,49 km/hr,15013-Slip
12350,New Delhi - Godda Weekly Humsafar Express,Hms,ER,,,NDLS,23:45,GODA,22:55,23h 10m,17,T,SL 3A,1326 km,57 km/hr,12349
12356,Archana Express,SF,ECR,,,JAT,17:35,PNBE,20:55,27h 20m,18,S W,SL 3A 2A 1A 3E,1508 km,55 km/hr,12355
16613,Rajkot - Coimbatore Express (PT),Exp,SR,,,RJT,5:30,CBE,20:05,38h 35m,31,S,SL 3A 2A,2221 km,58 km/hr,16614
22667,Nagercoil - Coimbatore SF Express (PT),SF,SR,,,NCJ,21:55,CBE,7:15,9h 20m,11,S M T W T F S,SL 3A 2A 1A,533 km,57 km/hr,22668
12336,Mumbai LTT - Bhagalpur SF Express (PT),SF,ER,,,LTT,8:05,BGP,17:55,33h 50m,36,S T,SL 3A 2A,1911 km,56 km/hr,12335
12970,Jaipur - Coimbatore SF Express (PT),SF,NWR,,,JP,19:35,CBE,16:50,45h 15m,37,T,SL 3A 2A 1A 3E,2679 km,59 km/hr,12969
12681,MGR Chennai Central - Coimbatore Weekly SF Express (PT),SF,SR,,,MAS,22:30,CBE,6:30,8h 0m,6,S,SL 3A 2A,495 km,62 km/hr,12682
22948,Bhagalpur - Surat SF Express (PT),SF,WR,,,BGP,6:50,UDN,15:23,32h 33m,34,M T,SL 3A 2A,1818 km,56 km/hr,22947
12355,Archana Express (PT),SF,ECR,,,PNBE,7:20,JAT,10:20,27h 0m,18,T S,SL 3A 2A 1A 3E,1508 km,56 km/hr,12356
16308,Kannur - Alappuzha Executive Express,Exp,SR,,,CAN,5:10,ALLP,13:30,8h 20m,26,S M T W T F S,2S CC,340 km,41 km/hr,16307
11013,Mumbai LTT - Coimbatore Express (PT),Exp,CR,,,LTT,22:35,CBE,6:50,32h 15m,31,S M T W T F S,SL 3A 2A 1A,1496 km,46 km/hr,11014
12340,Coalfield Express,SF,ER,,,DHN,5:50,HWH,10:25,4h 35m,11,S M T W T F S,2S CC,259 km,56 km/hr,12339
12335,Bhagalpur - Mumbai LTT SF Express (PT),SF,ER,,,BGP,8:55,LTT,17:50,32h 55m,37,T F,SL 3A 2A,1911 km,58 km/hr,12336
12339,Coalfield Express,SF,ER,,,HWH,17:20,DHN,21:55,4h 35m,11,S M T W T F S,2S CC,259 km,56 km/hr,12340
16856,Mangaluru Central - Puducherry Express (via Salem) (PT),Exp,SR,,,MAQ,16:35,PDY,10:15,17h 40m,20,F,SL 3A 2A,799 km,45 km/hr,16855
18204,Betwa Express (PT),Exp,SECR,,,CNB,17:40,DURG,13:00,19h 20m,19,M W,SL 3A 2A 1A 3E,875 km,45 km/hr,18203
14701,Amrapur Aravali Express (PT),Exp,NWR,,,SGNR,23:00,BDTS,6:15,31h 15m,55,S M T W T F S,SL 3A 2A 3E,1613 km,52 km/hr,14702
20807,Hirakud Express (PT),SF,SCoR,,,VSKP,0:25,ASR,23:25,47h 0m,46,T F S,SL 3A 2A 3E,2570 km,55 km/hr,20808
18448,Hirakhand Express,Exp,ECoR,,,JDB,16:00,BBS,8:20,16h 20m,25,S M T W T F S,SL 3A 2A 1A,787 km,48 km/hr,18447
16855,Puducherry - Mangaluru Central Express (Via Salem) (PT),Exp,SR,,,PDY,16:45,MAQ,9:30,16h 45m,20,T,SL 3A 2A,799 km,48 km/hr,16856
18447,Hirakhand Express (PT),Exp,ECoR,,,BBS,19:35,JDB,12:15,16h 40m,25,S M T W T F S,SL 3A 2A 1A,787 km,47 km/hr,18448
16787,Tirunelveli - Shri Mata Vaishno Devi Katra Express (PT),Exp,SR,,,TEN,18:00,SVDK,10:45,64h 45m,58,M,SL 3A 2A 3E,3633 km,56 km/hr,16788
15206,Chitrakoot Express (PT),Exp,ECR,,,JBP,20:50,LJN,9:20,12h 30m,18,S M T W T F S,SL 3A 2A 1A 3E,578 km,46 km/hr,15205
18203,Betwa Express (PT),Exp,SECR,,,DURG,20:05,CNB,13:20,17h 15m,19,S T,SL 3A 2A 1A 3E,875 km,51 km/hr,18204
20808,Hirakud Express,SF,SCoR,,,ASR,23:55,VSKP,21:50,45h 55m,46,S W S,SL 3A 2A 3E,2570 km,56 km/hr,20807
12308,Jodhpur - Howrah Superfast Express (PT),SF,ER,,,JU,23:55,HWH,4:55,29h 0m,28,M T T F,SL 3A 2A 1A,1815 km,63 km/hr,12307
12324,Barmer - Howrah SF Express (PT),SF,ER,,,BME,17:00,HWH,5:45,36h 45m,24,W S,SL 3A 2A 1A,2279 km,62 km/hr,12323
12348,Sahid Express,SF,ER,,,RPH,16:40,HWH,20:15,3h 35m,7,S M T W T F S,2S SL CC 3A,207 km,58 km/hr,12347
12352,Rajendra Nagar Terminal - Howrah SF Express (PT),SF,ECR,,,RJPB,21:25,HWH,6:40,9h 15m,20,S M T W T F S,SL 3A 2A 1A 3E,529 km,57 km/hr,12351
12664,Tiruchchirappalli - Howrah SF Express (PT),SF,SR,,,TPJ,13:35,HWH,0:05,34h 30m,23,T F,SL 3A 2A 1A 3E,2003 km,58 km/hr,12663
12666,Kanniyakumari - Howrah SF Express (PT),SF,SR,,,CAPE,5:50,HWH,0:05,42h 15m,31,S,SL 3A 2A,2406 km,57 km/hr,12665
12828,Purulia - Howrah SF Express,SF,SER,,,PRR,5:30,HWH,11:22,5h 52m,13,S M T W T F S,2S CC 3A 3E,323 km,55 km/hr,12827
12833,Ahmedabad - Howrah SF Express (PT),SF,SER,,,ADI,0:25,HWH,14:20,37h 55m,59,S M T W T F S,SL 3A 2A,2085 km,55 km/hr,12834
12838,Puri - Howrah Superfast Express (PT),SF,SER,,,PURI,20:15,HWH,5:15,9h 0m,11,S M T W T F S,SL 3A 2A 1A 3E,500 km,56 km/hr,12837
12864,SMVT Bengaluru - Howrah SF Express (PT),SF,SER,,,SMVB,10:40,HWH,20:10,33h 30m,33,S M T W T F S,SL 3A 2A 1A 3E,1942 km,58 km/hr,12863
12869,Mumbai CSMT - Howrah Weekly SF Express (PT),SF,SER,,,CSMT,11:05,HWH,20:50,33h 45m,19,S,SL 3A 2A 1A 3E,1964 km,58 km/hr,12870
12888,Puri - Shalimar Weekly SF Express,SF,ECoR,,,PURI,22:10,SHM,7:15,9h 5m,8,S,SL 3A 2A,497 km,55 km/hr,12887
12896,Puri - Shalimar Weekly SF Express,SF,ECoR,,,PURI,22:10,SHM,7:10,9h 0m,9,T,SL 3A 2A,497 km,55 km/hr,12895
12905,Porbandar - Shalimar SF Express (PT),SF,WR,,,PBR,8:50,SHM,4:35,43h 45m,31,W T,SL 3A 2A 1A,2543 km,58 km/hr,12906
13024,Gaya - Howrah Express (PT),Exp,ER,,,GAYA,12:10,HWH,3:15,15h 5m,33,S M T W T F S,SL 3A 2A,654 km,43 km/hr,13023
13026,Bhopal - Howrah Weekly Express,Exp,ER,,,BPL,9:30,HWH,15:15,29h 45m,27,W,SL 3A 2A 3E,1454 km,49 km/hr,13025
22322,Hool Express,SF,ER,,,SURI,13:40,HWH,18:00,4h 20m,9,S M T W T F S,2S CC 3A,242 km,56 km/hr,22321
13072,Jamalpur - Howrah Express (PT),Exp,ER,,,JMP,20:30,HWH,5:35,9h 5m,18,S M T W T F S,SL 3A 2A 1A 3E,467 km,51 km/hr,13071
18006,Samaleswari Express,Exp,SER,,,JDB,5:30,HWH,6:30,25h 0m,38,S M T W T F S,SL 3A 2A 1A,1162 km,46 km/hr,18005
18029,Mumbai LTT - Shalimar Express (PT),Exp,SER,,,LTT,22:00,SHM,13:00,39h 0m,70,S M T W T F S,SL 3A 2A,1943 km,50 km/hr,18030
18616,Kriya Yoga Express,Exp,SER,,,HTE,21:20,HWH,7:20,10h 0m,14,S M T W T F S,SL 3A 2A 1A 3E,418 km,42 km/hr,18615
12809,Mumbai CSMT - Howrah Mail (Via Nagpur) (PT),SF,SER,,,CSMT,21:10,HWH,6:45,33h 35m,43,S M T W T F S,SL 3A 2A 1A 3E,1964 km,58 km/hr,12810
12840,MGR Chennai Central - Howrah Mail (PT),SF,SER,,,MAS,19:00,HWH,23:20,28h 20m,34,S M T W T F S,SL 3A 2A 1A,1663 km,59 km/hr,12839
22698,MGR Chennai Central - SSS Hubballi Weekly SF Express (via SMVT Bengaluru) (PT),SF,SWR,,,MAS,15:00,UBL,5:00,14h 0m,15,S,SL 3A 2A 1A 3E,826 km,59 km/hr,22697
12701,Hussain Sagar SF Express (PT),SF,SCR,,,CSMT,21:50,HYB,12:05,14h 15m,14,S M T W T F S,SL 3A 2A,789 km,55 km/hr,12702
12702,Hussain Sagar SF Express (PT),SF,SCR,,,HYB,14:55,CSMT,4:55,14h 0m,15,S M T W T F S,SL 3A 2A,789 km,56 km/hr,12701
18005,Samaleswari Express (PT),Exp,SER,,,HWH,22:10,JDB,22:30,24h 20m,38,S M T W T F S,SL 3A 2A 1A,1162 km,48 km/hr,18006
12839,Howrah - M.G.R Chennai Central Mail (PT),SF,SER,,,HWH,23:45,MAS,3:20,27h 35m,33,S M T W T F S,SL 3A 2A 1A 3E,1663 km,60 km/hr,12840
12357,Durgiana Express (PT),SF,ER,,,KOAA,12:10,ASR,17:20,29h 10m,17,T S,SL 3A 2A 1A 3E,1835 km,63 km/hr,12358
12663,Howrah - Tiruchchirappalli SF Express (PT),SF,SR,,,HWH,17:35,TPJ,2:50,33h 15m,22,S T,SL 3A 2A 1A 3E,2003 km,60 km/hr,12664
12307,Howrah - Jodhpur Superfast Express (PT),SF,ER,,,HWH,23:30,JU,5:15,29h 45m,28,S T W S,SL 3A 2A 1A,1814 km,61 km/hr,12308
22872,Tirupati - Bhubaneswar SF Express,SF,ECoR,,,TPTY,10:25,BBS,6:15,19h 50m,17,M,SL 3A 2A 1A,1181 km,60 km/hr,22871
22732,Mumbai CSMT - Hyderabad SF Express (PT),SF,SCR,,,CSMT,14:10,HYB,4:30,14h 20m,20,S M T W T F S,SL 3A 2A,789 km,55 km/hr,22731
17255,Narasapur - Lingampalli Express (PT),Exp,SCoR,,,NS,19:00,LPI,5:15,10h 15m,16,S M T W T F S,SL 3A 2A 1A,475 km,46 km/hr,17256
12395,Ziyarat Express (PT),SF,ECR,,,RJPB,18:00,AII,15:35,21h 35m,16,W,SL 3A 2A 1A 3E,1305 km,60 km/hr,12396
12416,New Delhi - Indore Intercity SF Express (PT),SF,NR,,,NDLS,21:50,INDB,10:05,12h 15m,19,S M T W T F S,SL 3A 2A 1A 3E,826 km,67 km/hr,12415
12974,Jaipur - Indore SF Express (PT),SF,NWR,,,JP,21:00,INDB,6:25,9h 25m,7,S F,SL 3A 2A 1A 3E,600 km,64 km/hr,12973
14318,Yog Nagari Rishikesh - Laxmi Bai Nagar Express,Exp,NR,,,YNRK,6:15,LMNR,6:05,23h 50m,28,F S,SL 3A 2A 3E,1147 km,48 km/hr,14317
22943,Daund - Indore SF Express (PT),SF,WR,,,DD,14:10,INDB,8:25,18h 15m,17,S M T W T F S,SL 3A 2A 1A,1041 km,57 km/hr,22944
19314,Patna - Indore Express (via Sultanpur) (PT),Exp,WR,,,PNBE,11:25,INDB,14:25,27h 0m,16,W F,SL 3A 2A 1A 3E,1357 km,50 km/hr,19313
19322,Patna - Indore Express (via Ayodhya Cantt) (PT),Exp,WR,,,PNBE,11:25,INDB,14:25,27h 0m,14,M,SL 3A 2A 1A 3E,1398 km,52 km/hr,19321
11021,Dadar Central - Tirunelveli Chalukya Express (Via SMVT Bengaluru) (PT),Exp,CR,,,DR,21:30,TEN,10:40,37h 10m,36,T W S,SL 3A 2A,1804 km,49 km/hr,11022
11022,Tirunelveli - Dadar Central Chalukya Express (Via SMVT Bengaluru) (PT),Exp,CR,,,TEN,15:45,DR,5:45,38h 0m,35,M T F,SL 3A 2A,1804 km,47 km/hr,11021
12481,Delhi - Shri Ganganagar Intercity Express,SF,NWR,,,DLI,13:10,SGNR,20:35,7h 25m,15,S M T W T F S,2S SL CC 3E,423 km,57 km/hr,12482
13465,Howrah - Malda Town Intercity Express (via Azimganj) (PT),Exp,ER,,,HWH,14:00,MLDT,20:35,6h 35m,14,S M T W T F S,2S 3A,332 km,50 km/hr,13466
13466,Malda Town - Howrah Intercity Express (via Azimganj),Exp,ER,,,MLDT,6:05,HWH,12:40,6h 35m,14,S M T W T F S,2S 3A,332 km,50 km/hr,13465
14211,Gwalior - New Delhi Intercity Express,Exp,NR,,,AGC,5:45,NDLS,10:00,4h 15m,16,S M T W T F S,2S CC 2A 1A,195 km,46 km/hr,14212
14212,New Delhi - Agra Cantt Intercity Express,Exp,NR,,,NDLS,17:40,AGC,22:05,4h 25m,16,S M T W T F S,2S CC 2A 1A,195 km,44 km/hr,14211
22195,Virangana Lakshmibai Jhansi - Bandra Terminus SF Express (PT),SF,NCR,,,VGLJ,16:50,BDTS,16:10,23h 20m,20,S M,SL 3A 2A 3E,1319 km,57 km/hr,22196
22196,Bandra Terminus - Virangana Lakshmibai Jhansi SF Express (PT),SF,NCR,,,BDTS,5:10,VGLJ,5:00,23h 50m,20,T W,SL 3A 2A 3E,1319 km,55 km/hr,22195
12128,Pune - Mumbai CSMT Intercity SF Express,SF,CR,,,PUNE,17:50,CSMT,21:05,3h 15m,4,S M T W T F S,2S CC,192 km,59 km/hr,12127
12467,Leelan SF Express,SF,NWR,,,JSM,0:30,JP,13:20,12h 50m,22,S M T W T F S,SL 3A,704 km,55 km/hr,12468
12468,Leelan SF Express,SF,NWR,,,JP,16:30,JSM,5:10,12h 40m,22,S M T W T F S,SL 3A,704 km,56 km/hr,12467
15031,Gorakhpur - Lucknow Jn. Intercity Express,Exp,NER,,,GKP,5:45,LJN,11:25,5h 40m,9,S M T W T F S,2S CC,277 km,49 km/hr,15032
16377,KSR Bengaluru - Ernakulam Jn. Intercity Express,Exp,SR,,,SBC,6:10,ERS,17:10,11h 0m,12,S M T W T F S,2S CC,584 km,53 km/hr,16378
16318,Himsagar Express (PT),Exp,SR,,,SVDK,22:30,CAPE,22:00,71h 30m,68,M,SL 3A 2A 3E,3789 km,53 km/hr,16317
16317,Himsagar Express (PT),Exp,SR,,,CAPE,14:15,SVDK,10:45,68h 30m,65,F,SL 3A 2A 3E,3789 km,55 km/hr,16318
15205,Chitrakoot Express,Exp,ECR,,,LJN,17:30,JBP,5:40,12h 10m,18,S M T W T F S,SL 3A 2A 1A 3E,578 km,48 km/hr,15206
13042,Himgiri Express,Exp,ER,,,JAT,22:45,HWH,11:30,36h 45m,32,S M T,SL 3A 2A 1A,2020 km,55 km/hr,13041
13041,Himgiri Express (PT),Exp,ER,,,HWH,23:55,JAT,13:00,37h 5m,32,T F S,SL 3A 2A 1A,2021 km,55 km/hr,13042
18238,Chhattisgarh Express (PT),Exp,SECR,,,ASR,15:55,BSP,10:55,43h 0m,83,S M T W T F S,SL 3A 2A 1A 3E,2011 km,47 km/hr,18237
14314,Bareilly - Mumbai LTT Weekly Express,Exp,NR,,,BE,11:25,LTT,16:15,28h 50m,25,S,SL 3A 2A,1597 km,55 km/hr,14313
14702,Amrapur Aravali Express (PT),Exp,NWR,,,BDTS,21:00,SGNR,4:15,31h 15m,55,S M T W T F S,SL 3A 2A 3E,1613 km,52 km/hr,14701
14230,Yog Nagri Rishikesh - Prayagraj Sangam Express,Exp,NR,,,YNRK,15:20,PYGS,7:10,15h 50m,16,M W F,SL 3A 2A,744 km,47 km/hr,14229
12989,Dadar Western - Ajmer SF Express (PT),SF,NWR,,,DDR,15:00,AII,7:25,16h 25m,20,M T S,SL 3A 2A 3E,980 km,60 km/hr,12990
12834,Howrah - Ahmedabad SF Express (PT),SF,SER,,,HWH,23:05,ADI,12:15,37h 10m,59,S M T W T F S,SL 3A 2A,2085 km,56 km/hr,12833
14054,Himachal Express,Exp,NR,,,KRTP,20:55,DLI,5:00,8h 5m,22,S M T W T F S,SL 3A 2A 1A,425 km,53 km/hr,14053
14053,Himachal Express,Exp,NR,,,DLI,22:50,KRTP,7:50,9h 0m,24,S M T W T F S,SL 3A 2A 1A,425 km,47 km/hr,14054
18237,Chhattisgarh Express (PT),Exp,SECR,,,KRBA,11:33,ASR,6:55,43h 22m,90,S M T W T F S,SL 3A 2A 1A 3E,2101 km,48 km/hr,18238
14610,Hemkunt Express,Exp,NR,,,SVDK,16:40,YNRK,8:30,15h 50m,20,S M T W T F S,SL 3A 2A 3E,679 km,43 km/hr,14609
14609,Hemkunt Express,Exp,NR,,,YNRK,17:20,SVDK,7:20,14h 0m,21,S M T W T F S,SL 3A 2A 3E,679 km,49 km/hr,14610
18181,Tatanagar - Thawe Express (PT),Exp,SER,,,TATA,20:45,THE,17:20,20h 35m,37,M T T F,SL 3A 2A 3E,718 km,35 km/hr,18182
14236,Bareilly - Varanasi Express,Exp,NR,,,BE,16:45,BSB,7:00,14h 15m,25,S M T W T F S,SL 3A 2A 1A,558 km,39 km/hr,14235
18625,Kosi Super Express,Exp,SER,,,PRNC,1:25,HTE,21:00,19h 35m,48,S M T W T F S,2S SL 3A 2A 3E,723 km,37 km/hr,18626
18623,Islampur - Hatia Express (PT),Exp,SER,,,IPR,19:15,HTE,8:10,12h 55m,34,S M T W T F S,SL 3A 2A 1A 3E,478 km,37 km/hr,18624
12674,Cheran SF Express (PT),SF,SR,,,CBE,22:50,MAS,7:00,8h 10m,7,S M T W T F S,SL 3A 2A 1A,495 km,61 km/hr,12673
18615,Kriya Yoga Express (PT),Exp,SER,,,HWH,21:10,HTE,6:50,9h 40m,15,S M T W T F S,SL 3A 2A 1A 3E,418 km,43 km/hr,18616
13303,Dhanbad - Ranchi Intercity Express,Exp,ECR,,,DHN,5:40,RNC,10:00,4h 20m,6,S M T W T F S,CC,162 km,37 km/hr,13304
12673,Cheran SF Express (PT),SF,SR,,,MAS,22:00,CBE,6:00,8h 0m,7,S M T W T F S,SL 3A 2A 1A,495 km,62 km/hr,12674
12935,Bandra Terminus - Surat InterCity Express,SF,WR,,,BDTS,6:35,ST,10:40,4h 5m,10,S M T W T F S,2S CC,252 km,62 km/hr,12936
12886,Aranyak Express,SF,SER,,,BJE,14:00,SHM,19:40,5h 40m,12,M T W T F S,2S CC,311 km,55 km/hr,12885
12836,SMVT Bengaluru - Hatia SF Express,SF,SER,,,SMVB,8:50,HTE,18:40,33h 50m,25,T T,SL 3A 2A 1A 3E,1884 km,56 km/hr,12835
13164,Hate Bazare Express (via Mansi),Exp,ER,,,SHC,14:15,SDAH,5:15,15h 0m,29,S M T T S,SL 3A 2A,590 km,39 km/hr,13163
12604,Charlapalli - MGR Chennai Central SF Express (PT),SF,SR,,,CHZ,17:25,MAS,5:40,12h 15m,17,S M T W T F S,SL 3A 2A 1A,694 km,57 km/hr,12603
13163,Hate Bazare Express (via Mansi) (PT),Exp,ER,,,SDAH,21:15,SHC,13:00,15h 45m,30,S M W F S,SL 3A 2A,590 km,37 km/hr,13164
15308,Haryana Express,Exp,NER,,,SSA,2:50,TKJ,10:25,7h 35m,21,S M T W T F S,CC,311 km,41 km/hr,15307
12603,MGR Chennai Central - Charlapalli SF Express (PT),SF,SR,,,MAS,16:45,CHZ,5:10,12h 25m,17,S M T W T F S,SL 3A 2A 1A,694 km,56 km/hr,12604
12146,Puri - Mumbai LTT SF Express (via Titlagarh) (PT),SF,CR,,,PURI,21:40,LTT,7:25,33h 45m,22,T,SL 3A 2A 1A,1878 km,56 km/hr,12145
15307,Haryana Express,Exp,NER,,,TKJ,17:35,SSA,1:20,7h 45m,21,S M T W T F S,CC,311 km,40 km/hr,15308
17416,Haripriya Express (PT),Exp,SCoR,,,KOP,11:50,TPTY,8:15,20h 25m,27,S M T W T F S,SL 3A 2A 1A 3E,904 km,44 km/hr,17415
22157,Mumbai CSMT - Chennai Egmore SF Mail (PT),SF,CR,,,CSMT,22:52,MS,22:15,23h 23m,34,S M T W T F S,SL 3A 2A,1286 km,55 km/hr,22158
17415,Haripriya Express (PT),Exp,SCoR,,,TPTY,21:30,KOP,16:35,19h 5m,27,S M T W T F S,SL 3A 2A 1A 3E,904 km,47 km/hr,17416
14524,Harihar Express,Exp,NR,,,UMB,22:20,BJU,2:10,27h 50m,21,T S,SL 3A,1304 km,47 km/hr,14523
22697,SSS Hubballi - MGR Chennai Central Weekly SF Express (via SMVT Bengaluru) (PT),SF,SWR,,,UBL,20:30,MAS,11:10,14h 40m,16,S,SL 3A 2A 1A 3E,826 km,56 km/hr,22698
18402,Puri - Bangriposi Intercity Express,Exp,ECoR,,,PURI,16:00,BGY,23:15,7h 15m,21,S M T W T F S,2S CC,376 km,52 km/hr,18401
12885,Aranyak Express,SF,SER,,,SHM,7:45,BJE,13:20,5h 35m,12,M T W T F S,2S CC,311 km,56 km/hr,12886
12404,Lalgarh - Prayagraj SF Express (Via Fatehpur Shekhawati),SF,NCR,,,LGH,7:35,PRYJ,4:50,21h 15m,30,S T W F,SL 3A 2A 1A 3E,1183 km,56 km/hr,12403
14523,Harihar Express (PT),Exp,NR,,,BJU,5:05,UMB,8:40,27h 35m,21,M T,SL 3A,1304 km,47 km/hr,14524
19032,Yoga Express,Exp,WR,,,YNRK,14:55,SBIB,15:20,24h 25m,43,S M T W T F S,SL 3A 2A 1A 3E,1224 km,50 km/hr,19031
20680,SSS Hubballi - MGR Chennai Central Weekly SF Express (via SMVT Bengaluru) (PT),SF,SWR,,,UBL,20:30,MAS,11:10,14h 40m,16,T,SL 3A 2A 1A 3E,826 km,56 km/hr,20679
19031,Yoga Express (PT),Exp,WR,,,SBIB,11:25,YNRK,12:25,25h 0m,43,S M T W T F S,SL 3A 2A 1A 3E,1224 km,49 km/hr,19032
14229,Prayagraj Sangam - Yog Nagri Rishikesh Express,Exp,NR,,,PYGS,23:40,YNRK,14:30,14h 50m,16,S T T,SL 3A 2A,744 km,50 km/hr,14230
16204,Tirupati - M.G.R Chennai Central Express,Exp,SWR,,,TPTY,6:30,MAS,10:10,3h 40m,9,S M T W T F S,SL 3A 2A 1A,147 km,40 km/hr,16203
15304,New Delhi - Kasganj Intercity Express,Exp,NER,,,NDLS,16:35,KSJ,0:10,7h 35m,18,S M T W T F S,2S CC,359 km,47 km/hr,15303
22959,Vadodara - Jamnagar Intercity Express,SF,WR,,,BRC,15:50,JAM,23:30,7h 40m,13,S M T W T F S,2S CC,431 km,56 km/hr,22960
12476,Shri Mata Vaishno Devi Katra - Hapa SF Express,SF,NR,,,SVDK,9:40,HAPA,18:30,32h 50m,32,M,SL 3A 2A 1A 3E,2059 km,63 km/hr,12475
16094,Lucknow Jn. - MGR Chennai Central Express (PT),Exp,SR,,,LJN,16:20,MAS,7:00,38h 40m,44,M T,SL 3A 2A,2088 km,54 km/hr,16093
16592,Hampi Express,Exp,SWR,,,MYS,18:50,UBL,10:20,15h 30m,26,S M T W T F S,SL 3A 2A 1A,678 km,44 km/hr,16591
16591,Hampi Express,Exp,SWR,,,UBL,18:30,MYS,8:55,14h 25m,26,S M T W T F S,SL 3A 2A 1A,678 km,47 km/hr,16592
16054,Tirupati - MGR Chennai Central Express,Exp,SR,,,TPTY,10:10,MAS,13:30,3h 20m,7,S M T W T F S,2S CC,147 km,44 km/hr,16053
14313,Mumbai LTT - Bareilly Weekly Express (PT),Exp,NR,,,LTT,8:05,BE,15:20,31h 15m,24,M,SL 3A 2A,1597 km,51 km/hr,14314
16086,Jolarpettai - Arakkonam MEMU Express (UnReserved),Exp,SR,,,JTJ,6:55,AJJ,9:45,2h 50m,13,S M T W T F S,,145 km,51 km/hr,16085
22330,Asansol - Haldia SF Express,SF,ER,,,ASN,5:40,HLZ,11:35,5h 55m,16,M T W T F S,2S CC,324 km,55 km/hr,22329
11123,Gwalior - Barauni Mail (PT),Exp,NCR,,,GWL,12:05,BJU,12:55,24h 50m,43,S M T W T F S,SL 3A 2A 3E,1055 km,42 km/hr,11124
22640,Alappuzha - MGR Chennai Central SF Express (PT),SF,SR,,,ALLP,15:20,MAS,5:15,13h 55m,23,S M T W T F S,SL 3A 2A 1A,757 km,54 km/hr,22639
11124,Barauni - Gwalior Mail,Exp,NCR,,,BJU,18:45,GWL,20:30,25h 45m,41,S M T W T F S,SL 3A 2A 3E,1055 km,41 km/hr,11123
12987,Sealdah - Ajmer SF Express (PT),SF,NWR,,,SDAH,22:55,AII,1:40,26h 45m,21,S M T W T F S,SL 3A 2A 1A 3E,1644 km,61 km/hr,12988
12968,Jaipur - MGR Chennai Central SF Express (PT),SF,NWR,,,JP,19:35,MAS,8:20,36h 45m,31,S F,SL 3A 2A 1A 3E,2184 km,59 km/hr,12967
14307,Prayagraj Sangam - Bareilly Express,Exp,NR,,,PYGS,1:20,BE,10:50,9h 30m,15,S M T W T F S,SL 3A 2A,433 km,46 km/hr,14308
15666,BG Express (PT),Exp,NFR,,,MXN,6:05,GHY,15:40,9h 35m,17,S M T W T F S,SL 3A 2A,404 km,42 km/hr,15665
15647,Mumbai LTT - Guwahati Express (PT),Exp,NFR,,,LTT,8:05,GHY,12:45,52h 40m,51,F,SL 3A 2A,2735 km,52 km/hr,15648
12851,Bilaspur - MGR Chennai Central Weekly SF Express (PT),SF,SECR,,,BSP,8:45,MAS,8:00,23h 15m,14,S,SL 3A 2A 1A 3E,1413 km,61 km/hr,12852
15945,Mumbai LTT - Dibrugarh Express (PT),Exp,NFR,,,LTT,8:05,DBRG,20:20,60h 15m,52,W S,SL 3A 2A,3127 km,52 km/hr,15946
15639,Puri - Kamakhya Express (via Adra) (PT),Exp,NFR,,,PURI,14:55,KYQ,21:15,30h 20m,25,T,SL 3A 2A,1520 km,50 km/hr,15640
20853,Bhubaneswar - MGR Chennai Central SF Express (PT),SF,ECoR,,,BBS,12:10,MAS,8:20,20h 10m,19,T,SL 3A 2A,1225 km,61 km/hr,20854
15204,Lucknow Jn. - Barauni Express,Exp,ECR,,,LJN,15:15,BJU,8:00,16h 45m,35,S M T W T F S,SL 3A 2A 1A 3E,673 km,40 km/hr,15203
12708,Andhra Pradesh Sampark Kranti Express (PT),SKr,SCoR,,,NZM,5:20,TPTY,21:00,39h 40m,20,S W F,SL 3A 2A 1A,2303 km,58 km/hr,12707
22129,Tulsi SF Express (PT),SF,CR,,,LTT,6:00,AYC,12:15,30h 15m,28,S T,SL 3A 2A,1663 km,55 km/hr,22130
17064,Ajanta Express (PT),Exp,SCR,,,KCG,18:30,MMR,8:30,14h 0m,20,S M T W T F S,SL 3A 2A 1A,626 km,45 km/hr,17063
15631,Barmer - Guwahati Express (PT),Exp,NFR,,,BME,23:45,GHY,23:35,47h 50m,32,S,SL 3A 2A,2470 km,52 km/hr,15632
15629,Nagaon Express (PT),Exp,NFR,,,TBM,18:40,SHTT,3:15,56h 35m,49,M,SL 3A 2A,2969 km,52 km/hr,15630
12696,Thiruvananthapuram Central - M.G.R Chennai Central SF Express (PT),SF,SR,,,TVC,17:15,MAS,10:00,16h 45m,21,S M T W T F S,SL 3A 2A 1A,918 km,55 km/hr,12695
15627,Coimbatore - Silchar Express (PT),Exp,NFR,,,CBE,22:00,SCL,16:45,66h 45m,44,S,SL 3A 2A 3E,3493 km,52 km/hr,15628
15645,Charlapalli - Silchar Express (PT),Exp,NFR,,,CHZ,16:25,SCL,23:55,55h 30m,35,S,SL 3A 2A 3E,2863 km,52 km/hr,15646
12692,Shivamogga Town - MGR Chennai Central Weekly SF Express,SF,SR,,,SMET,17:40,MAS,4:55,11h 15m,18,S,SL 3A 2A 1A 3E,631 km,56 km/hr,12691
15098,Jammu Tawi - Bhagalpur Amarnath Express,Exp,NER,,,JAT,22:45,BGP,9:55,35h 10m,30,T,SL 3A 2A 1A,1780 km,51 km/hr,15097
12509,SMVT Bengaluru - Guwahati SF Express (PT),SF,NFR,,,SMVB,23:40,GHY,4:50,53h 10m,39,W T F,SL 3A 2A,2968 km,56 km/hr,12510
15607,Aronai Express (PT),Exp,NFR,,,TVC,16:55,SCL,16:45,71h 50m,55,T,SL 3A 2A 3E,3916 km,55 km/hr,15608
12690,Kanniyakumari - MGR Chennai Central SF Express (PT),SF,SR,,,CAPE,20:30,MAS,11:25,14h 55m,18,S,SL 3A 2A,899 km,60 km/hr,12689
16127,Chennai Egmore - Guruvayur Express (PT),Exp,SR,,,TBM,11:07,GUV,7:40,20h 33m,47,S M T W T F S,SL 3A 2A,1072 km,52 km/hr,16128
12660,Gurudev SF Express (PT),SF,SR,,,SHM,23:45,NCJ,21:40,45h 55m,42,W,SL 3A 2A,2579 km,56 km/hr,12659
12686,Mangaluru Central - MGR Chennai Central SF Express (PT),SF,SR,,,MAQ,16:55,MAS,8:05,15h 10m,19,S M T W T F S,SL 3A 2A 1A 3E,889 km,59 km/hr,12685
14111,Bapudham Express,Exp,NCR,,,MFP,19:30,PRYJ,8:55,13h 25m,21,M W,SL 3A 2A 1A 3E,665 km,50 km/hr,14112
12707,Andhra Pradesh Sampark Kranti Express (PT),SKr,SCoR,,,TPTY,6:00,NZM,18:35,36h 35m,20,M W F,SL 3A 2A 1A,2304 km,63 km/hr,12708
12659,Gurudev SF Express (PT),SF,SR,,,NCJ,14:45,SHM,12:30,45h 45m,42,S,SL 3A 2A,2579 km,56 km/hr,12660
12010,Ahmedabad - Mumbai Central Shatabdi Express,Shtb,WR,,,ADI,15:10,MMCT,21:45,6h 35m,7,M T W T F S,CC Ex EA EV,493 km,75 km/hr,12009
12682,Coimbatore - MGR Chennai Central Weekly SF Express (PT),SF,SR,,,CBE,23:30,MAS,7:35,8h 5m,6,F,SL 3A 2A,495 km,61 km/hr,12681
12009,Mumbai Central - Ahmedabad Shatabdi Express,Shtb,WR,,,MMCT,6:20,ADI,12:40,6h 20m,7,M T W T F S,CC Ex EA EV,493 km,78 km/hr,12010
19034,Gujarat Queen,Exp,WR,,,ADI,18:10,BL,0:50,6h 40m,24,S M T W T F S,2S CC,299 km,45 km/hr,19033
16552,Ashokapuram - MGR Chennai Central Express,Exp,SWR,,,AP,4:45,MAS,14:35,9h 50m,25,S M T W T F S,2S CC,502 km,51 km/hr,16551
12658,KSR Bengaluru - MGR Chennai Central SF Mail (PT),SF,SWR,,,SBC,22:40,MAS,4:05,5h 25m,6,S M T W T F S,SL 3A 2A 1A,359 km,66 km/hr,12657
19033,Gujarat Queen,Exp,WR,,,BL,4:05,ADI,10:35,6h 30m,24,S M T W T F S,2S CC,299 km,46 km/hr,19034
12902,Gujarat Mail (PT),SF,WR,,,ADI,22:50,DDR,6:15,7h 25m,11,S M T W T F S,SL 3A 2A 1A 3E,487 km,66 km/hr,12901
12602,Mangaluru Central - MGR Chennai Central Mail (PT),SF,SR,,,MAQ,13:55,MAS,6:10,16h 15m,31,S M T W T F S,SL 3A 2A 1A,889 km,55 km/hr,12601
12901,Gujarat Mail (PT),SF,WR,,,DDR,21:40,ADI,5:40,8h 0m,11,S M T W T F S,SL 3A 2A 1A 3E,487 km,61 km/hr,12902
22954,Gujarat SF Express,SF,WR,,,ADI,7:10,MMCT,16:04,8h 54m,24,S M T W T F S,2S CC,493 km,55 km/hr,22953
12291,Yesvantpur - MGR Chennai Central Weekly SF Express (PT),SF,SWR,,,YPR,22:45,MAS,4:55,6h 10m,6,F,SL 3A 2A 1A,366 km,59 km/hr,12292
12657,MGR Chennai Central - KSR Bengaluru SF Mail (PT),SF,SWR,,,MAS,22:50,SBC,4:35,5h 45m,6,S M T W T F S,SL 3A 2A 1A,359 km,62 km/hr,12658
12724,Telangana Express (PT),SF,SCR,,,NDLS,16:00,HYB,17:10,25h 10m,14,S M T W T F S,SL 3A 2A 1A,1677 km,67 km/hr,12723
15661,Ranchi - Kamakhya Express (PT),Exp,NFR,,,RNC,20:25,KYQ,23:55,27h 30m,24,W,SL 3A 2A,1192 km,43 km/hr,15662
22953,Gujarat SF Express,SF,WR,,,MMCT,5:40,ADI,14:30,8h 50m,24,S M T W T F S,2S CC,493 km,56 km/hr,22954
12917,Ahmedabad - Hazrat Nizamuddin Gujarat Sampark Kranti Express (PT),SKr,WR,,,ADI,15:30,NZM,5:50,14h 20m,8,M,SL 3A 2A 1A 3E,1074 km,75 km/hr,12918
17652,Kacheguda - Chengalpattu Express (PT),Exp,SCR,,,KCG,17:00,CGL,8:45,15h 45m,21,M T T S,SL 3A 2A,825 km,52 km/hr,17651
12616,Grand Trunk Express (PT),SF,SR,,,NDLS,16:10,MAS,4:40,36h 30m,36,S M T W T F S,SL 3A 2A 1A,2182 km,60 km/hr,12615
12615,Grand Trunk Express (PT),SF,SR,,,MAS,18:15,NDLS,5:10,34h 55m,37,S M T W T F S,SL 3A 2A 1A,2182 km,63 km/hr,12616
22662,Sethu SF Express (PT),SF,SR,,,RMM,21:10,MS,7:20,10h 10m,16,S M T W T F S,SL 3A 2A 1A,601 km,59 km/hr,22661
16525,Kanniyakumari - KSR Bengaluru Express (PT),Exp,SWR,,,CAPE,10:10,SBC,7:00,20h 50m,44,S M T W T F S,SL 3A 2A 1A 3E,929 km,45 km/hr,16526
13154,Gour Express (PT),Exp,ER,,,MLDT,21:20,SDAH,4:40,7h 20m,10,S M T W T F S,SL 3A 2A 1A,350 km,48 km/hr,13153
13153,Gour Express (PT),Exp,ER,,,SDAH,22:05,MLDT,6:05,8h 0m,9,S M T W T F S,SL 3A 2A 1A,350 km,44 km/hr,13154
16128,Guruvayur - Chennai Egmore Express (PT),Exp,SR,,,GUV,23:15,TBM,19:28,20h 13m,45,S M T W T F S,SL 3A 2A,1072 km,53 km/hr,16127
18205,Durg - Nautanwa Express (via Ayodhya Cantt.) (PT),Exp,SECR,,,DURG,20:05,NTV,21:55,25h 50m,25,T,SL 3A 2A 1A 3E,1144 km,44 km/hr,18206
18201,Durg - Nautanwa Express (via Varanasi) (PT),Exp,SECR,,,DURG,20:05,NTV,21:55,25h 50m,24,W F,SL 3A 2A 1A 3E,1197 km,46 km/hr,18202
22664,Jodhpur - Tambaram Weekly SF Express (PT),SF,SR,,,JU,0:15,TBM,17:10,40h 55m,29,T,SL 3A 2A,2378 km,58 km/hr,22663
20693,Jodhpur - KSR Bengaluru SF Express (via Davangere) (PT),SF,SWR,,,JU,6:15,SBC,20:30,38h 15m,43,T S,SL 3A 2A 1A,2115 km,55 km/hr,20694
12723,Telangana Express (PT),SF,SCR,,,HYB,6:00,NDLS,8:00,26h 0m,16,S M T W T F S,SL 3A 2A 1A,1677 km,64 km/hr,12724
15104,Banaras - Gorakhpur InterCity Express,Exp,NER,,,BNRS,5:30,GKP,11:10,5h 40m,16,S M T W T F S,2S CC,234 km,41 km/hr,15103
15051,Purvanchal Express (via Narkatiaganj) (PT),Exp,NER,,,KOAA,14:35,GKP,8:15,17h 40m,21,F,SL 3A 2A 1A,877 km,50 km/hr,15052
15930,New Tinsukia - Tambaram Express (PT),Exp,NFR,,,NTSK,6:30,TBM,20:35,62h 5m,44,M,SL 3A 2A 1A,3218 km,52 km/hr,15929
15049,Purvanchal Express (Via Mau) (PT),Exp,NER,,,KOAA,14:35,GKP,9:25,18h 50m,24,S W,SL 3A 2A 1A,883 km,47 km/hr,15050
15046,Okha - Gorakhpur Express (PT),Exp,NER,,,OKHA,23:35,GKP,18:55,43h 20m,37,S,SL 3A 2A 1A,2291 km,53 km/hr,15045
15630,Nagaon Express (PT),Exp,NFR,,,SHTT,10:50,TBM,20:35,57h 45m,48,F,SL 3A 2A,2970 km,51 km/hr,15629
20685,Gandhidham - KSR Bengaluru SF Express (PT),SF,SWR,,,GIMB,9:25,SBC,20:40,35h 15m,31,T,SL 3A 2A 1A,1958 km,56 km/hr,20686
22534,Yesvantpur - Gorakhpur SF Express (PT),SF,NER,,,YPR,23:40,GKP,18:55,43h 15m,23,W,SL 3A 2A 1A,2512 km,58 km/hr,22533
15006,Dehradun - Gorakhpur Rapti Ganga Express,Exp,NER,,,DDN,15:15,GKP,7:50,16h 35m,14,T T,SL 3A 2A 1A,814 km,49 km/hr,15005
12668,Kanniyakumari - Tambaram Weekly SF Express (PT),SF,SR,,,CAPE,16:35,TBM,4:10,11h 35m,10,F,SL 3A 2A,715 km,62 km/hr,12667
12592,Yesvantpur - Gorakhpur SF Express (PT),SF,NER,,,YPR,17:30,GKP,15:10,45h 40m,35,M,SL 3A 2A 1A,2512 km,55 km/hr,12591
12590,Charlapalli - Gorakhpur SF Express (PT),SF,NER,,,CHZ,21:45,GKP,6:45,33h 0m,27,T,SL 3A 2A 1A,1811 km,55 km/hr,12589
12634,Kanniyakumari - Chennai Egmore SF Express (PT),SF,SWR,,,CAPE,18:00,MS,6:35,12h 35m,16,S M T W T F S,SL 3A 2A 1A 3E,739 km,59 km/hr,12633
22689,Ahmedabad - Yesvantpur Weekly SF Express (PT),SF,SWR,,,ADI,19:00,YPR,2:30,31h 30m,22,T,SL 3A 2A 1A,1781 km,57 km/hr,22690
16032,Andaman Express,Exp,SR,,,SVDK,22:30,MAS,7:00,56h 30m,72,T F S,SL 3A 2A,2877 km,51 km/hr,16031
12403,Prayagraj - Lalgarh SF Express (via Fatehpur Shekhawati) (PT),SF,NCR,,,PRYJ,23:05,LGH,20:25,21h 20m,30,M T T S,SL 3A 2A 1A 3E,1183 km,55 km/hr,12404
12990,Ajmer - Dadar Western SF Express (PT),SF,NWR,,,AII,20:45,DDR,12:50,16h 5m,20,S W F,SL 3A 2A 3E,980 km,61 km/hr,12989
11050,SCSMT Kolhapur - Ahmedabad Express (PT),Exp,CR,,,KOP,13:30,ADI,7:35,18h 5m,17,S,SL 3A 2A,955 km,53 km/hr,11049
22646,Ahilya Nagari SF Express (PT),SF,SR,,,TVCN,6:35,INDB,5:05,46h 30m,47,S,SL 3A 2A 3E,2642 km,57 km/hr,22645
11037,Pune - Gorakhpur Express (Via Prayagraj) (PT),Exp,CR,,,PUNE,16:15,GKP,0:40,32h 25m,17,T,SL 3A 2A,1765 km,54 km/hr,11038
12556,Gorakhdham SF Express (PT),SF,NER,,,BTI,14:15,GKP,10:00,19h 45m,20,S M T W T F S,SL 3A 2A 1A,1120 km,57 km/hr,12555
12163,Mumbai LTT - MGR Chennai Central SF Express (PT),SF,CR,,,LTT,18:30,MAS,16:10,21h 40m,24,S M T W T F S,SL 3A 2A,1263 km,58 km/hr,12164
12555,Gorakhdham SF Express (PT),SF,NER,,,GKP,16:20,BTI,12:25,20h 5m,21,S M T W T F S,SL 3A 2A 1A,1124 km,56 km/hr,12556
12412,Amritsar - Chandigarh Intercity Express,SF,NR,,,ASR,17:05,CDG,21:15,4h 10m,8,S M T W T F S,2S SL CC 3E,248 km,59 km/hr,12411
15004,Chauri Chaura Express,Exp,NER,,,GKP,23:15,CPA,12:20,13h 5m,27,S M T W T F S,SL 3A 2A 1A,552 km,42 km/hr,15003
16316,Thiruvananthapuram North (Kochuveli) - Mysuru Express (PT),Exp,SR,,,TVCN,16:45,MYS,11:45,19h 0m,25,S M T W T F S,SL 3A 2A 3E,961 km,51 km/hr,16315
12410,Hazrat Nizamuddin - Raigarh Gondwana Express,SF,NR,,,NZM,15:05,RIG,18:05,27h 0m,34,M T W T S,SL 3A 2A 1A 3E,1629 km,60 km/hr,12409
12409,Raigarh - Hazrat Nizamuddin Gondwana Express (PT),SF,NR,,,RIG,3:25,NZM,5:00,25h 35m,34,M W T F S,SL 3A 2A 1A 3E,1629 km,64 km/hr,12410
15003,Chauri Chaura Express,Exp,NER,,,CPA,16:40,GKP,6:10,13h 30m,27,S M T W T F S,SL 3A 2A 1A,552 km,41 km/hr,15004
12406,Hazrat Nizamuddin - Bhusaval Gondwana SF Express,SF,NR,,,NZM,15:05,BSL,15:05,24h 0m,27,S F,SL 3A 2A 1A 3E,1478 km,62 km/hr,12405
12405,Bhusaval - Hazrat Nizamuddin Gondwana SF Express (PT),SF,NR,,,BSL,6:00,NZM,5:00,23h 0m,27,S T,SL 3A 2A 1A 3E,1478 km,64 km/hr,12406
12824,Chhattisgarh Sampark Kranti Express,SKr,SECR,,,NZM,17:55,DURG,14:55,21h 0m,10,S T F,SL 3A 2A 1A 3E,1273 km,61 km/hr,12823
16228,Talguppa - Mysuru Express (via Bengaluru),Exp,SWR,,,TLGP,20:55,MYS,8:20,11h 25m,25,S M T W T F S,SL CC 3A 2A 1A,509 km,45 km/hr,16227
16031,Andaman Express (PT),Exp,SR,,,MAS,5:10,SVDK,10:45,53h 35m,72,S W T,SL 3A 2A,2877 km,54 km/hr,16032
12420,Gomti Express,SF,NR,,,NDLS,12:55,LKO,21:30,8h 35m,15,S M T W T F S,2S CC 2A 1A,512 km,60 km/hr,12419
12419,Gomti Express,SF,NR,,,LKO,5:45,NDLS,15:00,9h 15m,15,S M T W T F S,2S CC 2A 1A,512 km,55 km/hr,12420
12823,Chhattisgarh Sampark Kranti Express (PT),SKr,SECR,,,DURG,12:15,NZM,7:50,19h 35m,10,M T S,SL 3A 2A 1A 3E,1273 km,65 km/hr,12824
12904,Golden Temple Mail (PT),SF,WR,,,ASR,18:55,BDTS,23:55,29h 0m,32,S M T W T F S,SL 3A 2A 1A,1882 km,65 km/hr,12903
12903,Golden Temple Mail (PT),SF,WR,,,BDTS,18:45,ASR,23:45,29h 0m,32,S M T W T F S,SL 3A 2A 1A,1882 km,65 km/hr,12904
12148,Hazrat Nizamuddin - SCSMT Kolhapur SF Express,SF,CR,,,NZM,5:10,KOP,13:30,32h 20m,19,T,SL 3A 2A,1913 km,59 km/hr,12147
12785,Kacheguda - Ashokapuram SF Express (PT),SF,SCR,,,KCG,19:05,AP,9:55,14h 50m,20,S M T W T F S,SL CC 3A 2A 1A,769 km,52 km/hr,12786
17202,Golconda Express,Exp,SCoR,,,SC,12:30,GNT,21:35,9h 5m,23,S M T W T F S,2S CC 3E,380 km,42 km/hr,17201
17201,Golconda Express,Exp,SCoR,,,GNT,6:00,SC,14:05,8h 5m,22,S M T W T F S,2S CC 3E,380 km,47 km/hr,17202
12760,Charminar Express (PT),SF,SCR,,,HYB,18:00,MSB,6:40,12h 40m,15,S M T W T F S,SL 3A 2A 1A,789 km,62 km/hr,12759
12728,Hyderabad - Visakhapatnam Godavari SF Express (PT),SF,SCR,,,HYB,17:05,VSKP,5:55,12h 50m,19,S M T W T F S,SL 3A 2A 1A,708 km,55 km/hr,12727
12727,Visakhapatnam - Hyderabad Godavari SF Express (PT),SF,SCR,,,VSKP,17:20,HYB,6:15,12h 55m,19,S M T W T F S,SL 3A 2A 1A,708 km,55 km/hr,12728
12759,Charminar Express (PT),SF,SCR,,,MSB,18:20,HYB,8:10,13h 50m,15,S M T W T F S,SL 3A 2A 1A,789 km,57 km/hr,12760
12691,MGR Chennai Central - Shivamogga Town Weekly SF Express (PT),SF,SR,,,MAS,23:30,SMET,10:55,11h 25m,15,F,SL 3A 2A 1A 3E,631 km,55 km/hr,12692
12316,Ananya Express,SF,ER,,,UDZ,0:50,KOAA,14:50,38h 0m,20,M,SL 3A 2A 1A 3E,2132 km,56 km/hr,12315
16307,Alappuzha - Kannur Executive Express,Exp,SR,,,ALLP,15:50,CAN,0:30,8h 40m,25,S M T W T F S,2S CC,340 km,39 km/hr,16308
11060,Chhapra - Mumbai LTT Express (PT),Exp,CR,,,CPR,5:45,LTT,15:30,33h 45m,24,M T S,SL 3A 2A,1766 km,52 km/hr,11059
11059,Mumbai LTT - Chhapra Express (PT),Exp,CR,,,LTT,10:55,CPR,21:05,34h 10m,24,T T S,SL 3A 2A,1766 km,52 km/hr,11060
15083,Utsarg Express,Exp,NER,,,CPR,18:00,FBD,12:45,18h 45m,34,S M T W T F S,SL 3A 2A 1A 3E,682 km,36 km/hr,15084
11056,Godan Express (PT),Exp,CR,,,GKP,6:35,LTT,15:30,32h 55m,21,S T W F,SL 3A 2A,1726 km,52 km/hr,11055
11055,Godan Express (PT),Exp,CR,,,LTT,10:55,GKP,20:35,33h 40m,21,S M W F,SL 3A 2A,1726 km,51 km/hr,11056
12231,Lucknow - Chandigarh SF Express,SF,NR,,,LKO,22:25,CDG,10:05,11h 40m,14,S M T W T F S,SL 3A 2A 1A 3E,644 km,55 km/hr,12232
12683,Ernakulam Jn. - SMVT Bengaluru SF Express (PT),SF,SR,,,ERS,16:50,SMVB,3:55,11h 5m,11,S M W,SL 3A 2A,603 km,54 km/hr,12684
12450,Goa Sampark Kranti Express,SKr,NR,,,CDG,2:17,MAO,13:30,35h 13m,14,M S,SL 3A 2A 1A 3E,2162 km,61 km/hr,12449
12449,Goa Sampark Kranti Express,SKr,NR,,,MAO,10:00,CDG,18:25,32h 25m,14,T W,SL 3A 2A 1A 3E,2162 km,67 km/hr,12450
16216,Chamundi Express,Exp,SWR,,,SBC,18:25,MYS,21:10,2h 45m,8,S M T W T F S,2S CC,138 km,50 km/hr,16215
12780,Goa Express (PT),SF,SWR,,,NZM,15:15,VSG,7:00,39h 45m,31,S M T W T F S,SL 3A 2A 1A 3E,2163 km,54 km/hr,12779
12779,Goa Express (PT),SF,SWR,,,VSG,15:10,NZM,6:25,39h 15m,31,S M T W T F S,SL 3A 2A 1A 3E,2163 km,55 km/hr,12780
16215,Chamundi Express,Exp,SWR,,,MYS,6:45,SBC,9:35,2h 50m,8,S M T W T F S,2S CC,138 km,49 km/hr,16216
16551,MGR Chennai Central - Ashokapuram Express,Exp,SWR,,,MAS,13:35,AP,23:25,9h 50m,25,S M T W T F S,2S CC,502 km,51 km/hr,16552
12315,Ananya Express (PT),SF,ER,,,KOAA,13:10,UDZ,0:48,35h 38m,20,T,SL 3A 2A 1A 3E,2132 km,60 km/hr,12316
15052,Purvanchal Express (via Narkatiaganj),Exp,NER,,,GKP,10:05,KOAA,4:40,18h 35m,22,T,SL 3A 2A 1A,877 km,47 km/hr,15051
15050,Purvanchal Express (Via Mau) (PT),Exp,NER,,,GKP,8:35,KOAA,4:40,20h 5m,24,W S,SL 3A 2A 1A,883 km,44 km/hr,15049
12178,Mathura - Howrah Chambal Express (PT),SF,NCR,,,MTJ,5:00,HWH,6:55,25h 55m,33,M,SL 3A 2A 1A 3E,1459 km,56 km/hr,12177
12860,Gitanjali Express (PT),SF,SER,,,HWH,13:40,CSMT,21:20,31h 40m,24,S M T W T F S,SL 3A 2A 3E,1964 km,62 km/hr,12859
12859,Gitanjali Express (PT),SF,SER,,,CSMT,6:00,HWH,13:50,31h 50m,25,S M T W T F S,SL 3A 2A 3E,1964 km,62 km/hr,12860
12177,Howrah - Mathura Chambal Express (PT),SF,NCR,,,HWH,17:45,MTJ,19:45,26h 0m,33,F,SL 3A 2A 1A 3E,1459 km,56 km/hr,12178
12591,Gorakhpur - Yesvantpur SF Express (PT),SF,NER,,,GKP,6:33,YPR,2:30,43h 57m,35,S,SL 3A 2A 1A,2512 km,57 km/hr,12592
12108,Sitapur Jn. - Mumbai LTT SF Express (PT),SF,CR,,,STP,20:45,LTT,21:50,25h 5m,12,S T T,SL 3A 2A,1493 km,60 km/hr,12107
18310,Jammu Tawi - Sambalpur Express,Exp,ECoR,,,JAT,14:20,SBP,16:30,50h 10m,70,S T T F,SL 3A 2A,2348 km,47 km/hr,18309
15628,Silchar - Coimbatore Express (PT),Exp,NFR,,,SCL,19:10,CBE,12:05,64h 55m,43,T,SL 3A 2A 3E,3493 km,54 km/hr,15627
18309,Sambalpur - Jammu Tawi Express (PT),Exp,ECoR,,,SBP,10:40,JAT,15:00,52h 20m,69,M T T S,SL 3A 2A,2348 km,45 km/hr,18310
18189,Tatanagar - Ernakulam Jn. Express (PT),Exp,SER,,,TATA,5:00,ERS,1:55,44h 55m,50,S M T W T F S,SL 3A 2A 3E,2296 km,51 km/hr,18190
15946,Dibrugarh - Mumbai LTT Express (PT),Exp,NFR,,,DBRG,5:00,LTT,17:50,60h 50m,54,S W,SL 3A 2A,3127 km,51 km/hr,15945
12176,Gwalior - Howrah Chambal Express,SF,NCR,,,GWL,7:40,HWH,6:55,23h 15m,29,T S,SL 3A 2A 1A 3E,1288 km,55 km/hr,12175
16593,KSR Bengaluru - Hazur Sahib Nanded Express,Exp,SWR,,,SBC,23:20,NED,23:10,23h 50m,35,S M T W T F S,SL 3A 2A,1039 km,44 km/hr,16594
15651,Lohit Express (PT),Exp,NFR,,,GHY,14:00,JAT,13:00,47h 0m,41,M,SL 3A 2A,2346 km,50 km/hr,15652
15652,Lohit Express (PT),Exp,NFR,,,JAT,22:45,GHY,22:55,48h 10m,42,W,SL 3A 2A,2346 km,49 km/hr,15651
22102,Madurai - Mumbai LTT Weekly SF Express (PT),SF,CR,,,MDU,16:00,LTT,20:30,28h 30m,23,F,SL 3A 2A,1695 km,59 km/hr,22101
18609,Ranchi - Mumbai LTT Express (PT),Exp,SER,,,RNC,20:45,LTT,7:25,34h 40m,26,W,SL 3A 2A 1A,2004 km,58 km/hr,18610
18610,Mumbai LTT - Ranchi Express (PT),Exp,SER,,,LTT,16:35,RNC,6:50,38h 15m,26,F,SL 3A 2A 1A,2007 km,52 km/hr,18609
11014,Coimbatore - Mumbai LTT Express (PT),Exp,CR,,,CBE,8:50,LTT,13:55,29h 5m,31,S M T W T F S,SL 3A 2A 1A,1496 km,51 km/hr,11013
22927,Lokshakti Express (PT),SF,WR,,,BDTS,19:40,VDG,6:40,11h 0m,22,S M T W T F S,SL 3A 2A 1A 3E,584 km,53 km/hr,22928
22928,Lokshakti Express (PT),SF,WR,,,VDG,18:20,BDTS,5:25,11h 5m,18,S M T W T F S,SL 3A 2A 1A 3E,584 km,53 km/hr,22927
16093,MGR Chennai Central - Lucknow Jn.Express (PT),Exp,SR,,,MAS,5:10,LJN,20:20,39h 10m,44,T S,SL 3A 2A,2088 km,53 km/hr,16094
12229,Lucknow Mail (PT),SF,NR,,,LKO,22:00,NDLS,6:55,8h 55m,7,S M T W T F S,SL 3A 2A 1A 3E,491 km,55 km/hr,12230
12230,Lucknow Mail (PT),SF,NR,,,NDLS,22:00,LKO,6:40,8h 40m,8,S M T W T F S,SL 3A 2A 1A 3E,491 km,57 km/hr,12229
12107,Mumbai LTT - Sitapur Jn. SF Express (PT),SF,CR,,,LTT,16:25,STP,17:35,25h 10m,12,M W S,SL 3A 2A,1493 km,59 km/hr,12108
12750,Bidar - Machilipatnam SF Express (PT),SF,SCoR,,,BIDR,19:35,MTM,6:20,10h 45m,15,S M T W T F S,SL 3A 2A 1A,592 km,55 km/hr,12749
12121,Madhya Pradesh Sampark Kranti Express (PT),SKr,WCR,,,JBP,19:20,NZM,7:50,12h 30m,5,S W F,SL 3A 2A 1A 3E,904 km,72 km/hr,12122
22101,Mumbai LTT - Madurai Weekly SF Express (PT),SF,CR,,,LTT,13:15,MDU,18:30,29h 15m,24,W,SL 3A 2A,1695 km,58 km/hr,22102
20801,Magadh Express,SF,SER,,,IPR,15:30,NDLS,12:00,20h 30m,27,S M T W T F S,SL 3A 2A 1A 3E,1063 km,52 km/hr,20802
20802,Magadh Express,SF,SER,,,NDLS,21:05,IPR,15:25,18h 20m,27,S M T W T F S,SL 3A 2A 1A 3E,1063 km,58 km/hr,20801
12397,Mahabodhi Express (PT),SF,ECR,,,GAYA,14:00,NDLS,4:10,14h 10m,14,S M T W T F S,SL 3A 2A 1A 3E,992 km,70 km/hr,12398
12398,Mahabodhi Express,SF,ECR,,,NDLS,12:25,GAYA,2:55,14h 30m,14,S M T W T F S,SL 3A 2A 1A 3E,992 km,68 km/hr,12397
17412,Mahalaxmi Express (PT),Exp,SCoR,,,KOP,20:55,CSMT,7:25,10h 30m,15,S M T W T F S,SL 2A 1A 3E,518 km,49 km/hr,17411
22177,Mahanagari SF Express (PT),SF,CR,,,CSMT,0:15,BNRS,3:45,27h 30m,29,S M T W T F S,SL 3A 2A 1A,1513 km,55 km/hr,22178
22178,Mahanagari SF Express,SF,CR,,,BNRS,9:35,CSMT,11:40,26h 5m,27,S M T W T F S,SL 3A 2A 1A,1511 km,58 km/hr,22177
11039,Maharashtra Express (PT),Exp,CR,,,KOP,14:50,G,18:35,27h 45m,53,S M T W T F S,SL 3A 2A,1341 km,48 km/hr,11040
11040,Maharashtra Express (PT),Exp,CR,,,G,8:10,KOP,11:25,27h 15m,52,S M T W T F S,SL 3A 2A,1341 km,49 km/hr,11039
12908,Maharashtra Sampark Kranti Express (PT),SKr,WR,,,NZM,16:30,BDTS,9:15,16h 45m,5,M T,SL 3A 2A 1A 3E,1367 km,82 km/hr,12907
16232,Mysuru - Cuddalore Port Express,Exp,SWR,,,MYS,16:15,CUPJ,8:35,16h 20m,25,S M T W T F S,SL CC 3A 2A,753 km,46 km/hr,16231
16629,Malabar Express (PT),Exp,SR,,,TVC,18:40,MAQ,10:15,15h 35m,51,S M T W T F S,SL 3A 2A 1A,632 km,41 km/hr,16630
16630,Malabar Express (PT),Exp,SR,,,MAQ,18:15,TVC,8:30,14h 15m,51,S M T W T F S,SL 3A 2A 1A,632 km,44 km/hr,16629
12919,Malwa SF Express (PT),SF,WR,,,DADN,11:50,SVDK,16:30,28h 40m,48,S M T W T F S,SL 3A 2A 1A 3E,1641 km,57 km/hr,12920
12920,Malwa SF Express,SF,WR,,,SVDK,8:35,DADN,14:25,29h 50m,48,S M T W T F S,SL 3A 2A 1A 3E,1641 km,55 km/hr,12919
22492,Mandore Superfast Express,SF,NWR,,,DLI,21:20,JU,7:30,10h 10m,18,S M T W T F S,SL 3A 2A 1A 3E,618 km,61 km/hr,22491
22491,Mandore Superfast Express (PT),SF,NWR,,,JU,20:30,DLI,6:45,10h 15m,16,S M T W T F S,SL 3A 2A 1A 3E,618 km,60 km/hr,22492
10103,Mandovi Express,Exp,KR,,,CSMT,7:10,MAO,21:55,14h 45m,18,S M T W T F S,SL 3A 2A 1A 3E,581 km,39 km/hr,10104
10104,Mandovi Express (PT),Exp,KR,,,MAO,8:30,CSMT,21:45,13h 15m,18,S M T W T F S,SL 3A 2A 1A 3E,581 km,44 km/hr,10103
12617,Mangala Lakshadweep SF Express (PT),SF,SR,,,ERS,10:30,NZM,13:35,51h 5m,47,S M T W T F S,SL 3A 2A 3E,2761 km,54 km/hr,12618
12618,Mangala Lakshadweep Express (PT),SF,SR,,,NZM,5:35,ERS,8:00,50h 25m,41,S M T W T F S,SL 3A 2A 3E,2761 km,55 km/hr,12617
12685,MGR Chennai Central - Mangaluru Central SF Express (PT),SF,SR,,,MAS,16:20,MAQ,7:20,15h 0m,19,S M T W T F S,SL 3A 2A 1A 3E,889 km,59 km/hr,12686
16347,Thiruvananthapuram Central - Mangaluru Central Express (PT),Exp,SR,,,TVC,20:55,MAQ,11:20,14h 25m,46,S M T W T F S,SL 3A 2A 3E,632 km,44 km/hr,16348
12601,MGR Chennai Central - Mangaluru Central Mail (PT),SF,SR,,,MAS,20:10,MAQ,12:06,15h 56m,29,S M T W T F S,SL 3A 2A 1A,889 km,56 km/hr,12602
17688,Marathwada Express,Exp,SCR,,,DAB,4:00,MMR,13:40,9h 40m,21,S M T W T F S,2S CC,419 km,43 km/hr,17687
14853,Marudhar Express (via Ayodhya Cantt),Exp,NWR,,,BCY,16:40,JU,17:30,24h 50m,37,M W S,SL 3A 2A 3E,1203 km,48 km/hr,14854
14854,Marudhar Express (via Ayodhya Cantt),Exp,NWR,,,JU,8:35,BCY,10:00,25h 25m,38,M T S,SL 3A 2A 3E,1203 km,47 km/hr,14853
14863,Marudhar Express (Via Sultanpur),Exp,NWR,,,BCY,16:40,JU,17:30,24h 50m,33,S T F,SL 3A 2A 3E,1163 km,47 km/hr,14864
14864,Marudhar Express (Via Sultanpur),Exp,NWR,,,JU,8:35,BCY,7:00,22h 25m,34,S T F,SL 3A 2A 3E,1163 km,52 km/hr,14863
12977,Marusagar SF Express (PT),SF,NWR,,,ERS,18:50,AII,15:25,44h 35m,31,S,SL 3A 2A 1A 3E,2556 km,57 km/hr,12978
12978,Marusagar SF Express (PT),SF,NWR,,,AII,10:15,ERS,5:45,43h 30m,31,F,SL 3A 2A 1A 3E,2556 km,59 km/hr,12977
12619,Matsyagandha Express (PT),SF,SR,,,LTT,15:10,MAQ,10:20,19h 10m,21,S M T W T F S,SL 3A 2A 3E,883 km,46 km/hr,12620
12620,Matsyagandha Express (PT),SF,SR,,,MAQ,12:45,LTT,6:35,17h 50m,19,S M T W T F S,SL 3A 2A 3E,883 km,49 km/hr,12619
15027,Maurya Express (PT),Exp,NER,,,SBP,9:20,GKP,16:35,31h 15m,54,S M T W T F S,SL 3A 2A,1164 km,37 km/hr,15028
15028,Maurya Express,Exp,NER,,,GKP,7:15,SBP,14:40,31h 25m,53,S M T W T F S,SL 3A 2A,1164 km,37 km/hr,15027
16603,Maveli Express (PT),Exp,SR,,,MAQ,17:40,TVC,6:20,12h 40m,28,S M T W T F S,SL 3A 2A 1A,620 km,49 km/hr,16604
16604,Maveli Express (PT),Exp,SR,,,TVC,19:25,MAQ,8:15,12h 50m,29,S M T W T F S,SL 3A 2A 1A,620 km,48 km/hr,16603
16733,Rameswaram - Okha Weekly Express (PT),Exp,SR,,,RMM,22:50,OKHA,10:20,59h 30m,45,F,SL 3A 2A,3153 km,53 km/hr,16734
56137,Udagamandalam - Mettupalayam MG Passenger,Toy,SR,,,UAM,14:00,MTP,17:30,3h 30m,5,S M T W T F S,2S FC,46 km,13 km/hr,56136
56136,Mettupalayam - Udagamandalam MG Passenger,Toy,SR,,,MTP,7:10,UAM,11:55,4h 45m,9,S M T W T F S,2S FC,46 km,10 km/hr,56137
12963,Mewar SF Express,SF,NWR,,,NZM,18:25,UDZ,7:30,13h 5m,16,S M T W T F S,SL 3A 2A 1A 3E,743 km,57 km/hr,12964
12964,Mewar SF Express (PT),SF,NWR,,,UDZ,18:30,NZM,6:50,12h 20m,16,S M T W T F S,SL 3A 2A 1A 3E,743 km,60 km/hr,12963
11062,Pawan Express (PT),Exp,CR,,,JYG,13:10,LTT,0:30,35h 20m,41,S M T W T F S,SL 3A 2A,1942 km,55 km/hr,11061
12645,Millennium SF Express (PT),SF,SR,,,ERS,19:10,NZM,18:45,47h 35m,26,S,SL 3A 2A,2806 km,59 km/hr,12646
12646,Millennium SF Express (PT),SF,SR,,,NZM,5:10,ERS,3:10,46h 0m,25,T,SL 3A 2A 3E,2806 km,61 km/hr,12645
13021,Mithila Express (PT),Exp,ER,,,HWH,15:50,RXL,9:15,17h 25m,43,S M T W T F S,SL 3A 2A,693 km,40 km/hr,13022
13022,Mithila Express (PT),Exp,ER,,,RXL,10:10,HWH,4:00,17h 50m,40,S M T W T F S,SL 3A 2A,693 km,39 km/hr,13021
13155,Mithilanchal Express (PT),Exp,ER,,,KOAA,20:55,SMI,11:15,14h 20m,18,S T,SL 3A 2A 3E,620 km,43 km/hr,13156
13156,Mithilanchal Express,Exp,ER,,,SMI,12:35,KOAA,3:00,14h 25m,18,M F,SL 3A 2A 3E,620 km,43 km/hr,13155
17207,Sainagar Shirdi - Machilipatnam Weekly Express (PT),Exp,SCoR,,,SNSI,17:00,MTM,17:35,24h 35m,34,W,SL 3A 2A 1A,1206 km,49 km/hr,17208
17205,Sainagar Shirdi - Kakinada Port Express (PT),Exp,SCoR,,,SNSI,17:00,COA,19:45,26h 45m,37,S T T,SL 3A 2A 1A 3E,1340 km,50 km/hr,17206
16734,Okha - Rameswaram Express (PT),Exp,SR,,,OKHA,8:40,RMM,19:10,58h 30m,46,T,SL 3A 2A,3153 km,54 km/hr,16733
17001,Sainagar Shirdi - Secunderabad Express (PT),Exp,SCR,,,SNSI,17:00,SC,8:55,15h 55m,20,M S,SL 3A 2A,777 km,49 km/hr,17002
22663,Tambaram - Jodhpur Weekly SF Express (PT),SF,SR,,,TBM,14:50,JU,8:05,41h 15m,29,S,SL 3A 2A,2378 km,58 km/hr,22664
13238,Kota - Patna Express (via Ayodhya Cantt) (PT),Exp,ECR,,,KOTA,18:10,PNBE,19:30,25h 20m,28,S T F,SL 3A 2A 1A 3E,1279 km,50 km/hr,13237
22731,Hyderabad - Mumbai CSMT SF Express (PT),SF,SCR,,,HYB,22:40,CSMT,13:05,14h 25m,20,S M T W T F S,SL 3A 2A,789 km,55 km/hr,22732
22160,MGR Chennai Central - Mumbai CSMT SF Express (PT),SF,CR,,,MAS,13:15,CSMT,12:30,23h 15m,29,S M T W T F S,SL 2A 3E,1280 km,55 km/hr,22159
16332,Thiruvananthapuram Central - Mumbai LTT Express (PT),Exp,SR,,,TVC,4:25,LTT,18:50,38h 25m,38,S,SL 3A 2A 3E,1911 km,50 km/hr,16331
16340,Nagercoil - Mumbai LTT Express (Via Katpadi) (PT),Exp,SR,,,NCJ,6:45,LTT,18:50,36h 5m,37,M T W F,SL 3A 2A,1863 km,52 km/hr,16339
22158,Chennai Egmore - Mumbai CSMT SF Mail (PT),SF,CR,,,MS,6:35,CSMT,5:50,23h 15m,32,S M T W T F S,SL 3A 2A,1286 km,55 km/hr,22157
12321,Howrah - Mumbai CSMT Mail (Via Gaya) (PT),SF,ER,,,HWH,23:40,CSMT,13:15,37h 35m,44,S M T W T F S,SL 3A 2A 1A,2160 km,57 km/hr,12322
12322,Mumbai CSMT - Howrah Mail (Via Gaya) (PT),SF,ER,,,CSMT,22:15,HWH,11:10,36h 55m,45,S M T W T F S,SL 3A 2A 1A,2160 km,59 km/hr,12321
14341,Mussoorie Express,Exp,NR,,,SSB,21:20,DDN,9:05,11h 45m,18,S M T W T F S,SL 3A 2A 1A,345 km,29 km/hr,14342
14342,Mussoorie Express,Exp,NR,,,DDN,21:20,SSB,8:25,11h 5m,18,S M T W T F S,SL 3A 2A 1A,345 km,31 km/hr,14341
14112,Bapudham Express,Exp,NCR,,,PRYJ,4:50,MFP,18:10,13h 20m,21,M W,SL 3A 2A 1A 3E,665 km,50 km/hr,14111
11061,Pawan Express (PT),Exp,CR,,,LTT,11:30,JYG,2:10,38h 40m,43,S M T W T F S,SL 3A 2A,1942 km,50 km/hr,11062
15227,SMVT Bengaluru - Muzaffarpur Express (PT),Exp,ECR,,,SMVB,0:30,MFP,1:50,49h 20m,33,T,SL 3A 2A 1A 3E,2701 km,55 km/hr,15228
20651,KSR Bengaluru - Talguppa InterCity Express,SF,SWR,,,SBC,15:00,TLGP,21:45,6h 45m,14,S M T W T F S,2S CC,371 km,55 km/hr,20652
16235,Tuticorin - Mysuru Express (PT),Exp,SWR,,,TN,17:30,MYS,10:20,16h 50m,32,S M T W T F S,SL CC 3A 2A,776 km,46 km/hr,16236
16231,Cuddalore Port - Mysuru Express (PT),Exp,SWR,,,CUPJ,16:30,MYS,8:35,16h 5m,25,S M T W T F S,SL CC 3A 2A,753 km,47 km/hr,16232
16339,Mumbai LTT - Nagercoil Express (via Katpadi) (PT),Exp,SR,,,LTT,20:55,NCJ,9:45,36h 50m,38,T W T S,SL 3A 2A,1863 km,51 km/hr,16340
16351,Mumbai LTT - Nagercoil Express (Via Renigunta) (PT),Exp,SR,,,LTT,20:55,NCJ,7:00,34h 5m,42,M F,SL 3A 2A,1930 km,57 km/hr,16352
16335,Gandhidham - Nagercoil Weekly Express (PT),Exp,SR,,,GIMB,10:40,NCJ,9:40,47h 0m,56,F,SL 3A 2A,2343 km,50 km/hr,16336
12667,Tambaram - Kanniyakumari Weekly SF Express (PT),SF,SR,,,TBM,19:30,CAPE,7:15,11h 45m,10,T,SL 3A 2A,715 km,61 km/hr,12668
12689,MGR Chennai Central - Kanniyakumari SF Express (PT),SF,SR,,,MAS,19:00,CAPE,10:45,15h 45m,17,F,SL 3A 2A,899 km,57 km/hr,12690
12135,Pune - Nagpur SF Express (PT),SF,CR,,,PUNE,17:35,NGP,9:10,15h 35m,17,S T T,SL 3A 2A,885 km,57 km/hr,12136
12160,Jabalpur - Amravati SF Express,SF,WCR,,,JBP,21:20,AMI,9:50,12h 30m,20,S M T W T F S,SL 3A 2A 1A 3E,724 km,58 km/hr,12159
18239,Shivnath Express,Exp,SECR,,,KRBA,18:13,NITR,5:30,11h 17m,28,S M T W T F S,SL 3A 2A 1A 3E,498 km,44 km/hr,18240
18240,Shivnath Express,Exp,SECR,,,NITR,23:55,KRBA,9:20,9h 25m,20,S M T W T F S,SL 3A 2A 1A 3E,498 km,53 km/hr,18239
17629,Hadapsar - Hazur Sahib Nanded Express,Exp,SCR,,,HDP,21:50,NED,10:20,12h 30m,11,S M T W T F S,SL 3A 2A,652 km,52 km/hr,17630
11001,Nandigram Express (PT),Exp,CR,,,CSMT,16:35,BPQ,13:25,20h 50m,27,S M T W T F S,SL 3A 2A 1A,939 km,45 km/hr,11002
11002,Nandigram Express (PT),Exp,CR,,,BPQ,9:15,CSMT,5:35,20h 20m,28,S M T W T F S,SL 3A 2A 1A,939 km,46 km/hr,11001
12733,Narayanadri SF Express (PT),SF,SCoR,,,TPTY,18:20,LPI,6:45,12h 25m,20,S M T W T F S,SL 3A 2A 1A 3E,685 km,55 km/hr,12734
12734,Narayanadri SF Express (PT),SF,SCoR,,,LPI,17:30,TPTY,5:55,12h 25m,20,S M T W T F S,SL 3A 2A 1A 3E,685 km,55 km/hr,12733
15215,Muzaffarpur - Narkatiaganj MEMU Intercity Express (UnReserved),Exp,ECR,,,MFP,7:35,NKE,11:45,4h 10m,12,S M T W T F S,,160 km,38 km/hr,15216
18233,Narmada Express (PT),Exp,SECR,,,INDB,16:10,BSP,13:50,21h 40m,50,S M T W T F S,SL 3A 2A 1A,1007 km,46 km/hr,18234
18234,Narmada Express,Exp,SECR,,,BSP,11:35,INDB,10:55,23h 20m,51,S M T W T F S,SL 3A 2A 1A,1007 km,43 km/hr,18233
17256,Lingampalli - Narasapur Express (PT),Exp,SCoR,,,LPI,21:00,NS,8:15,11h 15m,16,S M T W T F S,SL 3A 2A 1A,475 km,42 km/hr,17255
11025,Pune - Amravati Express (via Manmad),Exp,CR,,,PUNE,11:05,AMI,1:05,14h 0m,18,S M T W T F S,2S SL CC 3E,720 km,51 km/hr,11026
14241,Nauchandi Express,Exp,NR,,,PYGS,17:50,SRE,10:40,16h 50m,28,S M T W T F S,SL 3A 2A 1A,771 km,46 km/hr,14242
14242,Nauchandi Express,Exp,NR,,,SRE,17:15,PYGS,9:20,16h 5m,27,S M T W T F S,SL 3A 2A 1A,771 km,48 km/hr,14241
12656,Navjeevan SF Express (PT),SF,SR,,,MAS,10:10,ADI,18:00,31h 50m,43,S M T W T F S,SL 3A 2A 1A,1892 km,59 km/hr,12655
12655,Navjeevan SF Express (PT),SF,SR,,,ADI,21:25,MAS,5:10,31h 45m,42,S M T W T F S,SL 3A 2A 1A,1892 km,60 km/hr,12656
16352,Nagercoil - Mumbai LTT Express (via Renigunta) (PT),Exp,SR,,,NCJ,6:15,LTT,18:50,36h 35m,40,S T,SL 3A 2A,1930 km,53 km/hr,16351
12191,Shridham SF Express,SF,WCR,,,NZM,14:05,JBP,8:20,18h 15m,23,S M T W T F S,SL 3A 2A 1A 3E,1032 km,57 km/hr,12192
12875,Neelachal Express (PT),SF,ECoR,,,PURI,11:00,ANVT,21:20,34h 20m,42,S T F,SL 3A 2A 1A 3E,1897 km,55 km/hr,12876
12876,Neelachal Express (PT),SF,ECoR,,,ANVT,7:30,PURI,17:55,34h 25m,41,S T F,SL 3A 2A 1A 3E,1896 km,55 km/hr,12875
12631,Nellai SF Express (PT),SF,SR,,,MS,20:50,TEN,7:00,10h 10m,13,S M T W T F S,SL 3A 2A 1A,650 km,64 km/hr,12632
12632,Nellai SF Express (PT),SF,SR,,,TEN,20:50,MS,7:10,10h 20m,14,S M T W T F S,SL 3A 2A 1A,650 km,63 km/hr,12631
16346,Netravati Express (PT),Exp,SR,,,TVC,9:15,LTT,17:05,31h 50m,47,S M T W T F S,SL 3A 2A 3E,1498 km,47 km/hr,16345
16345,Netravati Express (PT),Exp,SR,,,LTT,11:40,TVC,19:35,31h 55m,47,S M T W T F S,SL 3A 2A 3E,1498 km,47 km/hr,16346
13147,Uttarbanga Express (PT),Exp,ER,,,SDAH,19:40,BXT,10:45,15h 5m,26,S M T W T F S,SL 3A 2A 1A,749 km,50 km/hr,13148
12323,Howrah - Barmer SF Express (PT),SF,ER,,,HWH,18:50,BME,6:30,35h 40m,24,T F,SL 3A 2A 1A,2279 km,64 km/hr,12324
12349,Godda - New Delhi Weekly Humsafar Express,Hms,ER,,,GODA,14:05,NDLS,12:50,22h 45m,17,M,SL 3A,1326 km,58 km/hr,12350
12427,Rewa - Anand Vihar Terminal SF Express (PT),SF,NR,,,REWA,16:20,ANVT,6:40,14h 20m,11,S M T W T F S,SL 3A 2A 1A 3E,849 km,59 km/hr,12428
14680,Amritsar - Delhi Intercity Express,Exp,NR,,,ASR,6:15,DLI,14:15,8h 0m,15,S M T W T F S,2S CC,447 km,56 km/hr,14679
12815,Nandan Kanan Express (PT),SF,ECoR,,,PURI,11:00,ANVT,15:10,28h 10m,27,M W T S,SL 3A 2A 1A 3E,1790 km,64 km/hr,12816
15303,Kasganj - New Delhi Intercity Express,Exp,NER,,,KSJ,2:50,NDLS,10:20,7h 30m,18,S M T W T F S,2S CC,359 km,48 km/hr,15304
14682,Jalandhar City - Delhi Intercity Express,Exp,NR,,,JUC,4:00,DLI,13:25,9h 25m,20,S M T W T F S,2S CC,433 km,46 km/hr,14681
14508,Fazilka - Delhi Intercity Express,Exp,NR,,,FKA,2:05,DLI,12:45,10h 40m,26,S M T W T F S,SL CC 3A,522 km,49 km/hr,14507
12672,Nilgiri SF Express (PT),SF,SR,,,MTP,21:20,MAS,6:25,9h 5m,7,S M T W T F S,SL 3A 2A 1A 3E,531 km,58 km/hr,12671
20811,Visakhapatnam - Hazur Sahib Nanded SF Express (PT),SF,SCoR,,,VSKP,20:00,NED,13:40,17h 40m,11,T W S,SL 3A 2A 3E,959 km,54 km/hr,20812
12147,SCSMT Kolhapur - Hazrat Nizamuddin SF Express (PT),SF,CR,,,KOP,9:35,NZM,18:45,33h 10m,19,T,SL 3A 2A,1913 km,58 km/hr,12148
12643,Thiruvananthapuram Central - Hazrat Nizamuddin Swarna Jayanti SF Express (PT),SF,SR,,,TVC,14:15,NZM,18:45,52h 30m,30,T,SL 3A 2A 3E,3012 km,57 km/hr,12644
12505,North East Express (PT),SF,NFR,,,KYQ,12:40,ANVT,21:50,33h 10m,32,S M T W T F S,SL 3A 2A 1A,1856 km,56 km/hr,12506
12506,North East Express,SF,NFR,,,ANVT,7:40,KYQ,16:25,32h 45m,31,S M T W T F S,SL 3A 2A 1A,1856 km,57 km/hr,12505
15045,Gorakhpur - Okha Express (PT),Exp,NER,,,GKP,4:55,OKHA,3:10,46h 15m,38,T,SL 3A 2A 1A,2291 km,50 km/hr,15046
16338,Ernakulam - Okha Express (PT),Exp,SR,,,ERS,20:25,OKHA,16:30,44h 5m,47,W F,SL 3A 2A,2252 km,51 km/hr,16337
20819,Puri - Okha Dwarka SF Express (PT),SF,ECoR,,,PURI,9:50,OKHA,10:10,48h 20m,39,S,SL 3A 2A,2778 km,57 km/hr,20820
12103,Pune - Lucknow Jn. SF Express (PT),SF,CR,,,PUNE,11:20,LJN,13:20,26h 0m,12,T,SL 3A 2A,1475 km,57 km/hr,12104
12763,Padmavathi SF Express (PT),SF,SCoR,,,TPTY,16:55,SC,6:15,13h 20m,14,M T W F S,SL 3A 2A 1A 3E,735 km,55 km/hr,12764
12764,Padmavathi SF Express (PT),SF,SCoR,,,SC,18:40,TPTY,6:55,12h 15m,17,S M T T F,SL 3A 2A 1A 3E,735 km,60 km/hr,12763
13348,Palamu Express,Exp,ECR,,,PNBE,20:20,BRKA,8:05,11h 45m,31,S M T W T F S,SL 3A 2A,492 km,42 km/hr,13347
13347,Palamu Express,Exp,ECR,,,BRKA,18:30,PNBE,6:50,12h 20m,31,S M T W T F S,SL 3A 2A,492 km,40 km/hr,13348
12605,Pallavan Superfast Express,SF,SR,,,MS,15:40,KKDI,22:30,6h 50m,12,S M T W T F S,2S CC,426 km,62 km/hr,12606
12606,Pallavan Superfast Express,SF,SR,,,KKDI,5:40,MS,12:15,6h 35m,12,S M T W T F S,2S CC,426 km,65 km/hr,12605
12747,Palnadu SF Express,SF,SCoR,,,GNT,5:45,VKB,12:20,6h 35m,13,S M T W T F S,2S CC 3A,353 km,54 km/hr,12748
12748,Palnadu SF Express,SF,SCoR,,,VKB,15:00,GNT,21:25,6h 25m,13,S M T W T F S,2S CC 3A,353 km,55 km/hr,12747
12637,Pandian SF Express (PT),SF,SR,,,MS,21:40,MDU,5:25,7h 45m,9,S M T W T F S,SL 3A 2A 1A,493 km,64 km/hr,12638
12638,Pandian SF Express (PT),SF,SR,,,MDU,21:25,MS,5:20,7h 55m,10,S M T W T F S,SL 3A 2A 1A,493 km,62 km/hr,12637
12925,Paschim SF Express (PT),SF,WR,,,BDTS,11:30,ASR,20:10,32h 40m,39,S M T W T F S,SL 3A 2A 1A,1866 km,57 km/hr,12926
12926,Paschim SF Express (PT),SF,WR,,,ASR,7:20,BDTS,14:40,31h 20m,38,S M T W T F S,SL 3A 2A 1A,1866 km,60 km/hr,12925
18621,Patliputra Express,Exp,SER,,,PNBE,14:50,HTE,5:30,14h 40m,43,S M T W T F S,SL 3A,538 km,37 km/hr,18622
18622,Patliputra Express,Exp,SER,,,HTE,22:00,PNBE,13:35,15h 35m,43,S M T W T F S,SL 3A,538 km,35 km/hr,18621
11401,Pune - Supaul Express (PT),Exp,CR,,,PUNE,21:05,SOU,13:15,40h 10m,32,S M T W T F S,SL 3A 2A,1996 km,50 km/hr,11402
22643,Ernakulam Jn. - Patna SF Express (via Asansol) (PT),SF,SR,,,ERS,17:20,PNBE,20:00,50h 40m,43,M T,SL 3A 2A,2788 km,55 km/hr,22644
22669,Ernakulam Junction - Patna SF Express (via Nagpur) (PT),SF,SR,,,ERS,23:55,PNBE,6:25,54h 30m,34,S,SL 3A 2A,3047 km,56 km/hr,22670
17610,Purna - Patna Express (PT),Exp,SCR,,,PAU,14:25,PNBE,23:15,32h 50m,17,T,SL 3A 2A,1734 km,53 km/hr,17609
22971,Bandra Terminus - Patna Weekly SF Express (PT),SF,WR,,,BDTS,19:25,PNBE,1:40,30h 15m,14,M,SL 3A 2A 1A 3E,1841 km,61 km/hr,22972
19269,Porbandar - Muzaffarpur Express (PT),Exp,WR,,,PBR,19:40,MFP,19:25,47h 45m,37,T F,SL 3A 2A 1A,2444 km,51 km/hr,19270
12693,Pearl City Superfast Express (PT),SF,SR,,,MS,19:15,TN,5:55,10h 40m,18,S M T W T F S,SL 3A 2A 1A,652 km,61 km/hr,12694
12694,Pearl City Superfast Express (PT),SF,SR,,,TN,21:05,MS,7:35,10h 30m,19,S M T W T F S,SL 3A 2A 1A,652 km,62 km/hr,12693
12712,Pinakini SF Express,SF,SCoR,,,MAS,14:05,BZA,21:35,7h 30m,12,S M T W T F S,2S CC 3E,431 km,58 km/hr,12711
15280,Poorabiya Express (PT),Exp,ECR,,,ANVT,17:10,SHC,19:25,26h 15m,22,M F,SL 3A 2A 1A 3E,1181 km,45 km/hr,15279
15279,Poorabiya Express (PT),Exp,ECR,,,SHC,11:30,ANVT,12:00,24h 30m,22,S T,SL 3A 2A 1A 3E,1181 km,48 km/hr,15280
12303,Poorva Express (via Patna) (PT),SF,ER,,,HWH,8:00,NDLS,6:05,22h 5m,23,M T F S,SL 3A 2A 1A,1531 km,69 km/hr,12304
12304,Poorva Express (Via Patna) (PT),SF,ER,,,NDLS,17:40,HWH,17:00,23h 20m,23,S W T S,SL 3A 2A 1A,1531 km,66 km/hr,12303
12381,Poorva Express (Via Gaya) (PT),SF,ER,,,HWH,8:15,NDLS,6:05,21h 50m,20,S W T,SL 3A 2A 1A,1451 km,66 km/hr,12382
12382,Poorva Express (Via Gaya) (PT),SF,ER,,,NDLS,17:40,HWH,17:00,23h 20m,20,M T F,SL 3A 2A 1A,1451 km,62 km/hr,12381
22449,Guwahati - New Delhi Poorvottar Sampark Kranti Express (PT),SKr,NR,,,GHY,6:10,NDLS,12:50,30h 40m,12,W S,SL 3A 2A 1A 3E,1898 km,62 km/hr,22450
22450,New Delhi - Guwahati Poorvottar Sampark Kranti Express,SKr,NR,,,NDLS,23:45,GHY,8:00,32h 15m,12,S W,SL 3A 2A 1A 3E,1898 km,59 km/hr,22449
20938,Delhi Sarai Rohilla - Porbandar SF Express,SF,WR,,,DEE,8:10,PBR,8:40,24h 30m,29,M T,SL 3A 2A 1A,1374 km,56 km/hr,20937
19270,Muzaffarpur - Porbandar Express (PT),Exp,WR,,,MFP,15:15,PBR,13:35,46h 20m,37,S M,SL 3A 2A 1A,2444 km,53 km/hr,19269
12126,Pragati Express,SF,CR,,,PUNE,7:45,CSMT,11:25,3h 40m,5,S M T W T F S,2S CC EV,188 km,51 km/hr,12125
18463,Prashanti Express (PT),Exp,ECoR,,,BBS,5:40,SBC,11:45,30h 5m,45,S M T W T F S,SL 3A 2A 1A,1548 km,51 km/hr,18464
18464,Prashanti Express (PT),Exp,ECoR,,,SBC,13:40,BBS,18:50,29h 10m,44,S M T W T F S,SL 3A 2A 1A,1548 km,53 km/hr,18463
14124,Kanpur Central - MBDD Pratapgarh InterCity Express (UnReserved),Exp,NCR,,,CNB,17:30,MBDP,22:55,5h 25m,13,S M T W T F S,,245 km,45 km/hr,14123
22197,Pratham Swatantrata Sangram Express (PT),SF,NCR,,,KOAA,7:25,VGLJ,7:20,23h 55m,17,S,SL 3A 2A 3E,1324 km,55 km/hr,22198
22138,Prerna Express (PT),SF,CR,,,ADI,18:30,NGP,10:25,15h 55m,14,S M T,SL 3A 2A,957 km,60 km/hr,22137
22137,Prerna Express (PT),SF,CR,,,NGP,8:15,ADI,0:45,16h 30m,14,S W S,SL 3A 2A,957 km,58 km/hr,22138
20851,Bhubaneswar - Puducherry SF Express,SF,ECoR,,,BBS,12:10,PDY,12:00,23h 50m,17,T,SL 3A 2A,1425 km,60 km/hr,20852
11026,Amravati - Pune Express (via Manmad),Exp,CR,,,AMI,22:50,PUNE,11:35,12h 45m,18,S M T W T F S,2S SL CC 3E,720 km,56 km/hr,11025
22132,Gyan Ganga SF Express (PT),SF,CR,,,BNRS,4:25,PUNE,7:15,26h 50m,17,W,SL 3A 2A,1531 km,57 km/hr,22131
11038,Gorakhpur - Pune Express (via Prayagraj) (PT),Exp,CR,,,GKP,15:50,PUNE,2:15,34h 25m,17,S,SL 3A 2A,1765 km,51 km/hr,11037
11089,Bhagat Ki Kothi - Pune Express,Exp,CR,,,BGKT,12:15,PUNE,7:35,19h 20m,25,T,SL 3A 2A,1082 km,56 km/hr,11090
11091,Bhuj - Pune Express (PT),Exp,CR,,,BHUJ,13:15,PUNE,7:35,18h 20m,24,W,SL 3A 2A,988 km,54 km/hr,11092
12104,Lucknow Jn. - Pune SF Express (PT),SF,CR,,,LJN,16:20,PUNE,17:50,25h 30m,12,W,SL 3A 2A,1475 km,58 km/hr,12103
12136,Nagpur - Pune SF Express (PT),SF,CR,,,NGP,18:00,PUNE,9:30,15h 30m,17,M W S,SL 3A 2A,885 km,57 km/hr,12135
11402,Supaul - Pune Express (PT),Exp,CR,,,SOU,14:30,PUNE,4:00,37h 30m,31,S M T W T F S,SL 3A 2A,1996 km,53 km/hr,11401
17630,Hazur Sahib Nanded - Hadapsar Express (PT),Exp,SCR,,,NED,15:30,HDP,4:35,13h 5m,11,S M T W T F S,SL 3A 2A,652 km,50 km/hr,17629
22944,Indore - Daund SF Express (PT),SF,WR,,,INDB,16:30,DD,10:30,18h 0m,17,S M T W T F S,SL 3A 2A 1A,1041 km,58 km/hr,22943
11090,Pune - Bhagat Ki Kothi Express (PT),Exp,CR,,,PUNE,20:10,BGKT,16:00,19h 50m,25,S,SL 3A 2A,1082 km,55 km/hr,11089
12137,Punjab Mail (PT),SF,CR,,,CSMT,19:35,FZR,5:15,33h 40m,53,S M T W T F S,SL 3A 2A 1A,1930 km,57 km/hr,12138
12138,Punjab Mail,SF,CR,,,FZR,21:50,CSMT,7:35,33h 45m,50,S M T W T F S,SL 3A 2A 1A,1928 km,57 km/hr,12137
12816,Nandan Kanan Express,SF,ECoR,,,ANVT,7:30,PURI,14:15,30h 45m,27,M W T S,SL 3A 2A 1A 3E,1790 km,58 km/hr,12815
12837,Howrah - Puri Superfast Express (PT),SF,SER,,,HWH,22:30,PURI,7:30,9h 0m,11,S M T W T F S,SL 3A 2A 1A 3E,500 km,56 km/hr,12838
12844,Ahmedabad - Puri SF Express (via Brahmapur) (PT),SF,ECoR,,,ADI,19:00,PURI,8:05,37h 5m,45,S M T S,SL 3A 2A,2135 km,58 km/hr,12843
12887,Shalimar - Puri Weekly SF Express (PT),SF,ECoR,,,SHM,20:35,PURI,5:20,8h 45m,8,M,SL 3A 2A,497 km,57 km/hr,12888
12895,Shalimar - Puri Weekly SF Express (PT),SF,ECoR,,,SHM,20:35,PURI,5:20,8h 45m,9,F,SL 3A 2A,497 km,57 km/hr,12896
15640,Kamakhya - Puri Express (via Adra) (PT),Exp,NFR,,,KYQ,20:10,PURI,2:55,30h 45m,25,S,SL 3A 2A,1520 km,49 km/hr,15639
17480,Tirupati - Puri Express (PT),Exp,SCoR,,,TPTY,11:05,PURI,14:50,27h 45m,59,M T W F S,SL 3A 2A,1233 km,44 km/hr,17479
18303,Sambalpur - Puri Intercity Express,Exp,ECoR,,,SBP,6:00,PURI,13:30,7h 30m,13,S M T W T F S,2S CC,342 km,46 km/hr,18304
20820,Okha - Puri Dwarka SF Express (PT),SF,ECoR,,,OKHA,19:05,PURI,18:55,47h 50m,39,W,SL 3A 2A,2778 km,58 km/hr,20819
20862,Ahmedabad - Puri Weekly SF Express (via Sambalpur) (PT),SF,ECoR,,,ADI,19:00,PURI,6:40,35h 40m,37,F,SL 3A 2A,1994 km,56 km/hr,20861
20814,Jodhpur - Puri SF Express (PT),SF,ECoR,,,JU,15:00,PURI,10:00,43h 0m,40,S,SL 3A 2A 1A 3E,2431 km,57 km/hr,20813
20813,Puri - Jodhpur SF Express (PT),SF,ECoR,,,PURI,15:50,JU,11:25,43h 35m,40,W,SL 3A 2A 1A 3E,2431 km,56 km/hr,20814
17609,Patna - Purna Express (PT),Exp,SCR,,,PNBE,7:00,PAU,15:15,32h 15m,17,S,SL 3A 2A,1734 km,54 km/hr,17610
12827,Howrah - Purulia SF Express,SF,SER,,,HWH,16:50,PRR,22:40,5h 50m,12,S M T W T F S,2S CC 3A 3E,323 km,55 km/hr,12828
12801,Purushottam Express (PT),SF,ECoR,,,PURI,21:55,ANVT,3:50,29h 55m,31,S M T W T F S,SL 3A 2A 1A 3E,1845 km,62 km/hr,12802
12802,Purushottam Express (PT),SF,ECoR,,,ANVT,22:45,PURI,5:35,30h 50m,30,S M T W T F S,SL 3A 2A 1A 3E,1845 km,60 km/hr,12801
15047,Purvanchal Express (via Siwan) (PT),Exp,NER,,,KOAA,14:35,GKP,7:55,17h 20m,18,M T T S,SL 3A 2A 1A,860 km,50 km/hr,15048
15048,Purvanchal Express (via Siwan) (PT),Exp,NER,,,GKP,11:10,KOAA,4:40,17h 30m,18,S M T F,SL 3A 2A 1A,860 km,49 km/hr,15047
12533,Pushpak Express (PT),SF,NER,,,GTNR,20:45,CSMT,22:45,26h 0m,17,S M T W T F S,SL 3A 2A 1A 3E,1438 km,55 km/hr,12534
12534,Pushpak Express (PT),SF,NER,,,CSMT,8:25,GTNR,8:00,23h 35m,16,S M T W T F S,SL 3A 2A 1A 3E,1438 km,61 km/hr,12533
13145,Kolkata - Radhikapur Express,Exp,ER,,,KOAA,20:40,RDP,7:40,11h 0m,20,S M T W T F S,SL 3A 2A 1A 3E,479 km,44 km/hr,13146
13146,Radhikapur - Kolkata Express (PT),Exp,ER,,,RDP,20:45,KOAA,6:35,9h 50m,18,S M T W T F S,SL 3A 2A 1A 3E,479 km,49 km/hr,13145
14208,Padmavat Express,Exp,NR,,,DLI,19:50,MBDP,8:20,12h 30m,16,S M T W T F S,SL 3A 2A 1A 3E,659 km,53 km/hr,14207
18425,Puri - Durg Express (PT),Exp,ECoR,,,PURI,19:10,DURG,11:55,16h 45m,28,S M T W T F S,SL 3A 2A 1A 3E,797 km,48 km/hr,18426
12463,Delhi Sarai Rohilla - Jodhpur Rajasthan Sampark Kranti Express,SKr,NWR,,,DEE,21:25,JU,6:40,9h 15m,6,W,SL 3A 2A,614 km,66 km/hr,12464
12464,Jodhpur - Delhi Sarai Rohilla Rajasthan Sampark Kranti Express,SKr,NWR,,,JU,20:15,DEE,5:50,9h 35m,6,T,SL 3A 2A,614 km,64 km/hr,12463
12301,Howrah - New Delhi Rajdhani Express (Via Gaya),Raj,ER,,,HWH,16:50,NDLS,10:05,17h 15m,7,M T W T F S,3A 2A 1A,1451 km,84 km/hr,12302
12302,New Delhi - Howrah Rajdhani Express (Via Gaya),Raj,ER,,,NDLS,16:50,HWH,9:55,17h 5m,7,S M T W T S,3A 2A 1A,1451 km,85 km/hr,12301
12305,Howrah - New Delhi Rajdhani Express (Via Patna),Raj,ER,,,HWH,14:05,NDLS,10:05,20h 0m,7,S,3A 2A 1A,1531 km,77 km/hr,12306
12306,New Delhi - Howrah Rajdhani Express (Via Patna),Raj,ER,,,NDLS,16:50,HWH,12:15,19h 25m,7,F,3A 2A 1A,1531 km,79 km/hr,12305
12309,Rajendra Nagar Terminal - New Delhi Tejas Rajdhani Express,Raj,ECR,,,RJPB,19:10,NDLS,7:40,12h 30m,5,S M T W T F S,3A 2A 1A,1001 km,80 km/hr,12310
12310,New Delhi - Rajendra Nagar Terminal Tejas Rajdhani Express,Raj,ECR,,,NDLS,17:10,RJPB,5:15,12h 5m,5,S M T W T F S,3A 2A 1A,1001 km,83 km/hr,12309
12313,Sealdah - New Delhi Rajdhani Express,Raj,ER,,,SDAH,16:50,NDLS,10:50,18h 0m,6,S M T W T F S,3A 2A 1A,1458 km,81 km/hr,12314
12314,New Delhi - Sealdah Rajdhani Express,Raj,ER,,,NDLS,16:30,SDAH,10:10,17h 40m,6,S M T W T F S,3A 2A 1A,1458 km,83 km/hr,12313
22811,Bhubaneswar - New Delhi Tejas Rajdhani Express (via Adra),Raj,ECoR,,,BBS,10:35,NDLS,9:55,23h 20m,13,S W,3A 2A 1A,1730 km,74 km/hr,22812
22812,New Delhi - Bhubaneswar Tejas Rajdhani Express (via Adra) (PT),Raj,ECoR,,,NDLS,17:00,BBS,16:15,23h 15m,13,M F,3A 2A 1A,1730 km,74 km/hr,22811
12423,Dibrugarh - New Delhi Rajdhani Express (via New Tinsukia) (PT),Raj,NR,,,DBRG,20:35,NDLS,10:30,37h 55m,23,S M T W T F S,3A 2A 1A,2432 km,64 km/hr,12424
12424,New Delhi - Dibrugarh Rajdhani Express (via New Tinsukia),Raj,NR,,,NDLS,16:20,DBRG,6:20,38h 0m,23,S M T W T F S,3A 2A 1A,2432 km,64 km/hr,12423
12426,Jammu Tawi - New Delhi Rajdhani Express,Raj,NR,,,JAT,21:25,NDLS,5:55,8h 30m,3,S M T W T F S,3A 2A 1A,577 km,68 km/hr,12425
22691,K.S.R. Bengaluru - Hazrat Nizamuddin Rajdhani Express,Raj,SWR,,,SBC,20:00,NZM,5:30,33h 30m,14,S M T W T F S,3A 2A 1A,2376 km,71 km/hr,22692
22692,Hazrat Nizamuddin - K S R Bengaluru Rajdhani Express,Raj,SWR,,,NZM,19:50,SBC,5:20,33h 30m,14,S M T W T F S,3A 2A 1A,2376 km,71 km/hr,22691
12431,Thiruvananthapuram Central - Hazrat Nizamuddin Rajdhani Express,Raj,NR,,,TVC,14:40,NZM,12:30,45h 50m,20,T T F,3A 2A 1A,2845 km,62 km/hr,12432
12432,Hazrat Nizamuddin - Thiruvananthapuram Central Rajdhani Express,Raj,NR,,,NZM,6:16,TVC,1:50,43h 34m,20,S T W,3A 2A 1A,2845 km,65 km/hr,12431
12433,M G R Chennai Central - Hazrat Nizamuddin Rajdhani Express,Raj,NR,,,MAS,6:05,NZM,10:30,28h 25m,8,S F,3A 2A 1A,2175 km,77 km/hr,12434
12434,Hazrat Nizamuddin - M.G.R.Chennai Central Rajdhani Express,Raj,NR,,,NZM,15:35,MAS,20:50,29h 15m,8,W F,3A 2A 1A,2175 km,74 km/hr,12433
20505,Dibrugarh - New Delhi Rajdhani Express (Via Rangapara North),Raj,NFR,,,DBRG,21:45,NDLS,13:38,39h 53m,26,M F,3A 2A 1A,2294 km,58 km/hr,20506
20506,New Delhi - Dibrugarh Rajdhani Express (Via Rangapara North),Raj,NFR,,,NDLS,11:25,DBRG,3:10,39h 45m,26,S T,3A 2A 1A,2294 km,58 km/hr,20505
20839,Ranchi - New Delhi Rajdhani Express (via Bokaro Steel City),Raj,SER,,,RNC,18:00,NDLS,11:10,17h 10m,6,W S,3A 2A 1A,1307 km,76 km/hr,20840
20840,New Delhi - Ranchi Rajdhani Express (Via Bokaro Steel City),Raj,SER,,,NDLS,16:10,RNC,9:05,16h 55m,6,M F,3A 2A 1A,1307 km,77 km/hr,20839
12441,Bilaspur - New Delhi Rajdhani Express,Raj,NR,,,BSP,14:00,NDLS,10:40,20h 40m,8,M T,3A 2A 1A,1504 km,73 km/hr,12442
12443,Haldia - Anand Vihar Terminal SF Express (PT),SF,NR,,,HLZ,9:30,ANVT,8:50,23h 20m,12,T,SL 3A 1A 3E,1576 km,68 km/hr,12444
12444,Anand Vihar Terminal - Haldia SF Express,SF,NR,,,ANVT,20:20,HLZ,21:15,24h 55m,12,T,SL 3A 1A 3E,1576 km,63 km/hr,12443
12453,Ranchi - New Delhi Rajdhani Express (via Chopan),Raj,NR,,,RNC,17:15,NDLS,11:10,17h 55m,10,S,3A 2A 1A,1244 km,69 km/hr,12454
12454,New Delhi - Ranchi Rajdhani Express (via Chopan),Raj,NR,,,NDLS,16:10,RNC,9:45,17h 35m,10,S,3A 2A 1A,1244 km,71 km/hr,12453
12951,Mumbai Central - New Delhi Tejas Rajdhani Express,Raj,WR,,,MMCT,17:00,NDLS,8:32,15h 32m,6,S M T W T F S,3A 2A 1A,1386 km,89 km/hr,12952
12952,New Delhi - Mumbai Central Tejas Rajdhani Express,Raj,WR,,,NDLS,16:55,MMCT,8:35,15h 40m,6,S M T W T F S,3A 2A 1A,1386 km,88 km/hr,12951
12141,Mumbai LTT - Patliputra SF Express (PT),SF,CR,,,LTT,23:35,PPTA,3:50,28h 15m,15,S M T W T F S,SL 3A 2A 1A,1686 km,60 km/hr,12142
13202,Mumbai LTT - Rajgir Janta Express,Exp,ECR,,,LTT,14:45,RGD,3:25,36h 40m,63,S M T W T F S,SL 3A 2A 1A 3E,1788 km,49 km/hr,13201
13237,Patna - Kota Express (via Ayodhya Cantt) (PT),Exp,ECR,,,PNBE,11:45,KOTA,11:55,24h 10m,28,S T S,SL 3A 2A 1A 3E,1279 km,53 km/hr,13238
13241,Banka - Rajendra Nagar Terminal Intercity Express,Exp,ECR,,,BAKA,8:45,RJPB,15:55,7h 10m,17,S M T W T F,2S SL 3A 2A 1A 3E,272 km,38 km/hr,13242
13242,Rajendra Nagar Terminal - Banka Intercity Express,Exp,ECR,,,RJPB,23:55,BAKA,6:40,6h 45m,14,S M T W T S,SL 3A 2A 1A 3E,272 km,40 km/hr,13241
18624,Hatia - Islampur Express (PT),Exp,SER,,,HTE,19:10,IPR,9:15,14h 5m,33,S M T W T F S,SL 3A 2A 1A 3E,478 km,34 km/hr,18623
18626,Kosi Super Express (PT),Exp,SER,,,HTE,5:45,PRNC,0:20,18h 35m,48,S M T W T F S,2S SL 3A 2A 3E,723 km,39 km/hr,18625
19313,Indore - Patna Express (via Sultanpur) (PT),Exp,WR,,,INDB,13:55,PNBE,15:00,25h 5m,16,M W,SL 3A 2A 1A 3E,1357 km,54 km/hr,19314
19321,Indore - Patna Express (via Ayodhya Cantt) (PT),Exp,WR,,,INDB,13:55,PNBE,15:55,26h 0m,14,S,SL 3A 2A 1A 3E,1398 km,54 km/hr,19322
13234,Danapur - Koderma Intercity Express,Exp,ECR,,,DNR,6:40,KQR,14:10,7h 30m,20,S M T W T F S,CC 3A,259 km,35 km/hr,13233
16614,Coimbatore - Rajkot Express (PT),Exp,SR,,,CBE,0:45,RJT,17:50,41h 5m,32,F,SL 3A 2A,2221 km,54 km/hr,16613
22718,Secunderabad - Rajkot SF Express (PT),SF,SCR,,,SC,15:10,RJT,17:50,26h 40m,26,M T S,SL 3A 2A,1473 km,55 km/hr,22717
22661,Sethu SF Express (PT),SF,SR,,,MS,17:55,RMM,4:00,10h 5m,16,S M T W T F S,SL 3A 2A 1A,601 km,60 km/hr,22662
20849,Bhubaneswar - Rameswaram Weekly SF Express (PT),SF,ECoR,,,BBS,12:10,RMM,22:30,34h 20m,25,F,SL 3A 2A,1895 km,55 km/hr,20850
14707,Ranakpur Express (PT),Exp,NWR,,,HMH,5:25,DDR,7:10,25h 45m,38,S M T W T F S,SL 3A 2A,1452 km,56 km/hr,14708
14708,Ranakpur Express (PT),Exp,NWR,,,DDR,12:35,HMH,15:55,27h 20m,38,S M T W T F S,SL 3A 2A,1452 km,53 km/hr,14707
18612,Banaras - Ranchi Express,Exp,SER,,,BNRS,14:50,RNC,4:20,13h 30m,26,S T W F S,SL 3A,578 km,43 km/hr,18611
16589,Rani Chennamma Express (PT),Exp,SWR,,,SBC,23:00,SLI,13:05,14h 5m,25,S M T W T F S,SL 3A 2A 1A 3E,757 km,54 km/hr,16590
16590,Rani Chennamma Express (PT),Exp,SWR,,,SLI,15:05,SBC,6:20,15h 15m,25,S M T W T F S,SL 3A 2A 1A 3E,757 km,50 km/hr,16589
15013,Ranikhet Express,Exp,NER,,,JSM,2:40,KGM,5:05,26h 25m,36,S M T W T F S,SL 3A 2A 1A,1263 km,48 km/hr,15014
15014,Ranikhet Express,Exp,NER,,,KGM,20:35,JSM,23:30,26h 55m,36,S M T W T F S,SL 3A 2A 1A,1263 km,47 km/hr,15013
12465,Ranthambhore SF Express,SF,NWR,,,INDB,6:00,BGKT,22:30,16h 30m,34,S M T W T F S,SL 3A,914 km,55 km/hr,12466
12466,Ranthambhore SF Express,SF,NWR,,,BGKT,4:40,INDB,21:05,16h 25m,34,S M T W T F S,SL 3A,914 km,56 km/hr,12465
12511,Gorakhpur - Thiruvananthapuram North Rapti Sagar SF Express (PT),SF,NER,,,GKP,6:33,TVCN,15:40,57h 7m,58,S T F,SL 3A 2A 1A,3236 km,57 km/hr,12512
12512,Thiruvananthapuram North - Gorakhpur Rapti Sagar SF Express (PT),SF,NER,,,TVCN,6:35,GKP,15:15,56h 40m,57,S T W,SL 3A 2A 1A,3236 km,57 km/hr,12511
12521,Barauni - Ernakulam Junction. Rapti Sagar Express (PT),SF,ECR,,,BJU,22:50,ERS,11:30,60h 40m,58,M,SL 3A 2A 1A 3E,3434 km,57 km/hr,12522
12522,Ernakulam Junction. - Barauni Rapti Sagar Express (PT),SF,ECR,,,ERS,10:50,BJU,0:10,61h 20m,57,F,SL 3A 2A 1A 3E,3434 km,56 km/hr,12521
12718,Ratnachal SF Express (PT),SF,SCoR,,,BZA,6:00,VSKP,12:20,6h 20m,11,S M T W T F S,2S CC,350 km,55 km/hr,12717
14633,Ravi Express (UnReserved),Exp,NR,,,ASR,9:25,PTK,13:00,3h 35m,5,S M T W T F S,,107 km,30 km/hr,14634
14634,Ravi Express (UnReserved),Exp,NR,,,PTK,13:55,ASR,16:30,2h 35m,5,S M T W T F S,,107 km,41 km/hr,14633
18301,Sambalpur - Rayagada Intercity Express,Exp,ECoR,,,SBP,6:05,RGDA,12:40,6h 35m,19,S M T W T F S,2S SL CC,322 km,49 km/hr,18302
12794,Rayalaseema SF Express (PT),SF,SCoR,,,NZB,14:15,TPTY,6:15,16h 0m,27,S M T W T F S,SL 3A 2A,893 km,56 km/hr,12793
12793,Rayalaseema SF Express (PT),SF,SCoR,,,TPTY,17:25,NZB,9:20,15h 55m,26,S M T W T F S,SL 3A 2A,893 km,56 km/hr,12794
12428,Anand Vihar Terminal - Rewa SF Express,SF,NR,,,ANVT,22:05,REWA,11:10,13h 5m,12,S M T W T F S,SL 3A 2A 1A 3E,849 km,65 km/hr,12427
12185,Rewanchal Express (PT),SF,WCR,,,RKMP,21:55,REWA,7:55,10h 0m,14,S M T W T F S,SL 3A 2A 1A,555 km,55 km/hr,12186
12186,Rewanchal Express (PT),SF,WCR,,,REWA,19:50,RKMP,5:35,9h 45m,14,S M T W T F S,SL 3A 2A 1A,555 km,57 km/hr,12185
12187,Jabalpur - Mumbai CSMT Garib Rath Express,GR,WCR,,,JBP,19:50,CSMT,12:20,16h 30m,14,M W S,3A,992 km,60 km/hr,12188
12188,Mumbai CSMT - Jabalpur Garib Rath Express,GR,WCR,,,CSMT,13:30,JBP,5:05,15h 35m,14,S T T,3A,992 km,64 km/hr,12187
13201,Rajgir - Mumbai LTT Janta Express (PT),Exp,ECR,,,RGD,20:45,LTT,10:50,38h 5m,66,S M T W T F S,SL 3A 2A 1A 3E,1788 km,47 km/hr,13202
12142,Patliputra - Mumbai LTT SF Express (PT),SF,CR,,,PPTA,10:45,LTT,14:10,27h 25m,14,S M T W T F S,SL 3A 2A 1A,1686 km,61 km/hr,12141
12654,Rock Fort SF Express (PT),SF,SR,,,TPJ,22:35,MS,4:10,5h 35m,11,S M T W T F S,SL 3A 2A 1A,337 km,60 km/hr,12653
12883,Rupasi Bangla Express,SF,SER,,,SRC,6:30,PRR,12:05,5h 35m,10,S M T W T F S,2S CC 3A,315 km,56 km/hr,12884
12884,Rupasi Bangla Express,SF,SER,,,PRR,15:25,HWH,21:15,5h 50m,11,S M T W T F S,2S CC 3A,323 km,55 km/hr,12883
11634,Chopan - Bhopal Weekly Express,Exp,WCR,,,CPU,17:10,BPL,7:00,13h 50m,15,M,SL 3A 2A 1A 3E,723 km,52 km/hr,11633
11633,Bhopal - Chopan Weekly Express,Exp,WCR,,,BPL,20:55,CPU,10:50,13h 55m,15,S,SL 3A 2A 1A 3E,723 km,52 km/hr,11634
19165,Ahmedabad - Darbhanga Sabarmati Express (PT),Exp,WR,,,ADI,23:10,DBG,19:25,44h 15m,63,S W F,SL 3A 2A 1A 3E,1935 km,44 km/hr,19166
19166,Darbhanga - Ahmedabad Sabarmati Express (PT),Exp,WR,,,DBG,4:20,ADI,0:55,44h 35m,63,M W S,SL 3A 2A 1A 3E,1935 km,43 km/hr,19165
19167,Ahmedabad - Varanasi City Sabarmati Express (PT),Exp,WR,,,ADI,23:10,BCY,10:00,34h 50m,51,M T T S,SL 3A 2A 1A 3E,1592 km,46 km/hr,19168
19168,Varanasi City - Ahmedabad Sabarmati Express,Exp,WR,,,BCY,14:00,ADI,0:55,34h 55m,51,S T T F,SL 3A 2A 1A 3E,1592 km,46 km/hr,19167
12715,Sachkhand Express (PT),SF,SCR,,,NED,9:30,ASR,21:45,36h 15m,37,S M T W T F S,SL 3A 2A 1A,2081 km,57 km/hr,12716
12716,Sachkhand Express,SF,SCR,,,ASR,5:30,NED,14:35,33h 5m,36,S M T W T F S,SL 3A 2A 1A,2081 km,63 km/hr,12715
14007,Raxaul - Anand Vihar Terminal Sadbhavana Express (via Sitamarhi) (PT),Exp,NR,,,RXL,23:45,ANVT,4:45,29h 0m,35,W F,SL 3A 2A 1A 3E,1246 km,43 km/hr,14008
14008,Anand Vihar Terminal - Raxaul Sadbhavana Express (via Sitamarhi),Exp,NR,,,ANVT,16:30,RXL,22:05,29h 35m,36,T T,SL 3A 2A 1A 3E,1246 km,42 km/hr,14007
14013,Sultanpur - Anand Vihar Terminal Sadbhavana Express,Exp,NR,,,SLN,15:30,ANVT,4:45,13h 15m,13,S T,SL 3A 2A 1A 3E,636 km,48 km/hr,14014
14014,Anand Vihar Terminal - Sultanpur Sadbhavana Express,Exp,NR,,,ANVT,16:30,SLN,5:55,13h 25m,13,M S,SL 3A 2A 1A 3E,636 km,47 km/hr,14013
14015,Raxaul - Anand Vihar Terminal Sadbhavana Express (Via Sagauli) (PT),Exp,NR,,,RXL,22:55,ANVT,4:45,29h 50m,35,S T,SL 3A 2A 1A 3E,1229 km,41 km/hr,14016
14016,Anand Vihar Terminal - Raxaul Sadbhavana Express (Via Sagauli),Exp,NR,,,ANVT,16:30,RXL,22:10,29h 40m,36,S F,SL 3A 2A 1A 3E,1229 km,41 km/hr,14015
14017,Raxaul - Anand Vihar Terminal Sadbhavana Express (Via Ayodhya Cantt) (PT),Exp,NR,,,RXL,23:45,ANVT,4:45,29h 0m,35,T,SL 3A 2A 1A 3E,1286 km,44 km/hr,14018
14018,Anand Vihar Terminal - Raxaul Sadbhavana Express (via Ayodhya Cantt),Exp,NR,,,ANVT,16:30,RXL,22:05,29h 35m,35,W,SL 3A 2A 1A 3E,1286 km,43 km/hr,14017
14545,Delhi - Saharanpur MEMU Express (Via Shamli) (UnReserved),Exp,NR,,,DLI,17:15,SRE,21:40,4h 25m,20,S M T W T F S,,165 km,37 km/hr,14546
15011,Lucknow Jn. - Chandigarh Express,Exp,NER,,,LJN,23:55,CDG,15:00,15h 5m,18,S M T W T F S,SL 3A 2A 3E,702 km,47 km/hr,15012
22183,Saket SF Express (PT),SF,CR,,,LTT,6:00,AYC,8:00,26h 0m,18,W S,SL 3A 2A,1500 km,58 km/hr,22184
12152,Samarsata SF Express (PT),SF,CR,,,SHM,19:25,LTT,5:30,34h 5m,21,F S,SL 3A 2A 1A,2070 km,61 km/hr,12151
12807,Samata Express (PT),SF,SCoR,,,VSKP,9:20,NZM,18:10,32h 50m,37,S T W T S,SL 3A 2A 1A,1916 km,58 km/hr,12808
12808,Samata Express,SF,SCoR,,,NZM,7:00,VSKP,16:30,33h 30m,36,M T T F S,SL 3A 2A 1A,1916 km,57 km/hr,12807
12893,Bhubaneswar - Purunakatak Intercity SF Express,SF,ECoR,,,BBS,6:35,PUKK,17:00,10h 25m,23,S M T W T F S,2S CC,517 km,50 km/hr,12894
18302,Rayagada - Sambalpur Intercity Express,Exp,ECoR,,,RGDA,13:20,SBP,19:45,6h 25m,19,S M T W T F S,2S SL CC,322 km,50 km/hr,18301
16594,Hazur Sahib Nanded - KSR Bengaluru Express (PT),Exp,SWR,,,NED,6:30,SBC,4:10,21h 40m,34,S M T W T F S,SL 3A 2A,1039 km,48 km/hr,16593
15648,Guwahati - Mumbai LTT Express (PT),Exp,NFR,,,GHY,15:00,LTT,17:50,50h 50m,52,T,SL 3A 2A,2735 km,54 km/hr,15647
14888,Barmer - Rishikesh Express,Exp,NWR,,,BME,8:00,RKSH,9:40,25h 40m,42,S M T W T F S,SL 3A 2A,1190 km,46 km/hr,14887
14887,Rishikesh - Barmer Express,Exp,NWR,,,RKSH,19:40,BME,19:50,24h 10m,42,S M T W T F S,SL 3A 2A,1190 km,49 km/hr,14888
13023,Howrah - Gaya Express (PT),Exp,ER,,,HWH,20:00,GAYA,10:55,14h 55m,34,S M T W T F S,SL 3A 2A,654 km,44 km/hr,13024
12175,Howrah - Gwalior Chambal Express (PT),SF,NCR,,,HWH,17:45,GWL,17:05,23h 20m,29,S W,SL 3A 2A 1A 3E,1288 km,55 km/hr,12176
12510,Guwahati - SMVT Bengaluru SF Express (PT),SF,NFR,,,GHY,6:15,SMVB,10:00,51h 45m,38,S M T,SL 3A 2A,2969 km,57 km/hr,12509
13006,Amritsar - Howrah Mail,Exp,ER,,,ASR,18:25,HWH,7:25,37h 0m,58,S M T W T F S,SL 3A 2A 1A,1911 km,52 km/hr,13005
22639,MGR Chennai Central - Alappuzha SF Express (PT),SF,SR,,,MAS,20:55,ALLP,10:40,13h 45m,22,S M T W T F S,SL 3A 2A 1A,757 km,55 km/hr,22640
19224,Jammu Tawi - Sabarmati Express,Exp,WR,,,JAT,6:05,SBIB,14:05,32h 0m,52,S M T W T F S,SL 3A 2A,1491 km,47 km/hr,19223
14114,Dehradun - Subedarganj Express,Exp,NCR,,,DDN,13:05,SFG,5:55,16h 50m,21,S M T W T F S,SL 3A 2A 1A,861 km,51 km/hr,14113
13350,Patna - Singrauli Express,Exp,ECR,,,PNBE,19:15,SGRL,7:15,12h 0m,26,S M T W T F S,SL 3A 2A,478 km,40 km/hr,13349
12738,Gowthami SF Express (PT),SF,SCoR,,,LPI,20:30,COA,7:08,10h 38m,20,S M T W T F S,SL 3A 2A 1A 3E,582 km,55 km/hr,12737
13349,Singrauli - Patna Express,Exp,ECR,,,SGRL,20:15,PNBE,9:00,12h 45m,26,S M T W T F S,SL 3A 2A,478 km,37 km/hr,13350
12862,Mahbubnagar - Visakhapatnam SF Express (PT),SF,SCoR,,,MBNR,16:10,VSKP,6:50,14h 40m,21,S M T W T F S,SL 3A 2A 1A 3E,808 km,55 km/hr,12861
12737,Gowthami SF Express (PT),SF,SCoR,,,COA,19:15,LPI,5:55,10h 40m,19,S M T W T F S,SL 3A 2A 1A 3E,582 km,55 km/hr,12738
11018,Karaikal - Mumbai LTT Weekly Express (PT),Exp,CR,,,KIK,14:20,LTT,20:30,30h 10m,29,M,SL 3A 2A,1628 km,54 km/hr,11017
12861,Visakhapatnam - Mahbubnagar SF Express (PT),SF,SCoR,,,VSKP,18:40,MBNR,9:20,14h 40m,20,S M T W T F S,SL 3A 2A 1A 3E,808 km,55 km/hr,12862
14006,Lichchavi Express,Exp,NR,,,ANVT,18:00,SMI,20:20,26h 20m,40,S M T W T F S,SL 3A 2A 1A 3E,1195 km,45 km/hr,14005
12910,Hazrat Nizamuddin - Bandra Terminus Garib Rath Express (PT),GR,WR,,,NZM,16:30,BDTS,9:15,16h 45m,6,S W F,3A,1367 km,82 km/hr,12909
14005,Lichchavi Express (PT),Exp,NR,,,SMI,2:30,ANVT,4:15,25h 45m,40,S M T W T F S,SL 3A 2A 1A 3E,1195 km,46 km/hr,14006
12608,Lalbagh SF Express,SF,SWR,,,SBC,6:25,MAS,12:20,5h 55m,11,S M T W T F S,2S CC,359 km,61 km/hr,12607
18403,Bhubaneswar - Dhanbad Express,Exp,ECoR,,,BBS,20:25,DHN,11:00,14h 35m,13,S M T W T F S,SL 3A 2A,776 km,53 km/hr,18404
11017,Mumbai LTT - Karaikal Weekly Express (PT),Exp,CR,,,LTT,13:15,KIK,18:55,29h 40m,30,S,SL 3A 2A,1628 km,55 km/hr,11018
22972,Patna - Bandra Terminus SF Express (PT),SF,WR,,,PNBE,23:20,BDTS,4:45,29h 25m,13,W,SL 3A 2A 1A 3E,1841 km,63 km/hr,22971
11634,Chopan - Bhopal Weekly Express,Exp,WCR,,,CPU,17:10,BPL,7:00,13h 50m,15,M,SL 3A 2A 1A 3E,723 km,52 km/hr,11633
11633,Bhopal - Chopan Weekly Express,Exp,WCR,,,BPL,20:55,CPU,10:50,13h 55m,15,S,SL 3A 2A 1A 3E,723 km,52 km/hr,11634
54355,Bandikui - Bareilly Passenger (UnReserved),Pass,NR,,,BKI,14:45,BE,6:20,15h 35m,47,S M T W T F S,,413 km,27 km/hr,54356
17406,Krishna Express (PT),Exp,SCoR,,,ADB,21:05,TPTY,21:40,24h 35m,56,S M T W T F S,SL 3A,1139 km,46 km/hr,17405
17405,Krishna Express (PT),Exp,SCoR,,,TPTY,5:40,ADB,6:15,24h 35m,55,S M T W T F S,SL 3A,1139 km,46 km/hr,17406
12736,Yesvantpur - Charlapalli Garib Rath Express,GR,SCR,,,YPR,16:15,CHZ,5:00,12h 45m,11,M T S,CC 3A,713 km,56 km/hr,12735
12232,Chandigarh - Lucknow SF Express,SF,NR,,,CDG,21:05,LKO,8:30,11h 25m,14,S M T W T F S,SL 3A 2A 1A,644 km,56 km/hr,12231
15008,Krishak Express,Exp,NER,,,LJN,23:10,BCY,12:15,13h 5m,32,S M T W T F S,SL 3A 2A 1A 3E,504 km,39 km/hr,15007
15007,Krishak Express,Exp,NER,,,BCY,17:00,LJN,5:50,12h 50m,30,S M T W T F S,SL 3A 2A 1A 3E,504 km,39 km/hr,15008
12735,Charlapalli - Yesvantpur Garib Rath Express (PT),GR,SCR,,,CHZ,19:45,YPR,8:20,12h 35m,11,S W F,3A,713 km,57 km/hr,12736
22647,Korba - Thiruvananthapuram North (Kochuveli) SF Express (PT),SF,SR,,,KRBA,19:40,TVCN,15:40,44h 0m,51,W S,SL 3A 2A 3E,2503 km,57 km/hr,22648
16858,Mangaluru Central - Puducherry Express (Via Tiruchchirappalli) (PT),Exp,SR,,,MAQ,16:35,PDY,10:15,17h 40m,17,S,SL 3A 2A,865 km,49 km/hr,16857
12612,Hazrat Nizamuddin - M.G.R.Chennai Central Garib Rath Express,GR,SR,,,NZM,15:35,MAS,21:00,29h 25m,9,M,3A,2175 km,74 km/hr,12611
17206,Kakinada Port - Sainagar Shirdi Express (PT),Exp,SCoR,,,COA,5:05,SNSI,9:10,28h 5m,33,M W S,SL 3A 2A 1A 3E,1340 km,48 km/hr,17205
19019,Bandra Terminus - Haridwar Express (PT),Exp,WR,,,BDTS,0:20,HW,7:50,31h 30m,74,S M T W T F S,SL 3A 2A 1A 3E,1619 km,51 km/hr,19020
13005,Howrah - Amritsar Mail (PT),Exp,ER,,,HWH,19:20,ASR,8:40,37h 20m,59,S M T W T F S,SL 3A 2A 1A,1911 km,51 km/hr,13006
16857,Puducherry - Mangaluru Central Express (Via Tiruchchirappalli) (PT),Exp,SR,,,PDY,16:45,MAQ,9:50,17h 5m,17,S,SL 3A 2A,865 km,51 km/hr,16858
11030,Koyna Express,Exp,CR,,,KOP,8:25,CSMT,20:05,11h 40m,28,S M T W T F S,2S SL CC 3A 2A 1A,518 km,44 km/hr,11029
12611,M.G.R. Chennai Central - Hazrat Nizamuddin Garib Rath Express (PT),GR,SR,,,MAS,6:00,NZM,10:30,28h 30m,10,S,3A,2175 km,76 km/hr,12612
12676,Kovai SF Express,SF,SR,,,CBE,15:15,MAS,22:45,7h 30m,11,S M T W T F S,2S CC,495 km,66 km/hr,12675
12675,Kovai SF Express,SF,SR,,,MAS,6:10,CBE,14:05,7h 55m,10,S M T W T F S,2S CC,495 km,63 km/hr,12676
12536,Raipur - Lucknow Jn. Garib Rath Express,GR,NER,,,R,12:05,LJN,5:10,17h 5m,12,T F,3A,910 km,53 km/hr,12535
13248,Ara - Kamakhya Capital Express (PT),Exp,ECR,,,ARA,21:05,KYQ,22:20,25h 15m,48,S M T W,SL 3A 2A 1A 3E,1005 km,40 km/hr,13247
22648,Thiruvananthapuram North (Kochuveli) - Korba SF Express (PT),SF,SR,,,TVCN,6:15,KRBA,3:00,44h 45m,51,M T,SL 3A 2A 3E,2501 km,56 km/hr,22647
20112,Konkan Kanya SF Express (PT),SF,KR,,,MAO,18:00,CSMT,5:40,11h 40m,17,S M T W T F S,SL 3A 2A 1A 3E,581 km,50 km/hr,20111
12535,Lucknow Jn. - Raipur Garib Rath Express,GR,NER,,,LJN,14:10,R,7:15,17h 5m,12,M T,3A,911 km,53 km/hr,12536
20111,Konkan Kanya SF Express (PT),SF,KR,,,CSMT,23:02,MAO,11:40,12h 38m,17,S M T W T F S,SL 3A 2A 1A 3E,581 km,46 km/hr,20112
12648,Kongu SF Express,SF,SR,,,NZM,7:00,CBE,6:30,47h 30m,24,W,SL 3A 2A,2686 km,57 km/hr,12647
12518,Guwahati - Kolkata Garib Rath Express (PT),GR,NFR,,,GHY,21:00,KOAA,14:35,17h 35m,14,S,3A,1004 km,57 km/hr,12517
13247,Kamakhya - Ara Capital Express (PT),Exp,ECR,,,KYQ,5:35,ARA,5:45,24h 10m,45,T W T F,SL 3A 2A 1A 3E,1005 km,42 km/hr,13248
12980,Jaipur - Bandra Terminus SF Express (PT),SF,NWR,,,JP,20:20,BDTS,13:15,16h 55m,16,M W F,SL 3A 2A 1A 3E,1149 km,68 km/hr,12979
12647,Kongu SF Express (PT),SF,SR,,,CBE,16:30,NZM,14:15,45h 45m,23,S,SL 3A 2A,2687 km,59 km/hr,12648
11020,Konark Express (PT),Exp,CR,,,BBSN,14:40,CSMT,4:15,37h 35m,43,S M T W T F S,SL 3A 2A,1943 km,52 km/hr,11019
12517,Kolkata - Guwahati Garib Rath Express,GR,NFR,,,KOAA,21:45,GHY,15:55,18h 10m,14,T,3A,1004 km,55 km/hr,12518
11019,Konark Express (PT),Exp,CR,,,CSMT,14:00,BBSN,0:20,34h 20m,42,S M T W T F S,SL 3A 2A,1945 km,57 km/hr,11020
12358,Durgiana Express,SF,ER,,,ASR,5:55,KOAA,11:35,29h 40m,17,M T,SL 3A 2A 1A,1834 km,62 km/hr,12357
13128,Ara - Kolkata Garib Rath Express,GR,ER,,,ARA,18:30,KOAA,5:30,11h 0m,13,S W F,3A,585 km,53 km/hr,13127
13246,Ara - New Jalpaiguri Capital Express (PT),Exp,ECR,,,ARA,21:05,NJP,12:45,15h 40m,41,T F S,SL 3A 2A 1A 3E,567 km,36 km/hr,13245
11049,Ahmedabad - SCSMT Kolhapur Express (PT),Exp,CR,,,ADI,20:15,KOP,14:40,18h 25m,16,S,SL 3A 2A,955 km,52 km/hr,11050
13161,Tebhaga Express,Exp,ER,,,KOAA,12:55,BLGT,22:00,9h 5m,14,S M T W T F,2S SL CC 3A,441 km,49 km/hr,13162
13127,Kolkata - Ara Garib Rath Express,GR,ER,,,KOAA,20:05,ARA,7:45,11h 40m,13,T T S,3A,585 km,50 km/hr,13128
16315,Mysuru - Thiruvananthapuram North (Kochuveli) Express,Exp,SR,,,MYS,13:15,TVCN,9:15,20h 0m,25,S M T W T F S,SL 3A 2A 3E,961 km,48 km/hr,16316
14732,Kisan Express,Exp,NWR,,,BTI,5:00,DLI,12:25,7h 25m,18,S M T W T F S,2S SL CC 3E,332 km,45 km/hr,14731
12354,Lal Kuan - Howrah Weekly SF Express (PT),SF,ER,,,LKU,18:50,HWH,18:25,23h 35m,17,S,SL 3A 2A 3E,1300 km,55 km/hr,12353
13245,New Jalpaiguri - Ara Capital Express (PT),Exp,ECR,,,NJP,15:15,ARA,5:45,14h 30m,38,S M S,SL 3A 2A 1A 3E,567 km,39 km/hr,13246
12972,Bhavnagar Terminus - Bandra Terminus SF Express (PT),SF,WR,,,BVC,18:30,BDTS,8:20,13h 50m,19,S M T W T F S,SL 3A 2A 1A,780 km,56 km/hr,12971
19611,Ajmer - Amritsar Express (via Firozpur Cantt.),Exp,NWR,,,AII,17:50,ASR,14:40,20h 50m,29,T S,SL 3A 2A 3E,1008 km,48 km/hr,19612
13351,Dhanbad - Alappuzha Express (PT),Exp,ECR,,,DHN,11:35,ALLP,15:15,51h 40m,85,S M T W T F S,SL 3A 2A 1A,2530 km,49 km/hr,13352
14731,Kisan Express,Exp,NWR,,,DLI,14:00,BTI,21:15,7h 15m,18,S M T W T F S,2S SL CC 3E,332 km,46 km/hr,14732
14119,Kathgodam - Dehradun Express (PT),Exp,NCR,,,KGM,19:55,DDN,4:40,8h 45m,9,S M T W T F S,SL 3A 2A 1A,335 km,38 km/hr,14120
11634,Chopan - Bhopal Weekly Express,Exp,WCR,,,CPU,17:10,BPL,7:00,13h 50m,15,M,SL 3A 2A 1A 3E,723 km,52 km/hr,11633
11633,Bhopal - Chopan Weekly Express,Exp,WCR,,,BPL,20:55,CPU,10:50,13h 55m,15,S,SL 3A 2A 1A 3E,723 km,52 km/hr,11634
54355,Bandikui - Bareilly Passenger (UnReserved),Pass,NR,,,BKI,14:45,BE,6:20,15h 35m,47,S M T W T F S,,413 km,27 km/hr,54356
12402,Nanda Devi AC SF Express,ACSF,NR,,,DDN,22:45,KOTA,10:35,11h 50m,12,S M T W T F S,3A 2A 1A,731 km,62 km/hr,12401
16382,Kanniyakumari - Pune Express (PT),Exp,SR,,,CAPE,8:40,PUNE,21:40,37h 0m,56,S M T W T F S,SL 3A 2A 3E,1941 km,52 km/hr,16381
16021,Kaveri Express (PT),Exp,SR,,,MAS,21:15,AP,7:00,9h 45m,22,S M T W T F S,SL 3A 2A 1A,502 km,51 km/hr,16022
15128,Kashi Vishwanath Express,Exp,NER,,,NDLS,11:35,BNRS,4:40,17h 5m,33,S M T W T F S,SL 3A 2A 1A 3E,793 km,46 km/hr,15127
12401,Nanda Devi AC SF Express,ACSF,NR,,,KOTA,17:50,DDN,5:50,12h 0m,12,S M T W T F S,3A 2A 1A,731 km,61 km/hr,12402
15127,Kashi Vishwanath Express (PT),Exp,NER,,,BNRS,13:30,NDLS,5:45,16h 15m,30,S M T W T F S,SL 3A 2A 1A 3E,793 km,49 km/hr,15128
15018,Kashi Express (PT),Exp,NER,,,GKP,5:45,LTT,17:30,35h 45m,68,S M T W T F S,SL 3A 2A 1A,1707 km,48 km/hr,15017
12204,Amritsar - Saharsa Garib Rath Express (PT),GR,NR,,,ASR,4:00,SHC,11:20,31h 20m,23,S W S,3A,1705 km,54 km/hr,12203
17208,Machilipatnam - Sainagar Shirdi Weekly Express (PT),Exp,SCoR,,,MTM,6:50,SNSI,9:10,26h 20m,30,T,SL 3A 2A 1A,1206 km,46 km/hr,17207
12936,Surat - Bandra Terminus InterCity Express,SF,WR,,,ST,16:25,BDTS,20:45,4h 20m,10,S M T W T F S,2S CC,252 km,58 km/hr,12935
15017,Kashi Express (PT),Exp,NER,,,LTT,6:35,GKP,18:55,36h 20m,67,S M T W T F S,SL 3A 2A 1A,1707 km,47 km/hr,15018
12934,Karnavati Express (PT),SF,WR,,,ADI,5:00,BDTS,12:30,7h 30m,9,S M T W T F S,2S CC,482 km,64 km/hr,12933
12203,Saharsa - Amritsar Garib Rath Express,GR,NR,,,SHC,14:30,ASR,22:05,31h 35m,23,S M T,3A,1705 km,54 km/hr,12204
12933,Karnavati Express (PT),SF,WR,,,BDTS,13:55,VTA,20:50,6h 55m,9,S M T W T F S,2S CC,474 km,68 km/hr,12934
12650,Karnataka Sampark Kranti Express (Via Ballari) (PT),SKr,SWR,,,NZM,8:20,YPR,4:15,43h 55m,18,S M T T S,SL 3A 2A 1A,2746 km,63 km/hr,12649
12202,Thiruvananthapuram North (Kochuveli) - Mumbai LTT Garib Rath Express (PT),GR,SR,,,TVCN,7:45,LTT,14:40,30h 55m,23,S T,CC 3A,1503 km,49 km/hr,12201
12756,Bhavnagar Terminus - Kakinada Port Superfast Express (PT),SF,SCoR,,,BVC,4:25,COA,17:25,37h 0m,30,S,SL 3A 2A 1A 3E,2051 km,55 km/hr,12755
12649,Karnataka Sampark Kranti Express (Via Ballari) (PT),SKr,SWR,,,YPR,13:30,NZM,8:10,42h 40m,18,S M W F S,SL 3A 2A 1A,2747 km,64 km/hr,12650
12630,Karnataka Sampark Kranti Express (Via Pune) (PT),SKr,SWR,,,NZM,8:30,YPR,5:25,44h 55m,14,W F,SL 3A 2A 1A,2610 km,58 km/hr,12629
12201,Mumbai LTT - Thiruvananthapuram North (Kochuveli) Garib Rath Express (PT),GR,SR,,,LTT,16:45,TVCN,22:45,30h 0m,23,M F,CC 3A,1503 km,50 km/hr,12202
12629,Karnataka Sampark Kranti Express (Via Pune) (PT),SKr,SWR,,,YPR,15:00,NZM,11:40,44h 40m,15,T T,SL 3A 2A 1A,2610 km,58 km/hr,12630
12628,Karnataka Express (PT),SF,SWR,,,NDLS,20:20,SBC,12:00,39h 40m,32,S M T W T F S,SL 3A 2A 1A,2392 km,60 km/hr,12627
16532,KSR Bengaluru - Ajmer Garib Nawaz Express (PT),Exp,SWR,,,SBC,17:00,AII,14:25,45h 25m,35,F,SL 3A 2A 1A,2221 km,49 km/hr,16531
11108,Bundelkhand Express,Exp,NCR,,,BNRS,16:30,GWL,8:15,15h 45m,33,S M T W T F S,SL 3A 2A 1A 3E,624 km,40 km/hr,11107
13105,Sealdah - Ballia Express (PT),Exp,ER,,,SDAH,13:40,BUI,5:30,15h 50m,32,S M T W T F S,SL 3A 2A 1A,680 km,43 km/hr,13106
15933,New Tinsukia - Amritsar Express (PT),Exp,NFR,,,NTSK,9:45,ASR,21:05,59h 20m,40,T,SL 3A 2A 1A,2812 km,47 km/hr,15934
12627,Karnataka Express (PT),SF,SWR,,,SBC,19:20,NDLS,9:00,37h 40m,33,S M T W T F S,SL 3A 2A 1A,2392 km,64 km/hr,12628
16526,KSR Bengaluru - Kanniyakumari Express (PT),Exp,SWR,,,SBC,20:10,CAPE,14:50,18h 40m,44,S M T W T F S,SL 3A 2A 1A 3E,929 km,50 km/hr,16525
16531,Ajmer - KSR Bengaluru Garib Nawaz Express (PT),Exp,SWR,,,AII,6:15,SBC,2:30,44h 15m,35,M,SL 3A 2A 1A,2221 km,50 km/hr,16532
16381,Pune - Kanniyakumari Express (PT),Exp,SR,,,PUNE,23:45,CAPE,11:55,36h 10m,55,S M T W T F S,SL 3A 2A 3E,1941 km,54 km/hr,16382
12633,Chennai Egmore - Kanniyakumari SF Express (PT),SF,SWR,,,MS,17:20,CAPE,5:30,12h 10m,14,S M T W T F S,SL 3A 2A 1A 3E,739 km,61 km/hr,12634
15716,Ajmer - Kishanganj Garib Nawaz Express (PT),Exp,NFR,,,AII,12:05,KNE,3:15,39h 10m,33,M T T,SL 3A 2A 1A 3E,1839 km,47 km/hr,15715
11107,Bundelkhand Express (PT),Exp,NCR,,,GWL,21:05,BNRS,11:05,14h 0m,27,S M T W T F S,SL 3A 2A 1A 3E,624 km,45 km/hr,11108
12665,Howrah - Kanniyakumari SF Express (PT),SF,SR,,,HWH,16:00,CAPE,9:45,41h 45m,28,M,SL 3A 2A,2406 km,58 km/hr,12666
13174,Sabroom - Sealdah Kanchanjungha Express (PT),Exp,ER,,,SBRM,6:10,SDAH,19:20,37h 10m,49,S T T S,SL 3A 2A,1665 km,45 km/hr,13173
15715,Kishanganj - Ajmer Garib Nawaz Express (PT),Exp,NFR,,,KNE,5:50,AII,21:30,39h 40m,33,S T F,SL 3A 2A 1A 3E,1839 km,46 km/hr,15716
13173,Sealdah - Sabroom Kanchanjungha Express (PT),Exp,ER,,,SDAH,6:50,SBRM,21:10,38h 20m,49,S T T F,SL 3A 2A,1665 km,43 km/hr,13174
13150,Kanchankanya Express (PT),Exp,ER,,,APDJ,15:40,SDAH,8:20,16h 40m,28,S M T W T F S,SL 3A 2A 1A 3E,753 km,45 km/hr,13149
13308,Ganga Sutlej Express,Exp,ECR,,,FZR,16:40,DHN,4:55,36h 15m,66,S M T W T F S,SL 3A 2A 1A 3E,1602 km,44 km/hr,13307
15138,Budh Purnima Express,Exp,NER,,,BNRS,20:15,RGD,6:10,9h 55m,20,S M T W T F S,SL 3A 2A,418 km,42 km/hr,15137
18450,Baidyanathdham Express (PT),Exp,ECoR,,,PNBE,8:45,PURI,2:55,18h 10m,25,W,SL 3A 2A,931 km,51 km/hr,18449
13149,Kanchankanya Express (PT),Exp,ER,,,SDAH,20:30,APDJ,12:40,16h 10m,28,S M T W T F S,SL 3A 2A 1A 3E,753 km,47 km/hr,13150
15960,Kamrup Express (via Guwahati) (PT),Exp,NFR,,,DBRG,19:45,HWH,4:40,32h 55m,59,M T W F S,SL 3A 2A,1532 km,47 km/hr,15959
13307,Ganga Sutlej Express (PT),Exp,ECR,,,DHN,21:50,FZR,10:00,36h 10m,69,S M T W T F S,SL 3A 2A 1A 3E,1602 km,44 km/hr,13308
15959,Kamrup Express (via Guwahati) (PT),Exp,NFR,,,HWH,18:35,DBRG,4:25,33h 50m,59,S T W T S,SL 3A 2A,1532 km,45 km/hr,15960
11072,Kamayani Express,Exp,CR,,,BUI,12:45,LTT,23:10,34h 25m,46,S M T W T F S,SL 3A 2A,1773 km,52 km/hr,11071
13186,Gangasagar Express (PT),Exp,ER,,,JYG,16:10,SDAH,7:00,14h 50m,19,S M T W T F S,SL 3A 2A 1A,623 km,42 km/hr,13185
11634,Chopan - Bhopal Weekly Express,Exp,WCR,,,CPU,17:10,BPL,7:00,13h 50m,15,M,SL 3A 2A 1A 3E,723 km,52 km/hr,11633
11633,Bhopal - Chopan Weekly Express,Exp,WCR,,,BPL,20:55,CPU,10:50,13h 55m,15,S,SL 3A 2A 1A 3E,723 km,52 km/hr,11634
54355,Bandikui - Bareilly Passenger (UnReserved),Pass,NR,,,BKI,14:45,BE,6:20,15h 35m,47,S M T W T F S,,413 km,27 km/hr,54356
13185,Gangasagar Express (PT),Exp,ER,,,SDAH,17:50,JYG,8:55,15h 5m,20,S M T W T F S,SL 3A 2A 1A,623 km,41 km/hr,13186
13051,Netaji Express (PT),Exp,ER,,,HWH,21:55,KLK,3:00,29h 5m,39,S M T W T F S,SL 3A 2A 1A,1714 km,59 km/hr,13052
18478,Kalinga Utkal Express (PT),Exp,ECoR,,,YNRK,5:35,PURI,3:25,45h 50m,79,S M T W T F S,SL 3A 2A 1A 3E,2390 km,52 km/hr,18477
12670,Ganga Kaveri Express (PT),SF,SR,,,CPR,21:00,MAS,12:10,39h 10m,21,M W,SL 3A 2A 1A 3E,2339 km,60 km/hr,12669
22871,Bhubaneswar - Tirupati Weekly SF Express,SF,ECoR,,,BBS,12:10,TPTY,8:30,20h 20m,17,S,SL 3A 2A 1A,1181 km,58 km/hr,22872
18449,Baidyanathdham Express (PT),Exp,ECoR,,,PURI,14:55,PNBE,9:35,18h 40m,25,M,SL 3A 2A,931 km,50 km/hr,18450
15707,Amrapali Express (PT),Exp,NFR,,,KIR,22:45,ASR,12:40,37h 55m,55,S M T W T F S,SL 3A 2A 3E,1805 km,48 km/hr,15708
14322,Ala Hazrat Express (via Bhildi) (PT),Exp,NR,,,BHUJ,18:15,BE,20:35,26h 20m,46,S M T S,SL 3A 2A 3E,1411 km,54 km/hr,14321
20861,Puri - Ahmedabad SF Express (via Sambalpur) (PT),SF,ECoR,,,PURI,19:25,ADI,6:25,35h 0m,37,W,SL 3A 2A,1994 km,57 km/hr,20862
22186,Ahimsa SF Express (PT),SF,CR,,,PUNE,20:10,ADI,7:35,11h 25m,15,W,SL 3A 2A,629 km,55 km/hr,22185
14118,Kalindi Express,Exp,NCR,,,BNW,19:35,PRYJ,12:50,17h 15m,31,S M T W T F S,SL 3A 2A 3E,800 km,46 km/hr,14117
14117,Kalindi Express (PT),Exp,NCR,,,PRYJ,15:50,BNW,9:25,17h 35m,31,S M T W T F S,SL 3A 2A 3E,800 km,46 km/hr,14118
12669,Ganga Kaveri Express (PT),SF,SR,,,MAS,17:40,CPR,9:35,39h 55m,21,M S,SL 3A 2A 1A 3E,2339 km,59 km/hr,12670
11405,Pune - Amravati Express (via Latur),Exp,CR,,,PUNE,22:45,AMI,17:30,18h 45m,19,S F,SL 3A 2A 1A,820 km,44 km/hr,11406
12226,Kaifiyaat SF Express (PT),SF,NR,,,DLI,20:25,AMH,10:55,14h 30m,17,S M T W T F S,SL 3A 2A 1A,800 km,55 km/hr,12225
14215,Ganga Gomti Express,Exp,NR,,,PYGS,5:40,LKO,9:55,4h 15m,10,S M T W T F S,CC,198 km,47 km/hr,14216
12166,Gorakhpur - Mumbai LTT SF Express (Via Prayagraj) (PT),SF,CR,,,GKP,15:25,LTT,20:50,29h 25m,16,T F S,SL 3A 2A,1707 km,58 km/hr,12165
12225,Kaifiyaat SF Express (PT),SF,NR,,,AMH,16:30,DLI,7:05,14h 35m,17,S M T W T F S,SL 3A 2A 1A,800 km,55 km/hr,12226
17604,Yelahanka - Kacheguda Express (PT),Exp,SCR,,,YNK,16:20,KCG,5:00,12h 40m,14,S M T W T F S,SL 3A 2A 1A 3E,653 km,52 km/hr,17603
13330,Ganga Damodar Express,Exp,ECR,,,PNBE,23:20,DHN,5:20,6h 0m,9,S M T W T F S,SL 3A 2A 1A 3E,292 km,49 km/hr,13329
12786,Ashokapuram - Kacheguda SF Express (PT),SF,SCR,,,AP,14:55,KCG,5:40,14h 45m,19,S M T W T F S,SL 3A 2A 1A,769 km,52 km/hr,12785
17651,Chengalpattu - Kacheguda Express (PT),Exp,SCR,,,CGL,15:35,KCG,7:55,16h 20m,20,M W T S,SL 3A 2A,825 km,51 km/hr,17652
13329,Ganga Damodar Express,Exp,ECR,,,DHN,23:20,PNBE,5:15,5h 55m,9,S M T W T F S,SL 3A 2A 1A 3E,292 km,49 km/hr,13330
14235,Varanasi - Bareilly Express,Exp,NR,,,BSB,23:05,BE,11:55,12h 50m,28,S M T W T F S,SL 3A 2A 1A,558 km,44 km/hr,14236
13020,Bagh Express,Exp,ER,,,KGM,21:50,HWH,11:15,37h 25m,64,S M T W T F S,SL 3A 2A,1512 km,40 km/hr,13019
12976,Jaipur - Mysuru SF Express (PT),SF,NWR,,,JP,19:35,MYS,16:00,44h 25m,41,M W,SL CC 3A 2A 1A 3E,2480 km,56 km/hr,12975
22884,Yesvantpur - Puri Garib Rath Express,GR,ECoR,,,YPR,22:40,PURI,3:55,29h 15m,23,S,3A,1505 km,51 km/hr,22883
20686,KSR Bengaluru - Gandhidham SF Express (PT),SF,SWR,,,SBC,23:50,GIMB,10:55,35h 5m,30,S,SL 3A 2A 1A,1958 km,56 km/hr,20685
20694,KSR Bengaluru - Jodhpur SF Express (via Davangere) (PT),SF,SWR,,,SBC,23:50,JU,13:50,38h 0m,42,M W,SL 3A 2A 1A,2115 km,56 km/hr,20693
12102,Jnaneswari Express (PT),SF,CR,,,SHM,20:15,LTT,4:10,31h 55m,16,S M W T,SL 3A 2A 1A,1945 km,61 km/hr,12101
16336,Nagercoil - Gandhidham Weekly Express (PT),Exp,SR,,,NCJ,14:45,GIMB,12:05,45h 20m,55,T,SL 3A 2A,2343 km,52 km/hr,16335
12640,Brindavan SF Express,SF,SR,,,SBC,15:15,MAS,21:15,6h 0m,12,S M T W T F S,2S CC,359 km,60 km/hr,12639
12101,Jnaneswari Express (PT),SF,CR,,,LTT,20:35,SHM,4:35,32h 0m,16,M T F S,SL 3A 2A 1A,1945 km,61 km/hr,12102
11078,Jhelum Express,Exp,CR,,,JAT,23:35,PUNE,16:00,40h 25m,64,S M T W T F S,SL 3A 2A,2171 km,54 km/hr,11077
13018,Ganadevta Express,Exp,ER,,,AZ,16:00,HWH,21:50,5h 50m,13,S M T W T F S,2S SL CC 3A,279 km,48 km/hr,13017
11077,Jhelum Express (PT),Exp,CR,,,PUNE,17:20,JAT,9:45,40h 25m,64,S M T W T F S,SL 3A 2A,2171 km,54 km/hr,11078
12874,Jharkhand Swarna Jayanti Express (via Barkakana),SF,SER,,,ANVT,20:45,HTE,20:00,23h 15m,20,T W F,SL 3A 2A 1A 3E,1332 km,57 km/hr,12873
13017,Ganadevta Express,Exp,ER,,,HWH,6:05,AZ,12:15,6h 10m,13,S M T W T F S,2S SL CC 3A,279 km,45 km/hr,13018
12639,Brindavan SF Express,SF,SR,,,MAS,7:40,SBC,14:00,6h 20m,11,S M T W T F S,2S CC,359 km,57 km/hr,12640
13019,Bagh Express (PT),Exp,ER,,,HWH,21:40,KGM,9:30,35h 50m,67,S M T W T F S,SL 3A 2A,1512 km,42 km/hr,13020
14679,Delhi - Amritsar Intercity Express,Exp,NR,,,DLI,13:45,ASR,22:25,8h 40m,13,S M T W T F S,2S CC,447 km,52 km/hr,14680
12873,Jharkhand Swarna Jayanti Express (via Barkakana) (PT),SF,SER,,,HTE,13:40,ANVT,13:10,23h 30m,20,M T T,SL 3A 2A 1A 3E,1329 km,57 km/hr,12874
12818,Jharkhand Swarna Jayanti Express (via Gomoh),SF,SER,,,ANVT,20:45,HTE,17:15,20h 30m,17,M T S,SL 3A 2A 1A 3E,1302 km,64 km/hr,12817
12922,Flying Ranee,SF,WR,,,ST,5:10,MMCT,9:50,4h 40m,13,S M T W T F S,2S CC,263 km,56 km/hr,12921
12817,Jharkhand Swarna Jayanti Express (via Gomoh) (PT),SF,SER,,,HTE,14:25,ANVT,13:10,22h 45m,17,S W F,SL 3A 2A 1A 3E,1302 km,57 km/hr,12818
11634,Chopan - Bhopal Weekly Express,Exp,WCR,,,CPU,17:10,BPL,7:00,13h 50m,15,M,SL 3A 2A 1A 3E,723 km,52 km/hr,11633
11633,Bhopal - Chopan Weekly Express,Exp,WCR,,,BPL,20:55,CPU,10:50,13h 55m,15,S,SL 3A 2A 1A 3E,723 km,52 km/hr,11634
54355,Bandikui - Bareilly Passenger (UnReserved),Pass,NR,,,BKI,14:45,BE,6:20,15h 35m,47,S M T W T F S,,413 km,27 km/hr,54356
54356,Bareilly - Bandikui Passenger (UnReserved),Pass,NR,,,BE,21:05,BKI,9:50,12h 45m,47,S M T W T F S,,413 km,32 km/hr,54355
11632,Dhanbad - Bhopal Express,Exp,WCR,,,DHN,7:20,BPL,7:00,23h 40m,30,S W S,SL 3A 2A 1A 3E,1195 km,50 km/hr,11631
15042,Kasganj - Farrukhabad Express (UnReserved),Exp,NER,,,KSJ,21:00,FBD,23:20,2h 20m,7,S M T W T F S,,107 km,46 km/hr,15041
12806,Lingampalli - Visakhapatnam Janmabhoomi SF Express (PT),SF,SCoR,,,LPI,6:55,VSKP,19:50,12h 55m,23,S M T W T F S,2S CC 3E,711 km,55 km/hr,12805
12805,Visakhapatnam - Lingampalli Janmabhoomi SF Express (PT),SF,SCoR,,,VSKP,6:20,LPI,19:40,13h 20m,23,S M T W T F S,2S CC 3E,711 km,53 km/hr,12806
15744,Farakka Express (via Ayodhya Cantt),Exp,NFR,,,BTI,16:25,BLGT,12:55,44h 30m,76,S T T F,SL 3A 2A,1867 km,42 km/hr,15743
15658,Brahmaputra Mail (PT),Exp,NFR,,,KYQ,16:55,DLI,4:50,35h 55m,46,S M T W T F S,SL 3A 2A 1A,2033 km,57 km/hr,15657
12948,Azimabad SF Express (PT),SF,WR,,,RGD,21:00,ADI,3:50,30h 50m,23,W F,SL 3A 2A 3E,1861 km,60 km/hr,12947
12084,Coimbatore - Mayiladuthurai Jan Shatabdi Express,JShtb,SR,,,CBE,7:15,MV,13:45,6h 30m,8,S M W T F S,2S CC,362 km,56 km/hr,12083
12083,Mayiladuturai - Coimbatore Jan Shatabdi Express,JShtb,SR,,,MV,15:05,CBE,21:25,6h 20m,8,S M W T F S,2S CC,362 km,57 km/hr,12084
15743,Farakka Express (via Ayodhya Cantt) (PT),Exp,NFR,,,BLGT,17:00,BTI,11:50,42h 50m,77,S T W F,SL 3A 2A,1867 km,44 km/hr,15744
12080,SSS Hubballi - K.S.R. Bengaluru Jan Shatabdi Express,JShtb,SWR,,,UBL,14:10,SBC,21:15,7h 5m,10,S M T W T F S,2S CC,470 km,66 km/hr,12079
12079,K.S.R Bengaluru - SSS Hubballi Jan Shatabdi Express,JShtb,SWR,,,SBC,6:00,UBL,12:50,6h 50m,10,S M T W T F S,2S CC,470 km,69 km/hr,12080
15734,Farakka Express (via Sultanpur),Exp,NFR,,,BTI,15:00,BLGT,12:55,45h 55m,79,M W S,SL 3A 2A,1832 km,40 km/hr,15733
12183,Bhopal - MBDD Pratapgarh SF Express (PT),SF,WCR,,,BPL,19:15,MBDP,8:55,13h 40m,10,S T F,SL 3A 2A,757 km,55 km/hr,12184
11272,Vindhyachal Express,Exp,WCR,,,BPL,18:20,ET,13:50,19h 30m,38,S M T W T F S,SL 3A,735 km,38 km/hr,11271
11271,Vindhyachal Express,Exp,WCR,,,ET,16:20,BPL,10:20,18h 0m,38,S M T W T F S,SL 3A,735 km,41 km/hr,11272
12078,Vijayawada - MGR Chennai Central Jan Shatabdi Express,JShtb,SR,,,BZA,15:30,MAS,23:00,7h 30m,9,S M W T F S,2S CC,455 km,61 km/hr,12077
12367,Vikramshila Express (PT),SF,ER,,,BGP,11:55,ANVT,7:20,19h 25m,21,S M T W T F S,SL 3A 2A 1A 3E,1208 km,62 km/hr,12368
12706,Secunderabad - Guntur InterCity Superfast Express,SF,SCR,,,SC,7:45,GNT,14:43,6h 58m,14,S M T W T F S,2S CC 3E,380 km,55 km/hr,12705
12077,MGR Chennai Central - Vijayawada Jan Shatabdi Express,JShtb,SR,,,MAS,7:25,BZA,15:00,7h 35m,9,S M W T F S,2S CC,455 km,60 km/hr,12078
15733,Farakka Express (via Sultanpur) (PT),Exp,NFR,,,BLGT,17:00,BTI,13:05,44h 5m,81,M T S,SL 3A 2A,1832 km,42 km/hr,15734
12105,Vidarbha SF Express (PT),SF,CR,,,CSMT,19:05,G,11:15,16h 10m,25,S M T W T F S,SL 3A 2A 1A 3E,965 km,60 km/hr,12106
13048,Vibhuti Express (PT),Exp,ER,,,PRRB,15:40,HWH,7:35,15h 55m,31,S M T W T F S,SL 3A 2A,882 km,55 km/hr,13047
17016,Visakha Express (PT),Exp,SCR,,,SC,16:50,BBSN,16:25,23h 35m,41,S M T W T F S,SL 3A 2A 1A,1148 km,49 km/hr,17015
17015,Visakha Express (PT),Exp,SCR,,,BBSN,8:00,SC,7:45,23h 45m,41,S M T W T F S,SL 3A 2A 1A,1148 km,48 km/hr,17016
20812,Hazur Sahib Nanded - Visakhapatnam SF Express (PT),SF,SCoR,,,NED,16:30,VSKP,9:20,16h 50m,11,S W T,SL 3A 2A 3E,959 km,57 km/hr,20811
18517,Korba - Visakhapatnam Express (PT),Exp,SCoR,,,KRBA,16:10,VSKP,6:45,14h 35m,28,S M T W T F S,SL 3A 2A 1A 3E,729 km,50 km/hr,18518
11406,Amravati - Pune Express (via Latur),Exp,CR,,,AMI,19:50,PUNE,16:25,20h 35m,19,M S,SL 3A 2A 1A,820 km,40 km/hr,11405
16333,Veraval - Thiruvananthapuram Central Express (PT),Exp,SR,,,VRL,6:55,TVC,7:15,48h 20m,57,T,SL 3A 2A 3E,2404 km,50 km/hr,16334
18518,Visakhapatnam - Korba Express (PT),Exp,SCoR,,,VSKP,21:00,KRBA,11:15,14h 15m,28,S M T W T F S,SL 3A 2A 1A 3E,729 km,51 km/hr,18517
22637,West Coast SF Express (PT),SF,SR,,,MAS,13:25,MAQ,5:50,16h 25m,27,S M T W T F S,SL 3A 2A 1A,902 km,55 km/hr,22638
22638,West Coast SF Express (PT),SF,SR,,,MAQ,23:45,MAS,16:00,16h 15m,28,S M T W T F S,SL 3A 2A 1A,902 km,56 km/hr,22637
22650,Yercaud SF Express (PT),SF,SR,,,ED,21:45,MAS,4:25,6h 40m,11,S M T W T F S,SL 3A 2A 1A,394 km,59 km/hr,22649
22649,Yercaud SF Express (PT),SF,SR,,,MAS,23:00,ED,5:50,6h 50m,10,S M T W T F S,SL 3A 2A 1A,394 km,58 km/hr,22650
12292,MGR Chennai Central - Yesvantpur Weekly SF Express (PT),SF,SWR,,,MAS,23:30,YPR,6:00,6h 30m,5,S,SL 3A 2A 1A,366 km,56 km/hr,12291
12835,Hatia - SMVT Bengaluru SF Express (PT),SF,SER,,,HTE,17:25,SMVB,3:15,33h 50m,24,S T,SL 3A 2A 1A 3E,1884 km,56 km/hr,12836
12845,Bhubaneswar - SMVT Bengaluru SF Express (PT),SF,ECoR,,,BBS,7:30,SMVB,8:35,25h 5m,18,S,SL 3A 2A,1506 km,60 km/hr,12846
12863,Howrah - SMVT Bengaluru SF Express (PT),SF,SER,,,HWH,22:45,SMVB,7:00,32h 15m,31,S M T W T F S,SL 3A 2A 1A 3E,1942 km,60 km/hr,12864
12889,Tatanagar - SMVT Bengaluru SF Express (PT),SF,SER,,,TATA,17:45,SMVB,3:15,33h 30m,23,F,SL 3A 2A 3E,1883 km,56 km/hr,12890
22533,Gorakhpur - Yesvantpur SF Express (PT),SF,NER,,,GKP,6:33,YPR,2:45,44h 12m,22,M,SL 3A 2A 1A,2512 km,57 km/hr,22534
15228,Muzaffarpur - SMVT Bengaluru Express (PT),Exp,ECR,,,MFP,7:25,SMVB,9:45,50h 20m,33,M,SL 3A 2A 1A 3E,2701 km,54 km/hr,15227
16516,Karwar - Yesvantpur Express,Exp,SWR,,,KAWR,5:30,YPR,20:50,15h 20m,23,T T S,2S SL CC 3E EV,611 km,40 km/hr,16515
16528,Kannur - Yesvantpur Express (PT),Exp,SWR,,,CAN,18:05,YPR,7:50,13h 45m,17,S M T W T F S,SL 3A 2A,660 km,48 km/hr,16527
17310,Vasco da Gama - Yesvantpur Express (PT),Exp,SWR,,,VSG,22:55,YPR,12:35,13h 40m,19,S M T W T F S,SL 3A 2A,664 km,49 km/hr,17309
12890,SMVT Bengaluru - Tatanagar SF Express,SF,SER,,,SMVB,8:50,TATA,18:10,33h 20m,23,M,SL 3A 2A 3E,1883 km,56 km/hr,12889
12396,Ziyarat Express (PT),SF,ECR,,,AII,0:45,RJPB,23:30,22h 45m,16,F,SL 3A 2A 1A 3E,1293 km,57 km/hr,12395
12956,Jaipur - Mumbai Central SF Express (PT),SF,WR,,,JP,14:00,MMCT,6:55,16h 55m,18,S M T W T F S,SL 3A 2A 1A,1160 km,69 km/hr,12955
22153,Chennai Egmore - Salem SF Express (PT),SF,CR,,,MS,23:55,SA,6:15,6h 20m,10,S M T W T F S,SL 3A 2A,352 km,56 km/hr,22154
18603,Ranchi - Godda Express (via Kiul),Exp,SER,,,RNC,14:50,GODA,6:20,15h 30m,25,T T S,SL 3A 2A 1A,612 km,39 km/hr,18604
11634,Chopan - Bhopal Weekly Express,Exp,WCR,,,CPU,17:10,BPL,7:00,13h 50m,15,M,SL 3A 2A 1A 3E,723 km,52 km/hr,11633
11633,Bhopal - Chopan Weekly Express,Exp,WCR,,,BPL,20:55,CPU,10:50,13h 55m,15,S,SL 3A 2A 1A 3E,723 km,52 km/hr,11634
16606,Ernad Express,Exp,SR,,,TVC,3:40,MAQ,17:40,14h 0m,38,S M T W T F S,2S CC,620 km,44 km/hr,16605
12076,Thiruvananthapuram Central - Kozhikode Jan Shatabdi Express,JShtb,SR,,,TVC,5:55,CLT,13:00,7h 5m,10,S M T W T F S,2S CC,399 km,56 km/hr,12075
13047,Vibhuti Express (PT),Exp,ER,,,HWH,19:55,PRRB,12:00,16h 5m,31,S M T W T F S,SL 3A 2A,883 km,55 km/hr,13048
22189,Madan Mahal - Rewa InterCity Express,SF,WCR,,,MML,17:00,REWA,21:22,4h 22m,11,S M T W T F S,2S CC 3A,242 km,55 km/hr,22190
22190,Rewa - Madan Mahal InterCity Express,SF,WCR,,,REWA,5:45,MML,10:07,4h 22m,11,S M T W T F S,2S CC 3A,242 km,55 km/hr,22189
16209,Ajmer - Mysuru Express (PT),Exp,SWR,,,AII,6:15,MYS,0:05,41h 50m,45,S F,SL 3A 2A 1A,2288 km,55 km/hr,16210
16210,Mysuru - Ajmer Express (PT),Exp,SWR,,,MYS,20:30,AII,14:25,41h 55m,44,T T,SL CC 3A 2A 1A,2288 km,55 km/hr,16209
22668,Coimbatore - Nagercoil SF Express (PT),SF,SR,,,CBE,19:30,NCJ,4:40,9h 10m,11,S M T W T F S,SL 3A 2A 1A,533 km,58 km/hr,22667
19325,Indore - Amritsar Express (PT),Exp,WR,,,INDB,20:15,ASR,22:05,25h 50m,24,T F,SL 3A 2A 1A 3E,1336 km,52 km/hr,19326
19327,Ratlam - Udaipur City Express (UnReserved),Exp,WCR,,,RTM,17:10,UDZ,23:35,6h 25m,14,S M T W T F S,,302 km,47 km/hr,19328
19328,Udaipur City - Ratlam Express (UnReserved),Exp,WCR,,,UDZ,1:35,RTM,7:50,6h 15m,14,S M T W T F S,,302 km,48 km/hr,19327
12207,Kathgodam - Jammu Tawi Garib Rath Express,GR,NR,,,KGM,18:15,JAT,9:15,15h 0m,14,T,3A,768 km,51 km/hr,12208
12208,Jammu Tawi - Kathgodam Garib Rath Express,GR,NR,,,JAT,23:20,KGM,13:40,14h 20m,14,S,3A,768 km,54 km/hr,12207
52455,Himalayan Queen,Toy,NR,,,KLK,11:55,SML,16:55,5h 0m,6,S M T W T F S,CC FC,94 km,19 km/hr,52456
52456,Himalayan Queen,Toy,NR,,,SML,18:40,KLK,23:35,4h 55m,6,S M T W T F S,CC FC,94 km,19 km/hr,52455
16334,Thiruvananthapuram Central - Veraval Express (PT),Exp,SR,,,TVC,15:45,VRL,15:35,47h 50m,55,M,SL 3A 2A 3E,2404 km,50 km/hr,16333
12986,Delhi Sarai Rohilla - Jaipur AC Double Decker Express,DD,NWR,,,DEE,17:25,JP,22:00,4h 35m,5,S M T W T F S,CC Ex,304 km,66 km/hr,12985
12072,Hingoli (Deccan) - Mumbai CSMT Jan Shatabdi Express (PT),JShtb,CR,,,HNL,4:15,CSMT,16:50,12h 35m,14,S M T W T F S,2S CC,658 km,52 km/hr,12071
15077,Kamakhya - Gomti Nagar Express (PT),Exp,NER,,,KYQ,21:20,GTNR,1:40,28h 20m,14,T,SL 3A 2A,1379 km,49 km/hr,15078
15078,Gomti Nagar - Kamakhya Express,Exp,NER,,,GTNR,10:30,KYQ,14:00,27h 30m,13,M,SL 3A 2A,1379 km,50 km/hr,15077
22991,Valsad - Bhagat Ki Kothi SF Express,SF,WR,,,BL,18:30,BGKT,8:00,13h 30m,16,T,SL 3A 2A,752 km,56 km/hr,22992
17253,Guntur - Chhatrapati Sambhajinagar Express,Exp,SCoR,,,GNT,7:20,CPSN,12:40,29h 20m,75,S M T W T F S,SL 3A,1211 km,41 km/hr,17254
12446,Uttar Sampark Kranti Express (PT),SKr,NR,,,SVDK,19:50,NDLS,6:55,11h 5m,10,S M T W T F S,SL 3A 2A 1A 3E,655 km,59 km/hr,12445
12445,Uttar Sampark Kranti Express (PT),SKr,NR,,,NDLS,20:50,SVDK,7:55,11h 5m,10,S M T W T F S,SL 3A 2A 1A 3E,655 km,59 km/hr,12446
12820,Odisha Sampark Kranti Express,SKr,ECoR,,,ANVT,8:00,BBS,12:20,28h 20m,11,T F,SL 3A 2A 1A,1784 km,63 km/hr,12819
12819,Odisha Sampark Kranti Express,SKr,ECoR,,,BBS,16:17,ANVT,19:35,27h 18m,11,S W,SL 3A 2A 1A,1784 km,65 km/hr,12820
12447,Uttar Pradesh Sampark Kranti Express (PT),SKr,NR,,,MKP,18:00,NZM,5:22,11h 22m,10,S M T W T F S,SL 3A 2A 1A 3E,694 km,61 km/hr,12448
12644,Hazrat Nizamuddin - Thiruvananthapuram Central Swarna Jayanti SF Express (PT),SF,SR,,,NZM,5:10,TVC,7:00,49h 50m,29,F,SL 3A 2A 3E,3012 km,60 km/hr,12643
15032,Lucknow Jn. - Gorakhpur Intercity Express,Exp,NER,,,LJN,16:05,GKP,21:30,5h 25m,9,S M T W T F S,2S CC,277 km,51 km/hr,15031
13159,Kolkata - Jogbani Express (PT),Exp,ER,,,KOAA,21:45,JBN,11:00,13h 15m,16,M W F,SL 3A 2A 3E,547 km,41 km/hr,13160
13160,Jogbani - Kolkata Express (PT),Exp,ER,,,JBN,14:45,KOAA,2:35,11h 50m,16,T T S,SL 3A 2A 3E,547 km,46 km/hr,13159
13243,Patna - Bhabua Road InterCity Express (via Gaya),Exp,ECR,,,PNBE,17:45,BBU,23:55,6h 10m,24,S M T W T F S,CC,243 km,39 km/hr,13244
13244,Bhabua Road - Patna InterCity Express (via Gaya),Exp,ECR,,,BBU,4:00,PNBE,10:15,6h 15m,24,S M T W T F S,CC,243 km,39 km/hr,13243
24203,Varanasi - Lucknow Intercity SF Express (via Pratapgarh),SF,NR,,,BSB,17:50,LKO,22:50,5h 0m,13,S M T W T F S,CC 3A,301 km,60 km/hr,24204
14308,Bareilly - Prayagraj Sangam Express,Exp,NR,,,BE,17:45,PYGS,3:10,9h 25m,15,S M T W T F S,SL 3A 2A,433 km,46 km/hr,14307
16527,Yesvantpur - Kannur Express (PT),Exp,SWR,,,YPR,20:00,CAN,9:45,13h 45m,17,S M T W T F S,SL 3A 2A,660 km,48 km/hr,16528
18241,Durg - Ambikapur Express (PT),Exp,SECR,,,DURG,21:05,ABKP,8:00,10h 55m,19,S M T W T F S,SL 3A 2A 1A,467 km,43 km/hr,18242
12251,Wainganga SF Express,SF,SWR,,,YPR,23:40,KRBA,4:30,28h 50m,20,T F,SL 3A 2A 1A,1606 km,56 km/hr,12252
12469,Kanpur Central - Jammu Tawi SF Express (PT),SF,NR,,,CNB,14:05,JAT,8:30,18h 25m,12,W F,SL 3A 1A 3E,1026 km,56 km/hr,12470
12470,Jammu Tawi - Kanpur Central SF Express,SF,NR,,,JAT,17:38,CNB,12:15,18h 37m,12,T T,SL 3A 1A 3E,1026 km,55 km/hr,12469
16159,Chennai Egmore - Mangaluru Central Express (PT),Exp,SR,,,MS,23:10,MAQ,19:15,20h 5m,48,S M T W T F S,2S SL 3A 2A,986 km,49 km/hr,16160
16160,Mangaluru Central - Chennai Egmore Express (PT),Exp,SR,,,MAQ,6:45,MS,3:35,20h 50m,49,S M T W T F S,2S SL 3A 2A,986 km,47 km/hr,16159
17301,Mysuru - Belagavi Express (Via Hassan),Exp,SWR,,,MYS,22:45,BGM,9:55,11h 10m,18,S M T W T F S,SL 3A 2A,614 km,55 km/hr,17302
17302,Belagavi - Mysuru Express (Via Hassan),Exp,SWR,,,BGM,19:40,MYS,7:10,11h 30m,18,S M T W T F S,SL 3A 2A,614 km,53 km/hr,17301
17639,Kacheguda - Akola InterCity Express,Exp,SCR,,,KCG,7:10,AK,18:30,11h 20m,18,M,2S 3A,515 km,45 km/hr,17640
17640,Akola - Kacheguda Intercity Express,Exp,SCR,,,AK,9:30,KCG,20:35,11h 5m,18,T,2S 3A,515 km,46 km/hr,17639
17643,Chengalpattu - Kakinada Port Circar Express (PT),Exp,SCR,,,CGL,16:00,COA,9:25,17h 25m,32,S T W F,SL 3A 2A,756 km,43 km/hr,17644
17644,Kakinada Port - Chengalpattu Circar Express (PT),Exp,SCR,,,COA,14:30,CGL,7:30,17h 0m,32,S T W F,SL 3A 2A,756 km,44 km/hr,17643
11634,Chopan - Bhopal Weekly Express,Exp,WCR,,,CPU,17:10,BPL,7:00,13h 50m,15,M,SL 3A 2A 1A 3E,723 km,52 km/hr,11633
11633,Bhopal - Chopan Weekly Express,Exp,WCR,,,BPL,20:55,CPU,10:50,13h 55m,15,S,SL 3A 2A 1A 3E,723 km,52 km/hr,11634
22955,Kutch SF Express (PT),SF,WR,,,BDTS,17:45,BHUJ,8:30,14h 45m,20,S M T W T F S,SL 3A 2A 1A,840 km,57 km/hr,22956
22956,Kutch SF Express (PT),SF,WR,,,BHUJ,20:25,BDTS,11:30,15h 5m,20,S M T W T F S,SL 3A 2A 1A,840 km,56 km/hr,22955
11034,Darbhanga - Pune Express (PT),Exp,CR,,,DBG,16:35,PUNE,7:15,38h 40m,28,F,SL 3A 2A,1943 km,50 km/hr,11033
11087,Veraval - Pune Express (PT),Exp,CR,,,VRL,11:05,PUNE,7:35,20h 30m,24,S,SL 3A 2A,1061 km,52 km/hr,11088
11088,Pune - Veraval Express (PT),Exp,CR,,,PUNE,20:10,VRL,16:25,20h 15m,23,T,SL 3A 2A,1061 km,52 km/hr,11087
11109,Virangana Lakshmibai Jhansi - Lucknow Jn. Intercity Express,Exp,NCR,,,VGLJ,6:05,LJN,12:00,5h 55m,9,S M T W T F S,2S CC 3A 2A,292 km,49 km/hr,11110
12850,Pune - Bilaspur SF Express (PT),SF,SECR,,,PUNE,17:35,BSP,15:50,22h 15m,16,F,SL 3A 2A 1A 3E,1297 km,58 km/hr,12849
16533,Jodhpur - KSR Bengaluru Express (Via Guntakal) (PT),Exp,SWR,,,JU,6:15,SBC,2:30,44h 15m,32,W,SL 3A 2A 1A,2185 km,49 km/hr,16534
16534,KSR Bengaluru - Jodhpur Express (Via Guntakal) (PT),Exp,SWR,,,SBC,17:00,JU,13:50,44h 50m,32,S,SL 3A 2A 1A,2185 km,49 km/hr,16533
19315,Veer Bhumi Express,Exp,WR,,,INDB,18:20,ASV,10:15,15h 55m,31,S M T W T F S,SL 3A 2A 1A,774 km,49 km/hr,19316
19316,Veer Bhumi Express,Exp,WR,,,ASV,14:10,INDB,7:00,16h 50m,31,S M T W T F S,SL 3A 2A 1A,774 km,46 km/hr,19315
12704,Falaknuma Express (PT),SF,SCR,,,SC,15:55,HWH,18:10,26h 15m,25,S M T W T F S,SL 2A 1A 3E,1544 km,59 km/hr,12703
52457,Kalka - Shimla Express,Toy,NR,,,KLK,3:30,SML,8:50,5h 20m,16,S M T W T F S,CC FC,94 km,18 km/hr,52458
52458,Shimla - Kalka Express,Toy,NR,,,SML,10:55,KLK,16:15,5h 20m,10,S M T W T F S,CC FC,94 km,18 km/hr,52457
11027,Dadar Central - Satara Express,Exp,CR,,,DR,23:55,STR,14:10,14h 15m,27,S M F,SL 3A 2A,690 km,48 km/hr,11028
16546,Sindhanur - Yesvantpur Express,Exp,SWR,,,SNNR,17:00,YPR,8:05,15h 5m,41,S M T W T F S,SL 3A,623 km,41 km/hr,16545
19818,Haldighati Express,Exp,WCR,,,JAB,20:05,RTM,15:20,19h 15m,64,S M T W T F S,SL,695 km,36 km/hr,19817
19005,Surat - Bhusaval Express,Exp,WR,,,ST,23:10,BSL,8:00,8h 50m,29,S M T W T F S,SL 3A,335 km,38 km/hr,19006
19006,Bhusaval - Surat Express,Exp,WR,,,BSL,19:30,ST,5:00,9h 30m,29,S M T W T F S,SL 3A,335 km,35 km/hr,19005
16219,Chamarajanagar - Tirupati Express,Exp,SWR,,,CMNR,15:50,TPTY,4:05,12h 15m,31,S M T W T F S,SL 3A 2A 1A,532 km,43 km/hr,16220
13029,Howrah - Mokama Express,Exp,ER,,,HWH,23:20,MKA,10:40,11h 20m,49,S M T W T F S,SL 3A,455 km,40 km/hr,13030
19418,Ahmedabad - Borivali Express,Exp,WR,,,ADI,23:30,BVI,14:05,14h 35m,55,S M T W T F S,SL,463 km,32 km/hr,19417
16730,Punalur - Madurai Express (PT),Exp,SR,,,PUU,17:15,MDU,3:35,10h 20m,36,S M T W T F S,SL 3A,409 km,40 km/hr,16729
18257,Bilaspur - Chirimiri Express,Exp,SECR,,,BSP,23:40,CHRM,6:00,6h 20m,11,S M T W T F S,SL 3A,238 km,38 km/hr,18258
17625,Delta Express (PT),Exp,SCR,,,KCG,22:20,RAL,6:25,8h 5m,12,S M T W T F S,SL 3A 2A,347 km,43 km/hr,17626
12111,Mumbai CSMT - Amravati SF Express (PT),SF,CR,,,CSMT,20:50,AMI,8:35,11h 45m,14,S M T W T F S,SL 3A 2A 1A,671 km,57 km/hr,12112
17030,Hyderabad - Vijayapura Express (PT),Exp,SCR,,,HYB,21:10,BJP,8:05,10h 55m,31,S M T W T F S,SL 3A,445 km,41 km/hr,17029
17663,Raichur - Jalna Express,Exp,SCR,,,RC,15:50,J,9:30,17h 40m,29,S M T W T F S,SL 3A 2A,735 km,42 km/hr,17664
15131,Gorakhpur - Varanasi City Express,Exp,NER,,,GKP,22:55,BCY,5:05,6h 10m,13,S M T W T F S,SL 3A 2A 3E,228 km,37 km/hr,15132
19343,Penchvalley Express,Exp,WR,,,INDB,13:15,NIR,6:30,17h 15m,34,S M T W T F S,SL 3A,694 km,40 km/hr,19344
17664,Jalna - Raichur Express,Exp,SCR,,,J,17:30,RC,10:30,17h 0m,31,S M T W T F S,SL 3A 2A,735 km,43 km/hr,17663
17243,Guntur - Rayagada Express (PT),Exp,SCoR,,,GNT,23:00,RGDA,13:40,14h 40m,30,S M T W T F S,SL 3A 2A,568 km,39 km/hr,17244
16220,Tirupati - Chamarajanagar Express,Exp,SWR,,,TPTY,21:40,CMNR,9:20,11h 40m,32,S M T W T F S,SL 3A 2A 1A,532 km,46 km/hr,16219
11033,Pune - Darbhanga Express (PT),Exp,CR,,,PUNE,16:15,DBG,7:10,38h 55m,28,W,SL 3A 2A,1943 km,50 km/hr,11034
16752,Rameswaram - Chennai Egmore Express (PT),Exp,SR,,,RMM,18:00,TBM,6:28,12h 28m,20,S M T W T F S,SL 3A 2A 1A,641 km,51 km/hr,16751
22676,Cholan SF Express (PT),SF,SR,,,TPJ,12:10,MS,19:25,7h 15m,18,S M T W T F S,2S SL 3A 2A 1A,401 km,55 km/hr,22675
18011,Howrah - Chakradharpur Express,Exp,SER,,,HWH,23:30,CKP,11:15,11h 45m,38,S M T W T F S,SL 3A 2A 1A,439 km,37 km/hr,18012
18530,Visakhapatnam - Durg Express,Exp,SCoR,,,VSKP,16:50,DURG,6:10,13h 20m,45,S M T W T F S,SL 3A 2A,566 km,42 km/hr,18529
58501,Visakhapatnam - Kirandul Passenger,Pass,SCoR,,,VSKP,7:00,KRDL,21:00,14h 0m,47,S M T W T F S,2S SL EV,471 km,34 km/hr,58502
18110,NSC Bose Itwari - Tatanagar Express,Exp,SER,,,NITR,0:05,TATA,20:20,20h 15m,68,S M T W T F S,2S SL 3A,876 km,43 km/hr,18109
17029,Vijayapura - Hyderabad Express,Exp,SCR,,,BJP,19:20,HYB,7:10,11h 50m,36,S M T W T F S,SL 3A,445 km,38 km/hr,17030
14692,Mour Dhwaj Express,Exp,NR,,,JAT,17:35,BJU,22:45,29h 10m,21,F,SL 3A 1A 3E,1611 km,55 km/hr,14691
55801,Manas Rhino Passenger (UnReserved),Pass,NFR,,,NBQ,4:40,GHY,9:15,4h 35m,20,S M T W T F S,,157 km,34 km/hr,55802
12209,Kanpur Central - Kathgodam Garib Rath Express,GR,NR,,,CNB,6:05,KGM,15:50,9h 45m,8,T,3A,459 km,47 km/hr,12210
18258,Chirimiri - Bilaspur Express,Exp,SECR,,,CHRM,22:00,BSP,4:30,6h 30m,11,S M T W T F S,SL 3A,238 km,37 km/hr,18257
17626,Delta Express (PT),Exp,SCR,,,RAL,22:40,VKB,9:20,10h 40m,20,S M T W T F S,SL 3A 2A,413 km,39 km/hr,17625
12435,Jaynagar - Anand Vihar Terminal Garib Rath Express (PT),GR,NR,,,JYG,12:10,ANVT,9:00,20h 50m,20,M F,3A,1252 km,60 km/hr,12436
12436,Anand Vihar Terminal - Jaynagar Garib Rath Express (PT),GR,NR,,,ANVT,17:20,JYG,13:50,20h 30m,20,T S,3A,1252 km,61 km/hr,12435
11634,Chopan - Bhopal Weekly Express,Exp,WCR,,,CPU,17:10,BPL,7:00,13h 50m,15,M,SL 3A 2A 1A 3E,723 km,52 km/hr,11633
11633,Bhopal - Chopan Weekly Express,Exp,WCR,,,BPL,20:55,CPU,10:50,13h 55m,15,S,SL 3A 2A 1A 3E,723 km,52 km/hr,11634
12252,Wainganga SF Express (PT),SF,SWR,,,KRBA,8:05,YPR,13:15,29h 10m,21,S T,SL 3A 2A 1A,1605 km,55 km/hr,12251
12363,Kolkata - Haldibari Intercity Express (PT),SF,ER,,,KOAA,9:05,HDB,20:25,11h 20m,9,T T S,2S SL CC 3A,627 km,55 km/hr,12364
12364,Haldibari - Kolkata Intercity Express (PT),SF,ER,,,HDB,8:25,KOAA,19:40,11h 15m,9,S W F,2S SL CC 3A,627 km,56 km/hr,12363
25036,Uttarakhand Sampark Kranti Express Slip,SKr,NER,,,RMR,9:50,MB,11:45,1h 55m,2,S M T W T F S,2S CC,77 km,40 km/hr,15035-Slip
12210,Kathgodam - Kanpur Central Garib Rath Express,GR,NR,,,KGM,18:15,CNB,4:35,10h 20m,8,M,3A,459 km,44 km/hr,12209
55810,Guwahati - New Bongaigaon Passenger (via Rangiya) (UnReserved),Pass,NFR,,,GHY,5:00,NBQ,10:10,5h 10m,20,S M T W T F S,,157 km,30 km/hr,55809
18242,Ambikapur - Durg Express (PT),Exp,SECR,,,ABKP,22:30,DURG,9:55,11h 25m,19,S M T W T F S,SL 3A 2A 1A,468 km,41 km/hr,18241
14691,Mour Dhwaj Express (PT),Exp,NR,,,BJU,5:05,JAT,11:45,30h 40m,21,S,SL 3A 1A 3E,1611 km,53 km/hr,14692
22429,Delhi - Pathankot SF Express,SF,NR,,,DLI,8:15,PTK,18:18,10h 3m,13,S M T W F S,2S CC,554 km,55 km/hr,22430
22430,Pathankot - Delhi SF Express,SF,NR,,,PTK,7:00,DLI,16:55,9h 55m,15,S M T W T S,2S CC,554 km,56 km/hr,22429
13162,Tebhaga Express (PT),Exp,ER,,,BLGT,5:30,KOAA,14:15,8h 45m,14,M T W T F S,2S SL CC 3A,441 km,50 km/hr,13161
17014,Kazipet - Hadapsar (Pune) Express (PT),Exp,SCR,,,KZJ,18:15,HDP,10:50,16h 35m,17,M T S,SL 3A 2A 1A,772 km,47 km/hr,17013
10215,Madgaon - Ernakulam Jn. SF Express,SF,KR,,,MAO,21:00,ERS,11:00,14h 0m,12,S,SL 3A 2A 3E,729 km,52 km/hr,10216
10216,Ernakulam Jn. - Madgaon SF Express,SF,KR,,,ERS,13:25,MAO,3:30,14h 5m,12,M,SL CC 3A 2A 3E,729 km,52 km/hr,10215
12739,Visakhapatnam - Secunderabad Garib Rath Express (PT),GR,SCR,,,VSKP,20:40,SC,8:20,11h 40m,9,S M T W T F S,3A,698 km,60 km/hr,12740
12740,Secunderabad - Visakhapatnam Garib Rath Express (PT),GR,SCR,,,SC,20:30,VSKP,7:50,11h 20m,9,S M T W T F S,3A,698 km,62 km/hr,12739
17013,Hadapsar (Pune) - Kazipet Express (PT),Exp,SCR,,,HDP,15:30,KZJ,6:45,15h 15m,17,S T F,SL 3A 2A 1A,772 km,51 km/hr,17014
54793,Sawai Madhopur - Mathura Passenger (UnReserved),Pass,NWR,,,SWM,5:45,MTJ,11:35,5h 50m,28,S M T W T F S,,216 km,37 km/hr,54794
19053,Surat - Muzaffarpur Express (PT),Exp,WR,,,ST,7:35,MFP,4:30,44h 55m,27,F,SL 3A 2A 1A,2140 km,48 km/hr,19054
19054,Muzaffarpur - Surat Express (PT),Exp,WR,,,MFP,20:10,ST,16:55,44h 45m,27,S,SL 3A 2A 1A,2140 km,48 km/hr,19053
55809,New Bongaigaon - Guwahati Passenger (via Rangiya) (UnReserved),Pass,NFR,,,NBQ,17:20,GHY,22:00,4h 40m,20,S M T W T F S,,157 km,34 km/hr,55810
17211,Kondaveedu Express (PT),Exp,SCoR,,,MTM,15:55,YPR,9:55,18h 0m,18,M W F,SL 3A 2A 1A,778 km,43 km/hr,17212
17212,Kondaveedu Express (PT),Exp,SCoR,,,YPR,12:45,MTM,5:15,16h 30m,18,T T S,SL 3A 2A 1A,778 km,47 km/hr,17211
18420,Jaynagar - Puri Weekly Express (PT),Exp,ECoR,,,JYG,5:20,PURI,2:55,21h 35m,22,S,SL 3A 2A 3E,1003 km,46 km/hr,18419
18419,Puri - Jaynagar Weekly Express,Exp,ECoR,,,PURI,14:55,JYG,12:50,21h 55m,22,T,SL 3A 2A 3E,1003 km,46 km/hr,18420
12486,Shri Ganganagar - Hazur Sahib Nanded SF Express (via Abohar),SF,NWR,,,SGNR,14:30,NED,21:40,31h 10m,27,T S,SL 3A 2A 3E,1960 km,63 km/hr,12485
12485,Hazur Sahib Nanded - Shri Ganganagar SF Express (via Abohar) (PT),SF,NWR,,,NED,11:05,SGNR,19:15,32h 10m,27,M T,SL 3A 2A 3E,1960 km,61 km/hr,12486
12742,Patna - Vasco-da-Gama SF Express (PT),SF,SWR,,,PNBE,14:05,VSG,5:45,39h 40m,19,S,SL 3A 2A,2228 km,56 km/hr,12741
12741,Vasco-da-Gama - Patna SF Express (PT),SF,SWR,,,VSG,19:00,PNBE,10:10,39h 10m,19,W,SL 3A 2A,2228 km,57 km/hr,12742
12254,Anga Express (PT),SF,SWR,,,BGP,13:55,SMVB,7:30,41h 35m,29,W,SL 3A 2A 1A,2449 km,59 km/hr,12253
13239,Patna - Kota Express (via Sultanpur) (PT),Exp,ECR,,,PNBE,11:45,KOTA,11:55,24h 10m,24,M W T F,SL 3A 2A 1A 3E,1238 km,51 km/hr,13240
12253,Anga Express (PT),SF,SWR,,,SMVB,13:50,BGP,9:20,43h 30m,29,S,SL 3A 2A 1A,2448 km,56 km/hr,12254
12881,Shalimar - Puri Garib Rath Express (PT),GR,ECoR,,,SHM,20:35,PURI,5:20,8h 45m,8,T T,3A,497 km,57 km/hr,12882
12882,Puri - Shalimar Garib Rath Express (PT),GR,ECoR,,,PURI,22:10,SHM,7:10,9h 0m,8,M W,3A,497 km,55 km/hr,12881
18416,Puri - Barbil Express,Exp,ECoR,,,PURI,6:15,BBN,17:50,11h 35m,28,S M T W T F S,2S CC,398 km,34 km/hr,18415
14866,Marudhar Express (Via MBDD Pratapgarh) (PT),Exp,NWR,,,JU,8:35,BCY,7:40,23h 5m,35,W,SL 3A 2A 3E,1181 km,51 km/hr,14865
12487,Seemanchal Express (PT),SF,NR,,,JBN,20:35,ANVT,20:50,24h 15m,19,S M T W T F S,SL 3A 2A 3E,1380 km,57 km/hr,12488
12488,Seemanchal Express,SF,NR,,,ANVT,8:10,JBN,8:00,23h 50m,19,S M T W T F S,SL 3A 2A 3E,1380 km,58 km/hr,12487
14865,Marudhar Express (Via MBDD Pratapgarh),Exp,NWR,,,BCY,16:40,JU,17:30,24h 50m,34,T,SL 3A 2A 3E,1181 km,48 km/hr,14866
55802,Manas Rhino Passenger (UnReserved),Pass,NFR,,,GHY,17:30,NBQ,22:10,4h 40m,20,S M T W T F S,,157 km,34 km/hr,55801
67268,Machilipatnam - Vijayawada MEMU,MEMU,SCoR,,,MTM,3:25,BZA,5:30,2h 5m,8,S M T W T F S,,80 km,39 km/hr,67267
67214,Tenali - Vijayawada MEMU,MEMU,SCoR,,,TEL,6:55,BZA,7:55,1h 0m,5,S M T W T F S,,31 km,31 km/hr,67213
17258,Kakinada Port - Vijayawada MEMU Express (UnReserved),Exp,SCoR,,,COA,4:10,BZA,9:30,5h 20m,19,S M T W T F S,,214 km,40 km/hr,17257
17282,Narasapur - Guntur Express,Exp,SCoR,,,NS,6:15,GNT,12:00,5h 45m,20,S M T W T F S,2S,171 km,30 km/hr,17281
67281,Vijayawada - Bhimavaram Junction MEMU,MEMU,SCoR,,,BZA,11:30,BVRM,15:10,3h 40m,22,S M T W T F S,,109 km,30 km/hr,
67767,Dornakal - Vijayawada MEMU,MEMU,SCR,,,DKJ,9:10,BZA,12:10,3h 0m,14,S M T W T F S,,122 km,41 km/hr,67768
67206,Katpadi - Tirupati MEMU,MEMU,SCoR,,,KPD,6:10,TPTY,9:00,2h 50m,11,S M T W T F S,,105 km,37 km/hr,67209
17281,Guntur - Narasapur Express,Exp,SCoR,,,GNT,17:45,NS,22:35,4h 50m,21,S M T W T F S,2S,171 km,35 km/hr,17282
11634,Chopan - Bhopal Weekly Express,Exp,WCR,,,CPU,17:10,BPL,7:00,13h 50m,15,M,SL 3A 2A 1A 3E,723 km,52 km/hr,11633
11633,Bhopal - Chopan Weekly Express,Exp,WCR,,,BPL,20:55,CPU,10:50,13h 55m,15,S,SL 3A 2A 1A 3E,723 km,52 km/hr,11634
17262,Tirupati - Guntur Express,Exp,SCoR,,,TPTY,19:25,GNT,7:20,11h 55m,18,S M T W T F S,SL 3A 2A,555 km,47 km/hr,17261
67213,Vijayawada - Tenali MEMU,MEMU,SCoR,,,BZA,5:25,TEL,6:35,1h 10m,5,S M T W T F S,,31 km,27 km/hr,67214
17646,Repalle - Secunderabad Express,Exp,SCR,,,RAL,7:10,SC,15:55,8h 45m,20,S M T W T F S,SL 3A 2A,341 km,39 km/hr,17645
12720,Hyderabad - Jaipur SF Express (PT),SF,SCR,,,HYB,20:25,JP,5:25,33h 0m,26,M W,SL 3A 2A,1843 km,56 km/hr,12719
67259,Vijayawada - Bitragunta MEMU,MEMU,SCoR,,,BZA,13:50,BTTR,20:20,6h 30m,31,S M T W T F S,,221 km,34 km/hr,67260
17645,Secunderabad - Repalle Express,Exp,SCR,,,SC,12:40,RAL,21:10,8h 30m,19,S M T W T F S,SL 3A 2A,341 km,40 km/hr,17646
67205,Tirupati - Katpadi MEMU,MEMU,SCoR,,,TPTY,6:40,KPD,9:15,2h 35m,11,S M T W T F S,,105 km,41 km/hr,67210
67207,Tirupati - Katpadi MEMU,MEMU,SCoR,,,TPTY,10:35,KPD,13:45,3h 10m,11,S M T W T F S,,105 km,33 km/hr,67208
17261,Guntur - Tirupati Express,Exp,SCoR,,,GNT,16:30,TPTY,3:50,11h 20m,18,S M T W T F S,SL 3A 2A,555 km,49 km/hr,17262
66035,Sullurupeta - Nellore MEMU,MEMU,SR,,,SPE,8:05,NLR,10:05,2h 0m,10,S M T W T F S,,93 km,47 km/hr,66036
66037,Sullurupeta - Nellore MEMU,MEMU,SR,,,SPE,15:50,NLR,18:05,2h 15m,10,S M T W T F S,,93 km,42 km/hr,66038
66036,Nellore - Sullurupeta MEMU,MEMU,SR,,,NLR,10:20,SPE,12:20,2h 0m,10,S M T W T F S,,93 km,47 km/hr,66035
63315,Jhajha - Gaya MEMU,MEMU,ECR,,,JAJ,14:00,GAYA,20:35,6h 35m,37,S M T W T F S,,183 km,28 km/hr,63316
67203,Gudur - Renigunta MEMU,MEMU,SCoR,,,GDR,14:20,RU,16:15,1h 55m,5,S M T W T F S,,83 km,44 km/hr,67204
66038,Nellore - Sullurupeta MEMU,MEMU,SR,,,NLR,18:45,SPE,21:00,2h 15m,10,S M T W T F S,,93 km,42 km/hr,66037
66034,Tiruvannamalai - Tambaram MEMU,MEMU,SR,,,TNM,4:30,TBM,10:56,6h 26m,49,S M T W T F S,,253 km,39 km/hr,66033
66060,Vellore Cantt. - Arakkonam MEMU,MEMU,SR,,,VLR,17:20,AJJ,19:30,2h 10m,10,S M T W T F S,,71 km,33 km/hr,66059
16085,Arakkonam - Jolarpettai MEMU Express (UnReserved),Exp,SR,,,AJJ,18:05,JTJ,21:15,3h 10m,14,S M T W T F S,,145 km,46 km/hr,16086
16089,Yelagiri Express,Exp,SR,,,MAS,17:55,JTJ,22:30,4h 35m,15,S M T W T F S,CC,214 km,47 km/hr,16090
56812,Erode - Jolarpettai Passenger (UnReserved),Pass,SR,,,ED,17:50,JTJ,22:30,4h 40m,21,S M T W T F S,,180 km,39 km/hr,56811
56108,Erode - Jolarpettai Passenger (UnReserved),Pass,SR,,,ED,6:00,JTJ,12:00,6h 0m,21,S M T W T F S,,180 km,30 km/hr,56107
56107,Jolarpettai - Erode Passenger (UnReserved),Pass,SR,,,JTJ,14:45,ED,20:00,5h 15m,21,S M T W T F S,,180 km,34 km/hr,56108
76813,Cuddalore Port - Salem DEMU,DEMU,SR,,,CUPJ,4:45,SA,9:10,4h 25m,20,S M T W T F S,,197 km,45 km/hr,76814
56811,Jolarpettai - Erode Passenger (UnReserved),Pass,SR,,,JTJ,5:15,ED,10:45,5h 30m,21,S M T W T F S,,180 km,33 km/hr,56812
66064,Puducherry - Villupuram MEMU,MEMU,SR,,,PDY,7:50,VM,8:40,0h 50m,3,S M T W T F S,,38 km,45 km/hr,66063
16322,Coimbatore - Nagercoil Express (UnReserved),Exp,SR,,,CBE,8:00,NCJ,19:40,11h 40m,34,S M T W T F S,,533 km,46 km/hr,16321
16844,Palakkad Town - Tiruchchirappalli Express (UnReserved),Exp,SR,,,PGTN,6:30,TPJ,14:05,7h 35m,23,S M T W T F S,,302 km,40 km/hr,16843
56809,Tiruchchirappalli - Erode Passenger (UnReserved),Pass,SR,,,TPJ,7:25,ED,12:05,4h 40m,22,S M T W T F S,,141 km,30 km/hr,56810
16843,Tiruchchirappalli - Palakkad Town Express (UnReserved),Exp,SR,,,TPJ,13:00,PGTN,20:15,7h 15m,25,S M T W T F S,,302 km,42 km/hr,16844
16321,Nagercoil - Coimbatore Express (UnReserved),Exp,SR,,,NCJ,8:00,CBE,19:30,11h 30m,32,S M T W T F S,,533 km,46 km/hr,16322
56105,Tiruchchirappalli - Erode Passenger (UnReserved),Pass,SR,,,TPJ,15:50,ED,20:25,4h 35m,20,S M T W T F S,,141 km,31 km/hr,56106
66611,Mettupalayam - Podanur MEMU,MEMU,SR,,,MTP,8:20,PTJ,9:30,1h 10m,5,S M T W T F S,,42 km,36 km/hr,66618
66606,Palakkad Town - Coimbatore MEMU,MEMU,SR,,,PGTN,7:20,CBE,9:10,1h 50m,6,M T W T F S,,60 km,33 km/hr,66605
56604,Shoranur - Coimbatore Passenger (UnReserved),Pass,SR,,,SRR,8:20,CBE,11:05,2h 45m,11,S M T W T F S,,100 km,36 km/hr,56603
16609,Thrissur - Kannur Express (UnReserved),Exp,SR,,,TCR,6:45,CAN,12:30,5h 45m,25,S M T W T F S,,208 km,36 km/hr,
56607,Palakkad Jn.- Nilambur Road Passenger (UnReserved),Pass,SR,,,PGT,6:05,NIL,8:45,2h 40m,16,S M T W T F S,,110 km,41 km/hr,56608
16326,Kottayam - Nilambur Road Express,Exp,SR,,,KTYM,5:15,NIL,11:50,6h 35m,26,S M T W T F S,2S,231 km,35 km/hr,16325
56610,Nilambur Road - Shoranur Passenger (UnReserved),Pass,SR,,,NIL,10:05,SRR,11:45,1h 40m,10,S M T W T F S,,66 km,40 km/hr,56609
56600,Kannur - Shoranur Passenger (UnReserved),Pass,SR,,,CAN,15:10,SRR,20:30,5h 20m,31,S M T W T F S,,175 km,33 km/hr,
56313,Guruvayur - Ernakulam Passenger (UnReserved),Pass,SR,,,GUV,6:50,ERS,9:25,2h 35m,15,S M T W T F S,,97 km,38 km/hr,56314
56314,Ernakulam - Guruvayur Passenger (UnReserved),Pass,SR,,,ERS,6:10,GUV,8:45,2h 35m,16,S M T W T F S,,97 km,38 km/hr,56313
56315,Guruvayur - Thrissur Passenger (UnReserved),Pass,SR,,,GUV,9:30,TCR,10:10,0h 40m,1,S M T W T F S,,23 km,35 km/hr,56316
56317,Guruvayur - Ernakulam Passenger (UnReserved),Pass,SR,,,GUV,13:25,ERS,16:25,3h 0m,16,S M T W T F S,,97 km,32 km/hr,56318
56116,Guruvayur - Thrissur Passenger (UnReserved),Pass,SR,26-Jan,,GUV,18:10,TCR,18:50,0h 40m,1,S M T W T F S,,23 km,35 km/hr,56115
16325,Nilambur Road - Kottayam Express,Exp,SR,,,NIL,15:15,KTYM,21:50,6h 35m,27,S M T W T F S,2S,231 km,35 km/hr,16326
56318,Ernakulam - Guruvayur Passenger (UnReserved),Pass,SR,,,ERS,19:40,GUV,22:30,2h 50m,15,S M T W T F S,,97 km,34 km/hr,56317
66322,Kollam - Ernakulam Jn. MEMU (via Kottayam),MEMU,SR,,,QLN,4:20,ERS,8:10,3h 50m,23,S M T W T F S,,156 km,41 km/hr,66321
66314,Alappuzha - Ernakulam Jn. MEMU,MEMU,SR,,,ALLP,7:25,ERS,9:00,1h 35m,10,S M T W T F S,,57 km,36 km/hr,66320
11634,Chopan - Bhopal Weekly Express,Exp,WCR,,,CPU,17:10,BPL,7:00,13h 50m,15,M,SL 3A 2A 1A 3E,723 km,52 km/hr,11633
11633,Bhopal - Chopan Weekly Express,Exp,WCR,,,BPL,20:55,CPU,10:50,13h 55m,15,S,SL 3A 2A 1A 3E,723 km,52 km/hr,11634
66312,Kollam - Alappuzha MEMU,MEMU,SR,,,QLN,3:45,ALLP,5:50,2h 5m,12,S M T W T F S,,84 km,40 km/hr,66311
66300,Ernakulam Jn. - Alappuzha MEMU,MEMU,SR,,,ERS,7:50,ALLP,9:25,1h 35m,10,S M T W T F S,,57 km,36 km/hr,56312
56319,Ernakulam Jn. - Kayamkulam Passenger (Via Alappuzha) (UnReserved),Pass,SR,,,ERS,18:25,KYJ,21:05,2h 40m,17,S M T W T F S,,101 km,38 km/hr,56320
56311,Kottayam - Kollam Passenger (UnReserved),Pass,SR,,,KTYM,5:40,QLN,7:50,2h 10m,12,S M T W T F S,,96 km,44 km/hr,16366
16309,Ernakulam Jn. - Kayamkulam MEMU Express (UnReserved),Exp,SR,,,ERS,8:45,KYJ,11:35,2h 50m,7,S M T W T F S,,115 km,41 km/hr,16310
16366,Nagercoil - Kottayam Express (UnReserved),Exp,SR,,,NCJ,13:00,KTYM,19:45,6h 45m,30,S M T W T F S,,232 km,34 km/hr,56311
66311,Alappuzha - Kollam MEMU,MEMU,SR,,,ALLP,17:35,QLN,19:30,1h 55m,12,S M T W T F S,,84 km,44 km/hr,66312
66315,Kottayam - Kollam MEMU,MEMU,SR,,,KTYM,17:40,QLN,20:15,2h 35m,12,S M T W T F S,,96 km,37 km/hr,66316
66321,Ernakulam Jn. - Kollam MEMU (via Kottayam),MEMU,SR,,,ERS,18:15,QLN,22:15,4h 0m,23,S M T W T F S,,156 km,39 km/hr,66322
56102,Nagercoil - Kollam Passenger (UnReserved),Pass,SR,,,NCJ,6:25,QLN,10:20,3h 55m,20,S M T W T F S,,136 km,35 km/hr,56101
56305,Nagercoil - Thiruvananthapuram North (Kochuveli) Passenger (UnReserved),Pass,SCoR,,,NCJ,7:55,TVCN,10:25,2h 30m,14,S M T W T F S,,78 km,31 km/hr,56310
19417,Borivali - Vatva Express,Exp,WR,,,BVI,13:40,VTA,2:45,13h 5m,46,S M T W T F S,SL,455 km,35 km/hr,19418
69129,Anand - Vatva MEMU,MEMU,WR,,,ANND,5:55,VTA,7:25,1h 30m,9,S M T W T F S,,56 km,38 km/hr,69128
59050,Vadodara - Valsad Passenger (UnReserved),Pass,WR,,,BRC,15:05,BL,21:30,6h 25m,33,S M T W T F S,,199 km,31 km/hr,59049
59556,Botad - Gandhigram Passenger (UnReserved),Pass,WR,,,BTD,5:00,GG,8:55,3h 55m,21,S M T W T F S,,155 km,40 km/hr,59555
69115,Vadodara - Vatva MEMU,MEMU,WR,,,BRC,10:45,VTA,13:35,2h 50m,16,S M T W T F S,,92 km,32 km/hr,69114
59049,Valsad - Vadodara Passenger (UnReserved),Pass,WR,,,BL,6:00,BRC,12:05,6h 5m,33,S M T W T F S,,199 km,33 km/hr,59050
59554,Botad - Gandhigram Passenger (UnReserved),Pass,WR,,,BTD,17:10,GG,21:35,4h 25m,21,S M T W T F S,,155 km,35 km/hr,59553
69107,Vadodara - Vatva MEMU,MEMU,WR,,,BRC,21:00,VTA,23:55,2h 55m,16,S M T W T F S,,92 km,32 km/hr,69108
69114,Vatva - Vadodara MEMU,MEMU,WR,,,VTA,5:45,BRC,8:45,3h 0m,16,S M T W T F S,,92 km,31 km/hr,69115
69102,Vatva - Vadodara MEMU,MEMU,WR,,,VTA,17:15,BRC,20:05,2h 50m,16,S M T W T F S,,92 km,32 km/hr,69101
69146,Godhra - Anand MEMU,MEMU,WR,,,GDA,8:30,ANND,10:45,2h 15m,11,S M T W T F S,,79 km,35 km/hr,69145
19820,Kota - Vadodara Express (UnReserved),Exp,WCR,,,KOTA,10:15,BRC,1:50,15h 35m,53,S M T W T F S,,527 km,34 km/hr,19819
69104,Anand - Vadodara MEMU,MEMU,WR,,,ANND,4:20,BRC,5:35,1h 15m,6,S M T W T F S,,35 km,28 km/hr,
69122,Godhra - Vadodara MEMU,MEMU,WR,,,GDA,6:00,BRC,7:30,1h 30m,5,S M T W T F S,,74 km,49 km/hr,69121
79440,Kathana - Pratapnagar DEMU,DEMU,WR,,,KTNA,5:15,PRTN,9:50,4h 35m,7,S M T W T F,,70 km,15 km/hr,79439
69109,Surat - Vadodara MEMU,MEMU,WR,,,ST,15:55,BRC,19:30,3h 35m,21,S M T W T F S,,130 km,36 km/hr,69110
22929,Dahanu Road - Vadodara SF Express,SF,WR,,,DRD,15:45,BRC,20:40,4h 55m,14,S M T W T F S,2S,273 km,56 km/hr,22930
69112,Vadodara - Surat MEMU,MEMU,WR,,,BRC,5:40,ST,9:10,3h 30m,21,S M T W T F S,,130 km,37 km/hr,69111
22930,Vadodara - Dahanu Road SF Express,SF,WR,,,BRC,6:20,DRD,11:10,4h 50m,14,S M T W T F S,2S,273 km,57 km/hr,22929
19101,Virar - Bharuch MEMU Express (UnReserved),Exp,WR,,,VR,4:35,BH,11:10,6h 35m,39,S M T W T F S,,267 km,41 km/hr,
12947,Azimabad SF Express (PT),SF,WR,,,ADI,21:50,RGD,7:25,33h 35m,23,M W,SL 3A 2A 3E,1861 km,55 km/hr,12948
69172,Bharuch - Surat MEMU,MEMU,WR,,,BH,6:50,ST,8:35,1h 45m,9,S M T W T F S,,59 km,34 km/hr,69171
69141,Virar - Surat MEMU,MEMU,WR,,,VR,5:15,ST,10:30,5h 15m,31,S M T W T F S,,208 km,40 km/hr,69142
19008,Bhusaval - Surat Express,Exp,WR,,,BSL,20:15,ST,6:20,10h 5m,26,S M T W T F S,SL,335 km,33 km/hr,19007
19102,Surat - Virar MEMU Express (UnReserved),Exp,WR,,,ST,16:45,VR,22:22,5h 37m,30,S M T W T F S,,208 km,37 km/hr,
69151,Valsad - Surat MEMU,MEMU,WR,,,BL,16:00,ST,17:40,1h 40m,10,S M T W T F S,,69 km,41 km/hr,69152
19426,Nandurbar - Borivali Express,Exp,WR,,,NDB,14:00,BVI,0:05,10h 5m,44,S M T W T F S,SL,383 km,38 km/hr,19425
59076,Bhusaval - Nandurbar Passenger,Pass,WR,,,BSL,9:00,NDB,13:40,4h 40m,20,S M T W T F S,SL,174 km,37 km/hr,59075
19001,Virar - Surat Intercity Express (UnReserved),Exp,WR,,,VR,17:00,ST,23:20,6h 20m,27,S M T W T F S,,208 km,33 km/hr,19002
19002,Surat - Virar Intercity Express (UnReserved),Exp,WR,,,ST,4:15,VR,10:10,5h 55m,28,S M T W T F S,,208 km,35 km/hr,19001
69152,Surat - Valsad MEMU,MEMU,WR,,,ST,9:15,BL,11:45,2h 30m,10,S M T W T F S,,69 km,28 km/hr,69151
59039,Virar - Valsad Passenger (UnReserved),Pass,WR,,,VR,11:30,BL,15:15,3h 45m,16,S M T W T F S,,139 km,37 km/hr,59046
69153,Umargam Road - Valsad MEMU,MEMU,WR,,,UBR,14:15,BL,15:25,1h 10m,7,S M T W T F S,,54 km,46 km/hr,69154
69142,Surat - Virar MEMU,MEMU,WR,,,ST,17:30,VR,23:30,6h 0m,31,S M T W T F S,,208 km,35 km/hr,69141
69140,Surat - Virar MEMU,MEMU,WR,,,ST,18:37,VR,23:45,5h 8m,28,S M T W T F S,,208 km,40 km/hr,
59023,Mumbai Central - Valsad Fast Passenger (UnReserved),Pass,WR,,,MMCT,18:10,BL,23:05,4h 55m,19,S M T W T F S,,194 km,39 km/hr,59024
59024,Valsad - Mumbai Central Fast Passenger (UnReserved),Pass,WR,,,BL,4:40,MMCT,9:15,4h 35m,19,S M T W T F S,,194 km,42 km/hr,59023
11634,Chopan - Bhopal Weekly Express,Exp,WCR,,,CPU,17:10,BPL,7:00,13h 50m,15,M,SL 3A 2A 1A 3E,723 km,52 km/hr,11633
11633,Bhopal - Chopan Weekly Express,Exp,WCR,,,BPL,20:55,CPU,10:50,13h 55m,15,S,SL 3A 2A 1A 3E,723 km,52 km/hr,11634
59046,Valsad - Virar Passenger (UnReserved),Pass,WR,,,BL,14:15,VR,16:25,2h 10m,4,S M T W T F S,,139 km,64 km/hr,59039
59040,Vapi - Mumbai Central Passenger (UnReserved),Pass,WR,,,VAPI,14:00,MMCT,17:30,3h 30m,14,S M T W T F S,,168 km,48 km/hr,59045
69173,Virar - Dahanu Road MEMU,MEMU,WR,,,VR,22:50,DRD,0:15,1h 25m,6,S M T W T F S,,64 km,45 km/hr,69174
61002,Dombivli - Boisar MEMU,MEMU,CR,,,DI,5:49,BOR,8:20,2h 31m,13,S M T W T F S,FC,91 km,36 km/hr,61001
61006,Diva - Vasai Road MEMU,MEMU,CR,,,DIVA,14:33,BSR,15:25,0h 52m,5,S M T W T F S,FC,42 km,48 km/hr,61007
61008,Diva - Vasai Road MEMU,MEMU,CR,,,DIVA,17:55,BSR,18:55,1h 0m,5,S M T W T F S,FC,42 km,42 km/hr,61009
11042,Sainagar Shirdi - Dadar Central Express (via Daund Chord Line),Exp,CR,,,SNSI,21:25,DR,6:35,9h 10m,12,S W T F,SL 3A 2A,439 km,48 km/hr,11041
17254,Chhatrapati Sambhajinagar - Guntur Express,Exp,SCoR,,,CPSN,16:15,GNT,21:55,29h 40m,76,S M T W T F S,SL 3A,1211 km,41 km/hr,17253
76826,Tiruchchirappalli - Karaikal DEMU,DEMU,SR,,,TPJ,16:45,KIK,21:20,4h 35m,27,S M T W T F S,,145 km,32 km/hr,76825
11041,Dadar Central - Sainagar Shirdi Express (Via Daund Chord Line),Exp,CR,,,DR,23:55,SNSI,8:40,8h 45m,12,T W T S,SL 3A 2A,439 km,50 km/hr,11042
18012,Chakradharpur - Howrah Express,Exp,SER,,,CKP,17:35,HWH,5:35,12h 0m,38,S M T W T F S,SL 3A 2A 1A,439 km,37 km/hr,18011
18038,Jajpur Keonjhar Road - Kharagpur Express (UnReserved),Exp,SER,,,JJKR,6:20,KGP,12:20,6h 0m,34,S M T W T F S,,222 km,37 km/hr,18037
53048,Viswabharati Fast Passenger,Pass,ER,,,RPH,5:10,HWH,10:10,5h 0m,21,S M T W T F S,2S CC,219 km,44 km/hr,53047
18004,Rani Shiromoni Express (UnReserved),Exp,SER,,,ADRA,4:30,HWH,10:25,5h 55m,26,S M T W T F S,,283 km,48 km/hr,18003
13046,Mayurakshi Express,Exp,ER,,,DGHR,3:15,HWH,11:35,8h 20m,25,S M T W T F S,2S 3A,418 km,50 km/hr,13045
13031,Howrah - Jaynagar Express (UnReserved),Exp,ER,,,HWH,11:25,JYG,12:05,24h 40m,117,S M T W T F S,,720 km,29 km/hr,13032
13045,Mayurakshi Express,Exp,ER,,,HWH,16:25,DGHR,0:35,8h 10m,25,S M T W T F S,2S 3A,418 km,51 km/hr,13046
53047,Viswabharati Fast Passenger,Pass,ER,,,HWH,16:40,RPH,21:30,4h 50m,21,S M T W T F S,2S CC,219 km,45 km/hr,53048
22198,Pratham Swatantrata Sangram Express (PT),SF,NCR,,,VGLJ,21:20,KOAA,20:35,23h 15m,17,F,SL 3A 2A 3E,1324 km,57 km/hr,22197
13504,Hatia - Barddhaman MEMU Express (UnReserved),Exp,ER,,,HTE,8:10,BWN,21:00,12h 50m,48,S M T W T F S,,346 km,27 km/hr,13503
64622,Bandikui - Idgah Agra MEMU,MEMU,NCR,,,BKI,13:30,IDH,16:45,3h 15m,20,M T W T F S,,148 km,46 km/hr,64621
11422,Solapur - Pune DEMU Express (UnReserved),Exp,CR,,,SUR,23:45,PUNE,6:00,6h 15m,22,S M T W T F S,,262 km,42 km/hr,11421
12114,Nagpur - Pune Garib Rath Express (PT),GR,CR,,,NGP,18:00,PUNE,9:30,15h 30m,12,S T F,3A,885 km,57 km/hr,12113
11426,SCSMT Kolhapur - Pune DEMU Express (UnReserved),Exp,CR,,,KOP,5:10,PUNE,13:00,7h 50m,23,S M T W T F S,,326 km,42 km/hr,11425
68061,Adra - Asansol MEMU,MEMU,SER,,,ADRA,3:15,ASN,4:35,1h 20m,7,S M T W T F S,,42 km,31 km/hr,68062
13546,Gaya - Asansol MEMU Express (UnReserved),Exp,ER,,,GAYA,5:45,ASN,13:00,7h 15m,45,S M T W T F S,,258 km,36 km/hr,13545
18027,Kharagpur - Asansol MEMU Express (UnReserved),Exp,SER,,,KGP,6:10,ASN,11:35,5h 25m,29,S M T W T F S,,210 km,39 km/hr,18028
68067,Adra - Asansol MEMU,MEMU,SER,,,ADRA,8:20,ASN,9:50,1h 30m,7,S M T W T F S,,42 km,28 km/hr,68066
13554,Varanasi - Asansol MEMU Express (UnReserved),Exp,ER,,,BSB,4:15,ASN,20:50,16h 35m,83,S M T W T F S,,481 km,29 km/hr,13553
63544,NSCB Jn. Gomoh - Asansol MEMU,MEMU,ER,,,GMO,20:40,ASN,23:20,2h 40m,15,S M T W T F S,,88 km,33 km/hr,63543
56938,Miraj - Belagavi Passenger (UnReserved),Pass,SWR,,,MRJ,9:55,BGM,13:00,3h 5m,15,S M T W T F S,,138 km,45 km/hr,56937
17334,Castle Rock - Miraj Express (UnReserved),Exp,SWR,,,CLR,18:45,MRJ,0:30,5h 45m,19,S M T W T F S,,213 km,37 km/hr,17333
56932,Londa - Miraj Passenger (UnReserved),Pass,SWR,,,LD,6:45,MRJ,11:20,4h 35m,20,S M T W T F S,,189 km,41 km/hr,56931
56940,Miraj - Belagavi Passenger (UnReserved),Pass,SWR,,,MRJ,19:10,BGM,22:25,3h 15m,15,S M T W T F S,,138 km,42 km/hr,56939
17332,SSS Hubballi - Miraj Express (UnReserved),Exp,SWR,,,UBL,11:45,MRJ,18:30,6h 45m,28,S M T W T F S,,280 km,41 km/hr,17331
74909,Pathankot - MCTM Udhampur DEMU,DEMU,NR,,,PTK,5:30,MCTM,9:45,4h 15m,17,S M T W T F S,,153 km,36 km/hr,74910
74906,MCTM Udhampur - Pathankot DEMU,DEMU,NR,,,MCTM,7:35,PTK,11:35,4h 0m,17,S M T W T F S,,153 km,38 km/hr,74907
59484,Patan - Mahesana Passenger (UnReserved),Pass,WR,,,PTN,10:05,MSH,11:05,1h 0m,4,S M T W T F S,,40 km,40 km/hr,59483
54611,Amritsar - Pathankot Passenger (UnReserved),Pass,NR,,,ASR,3:45,PTK,6:50,3h 5m,14,S M T W T F S,,107 km,35 km/hr,54614
52464,Baijnath Paprola - Jwalamukhi Road Passenger,Toy,NR,,,BJPL,10:00,JMKR,13:30,3h 30m,12,S M T W T F S,,58 km,17 km/hr,52467
74901,Jalandhar City - Pathankot DEMU,DEMU,NR,,,JUC,9:20,PTK,12:40,3h 20m,16,S M T W T F S,,116 km,35 km/hr,74902
74671,Amritsar - Pathankot DEMU,DEMU,NR,,,ASR,13:10,PTK,16:15,3h 5m,15,S M T W T F S,,107 km,35 km/hr,74676
52472,Joginder Nagar - Baijnath Paprola Passenger,Toy,NR,,,JDNX,12:50,BJPL,14:30,1h 40m,1,S M T W T F S,,22 km,13 km/hr,52473
74673,Verka - Pathankot DEMU,DEMU,NR,,,VKA,15:00,PTK,18:00,3h 0m,14,S M T W T F S,,99 km,33 km/hr,74674
54621,Jalandhar City - Pathankot Passenger (UnReserved),Pass,NR,,,JUC,17:45,PTK,20:50,3h 5m,16,S M T W T F S,,116 km,38 km/hr,54622
54615,Amritsar - Pathankot Passenger (UnReserved),Pass,NR,,,ASR,17:30,PTK,20:50,3h 20m,15,S M T W T F S,,107 km,32 km/hr,54612
52474,Baijnath Paprola - Pathankot Passenger,Toy,NR,,,BJPL,15:40,PTK,22:50,7h 10m,28,S M T W T F S,,141 km,20 km/hr,52471
74675,Amritsar - Pathankot DEMU,DEMU,NR,,,ASR,20:35,PTK,23:15,2h 40m,14,S M T W T F S,,107 km,40 km/hr,74672
11634,Chopan - Bhopal Weekly Express,Exp,WCR,,,CPU,17:10,BPL,7:00,13h 50m,15,M,SL 3A 2A 1A 3E,723 km,52 km/hr,11633
11633,Bhopal - Chopan Weekly Express,Exp,WCR,,,BPL,20:55,CPU,10:50,13h 55m,15,S,SL 3A 2A 1A 3E,723 km,52 km/hr,11634
14813,Jodhpur - Bhopal Express,Exp,NWR,,,JU,10:00,BPL,9:20,23h 20m,72,S M T W T F S,SL 3A 2A 3E,992 km,42 km/hr,14814
54622,Pathankot - Jalandhar City Passenger (UnReserved),Pass,NR,,,PTK,8:50,JUC,12:00,3h 10m,16,S M T W T F S,,116 km,37 km/hr,54621
11115,Bhusaval - Itarsi MEMU Express (UnReserved),Exp,CR,,,BSL,20:40,ET,5:50,9h 10m,27,S M T W T F S,,307 km,33 km/hr,11116
19014,Katni - Bhusaval Express,Exp,WR,,,KTE,0:40,BSL,18:35,17h 55m,59,S M T W T F S,SL 3A,642 km,36 km/hr,19013
11274,Prayagraj Chheoki - Itarsi Express,Exp,WCR,,,PCOI,20:15,ET,13:20,17h 5m,55,S M T W T F S,SL 3A,604 km,35 km/hr,11273
19013,Bhusaval - Katni Express,Exp,WR,,,BSL,11:15,KTE,5:15,18h 0m,59,S M T W T F S,SL 3A,642 km,36 km/hr,19014
74913,Hoshiarpur - Jalandhar City DEMU,DEMU,NR,,,HSX,8:05,JUC,9:10,1h 5m,5,S M T W T F S,,43 km,39 km/hr,74914
14653,Hisar - Amritsar Express,Exp,NR,,,HSR,23:55,ASR,7:40,7h 45m,18,S M T W T F S,SL,346 km,45 km/hr,14654
74915,Hoshiarpur - Jalandhar City DEMU,DEMU,NR,,,HSX,15:05,JUC,16:10,1h 5m,5,S M T W T F S,,43 km,39 km/hr,74914
74917,Hoshiarpur - Jalandhar City DEMU,DEMU,NR,,,HSX,17:55,JUC,19:00,1h 5m,5,S M T W T F S,,43 km,39 km/hr,74916
74951,Jaijon Doaba - Phagwara Passenger (UnReserved),Pass,NR,,,JJJ,13:45,PGW,17:00,3h 15m,13,M T W F S,,81 km,25 km/hr,74954
74919,Hoshiarpur - Jalandhar City DEMU,DEMU,NR,,,HSX,20:50,JUC,21:55,1h 5m,5,S M T W T F S,,43 km,39 km/hr,74918
74645,Ambala Cantt - Jalandhar City DEMU (via Chandigarh),DEMU,NR,,,UMB,16:15,JUC,22:35,6h 20m,20,S M T W T F S,,214 km,34 km/hr,74646
14654,Amritsar - Hisar Express,Exp,NR,,,ASR,18:05,HSR,0:40,6h 35m,15,S M T W T F S,SL,346 km,53 km/hr,14653
61122,Itarsi - Amla MEMU,MEMU,CR,,,ET,12:20,AMLA,16:00,3h 40m,11,S M T W T F S,,130 km,36 km/hr,61121
61119,Nagpur - Amla MEMU,MEMU,CR,,,NGP,18:10,AMLA,22:10,4h 0m,18,S M T W T F S,,168 km,42 km/hr,61120
74935,Jalandhar City - Firozpur Cantt DEMU,DEMU,NR,,,JUC,8:20,FZR,11:20,3h 0m,16,S M T W T F S,,117 km,39 km/hr,74934
74937,Jalandhar City - Firozpur Cantt DEMU,DEMU,NR,,,JUC,17:25,FZR,20:35,3h 10m,16,S M T W T F S,,117 km,37 km/hr,74938
54643,Jalandhar City - Firozpur Cantt Passenger (UnReserved),Pass,NR,,,JUC,15:05,FZR,18:25,3h 20m,16,S M T W T F S,,117 km,35 km/hr,54644
54575,Ludhiana - Lohian Khas Passenger (UnReserved),Pass,NR,,,LDH,19:00,LNK,21:20,2h 20m,12,S M T W T F S,,77 km,33 km/hr,54576
74939,Jalandhar City - Firozpur Cantt DEMU,DEMU,NR,,,JUC,21:30,FZR,23:58,2h 28m,12,S M T W T F S,,117 km,48 km/hr,74938
18113,Tatanagar - Bilaspur Express (UnReserved),Exp,SER,,,TATA,19:00,BSP,6:30,11h 30m,40,S M T W T F S,,468 km,41 km/hr,18114
17035,Kazipet - Balharshah Express (UnReserved),Exp,SCR,,,KZJ,22:50,BPQ,3:10,4h 20m,13,S M T W T F S,,235 km,54 km/hr,17036
68755,Ramtek - NSC Bose Itwari MEMU,MEMU,SECR,,,RTK,21:30,NITR,23:05,1h 35m,5,S M T W T F S,,38 km,24 km/hr,68756
74961,Ludhiana - Firozpur Cantt DEMU,DEMU,NR,,,LDH,5:35,FZR,8:35,3h 0m,17,S M T W T F S,,124 km,41 km/hr,74962
74972,Fazilka - Firozpur Cantt DEMU,DEMU,NR,,,FKA,6:20,FZR,8:45,2h 25m,12,S M T W T F S,,88 km,36 km/hr,74977
54561,Bathinda - Firozpur Cantt Passenger (UnReserved),Pass,NR,,,BTI,6:20,FZR,9:00,2h 40m,11,S M T W T F S,,88 km,33 km/hr,54564
14027,Jind - Firozpur Cantt Express (UnReserved),Exp,NR,,,JIND,7:40,FZR,12:40,5h 0m,13,S M T W T F S,,258 km,52 km/hr,14028
54051,Ludhiana - Firozpur Cantt Passenger (UnReserved),Pass,NR,,,LDH,10:05,FZR,13:15,3h 10m,12,S M T W T F S,,124 km,39 km/hr,54052
74963,Ludhiana - Firozpur Cantt DEMU,DEMU,NR,,,LDH,13:45,FZR,17:00,3h 15m,17,S M T W T F S,,124 km,38 km/hr,74962
54571,Ludhiana - Firozpur Cantt Passenger (UnReserved),Pass,NR,,,LDH,17:50,FZR,21:00,3h 10m,17,S M T W T F S,,124 km,39 km/hr,54572
54645,Ludhiana - Firozpur Cantt Passenger (UnReserved),Pass,NR,,,LDH,20:50,FZR,23:20,2h 30m,11,S M T W T F S,,124 km,49 km/hr,54646
54153,Rae Bareli - Kanpur Central Passenger (via Unchahar) (UnReserved),Pass,NCR,,,RBL,3:00,CNB,8:40,5h 40m,25,S M T W T F S,,168 km,30 km/hr,54154
17003,Ramgiri MEMU Express (UnReserved),Exp,SCR,,,KZJ,5:25,SRUR,9:45,4h 20m,14,S M T W T F S,,183 km,42 km/hr,17004
54154,Kanpur Central - Rae Bareli Passenger (via Unchahar) (UnReserved),Pass,NCR,,,CNB,16:30,RBL,22:20,5h 50m,25,S M T W T F S,,168 km,29 km/hr,54153
54101,Prayagraj Sangam - Kanpur Anwarganj Passenger (UnReserved),Pass,NCR,,,PYGS,15:45,CPA,22:55,7h 10m,34,S M T W T F S,,214 km,30 km/hr,54102
14736,Ambala Cantt - Shri Ganganagar Express (UnReserved),Exp,NWR,,,UMB,6:25,SGNR,14:20,7h 55m,23,S M T W T F S,,328 km,41 km/hr,14735
14029,Shri Ganganagar - Delhi Express,Exp,NR,,,SGNR,1:40,DLI,15:40,14h 0m,64,S M T W T F S,SL,509 km,36 km/hr,14030
14721,Jodhpur - Bathinda Express,Exp,NWR,,,JU,15:15,BTI,4:35,13h 20m,34,S M T W T F S,SL,600 km,45 km/hr,14722
54562,Firozpur Cantt - Bathinda Passenger (UnReserved),Pass,NR,,,FZR,6:25,BTI,8:45,2h 20m,11,S M T W T F S,,88 km,38 km/hr,54563
54044,Hisar - Jind Passenger (via Bathinda) (UnReserved),Pass,NR,,,HSR,5:15,JIND,13:00,7h 45m,38,S M T W T F S,,328 km,42 km/hr,54043
54754,Shri Ganganagar - Bathinda Passenger (UnReserved),Pass,NWR,,,SGNR,6:35,BTI,9:30,2h 55m,16,S M T W T F S,,126 km,43 km/hr,54753
59719,Suratgarh - Bathinda Passenger (UnReserved),Pass,NWR,,,SOG,8:50,BTI,12:20,3h 30m,15,S M T W T F S,,142 km,41 km/hr,59720
14729,Rewari - Fazilka Express (UnReserved),Exp,NWR,,,RE,4:40,FKA,15:45,11h 5m,58,S M T W T F S,,423 km,38 km/hr,14730
14730,Fazilka - Rewari Express (UnReserved),Exp,NWR,,,FKA,8:45,RE,20:50,12h 5m,58,S M T W T F S,,423 km,35 km/hr,14729
20410,Bathinda - Delhi Cantt. SF Express,SF,NWR,,,BTI,15:55,DEC,20:45,4h 50m,7,S M T W T F S,SL 3A 2A 1A,299 km,62 km/hr,20409
54702,Lalgarh - Abohar Passenger (UnReserved),Pass,NWR,,,LGH,8:40,ABS,18:57,10h 17m,37,S M T W T F S,,394 km,38 km/hr,54701
54551,Ambala Cantt - Bathinda Passenger (UnReserved),Pass,NR,,,UMB,12:15,BTI,16:50,4h 35m,23,S M T W T F S,,201 km,44 km/hr,54552
11634,Chopan - Bhopal Weekly Express,Exp,WCR,,,CPU,17:10,BPL,7:00,13h 50m,15,M,SL 3A 2A 1A 3E,723 km,52 km/hr,11633
11633,Bhopal - Chopan Weekly Express,Exp,WCR,,,BPL,20:55,CPU,10:50,13h 55m,15,S,SL 3A 2A 1A 3E,723 km,52 km/hr,11634
54043,Jind - Hisar Passenger (via Bathinda) (UnReserved),Pass,NR,,,JIND,17:25,HSR,1:50,8h 25m,37,S M T W T F S,,328 km,39 km/hr,54044
14030,Meerut Cantt. - Shri Ganganagar Express,Exp,NR,,,MUT,6:40,SGNR,23:40,17h 0m,83,S M T W T F S,SL,587 km,35 km/hr,14029
14722,Abohar - Jodhpur Express,Exp,NWR,,,ABS,19:40,JU,10:30,14h 50m,38,S M T W T F S,SL,673 km,45 km/hr,14721
67772,Karimnagar - Sirpur Town MEMU,MEMU,SCR,,,KRMR,8:00,SRUR,11:35,3h 35m,11,S M T W T F S,,143 km,40 km/hr,67771
67771,Sirpur Town - Karimnagar MEMU,MEMU,SCR,,,SRUR,10:55,KRMR,14:30,3h 35m,11,S M T W T F S,,143 km,40 km/hr,67772
17034,Singareni MEMU Express (UnReserved),Exp,SCR,,,SRUR,12:30,BDCR,20:20,7h 50m,28,S M T W T F S,,330 km,42 km/hr,17033
17033,Singareni MEMU Express (UnReserved),Exp,SCR,,,BDCR,6:00,BPQ,15:45,9h 45m,31,S M T W T F S,,382 km,39 km/hr,17034
17004,Ramgiri MEMU Express (UnReserved),Exp,SCR,,,BPQ,16:00,KZJ,21:00,5h 0m,18,S M T W T F S,,235 km,47 km/hr,17003
54701,Bathinda - Lalgarh Passenger (UnReserved),Pass,NWR,,,BTI,10:45,LGH,18:20,7h 35m,29,S M T W T F S,,321 km,42 km/hr,54702
59720,Bathinda - Suratgarh Passenger (UnReserved),Pass,NWR,,,BTI,13:45,SOG,17:30,3h 45m,15,S M T W T F S,,142 km,38 km/hr,59719
19720,Suratgarh - Jaipur Express (UnReserved),Exp,NWR,,,SOG,8:00,JP,21:00,13h 0m,53,S M T W T F S,,560 km,43 km/hr,19719
19719,Jaipur - Suratgarh Express (UnReserved),Exp,NWR,,,JP,5:00,SOG,18:10,13h 10m,53,S M T W T F S,,560 km,43 km/hr,19720
67765,Kazipet - Dornakal MEMU,MEMU,SCR,,,KZJ,6:55,DKJ,9:00,2h 5m,10,S M T W T F S,,95 km,46 km/hr,67766
67761,Secunderabad - Warangal MEMU,MEMU,SCR,,,SC,9:35,WL,13:15,3h 40m,14,S M T W T F S,,142 km,39 km/hr,67762
17659,Kakatiya Express,Exp,SCR,,,SC,17:00,BDCR,23:45,6h 45m,23,S M T W T F S,2S CC,281 km,42 km/hr,17660
67766,Dornakal - Kazipet MEMU,MEMU,SCR,,,DKJ,21:50,KZJ,23:55,2h 5m,10,S M T W T F S,,95 km,46 km/hr,67765
15754,Sifhung Express (UnReserved),Exp,NFR,,,GHY,15:20,APDJ,23:00,7h 40m,29,S M T W T F S,,266 km,35 km/hr,15753
54335,Balamau - Kanpur Central Passenger (UnReserved),Pass,NR,,,BLM,6:30,CNB,10:20,3h 50m,18,S M T W T F S,,118 km,31 km/hr,54336
14896,Barmer - Bhagat Ki Kothi DEMU Express (UnReserved),Exp,NWR,,,BME,10:00,BGKT,15:40,5h 40m,21,S M T W T F S,,205 km,36 km/hr,14895
14895,Bhagat Ki Kothi - Barmer DEMU Express (UnReserved),Exp,NWR,,,BGKT,4:15,BME,9:20,5h 5m,21,S M T W T F S,,205 km,40 km/hr,14896
74844,Bhagat Ki Kothi - Jaisalmer DEMU,DEMU,NWR,,,BGKT,13:30,JSM,21:00,7h 30m,21,S M T W T F S,,303 km,40 km/hr,74843
14822,Gandhigram - Jodhpur Express (UnReserved),Exp,NWR,,,GG,7:00,JU,18:10,11h 10m,49,S M T W T F S,,458 km,41 km/hr,14821
14814,Bhopal - Jodhpur Express,Exp,NWR,,,BPL,16:40,JU,18:20,25h 40m,72,S M T W T F S,SL 3A 2A 3E,992 km,39 km/hr,14813
79437,Mahesana - Abu Road DEMU,DEMU,WR,,,MSH,18:30,ABR,21:15,2h 45m,12,S M T W T F S,,119 km,43 km/hr,79438
77214,Hindupur - Guntakal DEMU,DEMU,SCoR,,,HUP,6:30,GTL,11:40,5h 10m,19,S M T W T F S,,198 km,38 km/hr,77213
77213,Guntakal - Hindupur DEMU,DEMU,SCoR,,,GTL,16:00,HUP,21:00,5h 0m,19,S M T W T F S,,198 km,40 km/hr,77214
11057,Mumbai CSMT - Amritsar Express (PT),Exp,CR,,,CSMT,23:30,ASR,16:15,40h 45m,78,S M T W T F S,SL 2A 3E,2045 km,50 km/hr,11058
77201,Guntakal - Raichur DEMU,DEMU,SCoR,,,GTL,18:50,RC,21:50,3h 0m,9,S M T W T F S,,122 km,41 km/hr,77202
57412,Kacheguda - Guntakal Passenger (UnReserved),Pass,SCoR,,,KCG,11:45,GTL,21:05,9h 20m,48,S M T W T F S,,359 km,38 km/hr,
57416,Chikjajur - Guntakal Passenger (UnReserved),Pass,SCoR,,,JRU,15:00,GTL,21:05,6h 5m,20,S M T W T F S,,235 km,39 km/hr,57415
57662,Vijayapura - Raichur Passenger (UnReserved),Pass,SCR,,,BJP,10:45,RC,21:35,10h 50m,40,S M T W T F S,,367 km,34 km/hr,57661
57661,Raichur - Vijayapura Passenger (UnReserved),Pass,SCR,,,RC,7:15,BJP,17:20,10h 5m,40,S M T W T F S,,367 km,36 km/hr,57662
67786,Wadi - Kacheguda MEMU,MEMU,SCR,,,WADI,13:10,KCG,18:20,5h 10m,25,S M T W T F S,,192 km,37 km/hr,67785
11409,Daund - Nizamabad Express (UnReserved),Exp,CR,,,DD,16:50,NZB,10:45,17h 55m,35,S M T W T F S,,698 km,39 km/hr,11410
11113,Devlali - Bhusaval MEMU Express (UnReserved),Exp,CR,,,DVL,7:20,BSL,12:35,5h 15m,21,S M T W T F S,,263 km,50 km/hr,11114
11114,Bhusaval - Devlali MEMU Express (UnReserved),Exp,CR,,,BSL,17:30,DVL,23:15,5h 45m,21,S M T W T F S,,263 km,46 km/hr,11113
17661,Kacheguda - Nagarsol Express,Exp,SCR,,,KCG,4:50,NSL,21:05,16h 15m,79,S M T W T F S,2S 3A,602 km,37 km/hr,17662
19007,Surat - Bhusaval Express,Exp,WR,,,ST,17:00,BSL,1:25,8h 25m,26,S M T W T F S,SL,335 km,40 km/hr,19008
68124,Tatanagar - Kharagpur MEMU,MEMU,SER,,,TATA,17:50,KGP,21:30,3h 40m,17,S M T W T F S,,134 km,36 km/hr,68011
68006,Tatanagar - Kharagpur MEMU,MEMU,SER,,,TATA,8:40,KGP,12:50,4h 10m,17,S M T W T F S,,134 km,32 km/hr,68123
68022,Baleshwar - Kharagpur MEMU,MEMU,SER,,,BLS,12:55,KGP,16:00,3h 5m,16,M T W T F S,,116 km,38 km/hr,68021
68013,Kharagpur - Tatanagar MEMU,MEMU,SER,,,KGP,5:40,TATA,8:20,2h 40m,17,S M T W T F S,,134 km,50 km/hr,68014
18036,Hatia - Kharagpur Express (UnReserved),Exp,SER,,,HTE,8:50,KGP,18:45,9h 55m,42,S M T W T F S,,335 km,34 km/hr,18035
18043,Bagha Jatin Express (UnReserved),Exp,SER,,,HWH,15:25,BHC,23:20,7h 55m,38,S M T W T F S,,294 km,37 km/hr,18044
58028,Tatanagar - Kharagpur Passenger (UnReserved),Pass,SER,,,TATA,3:15,KGP,6:10,2h 55m,15,S M T W T F S,,134 km,46 km/hr,58027
18028,Asansol - Kharagpur MEMU Express (UnReserved),Exp,SER,,,ASN,17:05,KGP,22:45,5h 40m,29,S M T W T F S,,210 km,37 km/hr,18027
18044,Bagha Jatin Express (UnReserved),Exp,SER,,,BHC,4:45,HWH,12:30,7h 45m,38,S M T W T F S,,294 km,38 km/hr,18043
68014,Tatanagar - Kharagpur MEMU,MEMU,SER,,,TATA,14:15,KGP,17:45,3h 30m,17,S M T W T F S,,134 km,38 km/hr,68013
11634,Chopan - Bhopal Weekly Express,Exp,WCR,,,CPU,17:10,BPL,7:00,13h 50m,15,M,SL 3A 2A 1A 3E,723 km,52 km/hr,11633
11633,Bhopal - Chopan Weekly Express,Exp,WCR,,,BPL,20:55,CPU,10:50,13h 55m,15,S,SL 3A 2A 1A 3E,723 km,52 km/hr,11634
58027,Kharagpur - Tatanagar Passenger (UnReserved),Pass,SER,,,KGP,16:20,TATA,19:40,3h 20m,17,S M T W T F S,,134 km,40 km/hr,58028
68123,Kharagpur - Tatanagar MEMU,MEMU,SER,,,KGP,11:45,TATA,14:50,3h 5m,17,S M T W T F S,,134 km,43 km/hr,68006
68011,Kharagpur - Tatanagar MEMU,MEMU,SER,,,KGP,18:00,TATA,20:50,2h 50m,15,S M T W T F S,,134 km,47 km/hr,68124
18176,Jharsuguda - Hatia MEMU Express (UnReserved),Exp,SER,,,JSG,8:00,HTE,17:40,9h 40m,31,S M T W T F S,,266 km,27 km/hr,18175
18175,Hatia - Jharsuguda MEMU Express (UnReserved),Exp,SER,,,HTE,13:00,JSG,21:30,8h 30m,31,S M T W T F S,,266 km,31 km/hr,18176
58152,Barsuan - Birmitrapur Passenger (UnReserved),Pass,SER,,,BXF,14:35,BRMP,18:20,3h 45m,9,M T W T F S,,103 km,27 km/hr,58151
18614,Chopan - Ranchi Express (via Barkakana) (UnReserved),Exp,SER,,,CPU,8:10,RNC,19:10,11h 0m,19,S W F,,476 km,43 km/hr,18613
18109,Tatanagar - NSC Bose Itwari Express,Exp,SER,,,TATA,6:40,NITR,5:00,22h 20m,61,S M T W T F S,2S SL 3A,876 km,39 km/hr,18110
58203,Korba - Raipur Passenger (UnReserved),Pass,SECR,,,KRBA,8:15,R,13:20,5h 5m,26,S M T W T F S,,200 km,39 km/hr,58204
68737,Raigarh - Bilaspur MEMU,MEMU,SECR,,,RIG,14:35,BSP,17:45,3h 10m,16,S M T W T F S,,132 km,42 km/hr,68738
58208,Junagarh Road - Raipur Passenger (UnReserved),Pass,SECR,,,JNRD,1:30,R,10:05,8h 35m,24,S M T W T F S,,304 km,35 km/hr,58207
58206,NSC Bose Itwari - Raipur Passenger (UnReserved),Pass,SECR,,,NITR,7:30,R,17:25,9h 55m,39,S M T W T F S,,298 km,30 km/hr,58205
18529,Durg - Visakhapatnam Express,Exp,SCoR,,,DURG,18:33,VSKP,10:05,15h 32m,47,S M T W T F S,SL 3A 2A,566 km,36 km/hr,18530
68705,Raipur - Dongargarh MEMU,MEMU,SECR,,,R,8:30,DGG,10:50,2h 20m,16,S M T W T F S,,99 km,42 km/hr,68706
68714,NSC Bose Itwari - Balaghat MEMU,MEMU,SECR,,,NITR,10:40,BTC,14:25,3h 45m,27,S M T W T F S,,185 km,49 km/hr,68715
58205,Raipur - NSC Bose Itwari Passenger (UnReserved),Pass,SECR,,,R,13:30,NITR,21:25,7h 55m,39,S M T W T F S,,298 km,38 km/hr,58206
17684,Purna - Akola Express (UnReserved),Exp,SCR,,,PAU,23:50,AK,4:20,4h 30m,3,S M T W T F S,,208 km,46 km/hr,17683
77613,Purna - Akola DEMU,DEMU,SCR,,,PAU,7:00,AK,12:30,5h 30m,22,S M T W T F S,,208 km,38 km/hr,77614
57655,Parli Vaijnath - Akola Passenger (UnReserved),Pass,SCR,,,PRLI,13:15,AK,21:05,7h 50m,32,S M T W T F S,,300 km,38 km/hr,57656
11116,Itarsi - Bhusaval MEMU Express (UnReserved),Exp,CR,,,ET,20:30,BSL,4:20,7h 50m,27,S M T W T F S,,307 km,39 km/hr,11115
18125,Rourkela - Puri Express (UnReserved),Exp,SER,,,ROU,7:50,PURI,1:15,17h 25m,77,S M T W T F S,,525 km,30 km/hr,18126
68446,Palasa - Cuttack MEMU,MEMU,ECoR,,,PSA,4:15,CTC,10:20,6h 5m,42,S M T W T F S,,268 km,44 km/hr,68445
18417,Puri - Gunupur Express (PT),Exp,ECoR,,,PURI,12:00,GNPR,20:25,8h 25m,35,S M T W T F S,2S SL CC 3A,381 km,45 km/hr,18418
58538,Visakhapatnam - Koraput Passenger (UnReserved),Pass,SCoR,,,VSKP,6:45,KRPU,15:45,9h 0m,36,S M T W T F S,,359 km,40 km/hr,58537
14321,Ala Hazrat Express (via Bhildi),Exp,NR,,,BE,6:35,BHUJ,8:50,26h 15m,46,S M W F,SL 3A 2A 3E,1411 km,54 km/hr,14322
18526,Visakhapatnam - Brahmapur Express,Exp,SCoR,,,VSKP,15:00,BAM,20:25,5h 25m,12,S M T W T F S,CC,278 km,51 km/hr,18525
58537,Koraput - Visakhapatnam Passenger (UnReserved),Pass,SCoR,,,KRPU,8:20,VSKP,17:30,9h 10m,36,S M T W T F S,,359 km,39 km/hr,58538
18525,Brahmapur - Visakhapatnam Express,Exp,SCoR,,,BAM,6:45,VSKP,12:00,5h 15m,12,S M T W T F S,CC,278 km,53 km/hr,18526
11466,Jabalpur - Veraval Express (via Bina) (PT),Exp,WCR,,,JBP,12:30,VRL,17:25,28h 55m,48,M F,SL 3A 2A 1A 3E,1552 km,54 km/hr,11465
68420,Palasa - Bhubaneswar MEMU,MEMU,ECoR,,,PSA,7:00,BBS,12:30,5h 30m,32,S M T W T F S,,241 km,44 km/hr,68419
18021,Kharagpur - Khurda Road Express,Exp,SER,,,KGP,4:40,KUR,13:50,9h 10m,33,S M T W T F S,2S CC,363 km,40 km/hr,18022
68445,Cuttack - Palasa MEMU,MEMU,ECoR,,,CTC,15:40,PSA,23:45,8h 5m,42,S M T W T F S,,268 km,33 km/hr,68446
68412,Brahmapur - Bhubaneswar MEMU,MEMU,ECoR,,,BAM,15:30,BBS,19:15,3h 45m,25,S M T W T F S,,166 km,44 km/hr,68411
64958,Palwal - Agra Cantt. MEMU,MEMU,NR,,,PWL,4:25,AGC,7:25,3h 0m,17,S M T W T F S,,138 km,46 km/hr,64957
14725,Bhiwani - Mathura Express,Exp,NWR,,,BNW,5:50,MTJ,13:50,8h 0m,35,S M T W T F S,SL,281 km,35 km/hr,14726
64957,Agra Cantt. - Palwal MEMU,MEMU,NR,,,AGC,17:50,PWL,21:20,3h 30m,17,S M T W T F S,,138 km,39 km/hr,64958
11464,Jabalpur - Veraval Express (Via Itarsi) (PT),Exp,WCR,,,JBP,14:00,VRL,17:25,27h 25m,50,S T W T S,SL 3A 2A 1A 3E,1398 km,51 km/hr,11463
19103,Ratlam - Kota MEMU Express (UnReserved),Exp,WR,,,RTM,7:05,KOTA,13:25,6h 20m,28,S M T W T F S,,267 km,42 km/hr,19104
19721,Jaipur - Bayana Express,Exp,NWR,,,JP,6:20,BXN,12:20,6h 0m,21,S M T W T F S,SL,273 km,45 km/hr,19722
14715,Hisar - Jaipur Express (UnReserved),Exp,NWR,,,HSR,15:25,JP,1:25,10h 0m,40,S M T W T F S,,368 km,37 km/hr,14716
22464,Bikaner - Delhi Sarai Rohilla Rajasthan Sampark Kranti Express,SKr,NWR,,,BKN,18:10,DEE,5:50,11h 40m,9,T S,SL 3A 2A,682 km,58 km/hr,22463
16214,SSS Hubballi - Arsikere MEMU Express (UnReserved),Exp,SWR,,,UBL,15:00,ASK,21:55,6h 55m,34,S M T W T F S,,304 km,44 km/hr,16213
12070,Gondia - Raigarh Jan Shatabdi Express,JShtb,SECR,,,G,14:30,RIG,22:00,7h 30m,13,S M T W T F,2S CC,415 km,55 km/hr,12069
56905,Solapur - Hubballi Passenger (UnReserved),Pass,SWR,,,SUR,4:45,UBL,14:25,9h 40m,41,S M T W T F S,,359 km,37 km/hr,56906
56906,Hubballi - Solapur Passenger (UnReserved),Pass,SWR,,,UBL,13:25,SUR,23:30,10h 5m,41,S M T W T F S,,359 km,36 km/hr,56905
56912,Guntakal - Hubballi MEMU,MEMU,SWR,,,GTL,15:30,UBL,22:00,6h 30m,26,S M T W T F S,,258 km,40 km/hr,56911
12798,Venkatadri SF Express (PT),SF,SCR,,,CTO,17:35,KCG,6:20,12h 45m,19,S M T W T F S,SL 3A 2A 1A 3E,709 km,56 km/hr,12797
12797,Venkatadri SF Express (PT),SF,SCR,,,KCG,20:05,CTO,8:52,12h 47m,19,S M T W T F S,SL 3A 2A 1A 3E,709 km,55 km/hr,12798
11634,Chopan - Bhopal Weekly Express,Exp,WCR,,,CPU,17:10,BPL,7:00,13h 50m,15,M,SL 3A 2A 1A 3E,723 km,52 km/hr,11633
11633,Bhopal - Chopan Weekly Express,Exp,WCR,,,BPL,20:55,CPU,10:50,13h 55m,15,S,SL 3A 2A 1A 3E,723 km,52 km/hr,11634
19819,Vadodara - Kota Express (UnReserved),Exp,WCR,,,BRC,7:10,KOTA,21:25,14h 15m,55,S M T W T F S,,527 km,37 km/hr,19820
69181,Dahod - Ratlam MEMU,MEMU,WR,,,DHD,17:30,RTM,19:40,2h 10m,12,S M T W T F S,,114 km,53 km/hr,69182
19104,Kota - Ratlam MEMU Express (UnReserved),Exp,WR,,,KOTA,13:30,RTM,20:45,7h 15m,28,S M T W T F S,,267 km,37 km/hr,19103
54794,Mathura - Sawai Madhopur Passenger (UnReserved),Pass,NWR,,,MTJ,14:00,SWM,19:45,5h 45m,28,S M T W T F S,,216 km,38 km/hr,54793
69187,Dahod - Ratlam MEMU,MEMU,WR,,,DHD,22:20,RTM,1:05,2h 45m,12,S M T W T F S,,114 km,41 km/hr,69188
59833,Kota - Mandsor Passenger (UnReserved),Pass,WCR,,,KOTA,21:20,MDS,4:40,7h 20m,20,S M T W T F S,,276 km,38 km/hr,59834
19817,Haldighati Express,Exp,WCR,,,RTM,9:00,AF,4:40,19h 40m,63,S M T W T F S,SL,693 km,35 km/hr,19818
59481,Mahesana - Bhildi Passenger (UnReserved),Pass,WR,,,MSH,18:05,BLDI,20:15,2h 10m,9,S M T W T F S,,91 km,42 km/hr,59482
59834,Mandsor - Kota Passenger (UnReserved),Pass,WCR,,,MDS,20:55,KOTA,4:10,7h 15m,20,S M T W T F S,,276 km,38 km/hr,59833
63572,Mokama - Jasidih MEMU,MEMU,ER,,,MKA,4:45,JSME,8:40,3h 55m,23,S M T W T F S,,132 km,34 km/hr,63571
63316,Gaya - Jhajha MEMU,MEMU,ECR,,,GAYA,5:00,JAJ,11:45,6h 45m,41,S M T W T F S,,183 km,27 km/hr,63315
63574,Kiul - Jasidih MEMU,MEMU,ER,,,KIUL,14:50,JSME,17:30,2h 40m,16,S M T W T F S,,97 km,37 km/hr,63573
13208,Patna - Jasidih MEMU Express (UnReserved),Exp,ECR,,,PNBE,8:55,JSME,16:52,7h 57m,52,S M T W T F S,,221 km,28 km/hr,13207
63210,Patna - Deoghar MEMU,MEMU,ECR,,,PNBE,9:55,DGHR,17:40,7h 45m,56,S M T W T F S,,227 km,29 km/hr,63209
63206,Patna - Kiul MEMU,MEMU,ECR,,,PNBE,21:05,KIUL,2:50,5h 45m,26,S M T W T F S,,123 km,21 km/hr,63205
63386,Gaya - Kiul MEMU,MEMU,ECR,,,GAYA,19:30,KIUL,0:15,4h 45m,21,S M T W T F S,,129 km,27 km/hr,63385
63207,Jhajha - Patna MEMU,MEMU,ECR,,,JAJ,5:45,PNBE,12:25,6h 40m,51,S M T W T F S,,177 km,27 km/hr,63212
63356,Gaya - Kiul MEMU,MEMU,ECR,,,GAYA,7:20,KIUL,11:50,4h 30m,22,S M T W T F S,,129 km,29 km/hr,63355
63322,Gaya - Kiul MEMU,MEMU,ECR,,,GAYA,10:45,KIUL,15:10,4h 25m,27,S M T W T F S,,129 km,29 km/hr,63321
13207,Jasidih - Patna MEMU Express (UnReserved),Exp,ECR,,,JSME,17:10,PNBE,1:10,8h 0m,51,S M T W T F S,,221 km,28 km/hr,13208
63324,Gaya - Kiul MEMU,MEMU,ECR,,,GAYA,22:25,KIUL,2:35,4h 10m,20,S M T W T F S,,129 km,31 km/hr,63323
63205,Kiul - Patna MEMU,MEMU,ECR,,,KIUL,1:45,PNBE,7:00,5h 15m,25,S M T W T F S,,123 km,23 km/hr,63206
63272,Patna - Mokama MEMU,MEMU,ECR,,,PNBE,5:00,MKA,9:35,4h 35m,20,S M T W T F S,,89 km,19 km/hr,63271
63218,Danapur - Barauni MEMU,MEMU,ECR,,,DNR,17:55,BJU,23:55,6h 0m,36,S M T W T F S,,120 km,20 km/hr,63217
63325,Islampur - Patna MEMU,MEMU,ECR,,,IPR,6:30,PNBE,9:25,2h 55m,21,S M T W T F S,,64 km,22 km/hr,63326
63217,Barauni - Danapur MEMU,MEMU,ECR,,,BJU,5:00,DNR,10:00,5h 0m,37,S M T W T F S,,120 km,24 km/hr,63218
53231,Tilaiya - Danapur Passenger (UnReserved),Pass,ECR,,,TIA,17:30,DNR,1:35,8h 5m,39,S M T W T F S,,154 km,19 km/hr,53232
63339,Rajgir - Danapur MEMU,MEMU,ECR,,,RGD,5:20,DNR,9:45,4h 25m,34,S M T W T F S,,108 km,25 km/hr,63340
53234,Fatuha - Natesar Passenger (UnReserved),Pass,ECR,,,FUT,10:30,NES,13:00,2h 30m,8,S M T W T F S,,64 km,25 km/hr,53233
63326,Patna - Islampur MEMU,MEMU,ECR,,,PNBE,10:30,IPR,13:45,3h 15m,21,S M T W T F S,,64 km,20 km/hr,63325
63271,Mokama - Patna MEMU,MEMU,ECR,,,MKA,16:15,PNBE,20:20,4h 5m,25,S M T W T F S,,89 km,22 km/hr,63272
63340,Danapur - Rajgir MEMU,MEMU,ECR,,,DNR,18:20,RGD,22:50,4h 30m,33,S M T W T F S,,108 km,24 km/hr,63339
63327,Islampur - Patna MEMU,MEMU,ECR,,,IPR,16:45,PNBE,20:05,3h 20m,18,S M T W T F S,,64 km,19 km/hr,63328
53232,Danapur - Tilaiya Passenger (UnReserved),Pass,ECR,,,DNR,8:50,TIA,15:45,6h 55m,38,S M T W T F S,,154 km,22 km/hr,53231
63328,Patna - Islampur MEMU,MEMU,ECR,,,PNBE,20:30,IPR,23:20,2h 50m,18,S M T W T F S,,64 km,23 km/hr,63327
63242,Gaya - Patna MEMU,MEMU,ECR,,,GAYA,4:45,PNBE,7:30,2h 45m,16,S M T W T F S,,92 km,34 km/hr,63241
53214,Gaya - Patna Passenger (UnReserved),Pass,ECR,,,GAYA,13:45,PNBE,17:00,3h 15m,29,S M T W T F S,,92 km,28 km/hr,53213
63232,Buxar - Patna MEMU,MEMU,ECR,,,BXR,7:15,PNBE,11:45,4h 30m,22,S M T W T F S,,118 km,26 km/hr,63263
63212,Patna - Jhajha MEMU,MEMU,ECR,,,PNBE,15:30,JAJ,20:45,5h 15m,36,S M T W T F S,,177 km,34 km/hr,63207
63248,Gaya - Patna MEMU,MEMU,ECR,,,GAYA,10:30,PNBE,13:55,3h 25m,28,S M T W T F S,,92 km,27 km/hr,63247
63268,Patliputra - Muzaffarpur MEMU,MEMU,ECR,,,PPTA,20:05,MFP,23:00,2h 55m,13,S M T W T F S,,74 km,26 km/hr,63267
63234,Pt. Deen Dayal Upadhyaya Jn. - Patna MEMU,MEMU,ECR,,,DDU,8:45,PNBE,17:05,8h 20m,37,S M T W T F S,,211 km,25 km/hr,63235
63226,Varanasi - Patna MEMU,MEMU,ECR,,,BSB,15:00,PNBE,0:15,9h 15m,41,S M T W T F S,,230 km,25 km/hr,63233
63254,Gaya - Patna MEMU,MEMU,ECR,,,GAYA,15:30,PNBE,18:15,2h 45m,25,S M T W T F S,,92 km,34 km/hr,63255
13210,Pt. Deen Dayal Upadhyaya Jn. - Patna MEMU Express (UnReserved),Exp,ECR,,,DDU,15:35,PNBE,22:00,6h 25m,39,S M T W T F S,,211 km,33 km/hr,13209
63235,Buxar - Pt. Deen Dayal Upadhyaya Jn. MEMU,MEMU,ECR,,,BXR,4:30,DDU,7:45,3h 15m,15,S M T W T F S,,94 km,29 km/hr,63240
63229,Ara - Banaras MEMU,MEMU,ECR,,,ARA,4:40,BNRS,10:40,6h 0m,21,S M T W T F S,,184 km,31 km/hr,63230
55140,Varanasi City - Chhapra Passenger (UnReserved),Pass,NER,,,BCY,5:00,CPR,11:20,6h 20m,32,S M T W T F S,,202 km,32 km/hr,55139
11634,Chopan - Bhopal Weekly Express,Exp,WCR,,,CPU,17:10,BPL,7:00,13h 50m,15,M,SL 3A 2A 1A 3E,723 km,52 km/hr,11633
11633,Bhopal - Chopan Weekly Express,Exp,WCR,,,BPL,20:55,CPU,10:50,13h 55m,15,S,SL 3A 2A 1A 3E,723 km,52 km/hr,11634
65110,Varanasi City - Azamgarh MEMU,MEMU,NER,,,BCY,17:40,AMH,21:25,3h 45m,19,S M T W T F S,,133 km,35 km/hr,65109
55142,MBDD Pratapgarh - Banaras Passenger (UnReserved),Pass,NER,,,MBDP,17:00,BNRS,21:15,4h 15m,16,S M T W T F S,,129 km,30 km/hr,55141
15129,Gorakhpur Cantt - Varanasi City InterCity Express (UnReserved),Exp,NER,,,GKC,10:30,BCY,16:00,5h 30m,15,S M T W T F S,,224 km,41 km/hr,15130
54263,Varanasi - Sultanpur Passenger (UnReserved),Pass,NR,,,BSB,16:55,SLN,20:50,3h 55m,19,S M T W T F S,,143 km,37 km/hr,54264
14123,MBDD Pratapgarh - Kanpur Central InterCity Express (UnReserved),Exp,NCR,,,MBDP,4:25,CNB,9:40,5h 15m,13,S M T W T F S,,245 km,47 km/hr,14124
64215,Ayodhya Cantt - Lucknow MEMU,MEMU,NR,,,AYC,5:45,LKO,9:10,3h 25m,16,S M T W T F S,,128 km,37 km/hr,64216
54332,Balamau - Lucknow Passenger (UnReserved),Pass,NR,,,BLM,9:25,LKO,11:25,2h 0m,8,M T,,68 km,34 km/hr,54331
15075,Shaktinagar - Tanakpur Triveni Express,Exp,NER,,,SKTN,15:45,TPU,15:35,23h 50m,41,S M W F,SL 2A 3E,861 km,36 km/hr,15076
55141,Banaras - MBDD Pratapgarh Passenger (UnReserved),Pass,NER,,,BNRS,6:00,MBDP,9:15,3h 15m,16,S M T W T F S,,129 km,40 km/hr,55142
64212,Kanpur Central - Lucknow MEMU,MEMU,NR,,,CNB,12:20,LKO,14:15,1h 55m,11,S M T W T F S,,72 km,38 km/hr,64211
64214,Kanpur Central - Lucknow MEMU,MEMU,NR,,,CNB,18:50,LKO,21:15,2h 25m,11,S M T W T F S,,72 km,30 km/hr,64213
54076,Delhi - Bareilly Passenger (UnReserved),Pass,NR,,,DLI,23:50,BE,9:40,9h 50m,34,S M T W T F S,,274 km,28 km/hr,54075
64175,Roza - Bareilly MEMU,MEMU,NR,,,ROZA,5:45,BE,9:00,3h 15m,11,S M T W T F S,,78 km,24 km/hr,64176
14603,Narpatganj - Amritsar Jansadharan Express (UnReserved),Exp,NR,,,NPV,13:15,ASR,2:20,37h 5m,37,F,,1663 km,45 km/hr,14604
54351,Aligarh - Bareilly Passenger (UnReserved),Pass,NR,,,ALJN,11:25,BE,18:15,6h 50m,25,S M T W T F S,,167 km,24 km/hr,54352
54075,Bareilly - Delhi Passenger (UnReserved),Pass,NR,,,BE,17:35,DLI,3:05,9h 30m,28,S M T W T F S,,274 km,29 km/hr,54076
54353,Aligarh - Bareilly Passenger (UnReserved),Pass,NR,,,ALJN,17:45,BE,23:40,5h 55m,20,S M T W T F S,,167 km,28 km/hr,54354
54308,Delhi - Moradabad Passenger (UnReserved),Pass,NR,,,DLI,4:00,MB,10:30,6h 30m,21,S M T W T F S,,161 km,25 km/hr,54307
64566,Saharanpur - Moradabad MEMU,MEMU,NR,,,SRE,4:05,MB,9:40,5h 35m,28,S M T W T F S,,193 km,35 km/hr,64565
54396,Najibabad - Moradabad Passenger (via Gajraula) (UnReserved),Pass,NR,,,NBD,3:45,MB,10:10,6h 25m,21,S M T W T F S,,160 km,25 km/hr,54395
65304,Ramnagar - Moradabad MEMU,MEMU,NER,,,RMR,7:20,MB,10:05,2h 45m,11,S M T W T F S,,77 km,28 km/hr,65303
54391,Aligarh - Gajraula Passenger (UnReserved),Pass,NR,,,ALJN,4:40,GJL,13:05,8h 25m,30,S M T W T F S,,195 km,23 km/hr,54392
74303,Sambhal Hatim Sarai - Moradabad DEMU,DEMU,NR,,,SHTS,18:25,MB,20:45,2h 20m,5,S M T W T F,,47 km,20 km/hr,74304
55302,Lalkuan - Moradabad Passenger (via Rampur) (UnReserved),Pass,NER,,,LKU,8:25,MB,11:30,3h 5m,9,S M T W T F S,,94 km,30 km/hr,55301
64177,Bareilly - Moradabad MEMU,MEMU,NR,,,BE,14:40,MB,19:43,5h 3m,18,S M T W T F S,,112 km,22 km/hr,64178
65306,Ramnagar - Moradabad MEMU,MEMU,NER,,,RMR,13:55,MB,16:20,2h 25m,7,S M T W T F S,,77 km,32 km/hr,65309
65308,Kashipur - Moradabad MEMU,MEMU,NER,,,KPV,17:45,MB,20:20,2h 35m,8,S M T W T F S,,50 km,19 km/hr,65307
54464,Rishikesh - Chandausi Passenger (UnReserved),Pass,NR,,,RKSH,12:20,CH,22:25,10h 5m,34,S M T W T F S,,234 km,23 km/hr,54463
55304,Lalkuan - Moradabad Passenger (Via Kashipur) (UnReserved),Pass,NER,,,LKU,16:50,MB,21:10,4h 20m,9,S M T W T F S,,108 km,25 km/hr,55303
65310,Ramnagar - Moradabad MEMU,MEMU,NER,,,RMR,21:00,MB,23:35,2h 35m,5,S M T W T F S,,77 km,30 km/hr,65309
14306,Haridwar - Delhi Express (via Shamli) (UnReserved),Exp,NR,,,HW,7:30,DLI,15:05,7h 35m,33,S M T W T F S,,232 km,31 km/hr,14305
64023,Delhi - Saharanpur MEMU (via Shamli),MEMU,NR,,,DLI,5:25,SRE,10:55,5h 30m,37,S M T W T F S,,165 km,30 km/hr,64026
54342,Dehradun - Saharanpur Passenger (UnReserved),Pass,NR,,,DDN,7:45,SRE,13:05,5h 20m,19,S M T W T F S,,132 km,25 km/hr,54341
14305,Delhi - Haridwar Express (via Shamli) (UnReserved),Exp,NR,,,DLI,10:20,HW,17:55,7h 35m,33,S M T W T F S,,232 km,31 km/hr,14306
64512,Amb Andaura - Haridwar MEMU,MEMU,NR,,,AADR,13:35,HW,21:00,7h 25m,26,S M T W T F S,,358 km,48 km/hr,64511
14303,Delhi - Haridwar Express (via Meerut) (UnReserved),Exp,NR,,,DLI,17:45,HW,23:30,5h 45m,16,S M T W T F S,,249 km,43 km/hr,14304
64565,Moradabad - Saharanpur MEMU,MEMU,NR,,,MB,18:40,SRE,0:05,5h 25m,28,S M T W T F S,,193 km,36 km/hr,64566
54473,Delhi - Saharanpur Passenger (UnReserved),Pass,NR,,,DLI,18:20,SRE,23:40,5h 20m,31,S M T W T F S,,189 km,35 km/hr,54474
64541,Panipat - Ambala Cantt MEMU,MEMU,NR,,,PNP,6:05,UMB,9:20,3h 15m,15,S M T W T F S,,109 km,34 km/hr,64532
64511,Haridwar - Amb Andaura MEMU,MEMU,NR,,,HW,4:40,AADR,13:25,8h 45m,31,S M T W T F S,,358 km,41 km/hr,64512
54552,Bathinda - Ambala Cantt Passenger (UnReserved),Pass,NR,,,BTI,7:30,UMB,12:10,4h 40m,23,S M T W T F S,,201 km,43 km/hr,54551
74992,Daulatpur Chowk - Ambala Cantt DEMU,DEMU,NR,,,DLPC,6:20,UMB,11:55,5h 35m,22,S M T W T F S,,229 km,41 km/hr,74991
64516,Nangal Dam - Ambala Cantt MEMU (via Chandigarh),MEMU,NR,,,NLDM,11:00,UMB,14:20,3h 20m,15,S M T W T F S,,170 km,51 km/hr,64515
64513,Saharanpur - Nangal Dam MEMU,MEMU,NR,,,SRE,16:30,NLDM,22:10,5h 40m,31,S M T W T F S,,238 km,42 km/hr,
64522,Ludhiana - Ambala Cantt MEMU,MEMU,NR,,,LDH,16:10,UMB,18:45,2h 35m,12,S M T W T F S,,114 km,44 km/hr,64523
64564,Amb Andaura - Raipur Haryana MEMU,MEMU,NR,,,AADR,15:00,RPHR,1:05,10h 5m,28,S M T W T F S,,456 km,45 km/hr,64563
64524,Ludhiana - Ambala Cantt MEMU,MEMU,NR,,,LDH,17:50,UMB,20:10,2h 20m,12,S M T W T F S,,114 km,49 km/hr,64521
64518,Nangal Dam - Ambala Cantt MEMU (via Sirhind),MEMU,NR,,,NLDM,17:25,UMB,21:20,3h 55m,19,S M T W T F S,,157 km,40 km/hr,64517
11634,Chopan - Bhopal Weekly Express,Exp,WCR,,,CPU,17:10,BPL,7:00,13h 50m,15,M,SL 3A 2A 1A 3E,723 km,52 km/hr,11633
11633,Bhopal - Chopan Weekly Express,Exp,WCR,,,BPL,20:55,CPU,10:50,13h 55m,15,S,SL 3A 2A 1A 3E,723 km,52 km/hr,11634
54646,Firozpur Cantt - Ludhiana Passenger (UnReserved),Pass,NR,,,FZR,5:20,LDH,8:30,3h 10m,17,S M T W T F S,,124 km,39 km/hr,54645
54603,Hisar - Ludhiana Passenger (UnReserved),Pass,NR,,,HSR,5:20,LDH,10:25,5h 5m,17,S M T W T F S,,210 km,41 km/hr,54606
74967,Ludhiana - Lohian Khas DEMU,DEMU,NR,,,LDH,10:10,LNK,12:20,2h 10m,12,S M T W T F S,,77 km,36 km/hr,74966
74962,Firozpur Cantt - Ludhiana DEMU,DEMU,NR,,,FZR,9:00,LDH,12:05,3h 5m,17,S M T W T F S,,124 km,40 km/hr,74961
54605,Churu - Ludhiana Passenger (UnReserved),Pass,NR,,,CUR,5:05,LDH,13:55,8h 50m,38,S M T W T F S,,338 km,38 km/hr,54604
54572,Firozpur Cantt - Ludhiana Passenger (UnReserved),Pass,NR,,,FZR,11:00,LDH,14:35,3h 35m,17,S M T W T F S,,124 km,34 km/hr,54571
54052,Firozpur Cantt - Ludhiana Passenger (UnReserved),Pass,NR,,,FZR,13:55,LDH,16:55,3h 0m,12,S M T W T F S,,124 km,41 km/hr,54051
54633,Sirsa - Ludhiana Passenger (UnReserved),Pass,NR,,,SSA,11:40,LDH,19:20,7h 40m,33,S M T W T F S,,292 km,38 km/hr,
74970,Lohian Khas - Ludhiana DEMU,DEMU,NR,,,LNK,19:00,LDH,21:25,2h 25m,12,S M T W T F S,,77 km,32 km/hr,
74964,Firozpur Cantt - Ludhiana DEMU,DEMU,NR,,,FZR,18:20,LDH,21:35,3h 15m,17,S M T W T F S,,124 km,38 km/hr,74963
54635,Hisar - Ludhiana Passenger (UnReserved),Pass,NR,,,HSR,16:10,LDH,21:15,5h 5m,13,S M T W T F S,,210 km,41 km/hr,54636
74672,Pathankot - Amritsar DEMU,DEMU,NR,,,PTK,4:30,ASR,7:20,2h 50m,15,S M T W T F S,,107 km,38 km/hr,74675
54612,Pathankot - Amritsar Passenger (UnReserved),Pass,NR,,,PTK,5:00,ASR,8:15,3h 15m,15,S M T W T F S,,107 km,33 km/hr,54615
54614,Pathankot - Amritsar Passenger (UnReserved),Pass,NR,,,PTK,7:20,ASR,10:45,3h 25m,15,S M T W T F S,,107 km,31 km/hr,54611
74674,Pathankot - Verka DEMU,DEMU,NR,,,PTK,12:10,VKA,14:40,2h 30m,14,S M T W T F S,,99 km,39 km/hr,74673
74692,Qadian - Amritsar DEMU,DEMU,NR,,,QDN,16:25,ASR,18:05,1h 40m,4,S M T W T F S,,58 km,35 km/hr,74691
74658,Dera Baba Nanak - Amritsar DEMU,DEMU,NR,,,DBNK,19:30,ASR,21:10,1h 40m,6,S M T W T F S,,54 km,32 km/hr,74657
74676,Pathankot - Amritsar DEMU,DEMU,NR,,,PTK,19:00,ASR,21:35,2h 35m,14,S M T W T F S,,107 km,41 km/hr,74671
64101,Aligarh - Delhi EMU,Del,NR,,,ALJN,1:40,DLI,5:05,3h 25m,19,S M T W T F S,,126 km,37 km/hr,64102
64111,Khurja - Shakurbasti EMU,Del,NR,,,KRJ,5:45,SSB,8:55,3h 10m,17,S M T W T F S,,93 km,29 km/hr,
64109,Dankaur - Shakurbasti EMU,Del,NR,,,DKDE,7:00,SSB,9:40,2h 40m,16,S M T W T F S,,70 km,26 km/hr,64112
64560,Saharanpur - Delhi MEMU (via Meerut),MEMU,NR,,,SRE,5:10,DLI,9:35,4h 25m,26,S M T W T F S,,181 km,41 km/hr,64559
64581,Hathras Killah - Delhi MEMU,MEMU,NR,,,HRF,5:45,DLI,10:00,4h 15m,24,S M T W T F S,,166 km,39 km/hr,64582
64151,Aligarh - Delhi MEMU,MEMU,NR,,,ALJN,15:00,DLI,18:15,3h 15m,19,S M T W T F S,,126 km,39 km/hr,64152
64557,Delhi - Saharanpur MEMU (via Meerut),MEMU,NR,,,DLI,16:15,SRE,20:50,4h 35m,26,S M T W T F S,,181 km,40 km/hr,64558
64582,Delhi - Hathras Killah MEMU,MEMU,NR,,,DLI,17:55,HRF,22:10,4h 15m,24,S M T W T F S,,166 km,39 km/hr,64581
64114,New Delhi - Aligarh EMU,Del,NR,,,NDLS,18:20,ALJN,21:25,3h 5m,22,S M T W T F S,,131 km,42 km/hr,
54411,Rewari - Meerut Cantt. Passenger (UnReserved),Pass,NR,,,RE,15:05,MUT,20:45,5h 40m,35,S M T W T F S,,160 km,28 km/hr,54412
64102,Delhi - Aligarh EMU,Del,NR,,,DLI,18:40,ALJN,21:55,3h 15m,19,S M T W T F S,,126 km,39 km/hr,64101
64113,Khurja - Ghaziabad EMU,Del,NR,,,KRJ,20:50,GZB,22:25,1h 35m,9,S M T W T F S,,63 km,40 km/hr,
64108,Delhi - Khurja EMU,Del,NR,,,DLI,21:10,KRJ,0:30,3h 20m,13,S M T W T F S,,83 km,25 km/hr,
54307,Moradabad - Delhi Passenger (UnReserved),Pass,NR,,,MB,18:30,DLI,0:05,5h 35m,22,S M T W T F S,,161 km,29 km/hr,54308
64051,Kosi Kalan - Ghaziabad EMU,Del,NR,,,KSV,21:45,GZB,1:40,3h 55m,20,S M T W T F S,,123 km,32 km/hr,64082
64022,Saharanpur - Delhi MEMU (via Shamli),MEMU,NR,,,SRE,3:35,DLI,8:25,4h 50m,30,S M T W T F S,,165 km,34 km/hr,64027
54424,Hisar - New Delhi Passenger (UnReserved),Pass,NR,,,HSR,5:20,NDLS,9:40,4h 20m,11,S M T W T F S,,175 km,40 km/hr,54423
54036,Jakhal - Shakur Basti Passenger (UnReserved),Pass,NR,,,JHL,4:35,SSB,9:30,4h 55m,30,S M T W T F S,,189 km,38 km/hr,54035
64026,Saharanpur - Delhi MEMU (via Shamli),MEMU,NR,,,SRE,7:00,DLI,12:40,5h 40m,37,S M T W T F S,,165 km,29 km/hr,64023
54310,Hisar - Delhi Passenger (via Sadulpur) (UnReserved),Pass,NR,,,HSR,5:00,DLI,14:05,9h 5m,43,S M T W T F S,,293 km,32 km/hr,54309
64532,Ambala Cantt - Panipat MEMU,MEMU,NR,,,UMB,6:58,PNP,9:50,2h 52m,15,S M T W T F S,,109 km,38 km/hr,64541
54086,Satrod - Delhi Passenger (UnReserved),Pass,NR,,,STD,14:20,DLI,21:10,6h 50m,24,S M T W T F S,,215 km,31 km/hr,54085
74024,Saharanpur - Delhi DEMU (Via Shamli),DEMU,NR,,,SRE,13:00,DLI,18:05,5h 5m,36,S M T W T F S,,165 km,32 km/hr,74021
54034,Jind - Delhi Passenger (UnReserved),Pass,NR,,,JIND,15:50,DLI,19:40,3h 50m,24,S M T W T F S,,127 km,33 km/hr,54031
54024,Jind - Delhi Passenger (UnReserved),Pass,NR,,,JIND,18:55,DLI,22:30,3h 35m,24,S M T W T F S,,127 km,35 km/hr,
54309,Delhi - Hisar Passenger (via Sadulpur) (UnReserved),Pass,NR,,,DLI,5:00,HSR,13:05,8h 5m,43,S M T W T F S,,293 km,36 km/hr,54310
54085,Delhi - Satrod Passenger (UnReserved),Pass,NR,,,DLI,7:10,STD,13:05,5h 55m,24,S M T W T F S,,215 km,36 km/hr,54086
74003,Delhi - Rewari DEMU,DEMU,NR,,,DLI,13:45,RE,16:10,2h 25m,16,S M T W T F S,,82 km,34 km/hr,74002
14734,Jaipur - Bathinda Express (UnReserved),Exp,NWR,,,JP,5:00,BTI,18:30,13h 30m,47,S M T W T F S,,526 km,39 km/hr,14733
54316,Hisar - Rewari Passenger (via Sadulpur) (UnReserved),Pass,NWR,,,HSR,14:30,RE,19:55,5h 25m,26,S M T W T F S,,211 km,39 km/hr,54315
11634,Chopan - Bhopal Weekly Express,Exp,WCR,,,CPU,17:10,BPL,7:00,13h 50m,15,M,SL 3A 2A 1A 3E,723 km,52 km/hr,11633
11633,Bhopal - Chopan Weekly Express,Exp,WCR,,,BPL,20:55,CPU,10:50,13h 55m,15,S,SL 3A 2A 1A 3E,723 km,52 km/hr,11634
51973,Mathura - Jaipur Passenger (UnReserved),Pass,NCR,,,MTJ,7:25,JP,14:35,7h 10m,35,S M T W T F S,,274 km,38 km/hr,51974
14726,Mathura - Bhiwani Express,Exp,NWR,,,MTJ,12:35,BNW,20:30,7h 55m,33,S M T W T F S,SL,281 km,35 km/hr,14725
18013,Howrah - Bokaro Steel City Express,Exp,SER,,,HWH,23:30,BKSC,9:05,9h 35m,30,S M T W T F S,SL 3A,367 km,38 km/hr,18014
68018,Lohardaga - Ranchi MEMU,MEMU,SER,,,LAD,6:55,RNC,8:45,1h 50m,8,S M T W T F S,,67 km,37 km/hr,68017
18085,Kharagpur - Ranchi MEMU Express (UnReserved),Exp,SER,,,KGP,4:30,RNC,12:40,8h 10m,28,S M T W T F S,,328 km,40 km/hr,18086
18086,Ranchi - Kharagpur MEMU Express (UnReserved),Exp,SER,,,RNC,15:40,KGP,23:45,8h 5m,28,S M T W T F S,,328 km,41 km/hr,18085
18035,Kharagpur - Hatia Express (UnReserved),Exp,SER,,,KGP,8:35,HTE,19:30,10h 55m,42,S M T W T F S,,338 km,31 km/hr,18036
17219,Machilipatnam - Visakhapatnam Express,Exp,SCoR,,,MTM,21:25,VSKP,8:20,10h 55m,23,S M T W T F S,SL 3A 2A 1A,372 km,34 km/hr,17220
67288,Vizianagaram - Visakhapatnam MEMU,MEMU,SCoR,,,VZM,6:00,VSKP,7:30,1h 30m,8,S M T W T F S,,61 km,41 km/hr,67287
17267,Kakinada Port - Visakhapatnam MEMU Express (UnReserved),Exp,SCoR,,,COA,4:50,VSKP,9:40,4h 50m,16,S M T W T F S,,165 km,34 km/hr,17268
58502,Kirandul - Visakhapatnam Passenger,Pass,SCoR,,,KRDL,6:00,VSKP,21:00,15h 0m,47,S M T W T F S,2S SL EV,471 km,31 km/hr,58501
58221,Chirimiri - Chandia Road Passenger (UnReserved),Pass,SECR,,,CHRM,8:25,CHD,13:45,5h 20m,18,S M T W T F S,,212 km,40 km/hr,58222
17257,Vijayawada - Kakinada Port MEMU Express (UnReserved),Exp,SCoR,,,BZA,18:15,COA,23:35,5h 20m,18,S M T W T F S,,214 km,40 km/hr,17258
17220,Visakhapatnam - Machilipatnam Express (PT),Exp,SCoR,,,VSKP,22:10,MTM,9:10,11h 0m,24,S M T W T F S,SL 3A 2A 1A,372 km,34 km/hr,17219
12068,Jorhat Town - Guwahati Jan Shatabdi Express (PT),JShtb,NFR,,,JTTN,14:35,GHY,21:20,6h 45m,11,M T W T F S,2S CC EV,375 km,56 km/hr,12067
16111,Tirupati - Puducherry MEMU Express (UnReserved),Exp,SR,,,TPTY,4:10,PDY,12:35,8h 25m,29,S M T W T F S,,287 km,34 km/hr,16112
44002,Chengalpattu - Arakkonam EMU,Chn,SR,,,CGL,8:20,AJJ,10:10,1h 50m,10,S M T W T F S,FC,69 km,38 km/hr,44001
66006,Kadapa - Arakkonam MEMU,MEMU,SR,,,HX,14:15,AJJ,19:20,5h 5m,24,S M T W T F S,,194 km,38 km/hr,66001
16112,Puducherry - Tirupati MEMU Express (UnReserved),Exp,SR,,,PDY,14:40,TPTY,23:10,8h 30m,32,S M T W T F S,,287 km,34 km/hr,16111
44004,Chengalpattu - Arakkonam EMU,Chn,SR,,,CGL,20:25,AJJ,22:15,1h 50m,10,S M T W T F S,FC,69 km,38 km/hr,44003
13033,Howrah - Katihar Express (PT),Exp,ER,,,HWH,23:35,KIR,10:05,10h 30m,44,S M T W T F S,SL 3A,424 km,40 km/hr,13034
15719,Katihar - Siliguri Intercity Express (via Barsoi) (UnReserved),Exp,NFR,,,KIR,6:05,SGUJ,11:05,5h 0m,17,S M T W T F S,,203 km,41 km/hr,15720
15720,Siliguri - Katihar Intercity Express (via Barsoi) (UnReserved),Exp,NFR,,,SGUJ,14:00,KIR,19:15,5h 15m,17,S M T W T F S,,203 km,39 km/hr,15719
64956,Tundla - Agra Cantt MEMU,MEMU,NR,,,TDL,15:20,AGC,17:30,2h 10m,6,S M T W T F S,,29 km,13 km/hr,64955
64955,Agra Cantt. - Tundla MEMU,MEMU,NR,,,AGC,8:15,TDL,9:45,1h 30m,6,S M T W T F S,,29 km,19 km/hr,64956
64587,Kanpur Central - Tundla MEMU,MEMU,NR,,,CNB,14:05,TDL,20:25,6h 20m,28,S M T W T F S,,231 km,36 km/hr,64588
64593,Fatehpur - Kanpur Central MEMU,MEMU,NR,,,FTP,7:20,CNB,10:00,2h 40m,11,S M T W T F S,,78 km,29 km/hr,64594
64645,Khajuraho - Kanpur Central MEMU,MEMU,NCR,,,KURJ,4:20,CNB,11:15,6h 55m,26,S M T W T F S,,261 km,38 km/hr,64646
64211,Lucknow - Kanpur Central MEMU,MEMU,NR,,,LKO,14:35,CNB,16:25,1h 50m,11,S M T W T F S,,72 km,39 km/hr,64212
15038,Kasganj - Kanpur Anwarganj Express (UnReserved),Exp,NER,,,KSJ,12:55,CPA,18:30,5h 35m,17,S M T W T F S,,245 km,44 km/hr,15037
54325,Sitapur City - Kanpur Central Passenger (UnReserved),Pass,NR,,,SPC,10:35,CNB,20:05,9h 30m,28,S M T W T F S,,177 km,19 km/hr,54326
64255,Utraitia - Kanpur Central MEMU,MEMU,NR,,,UTR,17:15,CNB,20:20,3h 5m,12,S M T W T F S,,84 km,27 km/hr,64216X
63237,Pt. Deen Dayal Upadhyaya Jn. - Subedarganj MEMU,MEMU,ECR,,,DDU,4:00,SFG,9:30,5h 30m,19,S M T W T F S,,156 km,28 km/hr,63238
54214,Jaunpur - Prayagraj Sangam Passenger (UnReserved),Pass,NR,,,JNU,6:00,PYGS,9:40,3h 40m,17,S M T W T F S,,111 km,30 km/hr,54213
63238,Subedarganj - Pt. Deen Dayal Upadhyaya Jn. MEMU,MEMU,ECR,,,SFG,18:10,DDU,23:55,5h 45m,19,S M T W T F S,,156 km,27 km/hr,63237
54482,Rishikesh - Haridwar Passenger (UnReserved),Pass,NR,,,RKSH,7:45,HW,8:55,1h 10m,3,S M T W T F S,,23 km,19 km/hr,54481
54341,Saharanpur - Dehradun Passenger (UnReserved),Pass,NR,,,SRE,14:15,DDN,20:25,6h 10m,19,S M T W T F S,,132 km,21 km/hr,54342
50104,Ratnagiri - Diva Passenger (UnReserved),Pass,KR,,,RN,5:50,DIVA,13:25,7h 35m,27,S M T W T F S,,304 km,40 km/hr,50103
50103,Diva - Ratnagiri Passenger (UnReserved),Pass,KR,,,DIVA,17:50,RN,2:00,8h 10m,27,S M T W T F S,,304 km,37 km/hr,50104
11602,Katni - Bina MEMU Express (UnReserved),Exp,WCR,,,KTE,12:10,BINA,20:00,7h 50m,29,S M T W T F S,,262 km,34 km/hr,11601
64618,Lalitpur - Bina MEMU,MEMU,NCR,,,LAR,10:15,BINA,12:30,2h 15m,6,S M T W T F S,,63 km,28 km/hr,64617
61612,Ruthiyai - Bina MEMU,MEMU,WCR,,,RTA,9:45,BINA,13:30,3h 45m,17,S M T W T F S,,139 km,37 km/hr,61611
11603,Kota - Bina MEMU Express (UnReserved),Exp,WCR,,,KOTA,8:35,BINA,16:50,8h 15m,37,S M T W T F S,,303 km,37 km/hr,11604
11902,Agra Cantt. - Virangana Lakshmibai Jhansi Express,Exp,NCR,,,AGC,6:30,VGLJ,12:50,6h 20m,23,S M T W T F S,SL,216 km,34 km/hr,11901
11808,Agra Cantt - VGL Jhansi MEMU Express (UnReserved),Exp,NCR,,,AGC,14:40,VGLJ,20:05,5h 25m,12,S M T W T F S,,216 km,40 km/hr,11807
17252,Kacheguda - Guntur Express (PT),Exp,SCoR,,,KCG,20:45,GNT,11:00,14h 15m,31,S M T W T F S,SL 3A,623 km,44 km/hr,17251
17227,Dhone - Guntur Express (UnReserved),Exp,SCoR,,,DHNE,6:30,GNT,14:00,7h 30m,18,S M T W T F S,,333 km,44 km/hr,17228
57204,Macherla - Guntur Passenger (UnReserved),Pass,SCoR,,,MCLA,16:30,GNT,19:55,3h 25m,12,S M T W T F S,,130 km,38 km/hr,57203
11634,Chopan - Bhopal Weekly Express,Exp,WCR,,,CPU,17:10,BPL,7:00,13h 50m,15,M,SL 3A 2A 1A 3E,723 km,52 km/hr,11633
11633,Bhopal - Chopan Weekly Express,Exp,WCR,,,BPL,20:55,CPU,10:50,13h 55m,15,S,SL 3A 2A 1A 3E,723 km,52 km/hr,11634
