Train No,Name,Type,Zone,Date From,Date To,From,Dep,To,Arr,Duration,Halts,Dep Days,Classes,Distance,Speed,Return
17635,Hazur Sahib Nanded - Dharmavaram Express,Exp,SCR,22-May,,NED,16:45,DMM,19:30,26h 45m,23,F,SL 3A 2A,1235 km,46 km/hr,17636
22436,New Delhi - Varanasi Vande Bharat Express,VB,NR,,,NDLS,6:00,BSB,14:00,8h 0m,2,S M T W F S,CC Ex,759 km,95 km/hr,22435
22435,Varanasi - New Delhi Vande Bharat Express,VB,NR,,,BSB,15:00,NDLS,23:00,8h 0m,2,S M T W F S,CC Ex,759 km,95 km/hr,22436
22415,Varanasi - New Delhi Vande Bharat Express,VB,NR,,,BSB,6:00,NDLS,14:05,8h 5m,2,S M W T F S,CC Ex,759 km,94 km/hr,22416
22416,New Delhi - Varanasi Vande Bharat Express,VB,NR,,,NDLS,15:00,BSB,23:05,8h 5m,2,S M W T F S,CC Ex,759 km,94 km/hr,22415
20172,Hazrat Nizamuddin - Rani Kamalapati (Habibganj) Vande Bharat Express,VB,WCR,,,NZM,14:40,RKMP,22:16,7h 36m,3,S M T W T F,CC Ex,702 km,92 km/hr,20171
20171,Rani Kamalapati (Habibganj) - Hazrat Nizamuddin Vande Bharat Express,VB,WCR,,,RKMP,5:40,NZM,13:16,7h 36m,3,S M T W T F,CC Ex,702 km,92 km/hr,20172
12050,Gatiman Express,Shtb,NR,,,NZM,8:10,VGLJ,12:35,4h 25m,2,S M T W T S,CC Ex,403 km,91 km/hr,12049
12049,Gatiman Express,Shtb,NR,,,VGLJ,15:00,NZM,19:30,4h 30m,2,S M T W T S,CC Ex,403 km,90 km/hr,12050
22961,Mumbai Central - Ahmedabad Vande Bharat Express,VB,WR,,,MMCT,15:45,ADI,21:15,5h 30m,4,M T W T F S,CC Ex,493 km,90 km/hr,22962
12951,Mumbai Central - New Delhi Tejas Rajdhani Express,Raj,WR,,,MMCT,17:00,NDLS,8:32,15h 32m,6,S M T W T F S,3A 2A 1A,1386 km,89 km/hr,12952
12952,New Delhi - Mumbai Central Tejas Rajdhani Express,Raj,WR,,,NDLS,16:55,MMCT,8:35,15h 40m,6,S M T W T F S,3A 2A 1A,1386 km,88 km/hr,12951
22962,Ahmedabad - Mumbai Central Vande Bharat Express (PT),VB,WR,,,ADI,6:05,MMCT,11:45,5h 40m,4,M T W T F S,CC Ex,493 km,87 km/hr,22961
22221,Mumbai CSMT - Hazrat Nizamuddin Rajdhani Express,Raj,CR,,,CSMT,16:00,NZM,9:55,17h 55m,8,S M T W T F S,3A 2A 1A,1537 km,86 km/hr,22222
20644,Coimbatore - MGR Chennai Central Vande Bharat Express,VB,SR,,,CBE,6:00,MAS,11:50,5h 50m,3,S M T T F S,CC Ex,495 km,85 km/hr,20643
12302,New Delhi - Howrah Rajdhani Express (Via Gaya),Raj,ER,,,NDLS,16:50,HWH,9:55,17h 5m,7,S M T W T S,3A 2A 1A,1451 km,85 km/hr,12301
12034,New Delhi - Kanpur Central Shatabdi Express,Shtb,NCR,,,NDLS,15:40,CNB,20:50,5h 10m,3,M T W T F S,CC Ex,440 km,85 km/hr,12033
12301,Howrah - New Delhi Rajdhani Express (Via Gaya),Raj,ER,,,HWH,16:50,NDLS,10:05,17h 15m,7,M T W T F S,3A 2A 1A,1451 km,84 km/hr,12302
22222,Hazrat Nizamuddin - Mumbai CSMT Rajdhani Express,Raj,CR,,,NZM,16:55,CSMT,11:15,18h 20m,8,S M T W T F S,3A 2A 1A,1537 km,84 km/hr,22221
20175,Banaras - Agra Cantt. Vande Bharat Express,VB,NCR,,,BNRS,15:20,AGC,22:20,7h 0m,4,S M T T F S,CC Ex,580 km,83 km/hr,20176
20665,Chennai Egmore - Tirunelveli Vande Bharat Express,VB,SR,,,MS,15:10,TEN,23:00,7h 50m,8,S M W T F S,CC Ex,650 km,83 km/hr,20666
12310,New Delhi - Rajendra Nagar Terminal Tejas Rajdhani Express,Raj,ECR,,,NDLS,17:10,RJPB,5:15,12h 5m,5,S M T W T F S,3A 2A 1A,1001 km,83 km/hr,12309
22209,Mumbai Central - Hazrat Nizamuddin Duronto Express,Drnt,WR,,,MMCT,23:10,NZM,15:50,16h 40m,3,M F,2S 3A 2A 1A 3E,1378 km,83 km/hr,22210
12314,New Delhi - Sealdah Rajdhani Express,Raj,ER,,,NDLS,16:30,SDAH,10:10,17h 40m,6,S M T W T F S,3A 2A 1A,1458 km,83 km/hr,12313
12033,Kanpur Central - New Delhi Shatabdi Express,Shtb,NCR,,,CNB,6:00,NDLS,11:20,5h 20m,3,M T W T F S,CC Ex,440 km,83 km/hr,12034
20628,Nagercoil - Chennai Egmore Vande Bharat Express,VB,SR,,,NCJ,14:20,MS,23:05,8h 45m,7,S M T T F S,CC Ex,724 km,83 km/hr,20627
12953,August Kranti Tejas Rajdhani Express,Raj,WR,,,MMCT,17:10,NZM,9:43,16h 33m,11,S M T W T F S,3A 2A 1A,1378 km,83 km/hr,12954
12909,Bandra Terminus - Hazrat Nizamuddin Garib Rath Express (PT),GR,WR,,,BDTS,17:30,NZM,10:15,16h 45m,6,T T S,3A,1367 km,82 km/hr,12910
12002,New Delhi - Rani Kamalapati Shatabdi Express,Shtb,NR,,,NDLS,6:00,RKMP,14:40,8h 40m,9,S M T W T F S,CC Ex,709 km,82 km/hr,12001
12907,Maharashtra Sampark Kranti Express (PT),SKr,WR,,,BDTS,17:30,NZM,10:15,16h 45m,5,S W,SL 3A 2A 1A 3E,1367 km,82 km/hr,12908
12275,Prayagraj - New Delhi Humsafar Express,Hms,NCR,,,PRYJ,22:30,NDLS,6:15,7h 45m,1,S T T F,SL 3A,632 km,82 km/hr,12276
12248,Hazrat Nizamuddin - Bandra Terminus Yuva Express (PT),ACSF,WR,,,NZM,16:30,BDTS,9:15,16h 45m,5,S,CC 3E,1367 km,82 km/hr,12247
20176,Agra Cantt. - Banaras Vande Bharat Express,VB,NCR,,,AGC,6:00,BNRS,13:00,7h 0m,4,S M T T F S,CC Ex,575 km,82 km/hr,20175
12954,August Kranti Tejas Rajdhani Express,Raj,WR,,,NZM,17:15,MMCT,10:05,16h 50m,11,S M T W T F S,3A 2A 1A,1378 km,82 km/hr,12953
12910,Hazrat Nizamuddin - Bandra Terminus Garib Rath Express (PT),GR,WR,,,NZM,16:30,BDTS,9:15,16h 45m,6,S W F,3A,1367 km,82 km/hr,12909
12001,Rani Kamalapati - New Delhi Shatabdi Express,Shtb,NR,,,RKMP,15:10,NDLS,23:50,8h 40m,9,S M T W T F S,CC Ex,709 km,82 km/hr,12002
20643,MGR Chennai Central - Coimbatore Vande Bharat Express,VB,SR,,,MAS,14:15,CBE,20:15,6h 0m,3,S M T T F S,CC Ex,495 km,82 km/hr,20644
12908,Maharashtra Sampark Kranti Express (PT),SKr,WR,,,NZM,16:30,BDTS,9:15,16h 45m,5,M T,SL 3A 2A 1A 3E,1367 km,82 km/hr,12907
12247,Bandra Terminus - Hazrat Nizamuddin Yuva Express (PT),ACSF,WR,,,BDTS,17:30,NZM,10:15,16h 45m,5,F,CC 3E,1367 km,82 km/hr,12248
20627,Chennai Egmore - Nagercoil Vande Bharat Express,VB,SR,,,MS,5:00,NCJ,13:50,8h 50m,7,S M T T F S,CC Ex,724 km,82 km/hr,20628
20834,Secunderabad - Visakhapatnam Vande Bharat Express,VB,SCoR,,,SC,15:00,VSKP,23:35,8h 35m,5,S M W T F S,CC Ex,698 km,81 km/hr,20833
20833,Visakhapatnam - Secunderabad Vande Bharat Express,VB,SCoR,,,VSKP,5:45,SC,14:20,8h 35m,5,S M W T F S,CC Ex,698 km,81 km/hr,20834
22348,Patna - Howrah Vande Bharat Express,VB,ECR,,,PNBE,8:00,HWH,14:35,6h 35m,9,S M T T F S,CC Ex,532 km,81 km/hr,22347
20666,Tirunelveli - Chennai Egmore Vande Bharat Express,VB,SR,,,TEN,6:00,MS,14:00,8h 0m,8,S M W T F S,CC Ex,650 km,81 km/hr,20665
22437,Prayagraj - Anand Vihar Terminal Humsafar Express,Hms,NCR,,,PRYJ,22:30,ANVT,6:10,7h 40m,1,M W S,SL 3A,622 km,81 km/hr,22438
12313,Sealdah - New Delhi Rajdhani Express,Raj,ER,,,SDAH,16:50,NDLS,10:50,18h 0m,6,S M T W T F S,3A 2A 1A,1458 km,81 km/hr,12314
12276,New Delhi - Prayagraj Humsafar Express,Hms,NCR,,,NDLS,22:30,PRYJ,6:20,7h 50m,1,M W F S,SL 3A,632 km,81 km/hr,12275
22487,Delhi - Amritsar Vande Bharat Express,VB,NR,,,DLI,15:15,ASR,20:45,5h 30m,5,S M T W T S,CC Ex,447 km,81 km/hr,22488
22488,Amritsar - Delhi Vande Bharat Express,VB,NR,,,ASR,8:20,DLI,13:50,5h 30m,5,S M T W T S,CC Ex,447 km,81 km/hr,22487
22438,Anand Vihar Terminal - Prayagraj Humsafar Express,Hms,NCR,,,ANVT,22:35,PRYJ,6:20,7h 45m,1,S T T,SL 3A,622 km,80 km/hr,22437
12309,Rajendra Nagar Terminal - New Delhi Tejas Rajdhani Express,Raj,ECR,,,RJPB,19:10,NDLS,7:40,12h 30m,5,S M T W T F S,3A 2A 1A,1001 km,80 km/hr,12310
22303,Howrah - Gaya Vande Bharat Express,VB,ER,,,HWH,6:45,GAYA,12:30,5h 45m,5,S M T W F S,CC Ex,458 km,80 km/hr,22304
20901,Mumbai Central - Gandhinagar Capital Vande Bharat Express (PT),VB,WR,,,MMCT,6:00,GNC,12:30,6h 30m,8,S M T T F S,CC Ex,522 km,80 km/hr,20902
12393,Sampoorna Kranti Express (PT),SF,ECR,,,RJPB,19:20,NDLS,7:55,12h 35m,6,S M T W T F S,SL 3A 2A 1A 3E,1001 km,80 km/hr,12394
22671,Chennai Egmore - Madurai Tejas Express (PT),Tjs,SR,,,MS,6:00,MDU,12:10,6h 10m,3,S M T W F S,CC Ex,493 km,80 km/hr,22672
22470,Hazrat Nizamuddin - Khajuraho Vande Bharat Express,VB,NR,,,NZM,6:00,KURJ,14:20,8h 20m,7,S T W T F S,CC Ex,660 km,79 km/hr,22469
22440,Shri Mata Vaishno Devi Katra - New Delhi Vande Bharat Express,VB,NR,,,SVDK,14:55,NDLS,23:10,8h 15m,5,S M T T F S,CC Ex,655 km,79 km/hr,22439
22672,Madurai - Chennai Egmore Tejas Express (PT),Tjs,SR,,,MDU,15:30,MS,21:45,6h 15m,3,S M T W F S,CC Ex,493 km,79 km/hr,22671
82501,Lucknow Jn. - New Delhi IRCTC Tejas Express,Tjs,NER,,,LJN,6:10,NDLS,12:40,6h 30m,3,S M W T F S,CC Ex,512 km,79 km/hr,82502
20101,Nagpur - Secunderabad Vande Bharat Express,VB,CR,,,NGP,5:00,SC,12:15,7h 15m,7,S M W T F S,CC Ex,575 km,79 km/hr,20102
22439,New Delhi - Shri Mata Vaishno Devi Katra Vande Bharat Express,VB,NR,,,NDLS,6:00,SVDK,14:20,8h 20m,5,S M T T F S,CC Ex,655 km,79 km/hr,22440
12306,New Delhi - Howrah Rajdhani Express (Via Patna),Raj,ER,,,NDLS,16:50,HWH,12:15,19h 25m,7,F,3A 2A 1A,1531 km,79 km/hr,12305
22469,Khajuraho - Hazrat Nizamuddin Vande Bharat Express,VB,NR,,,KURJ,14:50,NZM,23:10,8h 20m,7,S T W T F S,CC Ex,660 km,79 km/hr,22470
22477,New Delhi - Shri Mata Vaishno Devi Katra Vande Bharat Express,VB,NR,,,NDLS,15:00,SVDK,23:20,8h 20m,5,S M T T F S,CC Ex,655 km,79 km/hr,22478
20608,Mysuru - MGR Chennai Central Vande Bharat Express,VB,SR,,,MYS,13:05,MAS,19:20,6h 15m,2,S M T T F S,CC Ex,497 km,79 km/hr,20607
22478,Shri Mata Vaishno Devi Katra - New Delhi Vande Bharat Express,VB,NR,,,SVDK,5:45,NDLS,14:00,8h 15m,5,S M T T F S,CC Ex,655 km,79 km/hr,22477
20977,Ajmer - Chandigarh Vande Bharat Express,VB,NWR,,,AII,6:10,CDG,14:45,8h 35m,8,S M T T F S,CC Ex,678 km,79 km/hr,20978
20902,Gandhinagar Capital - Mumbai Central Vande Bharat Express (PT),VB,WR,,,GNC,14:00,MMCT,20:35,6h 35m,8,S M T T F S,CC Ex,522 km,79 km/hr,20901
20701,Secunderabad - Tirupati Vande Bharat Express,VB,SCR,,,SC,6:10,TPTY,14:35,8h 25m,5,S M W T F S,CC Ex,662 km,79 km/hr,20702
20707,Secunderabad - Visakhapatnam Vande Bharat Express,VB,SCR,,,SC,5:00,VSKP,13:50,8h 50m,6,S T W T F S,CC Ex,698 km,79 km/hr,20708
20978,Chandigarh - Ajmer Vande Bharat Express,VB,NWR,,,CDG,15:15,AII,23:58,8h 43m,8,S M T T F S,CC Ex,678 km,78 km/hr,20977
22347,Howrah - Patna Vande Bharat Express,VB,ECR,,,HWH,15:50,PNBE,22:40,6h 50m,9,S M T T F S,CC Ex,532 km,78 km/hr,22348
20662,Dharwad - KSR Bengaluru Vande Bharat Express,VB,SWR,,,DWR,13:30,SBC,19:45,6h 15m,5,S M W T F S,CC Ex,490 km,78 km/hr,20661
20708,Visakhapatnam - Secunderabad Vande Bharat Express,VB,SCR,,,VSKP,14:30,SC,23:25,8h 55m,6,S T W T F S,CC Ex,698 km,78 km/hr,20707
20702,Tirupati - Secunderabad Vande Bharat Express,VB,SCR,,,TPTY,15:15,SC,23:42,8h 27m,5,S M W T F S,CC Ex,662 km,78 km/hr,20701
20102,Secunderabad - Nagpur Vande Bharat Express,VB,CR,,,SC,13:00,NGP,20:20,7h 20m,7,S M W T F S,CC Ex,575 km,78 km/hr,20101
12009,Mumbai Central - Ahmedabad Shatabdi Express,Shtb,WR,,,MMCT,6:20,ADI,12:40,6h 20m,7,M T W T F S,CC Ex EA EV,493 km,78 km/hr,12010
82502,New Delhi - Lucknow Jn. IRCTC Tejas Express,Tjs,NER,,,NDLS,15:30,LJN,22:05,6h 35m,3,S M W T F S,CC Ex,512 km,78 km/hr,82501
20661,KSR Bengaluru - Dharwad Vande Bharat Express,VB,SWR,,,SBC,5:45,DWR,12:00,6h 15m,5,S M W T F S,CC Ex,490 km,78 km/hr,20662
22210,Hazrat Nizamuddin - Mumbai Central Duronto Express,Drnt,WR,,,NZM,22:15,MMCT,15:50,17h 35m,3,T S,2S 3A 2A 1A 3E,1378 km,78 km/hr,22209
20840,New Delhi - Ranchi Rajdhani Express (Via Bokaro Steel City),Raj,SER,,,NDLS,16:10,RNC,9:05,16h 55m,6,M F,3A 2A 1A,1307 km,77 km/hr,20839
20408,New Delhi - Ranchi Rajdhani Express (Via Japla),Raj,NR,,,NDLS,16:10,RNC,8:25,16h 15m,6,W,3A 2A 1A,1251 km,77 km/hr,20407
22926,Okha - Sabarmati Jn. Vande Bharat Express,VB,WR,,,OKHA,16:45,SBT,23:10,6h 25m,8,S M W T F S,CC Ex,493 km,77 km/hr,22925
12269,M.G.R Chennai Central - Hazrat Nizamuddin Duronto Express,Drnt,SR,,,MAS,6:35,NZM,10:40,28h 5m,6,M F,2S SL 3A 2A 1A,2175 km,77 km/hr,12270
12918,Hazrat Nizamuddin - Ahmedabad Gujarat Sampark Kranti Express,SKr,WR,,,NZM,13:25,ADI,3:25,14h 0m,8,T,SL 3A 2A 1A 3E,1074 km,77 km/hr,12917
12958,Swarna Jayanti Rajdhani Express,Raj,WR,,,NDLS,19:55,SBIB,8:05,12h 10m,8,S M T W T F S,3A 2A 1A,931 km,77 km/hr,12957
12957,Swarna Jayanti Rajdhani Express,Raj,WR,,,SBIB,19:20,NDLS,7:30,12h 10m,8,S M T W T F S,3A 2A 1A,931 km,77 km/hr,12958
22447,New Delhi - Amb Andaura Vande Bharat Express,VB,NR,,,NDLS,5:50,AADR,11:10,5h 20m,5,S M W T F S,CC Ex,412 km,77 km/hr,22448
12305,Howrah - New Delhi Rajdhani Express (Via Patna),Raj,ER,,,HWH,14:05,NDLS,10:05,20h 0m,7,S,3A 2A 1A,1531 km,77 km/hr,12306
20826,Nagpur - Bilaspur Vande Bharat Express,VB,SECR,,,NGP,14:05,BSP,19:25,5h 20m,5,S M T W T F,CC Ex,412 km,77 km/hr,20825
20841,Bhubaneswar - Visakhapatnam Vande Bharat Express,VB,ECoR,,,BBS,5:15,VSKP,11:00,5h 45m,7,S T W T F S,CC Ex,444 km,77 km/hr,20842
12433,M G R Chennai Central - Hazrat Nizamuddin Rajdhani Express,Raj,NR,,,MAS,6:05,NZM,10:30,28h 25m,8,S F,3A 2A 1A,2175 km,77 km/hr,12434
22304,Gaya - Howrah Vande Bharat Express,VB,ER,,,GAYA,15:15,HWH,21:10,5h 55m,5,S M T W F S,CC Ex,458 km,77 km/hr,22303
12437,Secunderabad - Hazrat Nizamuddin Rajdhani Express,Raj,NR,,,SC,12:50,NZM,10:30,21h 40m,5,W,3A 2A 1A,1660 km,77 km/hr,12438
22448,Amb Andaura - New Delhi Vande Bharat Express,VB,NR,,,AADR,13:00,NDLS,18:25,5h 25m,5,S M W T F S,CC Ex,412 km,76 km/hr,22447
12264,Hazrat Nizamuddin - Pune AC Duronto Express,Drnt,NR,,,NZM,6:16,PUNE,2:10,19h 54m,5,M T,3A 2A 1A,1515 km,76 km/hr,12263
12260,Bikaner - Sealdah AC Duronto Express,Drnt,ER,,,BKN,12:10,SDAH,13:30,25h 20m,10,M T T F,3A 2A 1A,1920 km,76 km/hr,12259
12285,Secunderabad - Hazrat Nizamuddin Duronto Express,Drnt,SCR,,,SC,12:50,NZM,10:40,21h 50m,4,S T,2S SL 3A 2A 1A,1660 km,76 km/hr,12286
20607,MGR Chennai Central - Mysuru Vande Bharat Express,VB,SR,,,MAS,5:50,MYS,12:20,6h 30m,2,S M T T F S,CC Ex,497 km,76 km/hr,20608
20839,Ranchi - New Delhi Rajdhani Express (via Bokaro Steel City),Raj,SER,,,RNC,18:00,NDLS,11:10,17h 10m,6,W S,3A 2A 1A,1307 km,76 km/hr,20840
12462,Sabarmati - Jodhpur Vande Bharat Express,VB,NWR,,,SBIB,16:55,JU,22:50,5h 55m,5,S M W T F S,CC Ex,451 km,76 km/hr,12461
12263,Pune - Hazrat Nizamuddin AC Duronto Express,Drnt,NR,,,PUNE,11:10,NZM,7:00,19h 50m,5,T F,3A 2A 1A,1515 km,76 km/hr,12264
20911,Indore - Nagpur Vande Bharat Express,VB,WR,,,INDB,6:10,NGP,14:35,8h 25m,5,M T W T F S,CC Ex,636 km,76 km/hr,20912
20664,MGR Chennai Central - Mysuru Vande Bharat Express,VB,SWR,,,MAS,17:00,MYS,23:30,6h 30m,4,S M T W F S,CC Ex,497 km,76 km/hr,20663
20663,Mysuru - MGR Chennai Central Vande Bharat Express,VB,SWR,,,MYS,6:00,MAS,12:30,6h 30m,4,S M T W F S,CC Ex,497 km,76 km/hr,20664
12059,Kota - Hazrat Nizamuddin Jan Shatabdi Express,JShtb,WCR,,,KOTA,6:10,NZM,12:10,6h 0m,9,S M T W T F S,2S CC,458 km,76 km/hr,12060
22425,Ayodhya Cantt. - Anand Vihar Terminal Vande Bharat Express,VB,NR,,,AYC,15:25,ANVT,23:40,8h 15m,4,S M T T F S,CC Ex,628 km,76 km/hr,22426
12611,M.G.R. Chennai Central - Hazrat Nizamuddin Garib Rath Express (PT),GR,SR,,,MAS,6:00,NZM,10:30,28h 30m,10,S,3A,2175 km,76 km/hr,12612
12010,Ahmedabad - Mumbai Central Shatabdi Express,Shtb,WR,,,ADI,15:10,MMCT,21:45,6h 35m,7,M T W T F S,CC Ex EA EV,493 km,75 km/hr,12009
12461,Jodhpur - Sabarmati Vande Bharat Express,VB,NWR,,,JU,6:05,SBIB,12:05,6h 0m,5,S M W T F S,CC Ex,451 km,75 km/hr,12462
12281,Bhubaneswar - New Delhi Duronto Express,Drnt,ECoR,,,BBS,7:35,NDLS,6:40,23h 5m,5,W,2S SL 3A 2A 1A,1730 km,75 km/hr,12282
12046,Chandigarh - New Delhi Shatabdi Express,Shtb,NR,,,CDG,12:05,NDLS,15:20,3h 15m,2,S M T T F S,CC Ex,244 km,75 km/hr,12045
12270,Hazrat Nizamuddin - MGR Chennai Central Duronto Express,Drnt,SR,,,NZM,15:55,MAS,20:50,28h 55m,6,T S,2S SL 3A 2A 1A,2175 km,75 km/hr,12269
20677,MGR Chennai Central - Narasapur Vande Bharat Express,VB,SR,,,MAS,5:30,NS,14:10,8h 40m,7,S M W T F S,CC Ex,652 km,75 km/hr,20678
22301,Howrah - New Jalpaiguri Vande Bharat Express,VB,ER,,,HWH,5:55,NJP,13:30,7h 35m,4,S M T T F S,CC Ex,566 km,75 km/hr,22302
12560,Shiv Ganga Express,SF,NER,,,NDLS,20:05,BNRS,6:10,10h 5m,3,S M T W T F S,SL 3A 2A 1A 3E,755 km,75 km/hr,12559
20825,Bilaspur - Nagpur Vande Bharat Express,VB,SECR,,,BSP,6:45,NGP,12:15,5h 30m,5,S M T W T F,CC Ex,412 km,75 km/hr,20826
12917,Ahmedabad - Hazrat Nizamuddin Gujarat Sampark Kranti Express (PT),SKr,WR,,,ADI,15:30,NZM,5:50,14h 20m,8,M,SL 3A 2A 1A 3E,1074 km,75 km/hr,12918
22302,New Jalpaiguri - Howrah Vande Bharat Express,VB,ER,,,NJP,14:55,HWH,22:30,7h 35m,4,S M T T F S,CC Ex,566 km,75 km/hr,22301
12004,New Delhi - Lucknow Jn. Swarn Shatabdi Express,Shtb,NR,,,NDLS,6:10,LJN,13:00,6h 50m,7,S M T W T F S,CC Ex,512 km,75 km/hr,12003
12032,Amritsar - New Delhi Shatabdi Express,Shtb,NR,,,ASR,16:50,NDLS,22:50,6h 0m,6,T,CC Ex,448 km,75 km/hr,12031
12438,Hazrat Nizamuddin - Secunderabad Rajdhani Express,Raj,NR,,,NZM,15:35,SC,13:40,22h 5m,5,S,3A 2A 1A,1660 km,75 km/hr,12437
26481,Jodhpur - Delhi Cantt. Vande Bharat Express,VB,NWR,,,JU,5:30,DEC,13:30,8h 0m,9,S M W T F S,CC Ex,604 km,75 km/hr,26482
20407,Ranchi - New Delhi Rajdhani Express (Via Japla),Raj,NR,,,RNC,18:25,NDLS,11:10,16h 45m,6,T,3A 2A 1A,1251 km,75 km/hr,20408
22426,Anand Vihar Terminal - Ayodhya Cantt. Vande Bharat Express,VB,NR,,,ANVT,6:10,AYC,14:30,8h 20m,4,S M T T F S,CC Ex,628 km,75 km/hr,22425
12030,Amritsar - New Delhi Swarna Jayanti Shatabdi Express,Shtb,NR,,,ASR,16:50,NDLS,22:50,6h 0m,6,S M T W F S,CC Ex,448 km,75 km/hr,12029
20912,Nagpur - Indore Vande Bharat Express,VB,WR,,,NGP,15:20,INDB,23:50,8h 30m,5,M T W T F S,CC Ex,636 km,75 km/hr,20911
12155,Shaan-E-Bhopal SF Express (PT),SF,WCR,,,RKMP,22:40,NZM,8:00,9h 20m,8,S M T W T F S,SL 3A 2A 1A 3E,702 km,75 km/hr,12156
82901,Mumbai Central - Ahmedabad IRCTC Tejas Express,Tjs,WR,,,MMCT,15:55,ADI,22:30,6h 35m,6,S M T W F S,CC Ex,493 km,75 km/hr,82902
12282,New Delhi - Bhubaneswar Duronto Express,Drnt,ECoR,,,NDLS,12:35,BBS,11:40,23h 5m,4,T,2S SL 3A 2A 1A,1730 km,75 km/hr,12281
26752,KSR Bengaluru - Belagavi Vande Bharat Express,VB,SWR,,,SBC,14:20,BGM,22:30,8h 10m,6,S M T T F S,CC Ex,612 km,75 km/hr,26751
12259,Sealdah - Bikaner AC Duronto Express,Drnt,ER,,,SDAH,17:00,BKN,18:35,25h 35m,10,S M W T,3A 2A 1A,1920 km,75 km/hr,12260
26482,Delhi Cantt. - Jodhpur Vande Bharat Express,VB,NWR,,,DEC,15:10,JU,23:20,8h 10m,9,S M W T F S,CC Ex,604 km,74 km/hr,26481
12559,Shiv Ganga Express (PT),SF,NER,,,BNRS,22:15,NDLS,8:30,10h 15m,3,S M T W T F S,SL 3A 2A 1A 3E,755 km,74 km/hr,12560
22823,Bhubaneswar - New Delhi Tejas Rajdhani Express (via Tatanagar),Raj,ECoR,,,BBS,9:30,NDLS,9:55,24h 25m,13,M T T F,3A 2A 1A,1802 km,74 km/hr,22824
26461,Delhi - Firozpur Cantt. Vande Bharat Express,VB,NR,,,DLI,16:00,FZR,22:35,6h 35m,8,S M T T F S,CC Ex,487 km,74 km/hr,26462
22824,New Delhi - Bhubaneswar Tejas Rajdhani Express (via Tatanagar),Raj,ECoR,,,NDLS,17:00,BBS,17:30,24h 30m,13,T W T S,3A 2A 1A,1802 km,74 km/hr,22823
20451,Sogaria (Kota) - New Delhi Intercity SF Express,SF,NCR,,,SGAC,16:15,NDLS,22:35,6h 20m,7,S M T W T F S,SL 3A 2A 1A 3E,466 km,74 km/hr,20452
22811,Bhubaneswar - New Delhi Tejas Rajdhani Express (via Adra),Raj,ECoR,,,BBS,10:35,NDLS,9:55,23h 20m,13,S W,3A 2A 1A,1730 km,74 km/hr,22812
20945,Ekta Nagar - Hazrat Nizamuddin Gujarat Sampark Kranti Express (PT),SKr,WR,,,EKNR,23:30,NZM,13:55,14h 25m,6,T S,SL 3A 2A 1A 3E,1067 km,74 km/hr,20946
22228,Guwahati - New Jalpaiguri Vande Bharat Express,VB,NFR,,,GHY,16:30,NJP,22:00,5h 30m,8,S M W T F S,CC Ex,407 km,74 km/hr,22227
12612,Hazrat Nizamuddin - M.G.R.Chennai Central Garib Rath Express,GR,SR,,,NZM,15:35,MAS,21:00,29h 25m,9,M,3A,2175 km,74 km/hr,12611
20842,Visakhapatnam - Bhubaneswar Vande Bharat Express,VB,ECoR,,,VSKP,15:30,BBS,21:30,6h 0m,7,S T W T F S,CC Ex,444 km,74 km/hr,20841
12262,Howrah - Mumbai CSMT AC Duronto Express,Drnt,SER,,,HWH,5:35,CSMT,8:15,26h 40m,8,M T W F,3A 2A 1A,1964 km,74 km/hr,12261
26472,Delhi Cantt - Bikaner Vande Bharat Express,VB,NWR,,,DEC,16:45,BKN,22:50,6h 5m,7,S M T T F S,CC Ex,447 km,74 km/hr,26471
22227,New Jalpaiguri - Guwahati Vande Bharat Express,VB,NFR,,,NJP,6:10,GHY,11:40,5h 30m,8,S M W T F S,CC Ex,407 km,74 km/hr,22228
26751,Belagavi - KSR Bengaluru Vande Bharat Express,VB,SWR,,,BGM,5:35,SBC,13:50,8h 15m,6,S M T T F S,CC Ex,612 km,74 km/hr,26752
22812,New Delhi - Bhubaneswar Tejas Rajdhani Express (via Adra) (PT),Raj,ECoR,,,NDLS,17:00,BBS,16:15,23h 15m,13,M F,3A 2A 1A,1730 km,74 km/hr,22811
22409,Gaya - Anand Vihar Terminal Garib Rath Express (PT),GR,NR,,,GAYA,19:35,ANVT,8:50,13h 15m,8,S,3A,980 km,74 km/hr,22410
20703,Kacheguda - Yesvantpur Vande Bharat Express,VB,SCR,,,KCG,5:45,YPR,14:00,8h 15m,5,S M T T F S,CC Ex,612 km,74 km/hr,20704
12434,Hazrat Nizamuddin - M.G.R.Chennai Central Rajdhani Express,Raj,NR,,,NZM,15:35,MAS,20:50,29h 15m,8,W F,3A 2A 1A,2175 km,74 km/hr,12433
20704,Yesvantpur - Kacheguda Vande Bharat Express,VB,SCR,,,YPR,14:45,KCG,23:00,8h 15m,5,S M T T F S,CC Ex,612 km,74 km/hr,20703
20671,Madurai - Bengaluru Cantt. Vande Bharat Express,VB,SR,,,MDU,5:15,BNC,13:00,7h 45m,6,S M W T F S,CC Ex,573 km,74 km/hr,20672
12060,Hazrat Nizamuddin - Kota Jan Shatabdi Express,JShtb,WCR,,,NZM,12:45,KOTA,18:55,6h 10m,9,S M T W T F S,2S CC,458 km,74 km/hr,12059
26406,SMVD Katra - Amritsar Vande Bharat Express,VB,NR,,,SVDK,6:40,ASR,11:40,5h 0m,4,S M T W T F,CC Ex,284 km,57 km/hr,26405
12236,Anand Vihar Terminal - Madhupur Humsafar Express,Hms,NR,,,ANVT,17:20,MDP,10:20,17h 0m,10,T,SL 3A 3E,1236 km,73 km/hr,12235
82902,Ahmedabad - Mumbai Central IRCTC Tejas Express,Tjs,WR,,,ADI,6:35,MMCT,13:20,6h 45m,6,S M T W F S,CC Ex,493 km,73 km/hr,82901
20634,Thiruvananthapuram Central - Kasaragod Vande Bharat Express,VB,SR,,,TVC,5:15,KGQ,13:20,8h 5m,8,S M T W F S,CC Ex,586 km,73 km/hr,20633
12045,New Delhi - Chandigarh Shatabdi Express,Shtb,NR,,,NDLS,19:15,CDG,22:35,3h 20m,2,S M T T F S,CC Ex,244 km,73 km/hr,12046
22414,Hazrat Nizamuddin - Madgaon Rajdhani Express,Raj,NR,,,NZM,6:16,MAO,8:35,26h 19m,9,F S,3A 2A 1A,1911 km,73 km/hr,22413
12441,Bilaspur - New Delhi Rajdhani Express,Raj,NR,,,BSP,14:00,NDLS,10:40,20h 40m,8,M T,3A 2A 1A,1504 km,73 km/hr,12442
22895,Howrah - Puri Vande Bharat Express,VB,SER,,,HWH,6:10,PURI,13:00,6h 50m,7,S M T W F S,CC Ex,500 km,73 km/hr,22896
12029,New Delhi - Amritsar Swarna Jayanti Shatabdi Express,Shtb,NR,,,NDLS,7:20,ASR,13:30,6h 10m,6,S M T W F S,CC Ex,448 km,73 km/hr,12030
22460,Baba Baidyanath Dham Deoghar Humsafar Express,Hms,NR,,,ANVT,12:40,MDP,5:30,16h 50m,10,M,SL 3A 3E,1236 km,73 km/hr,22459
12213,Yesvantpur - Delhi Sarai Rohilla AC Duronto Express,Drnt,SWR,,,YPR,23:40,DEE,7:50,32h 10m,6,S,3A 2A 1A,2362 km,73 km/hr,12214
12451,Shram Shakti Express (PT),SF,NCR,,,CNB,23:55,NDLS,5:55,6h 0m,1,S M T W T F S,SL 3A 2A 1A 3E,440 km,73 km/hr,12452
12244,Coimbatore - MGR Chennai Central Shatabdi Express,Shtb,SR,,,CBE,15:05,MAS,21:50,6h 45m,5,S M W T F S,CC Ex,495 km,73 km/hr,12243
12442,New Delhi - Bilaspur Rajdhani Express,Raj,NR,,,NDLS,15:25,BSP,12:00,20h 35m,8,T S,3A 2A 1A,1504 km,73 km/hr,12441
12227,Mumbai Central - Indore Duronto Express,Drnt,WR,,,MMCT,23:10,INDB,10:20,11h 10m,3,T S,2S 3A 2A 1A 3E,830 km,74 km/hr,12228
22410,Anand Vihar Terminal - Gaya Garib Rath Express,GR,NR,,,ANVT,20:20,GAYA,9:45,13h 25m,8,S,3A,980 km,73 km/hr,22409
22466,Baba Baidyanath Dham Deoghar SF Express,SF,NR,,,ANVT,12:40,MDP,5:30,16h 50m,10,W,SL 3A 2A 3E,1236 km,73 km/hr,22465
22896,Puri - Howrah Vande Bharat Express,VB,SER,,,PURI,13:40,HWH,20:30,6h 50m,7,S M T W F S,CC Ex,500 km,73 km/hr,22895
12031,New Delhi - Amritsar Shatabdi Express,Shtb,NR,,,NDLS,7:20,ASR,13:30,6h 10m,6,T,CC Ex,448 km,73 km/hr,12032
12329,West Bengal Sampark Kranti Express (PT),SKr,ER,,,SDAH,13:10,ANVT,8:50,19h 40m,7,T,SL 3A 2A 1A 3E,1443 km,73 km/hr,12330
12027,MGR Chennai Central - KSR Bengaluru Shatabdi Express,Shtb,SWR,,,MAS,17:30,SBC,22:25,4h 55m,3,S M W T F S,CC Ex,359 km,73 km/hr,12028
26462,Firozpur Cantt. - Delhi Vande Bharat Express,VB,NR,,,FZR,7:55,DLI,14:35,6h 40m,8,S M T T F S,CC Ex,487 km,73 km/hr,26461
12014,Amritsar - New Delhi Shatabdi Express,Shtb,NR,,,ASR,4:55,NDLS,11:02,6h 7m,6,S M T W T F S,CC Ex,448 km,73 km/hr,12013
12156,Shaan-E-Bhopal SF Express,SF,WCR,,,NZM,20:40,RKMP,6:20,9h 40m,8,S M T W T F S,SL 3A 2A 1A 3E,702 km,73 km/hr,12155
20452,New Delhi - Sogaria (Kota) Intercity SF Express,SF,NCR,,,NDLS,7:10,SGAC,13:35,6h 25m,7,S M T W T F S,SL 3A 2A 1A 3E,466 km,73 km/hr,20451
12286,Hazrat Nizamuddin - Secunderabad Duronto Express,Drnt,SCR,,,NZM,15:55,SC,14:35,22h 40m,4,M F,2S SL 3A 2A 1A,1660 km,73 km/hr,12285
26102,Ajni (Nagpur) - Pune Vande Bharat Express,VB,CR,,,AJNI,9:50,PUNE,21:50,12h 0m,10,S T W T F S,CC Ex,882 km,73 km/hr,26101
12394,Sampoorna Kranti Express (PT),SF,ECR,,,NDLS,17:30,RJPB,7:15,13h 45m,6,S M T W T F S,SL 3A 2A 1A 3E,1001 km,73 km/hr,12393
26101,Pune - Ajni (Nagpur) Vande Bharat Express,VB,CR,,,PUNE,6:25,AJNI,18:25,12h 0m,10,S M W T F S,CC Ex,882 km,73 km/hr,26102
12261,Mumbai CSMT - Howrah AC Duronto Express,Drnt,SER,,,CSMT,17:15,HWH,20:40,27h 25m,9,S T W T,3A 2A 1A,1964 km,72 km/hr,12262
26651,KSR Bengaluru - Ernakulam Jn. Vande Bharat Express,VB,SWR,,,SBC,5:10,ERS,13:50,8h 40m,7,S M T T F S,CC Ex,625 km,72 km/hr,26652
12157,Hutatma Superfast Express,SF,CR,,,PUNE,17:50,SUR,21:30,3h 40m,2,S M T W T F S,2S SL CC 3E,262 km,72 km/hr,12158
26405,Amritsar - SMVD Katra Vande Bharat Express,VB,NR,,,ASR,16:40,SVDK,21:45,5h 5m,4,S M T W T F,CC Ex,284 km,56 km/hr,26406
12028,KSR Bengaluru - MGR Chennai Central Shatabdi Express,Shtb,SWR,,,SBC,6:00,MAS,11:00,5h 0m,3,S M W T F S,CC Ex,359 km,72 km/hr,12027
12025,Pune - Hyderabad Shatabdi Express,Shtb,CR,,,PUNE,6:00,HYB,14:20,8h 20m,7,S M W T F S,CC Ex EV,598 km,72 km/hr,12026
12222,Howrah - Pune AC Duronto Express,Drnt,SER,,,HWH,5:35,PUNE,9:45,28h 10m,7,T S,3A 2A 1A,2014 km,72 km/hr,12221
12003,Lucknow Jn - New Delhi Swarn Shatabdi Express,Shtb,NR,,,LJN,15:30,NDLS,22:35,7h 5m,7,S M T W T F S,CC Ex,512 km,72 km/hr,12004
12267,Mumbai Central - Hapa Duronto Express,Drnt,WR,,,MMCT,22:50,HAPA,10:10,11h 20m,3,S M T W T F S,2S 3A 2A 1A 3E,815 km,72 km/hr,12268
20817,Bhubaneswar - New Delhi Tejas Rajdhani Express (via Sambalpur City),Raj,ECoR,,,BBS,7:15,NDLS,9:55,26h 40m,15,S,3A 2A 1A,1914 km,72 km/hr,20818
26652,Ernakulam Jn. - KSR Bengaluru Vande Bharat Express,VB,SWR,,,ERS,14:20,SBC,23:00,8h 40m,7,S M T T F S,CC Ex,625 km,72 km/hr,26651
20632,Thiruvananthapuram Central - Mangaluru Central Vande Bharat Express,VB,SR,,,TVC,16:05,MAQ,0:45,8h 40m,9,S M T T F S,CC Ex,620 km,72 km/hr,20631
20631,Mangaluru Central - Thiruvananthapuram Central Vande Bharat Express,VB,SR,,,MAQ,6:25,TVC,15:05,8h 40m,9,S M T T F S,CC Ex,620 km,72 km/hr,20632
26471,Bikaner - Delhi Cantt Vande Bharat Express,VB,NWR,,,BKN,5:40,DEC,11:55,6h 15m,7,S M T T F S,CC Ex,447 km,72 km/hr,26472
20633,Kasaragod - Thiruvananthapuram Central Vande Bharat Express,VB,SR,,,KGQ,14:30,TVC,22:40,8h 10m,8,S M T W F S,CC Ex,586 km,72 km/hr,20634
12877,Ranchi - New Delhi Garib Rath Express (PT),GR,SER,,,RNC,16:25,NDLS,11:10,18h 45m,15,M T F,3A,1341 km,72 km/hr,12878
12417,Prayagraj Express (PT),SF,NCR,,,PRYJ,22:10,NDLS,7:00,8h 50m,4,S M T W T F S,SL 3A 2A 1A,635 km,72 km/hr,12418
12121,Madhya Pradesh Sampark Kranti Express (PT),SKr,WCR,,,JBP,19:20,NZM,7:50,12h 30m,5,S W F,SL 3A 2A 1A 3E,904 km,72 km/hr,12122
12418,Prayagraj Express,SF,NCR,,,NDLS,22:10,PRYJ,7:00,8h 50m,4,S M T W T F S,SL 3A 2A 1A,635 km,72 km/hr,12417
12228,Indore - Mumbai Central Duronto Express,Drnt,WR,,,INDB,21:00,MMCT,8:20,11h 20m,3,S F,2S 3A 2A 1A 3E,830 km,73 km/hr,12227
12330,West Bengal Sampark Kranti Express,SKr,ER,,,ANVT,20:20,SDAH,16:35,20h 15m,7,W,SL 3A 2A 1A,1443 km,71 km/hr,12329
20830,Visakhapatnam - Durg Vande Bharat Express,VB,SECR,,,VSKP,14:50,DURG,22:50,8h 0m,9,S M T W F S,CC Ex,566 km,71 km/hr,20829
12243,MGR Chennai Central - Coimbatore Shatabdi Express,Shtb,SR,,,MAS,7:15,CBE,14:15,7h 0m,5,S M W T F S,CC Ex,495 km,71 km/hr,12244
12289,Mumbai CSMT - Nagpur Duronto Express,Drnt,CR,,,CSMT,20:35,NGP,8:25,11h 50m,5,S M T W T F S,SL 3A 2A 1A,835 km,71 km/hr,12290
12379,Sealdah - Amritsar Jallianwala Bagh Express (PT),SF,ER,,,SDAH,13:10,ASR,15:50,26h 40m,15,F,SL 3A 2A 1A 3E,1898 km,71 km/hr,12380
12581,Banaras - New Delhi SF Express (PT),SF,NER,,,BNRS,23:10,NDLS,9:45,10h 35m,5,S M T F S,SL 3A 2A 1A 3E,753 km,71 km/hr,12582
12007,M.G.R Chennai Central - Mysuru Shatabdi Express,Shtb,SR,,,MAS,6:00,MYS,13:00,7h 0m,2,S M T W F S,CC Ex EA,497 km,71 km/hr,12008
12239,Mumbai Central - Hisar Duronto Express,Drnt,WR,,,MMCT,23:10,HSR,20:20,21h 10m,10,S T,2S 3A 2A 1A 3E,1512 km,71 km/hr,12240
12454,New Delhi - Ranchi Rajdhani Express (via Chopan),Raj,NR,,,NDLS,16:10,RNC,9:45,17h 35m,10,S,3A 2A 1A,1244 km,71 km/hr,12453
22692,Hazrat Nizamuddin - K S R Bengaluru Rajdhani Express,Raj,SWR,,,NZM,19:50,SBC,5:20,33h 30m,14,S M T W T F S,3A 2A 1A,2376 km,71 km/hr,22691
22691,K.S.R. Bengaluru - Hazrat Nizamuddin Rajdhani Express,Raj,SWR,,,SBC,20:00,NZM,5:30,33h 30m,14,S M T W T F S,3A 2A 1A,2376 km,71 km/hr,22692
20946,Hazrat Nizamuddin - Ekta Nagar Gujarat Sampark Kranti Express (PT),SKr,WR,,,NZM,15:45,EKNR,6:55,15h 10m,6,S F,SL 3A 2A 1A 3E,1067 km,70 km/hr,20945
22231,Kalaburagi - SMVT Bengaluru Vande Bharat Express,VB,CR,,,KLBG,6:10,SMVB,14:10,8h 0m,7,S M T W T S,CC Ex,560 km,70 km/hr,22232
12026,Hyderabad - Pune Shatabdi Express,Shtb,CR,,,HYB,14:40,PUNE,23:10,8h 30m,7,S M W T F S,CC Ex EV,598 km,70 km/hr,12025
12274,New Delhi - Howrah Duronto Express,Drnt,ER,,,NDLS,12:35,HWH,10:35,22h 0m,5,T S,2S SL 3A 2A 1A 3E,1531 km,70 km/hr,12273
20174,Rewa - Rani Kamalapati (Habibganj) Vande Bharat Express,VB,WCR,,,REWA,5:20,RKMP,13:30,8h 10m,8,S M W T F S,CC Ex,568 km,70 km/hr,20173
20173,Rani Kamalapati (Habibganj) - Rewa Vande Bharat Express,VB,WCR,,,RKMP,15:30,REWA,23:35,8h 5m,8,S M W T F S,CC Ex,568 km,70 km/hr,20174
12380,Amritsar - Sealdah Jallianwala Bagh Express,SF,ER,,,ASR,13:25,SDAH,16:35,27h 10m,15,S,SL 3A 2A 1A,1898 km,70 km/hr,12379
12235,Madhupur - Anand Vihar Terminal Humsafar Express,Hms,NR,,,MDP,17:05,ANVT,10:50,17h 45m,10,F,SL 3A 3E,1236 km,70 km/hr,12236
12397,Mahabodhi Express (PT),SF,ECR,,,GAYA,14:00,NDLS,4:10,14h 10m,14,S M T W T F S,SL 3A 2A 1A 3E,992 km,70 km/hr,12398
22232,SMVT Bengaluru - Kalaburagi Vande Bharat Express,VB,CR,,,SMVB,14:40,KLBG,22:40,8h 0m,7,S M T W F S,CC Ex,560 km,70 km/hr,22231
20818,New Delhi - Bhubaneswar Tejas Rajdhani Express (via Sambalpur City),Raj,ECoR,,,NDLS,17:00,BBS,20:10,27h 10m,15,S,3A 2A 1A,1914 km,70 km/hr,20817
12273,Howrah - New Delhi Duronto Express,Drnt,ER,,,HWH,8:45,NDLS,6:40,21h 55m,5,M F,2S SL 3A 2A 1A 3E,1531 km,70 km/hr,12274
22925,Sabarmati Jn. - Okha Vande Bharat Express,VB,WR,,,SBT,6:15,OKHA,13:20,7h 5m,8,S M W T F S,CC Ex,493 km,70 km/hr,22926
26963,Udaipur City - Asarva (Ahmedabad) Vande Bharat Express,VB,NWR,,,UDZ,6:10,ASV,10:25,4h 15m,4,S M W T F S,CC Ex,296 km,70 km/hr,26964
22226,Solapur - Mumbai CSMT Vande Bharat Express,VB,SCR,,,SUR,6:05,CSMT,12:35,6h 30m,7,S M T W F S,CC Ex,454 km,70 km/hr,22225
12493,Darshan SF Express (PT),SF,NR,,,MRJ,5:25,NZM,7:00,25h 35m,13,S,SL 3A 2A 1A,1794 km,70 km/hr,12494
12290,Nagpur - Mumbai CSMT Duronto Express,Drnt,CR,,,NGP,19:50,CSMT,7:50,12h 0m,4,S M T W T F S,SL 3A 2A 1A,835 km,70 km/hr,12289
20672,Bengaluru Cantt. - Madurai Vande Bharat Express,VB,SR,,,BNC,13:30,MDU,21:40,8h 10m,6,S M W T F S,CC Ex,573 km,70 km/hr,20671
22181,Jabalpur - Hazrat Nizamuddin Gondwana SF Express (PT),SF,WCR,,,JBP,15:15,NZM,4:10,12h 55m,13,S M T W T F S,SL 3A 2A 1A 3E,904 km,70 km/hr,22182
26964,Asarva (Ahmedabad) - Udaipur City Vande Bharat Express,VB,NWR,,,ASV,17:45,UDZ,22:00,4h 15m,4,S M W T F S,CC Ex,296 km,70 km/hr,26963
12452,Shram Shakti Express,SF,NCR,,,NDLS,23:55,CNB,6:20,6h 25m,1,S M T W T F S,SL 3A 2A 1A 3E,440 km,69 km/hr,12451
12303,Poorva Express (via Patna) (PT),SF,ER,,,HWH,8:00,NDLS,6:05,22h 5m,23,M T F S,SL 3A 2A 1A,1531 km,69 km/hr,12304
22857,Santragachi - Anand Vihar Terminal Weekly SF Express (PT),SF,SER,,,SRC,10:00,ANVT,8:50,22h 50m,10,M,SL 3A 2A,1572 km,69 km/hr,22858
20829,Durg - Visakhapatnam Vande Bharat Express,VB,SECR,,,DURG,5:45,VSKP,13:55,8h 10m,9,S M T W F S,CC Ex,566 km,69 km/hr,20830
12214,Delhi Sarai Rohilla - Yesvantpur AC Duronto Express,Drnt,SWR,,,DEE,22:10,YPR,8:20,34h 10m,7,M,3A 2A 1A,2362 km,69 km/hr,12213
12956,Jaipur - Mumbai Central SF Express (PT),SF,WR,,,JP,14:00,MMCT,6:55,16h 55m,18,S M T W T F S,SL 3A 2A 1A,1160 km,69 km/hr,12955
12955,Mumbai Central - Jaipur SF Express (PT),SF,WR,,,MMCT,19:05,JP,12:00,16h 55m,18,S M T W T F S,SL 3A 2A 1A,1160 km,69 km/hr,12956
20887,Ranchi - Varanasi Vande Bharat Express,VB,SER,,,RNC,5:10,BSB,13:00,7h 50m,8,S M W T F S,CC Ex,538 km,69 km/hr,20888
20888,Varanasi - Ranchi Vande Bharat Express,VB,SER,,,BSB,16:05,RNC,23:55,7h 50m,8,S M W T F S,CC Ex,538 km,69 km/hr,20887
27575,Howrah - Kamakhya Vande Bharat Sleeper Express,VBS,NFR,,,HWH,18:20,KYQ,8:20,14h 0m,13,S M T W F S,3A 2A 1A,968 km,69 km/hr,27576
27576,Kamakhya - Howrah Vande Bharat Sleeper Express,VBS,NFR,,,KYQ,18:15,HWH,8:15,14h 0m,13,S M T T F S,3A 2A 1A,968 km,69 km/hr,27575
20435,Mumbai LTT - Prayagraj Amrit Bharat Express,AB,NCR,22-Aug,,LTT,17:20,PRYJ,12:40,19h 20m,5,S,SL,1342 km,69 km/hr,20436
12293,Mumbai LTT - Prayagraj AC Duronto Express,Drnt,CR,,,LTT,17:20,PRYJ,12:40,19h 20m,4,M F,3A 2A 1A,1342 km,69 km/hr,12294
12042,New Jalpaiguri - Howrah Shatabdi Express,Shtb,NFR,,,NJP,5:30,HWH,13:45,8h 15m,8,M T W T F S,CC Ex EV,566 km,69 km/hr,12041
12008,Mysuru - MGR Chennai Central Shatabdi Express,Shtb,SR,,,MYS,14:15,MAS,21:25,7h 10m,2,S M T W F S,CC Ex EA,497 km,69 km/hr,12007
12425,New Delhi - Jammu Tawi Rajdhani Express,Raj,NR,,,NDLS,20:40,JAT,5:00,8h 20m,3,S M T W T F S,3A 2A 1A,577 km,69 km/hr,12426
12079,K.S.R Bengaluru - SSS Hubballi Jan Shatabdi Express,JShtb,SWR,,,SBC,6:00,UBL,12:50,6h 50m,10,S M T W T F S,2S CC,470 km,69 km/hr,12080
12453,Ranchi - New Delhi Rajdhani Express (via Chopan),Raj,NR,,,RNC,17:15,NDLS,11:10,17h 55m,10,S,3A 2A 1A,1244 km,69 km/hr,12454
22225,Mumbai CSMT - Solapur Vande Bharat Express,VB,SCR,,,CSMT,16:05,SUR,22:40,6h 35m,6,S M T T F S,CC Ex,454 km,69 km/hr,22226
12931,Mumbai Central - Ahmedabad AC Double Decker Express,DD,WR,,,MMCT,14:30,ADI,21:40,7h 10m,9,M T W T F S,CC,493 km,69 km/hr,12932
12878,New Delhi - Ranchi Garib Rath Express,GR,SER,,,NDLS,16:10,RNC,11:30,19h 20m,15,S T T,3A,1341 km,69 km/hr,12877
12297,Ahmedabad - Pune Duronto Express,Drnt,CR,,,ADI,22:30,PUNE,7:40,9h 10m,3,S T F,2S 3A 2A 1A,629 km,69 km/hr,12298
22918,Haridwar - Bandra Terminus SF Express,SF,WR,,,HW,17:20,BDTS,17:00,23h 40m,24,T,SL 3A 2A 1A 3E,1619 km,68 km/hr,22917
20871,Howrah - Rourkela Vande Bharat Express,VB,SER,,,HWH,6:00,ROU,12:05,6h 5m,3,S M W T F S,CC Ex,412 km,68 km/hr,20872
22309,Howrah - Jamalpur Vande Bharat Express,VB,ER,,,HWH,7:45,JMP,14:15,6h 30m,8,S M T W T S,CC Ex,440 km,68 km/hr,22310
12961,Avantika SF Express (PT),SF,WR,,,MMCT,20:55,INDB,9:05,12h 10m,18,S M T W T F S,SL 3A 2A 1A 3E,830 km,68 km/hr,12962
22233,New Jalpaiguri - Patna Vande Bharat Express,VB,NFR,,,NJP,5:10,PNBE,12:10,7h 0m,7,S M W T F S,CC Ex,473 km,68 km/hr,22234
20705,Hazur Sahib Nanded - Mumbai CSMT Vande Bharat Express,VB,SCR,,,NED,5:20,CSMT,14:15,8h 55m,8,S M T T F S,CC Ex,608 km,68 km/hr,20706
12398,Mahabodhi Express,SF,ECR,,,NDLS,12:25,GAYA,2:55,14h 30m,14,S M T W T F S,SL 3A 2A 1A 3E,992 km,68 km/hr,12397
12912,Haridwar - Valsad SF Express,SF,WR,,,HW,17:20,BL,14:20,21h 0m,14,W,SL 3A 2A,1435 km,68 km/hr,12911
12980,Jaipur - Bandra Terminus SF Express (PT),SF,NWR,,,JP,20:20,BDTS,13:15,16h 55m,16,M W F,SL 3A 2A 1A 3E,1149 km,68 km/hr,12979
12240,Hisar - Mumbai Central Duronto Express,Drnt,WR,,,HSR,10:10,MMCT,8:20,22h 10m,10,T T,2S 3A 2A 1A 3E,1512 km,68 km/hr,12239
12443,Haldia - Anand Vihar Terminal SF Express (PT),SF,NR,,,HLZ,9:30,ANVT,8:50,23h 20m,12,T,SL 3A 1A 3E,1576 km,68 km/hr,12444
12221,Pune - Howrah AC Duronto Express,Drnt,SER,,,PUNE,15:15,HWH,20:40,29h 25m,7,M S,3A 2A 1A,2013 km,68 km/hr,12222
12933,Karnavati Express (PT),SF,WR,,,BDTS,13:55,VTA,20:50,6h 55m,9,S M T W T F S,2S CC,474 km,68 km/hr,12934
12426,Jammu Tawi - New Delhi Rajdhani Express,Raj,NR,,,JAT,21:25,NDLS,5:55,8h 30m,3,S M T W T F S,3A 2A 1A,577 km,68 km/hr,12425
22933,Bandra Terminus - Jaipur Weekly SF Express (PT),SF,WR,,,BDTS,17:05,JP,10:05,17h 0m,13,M,SL 3A 2A 1A,1149 km,68 km/hr,22934
22224,Sainagar Shirdi - Mumbai CSMT Vande Bharat Express,VB,CR,,,SNSI,17:45,CSMT,22:50,5h 5m,4,S M W T F S,CC Ex,343 km,68 km/hr,22223
12013,New Delhi - Amritsar Shatabdi Express,Shtb,NR,,,NDLS,16:30,ASR,23:05,6h 35m,6,S M T W T F S,CC Ex,448 km,68 km/hr,12014
12268,Hapa - Mumbai Central Duronto Express,Drnt,WR,,,HAPA,20:05,MMCT,8:05,12h 0m,3,S M T W T F S,2S 3A 2A 1A 3E,815 km,68 km/hr,12267
12979,Bandra Terminus - Jaipur SF Express (PT),SF,NWR,,,BDTS,17:05,JP,10:05,17h 0m,16,T T S,SL 3A 2A 1A 3E,1149 km,68 km/hr,12980
12169,Pune - Solapur Intercity SF Express,SF,CR,,,PUNE,9:25,SUR,13:15,3h 50m,3,S M T W T F S,2S CC,262 km,68 km/hr,12170
22406,Anand Vihar Terminal - Bhagalpur Garib Rath Express,GR,NR,,,ANVT,17:20,BGP,11:00,17h 40m,18,M W F,3A,1208 km,68 km/hr,22405
12416,New Delhi - Indore Intercity SF Express (PT),SF,NR,,,NDLS,21:50,INDB,10:05,12h 15m,19,S M T W T F S,SL 3A 2A 1A 3E,826 km,67 km/hr,12415
22459,Baba Baidyanath Dham Deoghar Humsafar Express,Hms,NR,,,MDP,12:00,ANVT,6:30,18h 30m,10,T,SL 3A 3E,1236 km,67 km/hr,22460
12724,Telangana Express (PT),SF,SCR,,,NDLS,16:00,HYB,17:10,25h 10m,14,S M T W T F S,SL 3A 2A 1A,1677 km,67 km/hr,12723
26902,Veraval - Sabarmati BG Vande Bharat Express,VB,WR,,,VRL,15:50,SBIB,22:25,6h 35m,7,S M T W F S,CC Ex,450 km,68 km/hr,26901
22310,Jamalpur - Howrah Vande Bharat Express,VB,ER,,,JMP,15:30,HWH,22:05,6h 35m,8,S M T W T S,CC Ex,440 km,67 km/hr,22309
12449,Goa Sampark Kranti Express,SKr,NR,,,MAO,10:00,CDG,18:25,32h 25m,14,T W,SL 3A 2A 1A 3E,2162 km,67 km/hr,12450
12245,Howrah - SMVT Bengaluru Duronto Express,Drnt,SER,,,HWH,10:40,SMVB,15:45,29h 5m,5,S T W F S,2S SL 3A 2A 1A,1937 km,67 km/hr,12246
22234,Patna - New Jalpaiguri Vande Bharat Express,VB,NFR,,,PNBE,13:00,NJP,20:05,7h 5m,7,S M W T F S,CC Ex,473 km,67 km/hr,22233
12041,Howrah - New Jalpaiguri Shatabdi Express,Shtb,NFR,,,HWH,14:25,NJP,22:50,8h 25m,8,M T W T F S,CC Ex EV,566 km,67 km/hr,12042
12680,Coimbatore - M.G.R Chennai Central InterCity SF Express,SF,SR,,,CBE,6:20,MAS,13:45,7h 25m,11,S M T W T F S,2S CC,495 km,67 km/hr,12679
22550,Prayagraj - Gorakhpur Vande Bharat Express,VB,NER,,,PRYJ,15:15,GKP,22:40,7h 25m,4,S M T W T F,CC Ex,497 km,67 km/hr,22549
22465,Baba Baidyanath Dham Deoghar SF Express (PT),SF,NR,,,MDP,12:00,ANVT,6:30,18h 30m,10,T,SL 3A 2A 3E,1236 km,67 km/hr,22466
12582,New Delhi - Banaras SF Express,SF,NER,,,NDLS,22:50,BNRS,10:00,11h 10m,5,S W T F S,SL 3A 2A 1A 3E,753 km,67 km/hr,12581
12932,Ahmedabad - Mumbai Central AC Double Decker Express,DD,WR,,,ADI,5:45,MMCT,13:05,7h 20m,9,M T W T F S,CC,493 km,67 km/hr,12931
22413,Madgaon - Hazrat Nizamuddin Rajdhani Express,Raj,NR,,,MAO,8:00,NZM,12:30,28h 30m,9,S M,3A 2A 1A,1911 km,67 km/hr,22414
12024,Patna - Howrah Jan Shatabdi Express,JShtb,ECR,,,PNBE,5:30,HWH,13:25,7h 55m,14,M T W T F S,2S CC,532 km,67 km/hr,12023
22705,Tirupati - Jammu Tawi Humsafar Express,Hms,SCoR,,,TPTY,21:10,JAT,18:00,44h 50m,12,T,SL 3A,2985 km,67 km/hr,22706
12006,Kalka - New Delhi Shatabdi Express,Shtb,NR,,,KLK,6:15,NDLS,10:15,4h 0m,4,S M T W T F S,CC Ex,269 km,67 km/hr,12005
12635,Vaigai SF Express,SF,SR,,,MS,13:15,MDU,20:35,7h 20m,10,S M T W T F S,2S CC,493 km,67 km/hr,12636
12011,New Delhi - Kalka Shatabdi Express,Shtb,NR,,,NDLS,7:40,KLK,11:40,4h 0m,5,S M T W T F S,CC Ex,269 km,67 km/hr,12012
12621,Tamil Nadu Express (PT),SF,SR,,,MAS,22:00,NDLS,6:30,32h 30m,11,S M T W T F S,SL 3A 2A 1A,2182 km,67 km/hr,12622
12472,Swaraj Express,SF,NR,,,SVDK,9:40,BDTS,16:10,30h 30m,29,T W F S,SL 3A 2A 1A 3E,2029 km,67 km/hr,12471
12005,New Delhi - Kalka Shatabdi Express,Shtb,NR,,,NDLS,17:15,KLK,21:15,4h 0m,4,S M T W T F S,CC Ex,269 km,67 km/hr,12006
12158,Hutatma Superfast Express,SF,CR,,,SUR,6:30,PUNE,10:30,4h 0m,2,S M T W T F S,2S SL CC 3E,262 km,66 km/hr,12157
20688,KSR Bengaluru - SSS Hubballi Superfast Express,SF,SWR,,,SBC,22:20,UBL,5:30,7h 10m,7,S M T W T F S,SL 3A 2A 1A,470 km,66 km/hr,20687
12463,Delhi Sarai Rohilla - Jodhpur Rajasthan Sampark Kranti Express,SKr,NWR,,,DEE,21:25,JU,6:40,9h 15m,6,W,SL 3A 2A,614 km,66 km/hr,12464
12596,Anand Vihar Terminal - Gorakhpur Humsafar Express (via Basti),Hms,NER,,,ANVT,20:00,GKP,7:40,11h 40m,4,T W F,3A,769 km,66 km/hr,12595
12381,Poorva Express (Via Gaya) (PT),SF,ER,,,HWH,8:15,NDLS,6:05,21h 50m,20,S W T,SL 3A 2A 1A,1451 km,66 km/hr,12382
20706,Mumbai CSMT - Hazur Sahib Nanded Vande Bharat Express,VB,SCR,,,CSMT,13:15,NED,22:25,9h 10m,8,S M T W F S,CC Ex,608 km,66 km/hr,20705
12986,Delhi Sarai Rohilla - Jaipur AC Double Decker Express,DD,NWR,,,DEE,17:25,JP,22:00,4h 35m,5,S M T W T F S,CC Ex,304 km,66 km/hr,12985
22359,Patna - Mumbai CSMT Superfast Express (PT),SF,ECR,,,PNBE,13:00,CSMT,14:50,25h 50m,8,S W,SL 3A 2A 1A 3E,1706 km,66 km/hr,22360
20155,Dr. Ambedkar Nagar - New Delhi SF Express (PT),SF,WCR,,,DADN,15:30,NDLS,4:25,12h 55m,14,S M T W T F S,SL 3A 2A 1A 3E,847 km,66 km/hr,20156
22549,Gorakhpur - Prayagraj Vande Bharat Express,VB,NER,,,GKP,6:05,PRYJ,13:35,7h 30m,4,S M T W T F,CC Ex,497 km,66 km/hr,22550
22863,Howrah - SMVT Bengaluru AC SF Express (PT),ACSF,SER,,,HWH,10:30,SMVB,15:45,29h 15m,11,M,3A 2A 1A,1937 km,66 km/hr,22864
12304,Poorva Express (Via Patna) (PT),SF,ER,,,NDLS,17:40,HWH,17:00,23h 20m,23,S W T S,SL 3A 2A 1A,1531 km,66 km/hr,12303
22489,Varanasi - Meerut City Vande Bharat Express,VB,NR,,,BSB,9:10,MTC,21:05,11h 55m,5,S M W T F S,CC Ex,783 km,66 km/hr,22490
12266,Jammu Tawi - Delhi Sarai Rohilla Duronto Express,Drnt,NR,,,JAT,19:15,DEE,3:55,8h 40m,1,M W S,2S SL 3A 2A 1A,576 km,66 km/hr,12265
12265,Delhi Sarai Rohilla - Jammu Tawi Duronto Express,Drnt,NR,,,DEE,22:30,JAT,7:10,8h 40m,1,S T F,2S SL 3A 2A 1A,576 km,66 km/hr,12266
12676,Kovai SF Express,SF,SR,,,CBE,15:15,MAS,22:45,7h 30m,11,S M T W T F S,2S CC,495 km,66 km/hr,12675
22182,Hazrat Nizamuddin - Jabalpur Gondwana SF Express,SF,WCR,,,NZM,17:45,JBP,7:25,13h 40m,13,S M T W T F S,SL 3A 2A 1A 3E,904 km,66 km/hr,22181
20805,Andhra Pradesh Express (PT),SF,SCoR,,,VSKP,22:00,NDLS,5:40,31h 40m,19,S M T W T F S,SL 3A 2A 1A,2100 km,66 km/hr,20806
22546,Dehradun - Lucknow Jn. Vande Bharat Express,VB,NER,,,DDN,14:25,LJN,22:40,8h 15m,5,S T W T F S,CC Ex,545 km,66 km/hr,22545
22588,Banaras - Sealdah Amrit Bharat Express,AB,NER,23-Jan,,BNRS,22:10,SDAH,9:55,11h 45m,6,S T F,SL,772 km,66 km/hr,22587
12471,Swaraj Express (PT),SF,NR,,,BDTS,11:00,SVDK,17:50,30h 50m,29,S M T F,SL 3A 2A 1A 3E,2029 km,66 km/hr,12472
20835,Rourkela - Puri Vande Bharat Express,VB,ECoR,,,ROU,14:00,PURI,21:40,7h 40m,9,S M W T F S,CC Ex,506 km,66 km/hr,20836
12080,SSS Hubballi - K.S.R. Bengaluru Jan Shatabdi Express,JShtb,SWR,,,UBL,14:10,SBC,21:15,7h 5m,10,S M T W T F S,2S CC,470 km,66 km/hr,12079
22223,Mumbai CSMT - Sainagar Shirdi Vande Bharat Express,VB,CR,,,CSMT,6:20,SNSI,11:30,5h 10m,4,S M W T F S,CC Ex,343 km,66 km/hr,22224
12012,Kalka - New Delhi Shatabdi Express,Shtb,NR,,,KLK,17:45,NDLS,21:50,4h 5m,5,S M T W T F S,CC Ex,269 km,66 km/hr,12011
12636,Vaigai SF Express,SF,SR,,,MDU,6:45,MS,14:15,7h 30m,11,S M T W T F S,2S CC,493 km,66 km/hr,12635
12494,Darshan SF Express,SF,NR,,,NZM,21:40,MRJ,0:40,27h 0m,13,F,SL 3A 2A 1A,1794 km,66 km/hr,12493
22934,Jaipur - Bandra Terminus Weekly SF Express,SF,WR,,,JP,13:10,BDTS,6:30,17h 20m,13,T,SL 3A 2A 1A,1149 km,66 km/hr,22933
12940,Jaipur - Pune SF Express (PT),SF,NWR,,,JP,12:25,PUNE,8:05,19h 40m,12,T S,SL 3A 2A 1A 3E,1296 km,66 km/hr,12939
12074,Bhubaneswar - Howrah Jan Shatabdi Express,JShtb,ECoR,,,BBS,6:00,HWH,12:40,6h 40m,9,S M T W T F S,2S CC,437 km,66 km/hr,12073
12073,Howrah - Bhubaneswar Jan Shatabdi Express,JShtb,ECoR,,,HWH,13:25,BBS,20:00,6h 35m,9,S M T W T F S,2S CC,437 km,66 km/hr,12074
22490,Meerut City - Varanasi Vande Bharat Express,VB,NR,,,MTC,6:35,BSB,18:25,11h 50m,5,S M W T F S,CC Ex,783 km,66 km/hr,22489
22544,Lal Kuan - Bandra Terminus Weekly SF Express,SF,NER,,,LKU,7:45,BDTS,8:30,24h 45m,16,M,SL 3A 2A 3E,1625 km,66 km/hr,22543
22904,Bhuj - Bandra Terminus AC SF Express (PT),ACSF,WR,,,BHUJ,16:10,BDTS,4:55,12h 45m,7,M T S,3A 2A 1A 3E,840 km,66 km/hr,22903
20670,Pune - SSS Hubballi Vande Bharat Express,VB,SWR,,,PUNE,14:15,UBL,22:45,8h 30m,7,M T S,CC Ex,559 km,66 km/hr,20669
20655,Yesvantpur - SSS Hubballi Weekly SF Express,SF,SWR,,,YPR,0:15,UBL,7:15,7h 0m,6,S,SL 3A 2A,464 km,66 km/hr,20656
12825,Jharkhand Sampark Kranti Express (PT),SKr,SER,,,RNC,23:55,ANVT,19:35,19h 40m,7,M T,SL 3A 2A 1A 3E,1295 km,66 km/hr,12826
20669,SSS Hubballi - Pune Vande Bharat Express,VB,SWR,,,UBL,5:00,PUNE,13:30,8h 30m,7,S W F,CC Ex,559 km,66 km/hr,20670
20872,Rourkela - Howrah Vande Bharat Express,VB,SER,,,ROU,13:30,HWH,19:50,6h 20m,3,S M W T F S,CC Ex,412 km,65 km/hr,20871
12432,Hazrat Nizamuddin - Thiruvananthapuram Central Rajdhani Express,Raj,NR,,,NZM,6:16,TVC,1:50,43h 34m,20,S T W,3A 2A 1A,2845 km,65 km/hr,12431
12428,Anand Vihar Terminal - Rewa SF Express,SF,NR,,,ANVT,22:05,REWA,11:10,13h 5m,12,S M T W T F S,SL 3A 2A 1A 3E,849 km,65 km/hr,12427
22171,Pune - Rani Kamalapati Humsafar Express,Hms,WCR,,,PUNE,15:15,RKMP,4:50,13h 35m,7,S,3A,885 km,65 km/hr,22172
12606,Pallavan Superfast Express,SF,SR,,,KKDI,5:40,MS,12:15,6h 35m,12,S M T W T F S,2S CC,426 km,65 km/hr,12605
22587,Sealdah - Banaras Amrit Bharat Express,AB,NER,24-Jan,,SDAH,19:30,BNRS,7:20,11h 50m,6,M W S,SL,772 km,65 km/hr,22588
22402,MCTM Udhampur - Delhi Sarai Rohilla AC SF Express,ACSF,NR,,,MCTM,18:10,DEE,3:55,9h 45m,6,S T T,3A 2A 1A,629 km,65 km/hr,22401
22616,Coimbatore - Tirupati Intercity SF Express (PT),SF,SR,,,CBE,6:10,TPTY,13:25,7h 15m,8,S T T F,2S CC,470 km,65 km/hr,22615
12943,Udyogkarmi SF Express (PT),SF,WR,,,BL,22:20,CNB,18:25,20h 5m,11,W,SL 3A 2A,1304 km,65 km/hr,12944
12246,SMVT Bengaluru - Howrah Duronto Express,Drnt,SER,,,SMVB,11:15,HWH,17:05,29h 50m,5,S M T T F,2S SL 3A 2A 1A,1937 km,65 km/hr,12245
12823,Chhattisgarh Sampark Kranti Express (PT),SKr,SECR,,,DURG,12:15,NZM,7:50,19h 35m,10,M T S,SL 3A 2A 1A 3E,1273 km,65 km/hr,12824
12122,Madhya Pradesh Sampark Kranti Express,SKr,WCR,,,NZM,17:55,JBP,7:45,13h 50m,5,M T S,SL 3A 2A 1A 3E,904 km,65 km/hr,12121
20836,Puri - Rourkela Vande Bharat Express,VB,ECoR,,,PURI,5:00,ROU,12:45,7h 45m,9,S M W T F S,CC Ex,506 km,65 km/hr,20835
22545,Lucknow Jn. - Dehradun Vande Bharat Express,VB,NER,,,LJN,5:15,DDN,13:40,8h 25m,5,S T W T F S,CC Ex,545 km,65 km/hr,22546
22204,Secunderabad - Visakhapatnam AC Duronto Express,Drnt,SCR,,,SC,20:15,VSKP,6:30,10h 15m,2,M W S,3A 2A 1A,663 km,65 km/hr,22203
22864,SMVT Bengaluru - Howrah AC SF Express,ACSF,SER,,,SMVB,11:15,HWH,17:05,29h 50m,11,W,3A 2A 1A,1937 km,65 km/hr,22863
20806,Andhra Pradesh Express,SF,SCoR,,,NDLS,20:00,VSKP,4:20,32h 20m,19,S M T W T F S,SL 3A 2A 1A,2100 km,65 km/hr,20805
22346,Gomti Nagar - Patna Vande Bharat Express,VB,ECR,,,GTNR,15:20,PNBE,23:45,8h 25m,5,S M T W T S,CC Ex,545 km,65 km/hr,22345
12294,Prayagraj - Mumbai LTT AC Duronto Express,Drnt,CR,,,PRYJ,18:10,LTT,14:55,20h 45m,4,T S,3A 2A 1A,1342 km,65 km/hr,12293
12337,Shantiniketan Express,SF,ER,,,HWH,10:00,BHP,12:15,2h 15m,2,S M T W T F S,2S CC,146 km,65 km/hr,12338
20944,Bhagat Ki Kothi - Bandra Terminus Humsafar Express,Hms,WR,,,BGKT,17:10,BDTS,7:35,14h 25m,9,F,2S SL 3A,935 km,65 km/hr,20943
12985,Jaipur - Delhi Sarai Rohilla AC Double Decker Express,DD,NWR,,,JP,5:45,DEE,10:25,4h 40m,5,S M T W T F S,CC Ex,304 km,65 km/hr,12986
22123,Pune - Ajni (Nagpur) AC SF Express,ACSF,CR,,,PUNE,15:15,AJNI,4:50,13h 35m,9,F,2S 3A 2A 1A,882 km,65 km/hr,22124
12819,Odisha Sampark Kranti Express,SKr,ECoR,,,BBS,16:17,ANVT,19:35,27h 18m,11,S W,SL 3A 2A 1A,1784 km,65 km/hr,12820
20921,Bandra Terminus - Lucknow Jn. Weekly SF Express (PT),SF,WR,,,BDTS,12:15,LJN,14:20,26h 5m,20,S,SL 3A 2A 1A 3E,1684 km,65 km/hr,20922
12298,Pune - Ahmedabad Duronto Express,Drnt,CR,,,PUNE,21:00,ADI,6:40,9h 40m,3,M T S,2S 3A 2A 1A,629 km,65 km/hr,12297
12915,Ashram Express (PT),SF,WR,,,SBIB,19:45,DLI,10:00,14h 15m,18,S M T W T F S,SL 3A 2A 1A 3E,930 km,65 km/hr,12916
22126,Amritsar - Nagpur AC SF Express,ACSF,CR,,,ASR,4:00,NGP,3:45,23h 45m,9,M,3A 2A 1A,1541 km,65 km/hr,22125
12162,Lashkar SF Express (PT),SF,CR,,,AGC,19:45,LTT,16:05,20h 20m,17,S,SL 3A 2A,1330 km,65 km/hr,12161
12622,Tamil Nadu Express (PT),SF,SR,,,NDLS,21:05,MAS,6:35,33h 30m,10,S M T W T F S,SL 3A 2A 1A,2182 km,65 km/hr,12621
22941,Indore - MCTM Udhampur Weekly SF Express (PT),SF,WR,,,INDB,23:30,MCTM,22:20,22h 50m,17,M,SL 3A 2A 1A 3E,1476 km,65 km/hr,22942
12974,Jaipur - Indore SF Express (PT),SF,NWR,,,JP,21:00,INDB,6:25,9h 25m,7,S F,SL 3A 2A 1A 3E,600 km,64 km/hr,12973
22350,Ranchi - Patna Vande Bharat Express,VB,ECR,,,RNC,16:15,PNBE,22:10,5h 55m,6,S M W T F S,CC Ex,379 km,64 km/hr,22349
22456,Kalka - Sainagar Shirdi SF Express,SF,NR,,,KLK,17:20,SNSI,19:00,25h 40m,14,S T,SL 3A 2A,1637 km,64 km/hr,22455
12424,New Delhi - Dibrugarh Rajdhani Express (via New Tinsukia),Raj,NR,,,NDLS,16:20,DBRG,6:20,38h 0m,23,S M T W T F S,3A 2A 1A,2432 km,64 km/hr,12423
12423,Dibrugarh - New Delhi Rajdhani Express (via New Tinsukia) (PT),Raj,NR,,,DBRG,20:35,NDLS,10:30,37h 55m,23,S M T W T F S,3A 2A 1A,2432 km,64 km/hr,12424
12841,Coromandel Express (PT),SF,SER,,,HWH,15:10,MAS,17:00,25h 50m,14,S M T W T F S,SL 3A 2A 1A 3E,1662 km,64 km/hr,12842
12464,Jodhpur - Delhi Sarai Rohilla Rajasthan Sampark Kranti Express,SKr,NWR,,,JU,20:15,DEE,5:50,9h 35m,6,T,SL 3A 2A,614 km,64 km/hr,12463
12637,Pandian SF Express (PT),SF,SR,,,MS,21:40,MDU,5:25,7h 45m,9,S M T W T F S,SL 3A 2A 1A,493 km,64 km/hr,12638
22360,Mumbai CSMT - Patna Superfast Express (PT),SF,ECR,,,CSMT,11:05,PNBE,13:40,26h 35m,10,T F,SL 3A 2A 1A 3E,1708 km,64 km/hr,22359
12723,Telangana Express (PT),SF,SCR,,,HYB,6:00,NDLS,8:00,26h 0m,16,S M T W T F S,SL 3A 2A 1A,1677 km,64 km/hr,12724
22201,Sealdah - Puri Duronto Express,Drnt,ER,,,SDAH,20:00,PURI,4:10,8h 10m,2,M W F,2S SL 3A 2A 1A,519 km,64 km/hr,22202
12631,Nellai SF Express (PT),SF,SR,,,MS,20:50,TEN,7:00,10h 10m,13,S M T W T F S,SL 3A 2A 1A,650 km,64 km/hr,12632
12279,Taj Express,SF,NR,,,VGLJ,15:10,NDLS,21:35,6h 25m,10,S M T W T F S,2S CC,411 km,64 km/hr,12280
20906,Rewa - Ekta Nagar Mahamana Express,SF,WR,,,REWA,20:45,EKNR,17:40,20h 55m,15,S,SL 3A 2A 1A,1336 km,64 km/hr,20905
12649,Karnataka Sampark Kranti Express (Via Ballari) (PT),SKr,SWR,,,YPR,13:30,NZM,8:10,42h 40m,18,S M W F S,SL 3A 2A 1A,2747 km,64 km/hr,12650
12753,Marathwada Sampark Kranti Express,SKr,SCR,,,NED,9:00,NZM,10:30,25h 30m,9,T,SL 3A 2A,1626 km,64 km/hr,12754
12815,Nandan Kanan Express (PT),SF,ECoR,,,PURI,11:00,ANVT,15:10,28h 10m,27,M W T S,SL 3A 2A 1A 3E,1790 km,64 km/hr,12816
20889,Howrah - Tirupati Humsafar Express,Hms,SER,,,HWH,12:30,TPTY,13:55,25h 25m,10,S,3A,1618 km,64 km/hr,20890
12409,Raigarh - Hazrat Nizamuddin Gondwana Express (PT),SF,NR,,,RIG,3:25,NZM,5:00,25h 35m,34,M W T F S,SL 3A 2A 1A 3E,1629 km,64 km/hr,12410
12405,Bhusaval - Hazrat Nizamuddin Gondwana SF Express (PT),SF,NR,,,BSL,6:00,NZM,5:00,23h 0m,27,S T,SL 3A 2A 1A 3E,1478 km,64 km/hr,12406
22903,Bandra Terminus - Bhuj AC SF Express (PT),ACSF,WR,,,BDTS,23:45,BHUJ,12:50,13h 5m,7,S W F,3A 2A 1A 3E,840 km,64 km/hr,22904
12170,Solapur - Pune Intercity SF Express,SF,CR,,,SUR,14:00,PUNE,18:05,4h 5m,3,S M T W T F S,2S CC,262 km,64 km/hr,12169
22949,Bandra Terminus - Delhi Sarai Rohilla SF Express (PT),SF,WR,,,BDTS,14:40,DEE,11:45,21h 5m,25,W,SL 3A 2A 1A 3E,1348 km,64 km/hr,22950
20687,SSS Hubballi - KSR Bengaluru Superfast Express,SF,SWR,,,UBL,23:30,SBC,6:50,7h 20m,7,S M T W T F S,SL 3A 2A 1A,470 km,64 km/hr,20688
20898,Ranchi - Howrah Vande Bharat Express,VB,SER,,,RNC,6:00,HWH,13:10,7h 10m,6,S M W T F S,CC Ex,458 km,64 km/hr,20897
26901,Sabarmati BG - Veraval Vande Bharat Express,VB,WR,,,SBIB,6:00,VRL,12:55,6h 55m,8,S M T W F S,CC Ex,450 km,65 km/hr,26902
22345,Patna - Gomti Nagar Vande Bharat Express,VB,ECR,,,PNBE,6:05,GTNR,14:35,8h 30m,5,S M T W T S,CC Ex,545 km,64 km/hr,22346
12934,Karnavati Express (PT),SF,WR,,,ADI,5:00,BDTS,12:30,7h 30m,9,S M T W T F S,2S CC,482 km,64 km/hr,12933
12627,Karnataka Express (PT),SF,SWR,,,SBC,19:20,NDLS,9:00,37h 40m,33,S M T W T F S,SL 3A 2A 1A,2392 km,64 km/hr,12628
22825,Shalimar - MGR Chennai Central Weekly SF Express (PT),SF,SER,,,SHM,12:10,MAS,14:05,25h 55m,22,T,SL 3A 2A,1659 km,64 km/hr,22826
12319,Kolkata - Gwalior SF Express (PT),SF,ER,,,KOAA,13:10,GWL,13:10,24h 0m,16,W,SL 3A 2A 1A 3E,1539 km,64 km/hr,12320
22457,Anand Vihar Terminal - Dehradun Vande Bharat Express,VB,NR,,,ANVT,17:50,DDN,22:35,4h 45m,6,S M T W F S,CC Ex,302 km,64 km/hr,22458
22458,Dehradun - Anand Vihar Terminal Vande Bharat Express,VB,NR,,,DDN,7:00,ANVT,11:45,4h 45m,6,S M T W F S,CC Ex,302 km,64 km/hr,22457
12962,Avantika SF Express (PT),SF,WR,,,INDB,17:45,MMCT,6:40,12h 55m,17,S M T W T F S,SL 3A 2A 1A 3E,830 km,64 km/hr,12961
12061,Rani Kamalapati - Madan Mahal Jan Shatabdi Express,JShtb,WCR,,,RKMP,17:40,MML,22:45,5h 5m,7,S M T W T F S,2S CC EV,327 km,64 km/hr,12062
12023,Howrah - Patna Jan Shatabdi Express (PT),JShtb,ECR,,,HWH,14:05,PNBE,22:20,8h 15m,14,M T W T F S,2S CC,532 km,64 km/hr,12024
20821,Pune - Santragachi Humsafar Express,Hms,SER,,,PUNE,10:40,SRC,19:00,32h 20m,13,M,3A,2057 km,64 km/hr,20822
12651,Tamil Nadu Sampark Kranti Express (PT),SKr,SR,,,MDU,1:05,NZM,18:35,41h 30m,13,S T,SL 3A 2A,2672 km,64 km/hr,12652
22213,Shalimar - Patna Duronto Express,Drnt,SER,,,SHM,21:50,PNBE,6:15,8h 25m,2,M W F,2S 3A 2A 1A,536 km,64 km/hr,22214
15057,Gorakhpur - Anand Vihar Terminal Weekly Express,Exp,NER,,,GKP,20:55,ANVT,10:40,13h 45m,6,T,SL 3A 2A 1A 3E,748 km,54 km/hr,15058
20654,Belagavi - KSR Bengaluru SF Express,SF,SWR,,,BGM,22:00,SBC,7:30,9h 30m,6,S M T W T F S,SL 3A 2A 1A 3E,612 km,64 km/hr,20653
12938,Garba SF Express (PT),SF,WR,,,HWH,23:00,GIMB,14:15,39h 15m,18,M,SL 3A 2A,2514 km,64 km/hr,12937
12188,Mumbai CSMT - Jabalpur Garib Rath Express,GR,WCR,,,CSMT,13:30,JBP,5:05,15h 35m,14,S T T,3A,992 km,64 km/hr,12187
22968,Prayagraj - Ahmedabad Weekly SF Express (PT),SF,WR,,,PRYJ,18:50,ADI,18:10,23h 20m,19,F,SL 3A 2A,1483 km,64 km/hr,22967
12323,Howrah - Barmer SF Express (PT),SF,ER,,,HWH,18:50,BME,6:30,35h 40m,24,T F,SL 3A 2A 1A,2279 km,64 km/hr,12324
12818,Jharkhand Swarna Jayanti Express (via Gomoh),SF,SER,,,ANVT,20:45,HTE,17:15,20h 30m,17,M T S,SL 3A 2A 1A 3E,1302 km,64 km/hr,12817
12368,Vikramshila Express (PT),SF,ER,,,ANVT,13:15,BGP,8:15,19h 0m,21,S M T W T F S,SL 3A 2A 1A 3E,1208 km,64 km/hr,12367
12474,Sarvodaya SF Express,SF,NR,,,SVDK,9:40,GIMB,17:30,31h 50m,29,T,SL 3A 2A 1A 3E,2037 km,64 km/hr,12473
22938,Rewa - Rajkot SF Express,SF,WR,,,REWA,20:45,RJT,22:20,25h 35m,22,M,SL 3A 2A 1A 3E,1601 km,63 km/hr,22937
20401,Varanasi - Lucknow SF Shuttle Express,SF,NR,,,BSB,5:40,LKO,10:10,4h 30m,10,S M T W T F S,2S SL CC 3A,283 km,63 km/hr,20402
12415,Indore - New Delhi Intercity SF Express (PT),SF,NR,,,INDB,17:10,NDLS,6:20,13h 10m,20,S M T W T F S,SL 3A 2A 1A 3E,826 km,63 km/hr,12416
12444,Anand Vihar Terminal - Haldia SF Express,SF,NR,,,ANVT,20:20,HLZ,21:15,24h 55m,12,T,SL 3A 1A 3E,1576 km,63 km/hr,12443
12357,Durgiana Express (PT),SF,ER,,,KOAA,12:10,ASR,17:20,29h 10m,17,T S,SL 3A 2A 1A 3E,1835 km,63 km/hr,12358
12754,Marathwada Sampark Kranti Express,SKr,SCR,,,NZM,22:40,NED,0:35,25h 55m,9,W,SL 3A 2A,1626 km,63 km/hr,12753
12707,Andhra Pradesh Sampark Kranti Express (PT),SKr,SCoR,,,TPTY,6:00,NZM,18:35,36h 35m,20,M W F,SL 3A 2A 1A,2304 km,63 km/hr,12708
20156,New Delhi - Dr. Ambedkar Nagar SF Express,SF,WCR,,,NDLS,23:25,DADN,12:50,13h 25m,14,S M T W T F S,SL 3A 2A 1A 3E,847 km,63 km/hr,20155
21896,Patna - Tatanagar Vande Bharat Express (via Gomoh),VB,SER,,,PNBE,16:45,TATA,23:55,7h 10m,7,S,CC Ex,450 km,63 km/hr,21895
12277,Howrah - Puri Shatabdi Express,Shtb,ECoR,,,HWH,14:15,PURI,22:10,7h 55m,6,S M T W T F S,CC Ex,500 km,63 km/hr,12278
12476,Shri Mata Vaishno Devi Katra - Hapa SF Express,SF,NR,,,SVDK,9:40,HAPA,18:30,32h 50m,32,M,SL 3A 2A 1A 3E,2059 km,63 km/hr,12475
22462,Shri Shakti AC SF Express (PT),ACSF,NR,,,SVDK,23:25,NDLS,9:50,10h 25m,6,S M T W T F S,3A 2A 1A,655 km,63 km/hr,22461
22710,Amb Andaura - Hazur Sahib Nanded Weekly SF Express (PT),SF,SCR,,,AADR,15:50,NED,21:40,29h 50m,24,T,SL 3A 2A 1A,1884 km,63 km/hr,22709
22807,Santragachi - MGR Chennai Central AC SF Express (PT),ACSF,SER,,,SRC,17:55,MAS,20:20,26h 25m,16,T F,3A 2A 1A,1655 km,63 km/hr,22808
12615,Grand Trunk Express (PT),SF,SR,,,MAS,18:15,NDLS,5:10,34h 55m,37,S M T W T F S,SL 3A 2A 1A,2182 km,63 km/hr,12616
12308,Jodhpur - Howrah Superfast Express (PT),SF,ER,,,JU,23:55,HWH,4:55,29h 0m,28,M T T F,SL 3A 2A 1A,1815 km,63 km/hr,12307
12220,Secunderabad - Mumbai LTT AC Duronto Express,Drnt,SCR,,,SC,23:05,LTT,11:15,12h 10m,5,T F,3A 2A 1A,770 km,63 km/hr,12219
22581,Ballia - New Delhi Superfast Express (PT),SF,NER,,,BUI,19:30,NDLS,9:45,14h 15m,9,T W,SL 3A 2A 1A 3E,896 km,63 km/hr,22582
22972,Patna - Bandra Terminus SF Express (PT),SF,WR,,,PNBE,23:20,BDTS,4:45,29h 25m,13,W,SL 3A 2A 1A 3E,1841 km,63 km/hr,22971
22434,Suhaildev SF Express (via Prayagraj),SF,NR,,,ANVT,20:20,GCT,9:30,13h 10m,9,M F,SL 3A 2A 1A 3E,834 km,63 km/hr,22433
20653,KSR Bengaluru - Belagavi SF Express (PT),SF,SWR,,,SBC,21:00,BGM,6:40,9h 40m,6,S M T W T F S,SL 3A 2A 1A 3E,612 km,63 km/hr,20654
22853,Shalimar - Visakhapatnam SF Express,SF,SER,,,SHM,18:15,VSKP,8:15,14h 0m,14,T,SL 3A 2A 1A 3E,879 km,63 km/hr,22854
22463,Delhi Sarai Rohilla - Bikaner Rajasthan Sampark Kranti Express,SKr,NWR,,,DEE,21:25,BKN,8:15,10h 50m,9,S F,SL 3A 2A,682 km,63 km/hr,22464
12675,Kovai SF Express,SF,SR,,,MAS,6:10,CBE,14:05,7h 55m,10,S M T W T F S,2S CC,495 km,63 km/hr,12676
22867,Durg - Hazrat Nizamuddin Humsafar Express (PT),Hms,SECR,,,DURG,11:00,NZM,7:10,20h 10m,14,T F,3A,1273 km,63 km/hr,22868
12215,Delhi Sarai Rohilla - Bandra Terminus Garib Rath Express (PT),GR,NR,,,DEE,8:55,BDTS,7:35,22h 40m,22,M T T S,3A,1436 km,63 km/hr,12216
12650,Karnataka Sampark Kranti Express (Via Ballari) (PT),SKr,SWR,,,NZM,8:20,YPR,4:15,43h 55m,18,S M T T S,SL 3A 2A 1A,2746 km,63 km/hr,12649
12278,Puri - Howrah Shatabdi Express,Shtb,ECoR,,,PURI,5:45,HWH,13:40,7h 55m,6,S M T W T F S,CC Ex,500 km,63 km/hr,12277
12486,Shri Ganganagar - Hazur Sahib Nanded SF Express (via Abohar),SF,NWR,,,SGNR,14:30,NED,21:40,31h 10m,27,T S,SL 3A 2A 3E,1960 km,63 km/hr,12485
22455,Sainagar Shirdi - Kalka SF Express (PT),SF,NR,,,SNSI,10:00,KLK,12:10,26h 10m,14,T S,SL 3A 2A,1637 km,63 km/hr,22456
12283,Ernakulam Junction. - Hazrat Nizamuddin Duronto Express,Drnt,NR,,,ERS,23:25,NZM,17:20,41h 55m,10,T,2S SL 3A 2A 1A,2639 km,63 km/hr,12284
20822,Santragachi - Pune Humsafar Express,Hms,SER,,,SRC,17:55,PUNE,2:45,32h 50m,13,S,3A,2057 km,63 km/hr,20821
12716,Sachkhand Express,SF,SCR,,,ASR,5:30,NED,14:35,33h 5m,36,S M T W T F S,SL 3A 2A 1A,2081 km,63 km/hr,12715
22855,Santragachi - Tirupati Weekly SF Express (PT),SF,SER,,,SRC,14:55,TPTY,16:25,25h 30m,16,S,SL 3A 2A,1610 km,63 km/hr,22856
20601,MGR Chennai Central - Bodinayakkanur SF Express (PT),SF,SR,,,MAS,22:30,BDNK,8:50,10h 20m,9,S M T W T F,SL 3A 2A 1A,646 km,63 km/hr,20602
12652,Tamil Nadu Sampark Kranti Express,SKr,SR,,,NZM,5:20,MDU,0:05,42h 45m,13,T T,SL 3A 2A,2672 km,63 km/hr,12651
22405,Bhagalpur - Anand Vihar Terminal Garib Rath Express (PT),GR,NR,,,BGP,13:55,ANVT,9:00,19h 5m,18,T T S,3A,1208 km,63 km/hr,22406
20437,Prayagraj - Udhna Amrit Bharat Express,AB,NCR,24-Aug,,PRYJ,5:20,UDN,4:05,22h 45m,14,M,SL,1440 km,63 km/hr,20438
20162,Jabalpur - Pune Weekly SF Express,SF,WCR,,,JBP,13:50,PUNE,6:25,16h 35m,12,S,SL 3A 2A,1044 km,63 km/hr,20161
22917,Bandra Terminus - Haridwar SF Express (PT),SF,WR,,,BDTS,12:45,HW,14:30,25h 45m,24,W,SL 3A 2A 1A 3E,1619 km,63 km/hr,22918
22603,Kharagpur - Villupuram SF Express (PT),SF,SR,,,KGP,14:00,VM,19:05,29h 5m,18,T,SL 3A 2A,1832 km,63 km/hr,22604
12632,Nellai SF Express (PT),SF,SR,,,TEN,20:50,MS,7:10,10h 20m,14,S M T W T F S,SL 3A 2A 1A,650 km,63 km/hr,12631
12473,Sarvodaya SF Express (PT),SF,NR,,,GIMB,9:35,SVDK,17:50,32h 15m,29,S,SL 3A 2A 1A 3E,2037 km,63 km/hr,12474
12172,Haridwar - Mumbai LTT AC SF Express,ACSF,CR,,,HW,17:20,LTT,21:30,28h 10m,11,T F,3A 2A 1A,1769 km,63 km/hr,12171
18041,Shalimar - M.G.R. Chennai Central Express,Exp,SER,,,SHM,14:45,MAS,16:45,26h 0m,16,M,SL 3A 2A,1644 km,63 km/hr,18042
12820,Odisha Sampark Kranti Express,SKr,ECoR,,,ANVT,8:00,BBS,12:20,28h 20m,11,T F,SL 3A 2A 1A,1784 km,63 km/hr,12819
12916,Ashram Express (PT),SF,WR,,,DLI,14:55,SBIB,5:45,14h 50m,18,S M T W T F S,SL 3A 2A 1A 3E,930 km,63 km/hr,12915
12641,Thirukkural SF Express (PT),SF,SR,,,CAPE,20:30,NZM,18:35,46h 5m,21,W F,SL 3A 2A,2919 km,63 km/hr,12642
12679,MGR Chennai Central - Coimbatore InterCity SF Express,SF,SR,,,MAS,14:30,CBE,22:20,7h 50m,11,S M T W T F S,2S CC,495 km,63 km/hr,12680
22540,Anand Vihar Terminal - Mau SF Express (Via Sultanpur),SF,NER,,,ANVT,16:45,MAU,6:20,13h 35m,6,W S,SL 3A 2A 1A 3E,851 km,63 km/hr,22539
12572,Anand Vihar Terminal - Gorakhpur Humsafar Express (via Barhni),Hms,NER,,,ANVT,20:00,GKP,9:15,13h 15m,8,S M T S,3A,839 km,63 km/hr,12571
12341,Agnibina Express,SF,ER,,,HWH,18:20,ASN,21:30,3h 10m,6,S M T W T F S,2S CC,200 km,63 km/hr,12342
20410,Bathinda - Delhi Cantt. SF Express,SF,NWR,,,BTI,15:55,DEC,20:45,4h 50m,7,S M T W T F S,SL 3A 2A 1A,299 km,62 km/hr,20409
12595,Gorakhpur - Anand Vihar Terminal Humsafar Express (via Basti),Hms,NER,,,GKP,20:00,ANVT,8:25,12h 25m,4,M T T,3A,769 km,62 km/hr,12596
20986,MCTM Udhampur - Kota Weekly SF Express,SF,WCR,,,MCTM,18:45,KOTA,12:40,17h 55m,18,T,SL 3A 2A 1A 3E,1112 km,62 km/hr,20985
22499,Deoghar - Varanasi Vande Bharat Express,VB,NR,,,DGHR,15:10,BSB,22:30,7h 20m,6,S M W T F S,CC Ex,456 km,62 km/hr,22500
20412,Saharanpur - Delhi MEMU SF Express (UnReserved),SF,NR,,,SRE,19:15,DLI,22:10,2h 55m,4,S M T W T F S,,181 km,62 km/hr,20411
26504,Gomti Nagar - Saharanpur Vande Bharat Express,VB,NER,,,GTNR,15:10,SRE,23:50,8h 40m,7,S T W T F S,CC Ex,535 km,62 km/hr,26503
12431,Thiruvananthapuram Central - Hazrat Nizamuddin Rajdhani Express,Raj,NR,,,TVC,14:40,NZM,12:30,45h 50m,20,T T F,3A 2A 1A,2845 km,62 km/hr,12432
12547,Agra Cantt. - Gandhigram SF Express (PT),SF,NCR,,,AGC,22:00,GG,12:00,14h 0m,14,M T T F,SL 3A 2A 3E,867 km,62 km/hr,12548
12605,Pallavan Superfast Express,SF,SR,,,MS,15:40,KKDI,22:30,6h 50m,12,S M T W T F S,2S CC,426 km,62 km/hr,12606
12681,MGR Chennai Central - Coimbatore Weekly SF Express (PT),SF,SR,,,MAS,22:30,CBE,6:30,8h 0m,6,S,SL 3A 2A,495 km,62 km/hr,12682
12744,Vikramasimhapuri Amaravati Intercity Express,SF,SCoR,,,BZA,18:00,GDR,22:45,4h 45m,7,S M T W T F S,2S CC 3E,294 km,62 km/hr,12743
22633,Thiruvananthapuram Central - Hazrat Nizamuddin SF Express (Via Alappuzha) (PT),SF,SR,,,TVC,14:40,NZM,12:30,45h 50m,27,W,SL 3A 2A 3E,2845 km,62 km/hr,22634
12804,Hazrat Nizamuddin - Visakhapatnam Swarna Jayanti Express,SF,SCoR,,,NZM,5:10,VSKP,14:45,33h 35m,18,S W,SL 3A 2A 1A,2093 km,62 km/hr,12803
22428,Bhrigu Superfast Express,SF,NR,,,ANVT,23:55,BUI,14:05,14h 10m,8,S,SL 3A 2A 3E,883 km,62 km/hr,22427
12171,Mumbai LTT - Haridwar AC SF Express (PT),ACSF,CR,,,LTT,7:55,HW,12:35,28h 40m,11,M T,3A 2A 1A,1769 km,62 km/hr,12172
12935,Bandra Terminus - Surat InterCity Express,SF,WR,,,BDTS,6:35,ST,10:40,4h 5m,10,S M T W T F S,2S CC,252 km,62 km/hr,12936
20947,Ahmedabad - Ekta Nagar Jan Shatabdi Express,JShtb,WR,,,ADI,7:55,EKNR,10:50,2h 55m,3,S M T W T F S,2S CC Ex EV,182 km,62 km/hr,20950
22543,Bandra Terminus - Lal Kuan Weekly SF Express (PT),SF,NER,,,BDTS,11:00,LKU,13:20,26h 20m,16,T,SL 3A 2A 3E,1625 km,62 km/hr,22544
22658,Kanniyakumari - Tambaram SF Express (PT),SF,SR,,,CAPE,16:35,TBM,4:10,11h 35m,12,M T T,SL 3A 2A 1A,715 km,62 km/hr,22657
12382,Poorva Express (Via Gaya) (PT),SF,ER,,,NDLS,17:40,HWH,17:00,23h 20m,20,M T F,SL 3A 2A 1A,1451 km,62 km/hr,12381
12694,Pearl City Superfast Express (PT),SF,SR,,,TN,21:05,MS,7:35,10h 30m,19,S M T W T F S,SL 3A 2A 1A,652 km,62 km/hr,12693
12440,Shri Ganganagar - Hazur Sahib Nanded SF Express (Via Hanumangarh),SF,NWR,,,SGNR,13:25,NED,21:40,32h 15m,27,F,SL 3A 2A 3E,1993 km,62 km/hr,12439
12638,Pandian SF Express (PT),SF,SR,,,MDU,21:25,MS,5:20,7h 55m,10,S M T W T F S,SL 3A 2A 1A,493 km,62 km/hr,12637
20673,SCSMT Kolhapur - Pune Vande Bharat Express,VB,SWR,,,KOP,8:15,PUNE,13:30,5h 15m,5,M T S,CC Ex,326 km,62 km/hr,20674
12752,Jammu Tawi - Hazur Sahib Nanded Humsafar Express,Hms,SCR,,,JAT,5:45,NED,15:55,34h 10m,24,S,SL 3A,2103 km,62 km/hr,12751
12089,KSR Bengaluru - Shivamogga Town Janshatabdi Express,JShtb,SWR,,,SBC,17:15,SMET,21:40,4h 25m,8,S M T W T F S,2S CC,274 km,62 km/hr,12090
22461,Shri Shakti AC SF Express,ACSF,NR,,,NDLS,19:05,SVDK,5:40,10h 35m,6,S M T W T F S,3A 2A 1A,655 km,62 km/hr,22462
22547,Gwalior - Gandhigram SF Express (PT),SF,NCR,,,GWL,20:10,GG,12:00,15h 50m,17,S W S,SL 3A 2A 3E,985 km,62 km/hr,22548
22449,Guwahati - New Delhi Poorvottar Sampark Kranti Express (PT),SKr,NR,,,GHY,6:10,NDLS,12:50,30h 40m,12,W S,SL 3A 2A 1A 3E,1898 km,62 km/hr,22450
20943,Bandra Terminus - Bhagat Ki Kothi Humsafar Express (PT),Hms,WR,,,BDTS,21:45,BGKT,12:55,15h 10m,9,T,2S SL 3A,935 km,62 km/hr,20944
22401,Delhi Sarai Rohilla - MCTM Udhampur AC SF Express,ACSF,NR,,,DEE,22:30,MCTM,8:40,10h 10m,6,M W S,3A 2A 1A,629 km,62 km/hr,22402
12673,Cheran SF Express (PT),SF,SR,,,MAS,22:00,CBE,6:00,8h 0m,7,S M T W T F S,SL 3A 2A 1A,495 km,62 km/hr,12674
22808,MGR Chennai Central - Santragachi AC SF Express (PT),ACSF,SER,,,MAS,8:15,SRC,10:55,26h 40m,16,S T,3A 2A 1A,1655 km,62 km/hr,22807
12711,Pinakini SF Express (PT),SF,SCoR,,,BZA,6:10,MAS,13:05,6h 55m,12,S M T W T F S,2S CC 3E,431 km,62 km/hr,12712
12324,Barmer - Howrah SF Express (PT),SF,ER,,,BME,17:00,HWH,5:45,36h 45m,24,W S,SL 3A 2A 1A,2279 km,62 km/hr,12323
12406,Hazrat Nizamuddin - Bhusaval Gondwana SF Express,SF,NR,,,NZM,15:05,BSL,15:05,24h 0m,27,S F,SL 3A 2A 1A 3E,1478 km,62 km/hr,12405
12760,Charminar Express (PT),SF,SCR,,,HYB,18:00,MSB,6:40,12h 40m,15,S M T W T F S,SL 3A 2A 1A,789 km,62 km/hr,12759
20416,Kashi Mahakal SF Express (via Prayagraj) (PT),SF,NR,,,INDB,10:15,BSB,3:40,17h 25m,8,M,SL 3A 2A 1A 3E,1082 km,62 km/hr,20415
12740,Secunderabad - Visakhapatnam Garib Rath Express (PT),GR,SCR,,,SC,20:30,VSKP,7:50,11h 20m,9,S M T W T F S,3A,698 km,62 km/hr,12739
12743,Vikramasimhapuri Amaravati Intercity Express,SF,SCoR,,,GDR,6:00,BZA,10:45,4h 45m,7,S M T W T F S,2S CC 3E,294 km,62 km/hr,12744
20645,Madgaon - Mangaluru Central Vande Bharat Express,VB,SR,,,MAO,17:35,MAQ,22:45,5h 10m,2,S M T W F S,CC Ex,319 km,62 km/hr,20646
12860,Gitanjali Express (PT),SF,SER,,,HWH,13:40,CSMT,21:20,31h 40m,24,S M T W T F S,SL 3A 2A 3E,1964 km,62 km/hr,12859
12859,Gitanjali Express (PT),SF,SER,,,CSMT,6:00,HWH,13:50,31h 50m,25,S M T W T F S,SL 3A 2A 3E,1964 km,62 km/hr,12860
22625,MGR Chennai Central - KSR Bengaluru Double Decker Express,DD,SR,,,MAS,7:25,SBC,13:10,5h 45m,10,S M T W T F S,2S CC,359 km,62 km/hr,22626
22833,Bhubaneswar - SMVT Bengaluru Humsafar Express,Hms,ECoR,,,BBS,12:10,SMVB,12:45,24h 35m,18,W,3A,1516 km,62 km/hr,22834
12801,Purushottam Express (PT),SF,ECoR,,,PURI,21:55,ANVT,3:50,29h 55m,31,S M T W T F S,SL 3A 2A 1A 3E,1845 km,62 km/hr,12802
22887,Howrah - SMVT Bengaluru Humsafar Express (PT),Hms,SER,,,HWH,12:30,SMVB,19:50,31h 20m,16,T,3A,1953 km,62 km/hr,22888
20897,Howrah - Ranchi Vande Bharat Express,VB,SER,,,HWH,14:35,RNC,22:00,7h 25m,6,S M W T F S,CC Ex,458 km,62 km/hr,20898
12358,Durgiana Express,SF,ER,,,ASR,5:55,KOAA,11:35,29h 40m,17,M T,SL 3A 2A 1A,1834 km,62 km/hr,12357
12367,Vikramshila Express (PT),SF,ER,,,BGP,11:55,ANVT,7:20,19h 25m,21,S M T W T F S,SL 3A 2A 1A 3E,1208 km,62 km/hr,12368
12625,Kerala Express (PT),SF,SR,,,TVC,12:15,NDLS,13:30,49h 15m,42,S M T W T F S,SL 3A 2A 3E,3031 km,62 km/hr,12626
22308,Bikaner - Howrah SF Express (PT),SF,ER,,,BKN,22:30,HWH,4:55,30h 25m,30,S W S,SL 3A 2A 1A,1883 km,62 km/hr,22307
12402,Nanda Devi AC SF Express,ACSF,NR,,,DDN,22:45,KOTA,10:35,11h 50m,12,S M T W T F S,3A 2A 1A,731 km,62 km/hr,12401
20409,Delhi Cantt. - Bathinda SF Express,SF,NWR,,,DEC,7:40,BTI,12:30,4h 50m,7,S M T W T F S,SL 3A 2A 1A,299 km,62 km/hr,20410
12216,Bandra Terminus - Delhi Sarai Rohilla Garib Rath Express (PT),GR,NR,,,BDTS,12:00,DEE,11:00,23h 0m,22,S T W F,3A,1436 km,62 km/hr,12215
22404,New Delhi - Puducherry SF Express,SF,NR,,,NDLS,23:15,PDY,13:35,38h 20m,13,S,SL 3A 2A 1A,2383 km,62 km/hr,22403
12422,Amritsar - Hazur Sahib Nanded SF Express,SF,NR,,,ASR,14:30,NED,21:40,31h 10m,23,M,SL 3A 2A 3E,1936 km,62 km/hr,12421
22403,Puducherry - New Delhi SF Express,SF,NR,,,PDY,9:55,NDLS,0:20,38h 25m,13,W,SL 3A 2A 1A,2383 km,62 km/hr,22404
22802,MGR Chennai Central - Visakhapatnam Weekly SF Express (PT),SF,SCoR,,,MAS,10:00,VSKP,22:30,12h 30m,13,S,SL 3A 2A,781 km,62 km/hr,22801
22349,Patna - Ranchi Vande Bharat Express,VB,ECR,,,PNBE,7:00,RNC,13:05,6h 5m,6,S M W T F S,CC Ex,379 km,62 km/hr,22350
22942,MCTM Udhampur - Indore Weekly SF Express,SF,WR,,,MCTM,11:20,INDB,11:15,23h 55m,17,W,SL 3A 2A 1A 3E,1476 km,62 km/hr,22941
12642,Thirukkural SF Express (PT),SF,SR,,,NZM,5:20,CAPE,4:05,46h 45m,21,M S,SL 3A 2A,2919 km,62 km/hr,12641
12571,Gorakhpur - Anand Vihar Terminal Humsafar Express (via Barhni),Hms,NER,,,GKP,18:50,ANVT,8:25,13h 35m,8,S W F S,3A,839 km,62 km/hr,12572
22870,MGR Chennai Central - Visakhapatnam Weekly SF Express (PT),SF,SCoR,,,MAS,10:00,VSKP,22:30,12h 30m,11,T,SL 3A 2A,781 km,62 km/hr,22869
22901,Bandra Terminus - Udaipur City SF Express (PT),SF,WR,,,BDTS,23:25,UDZ,14:40,15h 15m,14,T T S,SL 3A 2A 1A 3E,945 km,62 km/hr,22902
22500,Varanasi - Deoghar Vande Bharat Express,VB,NR,,,BSB,6:20,DGHR,13:40,7h 20m,6,S M W T F S,CC Ex,456 km,62 km/hr,22499
12852,MGR Chennai Central - Bilaspur Weekly SF Express (PT),SF,SECR,,,MAS,15:40,BSP,14:30,22h 50m,14,M,SL 3A 2A 1A 3E,1414 km,62 km/hr,12851
22585,Banaras - Gandhinagar Capital SF Express,SF,NER,,,BNRS,15:10,GNC,15:20,24h 10m,12,W,SL 3A 2A 1A 3E,1496 km,62 km/hr,22586
12478,Shri Mata Vaishno Devi Katra - Jamnagar SF Express,SF,NR,,,SVDK,9:40,JAM,18:45,33h 5m,32,S,SL 3A 2A 1A 3E,2068 km,62 km/hr,12477
12477,Jamnagar - Shri Mata Vaishno Devi Katra SF Express (PT),SF,NR,,,JAM,8:30,SVDK,17:50,33h 20m,32,W,SL 3A 2A 1A 3E,2068 km,62 km/hr,12478
12475,Hapa - Shri Mata Vaishno Devi Katra SF Express (PT),SF,NR,,,HAPA,8:45,SVDK,17:50,33h 5m,32,T,SL 3A 2A 1A 3E,2059 km,62 km/hr,12476
12016,Daurai (Ajmer) - New Delhi Shatabdi Express,Shtb,NR,,,DOZ,15:15,NDLS,22:30,7h 15m,9,S M T W T F S,CC Ex,451 km,62 km/hr,12015
12973,Indore - Jaipur SF Express,SF,NWR,,,INDB,22:20,JP,8:00,9h 40m,7,M S,SL 3A 2A 1A 3E,600 km,62 km/hr,12974
12219,Mumbai LTT - Secunderabad AC Duronto Express,Drnt,SCR,,,LTT,23:05,SC,11:30,12h 25m,5,W S,3A 2A 1A,770 km,62 km/hr,12220
20922,Lucknow Jn. - Bandra Terminus Weekly SF Express (PT),SF,WR,,,LJN,17:50,BDTS,20:55,27h 5m,20,S,SL 3A 2A 1A 3E,1684 km,62 km/hr,20921
22877,Howrah - Ernakulam Antyodaya Express,Ant,SER,,,HWH,14:45,ERS,3:30,36h 45m,23,S,,2288 km,62 km/hr,22878
22306,Jasidih - SMVT Bengaluru Weekly SF Express (PT),SF,ER,,,JSME,7:10,SMVB,20:10,37h 0m,19,F,SL 3A 2A 1A,2307 km,62 km/hr,22305
20436,Prayagraj - Mumbai LTT Amrit Bharat Express,AB,NCR,21-Aug,,PRYJ,18:10,LTT,15:45,21h 35m,5,F,SL,1342 km,62 km/hr,20435
22444,Bandra Terminus - Kanpur Central SF Express (PT),SF,NCR,,,BDTS,5:10,CNB,7:10,26h 0m,20,F,SL 3A 2A 3E,1613 km,62 km/hr,22443
22586,Gandhinagar Capital - Banaras SF Express (PT),SF,NER,,,GNC,23:15,BNRS,23:30,24h 15m,12,T,SL 3A 2A 1A 3E,1496 km,62 km/hr,22585
20957,Indore - Hisar SF Express (PT),SF,WR,,,INDB,16:45,HSR,9:20,16h 35m,15,S W F,SL 3A 2A 1A 3E,1022 km,62 km/hr,20958
12307,Howrah - Jodhpur Superfast Express (PT),SF,ER,,,HWH,23:30,JU,5:15,29h 45m,28,S T W S,SL 3A 2A 1A,1814 km,61 km/hr,12308
22665,KSR Bengaluru - Coimbatore Uday Express,Udy,SR,,,SBC,14:15,CBE,21:05,6h 50m,7,S M T W T F S,2S CC,420 km,61 km/hr,22666
20415,Kashi Mahakal SF Express (via Prayagraj),SF,NR,,,BSB,15:15,INDB,9:00,17h 45m,8,S,SL 3A 2A 1A 3E,1082 km,61 km/hr,20416
12990,Ajmer - Dadar Western SF Express (PT),SF,NWR,,,AII,20:45,DDR,12:50,16h 5m,20,S W F,SL 3A 2A 3E,980 km,61 km/hr,12989
21895,Tatanagar - Patna Vande Bharat Express (via Gomoh),VB,SER,,,TATA,5:25,PNBE,12:45,7h 20m,7,M,CC Ex,450 km,61 km/hr,21896
12429,Lucknow - New Delhi AC SF Express,ACSF,NR,,,LKO,23:30,NDLS,7:30,8h 0m,4,S M T W T F S,3A 2A 1A 3E,491 km,61 km/hr,12430
12653,Rock Fort SF Express (PT),SF,SR,,,MS,23:30,TPJ,5:00,5h 30m,11,S M T W T F S,SL 3A 2A 1A,337 km,61 km/hr,12654
12674,Cheran SF Express (PT),SF,SR,,,CBE,22:50,MAS,7:00,8h 10m,7,S M T W T F S,SL 3A 2A 1A,495 km,61 km/hr,12673
12154,Rani Kamalapati - Mumbai LTT Weekly SF Express (PT),SF,CR,,,RKMP,18:00,LTT,7:25,13h 25m,7,F,SL 3A 2A,816 km,61 km/hr,12153
21894,Patna - Tatanagar Vande Bharat Express (via Barkakana),VB,SER,,,PNBE,13:20,TATA,23:55,10h 35m,7,M,CC Ex,642 km,61 km/hr,21893
12693,Pearl City Superfast Express (PT),SF,SR,,,MS,19:15,TN,5:55,10h 40m,18,S M T W T F S,SL 3A 2A 1A,652 km,61 km/hr,12694
22657,Tambaram - Kanniyakumari SF Express (PT),SF,SR,,,TBM,19:30,CAPE,7:15,11h 45m,12,S M W,SL 3A 2A 1A,715 km,61 km/hr,22658
12430,New Delhi - Lucknow AC SF Express,ACSF,NR,,,NDLS,23:25,LKO,7:25,8h 0m,4,S M T W T F S,3A 2A 1A 3E,491 km,61 km/hr,12429
22971,Bandra Terminus - Patna Weekly SF Express (PT),SF,WR,,,BDTS,19:25,PNBE,1:40,30h 15m,14,M,SL 3A 2A 1A 3E,1841 km,61 km/hr,22972
12439,Hazur Sahib Nanded - Shri Ganganagar SF Express (via Hanumangarh) (PT),SF,NWR,,,NED,11:05,SGNR,19:50,32h 45m,27,S,SL 3A 2A 3E,1993 km,61 km/hr,12440
12296,Sanghamitra SF Express (PT),SF,SWR,,,DNR,20:15,SMVB,16:10,43h 55m,34,S M T W T F S,SL 3A 2A 1A,2681 km,61 km/hr,12295
20891,Tatanagar - Brahmapur Vande Bharat Express,VB,SER,,,TATA,14:20,BAM,23:55,9h 35m,9,S M W T F S,CC Ex,587 km,61 km/hr,20892
12495,Pratap SF Express,SF,NWR,,,BKN,6:00,KOAA,13:05,31h 5m,19,T,SL 3A 2A 3E,1887 km,61 km/hr,12496
22805,Bhubaneswar - Anand Vihar Terminal Weekly SF Express,SF,ECoR,,,BBS,12:30,ANVT,19:35,31h 5m,16,S,SL 3A 2A 1A,1885 km,61 km/hr,22806
12496,Pratap SF Express (PT),SF,NWR,,,KOAA,22:45,BKN,5:30,30h 45m,19,F,SL 3A 2A 3E,1887 km,61 km/hr,12495
22806,Anand Vihar Terminal - Bhubaneswar Weekly SF Express,SF,ECoR,,,ANVT,8:00,BBS,14:45,30h 45m,16,M,SL 3A 2A 1A,1885 km,61 km/hr,22805
20892,Brahmapur - Tatanagar Vande Bharat Express,VB,SER,,,BAM,5:15,TATA,14:50,9h 35m,9,S M W T F S,CC Ex,587 km,61 km/hr,20891
20893,Tatanagar - Patna Vande Bharat Express (via Gomoh),VB,SER,,,TATA,5:25,PNBE,12:45,7h 20m,7,W T F S,CC Ex,450 km,61 km/hr,20894
12851,Bilaspur - MGR Chennai Central Weekly SF Express (PT),SF,SECR,,,BSP,8:45,MAS,8:00,23h 15m,14,S,SL 3A 2A 1A 3E,1413 km,61 km/hr,12852
12153,Mumbai LTT - Rani Kamalapati Weekly SF Express (PT),SF,CR,,,LTT,16:25,RKMP,5:50,13h 25m,7,T,SL 3A 2A,816 km,61 km/hr,12154
20853,Bhubaneswar - MGR Chennai Central SF Express (PT),SF,ECoR,,,BBS,12:10,MAS,8:20,20h 10m,19,T,SL 3A 2A,1225 km,61 km/hr,20854
12987,Sealdah - Ajmer SF Express (PT),SF,NWR,,,SDAH,22:55,AII,1:40,26h 45m,21,S M T W T F S,SL 3A 2A 1A 3E,1644 km,61 km/hr,12988
20656,SSS Hubballi - Yesvantpur Weekly SF Express,SF,SWR,,,UBL,11:45,YPR,19:20,7h 35m,6,S,SL CC 3A 2A,464 km,61 km/hr,20655
12362,Mumbai CSMT - Asansol SF Express (PT),SF,ER,,,CSMT,11:05,ASN,20:45,33h 40m,19,W,SL 3A 2A,2040 km,61 km/hr,12361
12682,Coimbatore - MGR Chennai Central Weekly SF Express (PT),SF,SR,,,CBE,23:30,MAS,7:35,8h 5m,6,F,SL 3A 2A,495 km,61 km/hr,12681
12667,Tambaram - Kanniyakumari Weekly SF Express (PT),SF,SR,,,TBM,19:30,CAPE,7:15,11h 45m,10,T,SL 3A 2A,715 km,61 km/hr,12668
22357,Mumbai LTT - Gaya SF Express,SF,ECR,,,LTT,13:15,GAYA,22:00,32h 45m,21,F,SL 3A 2A 1A 3E,1990 km,61 km/hr,22358
20482,Tiruchchirappalli - Jodhpur Humsafar Express,Hms,NWR,,,TPJ,8:10,JU,6:00,45h 50m,21,S,SL 3A,2811 km,61 km/hr,20481
12646,Millennium SF Express (PT),SF,SR,,,NZM,5:10,ERS,3:10,46h 0m,25,T,SL 3A 2A 3E,2806 km,61 km/hr,12645
20941,Bandra Terminus - Ghazipur City SF Express (PT),SF,WR,,,BDTS,23:25,GCT,6:45,31h 20m,26,S F,SL 3A 2A 1A,1922 km,61 km/hr,20942
12421,Hazur Sahib Nanded - Amritsar SF Express (PT),SF,NR,,,NED,11:05,ASR,18:35,31h 30m,23,W,SL 3A 2A 3E,1936 km,61 km/hr,12422
22985,Rajasthan Humsafar Express,Hms,NWR,,,UDZ,0:50,DEE,11:45,10h 55m,8,S,SL 3A,668 km,61 km/hr,22986
12824,Chhattisgarh Sampark Kranti Express,SKr,SECR,,,NZM,17:55,DURG,14:55,21h 0m,10,S T F,SL 3A 2A 1A 3E,1273 km,61 km/hr,12823
22582,New Delhi - Ballia Superfast Express,SF,NER,,,NDLS,22:50,BUI,13:35,14h 45m,9,M T,SL 3A 2A 1A 3E,896 km,61 km/hr,22581
22492,Mandore Superfast Express,SF,NWR,,,DLI,21:20,JU,7:30,10h 10m,18,S M T W T F S,SL 3A 2A 1A 3E,618 km,61 km/hr,22491
12803,Visakhapatnam - Hazrat Nizamuddin Swarna Jayanti Express (PT),SF,SCoR,,,VSKP,8:15,NZM,18:45,34h 30m,18,M F,SL 3A 2A 1A,2093 km,61 km/hr,12804
12450,Goa Sampark Kranti Express,SKr,NR,,,CDG,2:17,MAO,13:30,35h 13m,14,M S,SL 3A 2A 1A 3E,2162 km,61 km/hr,12449
22666,Coimbatore - KSR Bengaluru Uday Express,Udy,SR,,,CBE,5:45,SBC,12:40,6h 55m,6,S M T W T F S,2S CC,420 km,61 km/hr,22665
22427,Bhrigu Superfast Express,SF,NR,,,BUI,22:10,ANVT,12:35,14h 25m,8,S,SL 3A 2A 3E,883 km,61 km/hr,22428
12447,Uttar Pradesh Sampark Kranti Express (PT),SKr,NR,,,MKP,18:00,NZM,5:22,11h 22m,10,S M T W T F S,SL 3A 2A 1A 3E,694 km,61 km/hr,12448
12152,Samarsata SF Express (PT),SF,CR,,,SHM,19:25,LTT,5:30,34h 5m,21,F S,SL 3A 2A 1A,2070 km,61 km/hr,12151
12911,Valsad - Haridwar SF Express (PT),SF,WR,,,BL,15:05,HW,14:30,23h 25m,15,T,SL 3A 2A,1435 km,61 km/hr,12912
22924,Jamnagar - Bandra Terminus Humsafar Express,Hms,WR,,,JAM,20:15,BDTS,9:30,13h 15m,12,S T F,SL 3A,813 km,61 km/hr,22923
12608,Lalbagh SF Express,SF,SWR,,,SBC,6:25,MAS,12:20,5h 55m,11,S M T W T F S,2S CC,359 km,61 km/hr,12607
22859,Puri - MGR Chennai Central SF Express (PT),SF,ECoR,,,PURI,17:30,MAS,14:05,20h 35m,19,S,SL 3A 2A 3E,1250 km,61 km/hr,22860
22706,Jammu Tawi - Tirupati Humsafar Express,Hms,SCoR,,,JAT,5:45,TPTY,6:40,48h 55m,12,F,SL 3A,2985 km,61 km/hr,22705
12065,Ajmer - Delhi Sarai Rohilla Jan Shatabdi Express,JShtb,NWR,,,AII,5:35,DEE,11:45,6h 10m,9,M T W F S,2S CC,374 km,61 km/hr,12066
12142,Patliputra - Mumbai LTT SF Express (PT),SF,CR,,,PPTA,10:45,LTT,14:10,27h 25m,14,S M T W T F S,SL 3A 2A 1A,1686 km,61 km/hr,12141
22474,Bandra Terminus - Bikaner SF Express (via Jodhpur) (PT),SF,NWR,,,BDTS,14:40,BKN,10:25,19h 45m,21,T,SL 3A 2A 3E,1214 km,61 km/hr,22473
12066,Delhi Sarai Rohilla - Ajmer Jan Shatabdi Express,JShtb,NWR,,,DEE,16:15,AII,22:20,6h 5m,9,M T W F S,2S CC,374 km,61 km/hr,12065
22709,Hazur Sahib Nanded - Amb Andaura SF Express (PT),SF,SCR,,,NED,11:05,AADR,18:10,31h 5m,24,T,SL 3A 2A 1A,1884 km,61 km/hr,22710
12534,Pushpak Express (PT),SF,NER,,,CSMT,8:25,GTNR,8:00,23h 35m,16,S M T W T F S,SL 3A 2A 1A 3E,1438 km,61 km/hr,12533
12436,Anand Vihar Terminal - Jaynagar Garib Rath Express (PT),GR,NR,,,ANVT,17:20,JYG,13:50,20h 30m,20,T S,3A,1252 km,61 km/hr,12435
22203,Visakhapatnam - Secunderabad AC Duronto Express,Drnt,SCR,,,VSKP,19:40,SC,6:35,10h 55m,2,S T T,3A 2A 1A,663 km,61 km/hr,22204
12626,Kerala Express (PT),SF,SR,,,NDLS,20:10,TVC,21:50,49h 40m,41,S M T W T F S,SL 3A 2A 3E,3031 km,61 km/hr,12625
12401,Nanda Devi AC SF Express,ACSF,NR,,,KOTA,17:50,DDN,5:50,12h 0m,12,S M T W T F S,3A 2A 1A,731 km,61 km/hr,12402
12633,Chennai Egmore - Kanniyakumari SF Express (PT),SF,SWR,,,MS,17:20,CAPE,5:30,12h 10m,14,S M T W T F S,SL 3A 2A 1A 3E,739 km,61 km/hr,12634
12485,Hazur Sahib Nanded - Shri Ganganagar SF Express (via Abohar) (PT),SF,NWR,,,NED,11:05,SGNR,19:15,32h 10m,27,M T,SL 3A 2A 3E,1960 km,61 km/hr,12486
12498,Shan-e-Punjab Express,SF,NR,,,ASR,15:10,NDLS,22:30,7h 20m,12,S M T W T F S,2S CC,448 km,61 km/hr,12497
22353,Patna - SMVT Bengaluru Humsafar Express,Hms,ECR,,,PNBE,20:20,SMVB,16:35,44h 15m,20,T,3A,2691 km,61 km/hr,22354
12102,Jnaneswari Express (PT),SF,CR,,,SHM,20:15,LTT,4:10,31h 55m,16,S M W T,SL 3A 2A 1A,1945 km,61 km/hr,12101
12101,Jnaneswari Express (PT),SF,CR,,,LTT,20:35,SHM,4:35,32h 0m,16,M T F S,SL 3A 2A 1A,1945 km,61 km/hr,12102
12826,Jharkhand Sampark Kranti Express,SKr,SER,,,ANVT,8:00,RNC,5:15,21h 15m,7,W S,SL 3A 2A 1A 3E,1295 km,61 km/hr,12825
22605,Purulia - Tirunelveli SF Express (PT),SF,SR,,,PRR,10:00,TEN,3:55,41h 55m,35,M F,SL 3A 2A,2536 km,61 km/hr,22606
12078,Vijayawada - MGR Chennai Central Jan Shatabdi Express,JShtb,SR,,,BZA,15:30,MAS,23:00,7h 30m,9,S M W T F S,2S CC,455 km,61 km/hr,12077
22452,Chandigarh - Bandra Terminus SF Express,SF,NR,,,CDG,5:40,BDTS,7:35,25h 55m,26,S W,SL 3A 2A 1A 3E,1588 km,61 km/hr,22451
22841,Santragachi - Tambaram Antyodaya Express,Ant,SER,,,SRC,17:55,TBM,21:30,27h 35m,27,M,,1684 km,61 km/hr,22842
12988,Ajmer - Sealdah SF Express (PT),SF,NWR,,,AII,12:50,SDAH,15:50,27h 0m,21,S M T W T F S,SL 3A 2A 1A 3E,1644 km,61 km/hr,12987
22894,Howrah - Sainagar Shirdi SF Express (PT),SF,SER,,,HWH,13:55,SNSI,19:10,29h 15m,15,T,SL 3A 2A,1789 km,61 km/hr,22893
22873,Digha - Vishakapatnam SF Express (PT),SF,SCoR,,,DGHA,17:05,VSKP,8:15,15h 10m,15,F,SL 3A 2A,929 km,61 km/hr,22874
20153,Mumbai CSMT - Rewa Weekly SF Express,SF,WCR,,,CSMT,13:30,REWA,9:45,20h 15m,16,F,SL 3A 2A 1A,1231 km,61 km/hr,20154
12939,Pune - Jaipur SF Express (PT),SF,NWR,,,PUNE,17:30,JP,14:40,21h 10m,12,S W,SL 3A 2A 1A 3E,1296 km,61 km/hr,12940
12942,Parasnath Express (PT),SF,WR,,,ASN,19:45,BVC,9:25,37h 40m,31,T,SL 3A 2A,2311 km,61 km/hr,12941
20992,Daund - Ajmer Weekly SF Express,SF,NWR,22-May,,DD,23:10,AII,23:40,24h 30m,20,F,SL 3A 2A,1508 km,62 km/hr,20991
22874,Visakhapatnam - Digha SF Express,SF,SCoR,,,VSKP,15:35,DGHA,6:45,15h 10m,15,T,SL 3A 2A,929 km,61 km/hr,22873
12927,Dadar Western - Ekta Nagar (Kevadiya) SF Express (PT),SF,WR,,,DDR,23:50,EKNR,7:30,7h 40m,6,S M T W T F S,SL 3A 2A 1A 3E,469 km,61 km/hr,12928
12112,Amravati - Mumbai CSMT SF Express (PT),SF,CR,,,AMI,19:10,CSMT,6:15,11h 5m,13,S M T W T F S,SL 3A 2A 1A,671 km,61 km/hr,12111
22125,Nagpur - Amritsar AC SF Express,ACSF,CR,,,NGP,17:50,ASR,19:00,25h 10m,9,S,2S 3A 2A 1A,1541 km,61 km/hr,22126
11427,Pune - Jasidih Weekly Express (PT),Exp,CR,,,PUNE,6:40,JSME,15:10,32h 30m,16,F,SL 3A 2A,1978 km,61 km/hr,11428
20950,Ekta Nagar - Ahmedabad Jan Shatabdi Express,JShtb,WR,,,EKNR,20:55,ADI,23:55,3h 0m,3,S M T W T F S,2S CC Ex EV,182 km,61 km/hr,20947
22967,Ahmedabad - Prayagraj Weekly SF Express (PT),SF,WR,,,ADI,16:35,PRYJ,16:50,24h 15m,19,T,SL 3A 2A,1483 km,61 km/hr,22968
12812,Hatia - Mumbai LTT SF Express (PT),SF,SER,,,HTE,9:00,LTT,13:00,28h 0m,16,F S,SL 3A 2A 1A 3E,1697 km,61 km/hr,12811
20402,Lucknow - Varanasi SF Shuttle Express,SF,NR,,,LKO,18:00,BSB,22:40,4h 40m,10,S M T W T F S,2S SL CC 3A,283 km,61 km/hr,20401
22431,Subedarganj - MCTM Udhampur SF Express (PT),SF,NCR,,,SFG,16:10,MCTM,12:45,20h 35m,16,T S,SL 3A 2A 1A 3E,1263 km,61 km/hr,22432
21893,Tatanagar - Patna Vande Bharat Express (via Barkakana),VB,SER,,,TATA,5:25,PNBE,15:55,10h 30m,7,S,CC Ex,642 km,61 km/hr,21894
12320,Gwalior - Kolkata SF Express,SF,ER,,,GWL,15:15,KOAA,16:40,25h 25m,16,T,SL 3A 2A 1A 3E,1539 km,61 km/hr,12319
12119,Amravati - Ajni (Nagpur) Intercity SF Express (UnReserved),SF,CR,,,AMI,5:30,AJNI,8:25,2h 55m,6,S M T W T F S,,178 km,61 km/hr,12120
22432,MCTM Udhampur - Subedarganj SF Express,SF,NCR,,,MCTM,16:05,SFG,12:55,20h 50m,16,S W,SL 3A 2A 1A 3E,1263 km,61 km/hr,22431
22842,Tambaram - Santragachi Antyodaya Express,Ant,SER,,,TBM,7:15,SRC,10:55,27h 40m,27,W,,1684 km,61 km/hr,22841
12597,Gorakhpur - Mumbai CSMT Antyodaya Express,Ant,NER,,,GKP,8:30,CSMT,12:20,27h 50m,11,T,,1695 km,61 km/hr,12598
12015,New Delhi - Daurai (Ajmer) Shatabdi Express,Shtb,NR,,,NDLS,6:10,DOZ,13:35,7h 25m,9,S M T W T F S,CC Ex,451 km,61 km/hr,12016
26505,Khajuraho - Banaras Vande Bharat Express,VB,NER,,,KURJ,15:20,BNRS,23:10,7h 50m,5,S M T W F S,CC Ex,469 km,60 km/hr,26506
12141,Mumbai LTT - Patliputra SF Express (PT),SF,CR,,,LTT,23:35,PPTA,3:50,28h 15m,15,S M T W T F S,SL 3A 2A 1A,1686 km,60 km/hr,12142
22872,Tirupati - Bhubaneswar SF Express,SF,ECoR,,,TPTY,10:25,BBS,6:15,19h 50m,17,M,SL 3A 2A 1A,1181 km,60 km/hr,22871
12663,Howrah - Tiruchchirappalli SF Express (PT),SF,SR,,,HWH,17:35,TPJ,2:50,33h 15m,22,S T,SL 3A 2A 1A 3E,2003 km,60 km/hr,12664
20413,Kashi Mahakal SF Express (Via Lucknow),SF,NR,,,BSB,14:00,INDB,9:00,19h 0m,8,T T,SL 3A 2A 1A 3E,1135 km,60 km/hr,20414
12346,Saraighat Express (PT),SF,ER,,,GHY,12:40,HWH,5:20,16h 40m,16,S M T W T F S,SL 3A 2A 1A,999 km,60 km/hr,12345
12995,Bandra Terminus - Ajmer SF Express (PT),SF,NWR,,,BDTS,17:05,AII,10:05,17h 0m,17,S W F,SL 3A 2A 3E,1017 km,60 km/hr,12996
12802,Purushottam Express (PT),SF,ECoR,,,ANVT,22:45,PURI,5:35,30h 50m,30,S M T W T F S,SL 3A 2A 1A 3E,1845 km,60 km/hr,12801
22880,Tirupati - Bhubaneswar SF Express (PT),SF,ECoR,,,TPTY,10:25,BBS,6:15,19h 50m,19,S,SL 3A 2A 1A,1181 km,60 km/hr,22879
20851,Bhubaneswar - Puducherry SF Express,SF,ECoR,,,BBS,12:10,PDY,12:00,23h 50m,17,T,SL 3A 2A,1425 km,60 km/hr,20852
12811,Mumbai LTT - Hatia SF Express (PT),SF,SER,,,LTT,0:15,HTE,4:45,28h 30m,16,S M,SL 3A 2A 1A 3E,1697 km,60 km/hr,12812
12926,Paschim SF Express (PT),SF,WR,,,ASR,7:20,BDTS,14:40,31h 20m,38,S M T W T F S,SL 3A 2A 1A,1866 km,60 km/hr,12925
20804,Gandhidham - Visakhapatnam SF Express (PT),SF,SCoR,,,GIMB,23:10,VSKP,10:15,35h 5m,27,S,SL 3A 2A 1A 3E,2111 km,60 km/hr,20803
20914,Delhi Sarai Rohilla - Rajkot Weekly SF Express,SF,WR,,,DEE,13:20,RJT,7:50,18h 30m,22,F,SL 3A 2A 1A 3E,1109 km,60 km/hr,20913
22170,Santragachi - Rani Kamalapati Humsafar Express,Hms,WCR,,,SRC,20:15,RKMP,20:05,23h 50m,14,T,SL 3A,1434 km,60 km/hr,22169
20674,Pune - SCSMT Kolhapur Vande Bharat Express,VB,SWR,,,PUNE,14:15,KOP,19:40,5h 25m,5,S W F,CC Ex,326 km,60 km/hr,20673
12764,Padmavathi SF Express (PT),SF,SCoR,,,SC,18:40,TPTY,6:55,12h 15m,17,S M T T F,SL 3A 2A 1A 3E,735 km,60 km/hr,12763
22970,Banaras - Okha SF Express,SF,WR,,,BNRS,21:45,OKHA,7:45,34h 0m,21,S,SL 3A 2A 1A 3E,2030 km,60 km/hr,22969
12552,Kamakhya - SMVT Bengaluru AC SF Express (PT),ACSF,NFR,,,KYQ,14:00,SMVB,16:35,50h 35m,29,W,3A 2A 1A,3011 km,60 km/hr,12551
22172,Rani Kamalapati - Pune Humsafar Express,Hms,WCR,,,RKMP,15:40,PUNE,6:25,14h 45m,7,S,3A,885 km,60 km/hr,22171
12090,Shivamogga Town - KSR Bengaluru Janshatabdi Express,JShtb,SWR,,,SMET,5:15,SBC,9:50,4h 35m,8,S M T W T F S,2S CC,274 km,60 km/hr,12089
22916,Hisar - Bandra Terminus SF Express (PT),SF,WR,,,HSR,16:10,BDTS,15:50,23h 40m,29,T,SL 3A 2A,1409 km,60 km/hr,22915
12549,Durg - MCTM Udhampur SF Express (via Delhi Safdarjung) (PT),SF,SECR,,,DURG,12:15,MCTM,20:05,31h 50m,18,T,SL 3A 2A 1A 3E,1919 km,60 km/hr,12550
22631,Anuvrat AC SF Express (PT),ACSF,SR,,,MDU,12:10,BKN,14:50,50h 40m,40,T,3A 2A 1A,3060 km,60 km/hr,22632
12662,Pothigai SF Express (PT),SF,SR,,,SCT,18:50,MS,5:55,11h 5m,16,S M T W T F S,SL 3A 2A 1A,667 km,60 km/hr,12661
12540,Lucknow - Yesvantpur SF Express (via Perambur),SF,SWR,,,LKO,20:25,YPR,15:45,43h 20m,16,F,SL 3A 2A,2591 km,60 km/hr,12539
12548,Gandhigram - Agra Cantt. SF Express (PT),SF,NCR,,,GG,16:40,AGC,7:05,14h 25m,14,S M W T,SL 3A 2A 3E,867 km,60 km/hr,12547
22632,Anuvrat AC SF Express (PT),ACSF,SR,,,BKN,15:30,MDU,18:30,51h 0m,40,S,3A 2A 1A,3060 km,60 km/hr,22631
12315,Ananya Express (PT),SF,ER,,,KOAA,13:10,UDZ,0:48,35h 38m,20,T,SL 3A 2A 1A 3E,2132 km,60 km/hr,12316
22138,Prerna Express (PT),SF,CR,,,ADI,18:30,NGP,10:25,15h 55m,14,S M T,SL 3A 2A,957 km,60 km/hr,22137
20481,Jodhpur - Tiruchchirappalli Humsafar Express,Hms,NWR,,,JU,16:50,TPJ,15:30,46h 40m,21,W,SL 3A,2811 km,60 km/hr,20482
20983,Bhuj - Delhi Sarai Rohilla SF Express,SF,WR,,,BHUJ,17:10,DEE,12:30,19h 20m,18,T F,SL 3A 2A 1A,1155 km,60 km/hr,20984
12616,Grand Trunk Express (PT),SF,SR,,,NDLS,16:10,MAS,4:40,36h 30m,36,S M T W T F S,SL 3A 2A 1A,2182 km,60 km/hr,12615
24203,Varanasi - Lucknow Intercity SF Express (via Pratapgarh),SF,NR,,,BSB,17:50,LKO,22:50,5h 0m,13,S M T W T F S,CC 3A,301 km,60 km/hr,24204
12187,Jabalpur - Mumbai CSMT Garib Rath Express,GR,WCR,,,JBP,19:50,CSMT,12:20,16h 30m,14,M W S,3A,992 km,60 km/hr,12188
12668,Kanniyakumari - Tambaram Weekly SF Express (PT),SF,SR,,,CAPE,16:35,TBM,4:10,11h 35m,10,F,SL 3A 2A,715 km,62 km/hr,12667
12964,Mewar SF Express (PT),SF,NWR,,,UDZ,18:30,NZM,6:50,12h 20m,16,S M T W T F S,SL 3A 2A 1A 3E,743 km,60 km/hr,12963
20890,Tirupati - Howrah Humsafar Express,Hms,SER,,,TPTY,16:00,HWH,19:00,27h 0m,10,S,3A,1618 km,60 km/hr,20889
12863,Howrah - SMVT Bengaluru SF Express (PT),SF,SER,,,HWH,22:45,SMVB,7:00,32h 15m,31,S M T W T F S,SL 3A 2A 1A 3E,1942 km,60 km/hr,12864
12410,Hazrat Nizamuddin - Raigarh Gondwana Express,SF,NR,,,NZM,15:05,RIG,18:05,27h 0m,34,M T W T S,SL 3A 2A 1A 3E,1629 km,60 km/hr,12409
22491,Mandore Superfast Express (PT),SF,NWR,,,JU,20:30,DLI,6:45,10h 15m,16,S M T W T F S,SL 3A 2A 1A 3E,618 km,60 km/hr,22492
12420,Gomti Express,SF,NR,,,NDLS,12:55,LKO,21:30,8h 35m,15,S M T W T F S,2S CC 2A 1A,512 km,60 km/hr,12419
12654,Rock Fort SF Express (PT),SF,SR,,,TPJ,22:35,MS,4:10,5h 35m,11,S M T W T F S,SL 3A 2A 1A,337 km,60 km/hr,12653
12739,Visakhapatnam - Secunderabad Garib Rath Express (PT),GR,SCR,,,VSKP,20:40,SC,8:20,11h 40m,9,S M T W T F S,3A,698 km,60 km/hr,12740
12105,Vidarbha SF Express (PT),SF,CR,,,CSMT,19:05,G,11:15,16h 10m,25,S M T W T F S,SL 3A 2A 1A 3E,965 km,60 km/hr,12106
22207,MGR Chennai Central - Thiruvananthapuram Central SUPER AC Express,Raj,SR,,,MAS,16:00,TVC,7:00,15h 0m,9,T F,3A 2A 1A,906 km,60 km/hr,22208
22208,Thiruvananthapuram Central - MGR Chennai Central SUPER AC Express,Raj,SR,,,TVC,19:15,MAS,10:25,15h 10m,9,S W,3A 2A 1A,906 km,60 km/hr,22207
12550,MCTM Udhampur - Durg SF Express (via Delhi Safdarjung),SF,SECR,,,MCTM,3:15,DURG,11:05,31h 50m,18,T,SL 3A 2A 1A 3E,1919 km,60 km/hr,12549
12773,Shalimar - Secunderabad AC SF Express (PT),ACSF,SCR,,,SHM,15:55,SC,18:00,26h 5m,14,W,3A 2A 1A,1574 km,60 km/hr,12774
12108,Sitapur Jn. - Mumbai LTT SF Express (PT),SF,CR,,,STP,20:45,LTT,21:50,25h 5m,12,S T T,SL 3A 2A,1493 km,60 km/hr,12107
22888,SMVT Bengaluru - Howrah Humsafar Express,Hms,SER,,,SMVB,10:15,HWH,19:00,32h 45m,17,T,3A,1953 km,60 km/hr,22887
12448,Uttar Pradesh Sampark Kranti Express,SKr,NR,,,NZM,20:00,MKP,7:30,11h 30m,10,S M T W T F S,SL 3A 2A 1A 3E,694 km,60 km/hr,12447
12644,Hazrat Nizamuddin - Thiruvananthapuram Central Swarna Jayanti SF Express (PT),SF,SR,,,NZM,5:10,TVC,7:00,49h 50m,29,F,SL 3A 2A 3E,3012 km,60 km/hr,12643
22109,Mumbai LTT - Balharshah SF Express,SF,CR,,,LTT,21:45,BPQ,12:10,14h 25m,15,T,SL 3A 2A,870 km,60 km/hr,22110
22682,MGR Chennai Central - Mysuru Weekly SF Express (PT),SF,SWR,,,MAS,23:30,MYS,7:45,8h 15m,9,T,SL CC 3A 2A 1A,497 km,60 km/hr,22681
12628,Karnataka Express (PT),SF,SWR,,,NDLS,20:20,SBC,12:00,39h 40m,32,S M T W T F S,SL 3A 2A 1A,2392 km,60 km/hr,12627
12435,Jaynagar - Anand Vihar Terminal Garib Rath Express (PT),GR,NR,,,JYG,12:10,ANVT,9:00,20h 50m,20,M F,3A,1252 km,60 km/hr,12436
22673,Jodhpur - Mannargudi SF Express (PT),SF,SR,,,JU,16:50,MQ,16:35,47h 45m,40,T,SL 3A 2A,2855 km,60 km/hr,22674
12948,Azimabad SF Express (PT),SF,WR,,,RGD,21:00,ADI,3:50,30h 50m,23,W F,SL 3A 2A 3E,1861 km,60 km/hr,12947
22965,Bandra Terminus - Bhagat Ki Kothi SF Express (PT),SF,WR,,,BDTS,23:55,BGKT,15:25,15h 30m,9,F,SL 3A 2A 1A 3E,935 km,60 km/hr,22966
12389,Gaya - MGR Chennai Central Weekly SF Express (PT),SF,ECR,,,GAYA,5:30,MAS,16:20,34h 50m,18,S,SL 3A 2A 1A 3E,2075 km,60 km/hr,12390
22354,SMVT Bengaluru - Patna Humsafar Express,Hms,ECR,,,SMVB,13:50,PNBE,10:25,44h 35m,21,S,3A,2691 km,60 km/hr,22353
22803,Shalimar - Sambalpur SF Express (via Talcher Road),SF,ECoR,,,SHM,20:35,SBP,7:35,11h 0m,9,S,SL 3A 2A,657 km,60 km/hr,22804
12130,Azad Hind Express (PT),SF,CR,,,HWH,21:40,PUNE,7:00,33h 20m,31,S M T W T F S,SL 3A 2A,2013 km,60 km/hr,12129
12670,Ganga Kaveri Express (PT),SF,SR,,,CPR,21:00,MAS,12:10,39h 10m,21,M W,SL 3A 2A 1A 3E,2339 km,60 km/hr,12669
12640,Brindavan SF Express,SF,SR,,,SBC,15:15,MAS,21:15,6h 0m,12,S M T W T F S,2S CC,359 km,60 km/hr,12639
12880,Bhubaneswar - Mumbai LTT SF Express (PT),SF,ECoR,,,BBS,7:20,LTT,13:00,29h 40m,19,M T,SL 3A 2A 1A,1780 km,60 km/hr,12879
22362,New Delhi - Rajendra Nagar Terminal Amrit Bharat Express,AB,ECR,,,NDLS,19:10,RJPB,11:45,16h 35m,8,S M T W T F S,SL,999 km,60 km/hr,22361
12077,MGR Chennai Central - Vijayawada Jan Shatabdi Express,JShtb,SR,,,MAS,7:25,BZA,15:00,7h 35m,9,S M W T F S,2S CC,455 km,60 km/hr,12078
22963,Bandra Terminus - Bhavnagar Terminus Weekly SF Express (PT),SF,WR,,,BDTS,16:45,BVC,5:45,13h 0m,16,M,SL 3A 2A,780 km,60 km/hr,22964
22977,Jaipur - Jodhpur Intercity SF Express,SF,NWR,,,JP,6:00,JU,11:10,5h 10m,11,S M T W T F S,2S CC 3A 2A 1A,310 km,60 km/hr,22978
12845,Bhubaneswar - SMVT Bengaluru SF Express (PT),SF,ECoR,,,BBS,7:30,SMVB,8:35,25h 5m,18,S,SL 3A 2A,1506 km,60 km/hr,12846
22869,Visakhapatnam - MGR Chennai Central Weekly SF Express (PT),SF,SCoR,,,VSKP,19:00,MAS,8:00,13h 0m,11,M,SL 3A 2A,781 km,60 km/hr,22870
22451,Bandra Terminus - Chandigarh SF Express (PT),SF,NR,,,BDTS,12:00,CDG,14:15,26h 15m,26,M T,SL 3A 2A 1A 3E,1588 km,60 km/hr,22452
12661,Pothigai SF Express (PT),SF,SR,,,MS,19:35,SCT,6:40,11h 5m,16,S M T W T F S,SL 3A 2A 1A,667 km,60 km/hr,12662
12655,Navjeevan SF Express (PT),SF,SR,,,ADI,21:25,MAS,5:10,31h 45m,42,S M T W T F S,SL 3A 2A 1A,1892 km,60 km/hr,12656
20852,Puducherry - Bhubaneswar SF Express (PT),SF,ECoR,,,PDY,18:50,BBS,18:25,23h 35m,17,W,SL 3A 2A,1425 km,60 km/hr,20851
12395,Ziyarat Express (PT),SF,ECR,,,RJPB,18:00,AII,15:35,21h 35m,16,W,SL 3A 2A 1A 3E,1305 km,60 km/hr,12396
20154,Rewa - Mumbai CSMT Weekly SF Express,SF,WCR,,,REWA,15:50,CSMT,12:20,20h 30m,16,T,SL 3A 2A 1A,1231 km,60 km/hr,20153
22305,SMVT Bengaluru - Jasidih Weekly SF Express (PT),SF,ER,,,SMVB,10:15,JSME,0:50,38h 35m,20,S,SL 3A 2A 1A,2306 km,60 km/hr,22306
22849,Shalimar - Secunderabad Weekly SF Express (PT),SF,SER,,,SHM,12:10,SC,14:35,26h 25m,18,W,SL 3A 2A 1A 3E,1574 km,60 km/hr,22850
22975,Bandra Terminus - Ramnagar SF Express (PT),SF,WR,,,BDTS,5:10,RMR,8:35,27h 25m,28,T,SL 3A 2A,1640 km,60 km/hr,22976
22801,Visakhapatnam - MGR Chennai Central Weekly SF Express (PT),SF,SCoR,,,VSKP,19:00,MAS,8:00,13h 0m,13,F,SL 3A 2A,781 km,60 km/hr,22802
20854,MGR Chennai Central - Bhubaneswar SF Express (PT),SF,ECoR,,,MAS,10:00,BBS,6:15,20h 15m,19,F,SL 3A 2A,1225 km,60 km/hr,20853
12989,Dadar Western - Ajmer SF Express (PT),SF,NWR,,,DDR,15:00,AII,7:25,16h 25m,20,M T S,SL 3A 2A 3E,980 km,60 km/hr,12990
22214,Patna - Shalimar Duronto Express,Drnt,SER,,,PNBE,20:45,SHM,5:45,9h 0m,2,T T S,2S 3A 2A 1A,536 km,60 km/hr,22213
22661,Sethu SF Express (PT),SF,SR,,,MS,17:55,RMM,4:00,10h 5m,16,S M T W T F S,SL 3A 2A 1A,601 km,60 km/hr,22662
20953,MGR Chennai Central - Ahmedabad SF Express (PT),SF,WR,,,MAS,22:40,ADI,3:20,28h 40m,25,S,SL 3A 2A 3E,1718 km,60 km/hr,20954
22443,Kanpur Central - Bandra Terminus SF Express (PT),SF,NCR,,,CNB,17:50,BDTS,20:55,27h 5m,20,W,SL 3A 2A 3E,1612 km,60 km/hr,22444
12143,Mumbai LTT - Sultanpur SF Express (PT),SF,CR,,,LTT,15:45,SLN,17:30,25h 45m,12,S,SL 3A 2A,1546 km,60 km/hr,12144
12971,Bandra Terminus - Bhavnagar Terminus SF Express (PT),SF,WR,,,BDTS,19:10,BVC,8:05,12h 55m,19,S M T W T F S,SL 3A 2A 1A,780 km,60 km/hr,12972
12771,Secunderabad - Raipur SF Express (PT),SF,SCR,,,SC,22:40,R,13:20,14h 40m,15,M W F,SL 3A 2A 3E,877 km,60 km/hr,12772
22818,Mysuru - Howrah Weekly SF Express (PT),SF,SER,,,MYS,23:55,HWH,11:10,35h 15m,20,S,SL 3A 2A 1A 3E,2100 km,60 km/hr,22817
26503,Saharanpur - Gomti Nagar Vande Bharat Express,VB,NER,,,SRE,5:05,GTNR,14:05,9h 0m,7,S M W T F S,CC Ex,535 km,59 km/hr,26504
22473,Bikaner - Bandra Terminus SF Express (via Jodhpur),SF,NWR,,,BKN,15:30,BDTS,12:00,20h 30m,21,M,SL 3A 2A 3E,1214 km,59 km/hr,22474
22698,MGR Chennai Central - SSS Hubballi Weekly SF Express (via SMVT Bengaluru) (PT),SF,SWR,,,MAS,15:00,UBL,5:00,14h 0m,15,S,SL 3A 2A 1A 3E,826 km,59 km/hr,22697
12842,Coromandel Express (PT),SF,SER,,,MAS,7:00,HWH,11:00,28h 0m,15,S M T W T F S,SL 3A 2A 1A 3E,1662 km,59 km/hr,12841
12849,Bilaspur - Pune SF Express (PT),SF,SECR,,,BSP,11:20,PUNE,9:30,22h 10m,16,T,SL 3A 2A 1A 3E,1297 km,59 km/hr,12850
12970,Jaipur - Coimbatore SF Express (PT),SF,NWR,,,JP,19:35,CBE,16:50,45h 15m,37,T,SL 3A 2A 1A 3E,2679 km,59 km/hr,12969
20507,Sairang - Anand Vihar Terminal Rajdhani Express,Raj,NFR,,,SANG,16:10,ANVT,10:50,42h 40m,18,F,3A 2A 1A,2515 km,59 km/hr,20508
20913,Rajkot - Delhi Sarai Rohilla Weekly SF Express,SF,WR,,,RJT,15:10,DEE,9:55,18h 45m,22,T,SL 3A 2A 1A 3E,1109 km,59 km/hr,20914
20905,Ekta Nagar - Rewa Mahamana Express,SF,WR,,,EKNR,19:00,REWA,17:30,22h 30m,15,F,SL 3A 2A 1A,1336 km,59 km/hr,20906
12173,Udyog Nagri Express (PT),SF,CR,,,LTT,16:25,MBDP,19:10,26h 45m,12,S T,SL 3A 2A,1580 km,59 km/hr,12174
19011,Valsad - Dahod Intercity Express,Exp,WR,,,BL,5:15,DHD,11:05,5h 50m,12,S M T W T F S,2S CC,346 km,59 km/hr,19012
22139,Pune - Ajni Humsafar Express,Hms,CR,,,PUNE,22:00,AJNI,12:50,14h 50m,7,S,3A 2A,882 km,59 km/hr,22140
20625,MGR Chennai Central - Bhagat ki Kothi SF Express (PT),SF,SR,,,MAS,19:35,BGKT,11:40,40h 5m,31,S M T T F,SL 3A 2A 3E,2351 km,59 km/hr,20626
22450,New Delhi - Guwahati Poorvottar Sampark Kranti Express,SKr,NR,,,NDLS,23:45,GHY,8:00,32h 15m,12,S W,SL 3A 2A 1A 3E,1898 km,59 km/hr,22449
22141,Pune - Nagpur Humsafar Express,Hms,CR,,,PUNE,22:00,NGP,13:05,15h 5m,8,T,3A 2A,885 km,59 km/hr,22142
22650,Yercaud SF Express (PT),SF,SR,,,ED,21:45,MAS,4:25,6h 40m,11,S M T W T F S,SL 3A 2A 1A,394 km,59 km/hr,22649
12968,Jaipur - MGR Chennai Central SF Express (PT),SF,NWR,,,JP,19:35,MAS,8:20,36h 45m,31,S F,SL 3A 2A 1A 3E,2184 km,59 km/hr,12967
12594,Bhopal - Lucknow Jn. Garib Rath Express,GR,NER,,,BPL,23:50,LJN,9:45,9h 55m,5,S,3A,584 km,59 km/hr,12593
12427,Rewa - Anand Vihar Terminal SF Express (PT),SF,NR,,,REWA,16:20,ANVT,6:40,14h 20m,11,S M T W T F S,SL 3A 2A 1A 3E,849 km,59 km/hr,12428
12698,Thiruvananthapuram Central - MGR Chennai Central Weekly SF Express (PT),SF,SR,,,TVC,19:15,MAS,10:25,15h 10m,11,S,SL 3A 2A 3E,893 km,59 km/hr,12697
12361,Asansol - Mumbai CSMT SF Express (PT),SF,ER,,,ASN,19:35,CSMT,6:00,34h 25m,19,S,SL 3A 2A,2040 km,59 km/hr,12362
22915,Bandra Terminus - Hisar SF Express (PT),SF,WR,,,BDTS,12:15,HSR,12:20,24h 5m,29,M,SL 3A 2A,1409 km,59 km/hr,22916
22815,Bilaspur - Ernakulam Jn. SF Express,SF,SECR,,,BSP,8:15,ERS,20:15,36h 0m,21,M,SL 3A 2A 1A 3E,2142 km,59 km/hr,22816
12656,Navjeevan SF Express (PT),SF,SR,,,MAS,10:10,ADI,18:00,31h 50m,43,S M T W T F S,SL 3A 2A 1A,1892 km,59 km/hr,12655
12690,Kanniyakumari - MGR Chennai Central SF Express (PT),SF,SR,,,CAPE,20:30,MAS,11:25,14h 55m,18,S,SL 3A 2A,899 km,60 km/hr,12689
12686,Mangaluru Central - MGR Chennai Central SF Express (PT),SF,SR,,,MAQ,16:55,MAS,8:05,15h 10m,19,S M T W T F S,SL 3A 2A 1A 3E,889 km,59 km/hr,12685
12589,Gorakhpur - Charlapalli SF Express (PT),SF,NER,,,GKP,6:33,CHZ,13:30,30h 57m,27,W,SL 3A 2A 1A,1811 km,59 km/hr,12590
22187,Rani Kamalapati - Adhartal Intercity SF Express,SF,WCR,,,RKMP,5:15,ADTL,11:00,5h 45m,10,S M T W T F S,2S CC 3A,338 km,59 km/hr,22188
20501,Agartala - Anand Vihar Terminal Tejas Rajdhani Express,Raj,NFR,,,AGTL,15:00,ANVT,10:50,43h 50m,20,M,3A 2A 1A,2593 km,59 km/hr,20502
20894,Patna - Tatanagar Vande Bharat Express (via Gomoh),VB,SER,,,PNBE,14:05,TATA,21:40,7h 35m,7,W T F S,CC Ex,450 km,59 km/hr,20893
12291,Yesvantpur - MGR Chennai Central Weekly SF Express (PT),SF,SWR,,,YPR,22:45,MAS,4:55,6h 10m,6,F,SL 3A 2A 1A,366 km,59 km/hr,12292
20602,Bodinayakkanur - MGR Chennai Central SF Express (PT),SF,SR,,,BDNK,20:55,MAS,7:55,11h 0m,10,S M T W T F,SL 3A 2A 1A,646 km,59 km/hr,20601
22685,Yesvantpur - Chandigarh Karnataka Sampark Kranti Express,SKr,SWR,,,YPR,15:00,CDG,15:45,48h 45m,17,W S,SL CC 3A 2A 1A,2861 km,59 km/hr,22686
22615,Tirupati - Coimbatore Intercity SF Express (PT),SF,SR,,,TPTY,14:55,CBE,22:50,7h 55m,9,M W T S,2S CC,470 km,59 km/hr,22616
22662,Sethu SF Express (PT),SF,SR,,,RMM,21:10,MS,7:20,10h 10m,16,S M T W T F S,SL 3A 2A 1A,601 km,59 km/hr,22661
22906,Shalimar - Okha Weekly SF Express (PT),SF,WR,,,SHM,20:15,OKHA,16:00,43h 45m,30,T,SL 3A 2A 1A,2581 km,59 km/hr,22905
22167,Singrauli - Hazrat Nizamuddin Urjadhani Express (PT),SF,WCR,,,SGRL,10:30,NZM,4:40,18h 10m,13,S W,SL 3A 2A 1A 3E,1073 km,59 km/hr,22168
12198,Gwalior - Bhopal InterCity Express,SF,NCR,,,GWL,6:20,BPL,14:35,8h 15m,13,S M T W T F S,SL 3A,484 km,59 km/hr,12197
22168,Hazrat Nizamuddin - Singrauli Urjadhani Express,SF,WCR,,,NZM,23:00,SGRL,17:05,18h 5m,13,M T,SL 3A 2A 1A 3E,1073 km,59 km/hr,22167
12645,Millennium SF Express (PT),SF,SR,,,ERS,19:10,NZM,18:45,47h 35m,26,S,SL 3A 2A,2806 km,59 km/hr,12646
12634,Kanniyakumari - Chennai Egmore SF Express (PT),SF,SWR,,,CAPE,18:00,MS,6:35,12h 35m,16,S M T W T F S,SL 3A 2A 1A 3E,739 km,59 km/hr,12633
20942,Ghazipur City - Bandra Terminus SF Express,SF,WR,,,GCT,19:30,BDTS,4:20,32h 50m,26,S T,SL 3A 2A 1A,1922 km,59 km/hr,20941
12944,Udyogkarmi SF Express (PT),SF,WR,,,CNB,8:00,BL,6:00,22h 0m,11,F,SL 3A 2A,1304 km,59 km/hr,12943
20682,Silambu SF Express (PT),SF,SR,,,SCT,17:10,TBM,4:25,11h 15m,19,S T S,SL 3A 2A 1A,660 km,59 km/hr,20681
22708,Tirupati - Visakhapatnam AC Double Decker Express,DD,SCoR,,,TPTY,21:50,VSKP,10:40,12h 50m,16,S W F,CC 3E,760 km,59 km/hr,22707
12978,Marusagar SF Express (PT),SF,NWR,,,AII,10:15,ERS,5:45,43h 30m,31,F,SL 3A 2A 1A 3E,2556 km,59 km/hr,12977
16122,Thiruvananthapuram Central - Tambaram Amrit Bharat Express,AB,SR,29-Jan,,TVC,10:40,TBM,23:45,13h 5m,15,T,SL,768 km,59 km/hr,16121
22978,Jodhpur - Jaipur Intercity SF Express,SF,NWR,,,JU,16:00,JP,21:15,5h 15m,11,S M T W T F S,2S CC 3A 2A 1A,310 km,59 km/hr,22977
12151,Samarsata SF Express (PT),SF,CR,,,LTT,20:35,SHM,7:45,35h 10m,21,W T,SL 3A 2A 1A,2070 km,59 km/hr,12152
12685,MGR Chennai Central - Mangaluru Central SF Express (PT),SF,SR,,,MAS,16:20,MAQ,7:20,15h 0m,19,S M T W T F S,SL 3A 2A 1A 3E,889 km,59 km/hr,12686
12412,Amritsar - Chandigarh Intercity Express,SF,NR,,,ASR,17:05,CDG,21:15,4h 10m,8,S M T W T F S,2S SL CC 3E,248 km,59 km/hr,12411
12148,Hazrat Nizamuddin - SCSMT Kolhapur SF Express,SF,CR,,,NZM,5:10,KOP,13:30,32h 20m,19,T,SL 3A 2A,1913 km,59 km/hr,12147
20493,Madurai - Chandigarh SF Express (PT),SF,NR,,,MDU,23:40,CDG,3:30,51h 50m,29,S W,SL 3A 2A 3E,3074 km,59 km/hr,20494
12106,Vidarbha SF Express (PT),SF,CR,,,G,14:30,CSMT,6:50,16h 20m,25,S M T W T F S,SL 3A 2A 1A 3E,965 km,59 km/hr,12105
20642,Coimbatore - Bengaluru Cantt. Vande Bharat Express,VB,SR,,,CBE,7:25,BNC,13:45,6h 20m,5,S M T W F S,CC Ex,374 km,59 km/hr,20641
20641,Bengaluru Cantt. - Coimbatore Vande Bharat Express,VB,SR,,,BNC,14:20,CBE,20:40,6h 20m,5,S M T W F S,CC Ex,374 km,59 km/hr,20642
12254,Anga Express (PT),SF,SWR,,,BGP,13:55,SMVB,7:30,41h 35m,29,W,SL 3A 2A 1A,2449 km,59 km/hr,12253
12107,Mumbai LTT - Sitapur Jn. SF Express (PT),SF,CR,,,LTT,16:25,STP,17:35,25h 10m,12,M W S,SL 3A 2A,1493 km,59 km/hr,12108
22905,Okha - Shalimar Weekly SF Express,SF,WR,,,OKHA,8:40,SHM,4:35,43h 55m,31,S,SL 3A 2A 1A,2581 km,59 km/hr,22906
12906,Shalimar - Porbandar SF Express (PT),SF,WR,,,SHM,20:15,PBR,15:20,43h 5m,30,F S,SL 3A 2A 1A,2543 km,59 km/hr,12905
22641,Thiruvananthapuram Central - Shalimar SF Express (PT),SF,SR,,,TVC,16:55,SHM,12:30,43h 35m,35,T S,SL 3A 2A 3E,2560 km,59 km/hr,22642
22102,Madurai - Mumbai LTT Weekly SF Express (PT),SF,CR,,,MDU,16:00,LTT,20:30,28h 30m,23,F,SL 3A 2A,1695 km,59 km/hr,22101
19410,Gorakhpur - Sabarmati Express,Exp,WR,,,GKP,4:55,SBIB,9:55,29h 0m,28,M S,SL 3A 2A,1563 km,54 km/hr,19409
22966,Bhagat Ki Kothi - Bandra Terminus SF Express,SF,WR,,,BGKT,19:30,BDTS,11:20,15h 50m,9,S,SL 3A 2A 1A 3E,935 km,59 km/hr,22965
12445,Uttar Sampark Kranti Express (PT),SKr,NR,,,NDLS,20:50,SVDK,7:55,11h 5m,10,S M T W T F S,SL 3A 2A 1A 3E,655 km,59 km/hr,12446
22834,SMVT Bengaluru - Bhubaneswar Humsafar Express,Hms,ECoR,,,SMVB,16:40,BBS,18:25,25h 45m,18,T,3A,1516 km,59 km/hr,22833
22919,MGR Chennai Central - Ahmedabad Humsafar Express,Hms,WR,,,MAS,16:00,ADI,21:15,29h 15m,13,W,2S SL 3A,1718 km,59 km/hr,22920
22950,Delhi Sarai Rohilla - Bandra Terminus SF Express,SF,WR,,,DEE,16:15,BDTS,15:10,22h 55m,25,T,SL 3A 2A 1A 3E,1348 km,59 km/hr,22949
22868,Hazrat Nizamuddin - Durg Humsafar Express,Hms,SECR,,,NZM,11:25,DURG,9:10,21h 45m,14,W S,3A,1274 km,59 km/hr,22867
12497,Shan-e-Punjab Express,SF,NR,,,NDLS,6:40,ASR,14:15,7h 35m,11,S M T W T F S,2S CC,448 km,59 km/hr,12498
12446,Uttar Sampark Kranti Express (PT),SKr,NR,,,SVDK,19:50,NDLS,6:55,11h 5m,10,S M T W T F S,SL 3A 2A 1A 3E,655 km,59 km/hr,12445
12647,Kongu SF Express (PT),SF,SR,,,CBE,16:30,NZM,14:15,45h 45m,23,S,SL 3A 2A,2687 km,59 km/hr,12648
20504,New Delhi - Dibrugarh Rajdhani Express (via Moranhat),Raj,NFR,,,NDLS,11:25,DBRG,5:00,41h 35m,24,M T W F S,3A 2A 1A,2471 km,59 km/hr,20503
20503,Dibrugarh - New Delhi Rajdhani Express (via Moranhat),Raj,NFR,,,DBRG,19:40,NDLS,13:38,41h 58m,24,S T W T S,3A 2A 1A,2471 km,59 km/hr,20504
22417,Varanasi - New Delhi Mahamana Express,SF,NR,,,BSB,18:55,NDLS,8:05,13h 10m,7,T T S,SL 3A 2A 1A,774 km,59 km/hr,22418
20951,Okha - Jaipur Weekly SF Express (PT),SF,WR,,,OKHA,21:30,JP,15:20,17h 50m,19,M,SL 3A 2A 1A 3E,1058 km,59 km/hr,20952
22826,MGR Chennai Central - Shalimar Weekly SF Express (PT),SF,SER,,,MAS,19:50,SHM,0:05,28h 15m,22,W,SL 3A 2A,1659 km,59 km/hr,22825
22866,Puri - Mumbai LTT SF Express (via Jharsuguda Road),SF,ECoR,,,PURI,6:00,LTT,13:00,31h 0m,17,T,SL 3A 2A 1A 3E,1843 km,59 km/hr,22865
12583,Lucknow Jn. - Anand Vihar Terminal AC Double Decker Express,DD,NER,,,LJN,4:55,ANVT,13:00,8h 5m,3,S T T F,CC,479 km,59 km/hr,12584
12019,Howrah - Ranchi Shatabdi Express,Shtb,ER,,,HWH,6:05,RNC,13:15,7h 10m,7,M T W T F S,CC Ex,421 km,59 km/hr,12020
20679,MGR Chennai Central - SSS Hubballi Weekly SF Express (via SMVT Bengaluru) (PT),SF,SWR,,,MAS,15:00,UBL,5:00,14h 0m,15,F,SL 3A 2A 1A 3E,826 km,59 km/hr,20680
13051,Netaji Express (PT),Exp,ER,,,HWH,21:55,KLK,3:00,29h 5m,39,S M T W T F S,SL 3A 2A 1A,1714 km,59 km/hr,13052
12480,Suryanagari SF Express (PT),SF,NWR,,,BDTS,13:25,JU,5:15,15h 50m,15,S M T W T F S,SL 3A 2A 1A 3E,939 km,59 km/hr,12479
12669,Ganga Kaveri Express (PT),SF,SR,,,MAS,17:40,CPR,9:35,39h 55m,21,M S,SL 3A 2A 1A 3E,2339 km,59 km/hr,12670
12937,Garba SF Express (PT),SF,WR,,,GIMB,18:25,HWH,12:55,42h 30m,19,S,SL 3A 2A,2514 km,59 km/hr,12938
22199,Sushasan Express,SF,NCR,,,GWL,14:45,BLP,6:50,16h 5m,10,W,SL 3A 2A 3E,953 km,59 km/hr,22200
22921,Bandra Terminus - Gorakhpur Antyodaya Express,Ant,WR,,,BDTS,5:10,GKP,15:30,34h 20m,19,S,,2026 km,59 km/hr,22922
12284,Hazrat Nizamuddin - Ernakulam Jn. Duronto Express,Drnt,NR,,,NZM,21:40,ERS,18:15,44h 35m,10,S,2S SL 3A 2A 1A,2639 km,59 km/hr,12283
12704,Falaknuma Express (PT),SF,SCR,,,SC,15:55,HWH,18:10,26h 15m,25,S M T W T F S,SL 2A 1A 3E,1544 km,59 km/hr,12703
12062,Madan Mahal - Rani Kamalapati Jan Shatabdi Express,JShtb,WCR,,,MML,5:40,RKMP,11:15,5h 35m,7,S M T W T F S,2S CC EV,327 km,59 km/hr,12061
12703,Falaknuma Express (PT),SF,SCR,,,HWH,8:25,SC,10:30,26h 5m,24,S M T W T F S,SL 2A 1A 3E,1544 km,59 km/hr,12704
22935,Bandra Terminus - Palitana Weekly SF Express,SF,WR,,,BDTS,16:45,PIT,6:00,13h 15m,10,T,SL 3A 2A 1A,787 km,59 km/hr,22936
12714,Satavahana SF Express,SF,SCoR,,,SC,16:25,BZA,22:20,5h 55m,9,S M T W T F S,2S CC 3E,349 km,59 km/hr,12713
20831,Mahima Gosain Express,SF,ECoR,,,SHM,21:20,SBP,8:35,11h 15m,10,M W F,SL 3A 2A,667 km,59 km/hr,20832
22655,Ernakulam Jn. - Hazrat Nizamuddin SF Express (PT),SF,SR,,,ERS,2:15,NZM,22:40,44h 25m,24,W,SL 3A 2A 3E,2639 km,59 km/hr,22656
20667,Yesvantpur - Khatipura (Jaipur) SF Express,SF,SWR,,,YPR,12:00,KWP,6:05,42h 5m,26,T,SL 3A 2A,2467 km,59 km/hr,20668
12413,Galta Dham Pooja SF Express (PT),SF,NR,,,AII,14:10,JAT,7:30,17h 20m,19,S M T W T F S,SL 3A 2A 1A 3E,1018 km,59 km/hr,12414
12710,Simhapuri SF Express (PT),SF,SCR,,,SC,22:05,GDR,8:55,10h 50m,14,S M T W T F S,SL 2A 1A 3E,642 km,59 km/hr,12709
22653,Thiruvananthapuram Central - Hazrat Nizamuddin SF Express (via Kottayam) (PT),SF,SR,,,TVC,22:00,NZM,22:40,48h 40m,29,F,SL 3A 2A 3E,2857 km,59 km/hr,22654
12969,Coimbatore - Jaipur SF Express (PT),SF,NWR,,,CBE,9:25,JP,6:45,45h 20m,36,F,SL 3A 2A 1A 3E,2679 km,59 km/hr,12970
12967,MGR Chennai Central - Jaipur SF Express (PT),SF,NWR,,,MAS,17:40,JP,6:45,37h 5m,31,S T,SL 3A 2A 1A 3E,2184 km,59 km/hr,12968
22817,Howrah - Mysuru Weekly SF Express (PT),SF,SER,,,HWH,16:00,MYS,3:35,35h 35m,19,F,SL 3A 2A 1A 3E,2100 km,59 km/hr,22818
20164,Jabalpur - Bandra Terminus Weekly Superfast Express,SF,WCR,29-May,,JBP,17:00,BDTS,14:15,21h 15m,12,F,SL 3A 2A 1A,1259 km,59 km/hr,20163
22851,Santragachi - Mangaluru Central Vivek Express (PT),SF,SER,,,SRC,14:55,MAQ,8:50,41h 55m,38,T,SL 3A 2A,2488 km,59 km/hr,22852
12982,Asarva (Ahmedabad) - Khatipura (Jaipur) SF Express,SF,NWR,,,ASV,19:55,KWP,8:25,12h 30m,19,S M T W T F S,SL 3A 2A 1A 3E,741 km,59 km/hr,12981
22878,Ernakulam - Howrah Antyodaya Express,Ant,SER,,,ERS,23:25,HWH,14:05,38h 40m,23,M,,2288 km,59 km/hr,22877
20657,SSS Hubballi - Hazrat Nizamuddin Superfast Express (PT),SF,SWR,,,UBL,23:50,NZM,10:40,34h 50m,17,F,SL 3A 2A 1A 3E,2062 km,59 km/hr,20658
22363,Dhanbad - Coimbatore Amrit Bharat Express,AB,ECR,,,DHN,16:10,CBE,18:30,50h 20m,39,S,SL,2976 km,59 km/hr,22364
12598,Mumbai CSMT - Gorakhpur Antyodaya Express,Ant,NER,,,CSMT,13:30,GKP,18:20,28h 50m,11,W,,1695 km,59 km/hr,12597
12164,MGR Chennai Central - Mumbai LTT SF Express (PT),SF,CR,,,MAS,18:25,LTT,15:55,21h 30m,23,S M T W T F S,SL 3A 2A,1263 km,59 km/hr,12163
22202,Puri - Sealdah Duronto Express,Drnt,ER,,,PURI,19:25,SDAH,4:15,8h 50m,2,T T S,2S SL 3A 2A 1A,518 km,59 km/hr,22201
20958,Hisar - Indore SF Express,SF,WR,,,HSR,13:20,INDB,6:45,17h 25m,15,M T S,SL 3A 2A 1A 3E,1022 km,59 km/hr,20957
22979,Hisar - Khadki (Pune) SF Express,SF,NWR,26-Jul,,HSR,4:20,KK,8:00,27h 40m,22,S,SL 3A 2A 1A 3E,1642 km,59 km/hr,22980
14056,Anand Vihar Terminal - Mau Express (Via Prayagraj),Exp,NR,24-Jun,,ANVT,15:00,MAU,5:45,14h 45m,8,W,SL 3A 2A 1A 3E,869 km,59 km/hr,14055
20487,Malani SF Express,SF,NWR,,,BME,22:30,DEE,12:30,14h 0m,19,M T,SL 3A 2A 1A,822 km,59 km/hr,20488
22511,Mumbai LTT - Kamakhya Karmabhoomi Express (PT),SF,NFR,,,LTT,13:15,KYQ,15:35,50h 20m,29,T,SL 3A 2A 1A,2952 km,59 km/hr,22512
22121,Mumbai LTT - Lucknow AC SF Express,ACSF,CR,,,LTT,13:35,LKO,13:20,23h 45m,9,S,3A 2A 1A,1407 km,59 km/hr,22122
12280,Taj Express,SF,NR,,,NDLS,6:55,VGLJ,13:55,7h 0m,10,S M T W T F S,2S CC,411 km,59 km/hr,12279
12128,Pune - Mumbai CSMT Intercity SF Express,SF,CR,,,PUNE,17:50,CSMT,21:05,3h 15m,4,S M T W T F S,2S CC,192 km,59 km/hr,12127
12182,Dayodaya SF Express,SF,WCR,,,AII,15:20,JBP,8:45,17h 25m,23,S M T W T F S,SL 3A 2A 1A 3E,1026 km,59 km/hr,12181
12181,Dayodaya SF Express,SF,WCR,,,JBP,20:35,AII,14:00,17h 25m,23,S M T W T F S,SL 3A 2A 1A 3E,1026 km,59 km/hr,12182
26506,Banaras - Khajuraho Vande Bharat Express,VB,NER,,,BNRS,5:15,KURJ,13:10,7h 55m,5,S M T W F S,CC Ex,469 km,59 km/hr,26505
12924,Nagpur - Dr. Ambedkar Nagar SF Express,SF,WR,,,NGP,19:00,DADN,5:45,10h 45m,12,W,SL 3A 2A 3E,629 km,58 km/hr,12923
22421,Salasar SF Express,SF,NWR,,,DEE,7:05,JU,17:50,10h 45m,20,S M T W T F S,SL 3A 2A 1A,619 km,58 km/hr,22422
20993,Jaipur - Udaipur City SF Express,SF,NWR,,,JP,6:10,UDZ,13:30,7h 20m,11,S M T W T F S,2S SL CC 3A,429 km,58 km/hr,20994
15674,Kamakhya - Charlapalli Amrit Bharat Express,AB,NFR,,,KYQ,19:00,CHZ,14:40,43h 40m,41,S,SL,2524 km,58 km/hr,15673
16523,SMVT Bengaluru - Balurghat Express,Exp,SWR,,,SMVB,10:15,BLGT,4:15,42h 0m,41,W,SL 3A 2A,2417 km,58 km/hr,16524
20604,Nagercoil - New Jalpaiguri Amrit Bharat Express,AB,SR,,,NCJ,23:00,NJP,5:00,54h 0m,43,S,SL,3112 km,58 km/hr,20603
16107,Tambaram - Santragachi Amrit Bharat Express,AB,SR,,,TBM,15:30,SRC,20:15,28h 45m,26,F,SL,1668 km,58 km/hr,16108
22159,Mumbai CSMT - MGR Chennai Central SF Express (PT),SF,CR,,,CSMT,12:45,MAS,10:45,22h 0m,30,S M T W T F S,SL 2A 3E,1280 km,58 km/hr,22160
12870,Howrah - Mumbai CSMT Weekly SF Express (PT),SF,SER,,,HWH,13:55,CSMT,23:45,33h 50m,16,F,SL 3A 2A 1A 3E,1964 km,58 km/hr,12869
20506,New Delhi - Dibrugarh Rajdhani Express (Via Rangapara North),Raj,NFR,,,NDLS,11:25,DBRG,3:10,39h 45m,26,S T,3A 2A 1A,2294 km,58 km/hr,20505
20505,Dibrugarh - New Delhi Rajdhani Express (Via Rangapara North),Raj,NFR,,,DBRG,21:45,NDLS,13:38,39h 53m,26,M F,3A 2A 1A,2294 km,58 km/hr,20506
12335,Bhagalpur - Mumbai LTT SF Express (PT),SF,ER,,,BGP,8:55,LTT,17:50,32h 55m,37,T F,SL 3A 2A,1911 km,58 km/hr,12336
16613,Rajkot - Coimbatore Express (PT),Exp,SR,,,RJT,5:30,CBE,20:05,38h 35m,31,S,SL 3A 2A,2221 km,58 km/hr,16614
12905,Porbandar - Shalimar SF Express (PT),SF,WR,,,PBR,8:50,SHM,4:35,43h 45m,31,W T,SL 3A 2A 1A,2543 km,58 km/hr,12906
12869,Mumbai CSMT - Howrah Weekly SF Express (PT),SF,SER,,,CSMT,11:05,HWH,20:50,33h 45m,19,S,SL 3A 2A 1A 3E,1964 km,58 km/hr,12870
12864,SMVT Bengaluru - Howrah SF Express (PT),SF,SER,,,SMVB,10:40,HWH,20:10,33h 30m,33,S M T W T F S,SL 3A 2A 1A 3E,1942 km,58 km/hr,12863
20508,Anand Vihar Terminal - Sairang Rajdhani Express,Raj,NFR,,,ANVT,19:50,SANG,15:25,43h 35m,18,S,3A 2A 1A,2515 km,58 km/hr,20507
22482,Delhi Sarai Rohilla - Jodhpur SF Express,SF,NWR,,,DEE,23:00,JU,9:40,10h 40m,19,S M T W T F S,SL 3A 2A 1A 3E,619 km,58 km/hr,22481
22879,Bhubaneswar - Tirupati SF Express (PT),SF,ECoR,,,BBS,12:10,TPTY,8:30,20h 20m,19,S,SL 3A 2A 1A,1181 km,58 km/hr,22880
20820,Okha - Puri Dwarka SF Express (PT),SF,ECoR,,,OKHA,19:05,PURI,18:55,47h 50m,39,W,SL 3A 2A,2778 km,58 km/hr,20819
12708,Andhra Pradesh Sampark Kranti Express (PT),SKr,SCoR,,,NZM,5:20,TPTY,21:00,39h 40m,20,S W F,SL 3A 2A 1A,2303 km,58 km/hr,12707
12664,Tiruchchirappalli - Howrah SF Express (PT),SF,SR,,,TPJ,13:35,HWH,0:05,34h 30m,23,T F,SL 3A 2A 1A 3E,2003 km,58 km/hr,12663
22361,Rajendra Nagar Terminal - New Delhi Amrit Bharat Express (PT),AB,ECR,,,RJPB,19:50,NDLS,13:10,17h 20m,8,S M T W T F S,SL,999 km,58 km/hr,22362
12844,Ahmedabad - Puri SF Express (via Brahmapur) (PT),SF,ECoR,,,ADI,19:00,PURI,8:05,37h 5m,45,S M T S,SL 3A 2A,2135 km,58 km/hr,12843
12348,Sahid Express,SF,ER,,,RPH,16:40,HWH,20:15,3h 35m,7,S M T W T F S,2S SL CC 3A,207 km,58 km/hr,12347
12816,Nandan Kanan Express,SF,ECoR,,,ANVT,7:30,PURI,14:15,30h 45m,27,M W T S,SL 3A 2A 1A 3E,1790 km,58 km/hr,12815
22944,Indore - Daund SF Express (PT),SF,WR,,,INDB,16:30,DD,10:30,18h 0m,17,S M T W T F S,SL 3A 2A 1A,1041 km,58 km/hr,22943
12104,Lucknow Jn. - Pune SF Express (PT),SF,CR,,,LJN,16:20,PUNE,17:50,25h 30m,12,W,SL 3A 2A,1475 km,58 km/hr,12103
22485,New Delhi - Firozpur Cantt. Intercity SF Express,SF,NR,,,NDLS,7:00,FZR,14:50,7h 50m,13,M F,2S CC,452 km,58 km/hr,22486
12528,Anand Vihar Terminal - Chhapra SF Express,SF,NER,29-Jun,,ANVT,16:25,CPR,9:40,17h 15m,10,M,SL 3A 2A 1A 3E,1002 km,58 km/hr,12527
22137,Prerna Express (PT),SF,CR,,,NGP,8:15,ADI,0:45,16h 30m,14,S W S,SL 3A 2A,957 km,58 km/hr,22138
12782,Hazrat Nizamuddin - Mysuru Swarna Jayanti SF Express,SF,SWR,,,NZM,5:10,MYS,2:20,45h 10m,30,M,SL 3A 2A 1A,2617 km,58 km/hr,12781
12218,Kerala Sampark Kranti Express,SKr,NR,,,CDG,9:30,TVCN,14:30,53h 0m,24,W F,SL 3A 2A 1A 3E,3090 km,58 km/hr,12217
22501,SMVT Bengaluru - New Tinsukia SF Express (PT),SF,NFR,,,SMVB,3:30,NTSK,16:25,60h 55m,40,T,SL 3A 2A 1A,3543 km,58 km/hr,22502
22142,Nagpur - Pune Humsafar Express,Hms,CR,,,NGP,15:15,PUNE,6:25,15h 10m,7,F,3A 2A,885 km,58 km/hr,22141
12712,Pinakini SF Express,SF,SCoR,,,MAS,14:05,BZA,21:35,7h 30m,12,S M T W T F S,2S CC 3E,431 km,58 km/hr,12711
12993,Gandhidham - Puri Weekly SF Express (via Bhubaneswar) (PT),SF,WR,,,GIMB,23:10,PURI,14:40,39h 30m,24,F,SL 3A 2A,2286 km,58 km/hr,12994
12950,Santragachi - Porbandar Kavi Guru SF Express (PT),SF,WR,,,SRC,19:50,PBR,17:40,45h 50m,35,S,SL 3A 2A 1A,2654 km,58 km/hr,12949
12850,Pune - Bilaspur SF Express (PT),SF,SECR,,,PUNE,17:35,BSP,15:50,22h 15m,16,F,SL 3A 2A 1A 3E,1297 km,58 km/hr,12849
21903,Bandra Terminus - Bikaner AC SF Express (PT),ACSF,WR,,,BDTS,23:25,BKN,20:15,20h 50m,19,M,CC 3E,1214 km,58 km/hr,21904
12751,Hazur Sahib Nanded - Jammu Tawi Humsafar Express,Hms,SCR,,,NED,11:05,JAT,23:25,36h 20m,24,F,SL 3A,2103 km,58 km/hr,12752
22649,Yercaud SF Express (PT),SF,SR,,,MAS,23:00,ED,5:50,6h 50m,10,S M T W T F S,SL 3A 2A 1A,394 km,58 km/hr,22650
22634,Hazrat Nizamuddin - Thiruvananthapuram Central SF Express (via Alappuzha),SF,SR,,,NZM,22:15,TVC,23:20,49h 5m,27,F,SL 3A 2A 3E,2845 km,58 km/hr,22633
22183,Saket SF Express (PT),SF,CR,,,LTT,6:00,AYC,8:00,26h 0m,18,W S,SL 3A 2A,1500 km,58 km/hr,22184
22472,Delhi Sarai Rohilla - Lalgarh Intercity SF Express,SF,NWR,,,DEE,8:40,LGH,16:40,8h 0m,13,S M T W T F S,SL 3A 2A 1A,461 km,58 km/hr,22471
12551,SMVT Bengaluru - Kamakhya AC SF Express (PT),ACSF,NFR,,,SMVB,9:30,KYQ,13:45,52h 15m,29,S,3A 2A 1A,3011 km,58 km/hr,12552
22548,Gandhigram - Gwalior SF Express (PT),SF,NCR,,,GG,16:40,GWL,9:25,16h 45m,17,T F S,SL 3A 2A 3E,985 km,59 km/hr,22547
20847,Durg - MCTM Udhampur SF Express (via New Delhi) (PT),SF,SECR,,,DURG,11:00,MCTM,20:05,33h 5m,22,W,SL 3A 2A 1A 3E,1910 km,58 km/hr,20848
20916,Indore - Charlapalli Humsafar Express,Hms,WR,,,INDB,11:15,CHZ,14:15,27h 0m,12,S,2S SL 3A,1577 km,58 km/hr,20915
12147,SCSMT Kolhapur - Hazrat Nizamuddin SF Express (PT),SF,CR,,,KOP,9:35,NZM,18:45,33h 10m,19,T,SL 3A 2A,1913 km,58 km/hr,12148
12672,Nilgiri SF Express (PT),SF,SR,,,MTP,21:20,MAS,6:25,9h 5m,7,S M T W T F S,SL 3A 2A 1A 3E,531 km,58 km/hr,12671
22816,Ernakulam Jn. - Bilaspur SF Express (PT),SF,SECR,,,ERS,8:40,BSP,21:35,36h 55m,21,W,SL 3A 2A 1A 3E,2142 km,58 km/hr,22815
12349,Godda - New Delhi Weekly Humsafar Express,Hms,ER,,,GODA,14:05,NDLS,12:50,22h 45m,17,M,SL 3A,1326 km,58 km/hr,12350
22976,Ramnagar - Bandra Terminus SF Express (PT),SF,WR,,,RMR,16:25,BDTS,20:55,28h 30m,28,F,SL 3A 2A,1640 km,58 km/hr,22975
22931,Bandra Terminus - Jaisalmer SF Express (PT),SF,WR,,,BDTS,12:15,JSM,9:40,21h 25m,28,F,SL 3A 2A 1A,1238 km,58 km/hr,22932
12488,Seemanchal Express,SF,NR,,,ANVT,8:10,JBN,8:00,23h 50m,19,S M T W T F S,SL 3A 2A 3E,1380 km,58 km/hr,12487
20502,Anand Vihar Terminal - Agartala Tejas Rajdhani Express,Raj,NFR,,,ANVT,19:50,AGTL,16:25,44h 35m,20,W,3A 2A 1A,2593 km,58 km/hr,20501
20828,Santragachi - Jabalpur Humsafar Express,Hms,SER,,,SRC,20:15,JBP,15:25,19h 10m,10,W,3A,1117 km,58 km/hr,20827
22619,Bilaspur - Tirunelveli SF Express (PT),SF,SR,,,BSP,8:15,TEN,3:15,43h 0m,30,T,SL 3A 2A 3E,2491 km,58 km/hr,22620
12994,Puri - Gandhidham Weekly SF Express (via Bhubaneswar) (PT),SF,WR,,,PURI,19:45,GIMB,11:25,39h 40m,23,M,SL 3A 2A,2286 km,58 km/hr,12993
20848,MCTM Udhampur - Durg SF Express (via New Delhi),SF,SECR,,,MCTM,0:10,DURG,9:10,33h 0m,21,F,SL 3A 2A 1A 3E,1911 km,58 km/hr,20847
20917,Indore - Puri Humsafar Express,Hms,WR,,,INDB,15:05,PURI,18:45,27h 40m,15,T,2S SL 3A,1601 km,58 km/hr,20918
12160,Jabalpur - Amravati SF Express,SF,WCR,,,JBP,21:20,AMI,9:50,12h 30m,20,S M T W T F S,SL 3A 2A 1A 3E,724 km,58 km/hr,12159
22146,Rewa - Bhopal SF Express,SF,WCR,,,REWA,22:20,BPL,8:15,9h 55m,10,M S,SL 3A 2A 1A,575 km,58 km/hr,22145
20692,Nagercoil - Tambaram Antyodaya SF Express,Ant,SR,,,NCJ,15:50,TBM,5:05,13h 15m,19,S M T W T F S,,764 km,58 km/hr,20691
20984,Delhi Sarai Rohilla - Bhuj SF Express,SF,WR,,,DEE,15:00,BHUJ,11:00,20h 0m,18,W S,SL 3A 2A 1A,1155 km,58 km/hr,20983
12721,Dakshin SF Express (PT),SF,SCR,,,HYB,23:00,NZM,3:45,28h 45m,42,S M T W T F S,SL 3A 2A,1670 km,58 km/hr,12722
20904,Varanasi - Ekta Nagar Mahamana Express,SF,WR,,,BSB,5:25,EKNR,9:00,27h 35m,11,T,SL 3A 2A 1A,1613 km,58 km/hr,20903
22664,Jodhpur - Tambaram Weekly SF Express (PT),SF,SR,,,JU,0:15,TBM,17:10,40h 55m,29,T,SL 3A 2A,2378 km,58 km/hr,22663
22663,Tambaram - Jodhpur Weekly SF Express (PT),SF,SR,,,TBM,14:50,JU,8:05,41h 15m,29,S,SL 3A 2A,2378 km,58 km/hr,22664
12217,Kerala Sampark Kranti Express (PT),SKr,NR,,,TVCN,4:50,CDG,9:50,53h 0m,24,M S,SL 3A 2A 1A 3E,3090 km,58 km/hr,12218
22642,Shalimar - Thiruvananthapuram Central SF Express (PT),SF,SR,,,SHM,23:45,TVC,19:55,44h 10m,35,S T,SL 3A 2A 3E,2560 km,58 km/hr,22641
12163,Mumbai LTT - MGR Chennai Central SF Express (PT),SF,CR,,,LTT,18:30,MAS,16:10,21h 40m,24,S M T W T F S,SL 3A 2A,1263 km,58 km/hr,12164
22534,Yesvantpur - Gorakhpur SF Express (PT),SF,NER,,,YPR,23:40,GKP,18:55,43h 15m,23,W,SL 3A 2A 1A,2512 km,58 km/hr,22533
12347,Sahid Express,SF,ER,,,HWH,12:15,RPH,15:50,3h 35m,7,S M T W T F S,2S SL CC 3A,207 km,58 km/hr,12348
12697,MGR Chennai Central - Thiruvananthapuram Central Weekly SF Express (PT),SF,SR,,,MAS,15:10,TVC,6:40,15h 30m,11,S,SL 3A 2A 3E,893 km,58 km/hr,12698
18428,Anand Vihar Terminal - Puri Weekly Express,Exp,ECoR,,,ANVT,17:20,PURI,23:55,30h 35m,21,S,SL 3A 2A 1A 3E,1786 km,58 km/hr,18427
22651,MGR Chennai Central - Palakkad Jn. SF Express (PT),SF,SR,,,MAS,21:30,PGT,9:10,11h 40m,18,S M T W T F S,SL 3A 2A 1A,673 km,58 km/hr,22652
12295,Sanghamitra SF Express (PT),SF,SWR,,,SMVB,9:15,DNR,7:40,46h 25m,34,S M T W T F S,SL 3A 2A 1A,2681 km,58 km/hr,12296
22178,Mahanagari SF Express,SF,CR,,,BNRS,9:35,CSMT,11:40,26h 5m,27,S M T W T F S,SL 3A 2A 1A,1511 km,58 km/hr,22177
20802,Magadh Express,SF,SER,,,NDLS,21:05,IPR,15:25,18h 20m,27,S M T W T F S,SL 3A 2A 1A 3E,1063 km,58 km/hr,20801
22101,Mumbai LTT - Madurai Weekly SF Express (PT),SF,CR,,,LTT,13:15,MDU,18:30,29h 15m,24,W,SL 3A 2A,1695 km,58 km/hr,22102
18609,Ranchi - Mumbai LTT Express (PT),Exp,SER,,,RNC,20:45,LTT,7:25,34h 40m,26,W,SL 3A 2A 1A,2004 km,58 km/hr,18610
12774,Secunderabad - Shalimar AC SF Express (PT),ACSF,SCR,,,SC,3:55,SHM,6:50,26h 55m,14,T,3A 2A 1A,1574 km,58 km/hr,12773
22923,Bandra Terminus - Jamnagar Humsafar Express,Hms,WR,,,BDTS,23:55,JAM,13:55,14h 0m,12,M T S,SL 3A,813 km,58 km/hr,22924
12879,Mumbai LTT - Bhubaneswar SF Express (PT),SF,ECoR,,,LTT,0:15,BBS,7:00,30h 45m,19,W S,SL 3A 2A 1A,1782 km,58 km/hr,12880
22854,Visakhapatnam - Shalimar SF Express,SF,SER,,,VSKP,15:35,SHM,6:50,15h 15m,14,W,SL 3A 2A 1A 3E,879 km,58 km/hr,22853
22920,Ahmedabad - MGR Chennai Central Humsafar Express,Hms,WR,,,ADI,9:40,MAS,15:05,29h 25m,12,M,2S SL 3A,1718 km,58 km/hr,22919
12161,Lashkar SF Express (PT),SF,CR,,,LTT,16:25,AGC,15:20,22h 55m,17,F,SL 3A 2A,1330 km,58 km/hr,12162
22860,MGR Chennai Central - Puri SF Express (PT),SF,ECoR,,,MAS,16:25,PURI,13:55,21h 30m,19,M,SL 3A 2A,1250 km,58 km/hr,22859
12936,Surat - Bandra Terminus InterCity Express,SF,WR,,,ST,16:25,BDTS,20:45,4h 20m,10,S M T W T F S,2S CC,252 km,58 km/hr,12935
12479,Suryanagari SF Express (PT),SF,NWR,,,JU,19:40,BDTS,11:45,16h 5m,15,S M T W T F S,SL 3A 2A 1A 3E,939 km,58 km/hr,12480
20678,Narasapur - MGR Chennai Central Vande Bharat Express,VB,SR,,,NS,14:50,MAS,23:45,8h 55m,7,S M W T F S,CC Ex,652 km,73 km/hr,20677
22539,Mau - Anand Vihar Terminal SF Express (Via Sultanpur),SF,NER,,,MAU,20:50,ANVT,11:30,14h 40m,6,T F,SL 3A 2A 1A 3E,851 km,58 km/hr,22540
22914,Saharsa - Bandra Terminus Humsafar Express,Hms,WR,,,SHC,17:20,BDTS,4:45,35h 25m,15,T,2S SL 3A,2056 km,58 km/hr,22913
22118,Amravati - Pune AC SF Express,ACSF,CR,,,AMI,18:50,PUNE,7:15,12h 25m,9,T,2S 3A 2A 1A,720 km,58 km/hr,22117
22408,Hazrat Nizamuddin - Ambikapur SF Express,SF,NR,,,NZM,23:00,ABKP,18:50,19h 50m,14,T,SL 3A 2A 1A,1153 km,58 km/hr,22407
12998,Barmer - Bandra Terminus Humsafar Express,Hms,WR,,,BME,22:50,BDTS,15:50,17h 0m,20,T,SL 3A,994 km,58 km/hr,12997
20952,Jaipur - Okha Weekly SF Express,SF,WR,,,JP,17:40,OKHA,11:50,18h 10m,19,T,SL 3A 2A 1A 3E,1058 km,58 km/hr,20951
20933,Udhna - Danapur SF Express (PT),SF,WR,,,UDN,8:35,DNR,11:50,27h 15m,16,T S,SL 3A 2A,1593 km,58 km/hr,20934
20846,Bikaner - Bilaspur SF Express (PT),SF,SECR,,,BKN,1:45,BSP,10:25,32h 40m,32,S T,SL 3A 2A 1A 3E,1884 km,58 km/hr,20845
12577,Bagmati Express (PT),SF,ECR,,,DBG,15:30,MYS,20:00,52h 30m,36,T,SL 3A 2A 1A 3E,3036 km,58 km/hr,12578
12630,Karnataka Sampark Kranti Express (Via Pune) (PT),SKr,SWR,,,NZM,8:30,YPR,5:25,44h 55m,14,W F,SL 3A 2A 1A,2610 km,58 km/hr,12629
12629,Karnataka Sampark Kranti Express (Via Pune) (PT),SKr,SWR,,,YPR,15:00,NZM,11:40,44h 40m,15,T T,SL 3A 2A 1A,2610 km,58 km/hr,12630
12843,Puri - Ahmedabad SF Express (via Brahmapur) (PT),SF,ECoR,,,PURI,17:30,ADI,6:25,36h 55m,45,T T F S,SL 3A 2A,2135 km,58 km/hr,12844
12665,Howrah - Kanniyakumari SF Express (PT),SF,SR,,,HWH,16:00,CAPE,9:45,41h 45m,28,M,SL 3A 2A,2406 km,58 km/hr,12666
12813,Steel Express (PT),SF,SER,,,HWH,17:10,TATA,21:25,4h 15m,6,S M T W T F S,2S CC Ex 3E,249 km,58 km/hr,12814
22871,Bhubaneswar - Tirupati Weekly SF Express,SF,ECoR,,,BBS,12:10,TPTY,8:30,20h 20m,17,S,SL 3A 2A 1A,1181 km,58 km/hr,22872
12166,Gorakhpur - Mumbai LTT SF Express (Via Prayagraj) (PT),SF,CR,,,GKP,15:25,LTT,20:50,29h 25m,16,T F S,SL 3A 2A,1707 km,58 km/hr,12165
22606,Tirunelveli - Purulia SF Express (PT),SF,SR,,,TEN,3:15,PRR,23:15,44h 0m,35,W S,SL 3A 2A,2536 km,58 km/hr,22605
22554,Mumbai LTT - Raxaul Antyodaya SF Express (via Patliputra),Ant,ECR,,,LTT,7:55,RXL,16:50,32h 55m,16,W,,1907 km,58 km/hr,22553
22992,Bhagat Ki Kothi - Valsad SF Express,SF,WR,,,BGKT,19:30,BL,8:30,13h 0m,16,W,SL 3A 2A,752 km,58 km/hr,22991
12129,Azad Hind Express (PT),SF,CR,,,PUNE,18:35,HWH,5:25,34h 50m,31,S M T W T F S,SL 3A 2A,2013 km,58 km/hr,12130
20414,Kashi Mahakal SF Express (Via Lucknow),SF,NR,,,INDB,10:15,BSB,5:45,19h 30m,8,W F,SL 3A 2A 1A 3E,1135 km,58 km/hr,20413
12318,Akal Takht Express,SF,ER,,,ASR,5:55,KOAA,14:50,32h 55m,22,T F,SL 3A 2A 1A 3E,1897 km,58 km/hr,12317
22939,Okha - Bilaspur SF Express (PT),SF,WR,,,OKHA,19:05,BSP,3:00,31h 55m,25,S,SL 3A 2A 1A 3E,1867 km,58 km/hr,22940
12484,Amritsar - Thiruvananthapuram North (Kochuveli) Weekly SF Express,SF,NR,,,ASR,5:55,TVCN,14:30,56h 35m,26,S,SL 3A 2A 1A,3294 km,58 km/hr,12483
22940,Bilaspur - Okha SF Express (PT),SF,WR,,,BSP,10:45,OKHA,18:50,32h 5m,25,M,SL 3A 2A 1A 3E,1867 km,58 km/hr,22939
12054,Amritsar - Haridwar Jan Shatabdi Express,JShtb,NR,,,ASR,6:50,HW,13:50,7h 0m,9,S M T W F S,2S CC,407 km,58 km/hr,12053
19326,Amritsar - Indore SF Express,SF,WR,,,ASR,1:50,INDB,0:55,23h 5m,24,S T,SL 3A 2A 1A 3E,1336 km,58 km/hr,19325
22973,Gandhidham - Puri Weekly SF Express (via Vizianagaram) (PT),SF,WR,,,GIMB,14:00,PURI,8:05,42h 5m,38,W,SL 3A 2A,2435 km,58 km/hr,22974
12483,Thiruvananthapuram North (Kochuveli) - Amritsar SF Express (PT),SF,NR,,,TVCN,4:50,ASR,13:50,57h 0m,26,W,SL 3A 2A 1A,3294 km,58 km/hr,12484
22936,Palitana - Bandra Terminus Weekly SF Express (PT),SF,WR,,,PIT,20:00,BDTS,9:30,13h 30m,10,W,SL 3A 2A 1A,787 km,58 km/hr,22935
12457,Delhi Sarai Rohilla - Bikaner SF Express (via Churu),SF,NWR,,,DEE,23:35,BKN,7:30,7h 55m,12,S M T W T F S,SL 3A 2A 1A,457 km,58 km/hr,12458
22856,Tirupati - Santragachi Weekly SF Express (PT),SF,SER,,,TPTY,19:50,SRC,23:45,27h 55m,17,M,SL 3A 2A,1610 km,58 km/hr,22855
22668,Coimbatore - Nagercoil SF Express (PT),SF,SR,,,CBE,19:30,NCJ,4:40,9h 10m,11,S M T W T F S,SL 3A 2A 1A,533 km,58 km/hr,22667
22656,Hazrat Nizamuddin - Ernakulam Jn. SF Express,SF,SR,,,NZM,5:00,ERS,2:35,45h 35m,24,F,SL 3A 2A 3E,2639 km,58 km/hr,22655
12709,Simhapuri SF Express (PT),SF,SCR,,,GDR,18:35,SC,5:45,11h 10m,14,S M T W T F S,SL 2A 1A 3E,642 km,58 km/hr,12710
22850,Secunderabad - Shalimar Weekly SF Express (PT),SF,SER,,,SC,3:55,SHM,6:50,26h 55m,19,F,SL 3A 2A 1A 3E,1574 km,58 km/hr,22849
22852,Mangaluru Central - Santragachi Vivek Express (PT),SF,SER,,,MAQ,23:00,SRC,18:00,43h 0m,38,S,SL 3A 2A,2488 km,58 km/hr,22851
12458,Bikaner - Delhi Sarai Rohilla SF Express (via Churu),SF,NWR,,,BKN,22:10,DEE,6:05,7h 55m,12,S M T W T F S,SL 3A 2A 1A,457 km,58 km/hr,12457
12722,Dakshin SF Express (PT),SF,SCR,,,NZM,22:50,HYB,3:50,29h 0m,43,S M T W T F S,SL 3A 2A,1670 km,58 km/hr,12721
19436,Asansol - Ahmedabad Weekly Express,Exp,WR,,,ASN,19:35,ADI,12:00,40h 25m,28,S,SL 3A 2A 3E,2326 km,58 km/hr,19435
20850,Rameswaram - Bhubaneswar Weekly SF Express (PT),SF,ECoR,,,RMM,9:45,BBS,18:25,32h 40m,25,S,SL 3A 2A,1895 km,58 km/hr,20849
12867,Howrah - Puducherry SF Express (PT),SF,SER,,,HWH,23:20,PDY,8:30,33h 10m,16,S,SL 3A 2A 1A 3E,1921 km,58 km/hr,12868
20966,Bhavnagar Terminus - Sabarmati SF Intercity Express,SF,WR,,,BVC,6:00,SBIB,10:30,4h 30m,9,S M T W T F S,2S SL CC,261 km,58 km/hr,20965
12981,Khatipura (Jaipur) - Asarva (Ahmedabad) SF Express,SF,NWR,,,KWP,20:05,ASV,8:40,12h 35m,19,S M T W T F S,SL 3A 2A 1A 3E,741 km,59 km/hr,12982
20438,Udhna - Prayagraj Amrit Bharat Express,AB,NCR,25-Aug,,UDN,6:45,PRYJ,7:30,24h 45m,14,T,SL,1440 km,58 km/hr,20437
22604,Villupuram - Kharagpur SF Express (PT),SF,SR,,,VM,11:05,KGP,18:35,31h 30m,18,T,SL 3A 2A,1832 km,58 km/hr,22603
20952,Jaipur - Okha Weekly SF Express,SF,WR,,,JP,17:40,OKHA,11:50,18h 10m,19,T,SL 3A 2A 1A 3E,1058 km,58 km/hr,20951
20937,Porbandar - Delhi Sarai Rohilla SF Express (PT),SF,WR,,,PBR,19:40,DEE,19:30,23h 50m,26,T S,SL 3A 2A 1A,1374 km,58 km/hr,20938
20846,Bikaner - Bilaspur SF Express (PT),SF,SECR,,,BKN,1:45,BSP,10:25,32h 40m,32,S T,SL 3A 2A 1A 3E,1884 km,58 km/hr,20845
22893,Sainagar Shirdi - Howrah SF Express (PT),SF,SER,,,SNSI,14:10,HWH,20:50,30h 40m,15,S,SL 3A 2A,1788 km,58 km/hr,22894
22936,Palitana - Bandra Terminus Weekly SF Express (PT),SF,WR,,,PIT,20:00,BDTS,9:30,13h 30m,10,W,SL 3A 2A 1A,787 km,58 km/hr,22935
12479,Suryanagari SF Express (PT),SF,NWR,,,JU,19:40,BDTS,11:45,16h 5m,15,S M T W T F S,SL 3A 2A 1A 3E,939 km,58 km/hr,12480
22183,Saket SF Express (PT),SF,CR,,,LTT,6:00,AYC,8:00,26h 0m,18,W S,SL 3A 2A,1500 km,58 km/hr,22184
22482,Delhi Sarai Rohilla - Jodhpur SF Express,SF,NWR,,,DEE,23:00,JU,9:40,10h 40m,19,S M T W T F S,SL 3A 2A 1A 3E,619 km,58 km/hr,22481
12993,Gandhidham - Puri Weekly SF Express (via Bhubaneswar) (PT),SF,WR,,,GIMB,23:10,PURI,14:40,39h 30m,24,F,SL 3A 2A,2286 km,58 km/hr,12994
22606,Tirunelveli - Purulia SF Express (PT),SF,SR,,,TEN,3:15,PRR,23:15,44h 0m,35,W S,SL 3A 2A,2536 km,58 km/hr,22605
12928,Ekta Nagar (Kevadiya) - Dadar Western SF Express (PT),SF,WR,,,EKNR,21:25,DDR,5:30,8h 5m,5,S M T W T F S,SL 3A 2A 1A 3E,469 km,58 km/hr,12927
20847,Durg - MCTM Udhampur SF Express (via New Delhi) (PT),SF,SECR,,,DURG,11:00,MCTM,20:05,33h 5m,22,W,SL 3A 2A 1A 3E,1910 km,58 km/hr,20848
12994,Puri - Gandhidham Weekly SF Express (via Bhubaneswar) (PT),SF,WR,,,PURI,19:45,GIMB,11:25,39h 40m,23,M,SL 3A 2A,2286 km,58 km/hr,12993
22939,Okha - Bilaspur SF Express (PT),SF,WR,,,OKHA,19:05,BSP,3:00,31h 55m,25,S,SL 3A 2A 1A 3E,1867 km,58 km/hr,22940
12929,Valsad - Vadodara Intercity SF Express,SF,WR,,,BL,7:15,BRC,10:40,3h 25m,11,S M T W T F S,2S CC,199 km,58 km/hr,12930
22816,Ernakulam Jn. - Bilaspur SF Express (PT),SF,SECR,,,ERS,8:40,BSP,21:35,36h 55m,21,W,SL 3A 2A 1A 3E,2142 km,58 km/hr,22815
22846,Hatia - Pune SF Express (PT),SF,SER,,,HTE,20:00,PUNE,2:15,30h 15m,18,M F,SL 3A 2A 1A,1766 km,58 km/hr,22845
22604,Villupuram - Kharagpur SF Express (PT),SF,SR,,,VM,11:05,KGP,18:35,31h 30m,18,T,SL 3A 2A,1832 km,58 km/hr,22603
12998,Barmer - Bandra Terminus Humsafar Express,Hms,WR,,,BME,22:50,BDTS,15:50,17h 0m,20,T,SL 3A,994 km,58 km/hr,12997
12813,Steel Express (PT),SF,SER,,,HWH,17:10,TATA,21:25,4h 15m,6,S M T W T F S,2S CC Ex 3E,249 km,58 km/hr,12814
22992,Bhagat Ki Kothi - Valsad SF Express,SF,WR,,,BGKT,19:30,BL,8:30,13h 0m,16,W,SL 3A 2A,752 km,58 km/hr,22991
12782,Hazrat Nizamuddin - Mysuru Swarna Jayanti SF Express,SF,SWR,,,NZM,5:10,MYS,2:20,45h 10m,30,M,SL 3A 2A 1A,2617 km,58 km/hr,12781
22554,Mumbai LTT - Raxaul Antyodaya SF Express (via Patliputra),Ant,ECR,,,LTT,7:55,RXL,16:50,32h 55m,16,W,,1907 km,58 km/hr,22553
12511,Gorakhpur - Thiruvananthapuram North Rapti Sagar SF Express (PT),SF,NER,,,GKP,6:33,TVCN,15:40,57h 7m,58,S T F,SL 3A 2A 1A,3236 km,57 km/hr,12512
19028,Jammu Tawi - Bandra Terminus Vivek Express,SF,WR,,,JAT,5:45,BDTS,15:00,33h 15m,32,M,SL 3A 2A 1A 3E,1883 km,57 km/hr,19027
12114,Nagpur - Pune Garib Rath Express (PT),GR,CR,,,NGP,18:00,PUNE,9:30,15h 30m,12,S T F,3A,885 km,57 km/hr,12113
22198,Pratham Swatantrata Sangram Express (PT),SF,NCR,,,VGLJ,21:20,KOAA,20:35,23h 15m,17,F,SL 3A 2A 3E,1324 km,57 km/hr,22197
22943,Daund - Indore SF Express (PT),SF,WR,,,DD,14:10,INDB,8:25,18h 15m,17,S M T W T F S,SL 3A 2A 1A,1041 km,57 km/hr,22944
22974,Puri - Gandhidham Weekly SF Express (via Vizianagaram) (PT),SF,WR,,,PURI,11:15,GIMB,5:55,42h 40m,35,S,SL 3A 2A,2435 km,57 km/hr,22973
20690,Shivamogga Town - Yesvantpur Intercity SF Express,SF,SWR,,,SMET,15:50,YPR,20:35,4h 45m,8,S M T W T F S,2S CC EV,268 km,57 km/hr,20689
22947,Surat - Bhagalpur SF Express (PT),SF,WR,,,UDN,10:20,BGP,18:30,32h 10m,34,T S,SL 3A 2A,1818 km,57 km/hr,22948
12350,New Delhi - Godda Weekly Humsafar Express,Hms,ER,,,NDLS,23:45,GODA,22:55,23h 10m,17,T,SL 3A,1326 km,57 km/hr,12349
22358,Gaya - Mumbai LTT SF Express (PT),SF,ECR,,,GAYA,19:05,LTT,5:50,34h 45m,21,W,SL 3A 2A 1A 3E,1990 km,57 km/hr,22357
22964,Bhavnagar Terminus - Bandra Terminus Weekly SF Express (PT),SF,WR,,,BVC,17:45,BDTS,7:25,13h 40m,16,S,SL 3A 2A,780 km,57 km/hr,22963
22667,Nagercoil - Coimbatore SF Express (PT),SF,SR,,,NCJ,21:55,CBE,7:15,9h 20m,11,S M T W T F S,SL 3A 2A 1A,533 km,57 km/hr,22668
22612,New Jalpaiguri - MGR Chennai Central SF Express (PT),SF,SR,,,NJP,22:05,MAS,14:05,40h 0m,24,F,SL 3A 2A 3E,2281 km,57 km/hr,22611
12539,Yesvantpur - Lucknow SF Express (via Perambur),SF,SWR,,,YPR,13:30,LKO,10:55,45h 25m,17,W,SL 3A 2A,2591 km,57 km/hr,12540
20814,Jodhpur - Puri SF Express (PT),SF,ECoR,,,JU,15:00,PURI,10:00,43h 0m,40,S,SL 3A 2A 1A 3E,2431 km,57 km/hr,20813
12371,Howrah - Bikaner Weekly SF Express (Via Lucknow) (PT),SF,ER,,,HWH,8:15,BKN,17:50,33h 35m,28,M,SL 3A 2A 1A,1930 km,57 km/hr,12372
12666,Kanniyakumari - Howrah SF Express (PT),SF,SR,,,CAPE,5:50,HWH,0:05,42h 15m,31,S,SL 3A 2A,2406 km,57 km/hr,12665
12895,Shalimar - Puri Weekly SF Express (PT),SF,ECoR,,,SHM,20:35,PURI,5:20,8h 45m,9,F,SL 3A 2A,497 km,57 km/hr,12896
12887,Shalimar - Puri Weekly SF Express (PT),SF,ECoR,,,SHM,20:35,PURI,5:20,8h 45m,8,M,SL 3A 2A,497 km,57 km/hr,12888
12352,Rajendra Nagar Terminal - Howrah SF Express (PT),SF,ECR,,,RJPB,21:25,HWH,6:40,9h 15m,20,S M T W T F S,SL 3A 2A 1A 3E,529 km,57 km/hr,12351
22930,Vadodara - Dahanu Road SF Express,SF,WR,,,BRC,6:20,DRD,11:10,4h 50m,14,S M T W T F S,2S,273 km,57 km/hr,22929
12796,Lingampalli - Vijayawada InterCity Express (PT),SF,SCoR,,,LPI,4:40,BZA,10:35,5h 55m,5,S M T W T F S,2S CC 3E,336 km,57 km/hr,12795
12136,Nagpur - Pune SF Express (PT),SF,CR,,,NGP,18:00,PUNE,9:30,15h 30m,17,M W S,SL 3A 2A,885 km,57 km/hr,12135
20962,Banaras - Udhna Weekly SF Express (via Gwalior),SF,WR,,,BNRS,17:50,UDN,20:50,27h 0m,20,W,SL 3A 2A 1A,1543 km,57 km/hr,20961
22454,Meerut City - Lucknow Jn. Rajya Rani Express,SF,NCR,,,MTC,7:05,LJN,15:05,8h 0m,8,S M T W T F S,2S CC 3A 2A,459 km,57 km/hr,22453
12996,Ajmer - Bandra Terminus SF Express (PT),SF,NWR,,,AII,20:30,BDTS,14:15,17h 45m,17,T T S,SL 3A 2A 3E,1017 km,57 km/hr,12995
22124,Ajni (Nagpur) - Pune AC SF Express,ACSF,CR,,,AJNI,19:50,PUNE,11:25,15h 35m,9,T,2S 3A 2A 1A,882 km,57 km/hr,22123
22810,Visakhapatnam - Paradeep Weekly SF Express,SF,SCoR,,,VSKP,23:45,PRDP,9:30,9h 45m,13,S,SL 3A 2A,554 km,57 km/hr,22809
12945,Veraval - Banaras SF Express (PT),SF,WR,,,VRL,4:30,BNRS,14:55,34h 25m,28,M,SL 3A 2A 1A,1972 km,57 km/hr,12946
12604,Charlapalli - MGR Chennai Central SF Express (PT),SF,SR,,,CHZ,17:25,MAS,5:40,12h 15m,17,S M T W T F S,SL 3A 2A 1A,694 km,57 km/hr,12603
22230,Madgaon - Mumbai CSMT Vande Bharat Express,VB,CR,,,MAO,12:20,CSMT,22:30,10h 10m,7,T T S,CC Ex,581 km,57 km/hr,22229
12925,Paschim SF Express (PT),SF,WR,,,BDTS,11:30,ASR,20:10,32h 40m,39,S M T W T F S,SL 3A 2A 1A,1866 km,57 km/hr,12926
12116,Siddheshwar SF Express,SF,CR,,,SUR,22:30,CSMT,6:30,8h 0m,10,S M T W T F S,SL 3A 2A 1A 3E,454 km,57 km/hr,12115
22318,Jammu Tawi - Sealdah Humsafar Express,Hms,ER,,,JAT,7:20,SDAH,17:30,34h 10m,11,W,SL 3A,1948 km,57 km/hr,22317
22964,Bhavnagar Terminus - Bandra Terminus Weekly SF Express (PT),SF,WR,,,BVC,17:45,BDTS,7:25,13h 40m,16,S,SL 3A 2A,780 km,57 km/hr,22963
22535,Rameswaram - Banaras Weekly SF Express (PT),SF,NER,,,RMM,23:55,BNRS,1:10,49h 15m,33,W,SL 3A 2A 1A 3E,2789 km,57 km/hr,22536
12113,Pune - Nagpur Garib Rath Express (PT),GR,CR,,,PUNE,17:35,NGP,9:10,15h 35m,12,M W S,3A,885 km,57 km/hr,12114
22317,Sealdah - Jammu Tawi Humsafar Express,Hms,ER,,,SDAH,13:10,JAT,23:25,34h 15m,11,M,SL 3A,1948 km,57 km/hr,22318
12103,Pune - Lucknow Jn. SF Express (PT),SF,CR,,,PUNE,11:20,LJN,13:20,26h 0m,12,T,SL 3A 2A,1475 km,57 km/hr,12104
20819,Puri - Okha Dwarka SF Express (PT),SF,ECoR,,,PURI,9:50,OKHA,10:10,48h 20m,39,S,SL 3A 2A,2778 km,57 km/hr,20820
12506,North East Express,SF,NFR,,,ANVT,7:40,KYQ,16:25,32h 45m,31,S M T W T F S,SL 3A 2A 1A,1856 km,57 km/hr,12505
12643,Thiruvananthapuram Central - Hazrat Nizamuddin Swarna Jayanti SF Express (PT),SF,SR,,,TVC,14:15,NZM,18:45,52h 30m,30,T,SL 3A 2A 3E,3012 km,57 km/hr,12644
12671,Nilgiri SF Express (PT),SF,SR,,,MAS,21:05,MTP,6:20,9h 15m,7,S M T W T F S,SL 3A 2A 1A 3E,531 km,57 km/hr,12672
22626,KSR Bengaluru - MGR Chennai Central Double Decker Express,DD,SR,,,SBC,13:30,MAS,19:45,6h 15m,10,S M T W T F S,2S CC,359 km,57 km/hr,22625
12482,Shri Ganganagar - Delhi Intercity Express,SF,NWR,,,SGNR,6:10,DLI,13:35,7h 25m,15,S M T W T F S,2S SL CC 3E,423 km,57 km/hr,12481
12578,Bagmati Express (PT),SF,ECR,,,MYS,10:30,DBG,16:10,53h 40m,35,F,SL 3A 2A 1A 3E,3036 km,57 km/hr,12577
20690,Shivamogga Town - Yesvantpur Intercity SF Express,SF,SWR,,,SMET,15:50,YPR,20:35,4h 45m,8,S M T W T F S,2S CC EV,268 km,57 km/hr,20689
12191,Shridham SF Express,SF,WCR,,,NZM,14:05,JBP,8:20,18h 15m,23,S M T W T F S,SL 3A 2A 1A 3E,1032 km,57 km/hr,12192
12342,Agnibina Express,SF,ER,,,ASN,5:30,HWH,9:00,3h 30m,6,S M T W T F S,2S CC,200 km,57 km/hr,12341
22681,Mysuru - MGR Chennai Central Weekly SF Express,SF,SWR,,,MYS,20:15,MAS,4:55,8h 40m,10,W,SL 3A 2A 1A,497 km,57 km/hr,22682
12487,Seemanchal Express (PT),SF,NR,,,JBN,20:35,ANVT,20:50,24h 15m,19,S M T W T F S,SL 3A 2A 3E,1380 km,57 km/hr,12488
22835,Shalimar - Puri Weekly SF Express,SF,ECoR,,,SHM,20:35,PURI,5:20,8h 45m,9,W,SL 3A 2A,497 km,57 km/hr,22836
22955,Kutch SF Express (PT),SF,WR,,,BDTS,17:45,BHUJ,8:30,14h 45m,20,S M T W T F S,SL 3A 2A 1A,840 km,57 km/hr,22956
22974,Puri - Gandhidham Weekly SF Express (via Vizianagaram) (PT),SF,WR,,,PURI,11:15,GIMB,5:55,42h 40m,35,S,SL 3A 2A,2435 km,57 km/hr,22973
22848,Mumbai LTT - Visakhapatnam SF Express (via Nagpur) (PT),SF,SCoR,,,LTT,0:15,VSKP,5:20,29h 5m,22,T,SL 3A 2A 1A,1647 km,57 km/hr,22847
12135,Pune - Nagpur SF Express (PT),SF,CR,,,PUNE,17:35,NGP,9:10,15h 35m,17,S T T,SL 3A 2A,885 km,57 km/hr,12136
12689,MGR Chennai Central - Kanniyakumari SF Express (PT),SF,SR,,,MAS,19:00,CAPE,10:45,15h 45m,17,F,SL 3A 2A,899 km,57 km/hr,12690
16351,Mumbai LTT - Nagercoil Express (Via Renigunta) (PT),Exp,SR,,,LTT,20:55,NCJ,7:00,34h 5m,42,M F,SL 3A 2A,1930 km,57 km/hr,16352
22689,Ahmedabad - Yesvantpur Weekly SF Express (PT),SF,SWR,,,ADI,19:00,YPR,2:30,31h 30m,22,T,SL 3A 2A 1A,1781 km,57 km/hr,22690
22124,Ajni (Nagpur) - Pune AC SF Express,ACSF,CR,,,AJNI,19:50,PUNE,11:25,15h 35m,9,T,2S 3A 2A 1A,882 km,57 km/hr,22123
12796,Lingampalli - Vijayawada InterCity Express (PT),SF,SCoR,,,LPI,4:40,BZA,10:35,5h 55m,5,S M T W T F S,2S CC 3E,336 km,57 km/hr,12795
22618,SMVT Bengaluru - Tirupati Intercity SF Express,SF,SR,,,SMVB,7:40,TPTY,13:25,5h 45m,7,M W S,2S CC,325 km,57 km/hr,22617
12165,Mumbai LTT - Gorakhpur SF Express (Via Prayagraj) (PT),SF,CR,,,LTT,6:00,GKP,12:00,30h 0m,16,M T F,SL 3A 2A,1707 km,57 km/hr,12166
12881,Shalimar - Puri Garib Rath Express (PT),GR,ECoR,,,SHM,20:35,PURI,5:20,8h 45m,8,T T,3A,497 km,57 km/hr,12882
22847,Visakhapatnam - Mumbai LTT SF Express (via Nagpur),SF,SCoR,,,VSKP,8:20,LTT,13:00,28h 40m,22,S,SL 3A 2A,1647 km,57 km/hr,22848
12963,Mewar SF Express,SF,NWR,,,NZM,18:25,UDZ,7:30,13h 5m,16,S M T W T F S,SL 3A 2A 1A 3E,743 km,57 km/hr,12964
22601,MGR Chennai Central - Sainagar Shirdi SF Express (PT),SF,SR,,,MAS,10:25,SNSI,10:50,24h 25m,21,W,SL 3A 2A,1388 km,57 km/hr,22602
22198,Pratham Swatantrata Sangram Express (PT),SF,NCR,,,VGLJ,21:20,KOAA,20:35,23h 15m,17,F,SL 3A 2A 3E,1324 km,57 km/hr,22197
22952,Gandhidham - Bandra Terminus Weekly SF Express,SF,WR,,,GIMB,21:00,BDTS,12:00,15h 0m,12,T,SL 3A 2A,859 km,57 km/hr,22951
22412,Arunachal AC SF Express,ACSF,NR,,,ANVT,16:45,NHLN,5:30,36h 45m,19,S T,3A 2A 1A,2106 km,57 km/hr,22411
20494,Chandigarh - Madurai SF Express,SF,NR,,,CDG,8:05,MDU,13:40,53h 35m,29,M F,SL 3A 2A 3E,3075 km,57 km/hr,20493
22424,Amritsar - Gorakhpur Jansadharan SF Express (UnReserved),SF,NR,,,ASR,12:45,GKP,7:50,19h 5m,14,S,,1086 km,57 km/hr,22423
12977,Marusagar SF Express (PT),SF,NWR,,,ERS,18:50,AII,15:25,44h 35m,31,S,SL 3A 2A 1A 3E,2556 km,57 km/hr,12978
12556,Gorakhdham SF Express (PT),SF,NER,,,BTI,14:15,GKP,10:00,19h 45m,20,S M T W T F S,SL 3A 2A 1A,1120 km,57 km/hr,12555
20636,Ananthapuri Superfast Express (PT),SF,SR,,,QLN,14:55,MS,6:05,15h 10m,27,S M T W T F S,SL 3A 2A 1A,858 km,57 km/hr,20635
20861,Puri - Ahmedabad SF Express (via Sambalpur) (PT),SF,ECoR,,,PURI,19:25,ADI,6:25,35h 0m,37,W,SL 3A 2A,1994 km,57 km/hr,20862
12919,Malwa SF Express (PT),SF,WR,,,DADN,11:50,SVDK,16:30,28h 40m,48,S M T W T F S,SL 3A 2A 1A 3E,1641 km,57 km/hr,12920
12189,Mahakoshal Express (PT),SF,WCR,,,JBP,18:10,NZM,11:00,16h 50m,27,S M T W T F S,SL 3A 2A 1A 3E,957 km,57 km/hr,12190
12949,Porbandar - Santragachi Kavi Guru SF Express (PT),SF,WR,,,PBR,9:10,SRC,7:30,46h 20m,37,F,SL 3A 2A 1A,2654 km,57 km/hr,12950
22317,Sealdah - Jammu Tawi Humsafar Express,Hms,ER,,,SDAH,13:10,JAT,23:25,34h 15m,11,M,SL 3A,1948 km,57 km/hr,22318
12490,Dadar Western - Shri Ganganagar SF Express (PT),SF,NWR,,,DDR,15:00,SGNR,17:55,26h 55m,26,S W,SL 3A 2A 3E,1545 km,57 km/hr,12489
22318,Jammu Tawi - Sealdah Humsafar Express,Hms,ER,,,JAT,7:20,SDAH,17:30,34h 10m,11,W,SL 3A,1948 km,57 km/hr,22317
11056,Godan Express (PT),Exp,CR,,,GKP,6:35,LTT,15:30,32h 55m,21,S T W F,SL 3A 2A,1726 km,52 km/hr,11055
22969,Okha - Banaras SF Express (PT),SF,WR,,,OKHA,14:05,BNRS,2:00,35h 55m,21,T,SL 3A 2A 1A 3E,2030 km,57 km/hr,22970
22230,Madgaon - Mumbai CSMT Vande Bharat Express,VB,CR,,,MAO,12:20,CSMT,22:30,10h 10m,7,T T S,CC Ex,581 km,57 km/hr,22229
12489,Shri Ganganagar - Dadar Western SF Express (PT),SF,NWR,,,SGNR,9:45,DDR,12:50,27h 5m,26,T S,SL 3A 2A 3E,1545 km,57 km/hr,12490
22964,Bhavnagar Terminus - Bandra Terminus Weekly SF Express (PT),SF,WR,,,BVC,17:45,BDTS,7:25,13h 40m,16,S,SL 3A 2A,780 km,57 km/hr,22963
12396,Ziyarat Express (PT),SF,ECR,,,AII,0:45,RJPB,23:30,22h 45m,16,F,SL 3A 2A 1A 3E,1293 km,57 km/hr,12395
22974,Puri - Gandhidham Weekly SF Express (via Vizianagaram) (PT),SF,WR,,,PURI,11:15,GIMB,5:55,42h 40m,35,S,SL 3A 2A,2435 km,57 km/hr,22973
22612,New Jalpaiguri - MGR Chennai Central SF Express (PT),SF,SR,,,NJP,22:05,MAS,14:05,40h 0m,24,F,SL 3A 2A 3E,2281 km,57 km/hr,22611
20690,Shivamogga Town - Yesvantpur Intercity SF Express,SF,SWR,,,SMET,15:50,YPR,20:35,4h 45m,8,S M T W T F S,2S CC EV,268 km,57 km/hr,20689
22647,Korba - Thiruvananthapuram North (Kochuveli) SF Express (PT),SF,SR,,,KRBA,19:40,TVCN,15:40,44h 0m,51,W S,SL 3A 2A 3E,2503 km,57 km/hr,22648
22484,Gandhidham - Bhagat Ki Kothi SF Express,SF,NWR,,,GIMB,21:30,BGKT,7:15,9h 45m,13,S M T W T F S,SL 3A 2A 3E,555 km,57 km/hr,22483
22654,Hazrat Nizamuddin - Thiruvananthapuram Central SF Express (Via Kottayam),SF,SR,,,NZM,5:00,TVC,6:50,49h 50m,29,M,SL 3A 2A 3E,2857 km,57 km/hr,22653
12735,Charlapalli - Yesvantpur Garib Rath Express (PT),GR,SCR,,,CHZ,19:45,YPR,8:20,12h 35m,11,S W F,3A,713 km,57 km/hr,12736
22646,Ahilya Nagari SF Express (PT),SF,SR,,,TVCN,6:35,INDB,5:05,46h 30m,47,S,SL 3A 2A 3E,2642 km,57 km/hr,22645
12648,Kongu SF Express,SF,SR,,,NZM,7:00,CBE,6:30,47h 30m,24,W,SL 3A 2A,2686 km,57 km/hr,12647
11019,Konark Express (PT),Exp,CR,,,CSMT,14:00,BBSN,0:20,34h 20m,42,S M T W T F S,SL 3A 2A,1945 km,57 km/hr,11020
12518,Guwahati - Kolkata Garib Rath Express (PT),GR,NFR,,,GHY,21:00,KOAA,14:35,17h 35m,14,S,3A,1004 km,57 km/hr,12517
22481,Jodhpur - Delhi Sarai Rohilla SF Express,SF,NWR,,,JU,18:30,DEE,5:20,10h 50m,19,S M T W T F S,SL 3A 2A 1A 3E,619 km,57 km/hr,22482
22827,Puri - Surat Weekly SF Express (PT),SF,ECoR,,,PURI,19:45,ST,2:35,30h 50m,16,S,SL 3A 2A 3E,1755 km,57 km/hr,22828
12353,Howrah - Lal Kuan Weekly SF Express (PT),SF,ER,,,HWH,8:15,LKU,6:55,22h 40m,17,F,SL 3A 2A 3E,1301 km,57 km/hr,12354
12996,Ajmer - Bandra Terminus SF Express (PT),SF,NWR,,,AII,20:30,BDTS,14:15,17h 45m,17,T T S,SL 3A 2A 3E,1017 km,57 km/hr,12995
22828,Surat - Puri Weekly SF Express (PT),SF,ECoR,,,ST,8:05,PURI,14:40,30h 35m,16,T,SL 3A 2A 3E,1755 km,57 km/hr,22827
22124,Ajni (Nagpur) - Pune AC SF Express,ACSF,CR,,,AJNI,19:50,PUNE,11:25,15h 35m,9,T,2S 3A 2A 1A,882 km,57 km/hr,22123
12741,Vasco-da-Gama - Patna SF Express (PT),SF,SWR,,,VSG,19:00,PNBE,10:10,39h 10m,19,W,SL 3A 2A,2228 km,57 km/hr,12742
12796,Lingampalli - Vijayawada InterCity Express (PT),SF,SCoR,,,LPI,4:40,BZA,10:35,5h 55m,5,S M T W T F S,2S CC 3E,336 km,57 km/hr,12795
12588,Jammu Tawi - Gorakhpur Amarnath Express,SF,NER,,,JAT,22:45,GKP,20:30,21h 45m,16,S,SL 3A 2A 1A,1247 km,57 km/hr,12587
12223,Mumbai LTT - Ernakulam Jn. Duronto Express,Drnt,CR,,,LTT,20:50,ERS,19:40,22h 50m,5,T S,2S SL 3A 2A 1A,1292 km,57 km/hr,12224
22533,Gorakhpur - Yesvantpur SF Express (PT),SF,NER,,,GKP,6:33,YPR,2:45,44h 12m,22,M,SL 3A 2A 1A,2512 km,57 km/hr,22534
20930,Banaras - Udhna Weekly SF Express (via Jabalpur),SF,WR,,,BNRS,4:45,UDN,5:15,24h 30m,12,S,SL 3A 2A,1401 km,57 km/hr,20929
22412,Arunachal AC SF Express,ACSF,NR,,,ANVT,16:45,NHLN,5:30,36h 45m,19,S T,3A 2A 1A,2106 km,57 km/hr,22411
22424,Amritsar - Gorakhpur Jansadharan SF Express (UnReserved),SF,NR,,,ASR,12:45,GKP,7:50,19h 5m,14,S,,1086 km,57 km/hr,22423
22686,Chandigarh - Yesvantpur Karnataka Sampark Kranti Express,SKr,SWR,,,CDG,3:35,YPR,5:25,49h 50m,17,T S,SL 3A 2A 1A,2861 km,57 km/hr,22685
12965,Bandra Terminus - Bhuj Weekly SF Express,SF,WR,,,BDTS,12:45,BHUJ,5:50,17h 5m,17,T,SL 3A 2A,976 km,57 km/hr,12966
20962,Banaras - Udhna Weekly SF Express (via Gwalior),SF,WR,,,BNRS,17:50,UDN,20:50,27h 0m,20,W,SL 3A 2A 1A,1543 km,57 km/hr,20961
22865,Mumbai LTT - Puri SF Express (via Jharsuguda Road) (PT),SF,ECoR,,,LTT,0:15,PURI,8:35,32h 20m,17,T,SL 3A 2A 1A 3E,1844 km,57 km/hr,22866
12639,Brindavan SF Express,SF,SR,,,MAS,7:40,SBC,14:00,6h 20m,11,S M T W T F S,2S CC,359 km,57 km/hr,12640
12874,Jharkhand Swarna Jayanti Express (via Barkakana),SF,SER,,,ANVT,20:45,HTE,20:00,23h 15m,20,T W F,SL 3A 2A 1A 3E,1332 km,57 km/hr,12873
12873,Jharkhand Swarna Jayanti Express (via Barkakana) (PT),SF,SER,,,HTE,13:40,ANVT,13:10,23h 30m,20,M T T,SL 3A 2A 1A 3E,1329 km,57 km/hr,12874
12817,Jharkhand Swarna Jayanti Express (via Gomoh) (PT),SF,SER,,,HTE,14:25,ANVT,13:10,22h 45m,17,S W F,SL 3A 2A 1A 3E,1302 km,57 km/hr,12818
12959,Bandra Terminus - Bhuj Weekly SF Express (PT),SF,WR,,,BDTS,16:45,BHUJ,9:50,17h 5m,17,S,SL 3A 2A,976 km,57 km/hr,12960
15658,Brahmaputra Mail (PT),Exp,NFR,,,KYQ,16:55,DLI,4:50,35h 55m,46,S M T W T F S,SL 3A 2A 1A,2033 km,57 km/hr,15657
12761,Tirupati - Karimnagar SF Express (PT),SF,SCR,,,TPTY,20:05,KRMR,8:40,12h 35m,10,W S,SL 3A 2A,712 km,57 km/hr,12762
20929,Udhna - Banaras Weekly SF Express (via Jabalpur) (PT),SF,WR,,,UDN,20:35,BNRS,21:00,24h 25m,13,F,SL 3A 2A,1401 km,57 km/hr,20930
12083,Mayiladuturai - Coimbatore Jan Shatabdi Express,JShtb,SR,,,MV,15:05,CBE,21:25,6h 20m,8,S M W T F S,2S CC,362 km,57 km/hr,12084
20424,Patalkot Express (PT),SF,NR,,,FZR,4:10,SEY,6:20,26h 10m,41,S M T W T F S,SL 3A 2A 3E,1494 km,57 km/hr,20423
12083,Mayiladuturai - Coimbatore Jan Shatabdi Express,JShtb,SR,,,MV,15:05,CBE,21:25,6h 20m,8,S M W T F S,2S CC,362 km,57 km/hr,12084
22835,Shalimar - Puri Weekly SF Express,SF,ECoR,,,SHM,20:35,PURI,5:20,8h 45m,9,W,SL 3A 2A,497 km,57 km/hr,22836
22810,Visakhapatnam - Paradeep Weekly SF Express,SF,SCoR,,,VSKP,23:45,PRDP,9:30,9h 45m,13,S,SL 3A 2A,554 km,57 km/hr,22809
22670,Patna - Ernakulam Junction SF Express (via Nagpur) (PT),SF,SR,,,PNBE,16:30,ERS,21:40,53h 10m,36,T,SL 3A 2A,3047 km,57 km/hr,22669
12021,Howrah - Barbil Jan Shatabdi Express,JShtb,SER,,,HWH,6:20,BBN,13:20,7h 0m,9,S M T W T F S,2S CC,397 km,57 km/hr,12022
12941,Parasnath Express (PT),SF,WR,,,BVC,17:45,ASN,10:10,40h 25m,31,T,SL 3A 2A,2311 km,57 km/hr,12942
22644,Patna - Ernakulam Jn. SF Express (via Asansol) (PT),SF,SR,,,PNBE,14:00,ERS,15:20,49h 20m,41,T F,SL 3A 2A,2788 km,57 km/hr,22643
22955,Kutch SF Express (PT),SF,WR,,,BDTS,17:45,BHUJ,8:30,14h 45m,20,S M T W T F S,SL 3A 2A 1A,840 km,57 km/hr,22956
22681,Mysuru - MGR Chennai Central Weekly SF Express,SF,SWR,,,MYS,20:15,MAS,4:55,8h 40m,10,W,SL 3A 2A 1A,497 km,57 km/hr,22682
12578,Bagmati Express (PT),SF,ECR,,,MYS,10:30,DBG,16:10,53h 40m,35,F,SL 3A 2A 1A 3E,3036 km,57 km/hr,12577
22230,Madgaon - Mumbai CSMT Vande Bharat Express,VB,CR,,,MAO,12:20,CSMT,22:30,10h 10m,7,T T S,CC Ex,581 km,57 km/hr,22229
22198,Pratham Swatantrata Sangram Express (PT),SF,NCR,,,VGLJ,21:20,KOAA,20:35,23h 15m,17,F,SL 3A 2A 3E,1324 km,57 km/hr,22197
12512,Thiruvananthapuram North - Gorakhpur Rapti Sagar SF Express (PT),SF,NER,,,TVCN,6:35,GKP,15:15,56h 40m,57,S T W,SL 3A 2A 1A,3236 km,57 km/hr,12511
20494,Chandigarh - Madurai SF Express,SF,NR,,,CDG,8:05,MDU,13:40,53h 35m,29,M F,SL 3A 2A 3E,3075 km,57 km/hr,20493
22626,KSR Bengaluru - MGR Chennai Central Double Decker Express,DD,SR,,,SBC,13:30,MAS,19:45,6h 15m,10,S M T W T F S,2S CC,359 km,57 km/hr,22625
22318,Jammu Tawi - Sealdah Humsafar Express,Hms,ER,,,JAT,7:20,SDAH,17:30,34h 10m,11,W,SL 3A,1948 km,57 km/hr,22317
20844,Bhagat Ki Kothi - Bilaspur SF Express,SF,SECR,,,BGKT,2:20,BSP,10:25,32h 5m,34,T S,SL 3A 2A 1A 3E,1820 km,57 km/hr,20843
12114,Nagpur - Pune Garib Rath Express (PT),GR,CR,,,NGP,18:00,PUNE,9:30,15h 30m,12,S T F,3A,885 km,57 km/hr,12113
22317,Sealdah - Jammu Tawi Humsafar Express,Hms,ER,,,SDAH,13:10,JAT,23:25,34h 15m,11,M,SL 3A,1948 km,57 km/hr,22318
22912,Shipra Express (PT),SF,WR,,,HWH,17:45,INDB,0:15,30h 30m,35,M T S,SL 3A 2A 1A 3E,1737 km,57 km/hr,22911
22974,Puri - Gandhidham Weekly SF Express (via Vizianagaram) (PT),SF,WR,,,PURI,11:15,GIMB,5:55,42h 40m,35,S,SL 3A 2A,2435 km,57 km/hr,22973
22601,MGR Chennai Central - Sainagar Shirdi SF Express (PT),SF,SR,,,MAS,10:25,SNSI,10:50,24h 25m,21,W,SL 3A 2A,1388 km,57 km/hr,22602
12116,Siddheshwar SF Express,SF,CR,,,SUR,22:30,CSMT,6:30,8h 0m,10,S M T W T F S,SL 3A 2A 1A 3E,454 km,57 km/hr,12115
22358,Gaya - Mumbai LTT SF Express (PT),SF,ECR,,,GAYA,19:05,LTT,5:50,34h 45m,21,W,SL 3A 2A 1A 3E,1990 km,57 km/hr,22357
12726,Siddhaganga SF Express,SF,SWR,,,DWR,5:35,SBC,14:15,8h 40m,16,S M T W T F S,2S CC,490 km,57 km/hr,12725
12725,Siddhaganga SF Express,SF,SWR,,,SBC,13:00,DWR,21:40,8h 40m,16,S M T W T F S,2S CC,490 km,57 km/hr,12726
20812,Hazur Sahib Nanded - Visakhapatnam SF Express (PT),SF,SCoR,,,NED,16:30,VSKP,9:20,16h 50m,11,S W T,SL 3A 2A 3E,959 km,57 km/hr,20811
19051,Shramik Express (PT),Exp,WR,,,BL,22:20,MFP,7:10,32h 50m,17,S,SL 3A 2A,1859 km,57 km/hr,19052
12991,Udaipur City - Jaipur Intercity Express,SF,NWR,,,UDZ,6:00,JP,13:40,7h 40m,14,S M T W T F S,2S CC 3A 3E,435 km,57 km/hr,12992
22964,Bhavnagar Terminus - Bandra Terminus Weekly SF Express (PT),SF,WR,,,BVC,17:45,BDTS,7:25,13h 40m,16,S,SL 3A 2A,780 km,57 km/hr,22963
22890,Samudra Kanya Express,SF,ECoR,,,PURI,21:05,DGHA,6:45,9h 40m,11,S,SL 3A 2A,547 km,57 km/hr,22889
22847,Visakhapatnam - Mumbai LTT SF Express (via Nagpur),SF,SCoR,,,VSKP,8:20,LTT,13:00,28h 40m,22,S,SL 3A 2A,1647 km,57 km/hr,22848
22618,SMVT Bengaluru - Tirupati Intercity SF Express,SF,SR,,,SMVB,7:40,TPTY,13:25,5h 45m,7,M W S,2S CC,325 km,57 km/hr,22617
12414,Galta Dham Pooja SF Express,SF,NR,,,JAT,18:15,AII,12:15,18h 0m,20,S M T W T F S,SL 3A 2A 1A 3E,1018 km,57 km/hr,12413
22654,Hazrat Nizamuddin - Thiruvananthapuram Central SF Express (Via Kottayam),SF,SR,,,NZM,5:00,TVC,6:50,49h 50m,29,M,SL 3A 2A 3E,2857 km,57 km/hr,22653
22848,Mumbai LTT - Visakhapatnam SF Express (via Nagpur) (PT),SF,SCoR,,,LTT,0:15,VSKP,5:20,29h 5m,22,T,SL 3A 2A 1A,1647 km,57 km/hr,22847
20962,Banaras - Udhna Weekly SF Express (via Gwalior),SF,WR,,,BNRS,17:50,UDN,20:50,27h 0m,20,W,SL 3A 2A 1A,1543 km,57 km/hr,20961
12868,Puducherry - Howrah SF Express (PT),SF,SER,,,PDY,14:15,HWH,23:45,33h 30m,16,W,SL 3A 2A 1A 3E,1921 km,57 km/hr,12867
22124,Ajni (Nagpur) - Pune AC SF Express,ACSF,CR,,,AJNI,19:50,PUNE,11:25,15h 35m,9,T,2S 3A 2A 1A,882 km,57 km/hr,22123
12796,Lingampalli - Vijayawada InterCity Express (PT),SF,SCoR,,,LPI,4:40,BZA,10:35,5h 55m,5,S M T W T F S,2S CC 3E,336 km,57 km/hr,12795
12965,Bandra Terminus - Bhuj Weekly SF Express,SF,WR,,,BDTS,12:45,BHUJ,5:50,17h 5m,17,T,SL 3A 2A,976 km,57 km/hr,12966
22717,Rajkot - Secunderabad SF Express (PT),SF,SCR,,,RJT,5:30,SC,7:30,26h 0m,26,M W T,SL 3A 2A,1473 km,57 km/hr,22718
22424,Amritsar - Gorakhpur Jansadharan SF Express (UnReserved),SF,NR,,,ASR,12:45,GKP,7:50,19h 5m,14,S,,1086 km,57 km/hr,22423
12992,Jaipur - Udaipur City Intercity Express,SF,NWR,,,JP,14:10,UDZ,21:48,7h 38m,14,S M T W T F S,2S CC 3A 3E,435 km,57 km/hr,12991
22930,Vadodara - Dahanu Road SF Express,SF,WR,,,BRC,6:20,DRD,11:10,4h 50m,14,S M T W T F S,2S,273 km,57 km/hr,22929
12184,MBDD Pratapgarh - Bhopal SF Express,SF,WCR,,,MBDP,19:10,BPL,8:30,13h 20m,10,M W S,SL 3A 2A,757 km,57 km/hr,12183
20690,Shivamogga Town - Yesvantpur Intercity SF Express,SF,SWR,,,SMET,15:50,YPR,20:35,4h 45m,8,S M T W T F S,2S CC EV,268 km,57 km/hr,20689
22412,Arunachal AC SF Express,ACSF,NR,,,ANVT,16:45,NHLN,5:30,36h 45m,19,S T,3A 2A 1A,2106 km,57 km/hr,22411
12345,Saraighat Express (PT),SF,ER,,,HWH,16:05,GHY,9:40,17h 35m,16,S M T W T F S,SL 3A 2A 1A,999 km,57 km/hr,12346
12808,Samata Express,SF,SCoR,,,NZM,7:00,VSKP,16:30,33h 30m,36,M T T F S,SL 3A 2A 1A,1916 km,57 km/hr,12807
12194,Jabalpur - Yesvantpur SF Express,SF,WCR,,,JBP,6:50,YPR,13:15,30h 25m,17,S,SL 3A 2A 1A 3E,1735 km,57 km/hr,12193
20823,Puri - Ajmer SF Express (PT),SF,ECoR,,,PURI,23:05,AII,18:40,43h 35m,43,M T,SL 3A 2A,2478 km,57 km/hr,20824
12490,Dadar Western - Shri Ganganagar SF Express (PT),SF,NWR,,,DDR,15:00,SGNR,17:55,26h 55m,26,S W,SL 3A 2A 3E,1545 km,57 km/hr,12489
22612,New Jalpaiguri - MGR Chennai Central SF Express (PT),SF,SR,,,NJP,22:05,MAS,14:05,40h 0m,24,F,SL 3A 2A 3E,2281 km,57 km/hr,22611
12184,MBDD Pratapgarh - Bhopal SF Express,SF,WCR,,,MBDP,19:10,BPL,8:30,13h 20m,10,M W S,SL 3A 2A,757 km,57 km/hr,12183
12584,Anand Vihar Terminal - Lucknow Jn. AC Double Decker Express,DD,NER,,,ANVT,14:05,LJN,22:25,8h 20m,3,S T T F,CC,479 km,57 km/hr,12583
22881,Pune - Bhubaneswar Superfast Express (PT),SF,ECoR,,,PUNE,11:20,BBS,17:00,29h 40m,12,T,SL 3A 2A 1A,1704 km,57 km/hr,22882
22848,Mumbai LTT - Visakhapatnam SF Express (via Nagpur) (PT),SF,SCoR,,,LTT,0:15,VSKP,5:20,29h 5m,22,T,SL 3A 2A 1A,1647 km,57 km/hr,22847
12345,Saraighat Express (PT),SF,ER,,,HWH,16:05,GHY,9:40,17h 35m,16,S M T W T F S,SL 3A 2A 1A,999 km,57 km/hr,12346
22318,Jammu Tawi - Sealdah Humsafar Express,Hms,ER,,,JAT,7:20,SDAH,17:30,34h 10m,11,W,SL 3A,1948 km,57 km/hr,22317
22317,Sealdah - Jammu Tawi Humsafar Express,Hms,ER,,,SDAH,13:10,JAT,23:25,34h 15m,11,M,SL 3A,1948 km,57 km/hr,22318
22533,Gorakhpur - Yesvantpur SF Express (PT),SF,NER,,,GKP,6:33,YPR,2:45,44h 12m,22,M,SL 3A 2A 1A,2512 km,57 km/hr,22534
12396,Ziyarat Express (PT),SF,ECR,,,AII,0:45,RJPB,23:30,22h 45m,16,F,SL 3A 2A 1A 3E,1293 km,57 km/hr,12395
12808,Samata Express,SF,SCoR,,,NZM,7:00,VSKP,16:30,33h 30m,36,M T T F S,SL 3A 2A 1A,1916 km,57 km/hr,12807
22910,Puri - Valsad Weekly SF Express (PT),SF,WR,,,PURI,0:30,BL,12:35,36h 5m,24,S,SL 3A 2A,2065 km,57 km/hr,22909
22184,Saket SF Express,SF,CR,,,AYC,14:00,LTT,16:05,26h 5m,17,S T,SL 3A 2A,1500 km,57 km/hr,22183
22974,Puri - Gandhidham Weekly SF Express (via Vizianagaram) (PT),SF,WR,,,PURI,11:15,GIMB,5:55,42h 40m,35,S,SL 3A 2A,2435 km,57 km/hr,22973
12144,Sultanpur - Mumbai LTT SF Express,SF,CR,,,SLN,4:05,LTT,7:25,27h 20m,13,T,SL 3A 2A,1546 km,57 km/hr,12143
22964,Bhavnagar Terminus - Bandra Terminus Weekly SF Express (PT),SF,WR,,,BVC,17:45,BDTS,7:25,13h 40m,16,S,SL 3A 2A,780 km,57 km/hr,22963
22198,Pratham Swatantrata Sangram Express (PT),SF,NCR,,,VGLJ,21:20,KOAA,20:35,23h 15m,17,F,SL 3A 2A 3E,1324 km,57 km/hr,22197
12715,Sachkhand Express (PT),SF,SCR,,,NED,9:30,ASR,21:45,36h 15m,37,S M T W T F S,SL 3A 2A 1A,2081 km,57 km/hr,12716
12741,Vasco-da-Gama - Patna SF Express (PT),SF,SWR,,,VSG,19:00,PNBE,10:10,39h 10m,19,W,SL 3A 2A,2228 km,57 km/hr,12742
20690,Shivamogga Town - Yesvantpur Intercity SF Express,SF,SWR,,,SMET,15:50,YPR,20:35,4h 45m,8,S M T W T F S,2S CC EV,268 km,57 km/hr,20689
12127,Mumbai CSMT - Pune Intercity SF Express,SF,CR,,,CSMT,6:40,PUNE,10:00,3h 20m,4,S M T W T F S,2S CC,192 km,57 km/hr,12128
12186,Rewanchal Express (PT),SF,WCR,,,REWA,19:50,RKMP,5:35,9h 45m,14,S M T W T F S,SL 3A 2A 1A,555 km,57 km/hr,12185
22195,Virangana Lakshmibai Jhansi - Bandra Terminus SF Express (PT),SF,NCR,,,VGLJ,16:50,BDTS,16:10,23h 20m,20,S M,SL 3A 2A 3E,1319 km,57 km/hr,22196
22654,Hazrat Nizamuddin - Thiruvananthapuram Central SF Express (Via Kottayam),SF,SR,,,NZM,5:00,TVC,6:50,49h 50m,29,M,SL 3A 2A 3E,2857 km,57 km/hr,22653
22922,Gorakhpur - Bandra Terminus Antyodaya Express,Ant,WR,,,GKP,3:25,BDTS,15:15,35h 50m,20,T,,2026 km,57 km/hr,22921
12481,Delhi - Shri Ganganagar Intercity Express,SF,NWR,,,DLI,13:10,SGNR,20:35,7h 25m,15,S M T W T F S,2S SL CC 3E,423 km,57 km/hr,12482
14049,Godda - Delhi Weekly Express,Exp,NR,,,GODA,10:05,DLI,9:10,23h 5m,18,W,SL 3A 2A 1A 3E,1317 km,57 km/hr,14050
12083,Mayiladuturai - Coimbatore Jan Shatabdi Express,JShtb,SR,,,MV,15:05,CBE,21:25,6h 20m,8,S M W T F S,2S CC,362 km,57 km/hr,12084
12466,Ranthambhore SF Express,SF,NWR,,,BGKT,4:40,INDB,21:05,16h 25m,34,S M T W T F S,SL 3A,914 km,56 km/hr,12465
22193,Daund - Gwalior Weekly SF Express (PT),SF,NCR,,,DD,23:10,GWL,0:55,25h 45m,22,S,SL 3A 2A 3E,1445 km,56 km/hr,22194
22194,Gwalior - Daund Weekly SF Express (PT),SF,NCR,,,GWL,17:15,DD,19:10,25h 55m,22,S,SL 3A 2A 3E,1445 km,56 km/hr,22193
22902,Udaipur City - Bandra Terminus SF Express,SF,WR,,,UDZ,20:50,BDTS,13:35,16h 45m,14,S W F,SL 3A 2A 1A 3E,945 km,56 km/hr,22901
14707,Ranakpur Express (PT),Exp,NWR,,,HMH,5:25,DDR,7:10,25h 45m,38,S M T W T F S,SL 3A 2A,1452 km,56 km/hr,14708
20961,Udhna - Banaras Weekly SF Express (via Gwalior) (PT),SF,WR,,,UDN,7:25,BNRS,10:50,27h 25m,20,T,SL 3A 2A 1A,1543 km,56 km/hr,20962
12131,Dadar - Sainagar Shirdi SF Express (via Manmad),SF,CR,,,DR,21:45,SNSI,3:45,6h 0m,6,M W S,SL 3A 2A,334 km,56 km/hr,12132
22180,MGR Chennai Central - Mumbai LTT Weekly SF Express (PT),SF,CR,,,MAS,15:50,LTT,14:30,22h 40m,15,T,SL 3A 2A,1261 km,56 km/hr,22179
12404,Lalgarh - Prayagraj SF Express (Via Fatehpur Shekhawati),SF,NCR,,,LGH,7:35,PRYJ,4:50,21h 15m,30,S T W F,SL 3A 2A 1A 3E,1183 km,56 km/hr,12403
22983,Kota - Indore Intercity SF Express,SF,WCR,,,KOTA,6:35,INDB,14:15,7h 40m,13,S M T W T F S,2S CC,433 km,56 km/hr,22984
22104,Ayodhya Cantt. - Mumbai LTT SF Express,SF,CR,,,AYC,23:10,LTT,3:45,28h 35m,15,T,SL 3A 2A,1594 km,56 km/hr,22103
20963,Sabarmati - Varanasi Weekly SF Express (PT),SF,WR,,,SBIB,22:55,BSB,5:30,30h 35m,19,T,SL 3A 2A,1699 km,56 km/hr,20964
12966,Bhuj - Bandra Terminus Weekly SF Express (PT),SF,WR,,,BHUJ,18:00,BDTS,11:20,17h 20m,17,F,SL 3A 2A,976 km,56 km/hr,12965
22956,Kutch SF Express (PT),SF,WR,,,BHUJ,20:25,BDTS,11:30,15h 5m,20,S M T W T F S,SL 3A 2A 1A,840 km,56 km/hr,22955
12702,Hussain Sagar SF Express (PT),SF,SCR,,,HYB,14:55,CSMT,4:55,14h 0m,15,S M T W T F S,SL 3A 2A,789 km,56 km/hr,12701
12336,Mumbai LTT - Bhagalpur SF Express (PT),SF,ER,,,LTT,8:05,BGP,17:55,33h 50m,36,S T,SL 3A 2A,1911 km,56 km/hr,12335
12885,Aranyak Express,SF,SER,,,SHM,7:45,BJE,13:20,5h 35m,12,M T W T F S,2S CC,311 km,56 km/hr,12886
22076,Gorakhpur - Charlapalli Amrit Bharat Express,AB,SCR,4-Oct,,GKP,8:30,CHZ,17:00,32h 30m,19,S,SL,1811 km,56 km/hr,22075
18568,Kollam - Visakhapatnam Weekly Express (PT),Exp,SCoR,,,QLN,19:35,VSKP,23:45,28h 10m,32,F,SL 3A 2A 3E,1575 km,56 km/hr,18567
11089,Bhagat Ki Kothi - Pune Express,Exp,CR,,,BGKT,12:15,PUNE,7:35,19h 20m,25,T,SL 3A 2A,1082 km,56 km/hr,11090
20473,Chetak Express,SF,NWR,,,DEE,19:40,UDZ,7:48,12h 8m,23,S M T W T F S,SL 3A 2A 1A,674 km,56 km/hr,20474
11026,Amravati - Pune Express (via Manmad),Exp,CR,,,AMI,22:50,PUNE,11:35,12h 45m,18,S M T W T F S,2S SL CC 3E,720 km,56 km/hr,11025
22200,Sushasan Express,SF,NCR,,,BLP,12:10,GWL,5:10,17h 0m,10,T,SL 3A 2A 3E,953 km,56 km/hr,22199
16787,Tirunelveli - Shri Mata Vaishno Devi Katra Express (PT),Exp,SR,,,TEN,18:00,SVDK,10:45,64h 45m,58,M,SL 3A 2A 3E,3633 km,56 km/hr,16788
12146,Puri - Mumbai LTT SF Express (via Titlagarh) (PT),SF,CR,,,PURI,21:40,LTT,7:25,33h 45m,22,T,SL 3A 2A 1A,1878 km,56 km/hr,12145
20815,Adityapur - Visakhapatnam SF Express,SF,SCoR,,,ADTP,7:30,VSKP,22:45,15h 15m,20,M,SL 3A 2A 3E,860 km,56 km/hr,20816
20938,Delhi Sarai Rohilla - Porbandar SF Express,SF,WR,,,DEE,8:10,PBR,8:40,24h 30m,29,M T,SL 3A 2A 1A,1374 km,56 km/hr,20937
22185,Ahimsa SF Express (PT),SF,CR,,,ADI,20:15,PUNE,7:30,11h 15m,15,T,SL 3A 2A,625 km,56 km/hr,22186
12603,MGR Chennai Central - Charlapalli SF Express (PT),SF,SR,,,MAS,16:45,CHZ,5:10,12h 25m,17,S M T W T F S,SL 3A 2A 1A,694 km,56 km/hr,12604
22669,Ernakulam Junction - Patna SF Express (via Nagpur) (PT),SF,SR,,,ERS,23:55,PNBE,6:25,54h 30m,34,S,SL 3A 2A,3047 km,56 km/hr,22670
12836,SMVT Bengaluru - Hatia SF Express,SF,SER,,,SMVB,8:50,HTE,18:40,33h 50m,25,T T,SL 3A 2A 1A 3E,1884 km,56 km/hr,12835
22956,Kutch SF Express (PT),SF,WR,,,BHUJ,20:25,BDTS,11:30,15h 5m,20,S M T W T F S,SL 3A 2A 1A,840 km,56 km/hr,22955
12376,Jasidih - Tambaram Weekly SF Express (PT),SF,ER,,,JSME,13:10,TBM,22:25,33h 15m,29,W,SL 3A 2A,1872 km,56 km/hr,12375
22697,SSS Hubballi - MGR Chennai Central Weekly SF Express (via SMVT Bengaluru) (PT),SF,SWR,,,UBL,20:30,MAS,11:10,14h 40m,16,S,SL 3A 2A 1A 3E,826 km,56 km/hr,22698
16542,Pandharpur - Yesvantpur Weekly Express,Exp,SWR,,,PVR,13:35,YPR,5:25,15h 50m,13,F,SL 3A 2A 1A,880 km,56 km/hr,16541
20680,SSS Hubballi - MGR Chennai Central Weekly SF Express (via SMVT Bengaluru) (PT),SF,SWR,,,UBL,20:30,MAS,11:10,14h 40m,16,T,SL 3A 2A 1A 3E,826 km,56 km/hr,20679
12109,Panchavati Express,SF,CR,,,CSMT,18:15,MMR,22:50,4h 35m,7,S M T W T F S,2S CC,257 km,56 km/hr,12110
12375,Tambaram - Jasidih Weekly SF Express (PT),SF,ER,,,TBM,13:00,JSME,22:40,33h 40m,29,S,SL 3A 2A,1872 km,56 km/hr,12376
20959,Valsad - Vadnagar Intercity SF Express,SF,WR,,,BL,5:40,VDG,13:10,7h 30m,13,S M T W T F S,2S CC,423 km,56 km/hr,20960
22638,West Coast SF Express (PT),SF,SR,,,MAQ,23:45,MAS,16:00,16h 15m,28,S M T W T F S,SL 3A 2A 1A,902 km,56 km/hr,22637
20837,Bhubaneswar - Junagarh Road SF Express,SF,ECoR,,,BBS,21:35,JNRD,9:15,11h 40m,17,S M T W T F S,SL 3A 2A,655 km,56 km/hr,20838
20668,Khatipura (Jaipur) - Yesvantpur Superfast Express (PT),SF,SWR,,,KWP,21:20,YPR,16:50,43h 30m,26,S,SL 3A 2A,2467 km,57 km/hr,20667
12960,Bhuj - Bandra Terminus Weekly SF Express (PT),SF,WR,,,BHUJ,18:00,BDTS,11:20,17h 20m,17,M,SL 3A 2A,976 km,56 km/hr,12959
12505,North East Express (PT),SF,NFR,,,KYQ,12:40,ANVT,21:50,33h 10m,32,S M T W T F S,SL 3A 2A 1A,1856 km,56 km/hr,12506
22959,Vadodara - Jamnagar Intercity Express,SF,WR,,,BRC,15:50,JAM,23:30,7h 40m,13,S M T W T F S,2S CC,431 km,56 km/hr,22960
22929,Dahanu Road - Vadodara SF Express,SF,WR,,,DRD,15:45,BRC,20:40,4h 55m,14,S M T W T F S,2S,273 km,56 km/hr,22930
14680,Amritsar - Delhi Intercity Express,Exp,NR,,,ASR,6:15,DLI,14:15,8h 0m,15,S M T W T F S,2S CC,447 km,56 km/hr,14679
12692,Shivamogga Town - MGR Chennai Central Weekly SF Express,SF,SR,,,SMET,17:40,MAS,4:55,11h 15m,18,S,SL 3A 2A 1A 3E,631 km,56 km/hr,12691
20961,Udhna - Banaras Weekly SF Express (via Gwalior) (PT),SF,WR,,,UDN,7:25,BNRS,10:50,27h 25m,20,T,SL 3A 2A 1A,1543 km,56 km/hr,20962
20810,Nagawali SF Express (PT),SF,ECoR,,,NED,16:30,SBP,18:45,26h 15m,21,M T S,SL 3A 2A 1A,1467 km,56 km/hr,20809
12966,Bhuj - Bandra Terminus Weekly SF Express (PT),SF,WR,,,BHUJ,18:00,BDTS,11:20,17h 20m,17,F,SL 3A 2A,976 km,56 km/hr,12965
20685,Gandhidham - KSR Bengaluru SF Express (PT),SF,SWR,,,GIMB,9:25,SBC,20:40,35h 15m,31,T,SL 3A 2A 1A,1958 km,56 km/hr,20686
12509,SMVT Bengaluru - Guwahati SF Express (PT),SF,NFR,,,SMVB,23:40,GHY,4:50,53h 10m,39,W T F,SL 3A 2A,2968 km,56 km/hr,12510
20490,Mathura - Barmer SF Express (PT),SF,NWR,,,MTJ,15:45,BME,6:00,14h 15m,28,S M W T S,SL 3A 2A 1A,793 km,56 km/hr,20489
12660,Gurudev SF Express (PT),SF,SR,,,SHM,23:45,NCJ,21:40,45h 55m,42,W,SL 3A 2A,2579 km,56 km/hr,12659
19092,Gorakhpur - Bandra Terminus Humsafar Express,Hms,WR,,,GKP,21:20,BDTS,8:30,35h 10m,23,T,SL 3A,1977 km,56 km/hr,19091
12316,Ananya Express,SF,ER,,,UDZ,0:50,KOAA,14:50,38h 0m,20,M,SL 3A 2A 1A 3E,2132 km,56 km/hr,12315
22174,Jabalpur - Chanda Fort SF Intercity Express,SF,WCR,,,JBP,5:15,CAF,13:45,8h 30m,5,T T F,2S CC,475 km,56 km/hr,22173
12659,Gurudev SF Express (PT),SF,SR,,,NCJ,14:45,SHM,12:30,45h 45m,42,S,SL 3A 2A,2579 km,56 km/hr,12660
20920,Ekta Nagar (Kevadiya) - M.G.R Chennai Central Weekly SF Express (PT),SF,WR,,,EKNR,9:00,MAS,15:05,30h 5m,14,W,SL 3A 2A 3E,1699 km,56 km/hr,20919
22953,Gujarat SF Express,SF,WR,,,MMCT,5:40,ADI,14:30,8h 50m,24,S M T W T F S,2S CC,493 km,56 km/hr,22954
22106,Indrayani SF Express,SF,CR,,,PUNE,18:35,CSMT,22:00,3h 25m,6,S M T W T F S,2S CC,192 km,56 km/hr,22105
22830,Shalimar - Bhuj SF Express (PT),SF,SER,,,SHM,19:50,BHUJ,14:45,42h 55m,30,S,SL 3A 2A,2419 km,56 km/hr,22829
18637,Hatia - SMVT Bengaluru Weekly Express (PT),Exp,SER,,,HTE,17:25,SMVB,3:15,33h 50m,26,S,SL 3A 2A,1884 km,56 km/hr,18638
22645,Ahilya Nagari SF Express (PT),SF,SR,,,INDB,16:45,TVCN,15:40,46h 55m,48,M,SL 3A 2A 3E,2642 km,56 km/hr,22646
22991,Valsad - Bhagat Ki Kothi SF Express,SF,WR,,,BL,18:30,BGKT,8:00,13h 30m,16,T,SL 3A 2A,752 km,56 km/hr,22992
22951,Bandra Terminus - Gandhidham Weekly SF Express,SF,WR,,,BDTS,14:40,GIMB,5:55,15h 15m,12,F,SL 3A 2A,859 km,56 km/hr,22952
22076,Gorakhpur - Charlapalli Amrit Bharat Express,AB,SCR,4-Oct,,GKP,8:30,CHZ,17:00,32h 30m,19,S,SL,1811 km,56 km/hr,22075
12772,Raipur - Secunderabad SF Express (PT),SF,SCR,,,R,16:45,SC,8:30,15h 45m,15,T T S,SL 3A 2A 3E,877 km,56 km/hr,12771
22953,Gujarat SF Express,SF,WR,,,MMCT,5:40,ADI,14:30,8h 50m,24,S M T W T F S,2S CC,493 km,56 km/hr,22954
22627,Tiruchchirappalli - Thiruvananthapuram Central InterCity SF Express,SF,SR,,,TPJ,7:15,TVC,15:20,8h 5m,10,S M T W T F S,2S CC,457 km,56 km/hr,22628
22155,Kalaburagi - SCSMT Kolhapur SF Express,SF,CR,,,KLBG,6:40,KOP,14:15,7h 35m,9,S M T W T F S,2S SL 3A,428 km,56 km/hr,22156
22352,SMVT Bengaluru - Saharsa SF Express,SF,ECR,,,SMVB,13:50,SHC,17:20,51h 30m,34,M,SL 3A 2A 1A 3E,2902 km,56 km/hr,22351
22838,Dharti Aaba AC SF Express (PT),ACSF,SER,,,ERS,23:25,HTE,15:35,40h 10m,29,W,3E,2245 km,56 km/hr,22837
12593,Lucknow Jn. - Bhopal Garib Rath Express,GR,NER,,,LJN,22:40,BPL,9:05,10h 25m,5,S,3A,584 km,56 km/hr,12594
22418,New Delhi - Varanasi Mahamana Express,SF,NR,,,NDLS,18:40,BSB,8:25,13h 45m,7,M W F,SL 3A 2A 1A,774 km,56 km/hr,22417
22645,Ahilya Nagari SF Express (PT),SF,SR,,,INDB,16:45,TVCN,15:40,46h 55m,48,M,SL 3A 2A 3E,2642 km,56 km/hr,22646
20689,Yesvantpur - Shivamogga Town Intercity SF Express,SF,SWR,,,YPR,9:15,SMET,14:05,4h 50m,8,S M T W T F S,2S CC EV,268 km,56 km/hr,20690
19568,Okha - Tuticorin Vivek Express (PT),Exp,WR,,,OKHA,0:55,TN,1:15,48h 20m,40,F,SL 3A 2A 3E,2715 km,56 km/hr,19567
12772,Raipur - Secunderabad SF Express (PT),SF,SCR,,,R,16:45,SC,8:30,15h 45m,15,T T S,SL 3A 2A 3E,877 km,56 km/hr,12771
22628,Thiruvananthapuram Central - Tiruchchirappalli SF InterCity Express,SF,SR,,,TVC,11:35,TPJ,19:45,8h 10m,10,S M T W T F S,2S CC,457 km,56 km/hr,22627
22837,Dharti Aaba AC SF Express (PT),ACSF,SER,,,HTE,17:25,ERS,9:45,40h 20m,29,M,3E,2245 km,56 km/hr,22838
22983,Kota - Indore Intercity SF Express,SF,WCR,,,KOTA,6:35,INDB,14:15,7h 40m,13,S M T W T F S,2S CC,433 km,56 km/hr,22984
12555,Gorakhdham SF Express (PT),SF,NER,,,GKP,16:20,BTI,12:25,20h 5m,21,S M T W T F S,SL 3A 2A 1A,1124 km,56 km/hr,12556
22707,Visakhapatnam - Tirupati AC Double Decker Express,DD,SCoR,,,VSKP,23:00,TPTY,12:30,13h 30m,16,M T S,CC 3E,760 km,56 km/hr,22708
22687,Mysuru - Varanasi SF Express (PT),SF,SWR,,,MYS,8:00,BSB,8:25,48h 25m,32,T T,SL CC 3A 2A,2707 km,56 km/hr,22688
20959,Valsad - Vadnagar Intercity SF Express,SF,WR,,,BL,5:40,VDG,13:10,7h 30m,13,S M T W T F S,2S CC,423 km,56 km/hr,20960
22194,Gwalior - Daund Weekly SF Express (PT),SF,NCR,,,GWL,17:15,DD,19:10,25h 55m,22,S,SL 3A 2A 3E,1445 km,56 km/hr,22193
12190,Mahakoshal Express,SF,WCR,,,NZM,12:53,JBP,5:55,17h 2m,26,S M T W T F S,SL 3A 2A 1A 3E,957 km,56 km/hr,12189
12131,Dadar - Sainagar Shirdi SF Express (via Manmad),SF,CR,,,DR,21:45,SNSI,3:45,6h 0m,6,M W S,SL 3A 2A,334 km,56 km/hr,12132
22652,Palakkad Junction - MGR Chennai Central SF Express (PT),SF,SR,,,PGT,15:50,MAS,3:45,11h 55m,19,S M T W T F S,SL 3A 2A 1A,673 km,56 km/hr,22651
12178,Mathura - Howrah Chambal Express (PT),SF,NCR,,,MTJ,5:00,HWH,6:55,25h 55m,33,M,SL 3A 2A 1A 3E,1459 km,56 km/hr,12177
22804,Sambalpur - Shalimar SF Express (via Talcher Road),SF,ECoR,,,SBP,19:25,SHM,7:10,11h 45m,9,F,SL 3A 2A,657 km,56 km/hr,22803
12177,Howrah - Mathura Chambal Express (PT),SF,NCR,,,HWH,17:45,MTJ,19:45,26h 0m,33,F,SL 3A 2A 1A 3E,1459 km,56 km/hr,12178
22984,Indore - Kota InterCity SF Express,SF,WCR,,,INDB,15:35,KOTA,23:20,7h 45m,13,S M T W T F S,2S CC,433 km,56 km/hr,22983
20961,Udhna - Banaras Weekly SF Express (via Gwalior) (PT),SF,WR,,,UDN,7:25,BNRS,10:50,27h 25m,20,T,SL 3A 2A 1A,1543 km,56 km/hr,20962
12196,Ajmer - Agra Fort Intercity SF Express,SF,NCR,,,AII,14:55,AF,21:40,6h 45m,13,S M T W T F S,2S CC 3A 2A,375 km,56 km/hr,12195
12195,Agra Fort - Ajmer Intercity SF Express,SF,NCR,,,AF,6:00,AII,12:45,6h 45m,13,S M T W T F S,2S CC 3A 2A,375 km,56 km/hr,12196
22161,Bhopal - Damoh Rajya Rani SF Express,SF,WCR,,,BPL,17:50,DMO,23:00,5h 10m,9,S M T W T F S,2S CC 3A,290 km,56 km/hr,22162
12972,Bhavnagar Terminus - Bandra Terminus SF Express (PT),SF,WR,,,BVC,18:30,BDTS,8:20,13h 50m,19,S M T W T F S,SL 3A 2A 1A,780 km,56 km/hr,12971
12966,Bhuj - Bandra Terminus Weekly SF Express (PT),SF,WR,,,BHUJ,18:00,BDTS,11:20,17h 20m,17,F,SL 3A 2A,976 km,56 km/hr,12965
12232,Chandigarh - Lucknow SF Express,SF,NR,,,CDG,21:05,LKO,8:30,11h 25m,14,S M T W T F S,SL 3A 2A 1A,644 km,56 km/hr,12231
20490,Mathura - Barmer SF Express (PT),SF,NWR,,,MTJ,15:45,BME,6:00,14h 15m,28,S M W T S,SL 3A 2A 1A,793 km,56 km/hr,20489
12607,Lalbagh SF Express,SF,SWR,,,MAS,15:30,SBC,21:55,6h 25m,11,S M T W T F S,2S CC,359 km,56 km/hr,12608
22913,Bandra Terminus - Saharsa Humsafar Express,Hms,WR,,,BDTS,16:45,SHC,5:10,36h 25m,15,S,2S SL 3A,2056 km,56 km/hr,22914
22174,Jabalpur - Chanda Fort SF Intercity Express,SF,WCR,,,JBP,5:15,CAF,13:45,8h 30m,5,T T F,2S CC,475 km,56 km/hr,22173
22180,MGR Chennai Central - Mumbai LTT Weekly SF Express (PT),SF,CR,,,MAS,15:50,LTT,14:30,22h 40m,15,T,SL 3A 2A,1261 km,56 km/hr,22179
12770,Seven Hills SF Express (PT),SF,SCR,,,SC,17:40,TPTY,6:25,12h 45m,15,T F,SL 3A 2A,713 km,56 km/hr,12769
22419,Suhaildev SF Express (Via Lucknow) (PT),SF,NR,,,GCT,17:20,ANVT,7:55,14h 35m,10,S M W F,SL 3A 2A 1A 3E,814 km,56 km/hr,22420
12736,Yesvantpur - Charlapalli Garib Rath Express,GR,SCR,,,YPR,16:15,CHZ,5:00,12h 45m,11,M T S,CC 3A,713 km,56 km/hr,12735
22648,Thiruvananthapuram North (Kochuveli) - Korba SF Express (PT),SF,SR,,,TVCN,6:15,KRBA,3:00,44h 45m,51,M T,SL 3A 2A 3E,2501 km,56 km/hr,22647
22076,Gorakhpur - Charlapalli Amrit Bharat Express,AB,SCR,4-Oct,,GKP,8:30,CHZ,17:00,32h 30m,19,S,SL,1811 km,56 km/hr,22075
16582,Shivamogga Town - Yesvantpur Express,Exp,SWR,,,SMET,23:55,YPR,4:45,4h 50m,9,S T T,SL 3A 2A 1A,268 km,56 km/hr,16581
12084,Coimbatore - Mayiladuthurai Jan Shatabdi Express,JShtb,SR,,,CBE,7:15,MV,13:45,6h 30m,8,S M W T F S,2S CC,362 km,56 km/hr,12083
12364,Haldibari - Kolkata Intercity Express (PT),SF,ER,,,HDB,8:25,KOAA,19:40,11h 15m,9,S W F,2S SL CC 3A,627 km,56 km/hr,12363
20920,Ekta Nagar (Kevadiya) - M.G.R Chennai Central Weekly SF Express (PT),SF,WR,,,EKNR,9:00,MAS,15:05,30h 5m,14,W,SL 3A 2A 3E,1699 km,56 km/hr,20919
12732,Secunderabad - Tirupati SF Express (PT),SF,SCoR,,,SC,16:15,TPTY,6:25,14h 10m,14,W S,SL 3A 2A 1A 3E,800 km,56 km/hr,12731
12731,Tirupati - Secunderabad SF Express (PT),SF,SCoR,,,TPTY,17:00,SC,7:24,14h 24m,15,S T,SL 3A 2A 1A 3E,800 km,56 km/hr,12732
18568,Kollam - Visakhapatnam Weekly Express (PT),Exp,SCoR,,,QLN,19:35,VSKP,23:45,28h 10m,32,F,SL 3A 2A 3E,1575 km,56 km/hr,18567
12292,MGR Chennai Central - Yesvantpur Weekly SF Express (PT),SF,SWR,,,MAS,23:30,YPR,6:00,6h 30m,5,S,SL 3A 2A 1A,366 km,56 km/hr,12291
22638,West Coast SF Express (PT),SF,SR,,,MAQ,23:45,MAS,16:00,16h 15m,28,S M T W T F S,SL 3A 2A 1A,902 km,56 km/hr,22637
16582,Shivamogga Town - Yesvantpur Express,Exp,SWR,,,SMET,23:55,YPR,4:45,4h 50m,9,S T T,SL 3A 2A 1A,268 km,56 km/hr,16581
12376,Jasidih - Tambaram Weekly SF Express (PT),SF,ER,,,JSME,13:10,TBM,22:25,33h 15m,29,W,SL 3A 2A,1872 km,56 km/hr,12375
12976,Jaipur - Mysuru SF Express (PT),SF,NWR,,,JP,19:35,MYS,16:00,44h 25m,41,M W,SL CC 3A 2A 1A 3E,2480 km,56 km/hr,12975
20959,Valsad - Vadnagar Intercity SF Express,SF,WR,,,BL,5:40,VDG,13:10,7h 30m,13,S M T W T F S,2S CC,423 km,56 km/hr,20960
19092,Gorakhpur - Bandra Terminus Humsafar Express,Hms,WR,,,GKP,21:20,BDTS,8:30,35h 10m,23,T,SL 3A,1977 km,56 km/hr,19091
20694,KSR Bengaluru - Jodhpur SF Express (via Davangere) (PT),SF,SWR,,,SBC,23:50,JU,13:50,38h 0m,42,M W,SL 3A 2A 1A,2115 km,56 km/hr,20693
12966,Bhuj - Bandra Terminus Weekly SF Express (PT),SF,WR,,,BHUJ,18:00,BDTS,11:20,17h 20m,17,F,SL 3A 2A,976 km,56 km/hr,12965
12168,Banaras - Mumbai LTT SF Express (PT),SF,CR,,,BNRS,10:10,LTT,12:45,26h 35m,13,S M T W T F S,SL 3A 2A 1A,1494 km,56 km/hr,12167
20837,Bhubaneswar - Junagarh Road SF Express,SF,ECoR,,,BBS,21:35,JNRD,9:15,11h 40m,17,S M T W T F S,SL 3A 2A,655 km,56 km/hr,20838
20490,Mathura - Barmer SF Express (PT),SF,NWR,,,MTJ,15:45,BME,6:00,14h 15m,28,S M W T S,SL 3A 2A 1A,793 km,56 km/hr,20489
22174,Jabalpur - Chanda Fort SF Intercity Express,SF,WCR,,,JBP,5:15,CAF,13:45,8h 30m,5,T T F,2S CC,475 km,56 km/hr,22173
12765,Tirupati - Amravati SF Express (PT),SF,SCoR,,,TPTY,15:45,AMI,15:10,23h 25m,22,T S,SL 3A 2A,1309 km,56 km/hr,12766
12798,Venkatadri SF Express (PT),SF,SCR,,,CTO,17:35,KCG,6:20,12h 45m,19,S M T W T F S,SL 3A 2A 1A 3E,709 km,56 km/hr,12797
20686,KSR Bengaluru - Gandhidham SF Express (PT),SF,SWR,,,SBC,23:50,GIMB,10:55,35h 5m,30,S,SL 3A 2A 1A,1958 km,56 km/hr,20685
22981,Kota - Shri Ganganagar SF Express,SF,WCR,,,KOTA,17:40,SGNR,10:10,16h 30m,25,M T F S,SL 3A 2A 1A 3E,917 km,56 km/hr,22982
24204,Lucknow - Varanasi Intercity SF Express (via Pratapgarh),SF,NR,,,LKO,6:35,BSB,11:55,5h 20m,13,S M T W T F S,CC 3A,301 km,56 km/hr,24203
20668,Khatipura (Jaipur) - Yesvantpur Superfast Express (PT),SF,SWR,,,KWP,21:20,YPR,16:50,43h 30m,26,S,SL 3A 2A,2467 km,57 km/hr,20667
22829,Bhuj - Shalimar SF Express (PT),SF,SER,,,BHUJ,15:15,SHM,10:05,42h 50m,30,T,SL 3A 2A,2419 km,56 km/hr,22830
15024,Yesvantpur - Gorakhpur Express (Via Ayodhya Cantt) (PT),Exp,NER,,,YPR,23:40,GKP,19:35,43h 55m,23,T,SL 3A 2A 1A,2464 km,56 km/hr,15023
12076,Thiruvananthapuram Central - Kozhikode Jan Shatabdi Express,JShtb,SR,,,TVC,5:55,CLT,13:00,7h 5m,10,S M T W T F S,2S CC,399 km,56 km/hr,12075
22609,Mangaluru Central - Coimbatore Intercity SF Express,SF,SR,,,MAQ,11:05,CBE,18:25,7h 20m,13,S M T W T F S,2S CC,407 km,56 km/hr,22610
22323,Shabd Bhedi Express (PT),SF,ER,,,KOAA,22:45,GCT,13:50,15h 5m,8,T,SL 3A 2A 3E,841 km,56 km/hr,22324
22610,Coimbatore - Mangaluru Central Intercity SF Express,SF,SR,,,CBE,6:00,MAQ,13:15,7h 15m,13,S M T W T F S,2S CC,407 km,56 km/hr,22609
12068,Jorhat Town - Guwahati Jan Shatabdi Express (PT),JShtb,NFR,,,JTTN,14:35,GHY,21:20,6h 45m,11,M T W T F S,2S CC EV,375 km,56 km/hr,12067
12067,Guwahati - Jorhat Town Jan Shatabdi Express (PT),JShtb,NFR,,,GHY,6:20,JTTN,13:05,6h 45m,11,M T W T F S,2S CC EV,375 km,56 km/hr,12068
22951,Bandra Terminus - Gandhidham Weekly SF Express,SF,WR,,,BDTS,14:40,GIMB,5:55,15h 15m,12,F,SL 3A 2A,859 km,56 km/hr,22952
12587,Gorakhpur - Jammu Tawi Amarnath Express (PT),SF,NER,,,GKP,14:20,JAT,12:30,22h 10m,16,M,SL 3A 2A 1A,1247 km,56 km/hr,12588
12058,Daulatpur Chowk - New Delhi Jan Shatabdi Express,JShtb,NR,,,DLPC,4:10,NDLS,11:45,7h 35m,16,S M T W T F S,2S CC,428 km,56 km/hr,12057
12695,M.G.R Chennai Central - Thiruvananthapuram Central SF Express (PT),SF,SR,,,MAS,15:20,TVC,7:45,16h 25m,20,S M T W T F S,SL 3A 2A 1A,918 km,56 km/hr,12696
12057,New Delhi - Daulatpur Chowk Jan Shatabdi Express,JShtb,NR,,,NDLS,14:35,DLPC,22:15,7h 40m,16,S M T W T F S,2S CC,428 km,56 km/hr,12058
12913,Trishatabdi Express (PT),SF,WR,,,INDB,20:35,NGP,8:20,11h 45m,11,S,SL 3A 2A 1A 3E,653 km,56 km/hr,12914
12253,Anga Express (PT),SF,SWR,,,SMVB,13:50,BGP,9:20,43h 30m,29,S,SL 3A 2A 1A,2448 km,56 km/hr,12254
18637,Hatia - SMVT Bengaluru Weekly Express (PT),Exp,SER,,,HTE,17:25,SMVB,3:15,33h 50m,26,S,SL 3A 2A,1884 km,56 km/hr,18638
19568,Okha - Tuticorin Vivek Express (PT),Exp,WR,,,OKHA,0:55,TN,1:15,48h 20m,40,F,SL 3A 2A 3E,2715 km,56 km/hr,19567
12858,Tamralipta Express (PT),SF,SER,,,DGHA,10:35,HWH,13:55,3h 20m,6,S M T W T F S,2S SL CC 3A 3E,185 km,56 km/hr,12857
22737,Secunderabad - Hisar SF Express (PT),SF,SCR,,,SC,23:35,HSR,18:45,43h 10m,35,T W,SL 3A 2A,2418 km,56 km/hr,22738
19412,Daulatpur Chowk - Gandhinagar Capital Express,Exp,WR,,,DLPC,14:25,GNC,15:05,24h 40m,43,S M T W T F S,SL 3A 2A,1376 km,56 km/hr,19411
12562,Swatantrata Senani Express (PT),SF,ECR,,,NDLS,21:15,JYG,19:25,22h 10m,18,S M T W T F S,SL 3A 2A 1A 3E,1235 km,56 km/hr,12561
13258,Anand Vihar Terminal - Danapur Jan Sadharan Express (UnReserved),Exp,ECR,,,ANVT,13:35,DNR,7:30,17h 55m,8,S M T W T F S,,999 km,56 km/hr,13257
11079,Mumbai LTT - Gorakhpur Express (via Barhni) (PT),Exp,CR,,,LTT,15:45,GKP,23:10,31h 25m,26,T,SL 3A 2A,1746 km,56 km/hr,11080
12317,Akal Takht Express (PT),SF,ER,,,KOAA,7:40,ASR,17:20,33h 40m,22,S W,SL 3A 2A 1A 3E,1897 km,56 km/hr,12318
22960,Jamnagar - Vadodara Intercity Express,SF,WR,,,JAM,4:45,BRC,12:25,7h 40m,13,S M T W T F S,2S CC,431 km,56 km/hr,22959
20976,Agra Cantt. - Howrah Chambal Express,SF,NCR,,,AGC,5:45,HWH,6:55,25h 10m,32,T,SL 3A 2A 1A 3E,1406 km,56 km/hr,20975
20925,Surat - Amravati SF Express,SF,WR,,,ST,12:20,AMI,22:25,10h 5m,19,S T F,2S SL CC,563 km,56 km/hr,20926
22897,Kandari Express,SF,SER,,,HWH,15:00,DGHA,18:20,3h 20m,6,S M T W T F S,2S SL CC 3A 3E,185 km,56 km/hr,22898
12566,Bihar Sampark Kranti Express (PT),SKr,ECR,,,NDLS,12:45,DBG,9:35,20h 50m,14,S M T W T F S,SL 3A 2A 1A 3E,1168 km,56 km/hr,12565
22076,Gorakhpur - Charlapalli Amrit Bharat Express,AB,SCR,4-Oct,,GKP,8:30,CHZ,17:00,32h 30m,19,S,SL,1811 km,56 km/hr,22075
12857,Tamralipta Express (PT),SF,SER,,,HWH,6:45,DGHA,10:05,3h 20m,6,S M T W T F S,2S SL CC 3A 3E,185 km,56 km/hr,12858
22983,Kota - Indore Intercity SF Express,SF,WCR,,,KOTA,6:35,INDB,14:15,7h 40m,13,S M T W T F S,2S CC,433 km,56 km/hr,22984
12058,Daulatpur Chowk - New Delhi Jan Shatabdi Express,JShtb,NR,,,DLPC,4:10,NDLS,11:45,7h 35m,16,S M T W T F S,2S CC,428 km,56 km/hr,12057
22652,Palakkad Junction - MGR Chennai Central SF Express (PT),SF,SR,,,PGT,15:50,MAS,3:45,11h 55m,19,S M T W T F S,SL 3A 2A 1A,673 km,56 km/hr,22651
12695,M.G.R Chennai Central - Thiruvananthapuram Central SF Express (PT),SF,SR,,,MAS,15:20,TVC,7:45,16h 25m,20,S M T W T F S,SL 3A 2A 1A,918 km,56 km/hr,12696
12057,New Delhi - Daulatpur Chowk Jan Shatabdi Express,JShtb,NR,,,NDLS,14:35,DLPC,22:15,7h 40m,16,S M T W T F S,2S CC,428 km,56 km/hr,12058
12913,Trishatabdi Express (PT),SF,WR,,,INDB,20:35,NGP,8:20,11h 45m,11,S,SL 3A 2A 1A 3E,653 km,56 km/hr,12914
12545,Raxaul - Mumbai LTT Karmabhumi Express (UnReserved),SF,ECR,,,RXL,16:55,LTT,5:30,36h 35m,18,T,,2038 km,56 km/hr,12546
22483,Bhagat Ki Kothi - Gandhidham SF Express,SF,NWR,,,BGKT,23:00,GIMB,8:50,9h 50m,13,S M T W T F S,SL 3A 2A 3E,555 km,56 km/hr,22484
22453,Lucknow Jn - Meerut City Rajya Rani Express,SF,NCR,,,LJN,14:25,MTC,22:35,8h 10m,8,S M T W T F S,2S CC 3A 2A,459 km,56 km/hr,22454
22420,Suhaildev SF Express (via Lucknow),SF,NR,,,ANVT,18:50,GCT,9:30,14h 40m,10,S T T S,SL 3A 2A 1A 3E,814 km,56 km/hr,22419
22419,Suhaildev SF Express (Via Lucknow) (PT),SF,NR,,,GCT,17:20,ANVT,7:55,14h 35m,10,S M W F,SL 3A 2A 1A 3E,814 km,56 km/hr,22420
12857,Tamralipta Express (PT),SF,SER,,,HWH,6:45,DGHA,10:05,3h 20m,6,S M T W T F S,2S SL CC 3A 3E,185 km,56 km/hr,12858
12372,Bikaner - Howrah Weekly SF Express (Via Lucknow),SF,ER,,,BKN,6:20,HWH,16:50,34h 30m,28,T,SL 3A 2A 1A,1930 km,56 km/hr,12371
12720,Hyderabad - Jaipur SF Express (PT),SF,SCR,,,HYB,20:25,JP,5:25,33h 0m,26,M W,SL 3A 2A,1843 km,56 km/hr,12719
22838,Dharti Aaba AC SF Express (PT),ACSF,SER,,,ERS,23:25,HTE,15:35,40h 10m,29,W,3E,2245 km,56 km/hr,22837
22737,Secunderabad - Hisar SF Express (PT),SF,SCR,,,SC,23:35,HSR,18:45,43h 10m,35,T W,SL 3A 2A,2418 km,56 km/hr,22738
12562,Swatantrata Senani Express (PT),SF,ECR,,,NDLS,21:15,JYG,19:25,22h 10m,18,S M T W T F S,SL 3A 2A 1A 3E,1235 km,56 km/hr,12561
13258,Anand Vihar Terminal - Danapur Jan Sadharan Express (UnReserved),Exp,ECR,,,ANVT,13:35,DNR,7:30,17h 55m,8,S M T W T F S,,999 km,56 km/hr,13257
12593,Lucknow Jn. - Bhopal Garib Rath Express,GR,NER,,,LJN,22:40,BPL,9:05,10h 25m,5,S,3A,584 km,56 km/hr,12594
12317,Akal Takht Express (PT),SF,ER,,,KOAA,7:40,ASR,17:20,33h 40m,22,S W,SL 3A 2A 1A 3E,1897 km,56 km/hr,12318
22155,Kalaburagi - SCSMT Kolhapur SF Express,SF,CR,,,KLBG,6:40,KOP,14:15,7h 35m,9,S M T W T F S,2S SL 3A,428 km,56 km/hr,22156
22929,Dahanu Road - Vadodara SF Express,SF,WR,,,DRD,15:45,BRC,20:40,4h 55m,14,S M T W T F S,2S,273 km,56 km/hr,22930
22960,Jamnagar - Vadodara Intercity Express,SF,WR,,,JAM,4:45,BRC,12:25,7h 40m,13,S M T W T F S,2S CC,431 km,56 km/hr,22959
12566,Bihar Sampark Kranti Express (PT),SKr,ECR,,,NDLS,12:45,DBG,9:35,20h 50m,14,S M T W T F S,SL 3A 2A 1A 3E,1168 km,56 km/hr,12565
22156,SCSMT Kolhapur - Kalaburagi SF Express,SF,CR,,,KOP,15:05,KLBG,22:45,7h 40m,9,S M T W T F S,2S SL 3A,428 km,56 km/hr,22155
20959,Valsad - Vadnagar Intercity SF Express,SF,WR,,,BL,5:40,VDG,13:10,7h 30m,13,S M T W T F S,2S CC,423 km,56 km/hr,20960
22984,Indore - Kota InterCity SF Express,SF,WCR,,,INDB,15:35,KOTA,23:20,7h 45m,13,S M T W T F S,2S CC,433 km,56 km/hr,22983
22161,Bhopal - Damoh Rajya Rani SF Express,SF,WCR,,,BPL,17:50,DMO,23:00,5h 10m,9,S M T W T F S,2S CC 3A,290 km,56 km/hr,22162
12858,Tamralipta Express (PT),SF,SER,,,DGHA,10:35,HWH,13:55,3h 20m,6,S M T W T F S,2S SL CC 3A 3E,185 km,56 km/hr,12857
22321,Hool Express,SF,ER,,,HWH,6:55,SURI,11:15,4h 20m,9,S M T W T F S,2S CC 3A,242 km,56 km/hr,22322
12565,Bihar Sampark Kranti Express (PT),SKr,ECR,,,DBG,8:15,NDLS,5:05,20h 50m,14,S M T W T F S,SL 3A 2A 1A 3E,1168 km,56 km/hr,12566
22418,New Delhi - Varanasi Mahamana Express,SF,NR,,,NDLS,18:40,BSB,8:25,13h 45m,7,M W F,SL 3A 2A 1A,774 km,56 km/hr,22417
12115,Siddheshwar SF Express (PT),SF,CR,,,CSMT,22:40,SUR,6:45,8h 5m,10,S M T W T F S,SL 3A 2A 1A 3E,454 km,56 km/hr,12116
19614,Amritsar - Ajmer Express (via Dhuri),Exp,NWR,,,ASR,17:45,AII,9:00,15h 15m,23,S F,SL 3A 2A 3E,849 km,56 km/hr,19613
12975,Mysuru - Jaipur SF Express (PT),SF,NWR,,,MYS,10:30,JP,6:45,44h 15m,41,T S,SL CC 3A 2A 1A 3E,2481 km,56 km/hr,12976
12742,Patna - Vasco-da-Gama SF Express (PT),SF,SWR,,,PNBE,14:05,VSG,5:45,39h 40m,19,S,SL 3A 2A,2228 km,56 km/hr,12741
12966,Bhuj - Bandra Terminus Weekly SF Express (PT),SF,WR,,,BHUJ,18:00,BDTS,11:20,17h 20m,17,F,SL 3A 2A,976 km,56 km/hr,12965
22174,Jabalpur - Chanda Fort SF Intercity Express,SF,WCR,,,JBP,5:15,CAF,13:45,8h 30m,5,T T F,2S CC,475 km,56 km/hr,22173
20934,Danapur - Udhna SF Express (PT),SF,WR,,,DNR,16:40,UDN,21:05,28h 25m,16,S W,SL 3A 2A,1593 km,56 km/hr,20933
20652,Talguppa - KSR Bengaluru InterCity Express,SF,SWR,,,TLGP,5:20,SBC,12:00,6h 40m,14,S M T W T F S,2S CC,371 km,56 km/hr,20651
19310,Shanti Express (PT),Exp,WR,,,INDB,23:00,ADI,8:20,9h 20m,14,S M T W T F S,SL 3A 2A 1A,526 km,56 km/hr,19309
20490,Mathura - Barmer SF Express (PT),SF,NWR,,,MTJ,15:45,BME,6:00,14h 15m,28,S M W T S,SL 3A 2A 1A,793 km,56 km/hr,20489
20961,Udhna - Banaras Weekly SF Express (via Gwalior) (PT),SF,WR,,,UDN,7:25,BNRS,10:50,27h 25m,20,T,SL 3A 2A 1A,1543 km,56 km/hr,20962
20920,Ekta Nagar (Kevadiya) - M.G.R Chennai Central Weekly SF Express (PT),SF,WR,,,EKNR,9:00,MAS,15:05,30h 5m,14,W,SL 3A 2A 3E,1699 km,56 km/hr,20919
12140,Sewagram SF Express (PT),SF,CR,,,NGP,21:15,CSMT,12:05,14h 50m,26,S M T W T F S,SL 2A 3E,835 km,56 km/hr,12139
12139,Sewagram SF Express (PT),SF,CR,,,CSMT,14:55,NGP,5:45,14h 50m,26,S M T W T F S,SL 2A 3E,835 km,56 km/hr,12140
22738,Hisar - Secunderabad SF Express (PT),SF,SCR,,,HSR,13:50,SC,8:50,43h 0m,34,S F,SL 3A 2A,2418 km,56 km/hr,22737
22193,Daund - Gwalior Weekly SF Express (PT),SF,NCR,,,DD,23:10,GWL,0:55,25h 45m,22,S,SL 3A 2A 3E,1445 km,56 km/hr,22194
22076,Gorakhpur - Charlapalli Amrit Bharat Express,AB,SCR,4-Oct,,GKP,8:30,CHZ,17:00,32h 30m,19,S,SL,1811 km,56 km/hr,22075
20815,Adityapur - Visakhapatnam SF Express,SF,SCoR,,,ADTP,7:30,VSKP,22:45,15h 15m,20,M,SL 3A 2A 3E,860 km,56 km/hr,20816
20689,Yesvantpur - Shivamogga Town Intercity SF Express,SF,SWR,,,YPR,9:15,SMET,14:05,4h 50m,8,S M T W T F S,2S CC EV,268 km,56 km/hr,20690
12140,Sewagram SF Express (PT),SF,CR,,,NGP,21:15,CSMT,12:05,14h 50m,26,S M T W T F S,SL 2A 3E,835 km,56 km/hr,12139
12139,Sewagram SF Express (PT),SF,CR,,,CSMT,14:55,NGP,5:45,14h 50m,26,S M T W T F S,SL 2A 3E,835 km,56 km/hr,12140
22738,Hisar - Secunderabad SF Express (PT),SF,SCR,,,HSR,13:50,SC,8:50,43h 0m,34,S F,SL 3A 2A,2418 km,56 km/hr,22737
22897,Kandari Express,SF,SER,,,HWH,15:00,DGHA,18:20,3h 20m,6,S M T W T F S,2S SL CC 3A 3E,185 km,56 km/hr,22898
22446,Amritsar - Kanpur Central SF Express,SF,NCR,,,ASR,12:45,CNB,4:50,16h 5m,13,T,SL 3A 2A 3E,898 km,56 km/hr,22445
22687,Mysuru - Varanasi SF Express (PT),SF,SWR,,,MYS,8:00,BSB,8:25,48h 25m,32,T T,SL CC 3A 2A,2707 km,56 km/hr,22688
19337,Indore - Delhi Sarai Rohilla Weekly Express,Exp,WR,,,INDB,19:50,DEE,12:30,16h 40m,13,S,SL 3A 2A 3E,936 km,56 km/hr,19338
22715,Kacheguda - Madurai Weekly Superfast Express (PT),SF,SCR,,,KCG,6:05,MDU,5:00,22h 55m,21,S,SL 3A 2A 1A,1289 km,56 km/hr,22716
12713,Satavahana SF Express,SF,SCoR,,,BZA,6:25,SC,12:40,6h 15m,9,S M T W T F S,2S CC 3E,349 km,56 km/hr,12714
14205,Ayodhya Cantt. - Delhi Express,Exp,NR,,,AYC,17:25,DLI,4:20,10h 55m,9,S M T W T F S,SL 3A 2A 1A 3E,614 km,56 km/hr,14206
22169,Rani Kamalapati - Santragachi Humsafar Express,Hms,WCR,,,RKMP,14:25,SRC,16:00,25h 35m,14,W,SL 3A,1434 km,56 km/hr,22170
22830,Shalimar - Bhuj SF Express (PT),SF,SER,,,SHM,19:50,BHUJ,14:45,42h 55m,30,S,SL 3A 2A,2419 km,56 km/hr,22829
20959,Valsad - Vadnagar Intercity SF Express,SF,WR,,,BL,5:40,VDG,13:10,7h 30m,13,S M T W T F S,2S CC,423 km,56 km/hr,20960
22829,Bhuj - Shalimar SF Express (PT),SF,SER,,,BHUJ,15:15,SHM,10:05,42h 50m,30,T,SL 3A 2A,2419 km,56 km/hr,22830
20925,Surat - Amravati SF Express,SF,WR,,,ST,12:20,AMI,22:25,10h 5m,19,S T F,2S SL CC,563 km,56 km/hr,20926
12834,Howrah - Ahmedabad SF Express (PT),SF,SER,,,HWH,23:05,ADI,12:15,37h 10m,59,S M T W T F S,SL 3A 2A,2085 km,56 km/hr,12833
22504,Dibrugarh - Kanniyakumari Vivek SF Express (PT),SF,NFR,,,DBRG,19:00,CAPE,21:45,74h 45m,58,S M T W T F S,SL 3A 2A,4155 km,56 km/hr,22503
12856,NSC Bose Itwari - Bilaspur InterCity Express,SF,SECR,,,NITR,7:00,BSP,14:15,7h 15m,14,S M T W T F S,SL 3A 2A 1A 3E,409 km,56 km/hr,12855
12855,Bilaspur - NSC Bose Itwari InterCity Express,SF,SECR,,,BSP,15:20,NITR,22:35,7h 15m,13,S M T W T F S,SL 3A 2A 1A 3E,409 km,56 km/hr,12856
22106,Indrayani SF Express,SF,CR,,,PUNE,18:35,CSMT,22:00,3h 25m,6,S M T W T F S,2S CC,192 km,56 km/hr,22105
22898,Kandari Express,SF,SER,,,DGHA,19:20,HWH,22:40,3h 20m,6,S M T W T F S,2S SL CC 3A 3E,185 km,56 km/hr,22897
20629,Sabari Superfast Express (PT),SF,SR,,,SC,14:25,TVC,18:20,27h 55m,40,S M T W T F S,SL 3A 2A 1A,1555 km,56 km/hr,20630
12468,Leelan SF Express,SF,NWR,,,JP,16:30,JSM,5:10,12h 40m,22,S M T W T F S,SL 3A,704 km,56 km/hr,12467
20961,Udhna - Banaras Weekly SF Express (via Gwalior) (PT),SF,WR,,,UDN,7:25,BNRS,10:50,27h 25m,20,T,SL 3A 2A 1A,1543 km,56 km/hr,20962
12883,Rupasi Bangla Express,SF,SER,,,SRC,6:30,PRR,12:05,5h 35m,10,S M T W T F S,2S CC 3A,315 km,56 km/hr,12884
12355,Archana Express (PT),SF,ECR,,,PNBE,7:20,JAT,10:20,27h 0m,18,T S,SL 3A 2A 1A 3E,1508 km,56 km/hr,12356
22981,Kota - Shri Ganganagar SF Express,SF,WCR,,,KOTA,17:40,SGNR,10:10,16h 30m,25,M T F S,SL 3A 2A 1A 3E,917 km,56 km/hr,22982
12793,Rayalaseema SF Express (PT),SF,SCoR,,,TPTY,17:25,NZB,9:20,15h 55m,26,S M T W T F S,SL 3A 2A,893 km,56 km/hr,12794
12794,Rayalaseema SF Express (PT),SF,SCoR,,,NZB,14:15,TPTY,6:15,16h 0m,27,S M T W T F S,SL 3A 2A,893 km,56 km/hr,12793
22889,Samudra Kanya Express,SF,ECoR,,,DGHA,17:05,PURI,2:55,9h 50m,11,S,SL 3A 2A,547 km,56 km/hr,22890
15066,Panvel - Gorakhpur Express (PT),Exp,NER,,,PNVL,15:50,GKP,23:10,31h 20m,22,M T W F S,SL 3A 2A 1A,1745 km,56 km/hr,15065
12522,Ernakulam Junction. - Barauni Rapti Sagar Express (PT),SF,ECR,,,ERS,10:50,BJU,0:10,61h 20m,57,F,SL 3A 2A 1A 3E,3434 km,56 km/hr,12521
12372,Bikaner - Howrah Weekly SF Express (Via Lucknow),SF,ER,,,BKN,6:20,HWH,16:50,34h 30m,28,T,SL 3A 2A 1A,1930 km,56 km/hr,12371
12465,Ranthambhore SF Express,SF,NWR,,,INDB,6:00,BGKT,22:30,16h 30m,34,S M T W T F S,SL 3A,914 km,55 km/hr,12466
22876,Guntur - Visakhapatnam Uday Express,Udy,SCoR,,,GNT,16:00,VSKP,22:55,6h 55m,8,M T W F S,2S CC,381 km,55 km/hr,22875
20849,Bhubaneswar - Rameswaram Weekly SF Express (PT),SF,ECoR,,,BBS,12:10,RMM,22:30,34h 20m,25,F,SL 3A 2A,1895 km,55 km/hr,20850
12886,Aranyak Express,SF,SER,,,BJE,14:00,SHM,19:40,5h 40m,12,M T W T F S,2S CC,311 km,55 km/hr,12885
22718,Secunderabad - Rajkot SF Express (PT),SF,SCR,,,SC,15:10,RJT,17:50,26h 40m,26,M T S,SL 3A 2A,1473 km,55 km/hr,22717
12351,Howrah - Rajendra Nagar Terminal SF Express (PT),SF,ECR,,,HWH,20:35,RJPB,6:10,9h 35m,20,S M T W T F S,SL 3A 2A 1A 3E,529 km,55 km/hr,12352
12193,Yesvantpur - Jabalpur SF Express,SF,WCR,,,YPR,15:45,JBP,23:10,31h 25m,17,S,SL 3A 2A 1A 3E,1736 km,55 km/hr,12194
12238,Begampura Express,SF,NR,,,JAT,13:45,BSB,12:30,22h 45m,15,S M T W T F S,SL 3A 2A 1A,1260 km,55 km/hr,12237
22732,Mumbai CSMT - Hyderabad SF Express (PT),SF,SCR,,,CSMT,14:10,HYB,4:30,14h 20m,20,S M T W T F S,SL 3A 2A,789 km,55 km/hr,22731
12701,Hussain Sagar SF Express (PT),SF,SCR,,,CSMT,21:50,HYB,12:05,14h 15m,14,S M T W T F S,SL 3A 2A,789 km,55 km/hr,12702
20918,Puri - Indore Humsafar Express,Hms,WR,,,PURI,0:30,INDB,5:25,28h 55m,16,T,2S SL 3A,1601 km,55 km/hr,20917
22716,Madurai - Kacheguda Weekly Superfast Express (PT),SF,SCR,,,MDU,13:15,KCG,12:40,23h 25m,21,S,SL 3A 2A 1A,1289 km,55 km/hr,22715
12896,Puri - Shalimar Weekly SF Express,SF,ECoR,,,PURI,22:10,SHM,7:10,9h 0m,9,T,SL 3A 2A,497 km,55 km/hr,12895
22129,Tulsi SF Express (PT),SF,CR,,,LTT,6:00,AYC,12:15,30h 15m,28,S T,SL 3A 2A,1663 km,55 km/hr,22130
22173,Chanda Fort - Jabalpur SF Intercity Express,SF,WCR,,,CAF,15:10,JBP,23:50,8h 40m,5,T T F,2S CC,475 km,55 km/hr,22174
22075,Charlapalli - Gorakhpur Amrit Bharat Express,AB,SCR,2-Oct,,CHZ,21:45,GKP,6:25,32h 40m,19,F,SL,1811 km,55 km/hr,22076
12888,Puri - Shalimar Weekly SF Express,SF,ECoR,,,PURI,22:10,SHM,7:15,9h 5m,8,S,SL 3A 2A,497 km,55 km/hr,12887
12827,Howrah - Purulia SF Express,SF,SER,,,HWH,16:50,PRR,22:40,5h 50m,12,S M T W T F S,2S CC 3A 3E,323 km,55 km/hr,12828
12833,Ahmedabad - Howrah SF Express (PT),SF,SER,,,ADI,0:25,HWH,14:20,37h 55m,59,S M T W T F S,SL 3A 2A,2085 km,55 km/hr,12834
12828,Purulia - Howrah SF Express,SF,SER,,,PRR,5:30,HWH,11:22,5h 52m,13,S M T W T F S,2S CC 3A 3E,323 km,55 km/hr,12827
14509,Dhuri - Bathinda Express (UnReserved),Exp,NR,,,DUI,6:20,BTI,8:05,1h 45m,6,S M T W T F S,,95 km,55 km/hr,14510
11090,Pune - Bhagat Ki Kothi Express (PT),Exp,CR,,,PUNE,20:10,BGKT,16:00,19h 50m,25,S,SL 3A 2A,1082 km,55 km/hr,11089
14314,Bareilly - Mumbai LTT Weekly Express,Exp,NR,,,BE,11:25,LTT,16:15,28h 50m,25,S,SL 3A 2A,1597 km,55 km/hr,14313
20807,Hirakud Express (PT),SF,SCoR,,,VSKP,0:25,ASR,23:25,47h 0m,46,T F S,SL 3A 2A 3E,2570 km,55 km/hr,20808
12403,Prayagraj - Lalgarh SF Express (via Fatehpur Shekhawati) (PT),SF,NCR,,,PRYJ,23:05,LGH,20:25,21h 20m,30,M T T S,SL 3A 2A 1A 3E,1183 km,55 km/hr,12404
11038,Gorakhpur - Pune Express (via Prayagraj) (PT),Exp,CR,,,GKP,15:50,PUNE,2:15,34h 25m,17,S,SL 3A 2A,1765 km,51 km/hr,11037
22471,Lalgarh - Delhi Sarai Rohilla Intercity SF Express,SF,NWR,,,LGH,9:00,DEE,17:20,8h 20m,13,S M T W T F S,SL 3A 2A 1A,461 km,55 km/hr,22472
22197,Pratham Swatantrata Sangram Express (PT),SF,NCR,,,KOAA,7:25,VGLJ,7:20,23h 55m,17,S,SL 3A 2A 3E,1324 km,55 km/hr,22198
16317,Himsagar Express (PT),Exp,SR,,,CAPE,14:15,SVDK,10:45,68h 30m,65,F,SL 3A 2A 3E,3789 km,55 km/hr,16318
13042,Himgiri Express,Exp,ER,,,JAT,22:45,HWH,11:30,36h 45m,32,S M T,SL 3A 2A 1A,2020 km,55 km/hr,13041
22909,Valsad - Puri Weekly SF Express (PT),SF,WR,,,BL,20:15,PURI,9:45,37h 30m,24,T,SL 3A 2A,2065 km,55 km/hr,22910
13041,Himgiri Express (PT),Exp,ER,,,HWH,23:55,JAT,13:00,37h 5m,32,T F S,SL 3A 2A 1A,2021 km,55 km/hr,13042
12125,Pragati Express,SF,CR,,,CSMT,16:25,PUNE,19:50,3h 25m,6,S M T W T F S,2S CC EV,188 km,55 km/hr,12126
22541,Banaras - Anand Vihar Terminal Garib Rath Express,GR,NER,,,BNRS,19:20,ANVT,9:30,14h 10m,7,S T,3A,781 km,55 km/hr,22542
12179,Lucknow Jn. - Agra Fort InterCity SF Express,SF,NCR,,,LJN,15:55,AF,21:49,5h 54m,12,S M T W T F S,2S CC 3A,326 km,55 km/hr,12180
22643,Ernakulam Jn. - Patna SF Express (via Asansol) (PT),SF,SR,,,ERS,17:20,PNBE,20:00,50h 40m,43,M T,SL 3A 2A,2788 km,55 km/hr,22644
12110,Panchavati Express,SF,CR,,,MMR,6:02,CSMT,10:45,4h 43m,7,S M T W T F S,2S CC,259 km,55 km/hr,12109
12748,Palnadu SF Express,SF,SCoR,,,VKB,15:00,GNT,21:25,6h 25m,13,S M T W T F S,2S CC 3A,353 km,55 km/hr,12747
12763,Padmavathi SF Express (PT),SF,SCoR,,,TPTY,16:55,SC,6:15,13h 20m,14,M T W F S,SL 3A 2A 1A 3E,735 km,55 km/hr,12764
20491,Jaisalmer - Sabarmati SF Express,SF,NWR,,,JSM,15:30,SBIB,5:15,13h 45m,21,S M T W T F S,SL 3A 2A,757 km,55 km/hr,20492
20838,Junagarh Road - Bhubaneswar SF Express (PT),SF,ECoR,,,JNRD,17:30,BBS,5:20,11h 50m,17,S M T W T F S,SL 3A 2A,655 km,55 km/hr,20837
16587,Yesvantpur - Bikaner Express,Exp,SWR,,,YPR,12:00,BKN,8:45,44h 45m,35,S F,SL CC 3A 2A,2447 km,55 km/hr,16588
12768,Santragachi - Hazur Sahib Nanded SF Express (PT),SF,SCR,,,SRC,14:05,NED,18:25,28h 20m,17,W,SL 3A 2A,1567 km,55 km/hr,12767
22330,Asansol - Haldia SF Express,SF,ER,,,ASN,5:40,HLZ,11:35,5h 55m,16,M T W T F S,2S CC,324 km,55 km/hr,22329
22639,MGR Chennai Central - Alappuzha SF Express (PT),SF,SR,,,MAS,20:55,ALLP,10:40,13h 45m,22,S M T W T F S,SL 3A 2A 1A,757 km,55 km/hr,22640
12238,Begampura Express,SF,NR,,,JAT,13:45,BSB,12:30,22h 45m,15,S M T W T F S,SL 3A 2A 1A,1260 km,55 km/hr,12237
20693,Jodhpur - KSR Bengaluru SF Express (via Davangere) (PT),SF,SWR,,,JU,6:15,SBC,20:30,38h 15m,43,T S,SL 3A 2A 1A,2115 km,55 km/hr,20694
22162,Damoh - Bhopal Rajya Rani SF Express,SF,WCR,,,DMO,5:30,BPL,10:45,5h 15m,9,S M T W T F S,2S CC 3A,290 km,55 km/hr,22161
22684,Lucknow - Yesvantpur SF Express (via Kacheguda),SF,SWR,,,LKO,18:40,YPR,13:15,42h 35m,29,T,SL 3A 2A,2335 km,55 km/hr,22683
12777,SSS Hubballi - Thiruvananthapuram North (Kochuveli) Weekly SF Express,SF,SWR,,,UBL,7:05,TVCN,6:35,23h 30m,22,W,SL 3A 2A 3E,1290 km,55 km/hr,12778
12876,Neelachal Express (PT),SF,ECoR,,,ANVT,7:30,PURI,17:55,34h 25m,41,S T F,SL 3A 2A 1A 3E,1896 km,55 km/hr,12875
22166,Singrauli - Bhopal Urjadhani Express,SF,WCR,,,SGRL,19:00,BPL,7:00,12h 0m,11,T T F,SL 3A 2A 1A 3E,660 km,55 km/hr,22165
12875,Neelachal Express (PT),SF,ECoR,,,PURI,11:00,ANVT,21:20,34h 20m,42,S T F,SL 3A 2A 1A 3E,1897 km,55 km/hr,12876
12696,Thiruvananthapuram Central - M.G.R Chennai Central SF Express (PT),SF,SR,,,TVC,17:15,MAS,10:00,16h 45m,21,S M T W T F S,SL 3A 2A 1A,918 km,55 km/hr,12695
12507,New Jalpaiguri - Amritsar Karmabhoomi Express (UnReserved),SF,NFR,,,NJP,8:30,ASR,17:35,33h 5m,18,W,,1826 km,55 km/hr,12508
16561,Yesvantpur - Thiruvananthapuram North (Kochuveli) AC SF Express,ACSF,SWR,,,YPR,15:20,TVCN,6:45,15h 25m,12,T,3A 2A 1A,843 km,55 km/hr,16562
22165,Bhopal - Singrauli Urjadhani Express,SF,WCR,,,BPL,20:55,SGRL,8:55,12h 0m,11,T W S,SL 3A 2A 1A 3E,660 km,55 km/hr,22166
22613,Shraddha Sethu SF Express (PT),SF,SR,,,RMM,23:55,AYC,4:40,52h 45m,24,S,SL 3A 2A,2921 km,55 km/hr,22614
12508,Amritsar - New Jalpaiguri Karmabhoomi Express (UnReserved),SF,NFR,,,ASR,9:30,NJP,18:35,33h 5m,18,F,,1826 km,55 km/hr,12507
20404,Lalgarh - Prayagraj SF Express (Via Loharu),SF,NCR,,,LGH,4:50,PRYJ,4:50,24h 0m,33,M T S,SL 3A 2A 1A 3E,1322 km,55 km/hr,20403
11407,Pune - Lucknow Jn. Express (PT),Exp,CR,,,PUNE,22:00,LJN,0:50,26h 50m,15,T,SL 3A 2A,1475 km,55 km/hr,11408
12734,Narayanadri SF Express (PT),SF,SCoR,,,LPI,17:30,TPTY,5:55,12h 25m,20,S M T W T F S,SL 3A 2A 1A 3E,685 km,55 km/hr,12733
12733,Narayanadri SF Express (PT),SF,SCoR,,,TPTY,18:20,LPI,6:45,12h 25m,20,S M T W T F S,SL 3A 2A 1A 3E,685 km,55 km/hr,12734
22075,Charlapalli - Gorakhpur Amrit Bharat Express,AB,SCR,2-Oct,,CHZ,21:45,GKP,6:25,32h 40m,19,F,SL,1811 km,55 km/hr,22076
15607,Aronai Express (PT),Exp,NFR,,,TVC,16:55,SCL,16:45,71h 50m,55,T,SL 3A 2A 3E,3916 km,55 km/hr,15608
22148,Sainagar Shirdi - Dadar Central SF Express (via Manmad),SF,CR,,,SNSI,7:20,DR,13:25,6h 5m,5,S,SL 3A 2A,334 km,55 km/hr,22147
12507,New Jalpaiguri - Amritsar Karmabhoomi Express (UnReserved),SF,NFR,,,NJP,8:30,ASR,17:35,33h 5m,18,W,,1826 km,55 km/hr,12508
19668,Palace Queen Humsafar Express,Hms,NWR,,,MYS,10:05,UDZ,3:10,41h 5m,17,T,SL 3A,2259 km,55 km/hr,19667
22407,Ambikapur - Hazrat Nizamuddin SF Express (PT),SF,NR,,,ABKP,7:30,NZM,4:25,20h 55m,14,T,SL 3A 2A 1A,1153 km,55 km/hr,22408
21901,Bandra Terminus - Barmer Humsafar SF Express,Hms,WR,,,BDTS,19:25,BME,13:20,17h 55m,21,F,SL 3A,994 km,55 km/hr,21902
12378,Padatik Express (PT),SF,ER,,,NOQ,17:40,SDAH,6:45,13h 5m,12,S M T W T F S,SL 3A 2A 1A,719 km,55 km/hr,12377
15706,Champaran Humsafar Express,Hms,NFR,,,DLI,16:35,KIR,18:35,26h 0m,19,T F,2S SL 3A,1420 km,55 km/hr,15705
20926,Amravati - Surat SF Express,SF,WR,,,AMI,9:05,ST,19:15,10h 10m,19,M F S,2S SL CC,563 km,55 km/hr,20925
12179,Lucknow Jn. - Agra Fort InterCity SF Express,SF,NCR,,,LJN,15:55,AF,21:49,5h 54m,12,S M T W T F S,2S CC 3A,326 km,55 km/hr,12180
12377,Padatik Express (PT),SF,ER,,,SDAH,23:20,NOQ,12:25,13h 5m,12,S M T W T F S,SL 3A 2A 1A,719 km,55 km/hr,12378
12691,MGR Chennai Central - Shivamogga Town Weekly SF Express (PT),SF,SR,,,MAS,23:30,SMET,10:55,11h 25m,15,F,SL 3A 2A 1A 3E,631 km,55 km/hr,12692
20918,Puri - Indore Humsafar Express,Hms,WR,,,PURI,0:30,INDB,5:25,28h 55m,16,T,2S SL 3A,1601 km,55 km/hr,20917
22861,Howrah - Kantabanji Ispat Express,SF,SER,,,HWH,6:30,KBJ,20:35,14h 5m,26,S T T F,2S CC 3A,777 km,55 km/hr,22862
22836,Puri - Shalimar Weekly SF Express (PT),SF,ECoR,,,PURI,22:10,SHM,7:10,9h 0m,9,T,SL 3A 2A,497 km,55 km/hr,22835
12592,Yesvantpur - Gorakhpur SF Express (PT),SF,NER,,,YPR,17:30,GKP,15:10,45h 40m,35,M,SL 3A 2A 1A,2512 km,55 km/hr,12591
22110,Balharshah - Mumbai LTT SF Express,SF,CR,,,BPQ,13:40,LTT,5:30,15h 50m,15,W,SL 3A 2A,870 km,55 km/hr,22109
17683,Akola - Purna Express (UnReserved),Exp,SCR,,,AK,22:15,PAU,2:00,3h 45m,3,S M T W T F S,,208 km,55 km/hr,17684
12590,Charlapalli - Gorakhpur SF Express (PT),SF,NER,,,CHZ,21:45,GKP,6:45,33h 0m,27,T,SL 3A 2A 1A,1811 km,55 km/hr,12589
22862,Kantabanji - Howrah Ispat Express,SF,SER,,,KBJ,4:25,HWH,18:30,14h 5m,26,M W F S,2S CC 3A,777 km,55 km/hr,22861
15660,Agartala - Mumbai LTT AC Express (PT),ACExp,NFR,,,AGTL,7:00,LTT,16:15,57h 15m,36,T,3A 2A 1A,3127 km,55 km/hr,15659
12618,Mangala Lakshadweep Express (PT),SF,SR,,,NZM,5:35,ERS,8:00,50h 25m,41,S M T W T F S,SL 3A 2A 3E,2761 km,55 km/hr,12617
12193,Yesvantpur - Jabalpur SF Express,SF,WCR,,,YPR,15:45,JBP,23:10,31h 25m,17,S,SL 3A 2A 1A 3E,1736 km,55 km/hr,12194
12411,Chandigarh - Amritsar Intercity Express,SF,NR,,,CDG,6:55,ASR,11:24,4h 29m,8,S M T W T F S,2S SL CC 3E,248 km,55 km/hr,12412
12238,Begampura Express,SF,NR,,,JAT,13:45,BSB,12:30,22h 45m,15,S M T W T F S,SL 3A 2A 1A,1260 km,55 km/hr,12237
14509,Dhuri - Bathinda Express (UnReserved),Exp,NR,,,DUI,6:20,BTI,8:05,1h 45m,6,S M T W T F S,,95 km,55 km/hr,14510
12920,Malwa SF Express,SF,WR,,,SVDK,8:35,DADN,14:25,29h 50m,48,S M T W T F S,SL 3A 2A 1A 3E,1641 km,55 km/hr,12919
22839,Rourkela - Bhubaneswar Intercity SF Express (PT),SF,SER,,,ROU,5:00,BBS,12:35,7h 35m,14,S M T W T F S,2S CC 3A,419 km,55 km/hr,22840
12778,Thiruvananthapuram North (Kochuveli) - SSS Hubballi Weekly SF Express (PT),SF,SWR,,,TVCN,12:50,UBL,12:15,23h 25m,21,T,SL 3A 2A 3E,1290 km,55 km/hr,12777
22188,Adhartal - Rani Kamalapati Intercity SF Express,SF,WCR,,,ADTL,16:15,RKMP,22:23,6h 8m,10,S M T W T F S,2S CC 3A,338 km,55 km/hr,22187
12508,Amritsar - New Jalpaiguri Karmabhoomi Express (UnReserved),SF,NFR,,,ASR,9:30,NJP,18:35,33h 5m,18,F,,1826 km,55 km/hr,12507
14808,Dadar Western - Jodhpur Express (PT),Exp,NWR,,,DDR,0:15,JU,17:40,17h 25m,18,M W S,SL 3A 2A 3E,950 km,55 km/hr,14807
22173,Chanda Fort - Jabalpur SF Intercity Express,SF,WCR,,,CAF,15:10,JBP,23:50,8h 40m,5,T T F,2S CC,475 km,55 km/hr,22174
12419,Gomti Express,SF,NR,,,LKO,5:45,NDLS,15:00,9h 15m,15,S M T W T F S,2S CC 2A 1A,512 km,55 km/hr,12420
12390,MGR Chennai Central - Gaya Weekly SF Express (PT),SF,ECR,,,MAS,9:15,GAYA,22:50,37h 35m,19,T,SL 3A 2A 1A 3E,2075 km,55 km/hr,12389
22177,Mahanagari SF Express (PT),SF,CR,,,CSMT,0:15,BNRS,3:45,27h 30m,29,S M T W T F S,SL 3A 2A 1A,1513 km,55 km/hr,22178
15030,Pune - Gorakhpur Weekly Express (Via Lucknow) (PT),Exp,NER,,,PUNE,11:20,GKP,18:55,31h 35m,18,S,SL 3A 2A 1A,1745 km,55 km/hr,15029
12728,Hyderabad - Visakhapatnam Godavari SF Express (PT),SF,SCR,,,HYB,17:05,VSKP,5:55,12h 50m,19,S M T W T F S,SL 3A 2A 1A,708 km,55 km/hr,12727
22536,Banaras - Rameswaram Weekly SF Express,SF,NER,,,BNRS,20:00,RMM,22:30,50h 30m,34,S,SL 3A 2A 1A 3E,2789 km,55 km/hr,22535
12727,Visakhapatnam - Hyderabad Godavari SF Express (PT),SF,SCR,,,VSKP,17:20,HYB,6:15,12h 55m,19,S M T W T F S,SL 3A 2A 1A,708 km,55 km/hr,12728
12231,Lucknow - Chandigarh SF Express,SF,NR,,,LKO,22:25,CDG,10:05,11h 40m,14,S M T W T F S,SL 3A 2A 1A 3E,644 km,55 km/hr,12232
22175,Nagpur - Jaipur Weekly SF Express,SF,CR,,,NGP,10:35,JP,10:40,24h 5m,22,T,SL 3A 2A,1331 km,55 km/hr,22176
22423,Gorakhpur - Amritsar Jansadharan SF Express (UnReserved),SF,NR,,,GKP,10:50,ASR,6:30,19h 40m,14,M,,1086 km,55 km/hr,22424
12750,Bidar - Machilipatnam SF Express (PT),SF,SCoR,,,BIDR,19:35,MTM,6:20,10h 45m,15,S M T W T F S,SL 3A 2A 1A,592 km,55 km/hr,12749
18207,Durg - Ajmer Weekly Express,Exp,SECR,,,DURG,16:00,AII,17:25,25h 25m,22,M,SL 3A 2A 1A 3E,1393 km,55 km/hr,18208
20691,Tambaram - Nagercoil Antyodaya SF Express,Ant,SR,,,TBM,22:40,NCJ,12:35,13h 55m,19,S M T W T F S,,764 km,55 km/hr,20692
11428,Jasidih - Pune Weekly Express (PT),Exp,CR,,,JSME,21:45,PUNE,9:45,36h 0m,16,S,SL 3A 2A,1978 km,55 km/hr,11427
22503,Kanniyakumari - Dibrugarh Vivek SF Express (PT),SF,NFR,,,CAPE,17:25,DBRG,21:00,75h 35m,58,S M T W T F S,SL 3A 2A,4154 km,55 km/hr,22504
11062,Pawan Express (PT),Exp,CR,,,JYG,13:10,LTT,0:30,35h 20m,41,S M T W T F S,SL 3A 2A,1942 km,55 km/hr,11061
12766,Amravati - Tirupati SF Express (PT),SF,SCoR,,,AMI,6:45,TPTY,6:25,23h 40m,22,M T,SL 3A 2A,1309 km,55 km/hr,12765
12779,Goa Express (PT),SF,SWR,,,VSG,15:10,NZM,6:25,39h 15m,31,S M T W T F S,SL 3A 2A 1A 3E,2163 km,55 km/hr,12780
22075,Charlapalli - Gorakhpur Amrit Bharat Express,AB,SCR,2-Oct,,CHZ,21:45,GKP,6:25,32h 40m,19,F,SL,1811 km,55 km/hr,22076
20936,Indore - Gandhidham Weekly SF Express,SF,WR,,,INDB,23:30,GIMB,14:05,14h 35m,9,S,SL 3A 2A 1A 3E,806 km,55 km/hr,20935
12176,Gwalior - Howrah Chambal Express,SF,NCR,,,GWL,7:40,HWH,6:55,23h 15m,29,T S,SL 3A 2A 1A 3E,1288 km,55 km/hr,12175
20838,Junagarh Road - Bhubaneswar SF Express (PT),SF,ECoR,,,JNRD,17:30,BBS,5:20,11h 50m,17,S M T W T F S,SL 3A 2A,655 km,55 km/hr,20837
12882,Puri - Shalimar Garib Rath Express (PT),GR,ECoR,,,PURI,22:10,SHM,7:10,9h 0m,8,M W,3A,497 km,55 km/hr,12881
12175,Howrah - Gwalior Chambal Express (PT),SF,NCR,,,HWH,17:45,GWL,17:05,23h 20m,29,S W,SL 3A 2A 1A 3E,1288 km,55 km/hr,12176
12862,Mahbubnagar - Visakhapatnam SF Express (PT),SF,SCoR,,,MBNR,16:10,VSKP,6:50,14h 40m,21,S M T W T F S,SL 3A 2A 1A 3E,808 km,55 km/hr,12861
12861,Visakhapatnam - Mahbubnagar SF Express (PT),SF,SCoR,,,VSKP,18:40,MBNR,9:20,14h 40m,20,S M T W T F S,SL 3A 2A 1A 3E,808 km,55 km/hr,12862
11017,Mumbai LTT - Karaikal Weekly Express (PT),Exp,CR,,,LTT,13:15,KIK,18:55,29h 40m,30,S,SL 3A 2A,1628 km,55 km/hr,11018
22429,Delhi - Pathankot SF Express,SF,NR,,,DLI,8:15,PTK,18:18,10h 3m,13,S M T W F S,2S CC,554 km,55 km/hr,22430
12738,Gowthami SF Express (PT),SF,SCoR,,,LPI,20:30,COA,7:08,10h 38m,20,S M T W T F S,SL 3A 2A 1A 3E,582 km,55 km/hr,12737
22584,Mumbai LTT - Chhapra Antyodaya SF Express,Ant,NER,,,LTT,16:35,CPR,5:25,36h 50m,22,T,,2033 km,55 km/hr,22583
22537,Kushinagar SF Express (PT),SF,NER,,,GKP,17:35,LTT,0:20,30h 45m,43,S M T W T F S,SL 3A 2A 1A,1680 km,55 km/hr,22538
22538,Kushinagar SF Express (PT),SF,NER,,,LTT,0:35,GKP,7:10,30h 35m,45,S M T W T F S,SL 3A 2A 1A,1680 km,55 km/hr,22537
12363,Kolkata - Haldibari Intercity Express (PT),SF,ER,,,KOAA,9:05,HDB,20:25,11h 20m,9,T T S,2S SL CC 3A,627 km,55 km/hr,12364
12252,Wainganga SF Express (PT),SF,SWR,,,KRBA,8:05,YPR,13:15,29h 10m,21,S T,SL 3A 2A 1A,1605 km,55 km/hr,12251
12737,Gowthami SF Express (PT),SF,SCoR,,,COA,19:15,LPI,5:55,10h 40m,19,S M T W T F S,SL 3A 2A 1A 3E,582 km,55 km/hr,12738
22312,Mumbai LTT - Godda SF Express,SF,ER,,,LTT,8:05,GODA,20:35,36h 30m,41,T,SL 3A 2A,2017 km,55 km/hr,22311
20967,Secunderabad - Porbandar Weekly SF Express (PT),SF,WR,,,SC,15:10,PBR,21:50,30h 40m,25,W,SL 3A 2A 1A,1686 km,55 km/hr,20968
14692,Mour Dhwaj Express,Exp,NR,,,JAT,17:35,BJU,22:45,29h 10m,21,F,SL 3A 1A 3E,1611 km,55 km/hr,14691
13421,Nabadwip Dham - Malda Town Express (UnReserved),Exp,ER,,,NDAE,5:20,MLDT,9:30,4h 10m,9,M T,,227 km,55 km/hr,13422
22990,Mahuva - Bandra Terminus SF Express (PT),SF,WR,,,MHV,17:30,BDTS,9:30,16h 0m,14,T S,SL 3A 2A 1A,883 km,55 km/hr,22989
22676,Cholan SF Express (PT),SF,SR,,,TPJ,12:10,MS,19:25,7h 15m,18,S M T W T F S,2S SL 3A 2A 1A,401 km,55 km/hr,22675
12783,Visakhapatnam - Secunderabad AC SF Express (PT),ACSF,SCR,,,VSKP,19:00,SC,7:04,12h 4m,10,S,3A 2A 1A,663 km,55 km/hr,12784
12378,Padatik Express (PT),SF,ER,,,NOQ,17:40,SDAH,6:45,13h 5m,12,S M T W T F S,SL 3A 2A 1A,719 km,55 km/hr,12377
12120,Ajni (Nagpur) - Amravati Intercity SF Express (UnReserved),SF,CR,,,AJNI,18:20,AMI,21:35,3h 15m,6,S M T W T F S,,178 km,55 km/hr,12119
22892,Ranchi - Howrah Intercity SF Express (via Tatanagar),SF,SER,,,RNC,6:55,HWH,15:15,8h 20m,11,W T S,2S CC 3A 3E,458 km,55 km/hr,22891
12167,Mumbai LTT - Banaras SF Express (PT),SF,CR,,,LTT,22:45,BNRS,1:55,27h 10m,13,S M T W T F S,SL 3A 2A 1A,1494 km,55 km/hr,12168
20960,Vadnagar - Valsad Intercity SF Express,SF,WR,,,VDG,17:00,BL,0:38,7h 38m,13,S M T W T F S,2S CC,423 km,55 km/hr,20959
22723,Hazur Sahib Nanded - Shri Ganganagar SF Express (Via Ahmedabad),SF,SCR,,,NED,6:50,SGNR,19:00,36h 10m,34,T,SL 3A 2A 1A,1994 km,55 km/hr,22724
18574,Bhagat Ki Kothi - Visakhapatnam Weekly Express (PT),Exp,SCoR,,,BGKT,20:40,VSKP,10:30,37h 50m,35,S,SL 3A 2A 3E,2065 km,55 km/hr,18573
12517,Kolkata - Guwahati Garib Rath Express,GR,NFR,,,KOAA,21:45,GHY,15:55,18h 10m,14,T,3A,1004 km,55 km/hr,12518
20918,Puri - Indore Humsafar Express,Hms,WR,,,PURI,0:30,INDB,5:25,28h 55m,16,T,2S SL 3A,1601 km,55 km/hr,20917
22724,Shri Ganganagar - Hazur Sahib Nanded SF Express (via Ahmedabad) (PT),SF,SCR,,,SGNR,14:10,NED,2:20,36h 10m,34,S,SL 3A 2A 1A,1994 km,55 km/hr,22723
12354,Lal Kuan - Howrah Weekly SF Express (PT),SF,ER,,,LKU,18:50,HWH,18:25,23h 35m,17,S,SL 3A 2A 3E,1300 km,55 km/hr,12353
12756,Bhavnagar Terminus - Kakinada Port Superfast Express (PT),SF,SCoR,,,BVC,4:25,COA,17:25,37h 0m,30,S,SL 3A 2A 1A 3E,2051 km,55 km/hr,12755
12455,Delhi Sarai Rohilla - Bikaner SF Express (via Shri Ganganagar),SF,NR,,,DEE,22:45,BKN,13:20,14h 35m,20,S M T W T F S,SL 3A 2A 1A,802 km,55 km/hr,12456
12456,Bikaner - Delhi Sarai Rohilla SF Express (via Sri Ganganagar),SF,NR,,,BKN,16:45,DEE,7:20,14h 35m,20,S M T W T F S,SL 3A 2A 1A,802 km,55 km/hr,12455
22117,Pune - Amravati AC SF Express,ACSF,CR,,,PUNE,22:00,AMI,11:00,13h 0m,9,W,2S 3A 2A 1A,720 km,55 km/hr,22118
17301,Mysuru - Belagavi Express (Via Hassan),Exp,SWR,,,MYS,22:45,BGM,9:55,11h 10m,18,S M T W T F S,SL 3A 2A,614 km,55 km/hr,17302
15634,Guwahati - Bikaner Express (PT),Exp,NFR,,,GHY,10:45,BKN,5:30,42h 45m,31,S,SL 3A 2A,2330 km,55 km/hr,15633
12470,Jammu Tawi - Kanpur Central SF Express,SF,NR,,,JAT,17:38,CNB,12:15,18h 37m,12,T T,SL 3A 1A 3E,1026 km,55 km/hr,12469
66573,Yesvantpur - Tumakuru MEMU,MEMU,SWR,,,YPR,5:00,TK,6:10,1h 10m,3,S M T W T F S,,64 km,55 km/hr,66574
20476,Miraj - Bikaner Weekly SF Express (PT),SF,NWR,,,MRJ,14:40,BKN,20:15,29h 35m,31,T,SL 3A 2A,1641 km,55 km/hr,20475
16210,Mysuru - Ajmer Express (PT),Exp,SWR,,,MYS,20:30,AII,14:25,41h 55m,44,T T,SL CC 3A 2A 1A,2288 km,55 km/hr,16209
16209,Ajmer - Mysuru Express (PT),Exp,SWR,,,AII,6:15,MYS,0:05,41h 50m,45,S F,SL 3A 2A 1A,2288 km,55 km/hr,16210
22190,Rewa - Madan Mahal InterCity Express,SF,WCR,,,REWA,5:45,MML,10:07,4h 22m,11,S M T W T F S,2S CC 3A,242 km,55 km/hr,22189
22189,Madan Mahal - Rewa InterCity Express,SF,WCR,,,MML,17:00,REWA,21:22,4h 22m,11,S M T W T F S,2S CC 3A,242 km,55 km/hr,22190
12768,Santragachi - Hazur Sahib Nanded SF Express (PT),SF,SCR,,,SRC,14:05,NED,18:25,28h 20m,17,W,SL 3A 2A,1567 km,55 km/hr,12767
15706,Champaran Humsafar Express,Hms,NFR,,,DLI,16:35,KIR,18:35,26h 0m,19,T F,2S SL 3A,1420 km,55 km/hr,15705
22075,Charlapalli - Gorakhpur Amrit Bharat Express,AB,SCR,2-Oct,,CHZ,21:45,GKP,6:25,32h 40m,19,F,SL,1811 km,55 km/hr,22076
22189,Madan Mahal - Rewa InterCity Express,SF,WCR,,,MML,17:00,REWA,21:22,4h 22m,11,S M T W T F S,2S CC 3A,242 km,55 km/hr,22190
12762,Karimnagar - Tirupati SF Express (PT),SF,SCR,,,KRMR,19:15,TPTY,8:05,12h 50m,10,S T,SL 3A 2A,712 km,55 km/hr,12761
12766,Amravati - Tirupati SF Express (PT),SF,SCoR,,,AMI,6:45,TPTY,6:25,23h 40m,22,M T,SL 3A 2A,1309 km,55 km/hr,12765
12947,Azimabad SF Express (PT),SF,WR,,,ADI,21:50,RGD,7:25,33h 35m,23,M W,SL 3A 2A 3E,1861 km,55 km/hr,12948
22480,Sarbat Da Bhala Express,SF,NR,,,LNK,15:35,NDLS,23:30,7h 55m,15,S T W T S,2S CC,438 km,55 km/hr,22479
12226,Kaifiyaat SF Express (PT),SF,NR,,,DLI,20:25,AMH,10:55,14h 30m,17,S M T W T F S,SL 3A 2A 1A,800 km,55 km/hr,12225
12225,Kaifiyaat SF Express (PT),SF,NR,,,AMH,16:30,DLI,7:05,14h 35m,17,S M T W T F S,SL 3A 2A 1A,800 km,55 km/hr,12226
22229,Mumbai CSMT - Madgaon Vande Bharat Express,VB,CR,,,CSMT,5:25,MAO,16:00,10h 35m,7,M W F,CC Ex,581 km,55 km/hr,22230
22637,West Coast SF Express (PT),SF,SR,,,MAS,13:25,MAQ,5:50,16h 25m,27,S M T W T F S,SL 3A 2A 1A,902 km,55 km/hr,22638
22148,Sainagar Shirdi - Dadar Central SF Express (via Manmad),SF,CR,,,SNSI,7:20,DR,13:25,6h 5m,5,S,SL 3A 2A,334 km,55 km/hr,22147
22809,Paradeep - Visakhapatnam Weekly SF Express,SF,SCoR,,,PRDP,22:15,VSKP,8:15,10h 0m,13,M,SL 3A 2A,554 km,55 km/hr,22810
12706,Secunderabad - Guntur InterCity Superfast Express,SF,SCR,,,SC,7:45,GNT,14:43,6h 58m,14,S M T W T F S,2S CC 3E,380 km,55 km/hr,12705
13048,Vibhuti Express (PT),Exp,ER,,,PRRB,15:40,HWH,7:35,15h 55m,31,S M T W T F S,SL 3A 2A,882 km,55 km/hr,13047
13047,Vibhuti Express (PT),Exp,ER,,,HWH,19:55,PRRB,12:00,16h 5m,31,S M T W T F S,SL 3A 2A,883 km,55 km/hr,13048
12183,Bhopal - MBDD Pratapgarh SF Express (PT),SF,WCR,,,BPL,19:15,MBDP,8:55,13h 40m,10,S T F,SL 3A 2A,757 km,55 km/hr,12184
12797,Venkatadri SF Express (PT),SF,SCR,,,KCG,20:05,CTO,8:52,12h 47m,19,S M T W T F S,SL 3A 2A 1A 3E,709 km,55 km/hr,12798
22165,Bhopal - Singrauli Urjadhani Express,SF,WCR,,,BPL,20:55,SGRL,8:55,12h 0m,11,T W S,SL 3A 2A 1A 3E,660 km,55 km/hr,22166
22131,Gyan Ganga SF Express (PT),SF,CR,,,PUNE,16:15,BNRS,20:00,27h 45m,17,M,SL 3A 2A,1531 km,55 km/hr,22132
12806,Lingampalli - Visakhapatnam Janmabhoomi SF Express (PT),SF,SCoR,,,LPI,6:55,VSKP,19:50,12h 55m,23,S M T W T F S,2S CC 3E,711 km,55 km/hr,12805
20423,Patalkot Express (PT),SF,NR,,,SEY,8:20,FZR,11:25,27h 5m,41,S M T W T F S,SL 3A 2A 3E,1494 km,55 km/hr,20424
22690,Yesvantpur - Ahmedabad Weekly SF Express (PT),SF,SWR,,,YPR,16:45,ADI,1:00,32h 15m,23,S,SL 3A 2A 1A,1781 km,55 km/hr,22689
12455,Delhi Sarai Rohilla - Bikaner SF Express (via Shri Ganganagar),SF,NR,,,DEE,22:45,BKN,13:20,14h 35m,20,S M T W T F S,SL 3A 2A 1A,802 km,55 km/hr,12456
16354,Nagercoil - Kacheguda Weekly Express (PT),Exp,SR,,,NCJ,9:25,KCG,12:40,27h 15m,26,S,SL 3A 2A,1496 km,55 km/hr,16353
16320,SMVT Bengaluru - Thiruvananthapuram North (Kochuveli) Humsafar Express,Hms,SR,,,SMVB,19:00,TVCN,10:00,15h 0m,13,S F,SL 3A,826 km,55 km/hr,16319
12325,Gurumukhi SF Express (PT),SF,ER,,,KOAA,7:40,AADR,17:10,33h 30m,18,T,SL 3A 2A 3E,1848 km,55 km/hr,12326
12070,Gondia - Raigarh Jan Shatabdi Express,JShtb,SECR,,,G,14:30,RIG,22:00,7h 30m,13,S M T W T F,2S CC,415 km,55 km/hr,12069
12069,Raigarh - Gondia Jan Shatabdi Express,JShtb,SECR,,,RIG,6:10,G,13:40,7h 30m,13,M T W T F S,2S CC,415 km,55 km/hr,12070
22130,Tulsi SF Express,SF,CR,,,AYC,14:50,LTT,20:50,30h 0m,27,M W,SL 3A 2A,1663 km,55 km/hr,22129
12326,Gurumukhi SF Express,SF,ER,,,AADR,6:10,KOAA,14:50,32h 40m,18,S,SL 3A 2A 3E,1848 km,57 km/hr,12325
22422,Salasar SF Express,SF,NWR,,,JU,11:10,DEE,22:25,11h 15m,20,S M T W T F S,SL 3A 2A 1A,619 km,55 km/hr,22421
12854,Amarkantak Express (PT),SF,SECR,,,BPL,16:00,DURG,8:05,16h 5m,27,S M T W T F S,SL 3A 2A 1A 3E,886 km,55 km/hr,12853
22684,Lucknow - Yesvantpur SF Express (via Kacheguda),SF,SWR,,,LKO,18:40,YPR,13:15,42h 35m,29,T,SL 3A 2A,2335 km,55 km/hr,22683
15634,Guwahati - Bikaner Express (PT),Exp,NFR,,,GHY,10:45,BKN,5:30,42h 45m,31,S,SL 3A 2A,2330 km,55 km/hr,15633
20676,Vishwamanava SF Express,SF,SWR,,,MYS,7:00,BGM,20:35,13h 35m,31,S M T W T F S,2S CC,749 km,55 km/hr,20675
12614,Wodeyar SF Express,SF,SWR,,,SBC,15:15,MYS,17:45,2h 30m,3,S M T W T F S,2S CC,138 km,55 km/hr,12613
12613,Wodeyar SF Express,SF,SWR,,,MYS,11:30,SBC,14:00,2h 30m,3,S M T W T F S,2S CC,138 km,55 km/hr,12614
12022,Barbil - Howrah Jan Shatabdi Express,JShtb,SER,,,BBN,13:45,HWH,21:00,7h 15m,10,S M T W T F S,2S CC,397 km,55 km/hr,12021
20675,Vishwamanava SF Express,SF,SWR,,,BGM,7:00,MYS,20:35,13h 35m,31,S M T W T F S,2S CC,749 km,55 km/hr,20676
20491,Jaisalmer - Sabarmati SF Express,SF,NWR,,,JSM,15:30,SBIB,5:15,13h 45m,21,S M T W T F S,SL 3A 2A,757 km,55 km/hr,20492
22909,Valsad - Puri Weekly SF Express (PT),SF,WR,,,BL,20:15,PURI,9:45,37h 30m,24,T,SL 3A 2A,2065 km,55 km/hr,22910
12684,SMVT Bengaluru - Ernakulam Jn. SF Express,SF,SR,,,SMVB,19:00,ERS,6:00,11h 0m,11,M T T,SL 3A 2A,603 km,55 km/hr,12683
20476,Miraj - Bikaner Weekly SF Express (PT),SF,NWR,,,MRJ,14:40,BKN,20:15,29h 35m,31,T,SL 3A 2A,1641 km,55 km/hr,20475
20683,Tambaram - Sengottai SF Express (PT),SF,SR,,,TBM,20:50,SCT,10:50,14h 0m,21,S T T,SL 2A 3E,765 km,55 km/hr,20684
16587,Yesvantpur - Bikaner Express,Exp,SWR,,,YPR,12:00,BKN,8:45,44h 45m,35,S F,SL CC 3A 2A,2447 km,55 km/hr,16588
12561,Swatantrata Senani Express (PT),SF,ECR,,,JYG,17:20,NDLS,15:45,22h 25m,19,S M T W T F S,SL 3A 2A 1A 3E,1235 km,55 km/hr,12562
20684,Sengottai - Tambaram SF Express (PT),SF,SR,,,SCT,17:35,TBM,7:25,13h 50m,21,M W F,SL 2A 3E,765 km,55 km/hr,20683
12781,Mysuru - Hazrat Nizamuddin Swarna Jayanti SF Express (PT),SF,SWR,,,MYS,19:30,NZM,18:45,47h 15m,30,F,SL 3A 2A 1A,2617 km,55 km/hr,12782
12087,Naharlagun - Guwahati Shatabdi Express,Shtb,NFR,,,NHLN,6:35,GHY,12:40,6h 5m,8,M T F,CC EV,332 km,55 km/hr,12088
15632,Guwahati - Barmer Express (PT),Exp,NFR,,,GHY,10:45,BME,7:45,45h 0m,32,T,SL 3A 2A,2470 km,55 km/hr,15631
22075,Charlapalli - Gorakhpur Amrit Bharat Express,AB,SCR,2-Oct,,CHZ,21:45,GKP,6:25,32h 40m,19,F,SL,1811 km,55 km/hr,22076
22564,Udhna - Jaynagar Antyodaya Express,Ant,ECR,,,UDN,8:35,JYG,18:30,33h 55m,23,S,,1862 km,55 km/hr,22563
15634,Guwahati - Bikaner Express (PT),Exp,NFR,,,GHY,10:45,BKN,5:30,42h 45m,31,S,SL 3A 2A,2330 km,55 km/hr,15633
20605,Chendur SF Express (PT),SF,SR,,,MS,16:00,TCN,6:00,14h 0m,28,S M T W T F S,SL 3A 2A 1A,776 km,55 km/hr,20606
22563,Jaynagar - Udhna Antyodaya Express,Ant,ECR,,,JYG,23:50,UDN,9:35,33h 45m,22,T,,1862 km,55 km/hr,22564
12070,Gondia - Raigarh Jan Shatabdi Express,JShtb,SECR,,,G,14:30,RIG,22:00,7h 30m,13,S M T W T F,2S CC,415 km,55 km/hr,12069
12069,Raigarh - Gondia Jan Shatabdi Express,JShtb,SECR,,,RIG,6:10,G,13:40,7h 30m,13,M T W T F S,2S CC,415 km,55 km/hr,12070
22480,Sarbat Da Bhala Express,SF,NR,,,LNK,15:35,NDLS,23:30,7h 55m,15,S T W T S,2S CC,438 km,55 km/hr,22479
22130,Tulsi SF Express,SF,CR,,,AYC,14:50,LTT,20:50,30h 0m,27,M W,SL 3A 2A,1663 km,55 km/hr,22129
15706,Champaran Humsafar Express,Hms,NFR,,,DLI,16:35,KIR,18:35,26h 0m,19,T F,2S SL 3A,1420 km,55 km/hr,15705
12197,Bhopal - Gwalior Intercity Express,SF,NCR,,,BPL,15:10,GWL,23:55,8h 45m,13,S M T W T F S,SL 3A,484 km,55 km/hr,12198
12854,Amarkantak Express (PT),SF,SECR,,,BPL,16:00,DURG,8:05,16h 5m,27,S M T W T F S,SL 3A 2A 1A 3E,886 km,55 km/hr,12853
12614,Wodeyar SF Express,SF,SWR,,,SBC,15:15,MYS,17:45,2h 30m,3,S M T W T F S,2S CC,138 km,55 km/hr,12613
12613,Wodeyar SF Express,SF,SWR,,,MYS,11:30,SBC,14:00,2h 30m,3,S M T W T F S,2S CC,138 km,55 km/hr,12614
12022,Barbil - Howrah Jan Shatabdi Express,JShtb,SER,,,BBN,13:45,HWH,21:00,7h 15m,10,S M T W T F S,2S CC,397 km,55 km/hr,12021
12684,SMVT Bengaluru - Ernakulam Jn. SF Express,SF,SR,,,SMVB,19:00,ERS,6:00,11h 0m,11,M T T,SL 3A 2A,603 km,55 km/hr,12683
14805,Yesvantpur - Barmer AC Express,ACExp,NWR,,,YPR,12:00,BME,4:30,40h 30m,32,M,3A 2A 1A,2226 km,55 km/hr,14806
19490,Gorakhpur - Ahmedabad Express (PT),Exp,WR,,,GKP,21:20,ADI,4:05,30h 45m,20,S M W T F S,SL 3A 2A 1A 3E,1684 km,55 km/hr,19489
22423,Gorakhpur - Amritsar Jansadharan SF Express (UnReserved),SF,NR,,,GKP,10:50,ASR,6:30,19h 40m,14,M,,1086 km,55 km/hr,22424
12561,Swatantrata Senani Express (PT),SF,ECR,,,JYG,17:20,NDLS,15:45,22h 25m,19,S M T W T F S,SL 3A 2A 1A 3E,1235 km,55 km/hr,12562
12781,Mysuru - Hazrat Nizamuddin Swarna Jayanti SF Express (PT),SF,SWR,,,MYS,19:30,NZM,18:45,47h 15m,30,F,SL 3A 2A 1A,2617 km,55 km/hr,12782
19668,Palace Queen Humsafar Express,Hms,NWR,,,MYS,10:05,UDZ,3:10,41h 5m,17,T,SL 3A,2259 km,55 km/hr,19667
12814,Steel Express (PT),SF,SER,,,TATA,6:05,HWH,10:35,4h 30m,7,S M T W T F S,2S CC Ex 3E,249 km,55 km/hr,12813
22958,Somnath SF Express,SF,WR,,,VRL,21:50,GNC,5:50,8h 0m,15,S M T W T F S,SL 3A 2A,443 km,55 km/hr,22957
22957,Somnath SF Express,SF,WR,,,GNC,21:45,VRL,5:45,8h 0m,15,S M T W T F S,SL 3A 2A,443 km,55 km/hr,22958
21901,Bandra Terminus - Barmer Humsafar SF Express,Hms,WR,,,BDTS,19:25,BME,13:20,17h 55m,21,F,SL 3A,994 km,55 km/hr,21902
12795,Vijayawada - Lingampalli InterCity Express (PT),SF,SCoR,,,BZA,17:30,LPI,23:35,6h 5m,5,S M T W T F S,2S CC 3E,336 km,55 km/hr,12796
22110,Balharshah - Mumbai LTT SF Express,SF,CR,,,BPQ,13:40,LTT,5:30,15h 50m,15,W,SL 3A 2A,870 km,55 km/hr,22109
15632,Guwahati - Barmer Express (PT),Exp,NFR,,,GHY,10:45,BME,7:45,45h 0m,32,T,SL 3A 2A,2470 km,55 km/hr,15631
18574,Bhagat Ki Kothi - Visakhapatnam Weekly Express (PT),Exp,SCoR,,,BGKT,20:40,VSKP,10:30,37h 50m,35,S,SL 3A 2A 3E,2065 km,55 km/hr,18573
22407,Ambikapur - Hazrat Nizamuddin SF Express (PT),SF,NR,,,ABKP,7:30,NZM,4:25,20h 55m,14,T,SL 3A 2A 1A,1153 km,55 km/hr,22408
11428,Jasidih - Pune Weekly Express (PT),Exp,CR,,,JSME,21:45,PUNE,9:45,36h 0m,16,S,SL 3A 2A,1978 km,55 km/hr,11427
12325,Gurumukhi SF Express (PT),SF,ER,,,KOAA,7:40,AADR,17:10,33h 30m,18,T,SL 3A 2A 3E,1848 km,55 km/hr,12326
22911,Shipra Express (PT),SF,WR,,,INDB,23:30,HWH,6:55,31h 25m,35,T T S,SL 3A 2A 1A 3E,1737 km,55 km/hr,22912
12853,Amarkantak Express (PT),SF,SECR,,,DURG,18:25,BPL,10:30,16h 5m,27,S M T W T F S,SL 3A 2A 1A 3E,886 km,55 km/hr,12854
26402,Srinagar - Jammu Tawi Vande Bharat Express,VB,NR,,,SINA,14:00,JAT,18:50,4h 50m,4,S M W T F S,CC Ex,267 km,55 km/hr,26401
12020,Ranchi - Howrah Shatabdi Express,Shtb,ER,,,RNC,13:45,HWH,21:20,7h 35m,7,M T W T F S,CC Ex,421 km,55 km/hr,12019
12822,Dhauli Express,SF,ECoR,,,PURI,10:25,HWH,19:30,9h 5m,16,S M T W T F S,2S CC 3E,500 km,55 km/hr,12821
12159,Amravati - Jabalpur SF Express,SF,WCR,,,AMI,16:45,JBP,5:50,13h 5m,20,S M T W T F S,SL 3A 2A 1A 3E,724 km,55 km/hr,12160
22191,Indore - Jabalpur SF Express,SF,WCR,,,INDB,19:35,JBP,5:35,10h 0m,18,S M T W T F S,SL 3A 2A 1A 3E,554 km,55 km/hr,22192
12821,Dhauli Express (PT),SF,ECoR,,,HWH,9:10,PURI,18:15,9h 5m,16,S M T W T F S,2S CC 3E,500 km,55 km/hr,12822
14035,Dhauladhar Express,Exp,NR,,,DEE,23:20,PTK,8:20,9h 0m,15,M W F,SL 3A 2A 1A,492 km,55 km/hr,14036
11449,Jabalpur - Shri Mata Vaishno Devi Katra Express (PT),Exp,WCR,,,JBP,6:00,SVDK,10:45,28h 45m,30,T,SL 3A 2A 1A 3E,1582 km,55 km/hr,11450
14037,Silchar - New Delhi Poorvottar Sampark Kranti Express (PT),SKr,NR,,,SCL,19:10,NDLS,12:50,41h 40m,14,M,SL 3A 2A 1A 3E,2280 km,55 km/hr,14038
22909,Valsad - Puri Weekly SF Express (PT),SF,WR,,,BL,20:15,PURI,9:45,37h 30m,24,T,SL 3A 2A,2065 km,55 km/hr,22910
20858,Sainagar Shirdi - Puri SF Express (PT),SF,ECoR,,,SNSI,14:10,PURI,20:50,30h 40m,23,S,SL 3A 2A 1A 3E,1688 km,55 km/hr,20857
22820,Visakhapatnam - Bhubaneswar New SF InterCity Express,SF,SCoR,,,VSKP,16:20,BBSN,0:35,8h 15m,28,S M T W T F S,2S CC,458 km,55 km/hr,22819
12749,Machilipatnam - Bidar SF Express (PT),SF,SCoR,,,MTM,20:50,BIDR,7:38,10h 48m,15,S M T W T F S,SL 3A 2A 1A,592 km,55 km/hr,12750
22819,Bhubaneswar New - Visakhapatnam Intercity SF Express (PT),SF,SCoR,,,BBSN,7:15,VSKP,15:30,8h 15m,28,S M T W T F S,2S CC,458 km,55 km/hr,22820
12145,Mumbai LTT - Puri SF Express (via Titlagarh) (PT),SF,CR,,,LTT,20:35,PURI,6:35,34h 0m,22,S,SL 3A 2A 1A,1878 km,55 km/hr,12146
22075,Charlapalli - Gorakhpur Amrit Bharat Express,AB,SCR,2-Oct,,CHZ,21:45,GKP,6:25,32h 40m,19,F,SL,1811 km,55 km/hr,22076
22819,Bhubaneswar New - Visakhapatnam Intercity SF Express (PT),SF,SCoR,,,BBSN,7:15,VSKP,15:30,8h 15m,28,S M T W T F S,2S CC,458 km,55 km/hr,22820
12145,Mumbai LTT - Puri SF Express (via Titlagarh) (PT),SF,CR,,,LTT,20:35,PURI,6:35,34h 0m,22,S,SL 3A 2A 1A,1878 km,55 km/hr,12146
12705,Guntur - Secunderabad Intercity Superfast Express,SF,SCR,,,GNT,15:35,SC,22:28,6h 53m,14,S M T W T F S,2S CC 3E,380 km,55 km/hr,12706
20491,Jaisalmer - Sabarmati SF Express,SF,NWR,,,JSM,15:30,SBIB,5:15,13h 45m,21,S M T W T F S,SL 3A 2A,757 km,55 km/hr,20492
12325,Gurumukhi SF Express (PT),SF,ER,,,KOAA,7:40,AADR,17:10,33h 30m,18,T,SL 3A 2A 3E,1848 km,55 km/hr,12326
19421,Ahmedabad - Patna Weekly Express (PT),Exp,WR,,,ADI,21:50,PNBE,4:10,30h 20m,27,S,SL 3A 2A,1658 km,55 km/hr,19422
20908,Sayaji Nagari Superfast Express (PT),SF,WR,,,BHUJ,22:40,DDR,13:55,15h 15m,25,S M T W T F S,SL 3A 2A 1A,845 km,55 km/hr,20907
20907,Sayaji Nagari Superfast Express (PT),SF,WR,,,DDR,15:15,BHUJ,6:30,15h 15m,26,S M T W T F S,SL 3A 2A 1A,845 km,55 km/hr,20908
22117,Pune - Amravati AC SF Express,ACSF,CR,,,PUNE,22:00,AMI,11:00,13h 0m,9,W,2S 3A 2A 1A,720 km,55 km/hr,22118
12762,Karimnagar - Tirupati SF Express (PT),SF,SCR,,,KRMR,19:15,TPTY,8:05,12h 50m,10,S T,SL 3A 2A,712 km,55 km/hr,12761
14525,Ambala Cantt - Shri Ganganagar Intercity Express,Exp,NR,,,UMB,5:05,SGNR,11:05,6h 0m,13,S M T W T F S,2S CC,328 km,55 km/hr,14526
22329,Haldia - Asansol SF Express,SF,ER,,,HLZ,14:30,ASN,20:20,5h 50m,16,M T W T F S,2S CC,324 km,55 km/hr,22330
12356,Archana Express,SF,ECR,,,JAT,17:35,PNBE,20:55,27h 20m,18,S W,SL 3A 2A 1A 3E,1508 km,55 km/hr,12355
12768,Santragachi - Hazur Sahib Nanded SF Express (PT),SF,SCR,,,SRC,14:05,NED,18:25,28h 20m,17,W,SL 3A 2A,1567 km,55 km/hr,12767
22192,Jabalpur - Indore SF Express (PT),SF,WCR,,,JBP,23:30,INDB,9:38,10h 8m,18,S M T W T F S,SL 3A 2A 1A 3E,554 km,55 km/hr,22191
12755,Kakinada Port - Bhavnagar Terminus SF Express (PT),SF,SCoR,,,COA,5:40,BVC,18:55,37h 15m,31,T,SL 3A 2A 1A 3E,2051 km,55 km/hr,12756
22503,Kanniyakumari - Dibrugarh Vivek SF Express (PT),SF,NFR,,,CAPE,17:25,DBRG,21:00,75h 35m,58,S M T W T F S,SL 3A 2A,4154 km,55 km/hr,22504
19490,Gorakhpur - Ahmedabad Express (PT),Exp,WR,,,GKP,21:20,ADI,4:05,30h 45m,20,S M W T F S,SL 3A 2A 1A 3E,1684 km,55 km/hr,19489
20630,Sabari SF Express (PT),SF,SR,,,TVC,6:45,SC,11:02,28h 17m,40,S M T W T F S,SL 3A 2A 1A,1555 km,55 km/hr,20629
12884,Rupasi Bangla Express,SF,SER,,,PRR,15:25,HWH,21:15,5h 50m,11,S M T W T F S,2S CC 3A,323 km,55 km/hr,12883
12467,Leelan SF Express,SF,NWR,,,JSM,0:30,JP,13:20,12h 50m,22,S M T W T F S,SL 3A,704 km,55 km/hr,12468
22196,Bandra Terminus - Virangana Lakshmibai Jhansi SF Express (PT),SF,NCR,,,BDTS,5:10,VGLJ,5:00,23h 50m,20,T W,SL 3A 2A 3E,1319 km,55 km/hr,22195
12185,Rewanchal Express (PT),SF,WCR,,,RKMP,21:55,REWA,7:55,10h 0m,14,S M T W T F S,SL 3A 2A 1A,555 km,55 km/hr,12186
22186,Ahimsa SF Express (PT),SF,CR,,,PUNE,20:10,ADI,7:35,11h 25m,15,W,SL 3A 2A,629 km,55 km/hr,22185
22188,Adhartal - Rani Kamalapati Intercity SF Express,SF,WCR,,,ADTL,16:15,RKMP,22:23,6h 8m,10,S M T W T F S,2S CC 3A,338 km,55 km/hr,22187
12238,Begampura Express,SF,NR,,,JAT,13:45,BSB,12:30,22h 45m,15,S M T W T F S,SL 3A 2A 1A,1260 km,55 km/hr,12237
22844,Buxar - Bilaspur SF Express,SF,SECR,,,BXR,21:40,BSP,17:20,19h 40m,27,S,SL 3A 2A 1A 3E,1082 km,55 km/hr,22843
12718,Ratnachal SF Express (PT),SF,SCoR,,,BZA,6:00,VSKP,12:20,6h 20m,11,S M T W T F S,2S CC,350 km,55 km/hr,12717
12717,Ratnachal SF Express,SF,SCoR,,,VSKP,12:55,BZA,19:15,6h 20m,11,S M T W T F S,2S CC,350 km,55 km/hr,12718
12250,Swarn Nagari Express,SF,NR,,,JSM,17:00,SSB,9:30,16h 30m,19,S M T W T F S,SL 3A 2A 1A,909 km,55 km/hr,12249
20995,Ajmer - Bandra Terminus Weekly SF Express (via Chittaurgarh),SF,NWR,23-May,,AII,17:50,BDTS,12:15,18h 25m,18,S,SL 3A 2A,1017 km,55 km/hr,20996
16589,Rani Chennamma Express (PT),Exp,SWR,,,SBC,23:00,SLI,13:05,14h 5m,25,S M T W T F S,SL 3A 2A 1A 3E,757 km,54 km/hr,16590
16614,Coimbatore - Rajkot Express (PT),Exp,SR,,,CBE,0:45,RJT,17:50,41h 5m,32,F,SL 3A 2A,2221 km,54 km/hr,16613
19321,Indore - Patna Express (via Ayodhya Cantt) (PT),Exp,WR,,,INDB,13:55,PNBE,15:55,26h 0m,14,S,SL 3A 2A 1A 3E,1398 km,54 km/hr,19322
19313,Indore - Patna Express (via Sultanpur) (PT),Exp,WR,,,INDB,13:55,PNBE,15:00,25h 5m,16,M W,SL 3A 2A 1A 3E,1357 km,54 km/hr,19314
17609,Patna - Purna Express (PT),Exp,SCR,,,PNBE,7:00,PAU,15:15,32h 15m,17,S,SL 3A 2A,1734 km,54 km/hr,17610
14113,Subedarganj - Dehradun Express (PT),Exp,NCR,,,SFG,20:30,DDN,12:20,15h 50m,21,S M T W T F S,SL 3A 2A 1A,861 km,54 km/hr,14114
14225,Varanasi - Lucknow Intercity Express (via Ayodhya Cantt.) (UnReserved),Exp,NR,28-May,,BSB,6:20,LKO,12:20,6h 0m,11,S M T W T F S,,324 km,54 km/hr,14226
14712,Bandra Terminus - Bikaner Express (via Kota),Exp,NWR,27-Aug,,BDTS,19:25,BKN,23:55,28h 30m,23,T,SL 3A 2A,1529 km,54 km/hr,14711
17065,Charlapalli - Shalimar Amrit Bharat Express,AB,SCR,,,CHZ,6:55,SHM,11:20,28h 25m,22,T,SL,1546 km,54 km/hr,17066
16808,Tiruchchirappalli - Tambaram InterCity Express,Exp,SR,,,TPJ,5:35,TBM,12:30,6h 55m,13,S M T F S,2S CC,377 km,54 km/hr,16807
16597,SMVT Bengaluru - Alipurduar Amrit Bharat Express,AB,SWR,,,SMVB,8:50,APDJ,10:25,49h 35m,44,S,SL,2660 km,54 km/hr,16598
11091,Bhuj - Pune Express (PT),Exp,CR,,,BHUJ,13:15,PUNE,7:35,18h 20m,24,W,SL 3A 2A,988 km,54 km/hr,11092
13425,Malda Town - Surat Express (PT),Exp,ER,,,MLDT,12:55,ST,4:00,39h 5m,28,S,SL 3A 2A,2119 km,54 km/hr,13426
17035,Kazipet - Balharshah Express (UnReserved),Exp,SCR,,,KZJ,22:50,BPQ,3:10,4h 20m,13,S M T W T F S,,235 km,54 km/hr,17036
12745,Secunderabad - Manuguru SF Express,SF,SCR,,,SC,23:45,MUGR,5:52,6h 7m,9,S M T W T F S,SL 3A 2A,330 km,54 km/hr,12746
12746,Manuguru - Secunderabad SF Express,SF,SCR,,,MUGR,21:45,SC,3:52,6h 7m,9,S M T W T F S,SL 3A 2A,330 km,54 km/hr,12745
22116,Karmali - Mumbai LTT AC SF Express,ACSF,CR,,,KRMI,13:40,LTT,0:10,10h 30m,6,T,3A 2A 1A,535 km,51 km/hr,22115
26502,Gorakhpur - Patliputra Vande Bharat Express,VB,NER,,,GKP,5:40,PPTA,12:45,7h 5m,8,S M T W T F,CC Ex,384 km,54 km/hr,26501
12747,Palnadu SF Express,SF,SCoR,,,GNT,5:45,VKB,12:20,6h 35m,13,S M T W T F S,2S CC 3A,353 km,54 km/hr,12748
17065,Charlapalli - Shalimar Amrit Bharat Express,AB,SCR,,,CHZ,6:55,SHM,11:20,28h 25m,22,T,SL,1546 km,54 km/hr,17066
22640,Alappuzha - MGR Chennai Central SF Express (PT),SF,SR,,,ALLP,15:20,MAS,5:15,13h 55m,23,S M T W T F S,SL 3A 2A 1A,757 km,54 km/hr,22639
15668,Kamakhya - Gandhidham Express (PT),Exp,NFR,,,KYQ,11:00,GIMB,21:20,58h 20m,34,W,SL 3A 2A 1A,3123 km,54 km/hr,15667
20811,Visakhapatnam - Hazur Sahib Nanded SF Express (PT),SF,SCoR,,,VSKP,20:00,NED,13:40,17h 40m,11,T W S,SL 3A 2A 3E,959 km,54 km/hr,20812
16101,Chennai Egmore - Kollam Express (PT),Exp,SR,,,TBM,17:15,QLN,7:00,13h 45m,22,S M T W T F S,SL 3A 2A,736 km,54 km/hr,16102
12746,Manuguru - Secunderabad SF Express,SF,SCR,,,MUGR,21:45,SC,3:52,6h 7m,9,S M T W T F S,SL 3A 2A,330 km,54 km/hr,12745
12745,Secunderabad - Manuguru SF Express,SF,SCR,,,SC,23:45,MUGR,5:52,6h 7m,9,S M T W T F S,SL 3A 2A,330 km,54 km/hr,12746
22475,Hisar - Coimbatore AC SF Express (PT),ACSF,NWR,,,HSR,13:50,CBE,17:10,51h 20m,40,W,3A 2A 1A,2787 km,54 km/hr,22476
16847,Mayiladuturai - Sengottai Express (UnReserved),Exp,SR,,,MV,12:35,SCT,20:55,8h 20m,28,S M T W T F S,,451 km,54 km/hr,16848
16588,Bikaner - Yesvantpur Express (PT),Exp,SWR,,,BKN,19:00,YPR,16:00,45h 0m,36,S T,SL 3A 2A,2447 km,54 km/hr,16587
16734,Okha - Rameswaram Express (PT),Exp,SR,,,OKHA,8:40,RMM,19:10,58h 30m,46,T,SL 3A 2A,3153 km,54 km/hr,16733
12081,Kannur - Thiruvananthapuram Central Jan Shatabdi Express (PT),JShtb,SR,,,CAN,4:50,TVC,14:10,9h 20m,15,M T T F S,2S CC,500 km,54 km/hr,12082
14322,Ala Hazrat Express (via Bhildi) (PT),Exp,NR,,,BHUJ,18:15,BE,20:35,26h 20m,46,S M T S,SL 3A 2A 3E,1411 km,54 km/hr,14321
13038,Kumbh Express,Exp,ER,,,DDN,21:45,HWH,3:15,29h 30m,23,S M T T F,SL 3A 2A 1A 3E,1589 km,54 km/hr,13037
17314,MGR Chennai Central - SSS Hubballi Express (via Ballari) (PT),Exp,SWR,,,MAS,15:50,UBL,4:50,13h 0m,8,T S,SL 3A 2A 1A,705 km,54 km/hr,17313
12683,Ernakulam Jn. - SMVT Bengaluru SF Express (PT),SF,SR,,,ERS,16:50,SMVB,3:55,11h 5m,11,S M W,SL 3A 2A,603 km,54 km/hr,12684
11037,Pune - Gorakhpur Express (Via Prayagraj) (PT),Exp,CR,,,PUNE,16:15,GKP,0:40,32h 25m,17,T,SL 3A 2A,1765 km,54 km/hr,11038
22387,Black Diamond Express,SF,ECR,,,HWH,6:15,DHN,11:18,5h 3m,14,S M T W T F S,2S CC,271 km,54 km/hr,22388
22617,Tirupati - SMVT Bengaluru Intercity SF Express,SF,SR,,,TPTY,14:55,SMVB,20:55,6h 0m,7,S T F,2S CC,325 km,54 km/hr,22618
12617,Mangala Lakshadweep SF Express (PT),SF,SR,,,ERS,10:30,NZM,13:35,51h 5m,47,S M T W T F S,SL 3A 2A 3E,2761 km,54 km/hr,12618
17035,Kazipet - Balharshah Express (UnReserved),Exp,SCR,,,KZJ,22:50,BPQ,3:10,4h 20m,13,S M T W T F S,,235 km,54 km/hr,17036
16597,SMVT Bengaluru - Alipurduar Amrit Bharat Express,AB,SWR,,,SMVB,8:50,APDJ,10:25,49h 35m,44,S,SL,2660 km,54 km/hr,16598
19713,Jaipur - Kurnool City Express (PT),Exp,NWR,,,JP,22:35,KRNT,11:10,36h 35m,35,S,SL 3A 2A 1A 3E,1977 km,54 km/hr,19714
15726,Anand Vihar Terminal - New Jalpaiguri Express,Exp,NFR,,,ANVT,15:20,NJP,18:45,27h 25m,16,S W,SL 3A 2A 1A 3E,1488 km,54 km/hr,15725
18427,Puri - Anand Vihar Terminal Weekly Express (PT),Exp,ECoR,,,PURI,4:15,ANVT,13:10,32h 55m,21,S,SL 3A 2A 1A 3E,1786 km,54 km/hr,18428
14321,Ala Hazrat Express (via Bhildi),Exp,NR,,,BE,6:35,BHUJ,8:50,26h 15m,46,S M W F,SL 3A 2A 3E,1411 km,54 km/hr,14322
19803,Kota - SMVD Katra Express (PT),Exp,WCR,,,KOTA,16:35,SVDK,13:35,21h 0m,26,S,SL 3A 2A 1A 3E,1136 km,54 km/hr,19804
15725,New Jalpaiguri - Anand Vihar Terminal Express (PT),Exp,NFR,,,NJP,8:30,ANVT,12:00,27h 30m,16,T S,SL 3A 2A 1A 3E,1488 km,54 km/hr,15726
12780,Goa Express (PT),SF,SWR,,,NZM,15:15,VSG,7:00,39h 45m,31,S M T W T F S,SL 3A 2A 1A 3E,2163 km,54 km/hr,12779
20988,Asarva (Ahmedabad) - Udaipur City Intercity SF Express,SF,NWR,,,ASV,6:50,UDZ,12:20,5h 30m,14,S M T W T F S,2S SL CC 3A,296 km,54 km/hr,20987
11018,Karaikal - Mumbai LTT Weekly Express (PT),Exp,CR,,,KIK,14:20,LTT,20:30,30h 10m,29,M,SL 3A 2A,1628 km,54 km/hr,11017
15628,Silchar - Coimbatore Express (PT),Exp,NFR,,,SCL,19:10,CBE,12:05,64h 55m,43,T,SL 3A 2A 3E,3493 km,54 km/hr,15627
14312,Ala Hazrat Express (via Mahesana) (PT),Exp,NR,,,BHUJ,16:15,BE,20:35,28h 20m,47,T W F,SL 3A 2A 3E,1528 km,54 km/hr,14311
15648,Guwahati - Mumbai LTT Express (PT),Exp,NFR,,,GHY,15:00,LTT,17:50,50h 50m,52,T,SL 3A 2A,2735 km,54 km/hr,15647
14807,Jodhpur - Dadar Western Express,Exp,NWR,,,JU,5:10,DDR,22:40,17h 30m,18,S T F,SL 3A 2A 3E,950 km,54 km/hr,14808
22908,Hapa - Madgaon Weekly SF Express,SF,WR,,,HAPA,21:40,MAO,22:50,25h 10m,16,W,SL 3A 2A 3E,1348 km,54 km/hr,22907
12775,Cocanada SF Express (PT),SF,SCoR,,,CCT,20:20,LPI,7:30,11h 10m,12,S M T W T F S,SL 3A 2A 1A 3E,608 km,54 km/hr,12776
11082,Gorakhpur - Mumbai LTT Weekly Express (via Varanasi) (PT),Exp,CR,,,GKP,14:20,LTT,23:55,33h 35m,20,F,SL 3A 2A,1802 km,54 km/hr,11081
14088,Runicha Express,Exp,NR,,,JSM,19:00,DLI,10:35,15h 35m,24,S M T W T F S,SL 3A 2A 1A,846 km,54 km/hr,14087
22551,Darbhanga - Jalandhar City Antyodaya Express,Ant,ECR,,,DBG,3:25,JUC,5:10,25h 45m,14,S,,1396 km,54 km/hr,22552
15558,Anand Vihar Terminal - Darbhanga Amrit Bharat Express,AB,ECR,,,ANVT,15:10,DBG,12:20,21h 10m,20,T F,SL,1137 km,54 km/hr,15557
13434,Malda Town - SMVT Bengaluru Amrit Bharat Express,AB,ER,,,MLDT,8:50,SMVB,3:00,42h 10m,33,S,SL,2273 km,54 km/hr,13433
14311,Ala Hazrat Express (via Mahesana),Exp,NR,,,BE,6:35,BHUJ,10:50,28h 15m,47,T T S,SL 3A 2A 3E,1528 km,54 km/hr,14312
22116,Karmali - Mumbai LTT AC SF Express,ACSF,CR,,,KRMI,13:40,LTT,0:10,10h 30m,6,T,3A 2A 1A,535 km,51 km/hr,22115
15181,Mau - Mumbai LTT Weekly Express (PT),Exp,NER,,,MAU,22:15,LTT,3:45,29h 30m,20,S,SL 3A 2A 1A 3E,1588 km,54 km/hr,15182
12204,Amritsar - Saharsa Garib Rath Express (PT),GR,NR,,,ASR,4:00,SHC,11:20,31h 20m,23,S W S,3A,1705 km,54 km/hr,12203
12203,Saharsa - Amritsar Garib Rath Express,GR,NR,,,SHC,14:30,ASR,22:05,31h 35m,23,S M T,3A,1705 km,54 km/hr,12204
16367,Kashi Tamil Sangamam Express (PT),Exp,SR,,,CAPE,20:30,BNRS,23:50,51h 20m,35,T,SL 3A 2A 1A 3E,2766 km,54 km/hr,16368
16381,Pune - Kanniyakumari Express (PT),Exp,SR,,,PUNE,23:45,CAPE,11:55,36h 10m,55,S M T W T F S,SL 3A 2A 3E,1941 km,54 km/hr,16382
12208,Jammu Tawi - Kathgodam Garib Rath Express,GR,NR,,,JAT,23:20,KGM,13:40,14h 20m,14,S,3A,768 km,54 km/hr,12207
16101,Chennai Egmore - Kollam Express (PT),Exp,SR,,,TBM,17:15,QLN,7:00,13h 45m,22,S M T W T F S,SL 3A 2A,736 km,54 km/hr,16102
16381,Pune - Kanniyakumari Express (PT),Exp,SR,,,PUNE,23:45,CAPE,11:55,36h 10m,55,S M T W T F S,SL 3A 2A 3E,1941 km,54 km/hr,16382
12208,Jammu Tawi - Kathgodam Garib Rath Express,GR,NR,,,JAT,23:20,KGM,13:40,14h 20m,14,S,3A,768 km,54 km/hr,12207
22387,Black Diamond Express,SF,ECR,,,HWH,6:15,DHN,11:18,5h 3m,14,S M T W T F S,2S CC,271 km,54 km/hr,22388
17065,Charlapalli - Shalimar Amrit Bharat Express,AB,SCR,,,CHZ,6:55,SHM,11:20,28h 25m,22,T,SL,1546 km,54 km/hr,17066
13434,Malda Town - SMVT Bengaluru Amrit Bharat Express,AB,ER,,,MLDT,8:50,SMVB,3:00,42h 10m,33,S,SL,2273 km,54 km/hr,13433
11071,Kamayani Express (PT),Exp,CR,,,LTT,13:50,BUI,22:35,32h 45m,49,S M T W T F S,SL 3A 2A,1773 km,54 km/hr,11072
12775,Cocanada SF Express (PT),SF,SCoR,,,CCT,20:20,LPI,7:30,11h 10m,12,S M T W T F S,SL 3A 2A 1A 3E,608 km,54 km/hr,12776
15657,Brahmaputra Mail (PT),Exp,NFR,,,DLI,23:40,KYQ,13:25,37h 45m,45,S M T W T F S,SL 3A 2A 1A,2033 km,54 km/hr,15658
15228,Muzaffarpur - SMVT Bengaluru Express (PT),Exp,ECR,,,MFP,7:25,SMVB,9:45,50h 20m,33,M,SL 3A 2A 1A 3E,2701 km,54 km/hr,15227
22617,Tirupati - SMVT Bengaluru Intercity SF Express,SF,SR,,,TPTY,14:55,SMVB,20:55,6h 0m,7,S T F,2S CC,325 km,54 km/hr,22618
16597,SMVT Bengaluru - Alipurduar Amrit Bharat Express,AB,SWR,,,SMVB,8:50,APDJ,10:25,49h 35m,44,S,SL,2660 km,54 km/hr,16598
11078,Jhelum Express,Exp,CR,,,JAT,23:35,PUNE,16:00,40h 25m,64,S M T W T F S,SL 3A 2A,2171 km,54 km/hr,11077
11077,Jhelum Express (PT),Exp,CR,,,PUNE,17:20,JAT,9:45,40h 25m,64,S M T W T F S,SL 3A 2A,2171 km,54 km/hr,11078
11466,Jabalpur - Veraval Express (via Bina) (PT),Exp,WCR,,,JBP,12:30,VRL,17:25,28h 55m,48,M F,SL 3A 2A 1A 3E,1552 km,54 km/hr,11465
12788,Nagarsol - Narasapur Superfast Express (Via Warangal),SF,SCoR,,,NSL,12:50,NS,8:35,19h 45m,20,S T W T F,SL 3A 2A 1A,1076 km,54 km/hr,12787
13036,Upasana Express (PT),Exp,ER,,,DDN,21:45,HWH,3:15,29h 30m,19,W S,SL 3A 2A 1A 3E,1589 km,54 km/hr,13035
13035,Upasana Express (PT),Exp,ER,,,HWH,13:00,DDN,18:10,29h 10m,19,T F,SL 3A 2A 1A 3E,1589 km,54 km/hr,13036
16588,Bikaner - Yesvantpur Express (PT),Exp,SWR,,,BKN,19:00,YPR,16:00,45h 0m,36,S T,SL 3A 2A,2447 km,54 km/hr,16587
12758,Kaghaznagar SF Express,SF,SCR,,,SKZR,14:50,SC,20:18,5h 28m,14,S M T W T F S,2S CC 3E,297 km,54 km/hr,12757
12757,Kaghaznagar SF Express,SF,SCR,,,SC,8:10,SKZR,13:37,5h 27m,14,S M T W T F S,2S CC 3E,297 km,54 km/hr,12758
19046,Tapti Ganga Express (PT),Exp,WR,,,THE,5:40,UDN,15:23,33h 43m,37,S T W F S,SL 3A 2A,1828 km,54 km/hr,19045
13257,Danapur - Anand Vihar Terminal Jan Sadharan Express (UnReserved),Exp,ECR,,,DNR,15:50,ANVT,10:25,18h 35m,8,S M T W T F S,,999 km,54 km/hr,13258
14703,Jaisalmer - Lalgarh Express (UnReserved),Exp,NWR,,,JSM,11:00,LGH,17:00,6h 0m,12,S M T W T F S,,321 km,54 km/hr,14704
19201,Bhavnagar Terminus - Ayodhya Cantt Express (PT),Exp,WR,,,BVC,13:50,AYC,18:30,28h 40m,24,M,SL 3A 2A 3E,1551 km,54 km/hr,19202
11092,Pune - Bhuj Express (PT),Exp,CR,,,PUNE,20:10,BHUJ,14:30,18h 20m,23,M,SL 3A 2A,988 km,54 km/hr,11091
14704,Lalgarh - Jaisalmer Express (UnReserved),Exp,NWR,,,LGH,7:40,JSM,13:40,6h 0m,12,S M T W T F S,,321 km,54 km/hr,14703
15558,Anand Vihar Terminal - Darbhanga Amrit Bharat Express,AB,ECR,,,ANVT,15:10,DBG,12:20,21h 10m,20,T F,SL,1137 km,54 km/hr,15557
18427,Puri - Anand Vihar Terminal Weekly Express (PT),Exp,ECoR,,,PURI,4:15,ANVT,13:10,32h 55m,21,S,SL 3A 2A 1A 3E,1786 km,54 km/hr,18428
12384,Asansol - Sealdah SF InterCity Express,SF,ER,,,ASN,6:40,SDAH,10:45,4h 5m,8,M T W T F S,2S 3A,220 km,54 km/hr,12383
12383,Sealdah - Asansol SF InterCity Express,SF,ER,,,SDAH,17:07,ASN,21:10,4h 3m,8,M T W T F S,2S 3A,220 km,54 km/hr,12384
22475,Hisar - Coimbatore AC SF Express (PT),ACSF,NWR,,,HSR,13:50,CBE,17:10,51h 20m,40,W,3A 2A 1A,2787 km,54 km/hr,22476
12787,Narasapur - Nagarsol Superfast Express (Via Warangal) (PT),SF,SCoR,,,NS,11:25,NSL,7:20,19h 55m,20,M T W T S,SL 3A 2A 1A,1076 km,54 km/hr,12788
14225,Varanasi - Lucknow Intercity Express (via Ayodhya Cantt.) (UnReserved),Exp,NR,28-May,,BSB,6:20,LKO,12:20,6h 0m,11,S M T W T F S,,324 km,54 km/hr,14226
14708,Ranakpur Express (PT),Exp,NWR,,,DDR,12:35,HMH,15:55,27h 20m,38,S M T W T F S,SL 3A 2A,1452 km,53 km/hr,14707
13237,Patna - Kota Express (via Ayodhya Cantt) (PT),Exp,ECR,,,PNBE,11:45,KOTA,11:55,24h 10m,28,S T S,SL 3A 2A 1A 3E,1279 km,53 km/hr,13238
13103,Bhagirathi Express,Exp,ER,,,SDAH,18:20,LGL,22:40,4h 20m,12,S M T W T F S,2S CC,228 km,53 km/hr,13104
14208,Padmavat Express,Exp,NR,,,DLI,19:50,MBDP,8:20,12h 30m,16,S M T W T F S,SL 3A 2A 1A 3E,659 km,53 km/hr,14207
16547,Yesvantpur - Vijayapura Express,Exp,SWR,,,YPR,21:30,BJP,11:30,14h 0m,21,S M T W T F S,SL 3A,742 km,53 km/hr,16548
19802,Danapur – Sogaria (Kota) Express,Exp,WCR,,,DNR,12:45,SGAC,11:00,22h 15m,14,T,SL 3A 2A 3E,1173 km,53 km/hr,19801
15294,Charlapalli - Muzaffarpur Amrit Bharat Express,AB,ECR,,,CHZ,4:05,MFP,16:00,35h 55m,21,T,SL,1890 km,53 km/hr,15293
16601,Erode - Jogbani Amrit Bharat Express (PT),AB,SR,,,ED,8:15,JBN,19:00,58h 45m,49,T,SL,3129 km,53 km/hr,16602
16535,Gol Gumbaz Express,Exp,SWR,,,MYS,15:45,PVR,12:25,20h 40m,31,S M T W T F S,SL 3A 2A 1A,1098 km,53 km/hr,16536
12365,Patna - Ranchi Jan Shatabdi Express,JShtb,ECR,,,PNBE,6:10,RNC,13:55,7h 45m,11,S M T W T F S,2S CC,410 km,53 km/hr,12366
11402,Supaul - Pune Express (PT),Exp,CR,,,SOU,14:30,PUNE,4:00,37h 30m,31,S M T W T F S,SL 3A 2A,1996 km,53 km/hr,11401
11050,SCSMT Kolhapur - Ahmedabad Express (PT),Exp,CR,,,KOP,13:30,ADI,7:35,18h 5m,17,S,SL 3A 2A,955 km,53 km/hr,11049
16318,Himsagar Express (PT),Exp,SR,,,SVDK,22:30,CAPE,22:00,71h 30m,68,M,SL 3A 2A 3E,3789 km,53 km/hr,16317
22552,Jalandhar City - Darbhanga Antyodaya Express,Ant,ECR,,,JUC,9:50,DBG,12:05,26h 15m,14,S,,1396 km,53 km/hr,22551
18464,Prashanti Express (PT),Exp,ECoR,,,SBC,13:40,BBS,18:50,29h 10m,44,S M T W T F S,SL 3A 2A 1A,1548 km,53 km/hr,18463
19270,Muzaffarpur - Porbandar Express (PT),Exp,WR,,,MFP,15:15,PBR,13:35,46h 20m,37,S M,SL 3A 2A 1A,2444 km,53 km/hr,19269
16223,SMVT Bengaluru - Radhikapur Express,Exp,SWR,,,SMVB,13:50,RDP,12:45,46h 55m,48,T,SL 3A 2A,2478 km,53 km/hr,16224
16318,Himsagar Express (PT),Exp,SR,,,SVDK,22:30,CAPE,22:00,71h 30m,68,M,SL 3A 2A 3E,3789 km,53 km/hr,16317
18464,Prashanti Express (PT),Exp,ECoR,,,SBC,13:40,BBS,18:50,29h 10m,44,S M T W T F S,SL 3A 2A 1A,1548 km,53 km/hr,18463
19270,Muzaffarpur - Porbandar Express (PT),Exp,WR,,,MFP,15:15,PBR,13:35,46h 20m,37,S M,SL 3A 2A 1A,2444 km,53 km/hr,19269
13422,Malda Town - Nabadwip Dham Express (UnReserved),Exp,ER,,,MLDT,17:00,NDAE,21:15,4h 15m,9,M T,,227 km,53 km/hr,13421
11050,SCSMT Kolhapur - Ahmedabad Express (PT),Exp,CR,,,KOP,13:30,ADI,7:35,18h 5m,17,S,SL 3A 2A,955 km,53 km/hr,11049
19027,Bandra Terminus - Jammu Tawi Vivek Express (PT),Exp,WR,,,BDTS,12:00,JAT,23:25,35h 25m,32,S,SL 3A 2A 1A 3E,1883 km,53 km/hr,19028
16788,Shri Mata Vaishno Devi Katra - Tirunelveli Express (PT),Exp,SR,,,SVDK,22:30,TEN,18:45,68h 15m,61,T,SL 3A 2A 3E,3633 km,53 km/hr,16787
18504,Sainagar Shirdi - Visakhapatnam Weekly Express (PT),Exp,SCoR,,,SNSI,19:35,VSKP,21:50,26h 15m,22,F,SL 3A 2A,1396 km,53 km/hr,18503
13424,Ajmer - Bhagalpur Weekly Humsafar Express,Hms,ER,,,AII,6:20,BGP,15:00,32h 40m,20,S,SL 3A,1747 km,53 km/hr,13423
19435,Ahmedabad - Asansol Weekly Express (PT),Exp,WR,,,ADI,0:35,ASN,20:45,44h 10m,28,T,SL 3A 2A 3E,2326 km,53 km/hr,19436
13167,Kolkata - Agra Cantt. Weekly Express (PT),Exp,ER,,,KOAA,12:10,AGC,15:40,27h 30m,20,T,SL 3A 2A 3E,1465 km,53 km/hr,13168
18503,Visakhapatnam - Sainagar Shirdi Weekly Express (PT),Exp,SCoR,,,VSKP,8:20,SNSI,10:45,26h 25m,22,T,SL 3A 2A,1394 km,53 km/hr,18504
11704,Dr. Ambedkar Nagar - Rewa Express (PT),Exp,WCR,,,DADN,20:00,REWA,11:35,15h 35m,19,M W F,SL 3A 2A 1A 3E,830 km,53 km/hr,11703
17323,SSS Hubballi - Banaras Weekly Express (PT),Exp,SWR,,,UBL,18:15,BNRS,8:45,38h 30m,23,F,SL 3A 2A 1A 3E,2038 km,53 km/hr,17324
13113,Hazarduari Express (PT),Exp,ER,,,KOAA,6:50,LGL,11:05,4h 15m,12,S M T W T F S,2S CC 3A,225 km,53 km/hr,13114
16352,Nagercoil - Mumbai LTT Express (via Renigunta) (PT),Exp,SR,,,NCJ,6:15,LTT,18:50,36h 35m,40,S T,SL 3A 2A,1930 km,53 km/hr,16351
11311,Solapur - Hassan Superfast Express (PT),SF,CR,,,SUR,19:20,HAS,10:56,15h 36m,18,S M T W T F S,SL 3A 2A 1A 3E,830 km,53 km/hr,11312
22388,Black Diamond Express (PT),SF,ECR,,,DHN,16:20,HWH,21:30,5h 10m,14,S M T W T F S,2S CC,271 km,53 km/hr,22387
18567,Visakhapatnam - Kollam Weekly Express (PT),Exp,SCoR,,,VSKP,7:20,QLN,12:55,29h 35m,32,T,SL 3A 2A 3E,1575 km,53 km/hr,18568
17421,Tirupati - Kollam Express (PT),Exp,SCoR,,,TPTY,14:35,QLN,6:20,15h 45m,17,T F,SL 3A 2A,829 km,53 km/hr,17422
18240,Shivnath Express,Exp,SECR,,,NITR,23:55,KRBA,9:20,9h 25m,20,S M T W T F S,SL 3A 2A 1A 3E,498 km,53 km/hr,18239
15294,Charlapalli - Muzaffarpur Amrit Bharat Express,AB,ECR,,,CHZ,4:05,MFP,16:00,35h 55m,21,T,SL,1890 km,53 km/hr,15293
19107,Bhavnagar Terminus - MCTM Udhampur Janmabhoomi Express (PT),Exp,WR,,,BVC,4:25,MCTM,15:00,34h 35m,27,S,SL 3A 2A,1845 km,53 km/hr,19108
13426,Surat - Malda Town Express (PT),Exp,ER,,,ST,14:20,MLDT,6:30,40h 10m,28,M,SL 3A 2A,2119 km,53 km/hr,13425
19402,Lucknow - Sabarmati Express,Exp,WR,,,LKO,22:50,SBIB,23:05,24h 15m,24,T,SL 3A 2A,1294 km,53 km/hr,19401
19802,Danapur – Sogaria (Kota) Express,Exp,WCR,,,DNR,12:45,SGAC,11:00,22h 15m,14,T,SL 3A 2A 3E,1173 km,53 km/hr,19801
15025,Mau - Anand Vihar Terminal Express (Via Ayodhya Cantt),Exp,NER,,,MAU,11:10,ANVT,3:00,15h 50m,9,S T,SL 3A 2A 1A,832 km,53 km/hr,15026
19338,Delhi Sarai Rohilla - Indore Weekly Express,Exp,WR,,,DEE,15:00,INDB,8:30,17h 30m,13,M,SL 3A 2A 3E,936 km,53 km/hr,19337
16128,Guruvayur - Chennai Egmore Express (PT),Exp,SR,,,GUV,23:15,TBM,19:28,20h 13m,45,S M T W T F S,SL 3A 2A,1072 km,53 km/hr,16127
12224,Ernakulam Jn. - Mumbai LTT Duronto Express,Drnt,CR,,,ERS,21:30,LTT,21:55,24h 25m,5,S W,2S SL CC 3A 2A 1A,1292 km,53 km/hr,12223
16601,Erode - Jogbani Amrit Bharat Express (PT),AB,SR,,,ED,8:15,JBN,19:00,58h 45m,49,T,SL,3129 km,53 km/hr,16602
15659,Mumbai LTT - Agartala AC Express (PT),ACExp,NFR,,,LTT,7:50,AGTL,18:45,58h 55m,36,S,3A 2A 1A,3127 km,53 km/hr,15660
13182,Kaziranga Express (PT),Exp,ER,,,SHTT,13:45,KOAA,12:05,22h 20m,18,T,SL 3A 2A 3E,1175 km,53 km/hr,13181
12789,Kacheguda - Kumta SF Express (PT),SF,SCR,,,KCG,6:05,KT,14:40,32h 35m,35,T F,SL 3A 2A 1A,1728 km,53 km/hr,12790
15015,Amritsar - Lalkuan Express (via Rudrapur City),Exp,NER,,,ASR,5:55,LKU,17:40,11h 45m,8,W,SL 2A 1A 3E,617 km,53 km/hr,15016
19822,Kota - Asarva (Ahmedabad) Express,Exp,WCR,,,KOTA,18:55,ASV,5:45,10h 50m,19,T F,SL 3A 2A 1A 3E,575 km,53 km/hr,19821
15046,Okha - Gorakhpur Express (PT),Exp,NER,,,OKHA,23:35,GKP,18:55,43h 20m,37,S,SL 3A 2A 1A,2291 km,53 km/hr,15045
18525,Brahmapur - Visakhapatnam Express,Exp,SCoR,,,BAM,6:45,VSKP,12:00,5h 15m,12,S M T W T F S,CC,278 km,53 km/hr,18526
16733,Rameswaram - Okha Weekly Express (PT),Exp,SR,,,RMM,22:50,OKHA,10:20,59h 30m,45,F,SL 3A 2A,3153 km,53 km/hr,16734
15029,Gorakhpur - Pune Weekly Express (Via Lucknow) (PT),Exp,NER,,,GKP,17:10,PUNE,2:15,33h 5m,18,T,SL 3A 2A 1A,1745 km,53 km/hr,15030
19422,Patna - Ahmedabad Weekly Express (PT),Exp,WR,,,PNBE,10:15,ADI,17:45,31h 30m,27,T,SL 3A 2A,1658 km,53 km/hr,19421
20965,Sabarmati - Bhavnagar Terminus SF Intercity Express,SF,WR,,,SBIB,16:15,BVC,20:55,4h 40m,9,S M T W T F S,2S SL CC,261 km,56 km/hr,20966
14654,Amritsar - Hisar Express,Exp,NR,,,ASR,18:05,HSR,0:40,6h 35m,15,S M T W T F S,SL,346 km,53 km/hr,14653
16866,Uzhavan Express (PT),Exp,SR,,,TJ,21:50,MS,4:25,6h 35m,14,S M T W T F S,SL 3A 2A 1A,351 km,53 km/hr,16865
14050,Delhi - Godda Weekly Express,Exp,NR,,,DLI,15:00,GODA,15:45,24h 45m,18,M,SL 3A 2A 1A 3E,1317 km,53 km/hr,14049
16547,Yesvantpur - Vijayapura Express,Exp,SWR,,,YPR,21:30,BJP,11:30,14h 0m,21,S M T W T F S,SL 3A,742 km,53 km/hr,16548
16093,MGR Chennai Central - Lucknow Jn.Express (PT),Exp,SR,,,MAS,5:10,LJN,20:20,39h 10m,44,T S,SL 3A 2A,2088 km,53 km/hr,16094
22927,Lokshakti Express (PT),SF,WR,,,BDTS,19:40,VDG,6:40,11h 0m,22,S M T W T F S,SL 3A 2A 1A 3E,584 km,53 km/hr,22928
22552,Jalandhar City - Darbhanga Antyodaya Express,Ant,ECR,,,JUC,9:50,DBG,12:05,26h 15m,14,S,,1396 km,53 km/hr,22551
19091,Bandra Terminus - Gorakhpur Humsafar Express,Hms,WR,,,BDTS,5:10,GKP,18:15,37h 5m,23,M,SL 3A,1977 km,53 km/hr,19092
16093,MGR Chennai Central - Lucknow Jn.Express (PT),Exp,SR,,,MAS,5:10,LJN,20:20,39h 10m,44,T S,SL 3A 2A,2088 km,53 km/hr,16094
17418,Sainagar Shirdi - Tirupati Weekly Express (via Raichur) (PT),Exp,SCoR,,,SNSI,19:35,TPTY,22:50,27h 15m,32,W,SL 3A 2A,1436 km,53 km/hr,17417
22927,Lokshakti Express (PT),SF,WR,,,BDTS,19:40,VDG,6:40,11h 0m,22,S M T W T F S,SL 3A 2A 1A 3E,584 km,53 km/hr,22928
16223,SMVT Bengaluru - Radhikapur Express,Exp,SWR,,,SMVB,13:50,RDP,12:45,46h 55m,48,T,SL 3A 2A,2478 km,53 km/hr,16224
16121,Tambaram - Thiruvananthapuram Central Amrit Bharat Express,AB,SR,,,TBM,17:30,TVC,8:00,14h 30m,15,W,SL,769 km,53 km/hr,16122
19402,Lucknow - Sabarmati Express,Exp,WR,,,LKO,22:50,SBIB,23:05,24h 15m,24,T,SL 3A 2A,1294 km,53 km/hr,19401
19401,Sabarmati - Lucknow Express (PT),Exp,WR,,,SBIB,10:35,LKO,10:55,24h 20m,24,M,SL 3A 2A,1294 km,53 km/hr,19402
14691,Mour Dhwaj Express (PT),Exp,NR,,,BJU,5:05,JAT,11:45,30h 40m,21,S,SL 3A 1A 3E,1611 km,53 km/hr,14692
15063,Ramnagar - Chandigarh Express,Exp,NER,,,RMR,5:50,CDG,13:15,7h 25m,9,M,2S SL CC 3A 2A,396 km,53 km/hr,15064
16751,Chennai Egmore - Rameswaram Express (PT),Exp,SR,,,TBM,21:00,RMM,9:00,12h 0m,20,S M T W T F S,SL 3A 2A 1A,641 km,53 km/hr,16752
18403,Bhubaneswar - Dhanbad Express,Exp,ECoR,,,BBS,20:25,DHN,11:00,14h 35m,13,S M T W T F S,SL 3A 2A,776 km,53 km/hr,18404
14612,Shri Mata Vaishno Devi Katra - Ghazipur City Express,Exp,NR,,,SVDK,3:50,GCT,6:10,26h 20m,15,T,SL 3A 2A 3E,1387 km,53 km/hr,14611
12536,Raipur - Lucknow Jn. Garib Rath Express,GR,NER,,,R,12:05,LJN,5:10,17h 5m,12,T F,3A,910 km,53 km/hr,12535
12535,Lucknow Jn. - Raipur Garib Rath Express,GR,NER,,,LJN,14:10,R,7:15,17h 5m,12,M T,3A,911 km,53 km/hr,12536
15058,Anand Vihar Terminal - Gorakhpur Weekly Express,Exp,NER,,,ANVT,17:10,GKP,7:20,14h 10m,6,W,SL 3A 2A 1A 3E,748 km,53 km/hr,15057
13128,Ara - Kolkata Garib Rath Express,GR,ER,,,ARA,18:30,KOAA,5:30,11h 0m,13,S W F,3A,585 km,53 km/hr,13127
19822,Kota - Asarva (Ahmedabad) Express,Exp,WCR,,,KOTA,18:55,ASV,5:45,10h 50m,19,T F,SL 3A 2A 1A 3E,575 km,53 km/hr,19821
17302,Belagavi - Mysuru Express (Via Hassan),Exp,SWR,,,BGM,19:40,MYS,7:10,11h 30m,18,S M T W T F S,SL 3A 2A,614 km,53 km/hr,17301
17323,SSS Hubballi - Banaras Weekly Express (PT),Exp,SWR,,,UBL,18:15,BNRS,8:45,38h 30m,23,F,SL 3A 2A 1A 3E,2038 km,53 km/hr,17324
16618,Coimbatore - Rameswaram Express,Exp,SR,,,CBE,19:45,RMM,5:20,9h 35m,12,T,SL 3A 2A,506 km,53 km/hr,16617
16547,Yesvantpur - Vijayapura Express,Exp,SWR,,,YPR,21:30,BJP,11:30,14h 0m,21,S M T W T F S,SL 3A,742 km,53 km/hr,16548
13052,Netaji Express,Exp,ER,,,KLK,23:55,HWH,8:05,32h 10m,40,S M T W T F S,SL 3A 2A 1A,1714 km,53 km/hr,13051
19338,Delhi Sarai Rohilla - Indore Weekly Express,Exp,WR,,,DEE,15:00,INDB,8:30,17h 30m,13,M,SL 3A 2A 3E,936 km,53 km/hr,19337
12805,Visakhapatnam - Lingampalli Janmabhoomi SF Express (PT),SF,SCoR,,,VSKP,6:20,LPI,19:40,13h 20m,23,S M T W T F S,2S CC 3E,711 km,53 km/hr,12806
15566,Vaishali Express (PT),Exp,ECR,,,NDLS,20:40,LLP,22:45,26h 5m,28,S M T W T F S,SL 3A 2A 1A 3E,1371 km,53 km/hr,15565
16311,Shri Ganganagar - Thiruvananthapuram North (Kochuveli) Express (PT),Exp,SR,,,SGNR,14:10,TVCN,22:45,56h 35m,51,T,SL 3A 2A 3E,3017 km,53 km/hr,16312
15294,Charlapalli - Muzaffarpur Amrit Bharat Express,AB,ECR,,,CHZ,4:05,MFP,16:00,35h 55m,21,T,SL,1890 km,53 km/hr,15293
12071,Mumbai CSMT - Hingoli (Deccan) Jan Shatabdi Express,JShtb,CR,,,CSMT,12:10,HNL,0:30,12h 20m,14,S M T W T F S,2S CC,658 km,53 km/hr,12072
13182,Kaziranga Express (PT),Exp,ER,,,SHTT,13:45,KOAA,12:05,22h 20m,18,T,SL 3A 2A 3E,1175 km,53 km/hr,13181
19045,Tapti Ganga Express (PT),Exp,WR,,,UDN,10:20,THE,20:55,34h 35m,37,S M W T F,SL 3A 2A,1828 km,53 km/hr,19046
15608,Aronai Express (PT),Exp,NFR,,,SCL,19:10,TVC,20:45,73h 35m,54,T,SL 3A 2A 3E,3916 km,53 km/hr,15607
15029,Gorakhpur - Pune Weekly Express (Via Lucknow) (PT),Exp,NER,,,GKP,17:10,PUNE,2:15,33h 5m,18,T,SL 3A 2A 1A,1745 km,53 km/hr,15030
15015,Amritsar - Lalkuan Express (via Rudrapur City),Exp,NER,,,ASR,5:55,LKU,17:40,11h 45m,8,W,SL 2A 1A 3E,617 km,53 km/hr,15016
15636,Guwahati - Okha Dwarka Express (PT),Exp,NFR,,,GHY,10:45,OKHA,23:05,60h 20m,42,M,SL 3A 2A,3226 km,53 km/hr,15635
22883,Puri - Yesvantpur Garib Rath Express,GR,ECoR,,,PURI,15:15,YPR,19:45,28h 30m,23,F,3A,1505 km,53 km/hr,22884
18104,Amritsar - Tatanagar Jallianwala Bagh Express,Exp,SER,,,ASR,12:45,TATA,22:00,33h 15m,26,W F,SL 3A 2A 3E,1747 km,53 km/hr,18103
22388,Black Diamond Express (PT),SF,ECR,,,DHN,16:20,HWH,21:30,5h 10m,14,S M T W T F S,2S CC,271 km,53 km/hr,22387
12391,Shramjeevi SF Express (PT),SF,ECR,,,RGD,7:45,NDLS,4:40,20h 55m,32,S M T W T F S,SL 3A 2A 1A,1102 km,53 km/hr,12392
19052,Shramik Express (PT),Exp,WR,,,MFP,20:10,BL,7:05,34h 55m,17,M,SL 3A 2A,1859 km,53 km/hr,19051
13237,Patna - Kota Express (via Ayodhya Cantt) (PT),Exp,ECR,,,PNBE,11:45,KOTA,11:55,24h 10m,28,S T S,SL 3A 2A 1A 3E,1279 km,53 km/hr,13238
16601,Erode - Jogbani Amrit Bharat Express (PT),AB,SR,,,ED,8:15,JBN,19:00,58h 45m,49,T,SL,3129 km,53 km/hr,16602
19802,Danapur – Sogaria (Kota) Express,Exp,WCR,,,DNR,12:45,SGAC,11:00,22h 15m,14,T,SL 3A 2A 3E,1173 km,53 km/hr,19801
15929,Tambaram - New Tinsukia Express (PT),Exp,NFR,,,TBM,18:40,NTSK,7:10,60h 30m,44,T,SL 3A 2A 1A,3218 km,53 km/hr,15930
12018,Dehradun - New Delhi Shatabdi Express,Shtb,NR,,,DDN,16:55,NDLS,22:50,5h 55m,6,S M T W T F S,CC Ex,314 km,53 km/hr,12017
14622,Firozpur Cantt. - Hazur Sahib Nanded Express,Exp,NR,,,FZR,13:25,NED,3:15,37h 50m,28,F,SL 3A 2A 3E,2023 km,53 km/hr,14621
12871,Howrah - Junagarh Road Ispat Express,SF,SER,,,HWH,6:30,JNRD,22:35,16h 5m,33,M W S,2S CC 3A,844 km,53 km/hr,12872
12338,Shantiniketan Express,SF,ER,,,BHP,13:15,HWH,16:00,2h 45m,2,S M T W T F S,2S CC,146 km,53 km/hr,12337
19323,Dr. Ambedkar Nagar - Bhopal Intercity Express,Exp,WR,,,DADN,6:25,BPL,10:55,4h 30m,8,S M T W T F S,2S CC,238 km,53 km/hr,19324
19422,Patna - Ahmedabad Weekly Express (PT),Exp,WR,,,PNBE,10:15,ADI,17:45,31h 30m,27,T,SL 3A 2A,1658 km,53 km/hr,19421
16524,Balurghat - SMVT Bengaluru Express (PT),Exp,SWR,,,BLGT,5:15,SMVB,3:00,45h 45m,41,S,SL 3A 2A,2417 km,53 km/hr,16523
16223,SMVT Bengaluru - Radhikapur Express,Exp,SWR,,,SMVB,13:50,RDP,12:45,46h 55m,48,T,SL 3A 2A,2478 km,53 km/hr,16224
18063,Santragachi - Yelahanka AC Express (PT),ACExp,SER,,,SRC,12:50,YNK,0:20,35h 30m,26,T,3A,1882 km,53 km/hr,18064
18505,Visakhapatnam - Tirupati Express,Exp,SCoR,,,VSKP,19:00,TPTY,9:30,14h 30m,19,W,SL 3A 2A,764 km,53 km/hr,18506
18507,Visakhapatnam - Tirupati Express (PT),Exp,SCoR,,,VSKP,19:10,TPTY,9:30,14h 20m,20,M,SL 3A 2A 3E,764 km,53 km/hr,18508
18502,Kollam - Visakhapatnam Express (PT),Exp,SCoR,13-May,,QLN,17:20,VSKP,23:00,29h 40m,25,W,SL 3A 2A 3E,1563 km,53 km/hr,18501
16807,Tambaram - Tiruchchirappalli InterCity Express,Exp,SR,,,TBM,15:30,TPJ,22:40,7h 10m,13,S M T F S,2S CC,377 km,53 km/hr,16808
16121,Tambaram - Thiruvananthapuram Central Amrit Bharat Express,AB,SR,,,TBM,17:30,TVC,8:00,14h 30m,15,W,SL,769 km,53 km/hr,16122
13065,Howrah - Anand Vihar Terminal Amrit Bharat Express,AB,ER,,,HWH,23:10,ANVT,2:50,27h 40m,26,T,SL,1455 km,53 km/hr,13066
19322,Patna - Indore Express (via Ayodhya Cantt) (PT),Exp,WR,,,PNBE,11:25,INDB,14:25,27h 0m,14,M,SL 3A 2A 1A 3E,1398 km,52 km/hr,19321
13104,Bhagirathi Express (PT),Exp,ER,,,LGL,6:00,SDAH,10:25,4h 25m,12,S M T W T F S,2S CC,228 km,52 km/hr,13103
14541,Chandigarh - Amritsar Express,Exp,NR,,,CDG,16:40,ASR,21:25,4h 45m,5,S M T W T F S,2S CC,248 km,52 km/hr,14542
14702,Amrapur Aravali Express (PT),Exp,NWR,,,BDTS,21:00,SGNR,4:15,31h 15m,55,S M T W T F S,SL 3A 2A 3E,1613 km,52 km/hr,14701
11058,Amritsar - Mumbai CSMT Express,Exp,CR,,,ASR,8:50,CSMT,0:05,39h 15m,82,S M T W T F S,SL 2A 3E,2045 km,52 km/hr,11057
16004,Nagarsol - MGR Chennai Central Weekly Express,Exp,SR,,,NSL,13:30,MAS,15:40,26h 10m,25,M,SL 3A 2A,1366 km,52 km/hr,16003
12546,Mumbai LTT - Raxaul Karmabhumi Express (UnReserved),SF,ECR,,,LTT,16:35,RXL,7:50,39h 15m,18,S,,2038 km,52 km/hr,12545
13117,Dhano Dhanye Express,Exp,ER,,,KOAA,16:10,LGL,20:30,4h 20m,9,S T T F,2S CC,225 km,52 km/hr,13118
11408,Lucknow Jn - Pune Express (PT),Exp,CR,,,LJN,6:30,PUNE,10:50,28h 20m,15,T,SL 3A 2A,1475 km,52 km/hr,11407
16102,Kollam - Chennai Egmore Express (PT),Exp,SR,,,QLN,16:00,TBM,6:05,14h 5m,22,S M T W T F S,SL 3A 2A,736 km,52 km/hr,16101
19108,MCTM Udhampur - Bhavnagar Terminus Janmabhoomi Express,Exp,WR,,,MCTM,21:50,BVC,9:25,35h 35m,27,M,SL 3A 2A,1845 km,52 km/hr,19107
15026,Anand Vihar Terminal - Mau Express (Via Ayodhya Cantt),Exp,NER,,,ANVT,13:25,MAU,5:30,16h 5m,9,M F,SL 3A 2A 1A 3E,832 km,52 km/hr,15025
18402,Puri - Bangriposi Intercity Express,Exp,ECoR,,,PURI,16:00,BGY,23:15,7h 15m,21,S M T W T F S,2S CC,376 km,52 km/hr,18401
15033,Patliputra - Lucknow Jn. Express,Exp,NER,,,PPTA,16:30,LJN,2:35,10h 5m,9,M T W F S,2S CC 3A 2A 3E,521 km,52 km/hr,15034
15034,Lucknow Jn. - Patliputra Express,Exp,NER,,,LJN,5:00,PPTA,14:55,9h 55m,9,M T W F S,2S CC 3A 2A 3E,521 km,52 km/hr,15033
15064,Chandigarh - Ramnagar Express,Exp,NER,,,CDG,16:00,RMR,23:35,7h 35m,9,M,2S SL CC 3A 2A,396 km,52 km/hr,15063
13252,Anand Vihar Terminal - Patna Express,Exp,ECR,,,ANVT,23:30,PNBE,18:35,19h 5m,6,M F,SL 3A 2A 1A 3E,984 km,52 km/hr,13251
20623,Malgudi SF Express,SF,SR,,,AP,8:20,SBC,11:05,2h 45m,8,S M T W T F S,CC,143 km,52 km/hr,20624
19577,Tirunelveli - Jamnagar Express (PT),Exp,WR,,,TEN,5:10,JAM,4:25,47h 15m,32,M T,SL 3A 2A 3E,2434 km,52 km/hr,19578
16565,Yesvantpur - Mangaluru Central Weekly Express,Exp,SWR,,,YPR,23:55,MAQ,16:00,16h 5m,18,S,SL 3A 2A,834 km,52 km/hr,16566
15647,Mumbai LTT - Guwahati Express (PT),Exp,NFR,,,LTT,8:05,GHY,12:45,52h 40m,51,F,SL 3A 2A,2735 km,52 km/hr,15648
15945,Mumbai LTT - Dibrugarh Express (PT),Exp,NFR,,,LTT,8:05,DBRG,20:20,60h 15m,52,W S,SL 3A 2A,3127 km,52 km/hr,15946
15631,Barmer - Guwahati Express (PT),Exp,NFR,,,BME,23:45,GHY,23:35,47h 50m,32,S,SL 3A 2A,2470 km,52 km/hr,15632
11906,Hoshiarpur - Agra Cantt Express,Exp,NCR,,,HSX,22:30,AGC,11:00,12h 30m,12,S M T W T F S,SL 3A 2A 3E,651 km,52 km/hr,11905
15629,Nagaon Express (PT),Exp,NFR,,,TBM,18:40,SHTT,3:15,56h 35m,49,M,SL 3A 2A,2969 km,52 km/hr,15630
15627,Coimbatore - Silchar Express (PT),Exp,NFR,,,CBE,22:00,SCL,16:45,66h 45m,44,S,SL 3A 2A 3E,3493 km,52 km/hr,15628
15645,Charlapalli - Silchar Express (PT),Exp,NFR,,,CHZ,16:25,SCL,23:55,55h 30m,35,S,SL 3A 2A 3E,2863 km,52 km/hr,15646
17629,Hadapsar - Hazur Sahib Nanded Express,Exp,SCR,,,HDP,21:50,NED,10:20,12h 30m,11,S M T W T F S,SL 3A 2A,652 km,52 km/hr,17630
16127,Chennai Egmore - Guruvayur Express (PT),Exp,SR,,,TBM,11:07,GUV,7:40,20h 33m,47,S M T W T F S,SL 3A 2A,1072 km,52 km/hr,16128
13423,Bhagalpur - Ajmer Weekly Humsafar Express (PT),Hms,ER,,,BGP,13:25,AII,22:55,33h 30m,20,T,SL 3A,1747 km,52 km/hr,13424
16845,Erode - Sengottai Express (UnReserved),Exp,SR,,,ED,14:00,SCT,22:30,8h 30m,26,S M T W T F S,,438 km,52 km/hr,16846
16848,Sengottai - Mayiladuturai Express (UnReserved),Exp,SR,,,SCT,7:00,MV,15:40,8h 40m,28,S M T W T F S,,451 km,52 km/hr,16847
15560,Ahmedabad - Darbhanga Antyodaya Express,Ant,ECR,,,ADI,21:05,DBG,8:40,35h 35m,26,F,,1837 km,52 km/hr,15559
17652,Kacheguda - Chengalpattu Express (PT),Exp,SCR,,,KCG,17:00,CGL,8:45,15h 45m,21,M T T S,SL 3A 2A,825 km,52 km/hr,17651
19409,Sabarmati - Gorakhpur Express (PT),Exp,WR,,,SBIB,10:35,GKP,16:45,30h 10m,28,T S,SL 3A 2A,1563 km,52 km/hr,19410
13006,Amritsar - Howrah Mail,Exp,ER,,,ASR,18:25,HWH,7:25,37h 0m,58,S M T W T F S,SL 3A 2A 1A,1911 km,52 km/hr,13005
18249,Hasdeo Express,Exp,SECR,,,R,18:00,KRBA,21:50,3h 50m,7,S M T W T F S,2S CC 3A,199 km,52 km/hr,18250
16571,Yesvantpur - Bidar Express (via Vikarabad),Exp,SWR,,,YPR,19:15,BIDR,8:45,13h 30m,13,S M T T,SL 3A 2A 1A,708 km,52 km/hr,16572
18208,Ajmer - Durg Weekly Express,Exp,SECR,,,AII,19:20,DURG,22:10,26h 50m,22,T,SL 3A 2A 1A 3E,1393 km,52 km/hr,18207
16340,Nagercoil - Mumbai LTT Express (Via Katpadi) (PT),Exp,SR,,,NCJ,6:45,LTT,18:50,36h 5m,37,M T W F,SL 3A 2A,1863 km,52 km/hr,16339
15930,New Tinsukia - Tambaram Express (PT),Exp,NFR,,,NTSK,6:30,TBM,20:35,62h 5m,44,M,SL 3A 2A 1A,3218 km,52 km/hr,15929
14806,Barmer - Yesvantpur AC Express (PT),ACExp,NWR,,,BME,21:30,YPR,16:00,42h 30m,32,T,3A 2A 1A,2226 km,52 km/hr,14805
11408,Lucknow Jn - Pune Express (PT),Exp,CR,,,LJN,6:30,PUNE,10:50,28h 20m,15,T,SL 3A 2A,1475 km,52 km/hr,11407
18112,Yesvantpur - Tatanagar Weekly Express (PT),Exp,SER,,,YPR,12:30,TATA,11:40,47h 10m,38,S,SL 3A 2A 3E,2438 km,52 km/hr,18111
16340,Nagercoil - Mumbai LTT Express (Via Katpadi) (PT),Exp,SR,,,NCJ,6:45,LTT,18:50,36h 5m,37,M T W F,SL 3A 2A,1863 km,52 km/hr,16339
17313,SSS Hubballi - MGR Chennai Central Express (via Ballari) (PT),Exp,SWR,,,UBL,21:35,MAS,11:10,13h 35m,9,W F,SL 3A 2A 1A,705 km,52 km/hr,17314
15930,New Tinsukia - Tambaram Express (PT),Exp,NFR,,,NTSK,6:30,TBM,20:35,62h 5m,44,M,SL 3A 2A 1A,3218 km,52 km/hr,15929
12785,Kacheguda - Ashokapuram SF Express (PT),SF,SCR,,,KCG,19:05,AP,9:55,14h 50m,20,S M T W T F S,SL CC 3A 2A 1A,769 km,52 km/hr,12786
11312,Hassan - Solapur Superfast Express (PT),SF,CR,,,HAS,16:15,SUR,8:10,15h 55m,17,S M T W T F S,SL 3A 2A 1A 3E,830 km,52 km/hr,11311
14864,Marudhar Express (Via Sultanpur),Exp,NWR,,,JU,8:35,BCY,7:00,22h 25m,34,S T F,SL 3A 2A 3E,1163 km,52 km/hr,14863
13506,Asansol - Digha Express,Exp,ER,,,ASN,5:40,DGHA,12:50,7h 10m,17,S,2S CC,372 km,52 km/hr,13505
19411,Gandhinagar Capital - Daulatpur Chowk Express (PT),Exp,WR,,,GNC,10:00,DLPC,12:20,26h 20m,43,S M T W T F S,SL 3A 2A,1376 km,52 km/hr,19412
14027,Jind - Firozpur Cantt Express (UnReserved),Exp,NR,,,JIND,7:40,FZR,12:40,5h 0m,13,S M T W T F S,,258 km,52 km/hr,14028
18064,Yelahanka - Santragachi AC Express,ACExp,SER,,,YNK,4:50,SRC,17:00,36h 10m,26,S,3A,1882 km,52 km/hr,18063
20801,Magadh Express,SF,SER,,,IPR,15:30,NDLS,12:00,20h 30m,27,S M T W T F S,SL 3A 2A 1A 3E,1063 km,52 km/hr,20802
11060,Chhapra - Mumbai LTT Express (PT),Exp,CR,,,CPR,5:45,LTT,15:30,33h 45m,24,M T S,SL 3A 2A,1766 km,52 km/hr,11059
11059,Mumbai LTT - Chhapra Express (PT),Exp,CR,,,LTT,10:55,CPR,21:05,34h 10m,24,T T S,SL 3A 2A,1766 km,52 km/hr,11060
14679,Delhi - Amritsar Intercity Express,Exp,NR,,,DLI,13:45,ASR,22:25,8h 40m,13,S M T W T F S,2S CC,447 km,52 km/hr,14680
16356,Mangaluru Jn. - Thiruvananthapuram North Antyodaya Express (via Alappuzha),Ant,SR,,,MAJN,20:10,TVCN,8:00,11h 50m,11,S F,,614 km,52 km/hr,16355
17631,Hazur Sahib Nanded - Tanakpur Express,Exp,SCR,12-Jul,,NED,23:40,TPU,5:55,30h 15m,22,S,SL 3A 2A,1659 km,55 km/hr,17632
18610,Mumbai LTT - Ranchi Express (PT),Exp,SER,,,LTT,16:35,RNC,6:50,38h 15m,26,F,SL 3A 2A 1A,2007 km,52 km/hr,18609
16355,Thiruvananthapuram North - Mangaluru Jn. Antyodaya Express (via Alappuzha),Ant,SR,,,TVCN,21:25,MAJN,9:15,11h 50m,11,T S,,614 km,52 km/hr,16356
16102,Kollam - Chennai Egmore Express (PT),Exp,SR,,,QLN,16:00,TBM,6:05,14h 5m,22,S M T W T F S,SL 3A 2A,736 km,52 km/hr,16101
14619,Tripura Sundari Express (PT),Exp,NR,,,AGTL,15:00,FZR,22:55,55h 55m,31,T,SL 3A 2A 1A 3E,2890 km,52 km/hr,14620
16554,Mumbai LTT - SMVT Bengaluru Express,Exp,SWR,24-May,,LTT,23:15,SMVB,22:30,23h 15m,15,S W,SL 3A 2A,1208 km,52 km/hr,16553
10216,Ernakulam Jn. - Madgaon SF Express,SF,KR,,,ERS,13:25,MAO,3:30,14h 5m,12,M,SL CC 3A 2A 3E,729 km,52 km/hr,10215
10215,Madgaon - Ernakulam Jn. SF Express,SF,KR,,,MAO,21:00,ERS,11:00,14h 0m,12,S,SL 3A 2A 3E,729 km,52 km/hr,10216
11703,Rewa - Dr. Ambedkar Nagar Express,Exp,WCR,,,REWA,23:05,DADN,15:00,15h 55m,19,S T T,SL 3A 2A 1A 3E,830 km,52 km/hr,11704
14038,New Delhi - Silchar Poorvottar Sampark Kranti Express,SKr,NR,,,NDLS,23:45,SCL,19:25,43h 40m,14,T,SL 3A 2A 1A 3E,2280 km,52 km/hr,14037
20932,Indore - Thiruvananthapuram North (Kochuveli) Weekly SF Express,SF,WR,,,INDB,21:40,TVCN,18:00,44h 20m,30,T,SL 3A 2A 3E,2290 km,52 km/hr,20931
16353,Kacheguda - Nagercoil Weekly Express (PT),Exp,SR,,,KCG,15:45,NCJ,20:30,28h 45m,27,S,SL 3A 2A,1496 km,52 km/hr,16354
11633,Bhopal - Chopan Weekly Express,Exp,WCR,,,BPL,20:55,CPU,10:50,13h 55m,15,S,SL 3A 2A 1A 3E,723 km,52 km/hr,11634
19108,MCTM Udhampur - Bhavnagar Terminus Janmabhoomi Express,Exp,WR,,,MCTM,21:50,BVC,9:25,35h 35m,27,M,SL 3A 2A,1845 km,52 km/hr,19107
11020,Konark Express (PT),Exp,CR,,,BBSN,14:40,CSMT,4:15,37h 35m,43,S M T W T F S,SL 3A 2A,1943 km,52 km/hr,11019
15589,Muzaffarpur - Hadapsar (Pune) AC Express (PT),ACExp,ECR,,,MFP,19:20,HDP,6:25,35h 5m,23,M,2A 3E,1823 km,52 km/hr,15590
11049,Ahmedabad - SCSMT Kolhapur Express (PT),Exp,CR,,,ADI,20:15,KOP,14:40,18h 25m,16,S,SL 3A 2A,955 km,52 km/hr,11050
16382,Kanniyakumari - Pune Express (PT),Exp,SR,,,CAPE,8:40,PUNE,21:40,37h 0m,56,S M T W T F S,SL 3A 2A 3E,1941 km,52 km/hr,16381
11088,Pune - Veraval Express (PT),Exp,CR,,,PUNE,20:10,VRL,16:25,20h 15m,23,T,SL 3A 2A,1061 km,52 km/hr,11087
11087,Veraval - Pune Express (PT),Exp,CR,,,VRL,11:05,PUNE,7:35,20h 30m,24,S,SL 3A 2A,1061 km,52 km/hr,11088
18047,Shalimar - Vasco-da-Gama Amaravati Express (PT),Exp,SER,,,SHM,23:10,VSG,16:10,41h 0m,41,M T T S,SL 3A 2A,2119 km,52 km/hr,18048
13252,Anand Vihar Terminal - Patna Express,Exp,ECR,,,ANVT,23:30,PNBE,18:35,19h 5m,6,M F,SL 3A 2A 1A 3E,984 km,52 km/hr,13251
15653,Guwahati - Jammu Tawi Amarnath Express (PT),Exp,NFR,,,GHY,14:00,JAT,13:00,47h 0m,44,W,SL 3A 2A,2432 km,52 km/hr,15654
15293,Muzaffarpur - Charlapalli Amrit Bharat Express (PT),AB,ECR,,,MFP,11:25,CHZ,23:50,36h 25m,21,T,SL,1890 km,52 km/hr,15294
19325,Indore - Amritsar Express (PT),Exp,WR,,,INDB,20:15,ASR,22:05,25h 50m,24,T F,SL 3A 2A 1A 3E,1336 km,52 km/hr,19326
11072,Kamayani Express,Exp,CR,,,BUI,12:45,LTT,23:10,34h 25m,46,S M T W T F S,SL 3A 2A,1773 km,52 km/hr,11071
18478,Kalinga Utkal Express (PT),Exp,ECoR,,,YNRK,5:35,PURI,3:25,45h 50m,79,S M T W T F S,SL 3A 2A 1A 3E,2390 km,52 km/hr,18477
17604,Yelahanka - Kacheguda Express (PT),Exp,SCR,,,YNK,16:20,KCG,5:00,12h 40m,14,S M T W T F S,SL 3A 2A 1A 3E,653 km,52 km/hr,17603
12786,Ashokapuram - Kacheguda SF Express (PT),SF,SCR,,,AP,14:55,KCG,5:40,14h 45m,19,S M T W T F S,SL 3A 2A 1A,769 km,52 km/hr,12785
15034,Lucknow Jn. - Patliputra Express,Exp,NER,,,LJN,5:00,PPTA,14:55,9h 55m,9,M T W F S,2S CC 3A 2A 3E,521 km,52 km/hr,15033
16336,Nagercoil - Gandhidham Weekly Express (PT),Exp,SR,,,NCJ,14:45,GIMB,12:05,45h 20m,55,T,SL 3A 2A,2343 km,52 km/hr,16335
11634,Chopan - Bhopal Weekly Express,Exp,WCR,,,CPU,17:10,BPL,7:00,13h 50m,15,M,SL 3A 2A 1A 3E,723 km,52 km/hr,11633
17604,Yelahanka - Kacheguda Express (PT),Exp,SCR,,,YNK,16:20,KCG,5:00,12h 40m,14,S M T W T F S,SL 3A 2A 1A 3E,653 km,52 km/hr,17603
12786,Ashokapuram - Kacheguda SF Express (PT),SF,SCR,,,AP,14:55,KCG,5:40,14h 45m,19,S M T W T F S,SL 3A 2A 1A,769 km,52 km/hr,12785
16336,Nagercoil - Gandhidham Weekly Express (PT),Exp,SR,,,NCJ,14:45,GIMB,12:05,45h 20m,55,T,SL 3A 2A,2343 km,52 km/hr,16335
16357,Nagercoil - Charlapalli Amrit Bharat Express,AB,SR,,,NCJ,23:45,CHZ,4:20,28h 35m,30,T,SL,1487 km,52 km/hr,16358
15565,Vaishali Express (PT),Exp,ECR,,,LLP,4:00,NDLS,6:30,26h 30m,28,S M T W T F S,SL 3A 2A 1A 3E,1371 km,52 km/hr,15566
19567,Tuticorin - Okha Vivek Express (PT),Exp,WR,,,TN,23:40,OKHA,3:35,51h 55m,40,S,SL 2A 3E,2715 km,52 km/hr,19568
14038,New Delhi - Silchar Poorvottar Sampark Kranti Express,SKr,NR,,,NDLS,23:45,SCL,19:25,43h 40m,14,T,SL 3A 2A 1A 3E,2280 km,52 km/hr,14037
12075,Kozhikode - Thiruvananthapuram Central Jan Shatabdi Express (PT),JShtb,SR,,,CLT,13:45,TVC,21:25,7h 40m,10,S M T W T F S,2S CC,399 km,52 km/hr,12076
17042,Thiruvananthapuram North - Charlapalli Amrit Bharat Express,AB,SCR,,,TVCN,17:30,CHZ,23:30,30h 0m,29,W,SL,1546 km,52 km/hr,17041
16004,Nagarsol - MGR Chennai Central Weekly Express,Exp,SR,,,NSL,13:30,MAS,15:40,26h 10m,25,M,SL 3A 2A,1366 km,52 km/hr,16003
12072,Hingoli (Deccan) - Mumbai CSMT Jan Shatabdi Express (PT),JShtb,CR,,,HNL,4:15,CSMT,16:50,12h 35m,14,S M T W T F S,2S CC,658 km,52 km/hr,12071
17023,Tungabhadra Express,Exp,SCR,,,KCG,7:55,KRNT,12:30,4h 35m,13,S M T W T F S,2S 3A,236 km,52 km/hr,17024
16356,Mangaluru Jn. - Thiruvananthapuram North Antyodaya Express (via Alappuzha),Ant,SR,,,MAJN,20:10,TVCN,8:00,11h 50m,11,S F,,614 km,52 km/hr,16355
17603,Kacheguda - Yelahanka Express (PT),Exp,SCR,,,KCG,21:05,YNK,9:35,12h 30m,14,S M T W T F S,SL 3A 2A 1A 3E,653 km,52 km/hr,17604
15270,Sabarmati - Muzaffarpur Jan Sadharan Express (UnReserved),Exp,ECR,,,SBIB,17:55,MFP,3:50,33h 55m,24,S,,1751 km,52 km/hr,15269
16312,Thiruvananthapuram North (Kochuveli) - Shri Ganganagar Express (PT),Exp,SR,,,TVCN,15:45,SGNR,2:05,58h 20m,50,S,SL 3A 2A 3E,3017 km,52 km/hr,16311
18045,East Coast Express (PT),Exp,SER,,,SHM,11:15,CHZ,17:20,30h 5m,54,S M T W T F S,SL 3A 2A 3E,1565 km,52 km/hr,18046
16224,Radhikapur - SMVT Bengaluru Express (PT),Exp,SWR,,,RDP,21:30,SMVB,20:45,47h 15m,48,S,SL 3A 2A,2478 km,52 km/hr,16223
16355,Thiruvananthapuram North - Mangaluru Jn. Antyodaya Express (via Alappuzha),Ant,SR,,,TVCN,21:25,MAJN,9:15,11h 50m,11,T S,,614 km,52 km/hr,16356
11450,Shri Mata Vaishno Devi Katra - Jabalpur Express,Exp,WCR,,,SVDK,22:30,JBP,4:45,30h 15m,27,W,SL 3A 2A 1A 3E,1582 km,52 km/hr,11449
18030,Shalimar - Mumbai LTT Express (PT),Exp,SER,,,SHM,15:00,LTT,4:20,37h 20m,68,S M T W T F S,SL 3A 2A,1943 km,52 km/hr,18029
11465,Veraval - Jabalpur Express (via Bina) (PT),Exp,WCR,,,VRL,10:10,JBP,16:15,30h 5m,47,M S,SL 3A 2A 1A 3E,1552 km,52 km/hr,11466
14036,Dhauladhar Express,Exp,NR,,,PTK,23:40,DEE,9:10,9h 30m,16,T T S,SL 3A 2A 1A,492 km,52 km/hr,14035
12872,Junagarh Road - Howrah Ispat Express,SF,SER,,,JNRD,2:15,HWH,18:30,16h 15m,33,S T T,2S CC 3A,844 km,52 km/hr,12871
11036,Sharavati Express,Exp,CR,,,MYS,6:15,DR,5:45,23h 30m,24,S,SL 3A 2A,1211 km,52 km/hr,11035
11035,Sharavati Express (PT),Exp,CR,,,DR,21:30,MYS,21:00,23h 30m,25,T,SL 3A 2A,1211 km,52 km/hr,11036
15026,Anand Vihar Terminal - Mau Express (Via Ayodhya Cantt),Exp,NER,,,ANVT,13:25,MAU,5:30,16h 5m,9,M F,SL 3A 2A 1A 3E,832 km,52 km/hr,15025
19120,Veraval - Gandhinagar Capital InterCity Express,Exp,WR,,,VRL,7:30,GNC,16:00,8h 30m,16,S M T W T F S,CC,443 km,52 km/hr,19119
14619,Tripura Sundari Express (PT),Exp,NR,,,AGTL,15:00,FZR,22:55,55h 55m,31,T,SL 3A 2A 1A 3E,2890 km,52 km/hr,14620
14207,Padmavat Express,Exp,NR,,,MBDP,17:45,DLI,6:30,12h 45m,16,S M T W T F S,SL 3A 2A 1A 3E,659 km,52 km/hr,14208
11312,Hassan - Solapur Superfast Express (PT),SF,CR,,,HAS,16:15,SUR,8:10,15h 55m,17,S M T W T F S,SL 3A 2A 1A 3E,830 km,52 km/hr,11311
20932,Indore - Thiruvananthapuram North (Kochuveli) Weekly SF Express,SF,WR,,,INDB,21:40,TVCN,18:00,44h 20m,30,T,SL 3A 2A 3E,2290 km,52 km/hr,20931
14701,Amrapur Aravali Express (PT),Exp,NWR,,,SGNR,23:00,BDTS,6:15,31h 15m,55,S M T W T F S,SL 3A 2A 3E,1613 km,52 km/hr,14702
19577,Tirunelveli - Jamnagar Express (PT),Exp,WR,,,TEN,5:10,JAM,4:25,47h 15m,32,M T,SL 3A 2A 3E,2434 km,52 km/hr,19578
13428,Sahibganj - Howrah Intercity Express,Exp,ER,,,SBG,5:20,HWH,12:10,6h 50m,8,S M T W T F S,2S CC,353 km,52 km/hr,13427
16554,Mumbai LTT - SMVT Bengaluru Express,Exp,SWR,24-May,,LTT,23:15,SMVB,22:30,23h 15m,15,S W,SL 3A 2A,1208 km,52 km/hr,16553
17631,Hazur Sahib Nanded - Tanakpur Express,Exp,SCR,12-Jul,,NED,23:40,TPU,5:55,30h 15m,22,S,SL 3A 2A,1659 km,55 km/hr,17632
14261,Ekatmata Express (Via Sultanpur) (PT),Exp,NR,,,GAYA,19:25,LKO,5:05,9h 40m,8,W F,SL 3A 2A 1A,506 km,52 km/hr,14262
16571,Yesvantpur - Bidar Express (via Vikarabad),Exp,SWR,,,YPR,19:15,BIDR,8:45,13h 30m,13,S M T T,SL 3A 2A 1A,708 km,52 km/hr,16572
19108,MCTM Udhampur - Bhavnagar Terminus Janmabhoomi Express,Exp,WR,,,MCTM,21:50,BVC,9:25,35h 35m,27,M,SL 3A 2A,1845 km,52 km/hr,19107
16102,Kollam - Chennai Egmore Express (PT),Exp,SR,,,QLN,16:00,TBM,6:05,14h 5m,22,S M T W T F S,SL 3A 2A,736 km,52 km/hr,16101
18208,Ajmer - Durg Weekly Express,Exp,SECR,,,AII,19:20,DURG,22:10,26h 50m,22,T,SL 3A 2A 1A 3E,1393 km,52 km/hr,18207
11906,Hoshiarpur - Agra Cantt Express,Exp,NCR,,,HSX,22:30,AGC,11:00,12h 30m,12,S M T W T F S,SL 3A 2A 3E,651 km,52 km/hr,11905
11633,Bhopal - Chopan Weekly Express,Exp,WCR,,,BPL,20:55,CPU,10:50,13h 55m,15,S,SL 3A 2A 1A 3E,723 km,52 km/hr,11634
11634,Chopan - Bhopal Weekly Express,Exp,WCR,,,CPU,17:10,BPL,7:00,13h 50m,15,M,SL 3A 2A 1A 3E,723 km,52 km/hr,11633
20623,Malgudi SF Express,SF,SR,,,AP,8:20,SBC,11:05,2h 45m,8,S M T W T F S,CC,143 km,52 km/hr,20624
17313,SSS Hubballi - MGR Chennai Central Express (via Ballari) (PT),Exp,SWR,,,UBL,21:35,MAS,11:10,13h 35m,9,W F,SL 3A 2A 1A,705 km,52 km/hr,17314
16541,Yesvantpur - Pandharpur Weekly Express,Exp,SWR,,,YPR,18:15,PVR,11:35,17h 20m,13,T,SL 3A 2A 1A,880 km,51 km/hr,16542
16086,Jolarpettai - Arakkonam MEMU Express (UnReserved),Exp,SR,,,JTJ,6:55,AJJ,9:45,2h 50m,13,S M T W T F S,,145 km,51 km/hr,16085
17006,Raxaul - Hyderabad Express (PT),Exp,SCR,,,RXL,3:15,HYB,19:40,40h 25m,29,S,SL 3A 2A,2073 km,51 km/hr,17005
19714,Kurnool City - Jaipur Express (PT),Exp,NWR,,,KRNT,16:20,JP,6:45,38h 25m,34,M,SL 3A 2A 1A 3E,1977 km,51 km/hr,19713
19272,Haridwar - Bhavnagar Terminus Express,Exp,WR,,,HW,5:05,BVC,11:55,30h 50m,36,W S,SL 3A 2A,1574 km,51 km/hr,19271
14602,Hanumangarh - Firozpur Cantt Express (UnReserved),Exp,NR,,,HMH,11:30,FZR,16:25,4h 55m,10,S M T W T F S,,251 km,51 km/hr,14601
13072,Jamalpur - Howrah Express (PT),Exp,ER,,,JMP,20:30,HWH,5:35,9h 5m,18,S M T W T F S,SL 3A 2A 1A 3E,467 km,51 km/hr,13071
15269,Muzaffarpur - Sabarmati Jan Sadharan Express (UnReserved),Exp,ECR,,,MFP,21:20,SBIB,7:25,34h 5m,24,T,,1751 km,51 km/hr,15270
15110,Mathura - Chhapra Express (PT),Exp,NER,,,MTJ,23:50,CPR,17:05,17h 15m,22,M W F,SL 3A 2A 1A 3E,878 km,51 km/hr,15109
18203,Betwa Express (PT),Exp,SECR,,,DURG,20:05,CNB,13:20,17h 15m,19,S T,SL 3A 2A 1A 3E,875 km,51 km/hr,18204
19565,Uttaranchal Express (PT),Exp,WR,,,OKHA,10:20,DDN,19:20,33h 0m,33,F,SL 3A 2A 3E,1672 km,51 km/hr,19566
17066,Shalimar - Charlapalli Amrit Bharat Express,AB,SCR,,,SHM,12:50,CHZ,19:00,30h 10m,22,W,SL,1546 km,51 km/hr,17065
17615,Kacheguda - Tuticorin Express (PT),Exp,SCR,6-Apr,,KCG,15:00,TN,19:15,28h 15m,33,M,SL 3A 2A 1A,1446 km,51 km/hr,17616
15903,Dibrugarh - Chandigarh Express (PT),Exp,NFR,,,DBRG,9:00,CDG,13:15,52h 15m,34,M F,SL 3A 2A,2639 km,51 km/hr,15904
18017,Bhanjpur - Puri Express,Exp,SER,,,VZR,23:10,PURI,5:50,6h 40m,10,T S,2S SL,342 km,51 km/hr,18018
12126,Pragati Express,SF,CR,,,PUNE,7:45,CSMT,11:25,3h 40m,5,S M T W T F S,2S CC EV,188 km,51 km/hr,12125
18463,Prashanti Express (PT),Exp,ECoR,,,BBS,5:40,SBC,11:45,30h 5m,45,S M T W T F S,SL 3A 2A 1A,1548 km,51 km/hr,18464
14054,Himachal Express,Exp,NR,,,KRTP,20:55,DLI,5:00,8h 5m,22,S M T W T F S,SL 3A 2A 1A,425 km,53 km/hr,14053
15705,Champaran Humsafar Express (PT),Hms,NFR,,,KIR,8:10,DLI,11:45,27h 35m,19,M T,2S SL 3A,1420 km,51 km/hr,15706
19269,Porbandar - Muzaffarpur Express (PT),Exp,WR,,,PBR,19:40,MFP,19:25,47h 45m,37,T F,SL 3A 2A 1A,2444 km,51 km/hr,19270
18501,Visakhapatnam - Kollam Express (PT),Exp,SCoR,,,VSKP,8:20,QLN,14:50,30h 30m,25,T,SL 3A 2A 3E,1562 km,51 km/hr,18502
14313,Mumbai LTT - Bareilly Weekly Express (PT),Exp,NR,,,LTT,8:05,BE,15:20,31h 15m,24,M,SL 3A 2A,1597 km,51 km/hr,14314
17317,SSS Hubballi - Dadar Central Express,Exp,SWR,,,UBL,16:30,DR,7:00,14h 30m,19,S M T W T F S,SL 3A 2A,736 km,51 km/hr,17318
19808,Sirsa - Kota Express (Via Loharu),Exp,WCR,,,SSA,16:10,KOTA,5:15,13h 5m,26,M W T S,SL 3A 2A 3E,674 km,51 km/hr,19807
15098,Jammu Tawi - Bhagalpur Amarnath Express,Exp,NER,,,JAT,22:45,BGP,9:55,35h 10m,30,T,SL 3A 2A 1A,1780 km,51 km/hr,15097
16338,Ernakulam - Okha Express (PT),Exp,SR,,,ERS,20:25,OKHA,16:30,44h 5m,47,W F,SL 3A 2A,2252 km,51 km/hr,16337
16032,Andaman Express,Exp,SR,,,SVDK,22:30,MAS,7:00,56h 30m,72,T F S,SL 3A 2A,2877 km,51 km/hr,16031
18519,Visakhapatnam - Mumbai LTT Express (Via Vijayawada) (PT),Exp,SCoR,,,VSKP,23:20,LTT,4:30,29h 10m,22,S M T W T F S,SL 3A 2A 1A,1495 km,51 km/hr,18520
16598,Alipurduar - SMVT Bengaluru Amrit Bharat Express,AB,SWR,,,APDJ,22:25,SMVB,3:00,52h 35m,44,M,SL,2661 km,51 km/hr,16597
11025,Pune - Amravati Express (via Manmad),Exp,CR,,,PUNE,11:05,AMI,1:05,14h 0m,18,S M T W T F S,2S SL CC 3E,720 km,51 km/hr,11026
16552,Ashokapuram - MGR Chennai Central Express,Exp,SWR,,,AP,4:45,MAS,14:35,9h 50m,25,S M T W T F S,2S CC,502 km,51 km/hr,16551
16339,Mumbai LTT - Nagercoil Express (via Katpadi) (PT),Exp,SR,,,LTT,20:55,NCJ,9:45,36h 50m,38,T W T S,SL 3A 2A,1863 km,51 km/hr,16340
16316,Thiruvananthapuram North (Kochuveli) - Mysuru Express (PT),Exp,SR,,,TVCN,16:45,MYS,11:45,19h 0m,25,S M T W T F S,SL 3A 2A 3E,961 km,51 km/hr,16315
13005,Howrah - Amritsar Mail (PT),Exp,ER,,,HWH,19:20,ASR,8:40,37h 20m,59,S M T W T F S,SL 3A 2A 1A,1911 km,51 km/hr,13006
15630,Nagaon Express (PT),Exp,NFR,,,SHTT,10:50,TBM,20:35,57h 45m,48,F,SL 3A 2A,2970 km,51 km/hr,15629
18526,Visakhapatnam - Brahmapur Express,Exp,SCoR,,,VSKP,15:00,BAM,20:25,5h 25m,12,S M T W T F S,CC,278 km,51 km/hr,18525
17322,Jasidih - Vasco-da-Gama Weekly Express (PT),Exp,SWR,,,JSME,13:10,VSG,15:05,49h 55m,36,M,SL 3A 2A 3E,2555 km,51 km/hr,17321
11006,Puducherry - Dadar Central Express (PT),Exp,CR,,,PDY,21:30,DR,5:45,32h 15m,37,S T W,SL 3A 2A,1636 km,51 km/hr,11005
16551,MGR Chennai Central - Ashokapuram Express,Exp,SWR,,,MAS,13:35,AP,23:25,9h 50m,25,S M T W T F S,2S CC,502 km,51 km/hr,16552
19613,Ajmer - Amritsar Express (via Dhuri),Exp,NWR,,,AII,17:50,ASR,10:30,16h 40m,23,M W,SL 3A 2A 3E,849 km,51 km/hr,19614
11631,Bhopal - Dhanbad Express,Exp,WCR,,,BPL,20:55,DHN,20:20,23h 25m,30,M T F,SL 3A 2A 1A 3E,1195 km,51 km/hr,11632
19626,Bandra Terminus - Daurai (Ajmer) Weekly Express‌ (via Kota) (PT),Exp,NWR,,,BDTS,8:35,DOZ,9:40,25h 5m,14,M,SL 3A 2A 3E,1291 km,51 km/hr,19625
13045,Mayurakshi Express,Exp,ER,,,HWH,16:25,DGHR,0:35,8h 10m,25,S M T W T F S,2S 3A,418 km,51 km/hr,13046
17020,Hyderabad - Hisar Weekly Express (PT),Exp,SCR,,,HYB,15:10,HSR,13:40,46h 30m,44,S,SL 3A 2A 1A,2357 km,51 km/hr,17019
19575,Okha - Nathdwara Weekly Express,Exp,WR,,,OKHA,8:20,NDT,6:25,22h 5m,18,W,SL 3A 2A 1A 3E,1123 km,51 km/hr,19576
11055,Godan Express (PT),Exp,CR,,,LTT,10:55,GKP,20:35,33h 40m,21,S M W F,SL 3A 2A,1726 km,51 km/hr,11056
19019,Bandra Terminus - Haridwar Express (PT),Exp,WR,,,BDTS,0:20,HW,7:50,31h 30m,74,S M T W T F S,SL 3A 2A 1A 3E,1619 km,51 km/hr,19020
11014,Coimbatore - Mumbai LTT Express (PT),Exp,CR,,,CBE,8:50,LTT,13:55,29h 5m,31,S M T W T F S,SL 3A 2A 1A,1496 km,51 km/hr,11013
16090,Yelagiri Express,Exp,SR,,,JTJ,5:00,MAS,9:10,4h 10m,14,S M T W T F S,CC,214 km,51 km/hr,16089
14866,Marudhar Express (Via MBDD Pratapgarh) (PT),Exp,NWR,,,JU,8:35,BCY,7:40,23h 5m,35,W,SL 3A 2A 3E,1181 km,51 km/hr,14865
18189,Tatanagar - Ernakulam Jn. Express (PT),Exp,SER,,,TATA,5:00,ERS,1:55,44h 55m,50,S M T W T F S,SL 3A 2A 3E,2296 km,51 km/hr,18190
13239,Patna - Kota Express (via Sultanpur) (PT),Exp,ECR,,,PNBE,11:45,KOTA,11:55,24h 10m,24,M W T F,SL 3A 2A 1A 3E,1238 km,51 km/hr,13240
14122,Mumbai LTT - Subedarganj Amrit Bharat Express,AB,NCR,28-Aug,,LTT,22:55,SFG,7:30,32h 35m,18,F,SL,1670 km,51 km/hr,14121
11301,Udyan Express (PT),Exp,CR,,,CSMT,7:55,SBC,6:00,22h 5m,31,S M T W T F S,SL 3A 2A 1A 3E,1136 km,51 km/hr,11302
17615,Kacheguda - Tuticorin Express (PT),Exp,SCR,6-Apr,,KCG,15:00,TN,19:15,28h 15m,33,M,SL 3A 2A 1A,1446 km,51 km/hr,17616
13045,Mayurakshi Express,Exp,ER,,,HWH,16:25,DGHR,0:35,8h 10m,25,S M T W T F S,2S 3A,418 km,51 km/hr,13046
17066,Shalimar - Charlapalli Amrit Bharat Express,AB,SCR,,,SHM,12:50,CHZ,19:00,30h 10m,22,W,SL,1546 km,51 km/hr,17065
18017,Bhanjpur - Puri Express,Exp,SER,,,VZR,23:10,PURI,5:50,6h 40m,10,T S,2S SL,342 km,51 km/hr,18018
11055,Godan Express (PT),Exp,CR,,,LTT,10:55,GKP,20:35,33h 40m,21,S M W F,SL 3A 2A,1726 km,51 km/hr,11056
19019,Bandra Terminus - Haridwar Express (PT),Exp,WR,,,BDTS,0:20,HW,7:50,31h 30m,74,S M T W T F S,SL 3A 2A 1A 3E,1619 km,51 km/hr,19020
18501,Visakhapatnam - Kollam Express (PT),Exp,SCoR,,,VSKP,8:20,QLN,14:50,30h 30m,25,T,SL 3A 2A 3E,1562 km,51 km/hr,18502
11014,Coimbatore - Mumbai LTT Express (PT),Exp,CR,,,CBE,8:50,LTT,13:55,29h 5m,31,S M T W T F S,SL 3A 2A 1A,1496 km,51 km/hr,11013
16090,Yelagiri Express,Exp,SR,,,JTJ,5:00,MAS,9:10,4h 10m,14,S M T W T F S,CC,214 km,51 km/hr,16089
17322,Jasidih - Vasco-da-Gama Weekly Express (PT),Exp,SWR,,,JSME,13:10,VSG,15:05,49h 55m,36,M,SL 3A 2A 3E,2555 km,51 km/hr,17321
14866,Marudhar Express (Via MBDD Pratapgarh) (PT),Exp,NWR,,,JU,8:35,BCY,7:40,23h 5m,35,W,SL 3A 2A 3E,1181 km,51 km/hr,14865
18189,Tatanagar - Ernakulam Jn. Express (PT),Exp,SER,,,TATA,5:00,ERS,1:55,44h 55m,50,S M T W T F S,SL 3A 2A 3E,2296 km,51 km/hr,18190
13239,Patna - Kota Express (via Sultanpur) (PT),Exp,ECR,,,PNBE,11:45,KOTA,11:55,24h 10m,24,M W T F,SL 3A 2A 1A 3E,1238 km,51 km/hr,13240
14114,Dehradun - Subedarganj Express,Exp,NCR,,,DDN,13:05,SFG,5:55,16h 50m,21,S M T W T F S,SL 3A 2A 1A,861 km,51 km/hr,14113
15946,Dibrugarh - Mumbai LTT Express (PT),Exp,NFR,,,DBRG,5:00,LTT,17:50,60h 50m,54,S W,SL 3A 2A,3127 km,51 km/hr,15945
17013,Hadapsar (Pune) - Kazipet Express (PT),Exp,SCR,,,HDP,15:30,KZJ,6:45,15h 15m,17,S T F,SL 3A 2A 1A,772 km,51 km/hr,17014
19804,SMVD Katra - Kota Express,Exp,WCR,,,SVDK,22:30,KOTA,20:50,22h 20m,26,S,SL 3A 2A 1A 3E,1136 km,51 km/hr,19803
19489,Ahmedabad - Gorakhpur Express (PT),Exp,WR,,,ADI,9:10,GKP,18:15,33h 5m,20,S T W T F S,SL 3A 2A 1A 3E,1684 km,51 km/hr,19490
16857,Puducherry - Mangaluru Central Express (Via Tiruchchirappalli) (PT),Exp,SR,,,PDY,16:45,MAQ,9:50,17h 5m,17,S,SL 3A 2A,865 km,51 km/hr,16858
16752,Rameswaram - Chennai Egmore Express (PT),Exp,SR,,,RMM,18:00,TBM,6:28,12h 28m,20,S M T W T F S,SL 3A 2A 1A,641 km,51 km/hr,16751
18450,Baidyanathdham Express (PT),Exp,ECoR,,,PNBE,8:45,PURI,2:55,18h 10m,25,W,SL 3A 2A,931 km,51 km/hr,18449
11006,Puducherry - Dadar Central Express (PT),Exp,CR,,,PDY,21:30,DR,5:45,32h 15m,37,S T W,SL 3A 2A,1636 km,51 km/hr,11005
15705,Champaran Humsafar Express (PT),Hms,NFR,,,KIR,8:10,DLI,11:45,27h 35m,19,M T,2S SL 3A,1420 km,51 km/hr,15706
16021,Kaveri Express (PT),Exp,SR,,,MAS,21:15,AP,7:00,9h 45m,22,S M T W T F S,SL 3A 2A 1A,502 km,51 km/hr,16022
18048,Vasco-da-Gama - Shalimar Amaravati Express (PT),Exp,SER,,,VSG,6:30,SHM,23:45,41h 15m,41,S T T F,SL 3A 2A,2119 km,51 km/hr,18047
15032,Lucknow Jn. - Gorakhpur Intercity Express,Exp,NER,,,LJN,16:05,GKP,21:30,5h 25m,9,S M T W T F S,2S CC,277 km,51 km/hr,15031
12207,Kathgodam - Jammu Tawi Garib Rath Express,GR,NR,,,KGM,18:15,JAT,9:15,15h 0m,14,T,3A,768 km,51 km/hr,12208
18518,Visakhapatnam - Korba Express (PT),Exp,SCoR,,,VSKP,21:00,KRBA,11:15,14h 15m,28,S M T W T F S,SL 3A 2A 1A 3E,729 km,51 km/hr,18517
17651,Chengalpattu - Kacheguda Express (PT),Exp,SCR,,,CGL,15:35,KCG,7:55,16h 20m,20,M W T S,SL 3A 2A,825 km,51 km/hr,17652
22884,Yesvantpur - Puri Garib Rath Express,GR,ECoR,,,YPR,22:40,PURI,3:55,29h 15m,23,S,3A,1505 km,51 km/hr,22883
11464,Jabalpur - Veraval Express (Via Itarsi) (PT),Exp,WCR,,,JBP,14:00,VRL,17:25,27h 25m,50,S T W T S,SL 3A 2A 1A 3E,1398 km,51 km/hr,11463
16598,Alipurduar - SMVT Bengaluru Amrit Bharat Express,AB,SWR,,,APDJ,22:25,SMVB,3:00,52h 35m,44,M,SL,2661 km,51 km/hr,16597
19808,Sirsa - Kota Express (Via Loharu),Exp,WCR,,,SSA,16:10,KOTA,5:15,13h 5m,26,M W T S,SL 3A 2A 3E,674 km,51 km/hr,19807
13148,Uttarbanga Express (PT),Exp,ER,,,BXT,14:05,SDAH,4:50,14h 45m,25,S M T W T F S,SL 3A 2A 1A,749 km,51 km/hr,13147
15633,Bikaner - Guwahati Express,Exp,NFR,,,BKN,2:30,GHY,23:45,45h 15m,31,W,SL 3A 2A,2330 km,51 km/hr,15634
19665,Khajuraho - Udaipur City Express (PT),Exp,NWR,,,KURJ,9:25,UDZ,6:55,21h 30m,33,S M T W T F S,SL 3A 2A 1A 3E,1090 km,51 km/hr,19666
14206,Delhi - Ayodhya Cantt. Express,Exp,NR,,,DLI,18:20,AYC,6:20,12h 0m,9,S M T W T F S,SL 3A 2A 1A 3E,614 km,51 km/hr,14205
12053,Haridwar - Amritsar Jan Shatabdi Express,JShtb,NR,,,HW,14:45,ASR,22:45,8h 0m,9,S M T W F S,2S CC,407 km,51 km/hr,12054
16337,Okha - Ernakulam Express (PT),Exp,SR,,,OKHA,6:45,ERS,2:50,44h 5m,48,M S,SL 3A 2A,2252 km,51 km/hr,16338
18046,East Coast Express (PT),Exp,SER,,,CHZ,8:40,SHM,15:35,30h 55m,55,S M T W T F S,SL 3A 2A 3E,1565 km,51 km/hr,18045
18410,Sri Jagannath Express (PT),Exp,ECoR,,,PURI,22:40,SHM,8:30,9h 50m,15,S M T W T F S,SL 3A 2A 1A,497 km,51 km/hr,18409
18409,Sri Jagannath Express (PT),Exp,ECoR,,,SHM,18:55,PURI,4:35,9h 40m,15,S M T W T F S,SL 3A 2A 1A,497 km,51 km/hr,18410
18103,Tatanagar - Amritsar Jallianwala Bagh Express,Exp,SER,,,TATA,20:30,ASR,6:30,34h 0m,26,M W,SL 3A 2A 3E,1747 km,51 km/hr,18104
12392,Shramjeevi SF Express (PT),SF,ECR,,,NDLS,13:10,RGD,10:40,21h 30m,32,S M T W T F S,SL 3A 2A 1A,1102 km,51 km/hr,12391
19612,Amritsar - Ajmer Express (via Firozpur Cantt.),Exp,NWR,,,ASR,13:25,AII,9:00,19h 35m,29,T T,SL 3A 2A 3E,1008 km,51 km/hr,19611
14122,Mumbai LTT - Subedarganj Amrit Bharat Express,AB,NCR,28-Aug,,LTT,22:55,SFG,7:30,32h 35m,18,F,SL,1670 km,51 km/hr,14121
14121,Subedarganj - Mumbai LTT Amrit Bharat Express,AB,NCR,27-Aug,,SFG,12:10,LTT,20:50,32h 40m,18,T,SL,1670 km,51 km/hr,14122
19666,Udaipur City - Khajuraho Express (PT),Exp,NWR,,,UDZ,21:50,KURJ,19:05,21h 15m,33,S M T W T F S,SL 3A 2A 1A 3E,1090 km,51 km/hr,19665
15095,Gorakhpur - Delhi Amrit Bharat Express,AB,NER,27-Aug,,GKP,22:45,DLI,12:50,14h 5m,8,T,SL,724 km,51 km/hr,15096
14163,Sangam Express,Exp,NCR,,,SFG,17:50,MTC,6:25,12h 35m,22,S M T W T F S,SL 3A 2A 3E,637 km,51 km/hr,14164
19218,Saurashtra Janta Express (PT),Exp,WR,,,VRL,11:50,BDTS,5:50,18h 0m,37,S M T W T F S,SL 3A 2A 1A,913 km,51 km/hr,19217
14048,Delhi - Sitamarhi Amrit Bharat Express,AB,NR,,,DLI,14:00,SMI,10:45,20h 45m,15,S,SL,1050 km,51 km/hr,14047
11015,Mumbai LTT - Saharsa Amrit Bharat Express,AB,CR,,,LTT,11:50,SHC,2:00,38h 10m,24,F,SL,1949 km,51 km/hr,11016
18017,Bhanjpur - Puri Express,Exp,SER,,,VZR,23:10,PURI,5:50,6h 40m,10,T S,2S SL,342 km,51 km/hr,18018
19272,Haridwar - Bhavnagar Terminus Express,Exp,WR,,,HW,5:05,BVC,11:55,30h 50m,36,W S,SL 3A 2A,1574 km,51 km/hr,19271
19259,Thiruvananthapuram North (Kochuveli) - Bhavnagar Terminus Express (PT),Exp,WR,,,TVCN,15:45,BVC,12:25,44h 40m,40,T,SL 3A 2A,2263 km,51 km/hr,19260
17066,Shalimar - Charlapalli Amrit Bharat Express,AB,SCR,,,SHM,12:50,CHZ,19:00,30h 10m,22,W,SL,1546 km,51 km/hr,17065
17615,Kacheguda - Tuticorin Express (PT),Exp,SCR,6-Apr,,KCG,15:00,TN,19:15,28h 15m,33,M,SL 3A 2A 1A,1446 km,51 km/hr,17616
18501,Visakhapatnam - Kollam Express (PT),Exp,SCoR,,,VSKP,8:20,QLN,14:50,30h 30m,25,T,SL 3A 2A 3E,1562 km,51 km/hr,18502
19602,New Jalpaiguri - Udaipur City Weekly Express (PT),Exp,NWR,,,NJP,8:30,UDZ,4:00,43h 30m,29,M,SL 3A 2A 3E,2232 km,51 km/hr,19601
17006,Raxaul - Hyderabad Express (PT),Exp,SCR,,,RXL,3:15,HYB,19:40,40h 25m,29,S,SL 3A 2A,2073 km,51 km/hr,17005
18519,Visakhapatnam - Mumbai LTT Express (Via Vijayawada) (PT),Exp,SCoR,,,VSKP,23:20,LTT,4:30,29h 10m,22,S M T W T F S,SL 3A 2A 1A,1495 km,51 km/hr,18520
11431,Pune - Danapur Amrit Bharat Express,AB,CR,27-Jun,,PUNE,15:25,DNR,1:30,34h 5m,19,S,SL,1748 km,51 km/hr,11432
19626,Bandra Terminus - Daurai (Ajmer) Weekly Express‌ (via Kota) (PT),Exp,NWR,,,BDTS,8:35,DOZ,9:40,25h 5m,14,M,SL 3A 2A 3E,1291 km,51 km/hr,19625
17611,Hazur Sahib Nanded - Mumbai CSMT Rajya Rani Express (PT),Exp,SCR,,,NED,22:00,CSMT,10:07,12h 7m,15,S M T W T F S,2S SL CC 3A 2A 1A,608 km,50 km/hr,17612
12133,Mumbai CSMT - Mangaluru Jn. SF Express (PT),SF,CR,,,CSMT,21:54,MAJN,15:40,17h 46m,14,S M T W T F S,SL 3A 2A,893 km,50 km/hr,12134
19314,Patna - Indore Express (via Sultanpur) (PT),Exp,WR,,,PNBE,11:25,INDB,14:25,27h 0m,16,W F,SL 3A 2A 1A 3E,1357 km,50 km/hr,19313
16590,Rani Chennamma Express (PT),Exp,SWR,,,SLI,15:05,SBC,6:20,15h 15m,25,S M T W T F S,SL 3A 2A 1A 3E,757 km,50 km/hr,16589
16108,Santragachi - Tambaram Amrit Bharat Express,AB,SR,,,SRC,23:55,TBM,9:05,33h 10m,26,S,SL,1668 km,50 km/hr,16107
11632,Dhanbad - Bhopal Express,Exp,WCR,,,DHN,7:20,BPL,7:00,23h 40m,30,S W S,SL 3A 2A 1A 3E,1195 km,50 km/hr,11631
12134,Mangaluru Junction - Mumbai CSMT SF Express (PT),SF,CR,,,MAJN,16:35,CSMT,10:32,17h 57m,14,S M T W T F S,SL 3A 2A,893 km,50 km/hr,12133
17321,Vasco-da-Gama - Jasidih Weekly Express,Exp,SWR,,,VSG,4:30,JSME,7:10,50h 40m,36,F,SL 3A 2A 3E,2555 km,50 km/hr,17322
16553,SMVT Bengaluru - Mumbai LTT Express,Exp,SWR,23-May,,SMVB,20:35,LTT,20:40,24h 5m,15,T S,SL 3A 2A,1208 km,50 km/hr,16554
11046,Deekshabhoomi SF Express (PT),SF,CR,,,DHN,10:20,KOP,12:20,50h 0m,38,M,SL 3A 2A,2504 km,50 km/hr,11045
18029,Mumbai LTT - Shalimar Express (PT),Exp,SER,,,LTT,22:00,SHM,13:00,39h 0m,70,S M T W T F S,SL 3A 2A,1943 km,50 km/hr,18030
17632,Tanakpur - Hazur Sahib Nanded Express (PT),Exp,SCR,14-Jul,,TPU,9:00,NED,16:30,31h 30m,22,T,SL 3A 2A,1659 km,53 km/hr,17631
15047,Purvanchal Express (via Siwan) (PT),Exp,NER,,,KOAA,14:35,GKP,7:55,17h 20m,18,M T T S,SL 3A 2A 1A,860 km,50 km/hr,15048
12366,Ranchi - Patna Jan Shatabdi Express,JShtb,ECR,,,RNC,14:25,PNBE,22:30,8h 5m,11,S M T W T F S,2S CC,407 km,50 km/hr,12365
17630,Hazur Sahib Nanded - Hadapsar Express (PT),Exp,SCR,,,NED,15:30,HDP,4:35,13h 5m,11,S M T W T F S,SL 3A 2A,652 km,50 km/hr,17629
16536,Gol Gumbaz Express (PT),Exp,SWR,,,PVR,13:00,MYS,10:45,21h 45m,31,S M T W T F S,SL 3A 2A 1A,1098 km,50 km/hr,16535
12502,Agartala - Kolkata Garib Rath Express (PT),GR,NFR,,,AGTL,7:00,KOAA,14:35,31h 35m,20,W,3A,1565 km,50 km/hr,12501
17308,Basava Express,Exp,SWR,,,BGK,14:50,MYS,11:15,20h 25m,37,S M T W T F S,SL 3A 2A,1018 km,50 km/hr,17307
16765,Mettupalayam - Tuticorin Express (PT),Exp,SR,,,MTP,19:45,TN,4:15,8h 30m,13,S F,SL 3A 2A,424 km,50 km/hr,16766
17654,Puducherry - Kacheguda Express (PT),Exp,SCR,,,PDY,12:45,KCG,7:55,19h 10m,23,S T F,SL 3A 2A,966 km,50 km/hr,17653
11401,Pune - Supaul Express (PT),Exp,CR,,,PUNE,21:05,SOU,13:15,40h 10m,32,S M T W T F S,SL 3A 2A,1996 km,50 km/hr,11402
18190,Ernakulam Jn. - Tatanagar Express (PT),Exp,SER,,,ERS,7:15,TATA,5:00,45h 45m,50,S M T W T F S,SL 3A 2A 3E,2296 km,50 km/hr,18189
16566,Mangaluru Central - Yesvantpur Weekly Express,Exp,SWR,,,MAQ,20:00,YPR,12:50,16h 50m,18,M,SL 3A 2A,834 km,50 km/hr,16565
16862,Kanniyakumari - Puducherry Express,Exp,SR,,,CAPE,14:30,PDY,4:25,13h 55m,19,M,SL 3A 2A,700 km,50 km/hr,16861
17422,Kollam - Tirupati Express (PT),Exp,SCoR,,,QLN,10:45,TPTY,3:25,16h 40m,17,W S,SL 3A 2A,829 km,50 km/hr,17421
14527,Bathinda - Shri Ganganagar Express (UnReserved),Exp,NR,,,BTI,17:15,SGNR,19:45,2h 30m,5,S M T W T S,,126 km,50 km/hr,14528
19807,Kota - Sirsa Express (Via Loharu),Exp,WCR,,,KOTA,23:45,SSA,13:20,13h 35m,26,S T W F,SL 3A 2A 3E,674 km,50 km/hr,19808
19032,Yoga Express,Exp,WR,,,YNRK,14:55,SBIB,15:20,24h 25m,43,S M T W T F S,SL 3A 2A 1A 3E,1224 km,50 km/hr,19031
14229,Prayagraj Sangam - Yog Nagri Rishikesh Express,Exp,NR,,,PYGS,23:40,YNRK,14:30,14h 50m,16,S T T,SL 3A 2A,744 km,50 km/hr,14230
15045,Gorakhpur - Okha Express (PT),Exp,NER,,,GKP,4:55,OKHA,3:10,46h 15m,38,T,SL 3A 2A 1A,2291 km,50 km/hr,15046
19814,Sirsa - Kota Express (Via Churu),Exp,WCR,,,SSA,16:10,KOTA,5:15,13h 5m,24,S T F,SL 3A 2A 3E,650 km,50 km/hr,19813
12211,Muzaffarpur - Anand Vihar Terminal Garib Rath Express,GR,NR,,,MFP,15:15,ANVT,12:25,21h 10m,13,F,3A,1058 km,50 km/hr,12212
12212,Anand Vihar Terminal - Muzaffarpur Garib Rath Express,GR,NR,,,ANVT,20:55,MFP,18:15,21h 20m,13,W,3A,1058 km,50 km/hr,12211
13147,Uttarbanga Express (PT),Exp,ER,,,SDAH,19:40,BXT,10:45,15h 5m,26,S M T W T F S,SL 3A 2A 1A,749 km,50 km/hr,13148
18512,Visakhapatnam - Koraput Intercity Express,Exp,SCoR,,,VSKP,13:45,KRPU,21:00,7h 15m,9,M F,2S CC,359 km,50 km/hr,18511
15639,Puri - Kamakhya Express (via Adra) (PT),Exp,NFR,,,PURI,14:55,KYQ,21:15,30h 20m,25,T,SL 3A 2A,1520 km,50 km/hr,15640
16861,Puducherry - Kanniyakumari Express,Exp,SR,,,PDY,13:10,CAPE,3:15,14h 5m,20,S,SL 3A 2A,700 km,50 km/hr,16862
14111,Bapudham Express,Exp,NCR,,,MFP,19:30,PRYJ,8:55,13h 25m,21,M W,SL 3A 2A 1A 3E,665 km,50 km/hr,14112
14505,Amritsar - Nangal Dam Express,Exp,NR,,,ASR,14:00,NLDM,19:45,5h 45m,10,S M T W T F S,2S SL CC 3E,287 km,50 km/hr,14506
14503,Kalka - Shri Mata Vaishno Devi Katra Express,Exp,NR,,,KLK,19:35,SVDK,5:05,9h 30m,7,T F,SL 3A 2A,479 km,50 km/hr,14504
16850,Rameswaram - Tiruchchirappalli Express (UnReserved),Exp,SR,,,RMM,14:50,TPJ,20:05,5h 15m,16,S M T W T F S,,264 km,50 km/hr,16849
16116,Puducherry - Chennai Egmore Express,Exp,SR,,,PDY,5:35,MS,9:30,3h 55m,10,S M T W T F S,2S,196 km,50 km/hr,16115
19669,Udaipur City - Patliputra Humsafar Express,Hms,NWR,,,UDZ,12:50,PPTA,20:15,31h 25m,20,W,SL 3A,1563 km,50 km/hr,19670
16335,Gandhidham - Nagercoil Weekly Express (PT),Exp,SR,,,GIMB,10:40,NCJ,9:40,47h 0m,56,F,SL 3A 2A,2343 km,50 km/hr,16336
19271,Bhavnagar Terminus - Haridwar Express (PT),Exp,WR,,,BVC,20:20,HW,3:40,31h 20m,36,M T,SL 3A 2A,1574 km,50 km/hr,19272
14527,Bathinda - Shri Ganganagar Express (UnReserved),Exp,NR,,,BTI,17:15,SGNR,19:45,2h 30m,5,S M T W T S,,126 km,50 km/hr,14528
11061,Pawan Express (PT),Exp,CR,,,LTT,11:30,JYG,2:10,38h 40m,43,S M T W T F S,SL 3A 2A,1942 km,50 km/hr,11062
14112,Bapudham Express,Exp,NCR,,,PRYJ,4:50,MFP,18:10,13h 20m,21,M W,SL 3A 2A 1A 3E,665 km,50 km/hr,14111
22875,Visakhapatnam - Guntur Uday Express,Udy,SCoR,,,VSKP,5:20,GNT,13:00,7h 40m,8,M T W F S,2S CC,381 km,50 km/hr,22876
15672,Rohtak - Kamakhya Amrit Bharat Express,AB,NFR,,,ROK,22:10,KYQ,12:35,38h 25m,29,S,SL,1940 km,50 km/hr,15671
16332,Thiruvananthapuram Central - Mumbai LTT Express (PT),Exp,SR,,,TVC,4:25,LTT,18:50,38h 25m,38,S,SL 3A 2A 3E,1911 km,50 km/hr,16331
13238,Kota - Patna Express (via Ayodhya Cantt) (PT),Exp,ECR,,,KOTA,18:10,PNBE,19:30,25h 20m,28,S T F,SL 3A 2A 1A 3E,1279 km,50 km/hr,13237
17205,Sainagar Shirdi - Kakinada Port Express (PT),Exp,SCoR,,,SNSI,17:00,COA,19:45,26h 45m,37,S T T,SL 3A 2A 1A 3E,1340 km,50 km/hr,17206
14611,Ghazipur City - Shri Mata Vaishno Devi Katra Weekly Express (PT),Exp,NR,,,GCT,8:50,SVDK,12:40,27h 50m,15,F,SL 3A 2A 3E,1387 km,50 km/hr,14612
16330,Mangaluru Jn. - Nagercoil Amrit Bharat Express,AB,SR,,,MAJN,8:00,NCJ,22:05,14h 5m,24,W,SL,705 km,50 km/hr,16329
15051,Purvanchal Express (via Narkatiaganj) (PT),Exp,NER,,,KOAA,14:35,GKP,8:15,17h 40m,21,F,SL 3A 2A 1A,877 km,50 km/hr,15052
11113,Devlali - Bhusaval MEMU Express (UnReserved),Exp,CR,,,DVL,7:20,BSL,12:35,5h 15m,21,S M T W T F S,,263 km,50 km/hr,11114
19413,Ahmedabad - Kolkata Weekly Express (PT),Exp,WR,,,ADI,21:05,KOAA,15:15,42h 10m,27,W,SL 3A 2A,2085 km,49 km/hr,19414
14028,Firozpur Cantt - Jind Express (UnReserved),Exp,NR,,,FZR,15:00,JIND,20:10,5h 10m,13,S M T W T F S,,258 km,50 km/hr,14027
13179,Sealdah - Siuri MEMU Express (UnReserved),Exp,ER,,,SDAH,17:17,SURI,22:17,5h 0m,10,S M T W T F S,,248 km,50 km/hr,13180
16216,Chamundi Express,Exp,SWR,,,SBC,18:25,MYS,21:10,2h 45m,8,S M T W T F S,2S CC,138 km,50 km/hr,16215
13046,Mayurakshi Express,Exp,ER,,,DGHR,3:15,HWH,11:35,8h 20m,25,S M T W T F S,2S 3A,418 km,50 km/hr,13045
11041,Dadar Central - Sainagar Shirdi Express (Via Daund Chord Line),Exp,CR,,,DR,23:55,SNSI,8:40,8h 45m,12,T W T S,SL 3A 2A,439 km,50 km/hr,11042
19319,Veraval - Indore Mahamana Express,Exp,WR,,,VRL,22:20,INDB,17:05,18h 45m,10,W,SL 3A 2A 1A,937 km,50 km/hr,19320
15651,Lohit Express (PT),Exp,NFR,,,GHY,14:00,JAT,13:00,47h 0m,41,M,SL 3A 2A,2346 km,50 km/hr,15652
16344,Amritha Express (PT),Exp,SR,,,RMM,13:30,TVC,5:00,15h 30m,27,S M T W T F S,SL 3A 2A 1A,769 km,50 km/hr,16343
19416,Shri Mata Vaishno Devi Katra - Sabarmati Express,Exp,WR,,,SVDK,10:50,SBIB,21:20,34h 30m,32,T,SL 3A 2A,1716 km,50 km/hr,19415
16022,Kaveri Express (PT),Exp,SR,,,AP,20:40,MAS,6:45,10h 5m,21,S M T W T F S,SL 3A 2A 1A,502 km,50 km/hr,16021
22113,Mumbai LTT - Thiruvananthapuram North (Kochuveli) SF Express (PT),SF,CR,,,LTT,16:45,TVCN,22:45,30h 0m,26,T S,SL 3A 2A,1503 km,50 km/hr,22114
11033,Pune - Darbhanga Express (PT),Exp,CR,,,PUNE,16:15,DBG,7:10,38h 55m,28,W,SL 3A 2A,1943 km,50 km/hr,11034
11632,Dhanbad - Bhopal Express,Exp,WCR,,,DHN,7:20,BPL,7:00,23h 40m,30,S W S,SL 3A 2A 1A 3E,1195 km,50 km/hr,11631
11057,Mumbai CSMT - Amritsar Express (PT),Exp,CR,,,CSMT,23:30,ASR,16:15,40h 45m,78,S M T W T F S,SL 2A 3E,2045 km,50 km/hr,11058
20112,Konkan Kanya SF Express (PT),SF,KR,,,MAO,18:00,CSMT,5:40,11h 40m,17,S M T W T F S,SL 3A 2A 1A 3E,581 km,50 km/hr,20111
16108,Santragachi - Tambaram Amrit Bharat Express,AB,SR,,,SRC,23:55,TBM,9:05,33h 10m,26,S,SL,1668 km,50 km/hr,16107
18449,Baidyanathdham Express (PT),Exp,ECoR,,,PURI,14:55,PNBE,9:35,18h 40m,25,M,SL 3A 2A,931 km,50 km/hr,18450
13127,Kolkata - Ara Garib Rath Express,GR,ER,,,KOAA,20:05,ARA,7:45,11h 40m,13,T T S,3A,585 km,50 km/hr,13128
11034,Darbhanga - Pune Express (PT),Exp,CR,,,DBG,16:35,PUNE,7:15,38h 40m,28,F,SL 3A 2A,1943 km,50 km/hr,11033
14620,Tripura Sundari Express,Exp,NR,,,FZR,13:25,AGTL,23:10,57h 45m,31,M,SL 3A 2A 1A 3E,2890 km,50 km/hr,14619
15654,Jammu Tawi - Guwahati Amarnath Express (PT),Exp,NFR,,,JAT,22:45,GHY,22:55,48h 10m,44,F,SL 3A 2A,2432 km,50 km/hr,15653
12502,Agartala - Kolkata Garib Rath Express (PT),GR,NFR,,,AGTL,7:00,KOAA,14:35,31h 35m,20,W,3A,1565 km,50 km/hr,12501
16526,KSR Bengaluru - Kanniyakumari Express (PT),Exp,SWR,,,SBC,20:10,CAPE,14:50,18h 40m,44,S M T W T F S,SL 3A 2A 1A 3E,929 km,50 km/hr,16525
12201,Mumbai LTT - Thiruvananthapuram North (Kochuveli) Garib Rath Express (PT),GR,SR,,,LTT,16:45,TVCN,22:45,30h 0m,23,M F,CC 3A,1503 km,50 km/hr,12202
15078,Gomti Nagar - Kamakhya Express,Exp,NER,,,GTNR,10:30,KYQ,14:00,27h 30m,13,M,SL 3A 2A,1379 km,50 km/hr,15077
16531,Ajmer - KSR Bengaluru Garib Nawaz Express (PT),Exp,SWR,,,AII,6:15,SBC,2:30,44h 15m,35,M,SL 3A 2A 1A,2221 km,50 km/hr,16532
18010,Ajmer - Santragachi Weekly Express,Exp,SER,,,AII,23:40,SRC,15:00,39h 20m,22,S,SL 3A 2A,1984 km,50 km/hr,18009
12201,Mumbai LTT - Thiruvananthapuram North (Kochuveli) Garib Rath Express (PT),GR,SR,,,LTT,16:45,TVCN,22:45,30h 0m,23,M F,CC 3A,1503 km,50 km/hr,12202
15078,Gomti Nagar - Kamakhya Express,Exp,NER,,,GTNR,10:30,KYQ,14:00,27h 30m,13,M,SL 3A 2A,1379 km,50 km/hr,15077
16531,Ajmer - KSR Bengaluru Garib Nawaz Express (PT),Exp,SWR,,,AII,6:15,SBC,2:30,44h 15m,35,M,SL 3A 2A 1A,2221 km,50 km/hr,16532
16333,Veraval - Thiruvananthapuram Central Express (PT),Exp,SR,,,VRL,6:55,TVC,7:15,48h 20m,57,T,SL 3A 2A 3E,2404 km,50 km/hr,16334
18517,Korba - Visakhapatnam Express (PT),Exp,SCoR,,,KRBA,16:10,VSKP,6:45,14h 35m,28,S M T W T F S,SL 3A 2A 1A 3E,729 km,50 km/hr,18518
16334,Thiruvananthapuram Central - Veraval Express (PT),Exp,SR,,,TVC,15:45,VRL,15:35,47h 50m,55,M,SL 3A 2A 3E,2404 km,50 km/hr,16333
12930,Vadodara - Valsad Intercity SF Express,SF,WR,,,BJW,16:45,BL,20:45,4h 0m,12,S M T W T F S,2S CC,206 km,51 km/hr,12929
19807,Kota - Sirsa Express (Via Loharu),Exp,WCR,,,KOTA,23:45,SSA,13:20,13h 35m,26,S T W F,SL 3A 2A 3E,674 km,50 km/hr,19808
13162,Tebhaga Express (PT),Exp,ER,,,BLGT,5:30,KOAA,14:15,8h 45m,14,M T W T F S,2S SL CC 3A,441 km,50 km/hr,13161
19038,Avadh Express (PT),Exp,WR,,,BJU,7:20,BDTS,4:05,44h 45m,85,S M T W T F S,SL 3A 2A 1A 3E,2255 km,50 km/hr,19037
16833,Mayiladuturai - Tiruchchirappalli MEMU Express (UnReserved),Exp,SR,,,MV,7:50,TPJ,10:15,2h 25m,6,S M T W T F S,,120 km,50 km/hr,16834
12051,Mumbai CSMT - Madgaon Jan Shatabdi Express (PT),JShtb,CR,,,CSMT,5:10,MAO,16:40,11h 30m,9,S M T W T F S,2S CC EV,581 km,50 km/hr,12052
17618,Tapovan Express (PT),Exp,SCR,,,NED,10:05,CSMT,22:08,12h 3m,19,S M T W T F S,2S CC,608 km,50 km/hr,17617
19004,Khandesh Express,Exp,WR,,,BSL,17:40,DDR,5:15,11h 35m,20,S M T W T S,SL 3A 2A 1A,581 km,50 km/hr,19003
13465,Howrah - Malda Town Intercity Express (via Azimganj) (PT),Exp,ER,,,HWH,14:00,MLDT,20:35,6h 35m,14,S M T W T F S,2S 3A,332 km,50 km/hr,13466
12040,New Delhi - Kathgodam Shatabdi Express,Shtb,NR,,,NDLS,6:20,KGM,11:55,5h 35m,7,S M T W T F S,CC Ex,282 km,50 km/hr,12039
15504,Patna - Saharsa Rajya Rani Express,Exp,ECR,,,PNBE,12:20,SHC,16:35,4h 15m,7,S T,CC 3E,214 km,50 km/hr,15503
14621,Hazur Sahib Nanded - Firozpur Cantt. Express (PT),Exp,NR,,,NED,12:10,FZR,4:40,40h 30m,28,S,SL 3A 2A 3E,2023 km,50 km/hr,14622
13179,Sealdah - Siuri MEMU Express (UnReserved),Exp,ER,,,SDAH,17:17,SURI,22:17,5h 0m,10,S M T W T F S,,248 km,50 km/hr,13180
18015,Shalimar - Bhanjpur Express,Exp,SER,,,SHM,16:25,VZR,21:45,5h 20m,13,T S,2S SL,266 km,50 km/hr,18016
11010,Sinhagad Express,Exp,CR,,,PUNE,6:05,CSMT,9:55,3h 50m,8,S M T W T F S,2S CC,192 km,50 km/hr,11009
18010,Ajmer - Santragachi Weekly Express,Exp,SER,,,AII,23:40,SRC,15:00,39h 20m,22,S,SL 3A 2A,1984 km,50 km/hr,18009
18009,Santragachi - Ajmer Weekly Express (PT),Exp,SER,,,SRC,13:00,AII,4:35,39h 35m,22,F,SL 3A 2A,1984 km,50 km/hr,18010
18511,Koraput - Vishakhapatnam InterCity Express,Exp,SCoR,,,KRPU,7:30,VSKP,14:45,7h 15m,9,T S,2S CC,359 km,50 km/hr,18512
18512,Visakhapatnam - Koraput Intercity Express,Exp,SCoR,,,VSKP,13:45,KRPU,21:00,7h 15m,9,M F,2S CC,359 km,50 km/hr,18511
16088,Salem - Arakkonam MEMU Express (UnReserved),Exp,SR,,,SA,15:30,AJJ,20:50,5h 20m,19,M T W T F,,266 km,50 km/hr,16087
12039,Kathgodam - New Delhi Shatabdi Express,Shtb,NR,,,KGM,15:15,NDLS,20:55,5h 40m,7,S M T W T F S,CC Ex,282 km,50 km/hr,12040
16330,Mangaluru Jn. - Nagercoil Amrit Bharat Express,AB,SR,,,MAJN,8:00,NCJ,22:05,14h 5m,24,W,SL,705 km,50 km/hr,16329
15672,Rohtak - Kamakhya Amrit Bharat Express,AB,NFR,,,ROK,22:10,KYQ,12:35,38h 25m,29,S,SL,1940 km,50 km/hr,15671
17209,Seshadri Express (PT),Exp,SCoR,,,SMVB,11:30,CCT,6:30,19h 0m,33,S M T W T F S,SL 3A 2A,951 km,50 km/hr,17210
17210,Seshadri Express (PT),Exp,SCoR,,,CCT,17:25,SMVB,12:25,19h 0m,33,S M T W T F S,SL 3A 2A,951 km,50 km/hr,17209
16108,Santragachi - Tambaram Amrit Bharat Express,AB,SR,,,SRC,23:55,TBM,9:05,33h 10m,26,S,SL,1668 km,50 km/hr,16107
12894,Purunakatak - Bhubaneswar Intercity SF Express,SF,ECoR,,,PUKK,11:25,BBS,21:45,10h 20m,23,S M T W T F S,2S CC,517 km,50 km/hr,12893
22150,Pune - Ernakulam Jn. SF Express (PT),SF,CR,,,PUNE,18:45,ERS,21:55,27h 10m,18,S W,SL 3A 2A,1363 km,50 km/hr,22149
11463,Veraval - Jabalpur Express (via Itarsi) (PT),Exp,WCR,,,VRL,10:10,JBP,14:10,28h 0m,50,S T W T F,SL 3A 2A 1A 3E,1398 km,50 km/hr,11464
11632,Dhanbad - Bhopal Express,Exp,WCR,,,DHN,7:20,BPL,7:00,23h 40m,30,S W S,SL 3A 2A 1A 3E,1195 km,50 km/hr,11631
18401,Bangriposi - Puri Intercity Express (PT),Exp,ECoR,,,BGY,4:00,PURI,11:30,7h 30m,21,S M T W T F S,2S CC,376 km,50 km/hr,18402
15069,Gorakhpur - Aishbagh Intercity Express,Exp,NER,,,GKP,3:45,ASH,10:35,6h 50m,13,S M T W T F S,2S CC,344 km,50 km/hr,15070
19260,Bhavnagar Terminus - Thiruvananthapuram North (Kochuveli) Express (PT),Exp,WR,,,BVC,10:15,TVCN,7:10,44h 55m,40,T,SL 3A 2A,2263 km,50 km/hr,19259
18117,Rourkela - Gunupur Rajya Rani Express (PT),Exp,SER,,,ROU,21:20,GNPR,13:25,16h 5m,24,S M T W T F S,SL 3A 2A,799 km,50 km/hr,18118
15023,Gorakhpur - Yesvantpur Express (via Ayodhya Cantt) (PT),Exp,NER,,,GKP,8:50,YPR,10:30,49h 40m,23,T,SL 3A 2A 1A,2463 km,50 km/hr,15024
16553,SMVT Bengaluru - Mumbai LTT Express,Exp,SWR,23-May,,SMVB,20:35,LTT,20:40,24h 5m,15,T S,SL 3A 2A,1208 km,50 km/hr,16554
15646,Silchar - Charlapalli Express (PT),Exp,NFR,,,SCL,19:10,CHZ,4:20,57h 10m,35,W,SL 3A 2A 3E,2863 km,50 km/hr,15645
16022,Kaveri Express (PT),Exp,SR,,,AP,20:40,MAS,6:45,10h 5m,21,S M T W T F S,SL 3A 2A 1A,502 km,50 km/hr,16021
12056,Dehradun - New Delhi Jan Shatabdi Express,JShtb,NR,,,DDN,5:00,NDLS,11:05,6h 5m,8,S M T W T F S,2S CC,305 km,50 km/hr,12055
17632,Tanakpur - Hazur Sahib Nanded Express (PT),Exp,SCR,14-Jul,,TPU,9:00,NED,16:30,31h 30m,22,T,SL 3A 2A,1659 km,53 km/hr,17631
17321,Vasco-da-Gama - Jasidih Weekly Express,Exp,SWR,,,VSG,4:30,JSME,7:10,50h 40m,36,F,SL 3A 2A 3E,2555 km,50 km/hr,17322
14661,Shalimar Malani Express,Exp,NR,,,BME,0:05,JAT,5:40,29h 35m,60,S M T W T F S,SL 3A 2A 1A,1467 km,50 km/hr,14662
19271,Bhavnagar Terminus - Haridwar Express (PT),Exp,WR,,,BVC,20:20,HW,3:40,31h 20m,36,M T,SL 3A 2A,1574 km,50 km/hr,19272
14662,Shalimar Malani Express,Exp,NR,,,JAT,22:25,BME,4:00,29h 35m,62,S M T W T F S,SL 3A 2A 1A,1467 km,50 km/hr,14661
22875,Visakhapatnam - Guntur Uday Express,Udy,SCoR,,,VSKP,5:20,GNT,13:00,7h 40m,8,M T W F S,2S CC,381 km,50 km/hr,22876
19319,Veraval - Indore Mahamana Express,Exp,WR,,,VRL,22:20,INDB,17:05,18h 45m,10,W,SL 3A 2A 1A,937 km,50 km/hr,19320
14662,Shalimar Malani Express,Exp,NR,,,JAT,22:25,BME,4:00,29h 35m,62,S M T W T F S,SL 3A 2A 1A,1467 km,50 km/hr,14661
18405,Puri - Patna Express,Exp,ECoR,23-May,,PURI,14:55,PNBE,11:15,20h 20m,20,S,SL 3A 2A,1021 km,50 km/hr,18406
15673,Charlapalli - Kamakhya Amrit Bharat Express,AB,NFR,,,CHZ,19:40,KYQ,22:00,50h 20m,41,W,SL,2524 km,50 km/hr,15674
18406,Patna - Puri Express (PT),Exp,ECoR,24-May,,PNBE,13:20,PURI,9:45,20h 25m,20,S,SL 3A 2A,1021 km,50 km/hr,18405
18302,Rayagada - Sambalpur Intercity Express,Exp,ECoR,,,RGDA,13:20,SBP,19:45,6h 25m,19,S M T W T F S,2S SL CC,322 km,50 km/hr,18301
12893,Bhubaneswar - Purunakatak Intercity SF Express,SF,ECoR,,,BBS,6:35,PUKK,17:00,10h 25m,23,S M T W T F S,2S CC,517 km,50 km/hr,12894
13027,Howrah - Azimganj Kaviguru Express,Exp,ER,,,HWH,22:40,AZ,4:15,5h 35m,7,S M T W T F S,SL 3A,279 km,50 km/hr,13028
16779,Tirupati - Rameswaram Express (PT),Exp,SR,,,TPTY,11:55,RMM,4:35,16h 40m,22,M W F S,SL 3A,826 km,50 km/hr,16780
18033,Howrah - Ghatsila MEMU Express (UnReserved),Exp,SER,,,HWH,10:10,GTS,14:25,4h 15m,20,S M T W T F,,212 km,50 km/hr,18034
13012,Malda Town - Howrah Intercity Express (via Rampurhat) (PT),Exp,ER,,,MLDT,4:30,HWH,11:25,6h 55m,17,S M T W T F S,2S CC,343 km,50 km/hr,13011
14503,Kalka - Shri Mata Vaishno Devi Katra Express,Exp,NR,,,KLK,19:35,SVDK,5:05,9h 30m,7,T F,SL 3A 2A,479 km,50 km/hr,14504
15624,Kamakhya - Bhagat ki Kothi Express (PT),Exp,NFR,,,KYQ,17:30,BGKT,20:30,51h 0m,43,F,SL 3A 2A 1A,2540 km,50 km/hr,15623
11008,Deccan Express,Exp,CR,,,PUNE,15:27,CSMT,19:15,3h 48m,9,S M T W T F S,2S CC EV,192 km,50 km/hr,11007
16765,Mettupalayam - Tuticorin Express (PT),Exp,SR,,,MTP,19:45,TN,4:15,8h 30m,13,S F,SL 3A 2A,424 km,50 km/hr,16766
19004,Khandesh Express,Exp,WR,,,BSL,17:40,DDR,5:15,11h 35m,20,S M T W T S,SL 3A 2A 1A,581 km,50 km/hr,19003
12082,Thiruvananthapuram Central - Kannur Jan Shatabdi Express,JShtb,SR,,,TVC,14:50,CAN,0:50,10h 0m,15,S M W T F,2S CC,500 km,50 km/hr,12081
16206,Mysuru - Talguppa Intercity Express,Exp,SWR,,,MYS,6:00,TLGP,13:25,7h 25m,13,S M T W T F S,2S CC,373 km,50 km/hr,16205
13466,Malda Town - Howrah Intercity Express (via Azimganj),Exp,ER,,,MLDT,6:05,HWH,12:40,6h 35m,14,S M T W T F S,2S 3A,332 km,50 km/hr,13465
13054,Kulik Express,Exp,ER,,,RDP,5:30,HWH,15:20,9h 50m,19,S M T W T F S,2S CC 3E EV,487 km,50 km/hr,13053
13465,Howrah - Malda Town Intercity Express (via Azimganj) (PT),Exp,ER,,,HWH,14:00,MLDT,20:35,6h 35m,14,S M T W T F S,2S 3A,332 km,50 km/hr,13466
18421,Puri - Sonepur Weekly Express,Exp,ECoR,,,PURI,19:35,SNPU,5:50,10h 15m,14,T,SL 3A 2A 3E,516 km,50 km/hr,18422
18015,Shalimar - Bhanjpur Express,Exp,SER,,,SHM,16:25,VZR,21:45,5h 20m,13,T S,2S SL,266 km,50 km/hr,18016
11021,Dadar Central - Tirunelveli Chalukya Express (Via SMVT Bengaluru) (PT),Exp,CR,,,DR,21:30,TEN,10:40,37h 10m,36,T W S,SL 3A 2A,1804 km,49 km/hr,11022
19576,Nathdwara - Okha Weekly Express,Exp,WR,,,NDT,20:25,OKHA,19:10,22h 45m,18,T,SL 3A 2A 1A 3E,1123 km,49 km/hr,19575
16620,Dhanbad - Podanur Amrit Bharat Express,AB,SR,,,DHN,14:00,PTJ,11:20,45h 20m,35,M,SL,2202 km,49 km/hr,16619
16226,Shivamogga Town - Mysuru Express (UnReserved),Exp,SWR,,,SMET,11:25,MYS,17:05,5h 40m,14,S M T W T F S,,276 km,49 km/hr,16225
17019,Hisar - Hyderabad Weekly Express (PT),Exp,SCR,,,HSR,7:15,HYB,7:30,48h 15m,43,T,SL 3A 2A 1A,2357 km,49 km/hr,17020
13202,Mumbai LTT - Rajgir Janta Express,Exp,ECR,,,LTT,14:45,RGD,3:25,36h 40m,63,S M T W T F S,SL 3A 2A 1A 3E,1788 km,49 km/hr,13201
15022,Gorakhpur - Shalimar Express,Exp,NER,,,GKP,11:00,SHM,10:05,23h 5m,21,M,SL 3A 2A 1A,1132 km,49 km/hr,15021
25014,Corbett Park Link Express,Exp,NER,,,RMR,22:25,JSM,23:30,25h 5m,32,S M T W T F S,SL 3A 2A,1224 km,49 km/hr,15013-Slip
15643,Puri - Kamakhya Express (via Howrah) (PT),Exp,NFR,,,PURI,22:10,KYQ,5:20,31h 10m,27,S,SL 3A 2A,1520 km,49 km/hr,15644
13146,Radhikapur - Kolkata Express (PT),Exp,ER,,,RDP,20:45,KOAA,6:35,9h 50m,18,S M T W T F S,SL 3A 2A 1A 3E,479 km,49 km/hr,13145
14003,Malda Town - New Delhi Express (PT),Exp,NR,,,MLDT,9:30,NDLS,14:30,29h 0m,22,T S,SL 3A 2A 1A,1424 km,49 km/hr,14004
13026,Bhopal - Howrah Weekly Express,Exp,ER,,,BPL,9:30,HWH,15:15,29h 45m,27,W,SL 3A 2A 3E,1454 km,49 km/hr,13025
15048,Purvanchal Express (via Siwan) (PT),Exp,NER,,,GKP,11:10,KOAA,4:40,17h 30m,18,S M T F,SL 3A 2A 1A,860 km,49 km/hr,15047
15640,Kamakhya - Puri Express (via Adra) (PT),Exp,NFR,,,KYQ,20:10,PURI,2:55,30h 45m,25,S,SL 3A 2A,1520 km,49 km/hr,15639
15904,Chandigarh - Dibrugarh Express (PT),Exp,NFR,,,CDG,23:35,DBRG,5:20,53h 45m,34,S W,SL 3A 2A,2639 km,49 km/hr,15903
17041,Charlapalli - Thiruvananthapuram North Amrit Bharat Express,AB,SCR,,,CHZ,7:15,TVCN,14:45,31h 30m,29,T,SL,1546 km,49 km/hr,17042
13066,Anand Vihar Terminal - Howrah Amrit Bharat Express,AB,ER,,,ANVT,5:15,HWH,10:50,29h 35m,25,S,SL,1455 km,49 km/hr,13065
13187,Maa Tara Express,Exp,ER,,,SDAH,7:20,RPH,11:55,4h 35m,8,S M T W T F S,2S CC 3A,226 km,49 km/hr,13188
13188,Maa Tara Express,Exp,ER,,,RPH,14:10,SDAH,18:45,4h 35m,8,S M T W T F S,2S CC 3A,226 km,49 km/hr,13187
14609,Hemkunt Express,Exp,NR,,,YNRK,17:20,SVDK,7:20,14h 0m,21,S M T W T F S,SL 3A 2A 3E,679 km,49 km/hr,14610
14024,Kurukshetra - Delhi DEMU Express (UnReserved),Exp,NR,,,KKDE,6:00,DLI,11:00,5h 0m,12,M T W T F S,,247 km,49 km/hr,14023
13429,Malda Town - Anand Vihar Terminal Weekly Express (PT),Exp,ER,,,MLDT,9:30,ANVT,14:25,28h 55m,24,F,SL 3A 2A,1412 km,49 km/hr,13430
18524,Banaras - Visakhapatnam Express (PT),Exp,SCoR,,,BNRS,14:50,VSKP,19:45,28h 55m,43,M T,SL 3A 2A 1A 3E,1405 km,49 km/hr,18523
19031,Yoga Express (PT),Exp,WR,,,SBIB,11:25,YNRK,12:25,25h 0m,43,S M T W T F S,SL 3A 2A 1A 3E,1224 km,49 km/hr,19032
15667,Gandhidham - Kamakhya Express (PT),Exp,NFR,,,GIMB,14:05,KYQ,5:20,63h 15m,34,S,SL 3A 2A 1A,3123 km,49 km/hr,15668
14508,Fazilka - Delhi Intercity Express,Exp,NR,,,FKA,2:05,DLI,12:45,10h 40m,26,S M T W T F S,SL CC 3A,522 km,49 km/hr,14507
13429,Malda Town - Anand Vihar Terminal Weekly Express (PT),Exp,ER,,,MLDT,9:30,ANVT,14:25,28h 55m,24,F,SL 3A 2A,1412 km,49 km/hr,13430
14801,Jodhpur - Indore Express (via Chittaurgarh),Exp,NWR,,,JU,8:00,INDB,23:05,15h 5m,34,S M T W T F S,SL 3A,738 km,49 km/hr,14802
14528,Shri Ganganagar - Bathinda Express (UnReserved),Exp,NR,,,SGNR,20:45,BTI,23:20,2h 35m,5,S M T W T S,,126 km,49 km/hr,14527
18524,Banaras - Visakhapatnam Express (PT),Exp,SCoR,,,BNRS,14:50,VSKP,19:45,28h 55m,43,M T,SL 3A 2A 1A 3E,1405 km,49 km/hr,18523
19031,Yoga Express (PT),Exp,WR,,,SBIB,11:25,YNRK,12:25,25h 0m,43,S M T W T F S,SL 3A 2A 1A 3E,1224 km,49 km/hr,19032
15667,Gandhidham - Kamakhya Express (PT),Exp,NFR,,,GIMB,14:05,KYQ,5:20,63h 15m,34,S,SL 3A 2A 1A,3123 km,49 km/hr,15668
14508,Fazilka - Delhi Intercity Express,Exp,NR,,,FKA,2:05,DLI,12:45,10h 40m,26,S M T W T F S,SL CC 3A,522 km,49 km/hr,14507
19307,Indore - Una Himachal Express,Exp,WR,,,INDB,5:30,UHL,8:35,27h 5m,26,T F,SL 3A 2A 1A 3E,1319 km,49 km/hr,19308
15016,Lalkuan - Amritsar Express (via Rudrapur City),Exp,NER,,,LKU,13:40,ASR,2:20,12h 40m,7,T,SL 2A 1A 3E,617 km,49 km/hr,15015
13351,Dhanbad - Alappuzha Express (PT),Exp,ECR,,,DHN,11:35,ALLP,15:15,51h 40m,85,S M T W T F S,SL 3A 2A 1A,2530 km,49 km/hr,13352
13114,Hazarduari Express (PT),Exp,ER,,,LGL,16:50,KOAA,21:25,4h 35m,12,S M T W T F S,2S CC 3A,225 km,49 km/hr,13113
14259,Ekatmata Express (Via MBDD Pratapgarh) (PT),Exp,NR,,,GAYA,18:50,LKO,5:30,10h 40m,12,S,SL 3A 2A 1A,524 km,49 km/hr,14260
14604,Amritsar - Narpatganj Jansadharan Express (UnReserved),Exp,NR,,,ASR,13:25,NPV,23:25,34h 0m,37,W,,1663 km,49 km/hr,14603
18510,SMVT Bengaluru - Visakhapatnam Express,Exp,SCoR,11-May,,SMVB,15:50,VSKP,13:30,21h 40m,16,M,SL 3A 2A 3E,1072 km,49 km/hr,18509
18506,Tirupati - Visakhapatnam Express,Exp,SCoR,,,TPTY,21:50,VSKP,13:30,15h 40m,19,T,SL 3A 2A,764 km,49 km/hr,18505
15068,Bandra Terminus - Gorakhpur Weekly Express (PT),Exp,NER,,,BDTS,0:05,GKP,14:50,38h 45m,28,F,SL 3A 2A 1A,1898 km,49 km/hr,15067
11842,Gita Jayanti Express,Exp,NCR,,,KKDE,15:10,KURJ,8:00,16h 50m,24,S M T W T F S,SL 3A 2A 1A,824 km,49 km/hr,11841
18508,Tirupati - Visakhapatnam Express,Exp,SCoR,,,TPTY,21:50,VSKP,13:30,15h 40m,20,T,SL 3A 2A 3E,764 km,49 km/hr,18507
15070,Aishbagh - Gorakhpur Intercity Express,Exp,NER,,,ASH,16:30,GKP,23:35,7h 5m,13,S M T W T F S,2S CC,344 km,49 km/hr,15069
17001,Sainagar Shirdi - Secunderabad Express (PT),Exp,SCR,,,SNSI,17:00,SC,8:55,15h 55m,20,M S,SL 3A 2A,777 km,49 km/hr,17002
17207,Sainagar Shirdi - Machilipatnam Weekly Express (PT),Exp,SCoR,,,SNSI,17:00,MTM,17:35,24h 35m,34,W,SL 3A 2A 1A,1206 km,49 km/hr,17208
16603,Maveli Express (PT),Exp,SR,,,MAQ,17:40,TVC,6:20,12h 40m,28,S M T W T F S,SL 3A 2A 1A,620 km,49 km/hr,16604
12620,Matsyagandha Express (PT),SF,SR,,,MAQ,12:45,LTT,6:35,17h 50m,19,S M T W T F S,SL 3A 2A 3E,883 km,49 km/hr,12619
15006,Dehradun - Gorakhpur Rapti Ganga Express,Exp,NER,,,DDN,15:15,GKP,7:50,16h 35m,14,T T,SL 3A 2A 1A,814 km,49 km/hr,15005
14024,Kurukshetra - Delhi DEMU Express (UnReserved),Exp,NR,,,KKDE,6:00,DLI,11:00,5h 0m,12,M T W T F S,,247 km,49 km/hr,14023
19560,Okha - Tirupati Weekly Express (PT),Exp,WR,11-May,,OKHA,23:35,TPTY,23:30,47h 55m,37,M,SL 3A 2A,2355 km,49 km/hr,19559
11040,Maharashtra Express (PT),Exp,CR,,,G,8:10,KOP,11:25,27h 15m,52,S M T W T F S,SL 3A 2A,1341 km,49 km/hr,11039
16215,Chamundi Express,Exp,SWR,,,MYS,6:45,SBC,9:35,2h 50m,8,S M T W T F S,2S CC,138 km,49 km/hr,16216
17412,Mahalaxmi Express (PT),Exp,SCoR,,,KOP,20:55,CSMT,7:25,10h 30m,15,S M T W T F S,SL 2A 1A 3E,518 km,49 km/hr,17411
13333,Dumka - Patna Express,Exp,ECR,,,DUMK,14:05,PNBE,21:00,6h 55m,13,S M T W T F S,SL 3A 2A 1A 3E,337 km,49 km/hr,13334
17261,Guntur - Tirupati Express,Exp,SCoR,,,GNT,16:30,TPTY,3:50,11h 20m,18,S M T W T F S,SL 3A 2A,555 km,49 km/hr,17262
19576,Nathdwara - Okha Weekly Express,Exp,WR,,,NDT,20:25,OKHA,19:10,22h 45m,18,T,SL 3A 2A 1A 3E,1123 km,49 km/hr,19575
15652,Lohit Express (PT),Exp,NFR,,,JAT,22:45,GHY,22:55,48h 10m,42,W,SL 3A 2A,2346 km,49 km/hr,15651
13334,Patna - Dumka Express (PT),Exp,ECR,,,PNBE,6:35,DUMK,13:25,6h 50m,13,S M T W T F S,SL 3A 2A 1A 3E,337 km,49 km/hr,13333
17616,Tuticorin - Kacheguda Express (PT),Exp,SCR,8-Apr,,TN,7:40,KCG,13:25,29h 45m,33,W,SL 3A 2A 1A,1446 km,49 km/hr,17615
14887,Rishikesh - Barmer Express,Exp,NWR,,,RKSH,19:40,BME,19:50,24h 10m,42,S M T W T F S,SL 3A 2A,1190 km,49 km/hr,14888
16858,Mangaluru Central - Puducherry Express (Via Tiruchchirappalli) (PT),Exp,SR,,,MAQ,16:35,PDY,10:15,17h 40m,17,S,SL 3A 2A,865 km,49 km/hr,16857
19670,Patliputra - Udaipur City Humsafar Express,Hms,NWR,,,PPTA,0:05,UDZ,8:05,32h 0m,20,F,SL 3A,1563 km,49 km/hr,19669
18250,Hasdeo Express,Exp,SECR,,,KRBA,6:30,R,10:35,4h 5m,7,S M T W T F S,2S CC 3A,199 km,49 km/hr,18249
16343,Amritha Express (PT),Exp,SR,,,TVC,20:30,RMM,12:15,15h 45m,27,S M T W T F S,SL 3A 2A 1A,769 km,49 km/hr,16344
18018,Puri - Bhanjpur Express,Exp,SER,,,PURI,23:50,VZR,6:50,7h 0m,10,S F,2S SL,342 km,49 km/hr,18017
14718,Haridwar - Bikaner Express,Exp,NWR,,,HW,16:25,BKN,7:55,15h 30m,18,T T S,SL 3A,755 km,49 km/hr,14717
13161,Tebhaga Express,Exp,ER,,,KOAA,12:55,BLGT,22:00,9h 5m,14,S M T W T F,2S SL CC 3A,441 km,49 km/hr,13162
19315,Veer Bhumi Express,Exp,WR,,,INDB,18:20,ASV,10:15,15h 55m,31,S M T W T F S,SL 3A 2A 1A,774 km,49 km/hr,19316
16534,KSR Bengaluru - Jodhpur Express (Via Guntakal) (PT),Exp,SWR,,,SBC,17:00,JU,13:50,44h 50m,32,S,SL 3A 2A 1A,2185 km,49 km/hr,16533
16533,Jodhpur - KSR Bengaluru Express (Via Guntakal) (PT),Exp,SWR,,,JU,6:15,SBC,2:30,44h 15m,32,W,SL 3A 2A 1A,2185 km,49 km/hr,16534
16583,Yesvantpur - Latur Express,Exp,SWR,,,YPR,19:15,LUR,12:40,17h 25m,20,W F S,SL 3A 2A 1A,854 km,49 km/hr,16584
11109,Virangana Lakshmibai Jhansi - Lucknow Jn. Intercity Express,Exp,NCR,,,VGLJ,6:05,LJN,12:00,5h 55m,9,S M T W T F S,2S CC 3A 2A,292 km,49 km/hr,11110
11110,Lucknow Jn. - Virangana Lakshmibai Jhansi InterCity Express,Exp,NCR,,,LJN,16:40,VGLJ,22:35,5h 55m,9,S M T W T F S,2S CC 3A 2A,292 km,49 km/hr,11109
15127,Kashi Vishwanath Express (PT),Exp,NER,,,BNRS,13:30,NDLS,5:45,16h 15m,30,S M T W T F S,SL 3A 2A 1A 3E,793 km,49 km/hr,15128
19560,Okha - Tirupati Weekly Express (PT),Exp,WR,11-May,,OKHA,23:35,TPTY,23:30,47h 55m,37,M,SL 3A 2A,2355 km,49 km/hr,19559
18042,MGR Chennai Central - Shalimar Express (PT),Exp,SER,,,MAS,18:45,SHM,4:00,33h 15m,16,T,SL 3A 2A,1644 km,49 km/hr,18041
16617,Rameswaram - Coimbatore Express,Exp,SR,,,RMM,20:15,CBE,6:30,10h 15m,13,W,SL 3A 2A,506 km,49 km/hr,16618
16622,Mangaluru Central - Rameswaram Weekly Express (PT),Exp,SR,,,MAQ,19:30,RMM,10:50,15h 20m,15,S,SL 3A 2A,753 km,49 km/hr,16621
18506,Tirupati - Visakhapatnam Express,Exp,SCoR,,,TPTY,21:50,VSKP,13:30,15h 40m,19,T,SL 3A 2A,764 km,49 km/hr,18505
14218,Unchahar Express,Exp,NR,,,CDG,16:45,PYGS,11:05,18h 20m,39,S M T W T F S,SL 3A 2A 1A 3E,890 km,49 km/hr,14217
17221,Kakinada Port - Mumbai LTT Express (PT),Exp,SCoR,,,COA,9:00,LTT,11:15,26h 15m,22,W S,SL 3A 2A 1A,1296 km,49 km/hr,17222
13334,Patna - Dumka Express (PT),Exp,ECR,,,PNBE,6:35,DUMK,13:25,6h 50m,13,S M T W T F S,SL 3A 2A 1A 3E,337 km,49 km/hr,13333
16341,Guruvayur - Thiruvananthapuram Central InterCity Express,Exp,SR,,,GUV,3:25,TVC,9:40,6h 15m,20,S M T W T F S,2S CC,303 km,49 km/hr,16342
15107,Banaras - Lucknow InterCity Express,Exp,NER,,,BNRS,4:55,LKO,11:05,6h 10m,10,M T W T F S,2S CC,302 km,49 km/hr,15108
18510,SMVT Bengaluru - Visakhapatnam Express,Exp,SCoR,11-May,,SMVB,15:50,VSKP,13:30,21h 40m,16,M,SL 3A 2A 3E,1072 km,49 km/hr,18509
17481,Bilaspur - Tirupati Express (PT),Exp,SCoR,,,BSP,15:35,TPTY,20:05,28h 30m,58,T S,SL 3A 2A,1403 km,49 km/hr,17482
19252,Okha - Veraval Express,Exp,WR,,,OKHA,20:15,VRL,5:15,9h 0m,15,S M T W T F S,SL 3A 2A 1A 3E,437 km,49 km/hr,19251
18508,Tirupati - Visakhapatnam Express,Exp,SCoR,,,TPTY,21:50,VSKP,13:30,15h 40m,20,T,SL 3A 2A 3E,764 km,49 km/hr,18507
16621,Rameswaram - Mangaluru Central Weekly Express,Exp,SR,,,RMM,15:30,MAQ,6:55,15h 25m,15,S,SL 3A 2A,753 km,49 km/hr,16622
13240,Kota - Patna Express (via Sultanpur) (PT),Exp,ECR,,,KOTA,18:10,PNBE,19:30,25h 20m,24,M T W S,SL 3A 2A 1A 3E,1238 km,49 km/hr,13239
19414,Kolkata - Ahmedabad Weekly Express (PT),Exp,WR,,,KOAA,13:10,ADI,7:25,42h 15m,27,S,SL 3A 2A,2085 km,49 km/hr,19413
18521,Tirumala Express (PT),Exp,SCoR,,,VSKP,14:00,GTL,11:30,21h 30m,38,S M T W T F S,SL 3A 2A 1A 3E,1056 km,49 km/hr,18522
16620,Dhanbad - Podanur Amrit Bharat Express,AB,SR,,,DHN,14:00,PTJ,11:20,45h 20m,35,M,SL,2202 km,49 km/hr,16619
17617,Tapovan Express (PT),Exp,SCR,,,CSMT,5:30,NED,18:00,12h 30m,19,S M T W T F S,2S CC,608 km,49 km/hr,17618
19609,Udaipur City - Yog Nagari Rishikesh Express (PT),Exp,NWR,,,UDZ,13:45,YNRK,10:15,20h 30m,36,M T S,SL 3A 2A 3E,998 km,49 km/hr,19610
14528,Shri Ganganagar - Bathinda Express (UnReserved),Exp,NR,,,SGNR,20:45,BTI,23:20,2h 35m,5,S M T W T S,,126 km,49 km/hr,14527
18632,Chopan - Ranchi Express (via Lohardaga),Exp,SER,,,CPU,8:10,RNC,16:00,7h 50m,12,M T S,2S SL CC 3A,386 km,49 km/hr,18631
15268,Mumbai LTT - Raxaul Antyodaya Express (Via Chhapra),Ant,ECR,,,LTT,16:35,RXL,7:50,39h 15m,23,M,,1915 km,49 km/hr,15267
19302,Yesvantpur - Dr. Ambedkar Nagar Weekly Express,Exp,WR,,,YPR,15:45,DADN,7:05,39h 20m,31,T,SL 3A 2A 3E,1932 km,49 km/hr,19301
13115,Sealdah - Jalpaiguri Road Humsafar Express,Hms,ER,,,SDAH,23:40,JPE,11:45,12h 5m,13,F,SL 3A,587 km,49 km/hr,13116
16708,Tirunelveli - Mangaluru Jn. Express (PT),Exp,SR,,,TEN,15:45,MAJN,6:55,15h 10m,20,W,SL 3A 2A,751 km,49 km/hr,16707
13333,Dumka - Patna Express,Exp,ECR,,,DUMK,14:05,PNBE,21:00,6h 55m,13,S M T W T F S,SL 3A 2A 1A 3E,337 km,49 km/hr,13334
15962,Kamrup Express (via Rangapara North) (PT),Exp,NFR,,,DBRG,1:15,HWH,4:40,27h 25m,44,M F,SL 3A 2A,1352 km,49 km/hr,15961
18631,Ranchi - Chopan Express (via Lohardaga),Exp,SER,,,RNC,9:50,CPU,17:40,7h 50m,12,S W F,2S SL CC 3A,386 km,49 km/hr,18632
16217,Mysuru - Sainagar Shirdi Weekly Express,Exp,SWR,,,MYS,5:40,SNSI,10:50,29h 10m,25,M,SL CC 3A 2A 1A,1424 km,49 km/hr,16218
15635,Okha - Guwahati Dwarka Express (PT),Exp,NFR,,,OKHA,12:15,GHY,6:10,65h 55m,42,F,SL 3A 2A,3226 km,49 km/hr,15636
17616,Tuticorin - Kacheguda Express (PT),Exp,SCR,8-Apr,,TN,7:40,KCG,13:25,29h 45m,33,W,SL 3A 2A 1A,1446 km,49 km/hr,17615
18018,Puri - Bhanjpur Express,Exp,SER,,,PURI,23:50,VZR,6:50,7h 0m,10,S F,2S SL,342 km,49 km/hr,18017
17007,Charlapalli - Darbhanga Express (PT),Exp,SCR,,,CHZ,22:50,DBG,13:40,38h 50m,25,T S,SL 3A 2A,1898 km,49 km/hr,17008
14331,Delhi - Kalka Express (via Panipat) (UnReserved),Exp,NR,,,DLI,16:15,KLK,21:40,5h 25m,15,S M T W T F S,,267 km,49 km/hr,14332
19483,Ahmedabad - Saharsa Express (PT),Exp,WR,,,ADI,0:35,SHC,23:00,46h 25m,34,S M T W F S,SL 3A 2A 3E,2275 km,49 km/hr,19484
14718,Haridwar - Bikaner Express,Exp,NWR,,,HW,16:25,BKN,7:55,15h 30m,18,T T S,SL 3A,755 km,49 km/hr,14717
17247,Narasapur - Dharmavaram Express (PT),Exp,SCoR,,,NS,17:55,DMM,10:00,16h 5m,26,S M T W T F S,SL 3A 2A 1A,795 km,49 km/hr,17248
19003,Khandesh Express,Exp,WR,,,DDR,0:05,BSL,12:00,11h 55m,20,S M T W T S,SL 3A 2A 1A,581 km,49 km/hr,19004
19305,Dr. Ambedkar Nagar - Kamakhya Weekly Express (PT),Exp,WR,,,DADN,13:25,KYQ,12:30,47h 5m,36,T,SL 3A 2A 3E,2319 km,49 km/hr,19306
22149,Ernakulam Jn. - Pune SF Express (PT),SF,CR,,,ERS,2:15,PUNE,5:50,27h 35m,18,T F,SL 3A 2A,1363 km,49 km/hr,22150
13432,Balurghat - Nabadwip Dham Express,Exp,ER,,,BLGT,14:30,NDAE,21:15,6h 45m,13,S T W F S,2S,333 km,49 km/hr,13431
19309,Shanti Express (PT),Exp,WR,,,ADI,19:00,INDB,5:45,10h 45m,14,S M T W T F S,SL 3A 2A,526 km,49 km/hr,19310
14802,Indore - Jodhpur Express (via Chittaurgarh),Exp,NWR,,,INDB,4:20,JU,19:30,15h 10m,34,S M T W T F S,SL 3A,738 km,49 km/hr,14801
17041,Charlapalli - Thiruvananthapuram North Amrit Bharat Express,AB,SCR,,,CHZ,7:15,TVCN,14:45,31h 30m,29,T,SL,1546 km,49 km/hr,17042
13066,Anand Vihar Terminal - Howrah Amrit Bharat Express,AB,ER,,,ANVT,5:15,HWH,10:50,29h 35m,25,S,SL,1455 km,49 km/hr,13065
11085,SMVT Bengaluru - Gwalior Weekly Express,Exp,NCR,,,SMVB,15:50,GWL,10:25,42h 35m,23,S,SL 3A 2A 3E,2072 km,49 km/hr,11086
13025,Howrah - Bhopal Weekly Express (PT),Exp,ER,,,HWH,12:35,BPL,18:20,29h 45m,26,M,SL 3A 2A 3E,1454 km,49 km/hr,13026
11012,Dhule - Mumbai CSMT Express,Exp,CR,,,DHI,6:30,CSMT,14:15,7h 45m,12,S M T W T F S,2S CC,383 km,49 km/hr,11011
17005,Hyderabad - Raxaul Express (PT),Exp,SCR,,,HYB,23:10,RXL,17:00,41h 50m,29,T,SL 3A 2A,2070 km,49 km/hr,17006
19020,Haridwar - Bandra Terminus Express,Exp,WR,,,HW,13:30,BDTS,22:30,33h 0m,70,S M T W T F S,SL 3A 2A 1A 3E,1619 km,49 km/hr,19019
18632,Chopan - Ranchi Express (via Lohardaga),Exp,SER,,,CPU,8:10,RNC,16:00,7h 50m,12,M T S,2S SL CC 3A,386 km,49 km/hr,18631
13028,Azimganj - Howrah Kaviguru Express,Exp,ER,,,AZ,8:10,HWH,13:55,5h 45m,9,S M T W T F S,SL,279 km,49 km/hr,13027
16602,Jogbani - Erode Amrit Bharat Express (PT),AB,SR,,,JBN,15:15,ED,7:00,63h 45m,49,S,SL,3129 km,49 km/hr,16601
13329,Ganga Damodar Express,Exp,ECR,,,DHN,23:20,PNBE,5:15,5h 55m,9,S M T W T F S,SL 3A 2A 1A 3E,292 km,49 km/hr,13330
14713,Sikar - Delhi Sarai Rohilla Express,Exp,NWR,,,SIKR,14:25,DEE,20:25,6h 0m,11,W F,SL 3A 2A,291 km,49 km/hr,14714
19670,Patliputra - Udaipur City Humsafar Express,Hms,NWR,,,PPTA,0:05,UDZ,8:05,32h 0m,20,F,SL 3A,1563 km,49 km/hr,19669
17668,Mumbai LTT - Hazur Sahib Nanded Express,Exp,SCR,9-Jul,,LTT,16:55,NED,9:10,16h 15m,11,T,SL 3A 2A 1A,801 km,49 km/hr,17667
16378,Ernakulam Jn. - KSR Bengaluru Intercity Express,Exp,SR,,,ERS,9:05,SBC,21:00,11h 55m,12,S M T W T F S,2S CC,584 km,49 km/hr,16377
15031,Gorakhpur - Lucknow Jn. Intercity Express,Exp,NER,,,GKP,5:45,LJN,11:25,5h 40m,9,S M T W T F S,2S CC,277 km,49 km/hr,15032
16205,Talaguppa - Mysuru Intercity Express,Exp,SWR,,,TLGP,14:50,MYS,22:30,7h 40m,13,S M T W T F S,2S CC,373 km,49 km/hr,16206
18301,Sambalpur - Rayagada Intercity Express,Exp,ECoR,,,SBP,6:05,RGDA,12:40,6h 35m,19,S M T W T F S,2S SL CC,322 km,49 km/hr,18302
14331,Delhi - Kalka Express (via Panipat) (UnReserved),Exp,NR,,,DLI,16:15,KLK,21:40,5h 25m,15,S M T W T F S,,267 km,49 km/hr,14332
17041,Charlapalli - Thiruvananthapuram North Amrit Bharat Express,AB,SCR,,,CHZ,7:15,TVCN,14:45,31h 30m,29,T,SL,1546 km,49 km/hr,17042
15231,Barauni - Gondia Express (PT),Exp,ECR,,,BJU,10:10,G,18:05,31h 55m,36,S M T W T F S,SL 3A 2A 1A 3E,1522 km,48 km/hr,15232
15013,Ranikhet Express,Exp,NER,,,JSM,2:40,KGM,5:05,26h 25m,36,S M T W T F S,SL 3A 2A 1A,1263 km,48 km/hr,15014
14521,Delhi - Ambala Cantt. Intercity Express,Exp,NR,,,DLI,13:10,UMB,18:40,5h 30m,14,S M T W T F S,SL CC 3A,263 km,48 km/hr,14522
18636,Sasaram - Ranchi Intercity Express,Exp,SER,,,SSM,3:15,RNC,10:45,7h 30m,14,S T W T F S,CC,361 km,48 km/hr,18635
14318,Yog Nagari Rishikesh - Laxmi Bai Nagar Express,Exp,NR,,,YNRK,6:15,LMNR,6:05,23h 50m,28,F S,SL 3A 2A 3E,1147 km,48 km/hr,14317
15532,Amritsar - Saharsa Jan Sadharan Express (UnReserved),Exp,ECR,,,ASR,17:45,SHC,3:00,33h 15m,26,M,,1611 km,48 km/hr,15531
14260,Ekatmata Express (Via MBDD Pratapgarh),Exp,NR,,,LKO,23:55,GAYA,10:45,10h 50m,12,S,SL 3A 2A 1A,524 km,48 km/hr,14259
14320,Bareilly - Indore Weekly Express,Exp,NR,,,BE,11:25,INDB,8:55,21h 30m,18,W,SL 3A 2A,1035 km,48 km/hr,14319
18005,Samaleswari Express (PT),Exp,SER,,,HWH,22:10,JDB,22:30,24h 20m,38,S M T W T F S,SL 3A 2A 1A,1162 km,48 km/hr,18006
14110,Kanpur Central - Chitrakutdham Karwi InterCity Express (Via Banda) (UnReserved),Exp,NCR,,,CNB,11:05,CKTD,15:30,4h 25m,10,S M T W T F S,,213 km,48 km/hr,14109
18425,Puri - Durg Express (PT),Exp,ECoR,,,PURI,19:10,DURG,11:55,16h 45m,28,S M T W T F S,SL 3A 2A 1A 3E,797 km,48 km/hr,18426
14004,New Delhi - Malda Town Express,Exp,NR,,,NDLS,18:00,MLDT,23:35,29h 35m,22,S T,SL 3A 2A 1A,1424 km,48 km/hr,14003
18509,Vishakapatnam - SMVT Bengaluru Express (PT),Exp,SCoR,10-May,,VSKP,15:20,SMVB,13:50,22h 30m,16,S,SL 3A 2A 3E,1072 km,48 km/hr,18510
18448,Hirakhand Express,Exp,ECoR,,,JDB,16:00,BBS,8:20,16h 20m,25,S M T W T F S,SL 3A 2A 1A,787 km,48 km/hr,18447
16855,Puducherry - Mangaluru Central Express (Via Salem) (PT),Exp,SR,,,PDY,16:45,MAQ,9:30,16h 45m,20,T,SL 3A 2A,799 km,48 km/hr,16856
15205,Chitrakoot Express,Exp,ECR,,,LJN,17:30,JBP,5:40,12h 10m,18,S M T W T F S,SL 3A 2A 1A 3E,578 km,48 km/hr,15206
18237,Chhattisgarh Express (PT),Exp,SECR,,,KRBA,11:33,ASR,6:55,43h 22m,90,S M T W T F S,SL 3A 2A 1A 3E,2101 km,48 km/hr,18238
15722,Paharia Express (PT),Exp,NFR,,,NJP,19:50,DGHA,11:55,16h 5m,20,F,SL 3A 2A 1A 3E,779 km,48 km/hr,15721
18627,Howrah - Ranchi Intercity Express (Via Adra),Exp,SER,,,HWH,12:50,RNC,22:55,10h 5m,12,S M T,2S CC 3A 3E,480 km,48 km/hr,18628
15279,Poorabiya Express (PT),Exp,ECR,,,SHC,11:30,ANVT,12:00,24h 30m,22,S T,SL 3A 2A 1A 3E,1181 km,48 km/hr,15280
18756,Ambikapur - Shahdol Express,Exp,SECR,,,ABKP,9:00,SDL,13:30,4h 30m,11,S M T W T F S,SL,214 km,48 km/hr,18755
13435,Malda Town - Gomti Nagar Amrit Bharat Express,AB,ER,,,MLDT,20:05,GTNR,15:40,19h 35m,23,T,SL,948 km,48 km/hr,13436
15035-Slip,Uttarakhand Sampark Kranti Express Slip,SKr,NER,,,DLI,16:00,RMR,20:55,4h 55m,5,S M T W T F S,2S CC,238 km,48 km/hr,25036
18613,Ranchi - Chopan Express (via Barkakana) (UnReserved),Exp,SER,,,RNC,7:45,CPU,17:40,9h 55m,19,M T S,,476 km,48 km/hr,18614
18523,Visakhapatnam - Banaras Express (PT),Exp,SCoR,,,VSKP,4:15,BNRS,9:25,29h 10m,43,S W,SL 3A 2A 1A 3E,1405 km,48 km/hr,18524
12257,Yesvantpur - Thiruvananthapuram North (Kochuveli) Garib Rath Express,GR,SWR,,,YPR,20:45,TVCN,13:20,16h 35m,17,S T T,3A,801 km,48 km/hr,12258
15303,Kasganj - New Delhi Intercity Express,Exp,NER,,,KSJ,2:50,NDLS,10:20,7h 30m,18,S M T W T F S,2S CC,359 km,48 km/hr,15304
12258,Thiruvananthapuram North (Kochuveli) - Yesvantpur Garib Rath Express (PT),GR,SWR,,,TVCN,17:00,YPR,9:45,16h 45m,17,M W F,3A,801 km,48 km/hr,12257
11045,Deekshabhoomi SF Express (PT),SF,CR,,,KOP,4:35,DHN,8:45,52h 10m,39,F,SL 3A 2A,2504 km,48 km/hr,11046
16849,Tiruchchirappalli - Rameswaram Express (UnReserved),Exp,SR,,,TPJ,7:05,RMM,12:35,5h 30m,16,S M T W T F S,,264 km,48 km/hr,16850
17070,Kanniyakumari - Hyderabad Express (PT),Exp,SCR,,,CAPE,5:15,HYB,14:30,33h 15m,34,F,SL 3A 2A 1A,1582 km,48 km/hr,17069
16834,Tiruchchirappalli - Mayiladuturai MEMU Express (UnReserved),Exp,SR,,,TPJ,16:20,MV,18:50,2h 30m,6,S M T W T F S,,120 km,48 km/hr,16833
14242,Nauchandi Express,Exp,NR,,,SRE,17:15,PYGS,9:20,16h 5m,27,S M T W T F S,SL 3A 2A 1A,771 km,48 km/hr,14241
15037,Kanpur Anwarganj - Kasganj Express (UnReserved),Exp,NER,,,CPA,11:40,KSJ,16:45,5h 5m,17,S M T W T F S,,245 km,48 km/hr,15038
15925,Deoghar - Dibrugarh Express,Exp,NFR,,,DGHR,19:55,DBRG,23:00,27h 5m,30,T,SL 3A 2A,1294 km,48 km/hr,15926
17392,Sindhanur - KSR Bengaluru Express (PT),Exp,SWR,,,SNNR,13:40,SBC,3:50,14h 10m,47,S M T W T F S,SL,681 km,48 km/hr,17391
19821,Asarva (Ahmedabad) - Kota Express,Exp,WCR,,,ASV,8:55,KOTA,20:50,11h 55m,19,W S,SL 3A 2A 1A 3E,575 km,48 km/hr,19822
16115,Chennai Egmore - Puducherry Express,Exp,SR,,,MS,18:10,PDY,22:15,4h 5m,11,S M T W T F S,2S,196 km,48 km/hr,16116
19623,Madar (Ajmer) - Darbhanga Amrit Bharat Express,AB,NWR,,,MDJN,21:25,DBG,0:55,27h 30m,30,F,SL,1309 km,48 km/hr,19624
13154,Gour Express (PT),Exp,ER,,,MLDT,21:20,SDAH,4:40,7h 20m,10,S M T W T F S,SL 3A 2A 1A,350 km,48 km/hr,13153
17666,Mumbai LTT - Hazur Sahib Nanded Express,Exp,SCR,14-Jul,,LTT,16:35,NED,9:10,16h 35m,12,T,SL 3A 2A 1A,801 km,48 km/hr,17665
16604,Maveli Express (PT),Exp,SR,,,TVC,19:25,MAQ,8:15,12h 50m,29,S M T W T F S,SL 3A 2A 1A,620 km,48 km/hr,16603
11081,Mumbai LTT - Gorakhpur Weekly Express (Via Varanasi) (PT),Exp,CR,,,LTT,16:35,GKP,5:45,37h 10m,20,W,SL 3A 2A,1802 km,48 km/hr,11082
15532,Amritsar - Saharsa Jan Sadharan Express (UnReserved),Exp,ECR,,,ASR,17:45,SHC,3:00,33h 15m,26,M,,1611 km,48 km/hr,15531
14260,Ekatmata Express (Via MBDD Pratapgarh),Exp,NR,,,LKO,23:55,GAYA,10:45,10h 50m,12,S,SL 3A 2A 1A,524 km,48 km/hr,14259
19611,Ajmer - Amritsar Express (via Firozpur Cantt.),Exp,NWR,,,AII,17:50,ASR,14:40,20h 50m,29,T S,SL 3A 2A 3E,1008 km,48 km/hr,19612
14853,Marudhar Express (via Ayodhya Cantt),Exp,NWR,,,BCY,16:40,JU,17:30,24h 50m,37,M W S,SL 3A 2A 3E,1203 km,48 km/hr,14854
11266,Ambikapur - Madan Mahal Intercity Express,Exp,WCR,,,ABKP,6:15,MML,15:20,9h 5m,13,S M T W T F S,2S CC 3A,432 km,48 km/hr,11265
11039,Maharashtra Express (PT),Exp,CR,,,KOP,14:50,G,18:35,27h 45m,53,S M T W T F S,SL 3A 2A,1341 km,48 km/hr,11040
18004,Rani Shiromoni Express (UnReserved),Exp,SER,,,ADRA,4:30,HWH,10:25,5h 55m,26,S M T W T F S,,283 km,48 km/hr,18003
14320,Bareilly - Indore Weekly Express,Exp,NR,,,BE,11:25,INDB,8:55,21h 30m,18,W,SL 3A 2A,1035 km,48 km/hr,14319
11042,Sainagar Shirdi - Dadar Central Express (via Daund Chord Line),Exp,CR,,,SNSI,21:25,DR,6:35,9h 10m,12,S W T F,SL 3A 2A,439 km,48 km/hr,11041
19256,Mahuva - Surat Express,Exp,WR,,,MHV,17:30,ST,6:35,13h 5m,14,S M T W F,SL 3A 2A 1A,631 km,48 km/hr,19255
15231,Barauni - Gondia Express (PT),Exp,ECR,,,BJU,10:10,G,18:05,31h 55m,36,S M T W T F S,SL 3A 2A 1A 3E,1522 km,48 km/hr,15232
15711,Howrah - Katihar Weekly Express,Exp,NFR,,,HWH,22:00,KIR,6:50,8h 50m,9,T,SL 3A 2A,424 km,48 km/hr,15712
14865,Marudhar Express (Via MBDD Pratapgarh),Exp,NWR,,,BCY,16:40,JU,17:30,24h 50m,34,T,SL 3A 2A 3E,1181 km,48 km/hr,14866
16594,Hazur Sahib Nanded - KSR Bengaluru Express (PT),Exp,SWR,,,NED,6:30,SBC,4:10,21h 40m,34,S M T W T F S,SL 3A 2A,1039 km,48 km/hr,16593
19054,Muzaffarpur - Surat Express (PT),Exp,WR,,,MFP,20:10,ST,16:55,44h 45m,27,S,SL 3A 2A 1A,2140 km,48 km/hr,19053
19053,Surat - Muzaffarpur Express (PT),Exp,WR,,,ST,7:35,MFP,4:30,44h 55m,27,F,SL 3A 2A 1A,2140 km,48 km/hr,19054
17206,Kakinada Port - Sainagar Shirdi Express (PT),Exp,SCoR,,,COA,5:05,SNSI,9:10,28h 5m,33,M W S,SL 3A 2A 1A 3E,1340 km,48 km/hr,17205
18404,Dhanbad - Bhubaneswar Express (PT),Exp,ECoR,,,DHN,16:00,BBS,8:15,16h 15m,13,S M T W T F S,SL 3A 2A,779 km,48 km/hr,18403
13122,Ghazipur City - Kolkata Weekly Express,Exp,ER,,,GCT,13:55,KOAA,5:30,15h 35m,13,M,SL 3A 2A 3E,743 km,48 km/hr,13121
11027,Dadar Central - Satara Express,Exp,CR,,,DR,23:55,STR,14:10,14h 15m,27,S M F,SL 3A 2A,690 km,48 km/hr,11028
12527,Chhapra - Anand Vihar Terminal SF Express (PT),SF,NER,28-Jun,,CPR,20:50,ANVT,14:00,17h 10m,10,S,SL 3A 2A 1A 3E,1002 km,58 km/hr,12528
16315,Mysuru - Thiruvananthapuram North (Kochuveli) Express,Exp,SR,,,MYS,13:15,TVCN,9:15,20h 0m,25,S M T W T F S,SL 3A 2A 3E,961 km,48 km/hr,16316
13435,Malda Town - Gomti Nagar Amrit Bharat Express,AB,ER,,,MLDT,20:05,GTNR,15:40,19h 35m,23,T,SL,948 km,48 km/hr,13436
11126,Gwalior - Ratlam InterCity Express (PT),Exp,NCR,,,GWL,19:50,RTM,10:00,14h 10m,16,M T T F,SL 3A 2A 1A 3E,680 km,48 km/hr,11125
11125,Ratlam - Gwalior InterCity Express (PT),Exp,NCR,,,RTM,17:25,GWL,7:37,14h 12m,16,S M W T,SL 3A 2A 1A 3E,680 km,48 km/hr,11126
15018,Kashi Express (PT),Exp,NER,,,GKP,5:45,LTT,17:30,35h 45m,68,S M T W T F S,SL 3A 2A 1A,1707 km,48 km/hr,15017
16527,Yesvantpur - Kannur Express (PT),Exp,SWR,,,YPR,20:00,CAN,9:45,13h 45m,17,S M T W T F S,SL 3A 2A,660 km,48 km/hr,16528
19328,Udaipur City - Ratlam Express (UnReserved),Exp,WCR,,,UDZ,1:35,RTM,7:50,6h 15m,14,S M T W T F S,,302 km,48 km/hr,19327
15707,Amrapali Express (PT),Exp,NFR,,,KIR,22:45,ASR,12:40,37h 55m,55,S M T W T F S,SL 3A 2A 3E,1805 km,48 km/hr,15708
16528,Kannur - Yesvantpur Express (PT),Exp,SWR,,,CAN,18:05,YPR,7:50,13h 45m,17,S M T W T F S,SL 3A 2A,660 km,48 km/hr,16527
13165,Kolkata - Sitamarhi Express (PT),Exp,ER,,,KOAA,23:35,SMI,12:20,12h 45m,13,S,SL 3A 2A 3E,608 km,48 km/hr,13166
14605,Yog Nagari Rishikesh - Jammu Tawi Express,Exp,NR,,,YNRK,15:45,JAT,3:20,11h 35m,14,M,SL 3A 1A 3E,558 km,48 km/hr,14606
13018,Ganadevta Express,Exp,ER,,,AZ,16:00,HWH,21:50,5h 50m,13,S M T W T F S,2S SL CC 3A,279 km,48 km/hr,13017
18007,Simlipal Intercity Express (UnReserved),Exp,SER,,,SHM,16:15,VZR,21:45,5h 30m,13,M T W,,266 km,48 km/hr,18008
13053,Kulik Express (PT),Exp,ER,,,HWH,8:55,RDP,19:00,10h 5m,19,S M T W T F S,2S CC 3E EV,487 km,48 km/hr,13054
14013,Sultanpur - Anand Vihar Terminal Sadbhavana Express,Exp,NR,,,SLN,15:30,ANVT,4:45,13h 15m,13,S T,SL 3A 2A 1A 3E,636 km,48 km/hr,14014
17015,Visakha Express (PT),Exp,SCR,,,BBSN,8:00,SC,7:45,23h 45m,41,S M T W T F S,SL 3A 2A 1A,1148 km,48 km/hr,17016
10109,Madgaon - Karwar Express,Exp,SWR,11-Jun,,MAO,16:30,KAWR,17:45,1h 15m,1,S M T W T F S,SL 3A 2A 1A 3E,60 km,48 km/hr,10110
16560,Bidar - SMVT Bengaluru Express (Via Kalaburagi),Exp,SWR,16-May,,BIDR,14:00,SMVB,4:00,14h 0m,14,M S,SL 3A 2A,673 km,48 km/hr,16559
16780,Rameswaram - Tirupati Express (PT),Exp,SR,,,RMM,16:55,TPTY,10:10,17h 15m,22,S T T F,SL 3A,826 km,48 km/hr,16779
13514,Hatia - Asansol Express (UnReserved),Exp,ER,,,HTE,14:45,ASN,23:45,9h 0m,15,S M W T S,,436 km,48 km/hr,13513
14310,Ujjaini Express,Exp,NR,,,YNRK,6:15,LMNR,6:05,23h 50m,29,T W,SL 3A 2A 3E,1147 km,48 km/hr,14309
14310,Ujjaini Express,Exp,NR,,,YNRK,6:15,LMNR,6:05,23h 50m,29,T W,SL 3A 2A 3E,1147 km,48 km/hr,14309
22114,Thiruvananthapuram North (Kochuveli) - Mumbai LTT SF Express (PT),SF,CR,,,TVCN,0:55,LTT,8:00,31h 5m,26,M T,SL 3A 2A,1503 km,48 km/hr,22113
16865,Uzhavan Express (PT),Exp,SR,,,MS,22:25,TJ,5:45,7h 20m,14,S M T W T F S,SL 3A 2A 1A,351 km,48 km/hr,16866
11302,Udyan Express (PT),Exp,CR,,,SBC,20:40,CSMT,20:15,23h 35m,31,S M T W T F S,SL 3A 2A 1A 3E,1136 km,48 km/hr,11301
16236,Mysuru - Tuticorin Express,Exp,SWR,,,MYS,18:20,TN,10:25,16h 5m,29,S M T W T F S,SL CC 3A 2A,776 km,48 km/hr,16235
17027,Hundry Express,Exp,SCR,,,HYB,16:20,KRNT,21:35,5h 15m,13,S M T W T F S,2S CC,253 km,48 km/hr,17028
19251,Veraval - Okha Express,Exp,WR,,,VRL,23:05,OKHA,8:15,9h 10m,15,S M T W T F S,SL 3A 2A 1A 3E,437 km,48 km/hr,19252
16870,Villupuram - Tirupati MEMU Express (UnReserved),Exp,SR,,,VM,17:40,TPTY,23:10,5h 30m,15,S M T W T F S,,265 km,48 km/hr,
17479,Puri - Tirupati Express (PT),Exp,SCoR,,,PURI,18:30,TPTY,20:05,25h 35m,58,S M W T F,SL 3A 2A,1233 km,48 km/hr,17480
12052,Madgaon - Mumbai CSMT Jan Shatabdi Express,JShtb,CR,,,MAO,12:00,CSMT,0:10,12h 10m,9,S M T W T F S,2S CC EV,581 km,48 km/hr,12051
15135,Chhapra - Amritsar Express,Exp,NER,,,CPR,10:15,ASR,13:50,27h 35m,18,F,SL 3A 2A 1A 3E,1313 km,48 km/hr,15136
15013-Slip,Corbett Park Link Express,Exp,NER,,,JSM,2:40,RMR,4:15,25h 35m,32,S M T W T F S,SL 3A 2A,1224 km,48 km/hr,25014
17024,Tungabhadra Express,Exp,SCR,,,KRNT,15:00,KCG,19:55,4h 55m,11,S M T W T F S,2S 3A,236 km,48 km/hr,17023
22629,Mumbai LTT - Tirunelveli SF Express (via Konkan) (PT),SF,SR,,,LTT,20:45,TEN,9:00,36h 15m,26,T,SL 3A 2A 3E,1744 km,48 km/hr,22630
18522,Tirumala Express (PT),Exp,SCoR,,,GTL,13:30,VSKP,11:30,22h 0m,41,S M T W T F S,SL 3A 2A 1A 3E,1056 km,48 km/hr,18521
13122,Ghazipur City - Kolkata Weekly Express,Exp,ER,,,GCT,13:55,KOAA,5:30,15h 35m,13,M,SL 3A 2A 3E,743 km,48 km/hr,13121
10109,Madgaon - Karwar Express,Exp,SWR,11-Jun,,MAO,16:30,KAWR,17:45,1h 15m,1,S M T W T F S,SL 3A 2A 1A 3E,60 km,48 km/hr,10110
19623,Madar (Ajmer) - Darbhanga Amrit Bharat Express,AB,NWR,,,MDJN,21:25,DBG,0:55,27h 30m,30,F,SL,1309 km,48 km/hr,19624
11005,Dadar Central - Puducherry Express (PT),Exp,CR,,,DR,21:30,PDY,7:15,33h 45m,38,S M F,SL 3A 2A,1636 km,48 km/hr,11006
17410,Hazur Sahib Nanded - Adilabad Intercity Express,Exp,SCoR,,,NED,15:05,ADB,18:55,3h 50m,7,S M T W T F S,SL 3A,185 km,48 km/hr,17409
14629,Sutlej Express (UnReserved),Exp,NR,,,CDG,4:55,FZR,9:50,4h 55m,10,S M T W T F S,,236 km,48 km/hr,14630
15097,Bhagalpur - Jammu Tawi Amarnath Express (PT),Exp,NER,,,BGP,23:55,JAT,13:00,37h 5m,30,T,SL 3A 2A 1A,1780 km,48 km/hr,15098
11652,Singrauli - Madan Mahal Intercity Express,Exp,WCR,,,SGRL,4:40,MML,12:05,7h 25m,14,S M T W T F S,2S CC 3A,352 km,48 km/hr,11651
11009,Sinhagad Express,Exp,CR,,,CSMT,17:50,PUNE,21:50,4h 0m,9,S M T W T F S,2S CC,192 km,48 km/hr,11010
13071,Howrah - Jamalpur Express (PT),Exp,ER,,,HWH,21:30,JMP,7:15,9h 45m,19,S M T W T F S,SL 3A 2A 1A 3E,467 km,48 km/hr,13072
14681,Delhi - Jalandhar City Intercity Express,Exp,NR,,,DLI,14:35,JUC,23:40,9h 5m,20,S M T W T F S,2S CC,433 km,48 km/hr,14682
16087,Arakkonam - Salem MEMU Express (UnReserved),Exp,SR,,,AJJ,5:15,SA,10:50,5h 35m,19,M T W T F,,266 km,48 km/hr,16088
17612,Mumbai CSMT - Hazur Sahib Nanded Rajya Rani Express,Exp,SCR,,,CSMT,18:45,NED,7:20,12h 35m,14,S M T W T F S,2S SL CC 3A 2A 1A,608 km,48 km/hr,17611
16560,Bidar - SMVT Bengaluru Express (Via Kalaburagi),Exp,SWR,16-May,,BIDR,14:00,SMVB,4:00,14h 0m,14,M S,SL 3A 2A,673 km,48 km/hr,16559
19608,Madar (Ajmer) - Kolkata Express,Exp,NWR,,,MDJN,23:15,KOAA,16:40,41h 25m,31,M,SL 3A 2A 3E,1978 km,48 km/hr,19607
19607,Kolkata - Madar (Ajmer) Express (PT),Exp,NWR,,,KOAA,11:25,MDJN,5:00,41h 35m,31,T,SL 3A 2A 3E,1978 km,48 km/hr,19608
17238,Chennai Central Suburban - Bitragunta MEMU Express,Exp,SCoR,,,MASS,16:30,BTTR,20:55,4h 25m,11,M T W T F,2S,210 km,48 km/hr,17237
16350,Nilambur Road - Thiruvananthapuram North (Kochuveli) Rajya Rani Express (PT),Exp,SR,,,NIL,21:30,TVCN,5:35,8h 5m,20,S M T W T F S,SL 3A 2A,384 km,48 km/hr,16349
19324,Bhopal - Dr. Ambedkar Nagar Intercity Express,Exp,WR,,,BPL,17:10,DADN,22:05,4h 55m,8,S M T W T F S,2S CC,238 km,48 km/hr,19323
13352,Alappuzha - Dhanbad Express (PT),Exp,ECR,,,ALLP,6:00,DHN,10:50,52h 50m,88,S M T W T F S,SL 3A 2A 1A,2530 km,48 km/hr,13351
19616,Kamakhya - Udaipur City Kavi Guru Express (PT),Exp,NWR,,,KYQ,18:00,UDZ,0:48,54h 48m,43,T,SL 3A 2A 3E,2610 km,48 km/hr,19615
19119,Gandhinagar Capital - Veraval InterCity Express,Exp,WR,,,GNC,10:20,VRL,19:30,9h 10m,16,S M T W T F S,CC,443 km,48 km/hr,19120
17058,Devagiri Express (PT),Exp,SCoR,,,LPI,12:25,CSMT,7:10,18h 45m,27,S M T W T F S,SL 3A 2A 1A 3E,903 km,48 km/hr,17057
17063,Ajanta Express (PT),Exp,SCR,,,MMR,20:40,KCG,9:45,13h 5m,20,S M T W T F S,SL 3A 2A 1A,626 km,48 km/hr,17064
18118,Gunupur - Rourkela Rajya Rani Express,Exp,SER,,,GNPR,15:45,ROU,8:30,16h 45m,24,S M T W T F S,SL 3A 2A,799 km,48 km/hr,18117
15961,Kamrup Express (Via Rangapara North) (PT),Exp,NFR,,,HWH,18:35,DBRG,23:00,28h 25m,43,M F,SL 3A 2A,1352 km,48 km/hr,15962
16305,Ernakulam Jn. - Kannur Intercity Express,Exp,SR,,,ERS,6:00,CAN,11:50,5h 50m,15,S M T W T F S,2S CC,282 km,48 km/hr,16306
16180,Mannai Express (PT),Exp,SR,,,MQ,22:50,MS,6:20,7h 30m,10,S M T W T F S,SL 3A 2A 1A,357 km,48 km/hr,16179
16179,Mannai Express (PT),Exp,SR,,,MS,22:55,MQ,6:20,7h 25m,9,S M T W T F S,SL 3A 2A 1A,357 km,48 km/hr,16180
15005,Gorakhpur - Dehradun Rapti Ganga Express (PT),Exp,NER,,,GKP,21:15,DDN,14:15,17h 0m,14,W F,SL 3A 2A 1A,814 km,48 km/hr,15006
19328,Udaipur City - Ratlam Express (UnReserved),Exp,WCR,,,UDZ,1:35,RTM,7:50,6h 15m,14,S M T W T F S,,302 km,48 km/hr,19327
18304,Puri - Sambalpur Intercity Express,Exp,ECoR,,,PURI,15:45,SBP,22:55,7h 10m,13,S M T W T F S,2S CC,342 km,48 km/hr,18303
17392,Sindhanur - KSR Bengaluru Express (PT),Exp,SWR,,,SNNR,13:40,SBC,3:50,14h 10m,47,S M T W T F S,SL,681 km,48 km/hr,17391
16780,Rameswaram - Tirupati Express (PT),Exp,SR,,,RMM,16:55,TPTY,10:10,17h 15m,22,S T T F,SL 3A,826 km,48 km/hr,16779
13435,Malda Town - Gomti Nagar Amrit Bharat Express,AB,ER,,,MLDT,20:05,GTNR,15:40,19h 35m,23,T,SL,948 km,48 km/hr,13436
15005,Gorakhpur - Dehradun Rapti Ganga Express (PT),Exp,NER,,,GKP,21:15,DDN,14:15,17h 0m,14,W F,SL 3A 2A 1A,814 km,48 km/hr,15006
18304,Puri - Sambalpur Intercity Express,Exp,ECoR,,,PURI,15:45,SBP,22:55,7h 10m,13,S M T W T F S,2S CC,342 km,48 km/hr,18303
16780,Rameswaram - Tirupati Express (PT),Exp,SR,,,RMM,16:55,TPTY,10:10,17h 15m,22,S T T F,SL 3A,826 km,48 km/hr,16779
14013,Sultanpur - Anand Vihar Terminal Sadbhavana Express,Exp,NR,,,SLN,15:30,ANVT,4:45,13h 15m,13,S T,SL 3A 2A 1A 3E,636 km,48 km/hr,14014
17392,Sindhanur - KSR Bengaluru Express (PT),Exp,SWR,,,SNNR,13:40,SBC,3:50,14h 10m,47,S M T W T F S,SL,681 km,48 km/hr,17391
13053,Kulik Express (PT),Exp,ER,,,HWH,8:55,RDP,19:00,10h 5m,19,S M T W T F S,2S CC 3E EV,487 km,48 km/hr,13054
18007,Simlipal Intercity Express (UnReserved),Exp,SER,,,SHM,16:15,VZR,21:45,5h 30m,13,M T W,,266 km,48 km/hr,18008
15014,Ranikhet Express,Exp,NER,,,KGM,20:35,JSM,23:30,26h 55m,36,S M T W T F S,SL 3A 2A 1A,1263 km,47 km/hr,15013
11022,Tirunelveli - Dadar Central Chalukya Express (Via SMVT Bengaluru) (PT),Exp,CR,,,TEN,15:45,DR,5:45,38h 0m,35,M T F,SL 3A 2A,1804 km,47 km/hr,11021
12501,Kolkata - Agartala Garib Rath Express (PT),GR,NFR,,,KOAA,21:45,AGTL,6:55,33h 10m,20,S,3A,1565 km,47 km/hr,12502
15021,Shalimar - Gorakhpur Express (PT),Exp,NER,,,SHM,19:50,GKP,19:50,24h 0m,21,T,SL 3A 2A 1A,1132 km,47 km/hr,15022
18107,Rourkela - Jagdalpur Intercity Express,Exp,SER,,,ROU,17:55,JDB,10:00,16h 5m,17,S M T W T F S,SL 3A 2A,751 km,47 km/hr,18108
19424,Bhagalpur - Ahmedabad Amrit Bharat Express,AB,WR,28-Aug,,BGP,16:45,ADI,5:25,36h 40m,27,F,SL,1981 km,54 km/hr,19423
15304,New Delhi - Kasganj Intercity Express,Exp,NER,,,NDLS,16:35,KSJ,0:10,7h 35m,18,S M T W T F S,2S CC,359 km,47 km/hr,15303
18447,Hirakhand Express (PT),Exp,ECoR,,,BBS,19:35,JDB,12:15,16h 40m,25,S M T W T F S,SL 3A 2A 1A,787 km,47 km/hr,18448
17307,Basava Express,Exp,SWR,,,MYS,13:25,BGK,10:55,21h 30m,37,S M T W T F S,SL CC 3A 2A,1018 km,47 km/hr,17308
14714,Delhi Sarai Rohilla - Sikar Express,Exp,NWR,,,DEE,6:35,SIKR,12:50,6h 15m,11,W F,SL 3A 2A,291 km,47 km/hr,14713
15721,Paharia Express (PT),Exp,NFR,,,DGHA,17:05,NJP,9:30,16h 25m,20,S,SL 3A 2A 1A 3E,779 km,47 km/hr,15722
14053,Himachal Express,Exp,NR,,,DLI,22:50,KRTP,7:50,9h 0m,24,S M T W T F S,SL 3A 2A 1A,425 km,47 km/hr,14054
18238,Chhattisgarh Express (PT),Exp,SECR,,,ASR,15:55,BSP,10:55,43h 0m,83,S M T W T F S,SL 3A 2A 1A 3E,2011 km,47 km/hr,18237
13380,Mumbai LTT - Dhanbad Weekly Express,Exp,ECR,,,LTT,16:55,DHN,8:00,39h 5m,28,W,SL 3A 2A 3E,1844 km,47 km/hr,13379
13190,Balurghat - Sealdah Express (PT),Exp,ER,,,BLGT,19:00,SDAH,4:25,9h 25m,13,S M T W T F S,SL 3A 2A 1A 3E,445 km,47 km/hr,13189
17415,Haripriya Express (PT),Exp,SCoR,,,TPTY,21:30,KOP,16:35,19h 5m,27,S M T W T F S,SL 3A 2A 1A 3E,904 km,47 km/hr,17416
16564,Kalaburagi - Bengaluru Cantt. Express,Exp,SWR,17-May,,KLBG,11:20,BNC,23:00,11h 40m,12,S,SL,553 km,47 km/hr,16563
14523,Harihar Express (PT),Exp,NR,,,BJU,5:05,UMB,8:40,27h 35m,21,M T,SL 3A,1304 km,47 km/hr,14524
14524,Harihar Express,Exp,NR,,,UMB,22:20,BJU,2:10,27h 50m,21,T S,SL 3A,1304 km,47 km/hr,14523
17363,SSS Hubballi - Yog Nagari Rishikesh Express,Exp,SWR,6-Jul,,UBL,19:45,YNRK,23:30,51h 45m,30,M,SL 3A 2A,2420 km,47 km/hr,17364
19702,Sainik Express,Exp,NWR,,,DEC,0:07,JP,8:30,8h 23m,20,S M T W T F S,SL 3A 2A 1A,392 km,47 km/hr,19701
16591,Hampi Express,Exp,SWR,,,UBL,18:30,MYS,8:55,14h 25m,26,S M T W T F S,SL 3A 2A 1A,678 km,47 km/hr,16592
16345,Netravati Express (PT),Exp,SR,,,LTT,11:40,TVC,19:35,31h 55m,47,S M T W T F S,SL 3A 2A 3E,1498 km,47 km/hr,16346
16346,Netravati Express (PT),Exp,SR,,,TVC,9:15,LTT,17:05,31h 50m,47,S M T W T F S,SL 3A 2A 3E,1498 km,47 km/hr,16345
16867,Villupuram - Dindigul Intercity Express (UnReserved),Exp,SR,,,VM,16:30,DG,22:15,5h 45m,23,S M T W T F S,,272 km,47 km/hr,16868
16868,Dindigul - Villupuram Intercity Express (UnReserved),Exp,SR,,,DG,5:30,VM,11:15,5h 45m,23,S M T W T F S,,272 km,47 km/hr,16867
16231,Cuddalore Port - Mysuru Express (PT),Exp,SWR,,,CUPJ,16:30,MYS,8:35,16h 5m,25,S M T W T F S,SL CC 3A 2A,753 km,47 km/hr,16232
15933,New Tinsukia - Amritsar Express (PT),Exp,NFR,,,NTSK,9:45,ASR,21:05,59h 20m,40,T,SL 3A 2A 1A,2812 km,47 km/hr,15934
14123,MBDD Pratapgarh - Kanpur Central InterCity Express (UnReserved),Exp,NCR,,,MBDP,4:25,CNB,9:40,5h 15m,13,S M T W T F S,,245 km,47 km/hr,14124
14010,Champaran Satyagrah Express,Exp,NR,,,ANVT,23:45,BMKI,20:10,20h 25m,16,M W S,SL 3A 1A 3E,965 km,47 km/hr,14009
15049,Purvanchal Express (Via Mau) (PT),Exp,NER,,,KOAA,14:35,GKP,9:25,18h 50m,24,S W,SL 3A 2A 1A,883 km,47 km/hr,15050
14863,Marudhar Express (Via Sultanpur),Exp,NWR,,,BCY,16:40,JU,17:30,24h 50m,33,S T F,SL 3A 2A 3E,1163 km,47 km/hr,14864
19224,Jammu Tawi - Sabarmati Express,Exp,WR,,,JAT,6:05,SBIB,14:05,32h 0m,52,S M T W T F S,SL 3A 2A,1491 km,47 km/hr,19223
14854,Marudhar Express (via Ayodhya Cantt),Exp,NWR,,,JU,8:35,BCY,10:00,25h 25m,38,M T S,SL 3A 2A 3E,1203 km,47 km/hr,14853
17004,Ramgiri MEMU Express (UnReserved),Exp,SCR,,,BPQ,16:00,KZJ,21:00,5h 0m,18,S M T W T F S,,235 km,47 km/hr,17003
17036,Balharshah - Kazipet Express (UnReserved),Exp,SCR,,,BPQ,3:50,KZJ,8:50,5h 0m,14,S M T W T F S,,235 km,47 km/hr,17035
19304,Bhopal - Indore Express,Exp,WR,,,BPL,23:10,INDB,4:45,5h 35m,12,S M T W T F S,SL 3A,263 km,47 km/hr,19303
17619,Chhatrapati Sambhaji Nagar - Hazur Sahib Nanded Weekly Express,Exp,SCR,,,CPSN,23:30,NED,4:30,5h 0m,3,S,SL 3A 2A,236 km,47 km/hr,17620
17216,Dharmavaram - Machilipatnam Express (PT),Exp,SCoR,,,DMM,17:50,MTM,8:35,14h 45m,20,S M T W T F S,SL 3A 2A,694 km,47 km/hr,17215
15559,Darbhanga - Ahmedabad Antyodaya Express,Ant,ECR,,,DBG,16:35,ADI,7:25,38h 50m,26,W,,1837 km,47 km/hr,15560
17201,Golconda Express,Exp,SCoR,,,GNT,6:00,SC,14:05,8h 5m,22,S M T W T F S,2S CC 3E,380 km,47 km/hr,17202
16089,Yelagiri Express,Exp,SR,,,MAS,17:55,JTJ,22:30,4h 35m,15,S M T W T F S,CC,214 km,47 km/hr,16090
17262,Tirupati - Guntur Express,Exp,SCoR,,,TPTY,19:25,GNT,7:20,11h 55m,18,S M T W T F S,SL 3A 2A,555 km,47 km/hr,17261
11841,Gita Jayanti Express (PT),Exp,NCR,,,KURJ,18:35,KKDE,12:05,17h 30m,24,S M T W T F S,SL 3A 2A 1A,824 km,47 km/hr,11842
17262,Tirupati - Guntur Express,Exp,SCoR,,,TPTY,19:25,GNT,7:20,11h 55m,18,S M T W T F S,SL 3A 2A,555 km,47 km/hr,17261
18310,Jammu Tawi - Sambalpur Express,Exp,ECoR,,,JAT,14:20,SBP,16:30,50h 10m,70,S T T F,SL 3A 2A,2348 km,47 km/hr,18309
15052,Purvanchal Express (via Narkatiaganj),Exp,NER,,,GKP,10:05,KOAA,4:40,18h 35m,22,T,SL 3A 2A 1A,877 km,47 km/hr,15051
17212,Kondaveedu Express (PT),Exp,SCoR,,,YPR,12:45,MTM,5:15,16h 30m,18,T T S,SL 3A 2A 1A,778 km,47 km/hr,17211
17014,Kazipet - Hadapsar (Pune) Express (PT),Exp,SCR,,,KZJ,18:15,HDP,10:50,16h 35m,17,M T S,SL 3A 2A 1A,772 km,47 km/hr,17013
12209,Kanpur Central - Kathgodam Garib Rath Express,GR,NR,,,CNB,6:05,KGM,15:50,9h 45m,8,T,3A,459 km,47 km/hr,12210
17411,Mahalaxmi Express (PT),Exp,SCoR,,,CSMT,20:15,KOP,7:20,11h 5m,13,S M T W T F S,SL 2A 1A 3E,518 km,47 km/hr,17412
16358,Charlapalli - Nagercoil Amrit Bharat Express,AB,SR,,,CHZ,8:15,NCJ,15:35,31h 20m,30,S,SL,1487 km,47 km/hr,16357
13380,Mumbai LTT - Dhanbad Weekly Express,Exp,ECR,,,LTT,16:55,DHN,8:00,39h 5m,28,W,SL 3A 2A 3E,1844 km,47 km/hr,13379
19424,Bhagalpur - Ahmedabad Amrit Bharat Express,AB,WR,28-Aug,,BGP,16:45,ADI,5:25,36h 40m,27,F,SL,1981 km,54 km/hr,19423
17363,SSS Hubballi - Yog Nagari Rishikesh Express,Exp,SWR,6-Jul,,UBL,19:45,YNRK,23:30,51h 45m,30,M,SL 3A 2A,2420 km,47 km/hr,17364
17619,Chhatrapati Sambhaji Nagar - Hazur Sahib Nanded Weekly Express,Exp,SCR,,,CPSN,23:30,NED,4:30,5h 0m,3,S,SL 3A 2A,236 km,47 km/hr,17620
17620,Hazur Sahib Nanded - Chhatrapati Sambhaji Nagar Weekly Express,Exp,SCR,,,NED,11:50,CPSN,16:50,5h 0m,6,F,SL 3A 2A,236 km,47 km/hr,17619
15017,Kashi Express (PT),Exp,NER,,,LTT,6:35,GKP,18:55,36h 20m,67,S M T W T F S,SL 3A 2A 1A,1707 km,47 km/hr,15018
16160,Mangaluru Central - Chennai Egmore Express (PT),Exp,SR,,,MAQ,6:45,MS,3:35,20h 50m,49,S M T W T F S,2S SL 3A 2A,986 km,47 km/hr,16159
15656,Shri Mata Vaishno Devi Katra - Kamakhya Weekly Express,Exp,NFR,,,SVDK,3:50,KYQ,10:20,54h 30m,38,W,SL 3A 2A 1A,2560 km,47 km/hr,15655
16564,Kalaburagi - Bengaluru Cantt. Express,Exp,SWR,17-May,,KLBG,11:20,BNC,23:00,11h 40m,12,S,SL,553 km,47 km/hr,16563
13149,Kanchankanya Express (PT),Exp,ER,,,SDAH,20:30,APDJ,12:40,16h 10m,28,S M T W T F S,SL 3A 2A 1A 3E,753 km,47 km/hr,13150
19327,Ratlam - Udaipur City Express (UnReserved),Exp,WCR,,,RTM,17:10,UDZ,23:35,6h 25m,14,S M T W T F S,,302 km,47 km/hr,19328
15960,Kamrup Express (via Guwahati) (PT),Exp,NFR,,,DBRG,19:45,HWH,4:40,32h 55m,59,M T W F S,SL 3A 2A,1532 km,47 km/hr,15959
15716,Ajmer - Kishanganj Garib Nawaz Express (PT),Exp,NFR,,,AII,12:05,KNE,3:15,39h 10m,33,M T T,SL 3A 2A 1A 3E,1839 km,47 km/hr,15715
15712,Katihar - Howrah Weekly Express (PT),Exp,NFR,,,KIR,22:30,HWH,7:30,9h 0m,9,M,SL 3A 2A,424 km,47 km/hr,15711
17050,Hyderabad - SSS Hubballi Express (PT),Exp,SCR,,,HYB,15:50,UBL,5:55,14h 5m,21,S M T W T F S,SL 3A 2A 1A,664 km,47 km/hr,17049
14215,Ganga Gomti Express,Exp,NR,,,PYGS,5:40,LKO,9:55,4h 15m,10,S M T W T F S,CC,198 km,47 km/hr,14216
18102,Jammu Tawi - Tatanagar Express,Exp,SER,,,JAT,14:20,TATA,10:20,44h 0m,60,M W S,SL 3A 2A 3E,2069 km,47 km/hr,18101
17235,SMVT Bengaluru - Nagercoil Express (PT),Exp,SCoR,,,SMVB,17:15,NCJ,7:20,14h 5m,13,S M T W T F S,SL 3A 2A,661 km,47 km/hr,17236
15622,Anand Vihar Terminal - Kamakhya Weekly Express,Exp,NFR,,,ANVT,23:45,KYQ,15:30,39h 45m,25,F,SL 3A 2A 1A,1879 km,47 km/hr,15621
15623,Bhagat ki Kothi - Kamakhya Express (PT),Exp,NFR,,,BGKT,16:30,KYQ,22:00,53h 30m,43,T,SL 3A 2A 1A,2540 km,47 km/hr,15624
19715,Jaipur - Gomti Nagar Express,Exp,NWR,,,JP,21:05,GTNR,11:35,14h 30m,19,S T F,SL 3A 2A 1A 3E,684 km,47 km/hr,19716
19716,Gomti Nagar - Jaipur Express (PT),Exp,NWR,,,GTNR,16:55,JP,7:30,14h 35m,19,M W S,SL 3A 2A 1A 3E,684 km,47 km/hr,19715
17425,Tirupati - Sainagar Shirdi Weekly Express (via Guntur) (PT),Exp,SCoR,,,TPTY,4:00,SNSI,10:45,30h 45m,29,S,SL 3A 2A,1439 km,47 km/hr,17426
16616,Chemmozhi Express (PT),Exp,SR,,,CBE,0:30,MQ,7:40,7h 10m,7,S M T W T F S,SL 3A 2A 1A,335 km,47 km/hr,16615
13157,Tirhut Express (PT),Exp,ER,,,KOAA,20:55,MFP,9:05,12h 10m,12,T,SL 3A 2A 3E,567 km,47 km/hr,13158
18527,Visakhapatnam - Charlapalli Express,Exp,SCoR,3-Apr,,VSKP,17:30,CHZ,8:00,14h 30m,12,F,SL 3A 2A 3E,683 km,47 km/hr,18528
15910,Avadh Assam Express (PT),Exp,NFR,,,LGH,19:50,DBRG,14:15,66h 25m,95,S M T W T F S,SL 3A 2A 1A,3117 km,47 km/hr,15909
16176,Velankanni - Chennai Egmore Express (PT),Exp,SR,,,VLNK,21:50,MS,5:15,7h 25m,12,S M T W T F S,SL 3A 2A,348 km,47 km/hr,16175
14601,Firozpur Cantt - Hanumangarh Express (UnReserved),Exp,NR,,,FZR,5:05,HMH,10:25,5h 20m,10,S M T W T F S,,251 km,47 km/hr,14602
15212,Jan Nayak Express (UnReserved),Exp,ECR,,,ASR,19:20,DBG,3:10,31h 50m,43,S M T W T F S,,1486 km,47 km/hr,15211
15909,Avadh Assam Express (PT),Exp,NFR,,,DBRG,10:00,LGH,4:35,66h 35m,95,S M T W T F S,SL 3A 2A 1A,3117 km,47 km/hr,15910
14803,Bhagat Ki Kothi - Jammu Tawi Express,Exp,NWR,,,BGKT,7:00,JAT,6:20,23h 20m,36,S M T W T F S,SL 3A 2A 3E,1094 km,47 km/hr,14804
14898,Hisar - Bikaner DEMU Express (UnReserved),Exp,NWR,,,HSR,2:45,BKN,9:20,6h 35m,27,S M T W T F S,,308 km,47 km/hr,14897
14897,Bikaner - Hisar DEMU Express (UnReserved),Exp,NWR,,,BKN,18:00,HSR,0:35,6h 35m,26,S M T W T F S,,308 km,47 km/hr,14898
17409,Adilabad - Hazur Sahib Nanded Intercity Express,Exp,SCoR,,,ADB,8:00,NED,11:55,3h 55m,7,S M T W T F S,SL 3A,185 km,47 km/hr,17410
13126,Sairang - Kolkata Express (PT),Exp,ER,,,SANG,6:40,KOAA,14:30,31h 50m,28,M T F,SL 3A 2A 3E,1481 km,47 km/hr,13125
18202,Nautanwa - Durg Express (via Varanasi),Exp,SECR,,,NTV,11:35,DURG,13:00,25h 25m,24,S F,SL 3A 2A 1A 3E,1197 km,47 km/hr,18201
15483,Sikkim Mahananda Express (PT),Exp,NFR,,,APDJ,10:30,DLI,21:45,35h 15m,59,S M T W T F S,SL 3A 2A 1A 3E,1666 km,47 km/hr,15484
15708,Amrapali Express,Exp,NFR,,,ASR,7:40,KIR,22:10,38h 30m,55,S M T W T F S,SL 3A 2A 3E,1805 km,47 km/hr,15707
15934,Amritsar - New Tinsukia Express (PT),Exp,NFR,,,ASR,15:40,NTSK,3:30,59h 50m,40,F,SL 3A 2A 1A,2812 km,47 km/hr,15933
14230,Yog Nagri Rishikesh - Prayagraj Sangam Express,Exp,NR,,,YNRK,15:20,PYGS,7:10,15h 50m,16,M W F,SL 3A 2A,744 km,47 km/hr,14229
15483,Sikkim Mahananda Express (PT),Exp,NFR,,,APDJ,10:30,DLI,21:45,35h 15m,59,S M T W T F S,SL 3A 2A 1A 3E,1666 km,47 km/hr,15484
15708,Amrapali Express,Exp,NFR,,,ASR,7:40,KIR,22:10,38h 30m,55,S M T W T F S,SL 3A 2A 3E,1805 km,47 km/hr,15707
15934,Amritsar - New Tinsukia Express (PT),Exp,NFR,,,ASR,15:40,NTSK,3:30,59h 50m,40,F,SL 3A 2A 1A,2812 km,47 km/hr,15933
14230,Yog Nagri Rishikesh - Prayagraj Sangam Express,Exp,NR,,,YNRK,15:20,PYGS,7:10,15h 50m,16,M W F,SL 3A 2A,744 km,47 km/hr,14229
12501,Kolkata - Agartala Garib Rath Express (PT),GR,NFR,,,KOAA,21:45,AGTL,6:55,33h 10m,20,S,3A,1565 km,47 km/hr,12502
11447,Shaktipunj Express,Exp,WCR,,,JBP,22:25,HWH,22:45,24h 20m,44,S M T W T F S,SL 3A 2A 1A 3E,1143 km,47 km/hr,11448
16306,Kannur - Ernakulam Jn. Intercity Express,Exp,SR,,,CAN,14:50,ERS,20:50,6h 0m,16,S M T W T F S,2S CC,282 km,47 km/hr,16305
13507,Asansol - Gorakhpur Express,Exp,ER,,,ASN,16:05,GKP,5:45,13h 40m,13,F,SL 3A 2A,643 km,47 km/hr,13508
17363,SSS Hubballi - Yog Nagari Rishikesh Express,Exp,SWR,6-Jul,,UBL,19:45,YNRK,23:30,51h 45m,30,M,SL 3A 2A,2420 km,47 km/hr,17364
19015,Saurashtra Express,Exp,WR,,,DDR,9:30,PBR,5:35,20h 5m,55,S M T W T F S,SL 3A 2A 1A,947 km,47 km/hr,19016
17316,Velankanni - Vasco-Da-Gama Weekly Express (PT),Exp,SWR,,,VLNK,23:55,VSG,2:50,26h 55m,25,T,SL 3A 2A 3E,1264 km,47 km/hr,17315
16564,Kalaburagi - Bengaluru Cantt. Express,Exp,SWR,17-May,,KLBG,11:20,BNC,23:00,11h 40m,12,S,SL,553 km,47 km/hr,16563
14010,Champaran Satyagrah Express,Exp,NR,,,ANVT,23:45,BMKI,20:10,20h 25m,16,M W S,SL 3A 1A 3E,965 km,47 km/hr,14009
14210,Lucknow - Prayagraj Sangam Intercity Express,Exp,NR,,,LKO,7:35,PYGS,11:45,4h 10m,9,S M T W T F S,CC,198 km,47 km/hr,14209
14209,Prayagraj Sangam - Lucknow Intercity Express,Exp,NR,,,PYGS,15:20,LKO,19:35,4h 15m,9,S M T W T F S,CC,198 km,47 km/hr,14210
17614,Hazur Sahib Nanded - Panvel Express (PT),Exp,SCR,,,NED,18:20,PNVL,8:35,14h 15m,14,S M T W T F S,SL 3A 2A,675 km,47 km/hr,17613
14164,Sangam Express,Exp,NCR,,,MTC,19:00,SFG,8:25,13h 25m,18,S M T W T F S,SL 3A 2A 3E,637 km,47 km/hr,14163
11403,Nagpur - SCSMT Kolhapur Express (PT),Exp,CR,,,NGP,15:15,KOP,13:30,22h 15m,22,T S,SL 3A 2A,1038 km,47 km/hr,11404
15011,Lucknow Jn. - Chandigarh Express,Exp,NER,,,LJN,23:55,CDG,15:00,15h 5m,18,S M T W T F S,SL 3A 2A 3E,702 km,47 km/hr,15012
14014,Anand Vihar Terminal - Sultanpur Sadbhavana Express,Exp,NR,,,ANVT,16:30,SLN,5:55,13h 25m,13,M S,SL 3A 2A 1A 3E,636 km,47 km/hr,14013
11007,Deccan Express,Exp,CR,,,CSMT,7:00,PUNE,11:05,4h 5m,9,S M T W T F S,2S CC EV,192 km,47 km/hr,11008
14507,Delhi - Fazilka Intercity Express,Exp,NR,,,DLI,12:50,FKA,23:55,11h 5m,26,S M T W T F S,SL CC 3A,522 km,47 km/hr,14508
16314,Mangaluru Jn. - Thiruvananthapuram North Antyodaya Express (via Kottayam),Ant,SR,17-Mar,,MAJN,18:00,TVCN,7:15,13h 15m,22,T,,626 km,47 km/hr,16313
13201,Rajgir - Mumbai LTT Janta Express (PT),Exp,ECR,,,RGD,20:45,LTT,10:50,38h 5m,66,S M T W T F S,SL 3A 2A 1A 3E,1788 km,47 km/hr,13202
13190,Balurghat - Sealdah Express (PT),Exp,ER,,,BLGT,19:00,SDAH,4:25,9h 25m,13,S M T W T F S,SL 3A 2A 1A 3E,445 km,47 km/hr,13189
13126,Sairang - Kolkata Express (PT),Exp,ER,,,SANG,6:40,KOAA,14:30,31h 50m,28,M T F,SL 3A 2A 3E,1481 km,47 km/hr,13125
19424,Bhagalpur - Ahmedabad Amrit Bharat Express,AB,WR,28-Aug,,BGP,16:45,ADI,5:25,36h 40m,27,F,SL,1981 km,54 km/hr,19423
16577,Yesvantpur - Bidar Weekly Express (Via Kalaburagi),Exp,SWR,,,YPR,23:15,BIDR,13:50,14h 35m,14,S,SL 3A 2A,668 km,46 km/hr,16578
19701,Sainik Express,Exp,NWR,,,JP,20:45,DEC,5:15,8h 30m,21,S M T W T F S,SL 3A 2A 1A,392 km,46 km/hr,19702
17255,Narasapur - Lingampalli Express (PT),Exp,SCoR,,,NS,19:00,LPI,5:15,10h 15m,16,S M T W T F S,SL 3A 2A 1A,475 km,46 km/hr,17256
14089,Anand Vihar Terminal - Kotdwar Express,Exp,NR,,,ANVT,21:45,KTW,3:55,6h 10m,9,S M T W T F S,SL 3A,283 km,46 km/hr,14090
18006,Samaleswari Express,Exp,SER,,,JDB,5:30,HWH,6:30,25h 0m,38,S M T W T F S,SL 3A 2A 1A,1162 km,46 km/hr,18005
16175,Chennai Egmore - Velankanni Express (PT),Exp,SR,,,MS,21:00,VLNK,4:30,7h 30m,14,S M T W T F S,SL 3A 2A,348 km,46 km/hr,16176
15644,Kamakhya - Puri Express (via Howrah) (PT),Exp,NFR,,,KYQ,22:40,PURI,7:45,33h 5m,27,T,SL 3A 2A,1520 km,46 km/hr,15643
18303,Sambalpur - Puri Intercity Express,Exp,ECoR,,,SBP,6:00,PURI,13:30,7h 30m,13,S M T W T F S,2S CC,342 km,46 km/hr,18304
11013,Mumbai LTT - Coimbatore Express (PT),Exp,CR,,,LTT,22:35,CBE,6:50,32h 15m,31,S M T W T F S,SL 3A 2A 1A,1496 km,46 km/hr,11014
15206,Chitrakoot Express (PT),Exp,ECR,,,JBP,20:50,LJN,9:20,12h 30m,18,S M T W T F S,SL 3A 2A 1A 3E,578 km,46 km/hr,15205
18628,Ranchi - Howrah Intercity Express (Via Adra),Exp,SER,,,RNC,5:20,HWH,15:50,10h 30m,12,S M T,2S CC 3A 3E,480 km,46 km/hr,18627
14720,Amritsar - Bikaner Weekly Express,Exp,NWR,,,ASR,8:10,BKN,0:45,16h 35m,21,F,SL 3A 2A 3E,762 km,46 km/hr,14719
18003,Rani Shiromoni Express (UnReserved),Exp,SER,,,HWH,17:45,ADRA,23:55,6h 10m,26,S M T W T F S,,283 km,46 km/hr,18004
14307,Prayagraj Sangam - Bareilly Express,Exp,NR,,,PYGS,1:20,BE,10:50,9h 30m,15,S M T W T F S,SL 3A 2A,433 km,46 km/hr,14308
15619,Gaya - Kamakhya Express (PT),Exp,NFR,,,GAYA,12:35,KYQ,12:00,23h 25m,21,T,SL 3A 2A 1A,1070 km,46 km/hr,15620
15620,Kamakhya - Gaya Express (PT),Exp,NFR,,,KYQ,7:00,GAYA,6:10,23h 10m,21,M,SL 3A 2A 1A,1070 km,46 km/hr,15619
11753,NSC Bose Itwari - Rewa Express (via Gondia),Exp,WCR,,,NITR,19:10,REWA,8:20,13h 10m,13,S T T,SL 3A 2A 1A 3E,601 km,46 km/hr,11754
14682,Jalandhar City - Delhi Intercity Express,Exp,NR,,,JUC,4:00,DLI,13:25,9h 25m,20,S M T W T F S,2S CC,433 km,46 km/hr,14681
21125,Ratlam - Bhind Express (PT),Exp,NCR,,,RTM,17:25,BIX,9:50,16h 25m,21,T F S,SL 3A 2A 1A 3E,762 km,46 km/hr,21126
14241,Nauchandi Express,Exp,NR,,,PYGS,17:50,SRE,10:40,16h 50m,28,S M T W T F S,SL 3A 2A 1A,771 km,46 km/hr,14242
18233,Narmada Express (PT),Exp,SECR,,,INDB,16:10,BSP,13:50,21h 40m,50,S M T W T F S,SL 3A 2A 1A,1007 km,46 km/hr,18234
14706,Dahar Ka Balaji - Bhiwani Express (UnReserved),Exp,NWR,,,DKBJ,15:30,BNW,21:50,6h 20m,21,S M T W T F S,,288 km,46 km/hr,14705
11002,Nandigram Express (PT),Exp,CR,,,BPQ,9:15,CSMT,5:35,20h 20m,28,S M T W T F S,SL 3A 2A 1A,939 km,46 km/hr,11001
19033,Gujarat Queen,Exp,WR,,,BL,4:05,ADI,10:35,6h 30m,24,S M T W T F S,2S CC,299 km,46 km/hr,19034
16235,Tuticorin - Mysuru Express (PT),Exp,SWR,,,TN,17:30,MYS,10:20,16h 50m,32,S M T W T F S,SL CC 3A 2A,776 km,46 km/hr,16236
17304,Sindhanur - SSS Hubballi Express (UnReserved),Exp,SWR,,,SNNR,5:15,UBL,9:50,4h 35m,15,S M T W T F S,,211 km,46 km/hr,17303
19701,Sainik Express,Exp,NWR,,,JP,20:45,DEC,5:15,8h 30m,21,S M T W T F S,SL 3A 2A 1A,392 km,46 km/hr,19702
14005,Lichchavi Express (PT),Exp,NR,,,SMI,2:30,ANVT,4:15,25h 45m,40,S M T W T F S,SL 3A 2A 1A 3E,1195 km,46 km/hr,14006
18201,Durg - Nautanwa Express (via Varanasi) (PT),Exp,SECR,,,DURG,20:05,NTV,21:55,25h 50m,24,W F,SL 3A 2A 1A 3E,1197 km,46 km/hr,18202
18639,Ara - Ranchi Express,Exp,SER,,,ARA,9:30,RNC,20:45,11h 15m,10,S T F,SL 3A 2A,515 km,46 km/hr,18640
17684,Purna - Akola Express (UnReserved),Exp,SCR,,,PAU,23:50,AK,4:20,4h 30m,3,S M T W T F S,,208 km,46 km/hr,17683
11121,Bhusaval - Wardha MEMU Express (UnReserved),Exp,CR,,,BSL,14:25,WR,21:15,6h 50m,26,S M T W T F S,,314 km,46 km/hr,11122
12619,Matsyagandha Express (PT),SF,SR,,,LTT,15:10,MAQ,10:20,19h 10m,21,S M T W T F S,SL 3A 2A 3E,883 km,46 km/hr,12620
11114,Bhusaval - Devlali MEMU Express (UnReserved),Exp,CR,,,BSL,17:30,DVL,23:15,5h 45m,21,S M T W T F S,,263 km,46 km/hr,11113
16232,Mysuru - Cuddalore Port Express,Exp,SWR,,,MYS,16:15,CUPJ,8:35,16h 20m,25,S M T W T F S,SL CC 3A 2A,753 km,46 km/hr,16231
15125,Kashi Patna Jan Shatabdi Express,JShtb,NER,,,BNRS,6:15,PNBE,11:20,5h 5m,9,S M T W T F S,2S CC,233 km,46 km/hr,15126
11100,Madgaon - Mumbai LTT Express,Exp,CR,,,MAO,11:30,LTT,23:45,12h 15m,10,M S,SL 3A 2A 1A,564 km,46 km/hr,11099
16321,Nagercoil - Coimbatore Express (UnReserved),Exp,SR,,,NCJ,8:00,CBE,19:30,11h 30m,32,S M T W T F S,,533 km,46 km/hr,16322
16085,Arakkonam - Jolarpettai MEMU Express (UnReserved),Exp,SR,,,AJJ,18:05,JTJ,21:15,3h 10m,14,S M T W T F S,,145 km,46 km/hr,16086
16322,Coimbatore - Nagercoil Express (UnReserved),Exp,SR,,,CBE,8:00,NCJ,19:40,11h 40m,34,S M T W T F S,,533 km,46 km/hr,16321
21126,Bhind - Ratlam Express (PT),Exp,NCR,,,BIX,17:20,RTM,10:00,16h 40m,21,S W S,SL 3A 2A 1A 3E,762 km,46 km/hr,21125
14888,Barmer - Rishikesh Express,Exp,NWR,,,BME,8:00,RKSH,9:40,25h 40m,42,S M T W T F S,SL 3A 2A,1190 km,46 km/hr,14887
18419,Puri - Jaynagar Weekly Express,Exp,ECoR,,,PURI,14:55,JYG,12:50,21h 55m,22,T,SL 3A 2A 3E,1003 km,46 km/hr,18420
17641,Kacheguda - Narkher InterCity Express,Exp,SCR,,,KCG,7:10,NRKR,23:00,15h 50m,26,S T W T F S,2S 3A,732 km,46 km/hr,17642
19604,Godda - Daurai (Ajmer) Weekly Express,Exp,NWR,,,GODA,5:00,DOZ,17:20,36h 20m,34,T,SL 3A 2A 3E,1684 km,46 km/hr,19603
16303,Vanchinad Express,Exp,SR,,,ERS,5:10,TVC,10:00,4h 50m,17,S M T W T F S,2S CC,220 km,46 km/hr,16304
14211,Gwalior - New Delhi Intercity Express,Exp,NR,,,AGC,5:45,NDLS,10:00,4h 15m,16,S M T W T F S,2S CC 2A 1A,195 km,46 km/hr,14212
15089,Godda - Gomti Nagar Weekly Express,Exp,NER,,,GODA,14:05,GTNR,7:30,17h 25m,22,S,SL 3A 2A,807 km,46 km/hr,15090
19559,Tirupati - Okha Weekly Express (PT),Exp,WR,14-May,,TPTY,8:15,OKHA,11:50,51h 35m,37,T,SL 3A 2A,2355 km,46 km/hr,19560
17405,Krishna Express (PT),Exp,SCoR,,,TPTY,5:40,ADB,6:15,24h 35m,55,S M T W T F S,SL 3A,1139 km,46 km/hr,17406
17406,Krishna Express (PT),Exp,SCoR,,,ADB,21:05,TPTY,21:40,24h 35m,56,S M T W T F S,SL 3A,1139 km,46 km/hr,17405
14009,Champaran Satyagrah Express (PT),Exp,NR,,,BMKI,21:20,ANVT,18:15,20h 55m,16,S T T,SL 3A 1A 3E,965 km,46 km/hr,14010
16220,Tirupati - Chamarajanagar Express,Exp,SWR,,,TPTY,21:40,CMNR,9:20,11h 40m,32,S M T W T F S,SL 3A 2A 1A,532 km,46 km/hr,16219
16596,Panchaganga Express,Exp,SWR,,,KAWR,18:00,SBC,7:15,13h 15m,19,S M T W T F S,SL 3A 2A 1A 3E,612 km,46 km/hr,16595
20111,Konkan Kanya SF Express (PT),SF,KR,,,CSMT,23:02,MAO,11:40,12h 38m,17,S M T W T F S,SL 3A 2A 1A 3E,581 km,46 km/hr,20112
19057,Surat - Mangaluru Jn. Express (PT),Exp,WR,3-Jun,,ST,19:35,MAJN,19:45,24h 10m,36,S W,SL 3A 2A,1109 km,46 km/hr,19058
14664,Amritsar - New Jalpaiguri Amrit Bharat Express,AB,NR,14-May,,ASR,12:45,NJP,4:15,39h 30m,35,T,SL,1834 km,46 km/hr,14663
14613,SAS Nagar Mohali - Firozpur Cantt Express (UnReserved),Exp,NR,,,SASN,17:35,FZR,22:30,4h 55m,6,S M T W T F S,,225 km,46 km/hr,14614
14614,Firozpur Cantt - SAS Nagar Mohali Express (UnReserved),Exp,NR,,,FZR,5:00,SASN,9:55,4h 55m,6,S M T W T F S,,225 km,46 km/hr,14613
11028,Satara - Dadar Central Express,Exp,CR,,,STR,15:30,DR,6:35,15h 5m,27,M T S,SL 3A 2A,690 km,46 km/hr,11027
15531,Saharsa - Amritsar Jan Sadharan Express (UnReserved),Exp,ECR,,,SHC,3:00,ASR,13:50,34h 50m,26,S,,1611 km,46 km/hr,15532
19316,Veer Bhumi Express,Exp,WR,,,ASV,14:10,INDB,7:00,16h 50m,31,S M T W T F S,SL 3A 2A 1A,774 km,46 km/hr,19315
17208,Machilipatnam - Sainagar Shirdi Weekly Express (PT),Exp,SCoR,,,MTM,6:50,SNSI,9:10,26h 20m,30,T,SL 3A 2A 1A,1206 km,46 km/hr,17207
15530,Anand Vihar Terminal - Saharsa Jan Sadharan Express (UnReserved),Exp,ECR,,,ANVT,23:45,SHC,3:00,27h 15m,24,T,,1254 km,46 km/hr,15529
13430,Anand Vihar Terminal - Malda Town Weekly Express,Exp,ER,,,ANVT,17:10,MLDT,23:35,30h 25m,24,S,SL 3A 2A,1412 km,46 km/hr,13429
14731,Kisan Express,Exp,NWR,,,DLI,14:00,BTI,21:15,7h 15m,18,S M T W T F S,2S SL CC 3E,332 km,46 km/hr,14732
15128,Kashi Vishwanath Express,Exp,NER,,,NDLS,11:35,BNRS,4:40,17h 5m,33,S M T W T F S,SL 3A 2A 1A 3E,793 km,46 km/hr,15127
17640,Akola - Kacheguda Intercity Express,Exp,SCR,,,AK,9:30,KCG,20:35,11h 5m,18,T,2S 3A,515 km,46 km/hr,17639
14308,Bareilly - Prayagraj Sangam Express,Exp,NR,,,BE,17:45,PYGS,3:10,9h 25m,15,S M T W T F S,SL 3A 2A,433 km,46 km/hr,14307
13160,Jogbani - Kolkata Express (PT),Exp,ER,,,JBN,14:45,KOAA,2:35,11h 50m,16,T T S,SL 3A 2A 3E,547 km,46 km/hr,13159
18049,Shalimar - Badampahar Weekly Express,Exp,SER,,,SHM,22:45,BMPR,6:00,7h 15m,8,S,SL 3A,335 km,46 km/hr,18050
17655,Kakinada Port - Puducherry Circar Express (PT),Exp,SCR,,,COA,14:30,PDY,9:50,19h 20m,35,M T S,SL 3A 2A,896 km,46 km/hr,17656
18528,Charlapalli - Visakhapatnam Express,Exp,SCoR,4-Apr,,CHZ,14:30,VSKP,5:20,14h 50m,12,S,SL 3A 2A 3E,683 km,46 km/hr,18527
11755,NSC Bose Itwari - Rewa Express (via Chhindwara),Exp,WCR,,,NITR,18:10,REWA,8:20,14h 10m,12,M W F S,SL 3A 2A 1A,645 km,46 km/hr,11756
13160,Jogbani - Kolkata Express (PT),Exp,ER,,,JBN,14:45,KOAA,2:35,11h 50m,16,T T S,SL 3A 2A 3E,547 km,46 km/hr,13159
14664,Amritsar - New Jalpaiguri Amrit Bharat Express,AB,NR,14-May,,ASR,12:45,NJP,4:15,39h 30m,35,T,SL,1834 km,46 km/hr,14663
16313,Thiruvananthapuram North - Mangaluru Jn. Antyodaya Express (via Kottayam),Ant,SR,16-Mar,,TVCN,17:15,MAJN,6:50,13h 35m,22,M,,626 km,46 km/hr,16314
15715,Kishanganj - Ajmer Garib Nawaz Express (PT),Exp,NFR,,,KNE,5:50,AII,21:30,39h 40m,33,S T F,SL 3A 2A 1A 3E,1839 km,46 km/hr,15716
14319,Indore - Bareilly Weekly Express,Exp,NR,,,INDB,16:45,BE,15:20,22h 35m,18,T,SL 3A 2A,1035 km,46 km/hr,14320
18528,Charlapalli - Visakhapatnam Express,Exp,SCoR,4-Apr,,CHZ,14:30,VSKP,5:20,14h 50m,12,S,SL 3A 2A 3E,683 km,46 km/hr,18527
13044,Raxaul - Howrah Express (PT),Exp,ER,,,RXL,21:00,HWH,12:15,15h 15m,19,T S,SL 3A 2A,699 km,46 km/hr,13043
13043,Howrah - Raxaul Express (PT),Exp,ER,,,HWH,23:00,RXL,14:05,15h 5m,19,W F,SL 3A 2A,699 km,46 km/hr,13044
16574,Puducherry - Yesvantpur Weekly Express,Exp,SWR,,,PDY,22:25,YPR,8:20,9h 55m,8,S,SL 3A 2A 1A,456 km,46 km/hr,16573
14118,Kalindi Express,Exp,NCR,,,BNW,19:35,PRYJ,12:50,17h 15m,31,S M T W T F S,SL 3A 2A 3E,800 km,46 km/hr,14117
17290,Mysuru - Kakinada Town Express,Exp,SCoR,,,MYS,17:05,CCT,23:30,30h 25m,32,T S,SL 3A 2A 1A,1393 km,46 km/hr,17289
14117,Kalindi Express (PT),Exp,NCR,,,PRYJ,15:50,BNW,9:25,17h 35m,31,S M T W T F S,SL 3A 2A 3E,800 km,46 km/hr,14118
17236,Nagercoil - SMVT Bengaluru Express (PT),Exp,SCoR,,,NCJ,19:15,SMVB,9:30,14h 15m,13,S M T W T F S,SL 3A 2A,661 km,46 km/hr,17235
13281,Dibrugarh - Rajendra Nagar Terminal Express (PT),Exp,ECR,,,DBRG,5:00,RJPB,12:45,31h 45m,31,M,SL 3A 2A 1A 3E,1462 km,46 km/hr,13282
14522,Ambala Cantt. - Delhi Intercity Express,Exp,NR,,,UMB,6:40,DLI,12:20,5h 40m,14,S M T W T F S,SL CC 3A,263 km,46 km/hr,14521
13282,Rajendra Nagar Terminal - Dibrugarh Express (PT),Exp,ECR,,,RJPB,14:45,DBRG,22:25,31h 40m,31,S,SL 3A 2A 1A 3E,1462 km,46 km/hr,13281
17231,Narasapur - Nagarsol Express (Via Guntur) (PT),Exp,SCoR,,,NS,11:25,NSL,9:55,22h 30m,24,S F,SL 3A 2A 1A,1040 km,46 km/hr,17232
13166,Sitamarhi - Kolkata Express,Exp,ER,,,SMI,22:55,KOAA,12:25,13h 30m,13,S,SL 3A 2A 3E,620 km,46 km/hr,13165
14606,Jammu Tawi - Yog Nagari Rishikesh Express,Exp,NR,,,JAT,22:05,YNRK,10:15,12h 10m,14,S,SL 3A 1A 3E,558 km,46 km/hr,14605
19167,Ahmedabad - Varanasi City Sabarmati Express (PT),Exp,WR,,,ADI,23:10,BCY,10:00,34h 50m,51,M T T S,SL 3A 2A 1A 3E,1592 km,46 km/hr,19168
15042,Kasganj - Farrukhabad Express (UnReserved),Exp,NER,,,KSJ,21:00,FBD,23:20,2h 20m,7,S M T W T F S,,107 km,46 km/hr,15041
15040,Kasganj - Kanpur Anwarganj Express (UnReserved),Exp,NER,,,KSJ,9:10,CPA,14:30,5h 20m,16,S M T W T F S,,245 km,46 km/hr,15039
14217,Unchahar Express (PT),Exp,NR,,,PYGS,14:00,CDG,9:15,19h 15m,39,S M T W T F S,SL 3A 2A 1A 3E,890 km,46 km/hr,14218
16348,Mangaluru Central - Thiruvananthapuram Central Express (PT),Exp,SR,,,MAQ,14:25,TVC,4:15,13h 50m,45,S M T W T F S,SL 3A 2A 3E,632 km,46 km/hr,16347
17482,Tirupati - Bilaspur Express (PT),Exp,SCoR,,,TPTY,11:05,BSP,17:25,30h 20m,59,S T,SL 3A 2A,1403 km,46 km/hr,17481
16053,MGR Chennai Central - Tirupati Express,Exp,SR,,,MAS,14:40,TPTY,17:50,3h 10m,6,S M T W T F S,2S CC,147 km,46 km/hr,16054
19037,Avadh Express (PT),Exp,WR,,,BDTS,22:00,BJU,23:10,49h 10m,85,S M T W T F S,SL 3A 2A 1A 3E,2255 km,46 km/hr,19038
14617,Purnia Court - Amritsar Jan Sewa Express (UnReserved),Exp,NR,,,PRNC,5:35,ASR,16:55,35h 20m,51,S M T W T F S,,1614 km,46 km/hr,14618
13142,Teesta Torsa Express (PT),Exp,ER,,,NOQ,11:50,SDAH,3:35,15h 45m,33,S M T W T F S,SL 3A 2A,719 km,46 km/hr,13141
13141,Teesta Torsa Express (PT),Exp,ER,,,SDAH,15:00,NOQ,6:40,15h 40m,33,S M T W T F S,SL 3A 2A,719 km,46 km/hr,13142
19610,Yog Nagari Rishikesh - Udaipur City Express,Exp,NWR,,,YNRK,17:55,UDZ,15:30,21h 35m,36,S T F,SL 3A 2A 3E,998 km,46 km/hr,19609
15271,Howrah - Muzaffarpur Jan Sadharan Express (UnReserved),Exp,ECR,,,HWH,11:15,MFP,23:15,12h 0m,10,W,,551 km,46 km/hr,15272
14796,Ekta Express,Exp,NWR,,,KLK,16:55,BNW,23:25,6h 30m,14,S M T W T F S,SL,299 km,46 km/hr,14795
16854,Villupuram - Tirupati Intercity Express (UnReserved),Exp,SR,,,VM,5:40,TPTY,11:25,5h 45m,14,S M T W T F S,,265 km,46 km/hr,16853
14630,Sutlej Express (UnReserved),Exp,NR,,,FZR,17:30,CDG,22:40,5h 10m,10,S M T W T F S,,236 km,46 km/hr,14629
19223,Sabarmati - Jammu Tawi Express (PT),Exp,WR,,,SBIB,10:25,JAT,18:40,32h 15m,50,S M T W T F S,SL 3A 2A,1491 km,46 km/hr,19224
15089,Godda - Gomti Nagar Weekly Express,Exp,NER,,,GODA,14:05,GTNR,7:30,17h 25m,22,S,SL 3A 2A,807 km,46 km/hr,15090
11651,Madan Mahal - Singrauli Intercity Express,Exp,WCR,,,MML,16:05,SGRL,23:45,7h 40m,14,S M T W T F S,2S CC 3A,352 km,46 km/hr,11652
19057,Surat - Mangaluru Jn. Express (PT),Exp,WR,3-Jun,,ST,19:35,MAJN,19:45,24h 10m,36,S W,SL 3A 2A,1109 km,46 km/hr,19058
18426,Durg - Puri Express (PT),Exp,ECoR,,,DURG,16:10,PURI,9:30,17h 20m,28,S M T W T F S,SL 3A 2A 1A 3E,797 km,46 km/hr,18425
19559,Tirupati - Okha Weekly Express (PT),Exp,WR,14-May,,TPTY,8:15,OKHA,11:50,51h 35m,37,T,SL 3A 2A,2355 km,46 km/hr,19560
16310,Kayamkulam - Ernakulam Jn. MEMU Express (UnReserved),Exp,SR,,,KYJ,15:20,ERS,17:50,2h 30m,7,S M T W T F S,,115 km,46 km/hr,16309
13505,Digha - Asansol Express,Exp,ER,,,DGHA,14:20,ASN,22:30,8h 10m,17,S,2S CC,372 km,46 km/hr,13506
11448,Shaktipunj Express,Exp,WCR,,,HWH,13:10,JBP,14:20,25h 10m,44,S M T W T F S,SL 3A 2A 1A 3E,1143 km,45 km/hr,11447
19615,Udaipur City - Kamakhya Kavi Guru Express (PT),Exp,NWR,,,UDZ,16:05,KYQ,0:20,56h 15m,43,M,SL 3A 2A 3E,2610 km,46 km/hr,19616
13152,Jammu Tawi - Kolkata Express,Exp,ER,,,JAT,20:30,KOAA,15:40,43h 10m,85,S M T W T F S,SL 3A 2A 3E,1986 km,46 km/hr,13151
17002,Secunderabad - Sainagar Shirdi Express (PT),Exp,SCR,,,SC,16:10,SNSI,9:10,17h 0m,18,S F,SL 3A 2A,777 km,46 km/hr,17001
15236,Darbhanga - Howrah Weekly Express (PT),Exp,ECR,,,DBG,15:30,HWH,3:05,11h 35m,9,F,SL 3A 2A 1A 3E,536 km,46 km/hr,15235
17249,Tirupati - Kakinada Town Express (PT),Exp,SCoR,,,TPTY,22:35,CCT,11:40,13h 5m,34,S M T W T F S,SL 3A 2A,599 km,46 km/hr,17250
17068,Bhubaneswar New - Charlapalli Express,Exp,SCR,26-May,,BBSN,22:15,CHZ,21:50,23h 35m,21,T,SL 3A 2A,1120 km,47 km/hr,17067
14664,Amritsar - New Jalpaiguri Amrit Bharat Express,AB,NR,14-May,,ASR,12:45,NJP,4:15,39h 30m,35,T,SL,1834 km,46 km/hr,14663
15001,Muzaffarpur - Dehradun Rapti Ganga Express,Exp,NER,,,MFP,14:00,DDN,14:15,24h 15m,25,M,SL 3A 2A 1A,1124 km,46 km/hr,15002
17655,Kakinada Port - Puducherry Circar Express (PT),Exp,SCR,,,COA,14:30,PDY,9:50,19h 20m,35,M T S,SL 3A 2A,896 km,46 km/hr,17656
17048,Tiruchanur - Charlapalli Express (via Kazipet) (PT),Exp,SCR,28-May,,TCNR,16:55,CHZ,7:00,14h 5m,13,T,SL 3A 2A,716 km,51 km/hr,17047
19168,Varanasi City - Ahmedabad Sabarmati Express,Exp,WR,,,BCY,14:00,ADI,0:55,34h 55m,51,S T T F,SL 3A 2A 1A 3E,1592 km,46 km/hr,19167
19167,Ahmedabad - Varanasi City Sabarmati Express (PT),Exp,WR,,,ADI,23:10,BCY,10:00,34h 50m,51,M T T S,SL 3A 2A 1A 3E,1592 km,46 km/hr,19168
11905,Agra Cantt - Hoshiarpur Express,Exp,NCR,,,AGC,19:10,HSX,9:15,14h 5m,12,S M T W T F S,SL 3A 2A 3E,651 km,46 km/hr,11906
17304,Sindhanur - SSS Hubballi Express (UnReserved),Exp,SWR,,,SNNR,5:15,UBL,9:50,4h 35m,15,S M T W T F S,,211 km,46 km/hr,17303
14211,Gwalior - New Delhi Intercity Express,Exp,NR,,,AGC,5:45,NDLS,10:00,4h 15m,16,S M T W T F S,2S CC 2A 1A,195 km,46 km/hr,14212
16322,Coimbatore - Nagercoil Express (UnReserved),Exp,SR,,,CBE,8:00,NCJ,19:40,11h 40m,34,S M T W T F S,,533 km,46 km/hr,16321
15675,New Jalpaiguri - Guwahati Intercity Express (PT),Exp,NFR,,,NJP,23:30,GHY,8:30,9h 0m,18,S M T W T F S,SL 2A 3E,407 km,45 km/hr,15676
17348,Chitradurga - SSS Hubballi MEMU Express (UnReserved),Exp,SWR,,,CTA,13:35,UBL,18:35,5h 0m,25,S M T W T F S,,224 km,45 km/hr,17347
16550,Kolar - KSR Bengaluru MEMU Express (UnReserved),Exp,SWR,,,KQZ,6:15,SBC,9:35,3h 20m,22,M T W T F S,,149 km,45 km/hr,16549
17602,Shri Ganganagar - Kacheguda Express (PT),Exp,SCR,28-Jul,,SGNR,6:55,KCG,7:15,48h 20m,35,T,SL 3A 2A,2450 km,51 km/hr,17601
18052,Rourkela - Badampahar Express,Exp,SER,,,ROU,14:20,BMPR,20:00,5h 40m,9,S,SL 3A,252 km,45 km/hr,18051
15234,Maithili Express (PT),Exp,ECR,,,DBG,15:30,KOAA,3:30,12h 0m,9,S W,SL 3A 2A 1A 3E,540 km,45 km/hr,15233
15510,Patna - Lalitgram Rajya Rani Express,Exp,ECR,,,PNBE,12:20,LLP,19:00,6h 40m,13,M T W F S,CC 3E,297 km,45 km/hr,15509
17075,Charlapalli - Belagavi Express,Exp,SCR,16-May,,CHZ,16:00,BGM,10:30,18h 30m,21,S,SL 3A 2A,824 km,45 km/hr,17076
18108,Jagdalpur - Rourkela Intercity Express,Exp,SER,,,JDB,14:10,ROU,6:50,16h 40m,17,S M T W T F S,SL 3A,751 km,45 km/hr,18107
18204,Betwa Express (PT),Exp,SECR,,,CNB,17:40,DURG,13:00,19h 20m,19,M W,SL 3A 2A 1A 3E,875 km,45 km/hr,18203
15662,Kamakhya - Ranchi Express (PT),Exp,NFR,,,KYQ,12:00,RNC,14:35,26h 35m,25,T,SL 3A 2A,1192 km,45 km/hr,15661
16856,Mangaluru Central - Puducherry Express (via Salem) (PT),Exp,SR,,,MAQ,16:35,PDY,10:15,17h 40m,20,F,SL 3A 2A,799 km,45 km/hr,16855
14124,Kanpur Central - MBDD Pratapgarh InterCity Express (UnReserved),Exp,NCR,,,CNB,17:30,MBDP,22:55,5h 25m,13,S M T W T F S,,245 km,45 km/hr,14123
16722,Madurai - Coimbatore Intercity Express (UnReserved),Exp,SR,,,MDU,7:10,CBE,12:15,5h 5m,19,S M T W T F S,,229 km,45 km/hr,16721
11098,Poorna Express,Exp,CR,,,ERS,18:50,PUNE,23:00,28h 10m,31,M,SL 3A 2A,1281 km,45 km/hr,11097
15280,Poorabiya Express (PT),Exp,ECR,,,ANVT,17:10,SHC,19:25,26h 15m,22,M F,SL 3A 2A 1A 3E,1181 km,45 km/hr,15279
14012,Anand Vihar Terminal - Radhikapur Express,Exp,NR,,,ANVT,23:45,RDP,7:10,31h 25m,27,S,SL 3A 2A 1A,1421 km,45 km/hr,14011
14011,Radhikapur - Anand Vihar Terminal Express (PT),Exp,NR,,,RDP,11:00,ANVT,18:50,31h 50m,27,T,SL 3A 2A 1A,1421 km,45 km/hr,14012
11011,Mumbai CSMT - Dhule Express,Exp,CR,,,CSMT,12:00,DHI,20:25,8h 25m,12,S M T W T F S,2S CC,383 km,45 km/hr,11012
17072,Belagavi - Hyderabad Express,Exp,SCR,,,BGM,13:00,HYB,7:00,18h 0m,20,F,SL 3A 2A 1A,813 km,45 km/hr,17071
16228,Talguppa - Mysuru Express (via Bengaluru),Exp,SWR,,,TLGP,20:55,MYS,8:20,11h 25m,25,S M T W T F S,SL CC 3A 2A 1A,509 km,45 km/hr,16227
19204,Veraval - Bandra Terminus Express (PT),Exp,WR,,,VRL,19:00,BDTS,15:50,20h 50m,23,F,SL 3A 2A 1A,937 km,45 km/hr,19203
16525,Kanniyakumari - KSR Bengaluru Express (PT),Exp,SWR,,,CAPE,10:10,SBC,7:00,20h 50m,44,S M T W T F S,SL 3A 2A 1A 3E,929 km,45 km/hr,16526
15305,New Delhi - Rohtak Intercity Express,Exp,NER,,,NDLS,10:45,ROK,12:20,1h 35m,4,S M T W T F S,CC,71 km,45 km/hr,15306
16721,Coimbatore - Madurai Intercity Express (UnReserved),Exp,SR,,,CBE,14:30,MDU,19:35,5h 5m,19,S M T W T F S,,229 km,45 km/hr,16722
16610,Mangaluru Central - Palakkad Jn. Express (UnReserved),Exp,SR,,,MAQ,5:15,PGT,13:05,7h 50m,37,S M T W T F S,,351 km,45 km/hr,16611
11001,Nandigram Express (PT),Exp,CR,,,CSMT,16:35,BPQ,13:25,20h 50m,27,S M T W T F S,SL 3A 2A 1A,939 km,45 km/hr,11002
19722,Bayana - Jaipur Express,Exp,NWR,,,BXN,14:10,JP,20:15,6h 5m,21,S M T W T F S,SL,273 km,45 km/hr,19721
16846,Sengottai - Erode Express (UnReserved),Exp,SR,,,SCT,5:20,ED,15:00,9h 40m,26,S M T W T F S,,438 km,45 km/hr,16845
11807,VGL Jhansi - Agra Cantt MEMU Express (UnReserved),Exp,NCR,,,VGLJ,6:20,AGC,11:05,4h 45m,12,S M T W T F S,,216 km,45 km/hr,11808
19034,Gujarat Queen,Exp,WR,,,ADI,18:10,BL,0:50,6h 40m,24,S M T W T F S,2S CC,299 km,45 km/hr,19033
14510,Bathinda - Ambala Cantt Express (UnReserved),Exp,NR,,,BTI,18:00,UMB,22:30,4h 30m,17,S M T W T F S,,201 km,45 km/hr,14509
14603,Narpatganj - Amritsar Jansadharan Express (UnReserved),Exp,NR,,,NPV,13:15,ASR,2:20,37h 5m,37,F,,1663 km,45 km/hr,14604
19721,Jaipur - Bayana Express,Exp,NWR,,,JP,6:20,BXN,12:20,6h 0m,21,S M T W T F S,SL,273 km,45 km/hr,19722
18417,Puri - Gunupur Express (PT),Exp,ECoR,,,PURI,12:00,GNPR,20:25,8h 25m,35,S M T W T F S,2S SL CC 3A,381 km,45 km/hr,18418
14722,Abohar - Jodhpur Express,Exp,NWR,,,ABS,19:40,JU,10:30,14h 50m,38,S M T W T F S,SL,673 km,45 km/hr,14721
14721,Jodhpur - Bathinda Express,Exp,NWR,,,JU,15:15,BTI,4:35,13h 20m,34,S M T W T F S,SL,600 km,45 km/hr,14722
14653,Hisar - Amritsar Express,Exp,NR,,,HSR,23:55,ASR,7:40,7h 45m,18,S M T W T F S,SL,346 km,45 km/hr,14654
15950,Gomti Nagar - Dibrugarh Amrit Bharat Express,AB,NFR,,,GTNR,18:40,DBRG,12:40,42h 0m,40,S,SL,1894 km,45 km/hr,15949
18309,Sambalpur - Jammu Tawi Express (PT),Exp,ECoR,,,SBP,10:40,JAT,15:00,52h 20m,69,M T T S,SL 3A 2A,2348 km,45 km/hr,18310
13189,Sealdah - Balurghat Express (PT),Exp,ER,,,SDAH,22:30,BLGT,8:30,10h 0m,13,S M T W T F S,SL 3A 2A 1A 3E,445 km,45 km/hr,13190
13017,Ganadevta Express,Exp,ER,,,HWH,6:05,AZ,12:15,6h 10m,13,S M T W T F S,2S SL CC 3A,279 km,45 km/hr,13018
15091,Daurai (Ajmer) - Tanakpur Express,Exp,NER,,,DOZ,16:05,TPU,9:35,17h 30m,22,M T T S,SL 2A 1A 3E,779 km,45 km/hr,15092
14006,Lichchavi Express,Exp,NR,,,ANVT,18:00,SMI,20:20,26h 20m,40,S M T W T F S,SL 3A 2A 1A 3E,1195 km,45 km/hr,14005
11903,Virangana Lakshmibai Jhansi - Etawah Intercity Express,Exp,NCR,,,VGLJ,17:15,ETW,22:00,4h 45m,7,S M T W T F S,SL,216 km,45 km/hr,11904
11756,Rewa - NSC Bose Itwari Express (via Chhindwara),Exp,WCR,,,REWA,17:10,NITR,7:30,14h 20m,12,S T T F,SL 3A 2A 1A,645 km,45 km/hr,11755
17656,Puducherry - Kakinada Port Circar Express (PT),Exp,SCR,,,PDY,13:30,COA,9:25,19h 55m,35,M T S,SL 3A 2A,896 km,45 km/hr,17655
11412,Sangli - Parli Vaijnath DEMU Express (UnReserved),Exp,CR,,,SLI,20:35,PRLI,6:30,9h 55m,22,S M T W T F S,,445 km,45 km/hr,11411
14625,Haridwar - Firozpur Cantt. Weekly Express,Exp,NR,,,HW,14:45,FZR,0:35,9h 50m,13,T,SL 3A 2A,447 km,45 km/hr,14626
15529,Saharsa - Anand Vihar Terminal Jan Sadharan Express (UnReserved),Exp,ECR,,,SHC,14:30,ANVT,18:15,27h 45m,24,W,,1254 km,45 km/hr,15530
14732,Kisan Express,Exp,NWR,,,BTI,5:00,DLI,12:25,7h 25m,18,S M T W T F S,2S SL CC 3E,332 km,45 km/hr,14731
14626,Firozpur Cantt. - Haridwar Weekly Express,Exp,NR,,,FZR,22:40,HW,8:30,9h 50m,13,W,SL 3A 2A,447 km,45 km/hr,14625
17639,Kacheguda - Akola InterCity Express,Exp,SCR,,,KCG,7:10,AK,18:30,11h 20m,18,M,2S 3A,515 km,45 km/hr,17640
22115,Mumbai LTT - Karmali AC SF Express,ACSF,CR,,,LTT,0:50,KRMI,12:40,11h 50m,6,T,3A 2A 1A,535 km,45 km/hr,22116
11107,Bundelkhand Express (PT),Exp,NCR,,,GWL,21:05,BNRS,11:05,14h 0m,27,S M T W T F S,SL 3A 2A 1A 3E,624 km,45 km/hr,11108
16240,Yesvantpur - Chikkamagaluru Express (UnReserved),Exp,SWR,,,YPR,15:40,CMGR,21:05,5h 25m,23,S M T W T F S,,244 km,45 km/hr,16239
13174,Sabroom - Sealdah Kanchanjungha Express (PT),Exp,ER,,,SBRM,6:10,SDAH,19:20,37h 10m,49,S T T S,SL 3A 2A,1665 km,45 km/hr,13173
14101,Prayagraj Sangam - Kanpur Central InterCity Express (UnReserved),Exp,NCR,,,PYGS,16:20,CNB,21:05,4h 45m,12,S M T W T F S,,212 km,45 km/hr,14102
13150,Kanchankanya Express (PT),Exp,ER,,,APDJ,15:40,SDAH,8:20,16h 40m,28,S M T W T F S,SL 3A 2A 1A 3E,753 km,45 km/hr,13149
16605,Ernad Express,Exp,SR,,,MAQ,7:20,TVC,21:15,13h 55m,38,S M T W T F S,2S CC,620 km,45 km/hr,16606
15959,Kamrup Express (via Guwahati) (PT),Exp,NFR,,,HWH,18:35,DBRG,4:25,33h 50m,59,S T W T S,SL 3A 2A,1532 km,45 km/hr,15960
17602,Shri Ganganagar - Kacheguda Express (PT),Exp,SCR,28-Jul,,SGNR,6:55,KCG,7:15,48h 20m,35,T,SL 3A 2A,2450 km,51 km/hr,17601
14023,Delhi - Kurukshetra DEMU Express (UnReserved),Exp,NR,,,DLI,17:55,KKDE,23:25,5h 30m,12,S M T W T F,,247 km,45 km/hr,14024
15675,New Jalpaiguri - Guwahati Intercity Express (PT),Exp,NFR,,,NJP,23:30,GHY,8:30,9h 0m,18,S M T W T F S,SL 2A 3E,407 km,45 km/hr,15676
14733,Bathinda - Jaipur Express,Exp,NWR,,,BTI,21:40,JP,9:15,11h 35m,41,S M T W T F S,SL,526 km,45 km/hr,14734
16302,Venad Express,Exp,SR,,,TVC,5:20,SRR,12:35,7h 15m,26,S M T W T F S,2S CC,325 km,45 km/hr,16301
15002,Dehradun - Muzaffarpur Rapti Ganga Express,Exp,NER,,,DDN,15:15,MFP,16:30,25h 15m,25,S,SL 3A 2A 1A,1124 km,45 km/hr,15001
14151,Kanpur Central - Anand Vihar Terminal Express,Exp,NCR,,,CNB,7:45,ANVT,18:20,10h 35m,12,S,SL 3A 2A 3E,479 km,45 km/hr,14152
17073,Secunderabad - Belagavi Express,Exp,SCR,18-May,,SC,16:30,BGM,10:30,18h 0m,20,M,SL 3A 2A,812 km,45 km/hr,17074
17071,Hyderabad - Belagavi Express,Exp,SCR,,,HYB,16:30,BGM,10:30,18h 0m,20,T,SL 3A 2A 1A,813 km,45 km/hr,17072
13158,Tirhut Express,Exp,ER,,,MFP,14:20,KOAA,3:00,12h 40m,12,W,SL 3A 2A 3E,567 km,45 km/hr,13157
15111,Chhapra - Varanasi City InterCity Express (UnReserved),Exp,NER,,,CPR,5:30,BCY,10:30,5h 0m,14,S M T W T F S,,225 km,45 km/hr,15112
14618,Amritsar - Purnia Court Jan Sewa Express (UnReserved),Exp,NR,,,ASR,6:35,PRNC,18:45,36h 10m,50,S M T W T F S,,1614 km,45 km/hr,14617
17226,SSS Hubballi - Narasapur Amaravati Express,Exp,SCoR,,,UBL,13:00,NS,7:25,18h 25m,26,S M T W T F S,SL 3A 2A,830 km,45 km/hr,17225
17072,Belagavi - Hyderabad Express,Exp,SCR,,,BGM,13:00,HYB,7:00,18h 0m,20,F,SL 3A 2A 1A,813 km,45 km/hr,17071
14795,Ekta Express,Exp,NWR,,,BNW,4:20,KLK,11:00,6h 40m,13,S M T W T F S,SL,299 km,45 km/hr,14796
20624,Malgudi SF Express,SF,SR,,,SBC,13:50,AP,17:00,3h 10m,8,S M T W T F S,CC,143 km,45 km/hr,20623
17289,Kakinada Town - Mysuru Express (PT),Exp,SCoR,,,CCT,9:00,MYS,16:00,31h 0m,32,M F,SL 3A 2A 1A,1393 km,45 km/hr,17290
15211,Jan Nayak Express (UnReserved),Exp,ECR,,,DBG,17:15,ASR,1:55,32h 40m,43,S M T W T F S,,1486 km,45 km/hr,15212
16563,Bengaluru Cantt. - Kalaburagi Express,Exp,SWR,16-May,,BNC,22:00,KLBG,10:20,12h 20m,12,S,SL,553 km,45 km/hr,16564
18101,Tatanagar - Jammu Tawi Express (PT),Exp,SER,,,TATA,16:55,JAT,15:00,46h 5m,59,S W F,SL 3A 2A 3E,2069 km,45 km/hr,18102
15950,Gomti Nagar - Dibrugarh Amrit Bharat Express,AB,NFR,,,GTNR,18:40,DBRG,12:40,42h 0m,40,S,SL,1894 km,45 km/hr,15949
13288,South Bihar Express (PT),Exp,ECR,,,ARA,18:45,DURG,20:40,25h 55m,55,S M T W T F S,SL 3A 2A 1A 3E,1161 km,45 km/hr,13287
17011,Hyderabad - Sirpur Kaghaznagar Intercity Express (PT),Exp,SCR,,,HYB,4:35,SKZR,11:20,6h 45m,20,S M T W T F S,2S CC,306 km,45 km/hr,17012
13010,Doon Express (PT),Exp,ER,,,YNRK,20:55,HWH,7:00,34h 5m,72,S M T W T F S,SL 3A 2A 1A,1533 km,45 km/hr,13009
17408,Pamani Express,Exp,SCoR,,,MQ,5:10,TPTY,15:30,10h 20m,18,M W F,2S SL 3A,464 km,45 km/hr,17407
17407,Pamani Express (PT),Exp,SCoR,,,TPTY,11:55,MQ,22:20,10h 25m,18,S T T,2S SL 3A,464 km,45 km/hr,17408
13135,Kolkata - Jaynagar Weekly Express (PT),Exp,ER,,,KOAA,20:55,JYG,10:45,13h 50m,15,S,SL 3A 2A 1A 3E,620 km,45 km/hr,13136
15484,Sikkim Mahananda Express,Exp,NFR,,,DLI,7:35,APDJ,20:50,37h 15m,59,S M T W T F S,SL 3A 2A 1A 3E,1666 km,45 km/hr,15483
15638,Khongsang - Agartala Express (PT),Exp,NFR,,,KGBP,14:45,AGTL,22:30,7h 45m,10,M W F,2S CC EV,348 km,45 km/hr,15637
19406,Gandhidham - Palanpur Express,Exp,WR,,,GIMB,5:35,PNU,12:15,6h 40m,31,S M T W T F S,SL,301 km,45 km/hr,19405
13016,Jamalpur - Howrah Kavi Guru Express,Exp,ER,,,JMP,6:25,HWH,16:30,10h 5m,18,S M T W T F S,2S SL CC 3A,453 km,45 km/hr,13015
17237,Bitragunta - MGR Chennai Central MEMU Express,Exp,SCoR,,,BTTR,4:25,MAS,9:05,4h 40m,12,M T W T F,2S,210 km,45 km/hr,17238
17064,Ajanta Express (PT),Exp,SCR,,,KCG,18:30,MMR,8:30,14h 0m,20,S M T W T F S,SL 3A 2A 1A,626 km,45 km/hr,17063
14673,Shaheed Express (PT),Exp,NR,,,JYG,7:15,ASR,17:50,34h 35m,51,M W T S,SL 3A 2A 1A 3E,1568 km,45 km/hr,14674
18052,Rourkela - Badampahar Express,Exp,SER,,,ROU,14:20,BMPR,20:00,5h 40m,9,S,SL 3A,252 km,45 km/hr,18051
18022,Khurda Road - Kharagpur Express,Exp,SER,,,KUR,16:30,KGP,0:30,8h 0m,32,S M T W T F S,2S CC,363 km,45 km/hr,18021
15159,Sarnath Express,Exp,NER,,,CPR,7:10,DURG,7:05,23h 55m,45,S M T W T F S,SL 3A 2A 1A 3E,1076 km,45 km/hr,15160
19712,Bhopal - Khatipura (Jaipur) Express (PT),Exp,NWR,,,BPL,16:30,KWP,10:35,18h 5m,36,S M T W T F S,SL 3A 2A 1A 3E,806 km,45 km/hr,19711
11404,SCSMT Kolhapur - Nagpur Express,Exp,CR,,,KOP,12:45,NGP,12:00,23h 15m,22,M F,SL 3A 2A,1038 km,45 km/hr,11403
18034,Ghatsila - Howrah MEMU Express (UnReserved),Exp,SER,,,GTS,14:35,HWH,19:20,4h 45m,20,S M T W T F,,212 km,45 km/hr,18033
15675,New Jalpaiguri - Guwahati Intercity Express (PT),Exp,NFR,,,NJP,23:30,GHY,8:30,9h 0m,18,S M T W T F S,SL 2A 3E,407 km,45 km/hr,15676
19571,Rajkot - Porbandar Express (UnReserved),Exp,WR,,,RJT,7:25,PBR,11:55,4h 30m,16,S M T W T F S,,202 km,45 km/hr,19572
15002,Dehradun - Muzaffarpur Rapti Ganga Express,Exp,NER,,,DDN,15:15,MFP,16:30,25h 15m,25,S,SL 3A 2A 1A,1124 km,45 km/hr,15001
11412,Sangli - Parli Vaijnath DEMU Express (UnReserved),Exp,CR,,,SLI,20:35,PRLI,6:30,9h 55m,22,S M T W T F S,,445 km,45 km/hr,11411
16522,KSR Bengaluru - Bangarapet MEMU Express (UnReserved),Exp,SWR,,,SBC,19:40,BWT,21:15,1h 35m,6,S M T W T F S,,70 km,44 km/hr,16521
16213,Arsikere - SSS Hubballi MEMU Express (UnReserved),Exp,SWR,,,ASK,5:45,UBL,12:35,6h 50m,34,S M T W T F S,,304 km,44 km/hr,16214
16549,KSR Bengaluru - Kolar MEMU Express (UnReserved),Exp,SWR,,,SBC,18:20,KQZ,21:43,3h 23m,22,M T W T F S,,149 km,44 km/hr,16550
17439,Tirupati - Srikakulam Road Humsafar Express,Hms,SCoR,,,TPTY,16:55,CHE,12:30,19h 35m,18,S,SL 3A,852 km,44 km/hr,17440
19621,Phulera - Rewari Express (UnReserved),Exp,NWR,,,FL,2:40,RE,7:35,4h 55m,24,S M T W T F S,,216 km,44 km/hr,19622
16649,Parasuram Express,Exp,SR,,,MAQ,5:00,CAPE,21:30,16h 30m,55,S M T W T F S,2S CC,719 km,44 km/hr,16650
75706,Siliguri - Radhikapur DEMU Intercity Express (UnReserved),Exp,NFR,,,SGUJ,6:00,RDP,10:55,4h 55m,14,S M T W T F S,,218 km,44 km/hr,75705
13145,Kolkata - Radhikapur Express,Exp,ER,,,KOAA,20:40,RDP,7:40,11h 0m,20,S M T W T F S,SL 3A 2A 1A 3E,479 km,44 km/hr,13146
17480,Tirupati - Puri Express (PT),Exp,SCoR,,,TPTY,11:05,PURI,14:50,27h 45m,59,M T W F S,SL 3A 2A,1233 km,44 km/hr,17479
18422,Sonepur - Puri Weekly Express,Exp,ECoR,,,SNPU,19:00,PURI,6:40,11h 40m,14,F,SL 3A 2A 3E,516 km,44 km/hr,18421
17378,Mangaluru Central - Vijayapura Express,Exp,SWR,,,MAQ,16:45,BJP,10:30,17h 45m,26,S M T W T F S,SL 3A 2A,789 km,44 km/hr,17377
17423,Tirupati - Chikkamagaluru Weekly Express,Exp,SCoR,,,TPTY,21:00,CMGR,10:30,13h 30m,18,T,SL 3A 2A,594 km,44 km/hr,17424
16054,Tirupati - MGR Chennai Central Express,Exp,SR,,,TPTY,10:10,MAS,13:30,3h 20m,7,S M T W T F S,2S CC,147 km,44 km/hr,16053
17416,Haripriya Express (PT),Exp,SCoR,,,KOP,11:50,TPTY,8:15,20h 25m,27,S M T W T F S,SL 3A 2A 1A 3E,904 km,44 km/hr,17415
17607,Kacheguda - Tiruchanur Weekly Express (PT),Exp,SCR,20-Aug,,KCG,21:30,TCNR,11:55,14h 25m,9,T,SL 3A 2A,661 km,46 km/hr,17608
16592,Hampi Express,Exp,SWR,,,MYS,18:50,UBL,10:20,15h 30m,26,S M T W T F S,SL 3A 2A 1A,678 km,44 km/hr,16591
17044,Anakapalle - Secunderabad AC Express,ACExp,SCR,18-May,,AKP,17:35,SC,8:40,15h 5m,14,M,3A 2A 1A,657 km,44 km/hr,17043
18239,Shivnath Express,Exp,SECR,,,KRBA,18:13,NITR,5:30,11h 17m,28,S M T W T F S,SL 3A 2A 1A 3E,498 km,44 km/hr,18240
17252,Kacheguda - Guntur Express (PT),Exp,SCoR,,,KCG,20:45,GNT,11:00,14h 15m,31,S M T W T F S,SL 3A,623 km,44 km/hr,17251
17227,Dhone - Guntur Express (UnReserved),Exp,SCoR,,,DHNE,6:30,GNT,14:00,7h 30m,18,S M T W T F S,,333 km,44 km/hr,17228
15038,Kasganj - Kanpur Anwarganj Express (UnReserved),Exp,NER,,,KSJ,12:55,CPA,18:30,5h 35m,17,S M T W T F S,,245 km,44 km/hr,15037
14304,Haridwar - Delhi Express (via Meerut) (UnReserved),Exp,NR,,,HW,9:00,DLI,14:40,5h 40m,16,S M T W T F S,,249 km,44 km/hr,14303
13153,Gour Express (PT),Exp,ER,,,SDAH,22:05,MLDT,6:05,8h 0m,9,S M T W T F S,SL 3A 2A 1A,350 km,44 km/hr,13154
18205,Durg - Nautanwa Express (via Ayodhya Cantt.) (PT),Exp,SECR,,,DURG,20:05,NTV,21:55,25h 50m,25,T,SL 3A 2A 1A 3E,1144 km,44 km/hr,18206
16214,SSS Hubballi - Arsikere MEMU Express (UnReserved),Exp,SWR,,,UBL,15:00,ASK,21:55,6h 55m,34,S M T W T F S,,304 km,44 km/hr,16213
18635,Ranchi - Sasaram Intercity Express,Exp,SER,,,RNC,17:00,SSM,1:10,8h 10m,14,M T W T F S,CC,361 km,44 km/hr,18636
16347,Thiruvananthapuram Central - Mangaluru Central Express (PT),Exp,SR,,,TVC,20:55,MAQ,11:20,14h 25m,46,S M T W T F S,SL 3A 2A 3E,632 km,44 km/hr,16348
10104,Mandovi Express (PT),Exp,KR,,,MAO,8:30,CSMT,21:45,13h 15m,18,S M T W T F S,SL 3A 2A 1A 3E,581 km,44 km/hr,10103
17428,Narasapur - Tirupati Express,Exp,SCoR,27-Apr,,NS,15:50,TPTY,3:40,11h 50m,12,M,SL 3A 2A,526 km,44 km/hr,17427
17043,Secunderabad - Anakapalle AC Express,ACExp,SCR,24-May,,SC,21:00,AKP,12:00,15h 0m,14,S,3A 2A 1A,657 km,44 km/hr,17044
17074,Belagavi - Secunderabad Express,Exp,SCR,19-May,,BGM,13:00,SC,7:15,18h 15m,20,T,SL 3A 2A,812 km,44 km/hr,17073
15093,Achhnera - Tanakpur Intercity Express,Exp,NER,31-Aug,,AH,15:30,TPU,23:45,8h 15m,15,S M T T F,CC,363 km,44 km/hr,15094
19058,Mangaluru Jn. - Surat Express (PT),Exp,WR,4-Jun,,MAJN,22:30,ST,23:45,25h 15m,36,M T,SL 3A 2A,1109 km,44 km/hr,19057
15136,Amritsar - Chhapra Express,Exp,NER,,,ASR,17:45,CPR,23:55,30h 10m,18,S,SL 3A 2A 1A 3E,1313 km,44 km/hr,15135
16593,KSR Bengaluru - Hazur Sahib Nanded Express,Exp,SWR,,,SBC,23:20,NED,23:10,23h 50m,35,S M T W T F S,SL 3A 2A,1039 km,44 km/hr,16594
13023,Howrah - Gaya Express (PT),Exp,ER,,,HWH,20:00,GAYA,10:55,14h 55m,34,S M T W T F S,SL 3A 2A,654 km,44 km/hr,13024
12210,Kathgodam - Kanpur Central Garib Rath Express,GR,NR,,,KGM,18:15,CNB,4:35,10h 20m,8,M,3A,459 km,44 km/hr,12209
17605,Kacheguda - Bhagat Ki Kothi Express (PT),Exp,SCR,,,KCG,23:35,BGKT,19:40,44h 5m,31,S M T W T F S,SL 3A 2A,1949 km,44 km/hr,17606
15009,Gorakhpur - Izzatnagar Express,Exp,NER,,,GKP,22:15,IZN,13:05,14h 50m,28,S M T W T F S,SL 3A 2A 1A,646 km,44 km/hr,15010
11030,Koyna Express,Exp,CR,,,KOP,8:25,CSMT,20:05,11h 40m,28,S M T W T F S,2S SL CC 3A 2A 1A,518 km,44 km/hr,11029
19058,Mangaluru Jn. - Surat Express (PT),Exp,WR,4-Jun,,MAJN,22:30,ST,23:45,25h 15m,36,M T,SL 3A 2A,1109 km,44 km/hr,19057
19303,Indore - Bhopal Express,Exp,WR,,,INDB,23:15,BPL,5:10,5h 55m,12,S M T W T F S,SL 3A,263 km,44 km/hr,19304
14616,Amritsar - Lalkuan Weekly Express (via Kashipur),Exp,NR,,,ASR,5:55,LKU,21:10,15h 15m,16,S,SL 3A 2A 3E,675 km,44 km/hr,14615
14615,Lalkuan - Amritsar Weekly Express (via Kashipur),Exp,NR,,,LKU,23:40,ASR,15:00,15h 20m,16,S,SL 3A 2A 3E,675 km,44 km/hr,14616
11029,Koyna Express,Exp,CR,,,CSMT,8:40,KOP,20:25,11h 45m,28,S M T W T F S,2S SL CC 3A 2A 1A,518 km,44 km/hr,11030
14504,Shri Mata Vaishno Devi Katra - Kalka Express,Exp,NR,,,SVDK,18:15,KLK,5:15,11h 0m,7,W S,SL 3A 2A,479 km,44 km/hr,14503
17644,Kakinada Port - Chengalpattu Circar Express (PT),Exp,SCR,,,COA,14:30,CGL,7:30,17h 0m,32,S T W F,SL 3A 2A,756 km,44 km/hr,17643
15094,Tanakpur - Achhnera Intercity Express,Exp,NER,31-Aug,,TPU,4:05,AH,12:20,8h 15m,15,S M T T F,CC,363 km,44 km/hr,15093
15093,Achhnera - Tanakpur Intercity Express,Exp,NER,31-Aug,,AH,15:30,TPU,23:45,8h 15m,15,S M T T F,CC,363 km,44 km/hr,15094
15567,Bapudham Motihari - Anand Vihar Terminal Amrit Bharat Express (PT),AB,ECR,,,BMKI,8:00,ANVT,6:10,22h 10m,16,T F,SL,978 km,44 km/hr,15568
16606,Ernad Express,Exp,SR,,,TVC,3:40,MAQ,17:40,14h 0m,38,S M T W T F S,2S CC,620 km,44 km/hr,16605
15817,Donyi Polo Express (PT),Exp,NFR,,,SKHV,19:00,NHLN,8:15,13h 15m,21,S M T W T F S,2S SL 3A 2A 1A,578 km,44 km/hr,15818
13308,Ganga Sutlej Express,Exp,ECR,,,FZR,16:40,DHN,4:55,36h 15m,66,S M T W T F S,SL 3A 2A 1A 3E,1602 km,44 km/hr,13307
13307,Ganga Sutlej Express (PT),Exp,ECR,,,DHN,21:50,FZR,10:00,36h 10m,69,S M T W T F S,SL 3A 2A 1A 3E,1602 km,44 km/hr,13308
11405,Pune - Amravati Express (via Latur),Exp,CR,,,PUNE,22:45,AMI,17:30,18h 45m,19,S F,SL 3A 2A 1A,820 km,44 km/hr,11406
14235,Varanasi - Bareilly Express,Exp,NR,,,BSB,23:05,BE,11:55,12h 50m,28,S M T W T F S,SL 3A 2A 1A,558 km,44 km/hr,14236
16301,Venad Express,Exp,SR,,,SRR,14:35,TVC,22:00,7h 25m,26,S M T W T F S,2S CC,325 km,44 km/hr,16302
16188,Ernakulam Jn. - Karaikkal Express (PT),Exp,SR,,,ERS,22:25,KIK,11:45,13h 20m,24,S M T W T F S,SL 3A 2A,592 km,44 km/hr,16187
17439,Tirupati - Srikakulam Road Humsafar Express,Hms,SCoR,,,TPTY,16:55,CHE,12:30,19h 35m,18,S,SL 3A,852 km,44 km/hr,17440
11420,SCSMT Kolhapur - Pune Express,Exp,CR,20-Oct,,KOP,21:50,PUNE,5:10,7h 20m,20,S M T W T F S,SL 3A 2A,326 km,44 km/hr,11419
17423,Tirupati - Chikkamagaluru Weekly Express,Exp,SCoR,,,TPTY,21:00,CMGR,10:30,13h 30m,18,T,SL 3A 2A,594 km,44 km/hr,17424
15743,Farakka Express (via Ayodhya Cantt) (PT),Exp,NFR,,,BLGT,17:00,BTI,11:50,42h 50m,77,S T W F,SL 3A 2A,1867 km,44 km/hr,15744
16364,Velankanni - Ernakulam Jn. Weekly Express (via Tiruchchirappalli),Exp,SR,19-Mar,,VLNK,19:45,ERS,11:55,16h 10m,27,T,SL 3A 2A,717 km,44 km/hr,16363
16342,Thiruvananthapuram Central - Guruvayur InterCity Express,Exp,SR,,,TVC,17:30,GUV,0:20,6h 50m,20,S M T W T F S,2S CC,303 km,44 km/hr,16341
15112,Varanasi City - Chhapra InterCity Express (UnReserved),Exp,NER,,,BCY,18:45,CPR,23:50,5h 5m,14,S M T W T F S,,225 km,44 km/hr,15111
17378,Mangaluru Central - Vijayapura Express,Exp,SWR,,,MAQ,16:45,BJP,10:30,17h 45m,26,S M T W T F S,SL 3A 2A,789 km,44 km/hr,17377
15272,Muzaffarpur - Howrah Jan Sadharan Express (UnReserved),Exp,ECR,,,MFP,14:40,HWH,3:05,12h 25m,10,T,,551 km,44 km/hr,15271
17044,Anakapalle - Secunderabad AC Express,ACExp,SCR,18-May,,AKP,17:35,SC,8:40,15h 5m,14,M,3A 2A 1A,657 km,44 km/hr,17043
16595,Panchaganga Express,Exp,SWR,,,SBC,18:50,KAWR,8:40,13h 50m,20,S M T W T F S,SL 3A 2A 1A 3E,612 km,44 km/hr,16596
13151,Kolkata - Jammu Tawi Express (PT),Exp,ER,,,KOAA,11:45,JAT,8:50,45h 5m,84,S M T W T F S,SL 3A 2A 3E,1986 km,44 km/hr,13152
11097,Poorna Express (PT),Exp,CR,,,PUNE,22:25,ERS,3:15,28h 50m,32,S,SL 3A 2A,1281 km,44 km/hr,11098
15012,Chandigarh - Lucknow Jn. Express,Exp,NER,,,CDG,17:15,LJN,9:10,15h 55m,18,S M T W T F S,SL 3A 2A 3E,702 km,44 km/hr,15011
17607,Kacheguda - Tiruchanur Weekly Express (PT),Exp,SCR,20-Aug,,KCG,21:30,TCNR,11:55,14h 25m,9,T,SL 3A 2A,661 km,46 km/hr,17608
13287,South Bihar Express (PT),Exp,ECR,,,DURG,6:50,ARA,9:30,26h 40m,54,S M T W T F S,SL 3A 2A 1A 3E,1161 km,44 km/hr,13288
17240,Simhadri Express,Exp,SCoR,,,VSKP,7:10,GNT,15:55,8h 45m,22,S M T W T F S,2S CC 3A,382 km,44 km/hr,17239
17239,Simhadri Express,Exp,SCoR,,,GNT,7:55,VSKP,16:40,8h 45m,22,S M T W T F S,2S CC 3A,382 km,44 km/hr,17240
13009,Doon Express (PT),Exp,ER,,,HWH,20:25,YNRK,7:10,34h 45m,71,S M T W T F S,SL 3A 2A 1A,1533 km,44 km/hr,13010
13417,Digha - Malda Town Express,Exp,ER,,,DGHA,23:40,MLDT,14:25,14h 45m,17,T,SL 3A,656 km,44 km/hr,13418
13015,Howrah - Jamalpur Kavi Guru Express,Exp,ER,,,HWH,10:55,JMP,21:15,10h 20m,18,S M T W T F S,2S SL CC 3A,453 km,44 km/hr,13016
14674,Shaheed Express (PT),Exp,NR,,,ASR,13:05,JYG,0:45,35h 40m,50,S T T F,SL 3A 2A 1A 3E,1568 km,44 km/hr,14673
17074,Belagavi - Secunderabad Express,Exp,SCR,19-May,,BGM,13:00,SC,7:15,18h 15m,20,T,SL 3A 2A,812 km,44 km/hr,17073
19207,Porbandar - Rajkot Express (UnReserved),Exp,WR,,,PBR,5:45,RJT,10:20,4h 35m,16,S M T W T F S,,202 km,44 km/hr,19208
13508,Gorakhpur - Asansol Express,Exp,ER,,,GKP,20:50,ASN,11:25,14h 35m,13,S,SL 3A 2A,643 km,44 km/hr,13507
14816,Rishikesh - Shri Ganganagar Intercity Express,Exp,NWR,,,RKSH,12:45,SGNR,0:10,11h 25m,21,S M T W T F S,SL 3A 2A,508 km,44 km/hr,14815
14650,Saryu Yamuna Express,Exp,NR,,,ASR,13:05,JYG,0:45,35h 40m,51,M W S,SL 3A 2A 1A 3E,1586 km,44 km/hr,14649
16057,Sapthagiri Express,Exp,SR,,,MAS,6:30,TPTY,9:50,3h 20m,7,S M T W T F S,2S CC,147 km,44 km/hr,16058
13153,Gour Express (PT),Exp,ER,,,SDAH,22:05,MLDT,6:05,8h 0m,9,S M T W T F S,SL 3A 2A 1A,350 km,44 km/hr,13154
14892,Hisar - Jodhpur Express (UnReserved),Exp,NWR,,,HSR,6:30,JU,17:10,10h 40m,47,S M T W T F S,,470 km,44 km/hr,14891
17439,Tirupati - Srikakulam Road Humsafar Express,Hms,SCoR,,,TPTY,16:55,CHE,12:30,19h 35m,18,S,SL 3A,852 km,44 km/hr,17440
14017,Raxaul - Anand Vihar Terminal Sadbhavana Express (Via Ayodhya Cantt) (PT),Exp,NR,,,RXL,23:45,ANVT,4:45,29h 0m,35,T,SL 3A 2A 1A 3E,1286 km,44 km/hr,14018
13011,Howrah - Malda Town Intercity Express (via Rampurhat) (PT),Exp,ER,,,HWH,15:25,MLDT,23:10,7h 45m,17,S M T W T F S,2S CC,343 km,44 km/hr,13012
19165,Ahmedabad - Darbhanga Sabarmati Express (PT),Exp,WR,,,ADI,23:10,DBG,19:25,44h 15m,63,S W F,SL 3A 2A 1A 3E,1935 km,44 km/hr,19166
14212,New Delhi - Agra Cantt Intercity Express,Exp,NR,,,NDLS,17:40,AGC,22:05,4h 25m,16,S M T W T F S,2S CC 2A 1A,195 km,44 km/hr,14211
14804,Jammu Tawi - Bhagat Ki Kothi Express,Exp,NWR,,,JAT,8:40,BGKT,9:30,24h 50m,36,S M T W T F S,SL 3A 2A 3E,1094 km,44 km/hr,14803
15134,Anand Vihar Terminal - Chhapra Amrit Bharat Express,AB,NER,,,ANVT,0:20,CPR,22:50,22h 30m,16,W S,SL,1000 km,44 km/hr,15133
11420,SCSMT Kolhapur - Pune Express,Exp,CR,20-Oct,,KOP,21:50,PUNE,5:10,7h 20m,20,S M T W T F S,SL 3A 2A,326 km,44 km/hr,11419
16519,Jolarpettai - KSR Bengaluru MEMU Express (UnReserved),Exp,SWR,,,JTJ,4:30,SBC,7:50,3h 20m,16,S M T W T F S,,145 km,43 km/hr,16520
18612,Banaras - Ranchi Express,Exp,SER,,,BNRS,14:50,RNC,4:20,13h 30m,26,S T W F S,SL 3A,578 km,43 km/hr,18611
16225,Mysuru - Shivamogga Town Express (UnReserved),Exp,SWR,,,MYS,10:15,SMET,16:40,6h 25m,14,S M T W T F S,,276 km,43 km/hr,16226
19617,Madar - Rewari Express (UnReserved),Exp,NWR,,,MDJN,17:10,RE,23:50,6h 40m,30,S M T W T F S,,289 km,43 km/hr,19618
17233,Bhagyanagar Express,Exp,SCoR,,,SC,15:35,SKZR,22:30,6h 55m,26,S M T W T F S,2S CC 3E,297 km,43 km/hr,17234
13024,Gaya - Howrah Express (PT),Exp,ER,,,GAYA,12:10,HWH,3:15,15h 5m,33,S M T W T F S,SL 3A 2A,654 km,43 km/hr,13023
14610,Hemkunt Express,Exp,NR,,,SVDK,16:40,YNRK,8:30,15h 50m,20,S M T W T F S,SL 3A 2A 3E,679 km,43 km/hr,14609
15661,Ranchi - Kamakhya Express (PT),Exp,NFR,,,RNC,20:25,KYQ,23:55,27h 30m,24,W,SL 3A 2A,1192 km,43 km/hr,15662
15039,Kanpur Anwarganj - Kasganj Express (UnReserved),Exp,NER,,,CPA,15:10,KSJ,20:55,5h 45m,17,S M T W T F S,,245 km,43 km/hr,15040
18247,Bilaspur - Rewa Express,Exp,SECR,,,BSP,19:20,REWA,6:05,10h 45m,26,S M T W T F S,SL 3A,467 km,43 km/hr,18248
18615,Kriya Yoga Express (PT),Exp,SER,,,HWH,21:10,HTE,6:50,9h 40m,15,S M T W T F S,SL 3A 2A 1A 3E,418 km,43 km/hr,18616
16545,Yesvantpur - Sindhanur Express,Exp,SWR,,,YPR,20:25,SNNR,10:55,14h 30m,41,S M T W T F S,SL 3A,623 km,43 km/hr,16546
15041,Farrukhabad - Kasganj Express (UnReserved),Exp,NER,,,FBD,7:15,KSJ,9:45,2h 30m,6,S M T W T F S,,107 km,43 km/hr,15042
13415,Malda Town - Patna Express (PT),Exp,ER,,,MLDT,20:20,PNBE,5:45,9h 25m,17,S W F,SL 3A 2A,403 km,43 km/hr,13416
17040,Vasco-da-Gama - Secunderabad Express,Exp,SCR,,,VSG,8:40,SC,4:00,19h 20m,19,T S,SL 3A 2A,823 km,43 km/hr,17039
13332,Patna - Dhanbad InterCity Express,Exp,ECR,,,PNBE,8:30,DHN,17:05,8h 35m,23,S M T W T F S,SL 3A 2A,369 km,43 km/hr,13331
17228,Guntur - Dhone Express (UnReserved),Exp,SCoR,,,GNT,13:00,DHNE,20:45,7h 45m,17,S M T W T F S,,333 km,43 km/hr,17227
18234,Narmada Express,Exp,SECR,,,BSP,11:35,INDB,10:55,23h 20m,51,S M T W T F S,SL 3A 2A 1A,1007 km,43 km/hr,18233
17435,Kacheguda - Kurnool City Express (UnReserved),Exp,SCR,,,KCG,18:10,KRNT,23:40,5h 30m,17,S M T W T F S,,236 km,43 km/hr,17436
17660,Kakatiya Express,Exp,SCR,,,BDCR,5:10,SC,11:40,6h 30m,26,S M T W T F S,2S CC,281 km,43 km/hr,17659
15130,Varanasi City - Gorakhpur Cantt InterCity Express (UnReserved),Exp,NER,,,BCY,11:50,GKC,17:00,5h 10m,15,S M T W T F S,,224 km,43 km/hr,15129
11705,Jabalpur - Rewa Express,Exp,WCR,,,JBP,7:10,REWA,12:45,5h 35m,24,S M T W T F S,2S CC,238 km,43 km/hr,11706
14303,Delhi - Haridwar Express (via Meerut) (UnReserved),Exp,NR,,,DLI,17:45,HW,23:30,5h 45m,16,S M T W T F S,,249 km,43 km/hr,14304
13155,Mithilanchal Express (PT),Exp,ER,,,KOAA,20:55,SMI,11:15,14h 20m,18,S T,SL 3A 2A 3E,620 km,43 km/hr,13156
13156,Mithilanchal Express,Exp,ER,,,SMI,12:35,KOAA,3:00,14h 25m,18,M F,SL 3A 2A 3E,620 km,43 km/hr,13155
17292,Tiruvannamalai - Narasapur Express,Exp,SCoR,2-Jul,,TNM,11:00,NS,3:50,16h 50m,18,T,SL 3A 2A,723 km,43 km/hr,17291
15310,Ramnagar - Dehradun Intercity Express,Exp,NER,5-Aug,,RMR,5:50,DDN,12:40,6h 50m,6,W F,2S SL CC 3A 2A,296 km,43 km/hr,15309
17059,Charlapalli - Tiruchanur Express (via Dhone ) (PT),Exp,SCR,17-May,,CHZ,21:30,TCNR,12:30,15h 0m,14,S,SL 3A 2A,649 km,43 km/hr,17060
17442,Charlapalli - Tirupati Express (PT),Exp,SCoR,27-May,,CHZ,21:30,TPTY,12:30,15h 0m,13,W,SL 3A 2A,729 km,49 km/hr,17441
17437,Tirupati - Pandharpur Express (PT),Exp,SCoR,16-May,,TPTY,16:00,PVR,19:00,27h 0m,26,S,SL 3A 2A,1160 km,43 km/hr,17438
19056,Udhna - Bandra Terminus Intercity Express,Exp,WR,1-Aug,,UDN,15:45,BDTS,21:35,5h 50m,25,S M T W T F S,2S SL CC,248 km,43 km/hr,19055
14663,New Jalpaiguri - Amritsar Amrit Bharat Express,AB,NR,16-May,,NJP,8:00,ASR,2:20,42h 20m,35,S,SL,1834 km,43 km/hr,14664
18614,Chopan - Ranchi Express (via Barkakana) (UnReserved),Exp,SER,,,CPU,8:10,RNC,19:10,11h 0m,19,S W F,,476 km,43 km/hr,18613
19719,Jaipur - Suratgarh Express (UnReserved),Exp,NWR,,,JP,5:00,SOG,18:10,13h 10m,53,S M T W T F S,,560 km,43 km/hr,19720
19720,Suratgarh - Jaipur Express (UnReserved),Exp,NWR,,,SOG,8:00,JP,21:00,13h 0m,53,S M T W T F S,,560 km,43 km/hr,19719
17688,Marathwada Express,Exp,SCR,,,DAB,4:00,MMR,13:40,9h 40m,21,S M T W T F S,2S CC,419 km,43 km/hr,17687
12091,Doon - Naini Jan Shatabdi Express,JShtb,NER,,,DDN,15:55,KGM,23:40,7h 45m,8,S M T T S,2S CC,335 km,43 km/hr,12092
22928,Lokshakti Express (PT),SF,WR,,,VDG,18:20,BDTS,5:25,11h 5m,18,S M T W T F S,SL 3A 2A 1A 3E,584 km,53 km/hr,22927
22928,Lokshakti Express (PT),SF,WR,,,VDG,18:20,BDTS,5:25,11h 5m,18,S M T W T F S,SL 3A 2A 1A 3E,584 km,53 km/hr,22927
17211,Kondaveedu Express (PT),Exp,SCoR,,,MTM,15:55,YPR,9:55,18h 0m,18,M W F,SL 3A 2A 1A,778 km,43 km/hr,17212
13105,Sealdah - Ballia Express (PT),Exp,ER,,,SDAH,13:40,BUI,5:30,15h 50m,32,S M T W T F S,SL 3A 2A 1A,680 km,43 km/hr,13106
18110,NSC Bose Itwari - Tatanagar Express,Exp,SER,,,NITR,0:05,TATA,20:20,20h 15m,68,S M T W T F S,2S SL 3A,876 km,43 km/hr,18109
13175,Sealdah - Silchar Kanchanjungha Express (PT),Exp,ER,,,SDAH,6:50,SCL,14:40,31h 50m,39,M W S,SL 3A 2A,1359 km,43 km/hr,13176
13176,Silchar - Sealdah Kanchanjungha Express (PT),Exp,ER,,,SCL,11:35,SDAH,19:20,31h 45m,39,M W F,SL 3A 2A,1359 km,43 km/hr,13175
17664,Jalna - Raichur Express,Exp,SCR,,,J,17:30,RC,10:30,17h 0m,31,S M T W T F S,SL 3A 2A,735 km,43 km/hr,17663
17625,Delta Express (PT),Exp,SCR,,,KCG,22:20,RAL,6:25,8h 5m,12,S M T W T F S,SL 3A 2A,347 km,43 km/hr,17626
17292,Tiruvannamalai - Narasapur Express,Exp,SCoR,2-Jul,,TNM,11:00,NS,3:50,16h 50m,18,T,SL 3A 2A,723 km,43 km/hr,17291
17077,Charlapalli - Tiruchchirappalli Express (PT),Exp,SCR,7-Jul,,CHZ,17:20,TPJ,18:45,25h 25m,22,T,SL 3A 2A,1093 km,43 km/hr,17078
16219,Chamarajanagar - Tirupati Express,Exp,SWR,,,CMNR,15:50,TPTY,4:05,12h 15m,31,S M T W T F S,SL 3A 2A 1A,532 km,43 km/hr,16220
17643,Chengalpattu - Kakinada Port Circar Express (PT),Exp,SCR,,,CGL,16:00,COA,9:25,17h 25m,32,S T W F,SL 3A 2A,756 km,43 km/hr,17644
18241,Durg - Ambikapur Express (PT),Exp,SECR,,,DURG,21:05,ABKP,8:00,10h 55m,19,S M T W T F S,SL 3A 2A 1A,467 km,43 km/hr,18242
15137,Budh Purnima Express,Exp,NER,,,RGD,21:30,BNRS,7:15,9h 45m,20,S M T W T F S,SL 3A 2A,418 km,43 km/hr,15138
15053,Chhapra - Gomti Nagar Express (Via Varanasi),Exp,NER,,,CPR,19:35,GTNR,7:50,12h 15m,12,S M T W T F S,SL 3A 2A 1A 3E,521 km,43 km/hr,15054
13173,Sealdah - Sabroom Kanchanjungha Express (PT),Exp,ER,,,SDAH,6:50,SBRM,21:10,38h 20m,49,S T T F,SL 3A 2A,1665 km,43 km/hr,13174
15310,Ramnagar - Dehradun Intercity Express,Exp,NER,5-Aug,,RMR,5:50,DDN,12:40,6h 50m,6,W F,2S SL CC 3A 2A,296 km,43 km/hr,15309
13063,Howrah - Balurghat Express,Exp,ER,,,HWH,7:50,BLGT,17:55,10h 5m,13,M T W T F,2S SL 3A 2A,439 km,43 km/hr,13064
16573,Yesvantpur - Puducherry Weekly Express,Exp,SWR,,,YPR,20:45,PDY,7:15,10h 30m,8,F,SL 3A 2A 1A,456 km,43 km/hr,16574
15232,Gondia - Barauni Express (PT),Exp,ECR,,,G,21:25,BJU,8:30,35h 5m,36,S M T W T F S,SL 3A 2A 1A 3E,1522 km,43 km/hr,15231
17694,Raichur - Kacheguda MEMU Express (UnReserved),Exp,SCR,,,RC,17:00,KCG,22:35,5h 35m,17,S M T W T F,,238 km,43 km/hr,17693
15114,Chhapra - Gomti Nagar Express (via Gorakhpur),Exp,NER,,,CPR,18:45,GTNR,6:35,11h 50m,19,S M T W T F S,SL 3A 2A 1A 3E,503 km,43 km/hr,15113
18611,Ranchi - Banaras Express (PT),Exp,SER,,,RNC,20:10,BNRS,9:25,13h 15m,26,M T T F S,SL 3A,575 km,43 km/hr,18612
16304,Vanchinad Express,Exp,SR,,,TVC,17:45,ERS,22:55,5h 10m,17,S M T W T F S,2S CC,220 km,43 km/hr,16303
18235,Bhopal - Bilaspur Express cum Passenger,Exp,SECR,,,BPL,10:15,BSP,3:00,16h 45m,48,S M T W T F S,SL 2A,719 km,43 km/hr,18236
15116,Loknayak Express,Exp,NER,,,DLI,14:00,CPR,13:10,23h 10m,20,S,SL 3A 2A 1A 3E,1000 km,43 km/hr,15115
17059,Charlapalli - Tiruchanur Express (via Dhone ) (PT),Exp,SCR,17-May,,CHZ,21:30,TCNR,12:30,15h 0m,14,S,SL 3A 2A,649 km,43 km/hr,17060
15108,Lucknow - Banaras InterCity Express,Exp,NER,,,LKO,13:10,BNRS,20:15,7h 5m,10,M T W T F S,2S CC,302 km,43 km/hr,15107
17442,Charlapalli - Tirupati Express (PT),Exp,SCoR,27-May,,CHZ,21:30,TPTY,12:30,15h 0m,13,W,SL 3A 2A,729 km,49 km/hr,17441
18452,Tapaswini Express (PT),Exp,ECoR,,,PURI,20:00,HTE,12:00,16h 0m,22,S M T W T F S,SL 3A 2A 1A,689 km,43 km/hr,18451
19619,Phulera - Rewari Express (UnReserved),Exp,NWR,,,FL,12:40,RE,17:40,5h 0m,26,S M T W T F S,,216 km,43 km/hr,19620
13136,Jaynagar - Kolkata Weekly Express,Exp,ER,,,JYG,12:35,KOAA,3:00,14h 25m,15,S,SL 3A 2A 1A,620 km,43 km/hr,13135
17437,Tirupati - Pandharpur Express (PT),Exp,SCoR,16-May,,TPTY,16:00,PVR,19:00,27h 0m,26,S,SL 3A 2A,1160 km,43 km/hr,17438
13418,Malda Town - Digha Express,Exp,ER,,,MLDT,7:45,DGHA,23:00,15h 15m,17,T,2S SL 3A,656 km,43 km/hr,13417
19811,Kota - Etawah Express,Exp,WCR,,,KOTA,0:20,ETW,12:45,12h 25m,28,S M T W T F S,SL 3A 2A,530 km,43 km/hr,19812
19405,Palanpur - Gandhidham Express,Exp,WR,,,PNU,13:45,GIMB,20:40,6h 55m,31,S M T W T F S,SL,301 km,43 km/hr,19406
17225,Narasapur - SSS Hubballi Amaravati Express (PT),Exp,SCoR,,,NS,16:20,UBL,11:30,19h 10m,26,S M T W T F S,SL 3A 2A,830 km,43 km/hr,17226
15235,Howrah - Darbhanga Weekly Express,Exp,ECR,,,HWH,11:15,DBG,23:35,12h 20m,9,S,SL 3A 2A 1A 3E,536 km,43 km/hr,15236
14526,Shri Ganganagar - Ambala Cantt. Intercity Express,Exp,NR,,,SGNR,13:35,UMB,21:10,7h 35m,13,S M T W T F S,2S CC,328 km,43 km/hr,14525
14202,Rae Bareli - Jaunpur Jn. Express (UnReserved),Exp,NR,,,RBL,7:35,JNU,12:20,4h 45m,11,S M T W T F S,,202 km,43 km/hr,14201
15160,Sarnath Express (PT),Exp,NER,,,DURG,20:30,CPR,21:35,25h 5m,45,S M T W T F S,SL 3A 2A 1A 3E,1076 km,43 km/hr,15159
19346,Bhilwara - Ratlam DEMU Express (UnReserved),Exp,WR,,,BHL,3:35,RTM,9:15,5h 40m,21,S M T W T F S,,243 km,43 km/hr,19345
14891,Jodhpur - Hisar Express (UnReserved),Exp,NWR,,,JU,10:30,HSR,21:25,10h 55m,47,S M T W T F S,,470 km,43 km/hr,14892
13306,Sasaram - Dhanbad Intercity Express,Exp,ECR,,,SSM,15:30,DHN,22:30,7h 0m,28,S M T W T F S,CC,302 km,43 km/hr,13305
14018,Anand Vihar Terminal - Raxaul Sadbhavana Express (via Ayodhya Cantt),Exp,NR,,,ANVT,16:30,RXL,22:05,29h 35m,35,W,SL 3A 2A 1A 3E,1286 km,43 km/hr,14017
14007,Raxaul - Anand Vihar Terminal Sadbhavana Express (via Sitamarhi) (PT),Exp,NR,,,RXL,23:45,ANVT,4:45,29h 0m,35,W F,SL 3A 2A 1A 3E,1246 km,43 km/hr,14008
19166,Darbhanga - Ahmedabad Sabarmati Express (PT),Exp,WR,,,DBG,4:20,ADI,0:55,44h 35m,63,M W S,SL 3A 2A 1A 3E,1935 km,43 km/hr,19165
14120,Dehradun - Kathgodam Express,Exp,NCR,,,DDN,23:30,KGM,7:20,7h 50m,9,S M T W T F S,SL 3A 2A 1A,335 km,43 km/hr,14119
19342,Bina - Nagda Express (UnReserved),Exp,WR,,,BINA,7:20,NAD,17:30,10h 10m,41,S M T W T F S,,429 km,42 km/hr,19341
15233,Maithili Express,Exp,ECR,,,KOAA,10:45,DBG,23:35,12h 50m,9,M T,SL 3A 2A 1A 3E,540 km,42 km/hr,15234
19620,Rewari - Phulera Express (UnReserved),Exp,NWR,,,RE,4:15,FL,9:20,5h 5m,26,S M T W T F S,,216 km,42 km/hr,19619
18616,Kriya Yoga Express,Exp,SER,,,HTE,21:20,HWH,7:20,10h 0m,14,S M T W T F S,SL 3A 2A 1A 3E,418 km,42 km/hr,18615
19622,Rewari - Phulera Express (UnReserved),Exp,NWR,,,RE,19:35,FL,0:40,5h 5m,26,S M T W T F S,,216 km,42 km/hr,19621
13319,Dumka - Ranchi Intercity Express,Exp,ECR,,,DUMK,3:30,RNC,12:55,9h 25m,21,S M T W T F S,2S CC,395 km,42 km/hr,13320
14821,Jodhpur - Gandhigram Express (UnReserved),Exp,NWR,,,JU,10:00,GG,21:00,11h 0m,49,S M T W T F S,,458 km,42 km/hr,14822
18114,Bilaspur - Tatanagar Express (UnReserved),Exp,SER,,,BSP,18:50,TATA,6:00,11h 10m,40,S M T W T F S,,468 km,42 km/hr,18113
13348,Palamu Express,Exp,ECR,,,PNBE,20:20,BRKA,8:05,11h 45m,31,S M T W T F S,SL 3A 2A,492 km,42 km/hr,13347
13416,Patna - Malda Town Express,Exp,ER,,,PNBE,22:05,MLDT,7:45,9h 40m,17,M T S,SL 3A 2A,403 km,42 km/hr,13415
11123,Gwalior - Barauni Mail (PT),Exp,NCR,,,GWL,12:05,BJU,12:55,24h 50m,43,S M T W T F S,SL 3A 2A 3E,1055 km,42 km/hr,11124
14090,Kotdwar - Anand Vihar Terminal Express,Exp,NR,,,KTW,21:50,ANVT,4:35,6h 45m,9,S M T W T F S,SL 3A,283 km,42 km/hr,14089
15666,BG Express (PT),Exp,NFR,,,MXN,6:05,GHY,15:40,9h 35m,17,S M T W T F S,SL 3A 2A,404 km,42 km/hr,15665
17256,Lingampalli - Narasapur Express (PT),Exp,SCoR,,,LPI,21:00,NS,8:15,11h 15m,16,S M T W T F S,SL 3A 2A 1A,475 km,42 km/hr,17255
11751,Rewa - Chirimiri Express,Exp,WCR,,,REWA,19:10,CHRM,4:35,9h 25m,21,M W F,SL 3A,399 km,42 km/hr,11752
15556,Bapudham Motihari - Patliputra MEMU Intercity Express (UnReserved),Exp,ECR,,,BMKI,5:55,PPTA,9:35,3h 40m,9,S M T W T F S,,155 km,42 km/hr,15555
14332,Kalka - Delhi Express (via Saharanpur) (UnReserved),Exp,NR,,,KLK,7:40,DLI,15:40,8h 0m,28,S M T W T F S,,332 km,42 km/hr,14331
17377,Vijayapura - Mangaluru Central Express,Exp,SWR,,,BJP,15:15,MAQ,10:00,18h 45m,26,S M T W T F S,SL 3A 2A,789 km,42 km/hr,17378
17076,Belagavi - Charlapalli Express,Exp,SCR,17-May,,BGM,13:00,CHZ,8:45,19h 45m,21,S,SL 3A 2A,824 km,42 km/hr,17075
19103,Ratlam - Kota MEMU Express (UnReserved),Exp,WR,,,RTM,7:05,KOTA,13:25,6h 20m,28,S M T W T F S,,267 km,42 km/hr,19104
11119,Igatpuri - Bhusaval MEMU Express (UnReserved),Exp,CR,,,IGP,9:55,BSL,17:10,7h 15m,27,S M T W T F S,,308 km,42 km/hr,11120
11754,Rewa - NSC Bose Itwari Express (via Gondia),Exp,WCR,,,REWA,17:10,NITR,7:25,14h 15m,13,M W S,SL 3A 2A 1A 3E,601 km,42 km/hr,11753
19012,Dahod - Valsad Intercity Express,Exp,WR,,,DHD,11:55,BL,20:05,8h 10m,12,S M T W T F S,2S CC,346 km,42 km/hr,19011
17441,Tirupati - Charlapalli Express (PT),Exp,SCoR,26-May,,TPTY,16:30,CHZ,8:00,15h 30m,13,T,SL 3A 2A,729 km,47 km/hr,17442
18424,Daspalla - Bhubaneswar Seva MEMU Express (UnReserved),Exp,ECoR,,,DSPL,6:00,BBS,9:00,3h 0m,13,S M T W T F S,,126 km,42 km/hr,18423
17659,Kakatiya Express,Exp,SCR,,,SC,17:00,BDCR,23:45,6h 45m,23,S M T W T F S,2S CC,281 km,42 km/hr,17660
17034,Singareni MEMU Express (UnReserved),Exp,SCR,,,SRUR,12:30,BDCR,20:20,7h 50m,28,S M T W T F S,,330 km,42 km/hr,17033
17003,Ramgiri MEMU Express (UnReserved),Exp,SCR,,,KZJ,5:25,SRUR,9:45,4h 20m,14,S M T W T F S,,183 km,42 km/hr,17004
18629,Ranchi - Gorakhpur Weekly Express,Exp,SER,,,RNC,16:50,GKP,11:35,18h 45m,19,F,SL 3A 2A 1A,787 km,42 km/hr,18630
15004,Chauri Chaura Express,Exp,NER,,,GKP,23:15,CPA,12:20,13h 5m,27,S M T W T F S,SL 3A 2A 1A,552 km,42 km/hr,15003
14813,Jodhpur - Bhopal Express,Exp,NWR,,,JU,10:00,BPL,9:20,23h 20m,72,S M T W T F S,SL 3A 2A 3E,992 km,42 km/hr,14814
15701,Katihar - Siliguri Intercity Express (via Purnea) (UnReserved),Exp,NFR,,,KIR,4:45,SGUJ,10:15,5h 30m,20,S M T W T F S,,229 km,42 km/hr,15702
11422,Solapur - Pune DEMU Express (UnReserved),Exp,CR,,,SUR,23:45,PUNE,6:00,6h 15m,22,S M T W T F S,,262 km,42 km/hr,11421
11426,SCSMT Kolhapur - Pune DEMU Express (UnReserved),Exp,CR,,,KOP,5:10,PUNE,13:00,7h 50m,23,S M T W T F S,,326 km,42 km/hr,11425
15625,Deoghar - Agartala Weekly Express (PT),Exp,NFR,,,DGHR,19:55,AGTL,6:55,35h 0m,25,M,SL 3A 2A,1473 km,42 km/hr,15626
15626,Agartala - Deoghar Weekly Express (PT),Exp,NFR,,,AGTL,18:40,DGHR,5:40,35h 0m,25,S,SL 3A 2A,1473 km,42 km/hr,15625
17634,Tiruchanur - Hazur Sahib Nanded Express,Exp,SCR,10-May,,TCNR,19:45,NED,18:20,22h 35m,17,S,SL 3A 2A 1A,959 km,42 km/hr,17633
17202,Golconda Express,Exp,SCoR,,,SC,12:30,GNT,21:35,9h 5m,23,S M T W T F S,2S CC 3E,380 km,42 km/hr,17201
16843,Tiruchchirappalli - Palakkad Town Express (UnReserved),Exp,SR,,,TPJ,13:00,PGTN,20:15,7h 15m,25,S M T W T F S,,302 km,42 km/hr,16844
17420,Vasco-Da-Gama - Tirupati Weekly Express,Exp,SCoR,,,VSG,8:40,TPTY,3:15,18h 35m,21,F,SL 3A 2A,777 km,42 km/hr,17419
17419,Tirupati - Vasco-Da-Gama Weekly Express,Exp,SCoR,,,TPTY,11:25,VSG,5:55,18h 30m,21,T,SL 3A 2A,777 km,42 km/hr,17420
15702,Siliguri - Katihar Intercity Express (via Purnea) (UnReserved),Exp,NFR,,,SGUJ,12:45,KIR,18:15,5h 30m,20,S M T W T F S,,229 km,42 km/hr,15701
17329,SSS Hubballi - Vijayawada Express,Exp,SWR,,,UBL,19:30,BZA,12:00,16h 30m,40,S M T W T F S,SL 3A 2A,691 km,42 km/hr,17330
17330,Vijayawada - SSS Hubballi Express,Exp,SWR,,,BZA,13:10,UBL,5:35,16h 25m,40,S M T W T F S,SL 3A 2A,691 km,42 km/hr,17329
15059,Lalkuan - Anand Vihar Terminal Express,Exp,NER,,,LKU,4:25,ANVT,10:40,6h 15m,10,T T,2S SL CC 3A 2A,262 km,42 km/hr,15060
13247,Kamakhya - Ara Capital Express (PT),Exp,ECR,,,KYQ,5:35,ARA,5:45,24h 10m,45,T W T F,SL 3A 2A 1A 3E,1005 km,42 km/hr,13248
15010,Izzatnagar - Gorakhpur Express,Exp,NER,,,IZN,15:40,GKP,7:00,15h 20m,28,S M T W T F S,SL 3A 2A 1A,646 km,42 km/hr,15009
18530,Visakhapatnam - Durg Express,Exp,SCoR,,,VSKP,16:50,DURG,6:10,13h 20m,45,S M T W T F S,SL 3A 2A,566 km,42 km/hr,18529
14709,Hanumangarh - Jaipur Express,Exp,NWR,1-Jun,,HMH,1:25,JP,11:50,10h 25m,25,S M T W T F S,SL,460 km,44 km/hr,14710
17663,Raichur - Jalna Express,Exp,SCR,,,RC,15:50,J,9:30,17h 40m,29,S M T W T F S,SL 3A 2A,735 km,42 km/hr,17664
13019,Bagh Express (PT),Exp,ER,,,HWH,21:40,KGM,9:30,35h 50m,67,S M T W T F S,SL 3A 2A,1512 km,42 km/hr,13020
15044,Kathgodam - Lucknow Jn. Express,Exp,NER,,,KGM,11:15,LJN,19:20,8h 5m,9,M T T F S,SL 3A 2A 3E,341 km,42 km/hr,15043
13019,Bagh Express (PT),Exp,ER,,,HWH,21:40,KGM,9:30,35h 50m,67,S M T W T F S,SL 3A 2A,1512 km,42 km/hr,13020
15044,Kathgodam - Lucknow Jn. Express,Exp,NER,,,KGM,11:15,LJN,19:20,8h 5m,9,M T T F S,SL 3A 2A 3E,341 km,42 km/hr,15043
15138,Budh Purnima Express,Exp,NER,,,BNRS,20:15,RGD,6:10,9h 55m,20,S M T W T F S,SL 3A 2A,418 km,42 km/hr,15137
14102,Kanpur Central - Prayagraj Sangam InterCity Express (UnReserved),Exp,NCR,,,CNB,9:40,PYGS,14:45,5h 5m,12,S M T W T F S,,212 km,42 km/hr,14101
13186,Gangasagar Express (PT),Exp,ER,,,JYG,16:10,SDAH,7:00,14h 50m,19,S M T W T F S,SL 3A 2A 1A,623 km,42 km/hr,13185
14894,Palanpur - Bhagat Ki Kothi DEMU Express (UnReserved),Exp,NWR,,,PNU,4:30,BGKT,12:40,8h 10m,34,S M T W T F S,,345 km,42 km/hr,14893
15113,Gomti Nagar - Chhapra Express (via Gorakhpur),Exp,NER,,,GTNR,21:10,CPR,9:15,12h 5m,19,S M T W T F S,SL 3A 2A 1A 3E,503 km,42 km/hr,15114
18248,Rewa - Bilaspur Express,Exp,SECR,,,REWA,22:05,BSP,9:20,11h 15m,26,S M T W T F S,SL 3A,467 km,42 km/hr,18247
15744,Farakka Express (via Ayodhya Cantt),Exp,NFR,,,BTI,16:25,BLGT,12:55,44h 30m,76,S T T F,SL 3A 2A,1867 km,42 km/hr,15743
15115,Loknayak Express,Exp,NER,,,CPR,11:25,DLI,11:20,23h 55m,20,S,SL 3A 2A 1A 3E,1000 km,42 km/hr,15116
14309,Ujjaini Express (PT),Exp,NR,,,LMNR,15:25,YNRK,18:45,27h 20m,28,W T,SL 3A 2A 3E,1147 km,42 km/hr,14310
15733,Farakka Express (via Sultanpur) (PT),Exp,NFR,,,BLGT,17:00,BTI,13:05,44h 5m,81,M T S,SL 3A 2A,1832 km,42 km/hr,15734
16187,Karaikkal - Ernakulam Jn. Express (PT),Exp,SR,,,KIK,16:30,ERS,6:45,14h 15m,26,S M T W T F S,SL 3A 2A,592 km,42 km/hr,16188
13137,Kolkata - Azamgarh Weekly Express,Exp,ER,,,KOAA,11:25,AMH,6:00,18h 35m,20,M,SL 3A 2A 3E,789 km,42 km/hr,13138
13138,Azamgarh - Kolkata Weekly Express (PT),Exp,ER,,,AMH,8:00,KOAA,3:00,19h 0m,20,T,SL 3A 2A 3E,789 km,42 km/hr,13137
18451,Tapaswini Express (PT),Exp,ECoR,,,HTE,14:30,PURI,6:55,16h 25m,22,S M T W T F S,SL 3A 2A 1A,689 km,42 km/hr,18452
17012,Sirpur Kaghaznagar - Bidar Express (PT),Exp,SCR,,,SKZR,12:20,BIDR,23:10,10h 50m,27,S M T W T F S,2S CC,460 km,42 km/hr,17009
18184,Buxar - Tatanagar Express,Exp,SER,,,BXR,3:30,TATA,18:00,14h 30m,38,S M T W T F S,2S CC 3A 3E,614 km,42 km/hr,18183
16227,Mysuru - Talguppa Express (via Bengaluru),Exp,SWR,,,MYS,19:40,TLGP,7:50,12h 10m,26,S M T W T F S,SL CC 3A 2A 1A,509 km,42 km/hr,16228
18629,Ranchi - Gorakhpur Weekly Express,Exp,SER,,,RNC,16:50,GKP,11:35,18h 45m,19,F,SL 3A 2A 1A,787 km,42 km/hr,18630
13512,Asansol - Adityapur Express,Exp,ER,,,ASN,9:00,ADTP,12:50,3h 50m,7,S T F,2S CC,160 km,42 km/hr,13511
17687,Marathwada Express,Exp,SCR,,,MMR,15:00,DAB,1:05,10h 5m,21,S M T W T F S,2S CC,419 km,42 km/hr,17688
16349,Thiruvananthapuram North (Kochuveli) - Nilambur Road Rajya Rani Express (PT),Exp,SR,,,TVCN,21:00,NIL,6:05,9h 5m,20,S M T W T F S,SL 3A 2A,384 km,42 km/hr,16350
15928,New Tinsukia - Rangiya Express (UnReserved),Exp,NFR,,,NTSK,6:00,RNY,20:05,14h 5m,29,S T W S,,596 km,42 km/hr,15927
13510,Gonda - Asansol Express,Exp,ER,,,GD,14:55,ASN,11:25,20h 30m,20,W,SL 3A 2A,861 km,42 km/hr,13509
17250,Kakinada Town - Tirupati Express (PT),Exp,SCoR,,,CCT,15:15,TPTY,5:25,14h 10m,30,S M T W T F S,SL 3A 2A,599 km,42 km/hr,17249
14317,Laxmi Bai Nagar - Yog Nagari Rishikesh Express (PT),Exp,NR,,,LMNR,15:25,YNRK,18:45,27h 20m,27,S S,SL 3A 2A 3E,1147 km,42 km/hr,14318
17441,Tirupati - Charlapalli Express (PT),Exp,SCoR,26-May,,TPTY,16:30,CHZ,8:00,15h 30m,13,T,SL 3A 2A,729 km,47 km/hr,17442
14008,Anand Vihar Terminal - Raxaul Sadbhavana Express (via Sitamarhi),Exp,NR,,,ANVT,16:30,RXL,22:05,29h 35m,36,T T,SL 3A 2A 1A 3E,1246 km,42 km/hr,14007
11416,Hosapete - Solapur DEMU Express (UnReserved),Exp,CR,,,HPT,0:15,SUR,9:30,9h 15m,40,S M T W T F S,,386 km,42 km/hr,11415
11411,Parli Vaijnath - Sangli DEMU Express (UnReserved),Exp,CR,,,PRLI,8:15,SLI,18:50,10h 35m,22,S M T W T F S,,445 km,42 km/hr,11412
14632,Amritsar - Dehradun Express,Exp,NR,,,ASR,21:35,DDN,9:45,12h 10m,25,S M T W T F S,SL 3A,505 km,42 km/hr,14631
19341,Nagda - Bina Express (UnReserved),Exp,WR,,,NAD,11:10,BINA,21:40,10h 30m,41,S M T W T F S,,429 km,41 km/hr,19342
16520,KSR Bengaluru - Jolarpettai MEMU Express (UnReserved),Exp,SWR,,,SBC,17:30,JTJ,21:00,3h 30m,15,S M T W T F S,,145 km,41 km/hr,16519
18183,Tatanagar - Buxar Express,Exp,SER,,,TATA,7:55,BXR,22:55,15h 0m,39,S M T W T F S,2S CC 3A 3E,614 km,41 km/hr,18184
14109,Chitrakutdham Karwi - Kanpur Central InterCity Express (Via Banda) (UnReserved),Exp,NCR,,,CKTD,14:40,CNB,19:55,5h 15m,10,S M T W T F S,,213 km,41 km/hr,14110
16650,Parasuram Express,Exp,SR,,,CAPE,3:45,MAQ,21:20,17h 35m,54,S M T W T F S,2S CC,719 km,41 km/hr,16649
15724,Siliguri Town - Jogbani Intercity Express,Exp,NFR,,,SGUT,19:00,JBN,2:45,7h 45m,12,M T T F S,2S CC,314 km,41 km/hr,15723
15105,Chhapra - Nautanwa InterCity Express (UnReserved),Exp,NER,,,CPR,6:00,NTV,12:25,6h 25m,14,M T W T F S,,262 km,41 km/hr,15106
11752,Chirimiri - Rewa Express,Exp,WCR,,,CHRM,19:00,REWA,4:45,9h 45m,21,T T S,SL 3A,399 km,41 km/hr,11751
15103,Gorakhpur - Banaras InterCity Express,Exp,NER,,,GKP,16:15,BNRS,22:00,5h 45m,15,S M T W T F S,2S CC,234 km,41 km/hr,15104
15308,Haryana Express,Exp,NER,,,SSA,2:50,TKJ,10:25,7h 35m,21,S M T W T F S,CC,311 km,41 km/hr,15307
17244,Rayagada - Guntur Express (PT),Exp,SCoR,,,RGDA,14:50,GNT,4:50,14h 0m,30,S M T W T F S,SL 3A 2A,568 km,41 km/hr,17243
15968,Ledo - Rangiya Express (UnReserved),Exp,NFR,,,LEDO,5:00,RNY,20:05,15h 5m,35,M T F,,619 km,41 km/hr,15967
16222,Kuvempu Express (UnReserved),Exp,SWR,,,MYS,14:00,TLGP,23:00,9h 0m,33,S M T W T F S,,373 km,41 km/hr,16221
19205,Bhavnagar Para - Mahuva Express (UnReserved),Exp,WR,,,BVP,9:40,MHV,14:35,4h 55m,22,S M T W T F S,,199 km,41 km/hr,19206
19726,Darbhanga - Khatipura (Jaipur) Amrit Bharat Express,AB,NWR,23-Jun,,DBG,4:30,KWP,8:40,28h 10m,23,M T W T F S,SL,1164 km,41 km/hr,19725
17637,Jalna - Tiruchanur Express (PT),Exp,SCR,11-May,,J,7:00,TCNR,12:00,29h 0m,21,M,SL 3A 2A,1178 km,41 km/hr,17638
19209,Bhavnagar Terminus - Okha Express,Exp,WR,,,BVC,22:00,OKHA,11:00,13h 0m,38,S M T W T F S,SL 3A,538 km,41 km/hr,19210
19055,Bandra Terminus - Udhna Intercity Express,Exp,WR,2-Aug,,BDTS,9:00,UDN,15:05,6h 5m,23,S M T W T F S,2S SL CC,248 km,41 km/hr,19056
19206,Mahuva - Bhavnagar Para Express (UnReserved),Exp,WR,,,MHV,15:10,BVP,20:00,4h 50m,22,S M T W T F S,,199 km,41 km/hr,19205
11124,Barauni - Gwalior Mail,Exp,NCR,,,BJU,18:45,GWL,20:30,25h 45m,41,S M T W T F S,SL 3A 2A 3E,1055 km,41 km/hr,11123
16361,Ernakulam Jn. - Velankanni Bi-Weekly Express (via Karaikkudi) (PT),Exp,SR,,,ERS,13:00,VLNK,5:40,16h 40m,32,M S,SL 3A 2A,690 km,41 km/hr,16362
15719,Katihar - Siliguri Intercity Express (via Barsoi) (UnReserved),Exp,NFR,,,KIR,6:05,SGUJ,11:05,5h 0m,17,S M T W T F S,,203 km,41 km/hr,15720
18086,Ranchi - Kharagpur MEMU Express (UnReserved),Exp,SER,,,RNC,15:40,KGP,23:45,8h 5m,28,S M T W T F S,,328 km,41 km/hr,18085
14716,Jaipur - Hisar Express,Exp,NWR,,,JP,18:25,HSR,3:30,9h 5m,34,S M T W T F S,SL,368 km,41 km/hr,14715
14705,Bhiwani - Dahar Ka Balaji Express (UnReserved),Exp,NWR,,,BNW,4:00,DKBJ,11:00,7h 0m,21,S M T W T F S,,288 km,41 km/hr,14706
15129,Gorakhpur Cantt - Varanasi City InterCity Express (UnReserved),Exp,NER,,,GKC,10:30,BCY,16:00,5h 30m,15,S M T W T F S,,224 km,41 km/hr,15130
15104,Banaras - Gorakhpur InterCity Express,Exp,NER,,,BNRS,5:30,GKP,11:10,5h 40m,16,S M T W T F S,2S CC,234 km,41 km/hr,15103
15133,Chhapra - Anand Vihar Terminal Amrit Bharat Express,AB,NER,,,CPR,22:00,ANVT,22:10,24h 10m,16,M T,SL,1000 km,41 km/hr,15134
11122,Wardha - Bhusaval MEMU Express (UnReserved),Exp,CR,,,WR,0:05,BSL,7:45,7h 40m,26,S M T W T F S,,314 km,41 km/hr,11121
17424,Chikkamagaluru - Tirupati Weekly Express,Exp,SCoR,,,CMGR,17:30,TPTY,7:50,14h 20m,18,F,SL 3A 2A,594 km,41 km/hr,17423
15003,Chauri Chaura Express,Exp,NER,,,CPA,16:40,GKP,6:10,13h 30m,27,S M T W T F S,SL 3A 2A 1A,552 km,41 km/hr,15004
18423,Bhubaneswar - Daspalla Seva MEMU Express (UnReserved),Exp,ECoR,,,BBS,18:40,DSPL,21:45,3h 5m,13,S M T W T F S,,126 km,41 km/hr,18424
11099,Mumbai LTT - Madgaon Express,Exp,CR,,,LTT,0:45,MAO,14:40,13h 55m,10,S F,SL 3A 2A 1A,564 km,41 km/hr,11100
14627,Saharsa - Chheharta (Amritsar) Amrit Bharat Express,AB,NR,,,SHC,13:00,CIA,3:20,38h 20m,33,M,SL,1590 km,41 km/hr,14628
14736,Ambala Cantt - Shri Ganganagar Express (UnReserved),Exp,NWR,,,UMB,6:25,SGNR,14:20,7h 55m,23,S M T W T F S,,328 km,41 km/hr,14735
18113,Tatanagar - Bilaspur Express (UnReserved),Exp,SER,,,TATA,19:00,BSP,6:30,11h 30m,40,S M T W T F S,,468 km,41 km/hr,18114
16629,Malabar Express (PT),Exp,SR,,,TVC,18:40,MAQ,10:15,15h 35m,51,S M T W T F S,SL 3A 2A 1A,632 km,41 km/hr,16630
17332,SSS Hubballi - Miraj Express (UnReserved),Exp,SWR,,,UBL,11:45,MRJ,18:30,6h 45m,28,S M T W T F S,,280 km,41 km/hr,17331
16329,Nagercoil - Mangaluru Jn. Amrit Bharat Express,AB,SR,,,NCJ,11:40,MAJN,5:00,17h 20m,24,T,SL,705 km,41 km/hr,16330
17254,Chhatrapati Sambhajinagar - Guntur Express,Exp,SCoR,,,CPSN,16:15,GNT,21:55,29h 40m,76,S M T W T F S,SL 3A,1211 km,41 km/hr,17253
15126,Patna Kashi Jan Shatabdi Express,JShtb,NER,,,PNBE,16:40,BNRS,22:25,5h 45m,9,S M T W T F S,2S CC,233 km,41 km/hr,15125
19101,Virar - Bharuch MEMU Express (UnReserved),Exp,WR,,,VR,4:35,BH,11:10,6h 35m,39,S M T W T F S,,267 km,41 km/hr,
16309,Ernakulam Jn. - Kayamkulam MEMU Express (UnReserved),Exp,SR,,,ERS,8:45,KYJ,11:35,2h 50m,7,S M T W T F S,,115 km,41 km/hr,16310
19055,Bandra Terminus - Udhna Intercity Express,Exp,WR,2-Aug,,BDTS,9:00,UDN,15:05,6h 5m,23,S M T W T F S,2S SL CC,248 km,41 km/hr,19056
17637,Jalna - Tiruchanur Express (PT),Exp,SCR,11-May,,J,7:00,TCNR,12:00,29h 0m,21,M,SL 3A 2A,1178 km,41 km/hr,17638
18414,Puri - Paradeep Intercity Express (UnReserved),Exp,ECoR,,,PURI,6:15,PRDP,10:30,4h 15m,11,S M T W T F S,,173 km,41 km/hr,18413
17022,Vasco-da-Gama - Hyderabad Weekly Express,Exp,SCR,,,VSG,8:40,HYB,4:45,20h 5m,23,F,SL 3A 2A,833 km,41 km/hr,17021
17021,Hyderabad - Vasco-da-Gama Weekly Express (PT),Exp,SCR,,,HYB,9:15,VSG,5:45,20h 30m,23,T,SL 3A 2A,833 km,41 km/hr,17022
14232,Manwar Sangam Express,Exp,NR,,,BST,13:45,PYGS,20:05,6h 20m,10,M T W F S,2S SL 3A 2A,260 km,41 km/hr,14231
18242,Ambikapur - Durg Express (PT),Exp,SECR,,,ABKP,22:30,DURG,9:55,11h 25m,19,S M T W T F S,SL 3A 2A 1A,468 km,41 km/hr,18241
11904,Etawah - Virangana Lakshmibai Jhansi Intercity Express,Exp,NCR,,,ETW,5:00,VGLJ,10:15,5h 15m,7,S M T W T F S,SL,216 km,41 km/hr,11903
17030,Hyderabad - Vijayapura Express (PT),Exp,SCR,,,HYB,21:10,BJP,8:05,10h 55m,31,S M T W T F S,SL 3A,445 km,41 km/hr,17029
14710,Jaipur - Hanumangarh Express,Exp,NWR,1-Jun,,JP,13:05,HMH,23:45,10h 40m,25,S M T W T F S,SL,460 km,43 km/hr,14709
16546,Sindhanur - Yesvantpur Express,Exp,SWR,,,SNNR,17:00,YPR,8:05,15h 5m,41,S M T W T F S,SL 3A,623 km,41 km/hr,16545
15613,Lachit Express (PT),Exp,NFR,,,GHY,20:10,MZS,8:20,12h 10m,26,S M T W T F S,SL 3A 2A 1A,497 km,41 km/hr,15614
13159,Kolkata - Jogbani Express (PT),Exp,ER,,,KOAA,21:45,JBN,11:00,13h 15m,16,M W F,SL 3A 2A 3E,547 km,41 km/hr,13160
17253,Guntur - Chhatrapati Sambhajinagar Express,Exp,SCoR,,,GNT,7:20,CPSN,12:40,29h 20m,75,S M T W T F S,SL 3A,1211 km,41 km/hr,17254
10108,Mangaluru Central - Madgaon MEMU Express (UnReserved),Exp,KR,,,MAQ,15:30,MAO,23:15,7h 45m,22,M T W T F S,,319 km,41 km/hr,10107
10107,Madgaon - Mangaluru Central MEMU Express (UnReserved),Exp,KR,,,MAO,4:40,MAQ,12:30,7h 50m,22,M T W T F S,,319 km,41 km/hr,10108
11271,Vindhyachal Express,Exp,WCR,,,ET,16:20,BPL,10:20,18h 0m,38,S M T W T F S,SL 3A,735 km,41 km/hr,11272
13404,Vananchal Express (PT),Exp,ER,,,BGP,19:05,RNC,8:40,13h 35m,27,S M T W T F S,SL 3A 2A 1A,553 km,41 km/hr,13403
13185,Gangasagar Express (PT),Exp,ER,,,SDAH,17:50,JYG,8:55,15h 5m,20,S M T W T F S,SL 3A 2A 1A,623 km,41 km/hr,13186
15035,Uttaranchal Sampark Kranti Express,SKr,NER,,,DLI,16:00,KGM,22:45,6h 45m,8,S M T W T F S,2S CC,277 km,41 km/hr,15036
15036,Uttaranchal Sampark Kranti Express,SKr,NER,,,KGM,8:40,DLI,15:25,6h 45m,8,S M T W T F S,2S CC,277 km,41 km/hr,15035
17028,Hundry Express,Exp,SCR,,,KRNT,5:30,HYB,11:40,6h 10m,13,S M T W T F S,2S CC,253 km,41 km/hr,17027
15769,Alipur Duar Jn.- Mariani InterCity Express (UnReserved),Exp,NFR,,,APDJ,3:30,MXN,20:00,16h 30m,36,S M T W T F S,,670 km,41 km/hr,15770
18314,Bhubaneswar New - Boudh Express,Exp,ECoR,,,BBSN,23:00,BOUH,10:30,11h 30m,17,M,SL 3A 2A,477 km,41 km/hr,18313
17009,Bidar - Hyderabad Intercity Express (UnReserved),Exp,SCR,,,BIDR,6:15,HYB,10:15,4h 0m,8,S M T W T F S,,164 km,41 km/hr,17012
18206,Nautanwa - Durg Express (via Ayodhya Cantt.),Exp,SECR,,,NTV,9:00,DURG,13:00,28h 0m,25,S,SL 3A 2A 1A 3E,1144 km,41 km/hr,18205
13177,Sealdah - Jangipur Road Express (UnReserved),Exp,ER,,,SDAH,5:35,JRLE,11:55,6h 20m,50,M T W T F S,,259 km,41 km/hr,13178
17424,Chikkamagaluru - Tirupati Weekly Express,Exp,SCoR,,,CMGR,17:30,TPTY,7:50,14h 20m,18,F,SL 3A 2A,594 km,41 km/hr,17423
15713,Katihar - Patna InterCity Express,Exp,NFR,,,KIR,6:15,PNBE,13:20,7h 5m,19,S M T W T F S,2S CC 3A,289 km,41 km/hr,15714
15603,Guwahati - Ledo Intercity Express (PT),Exp,NFR,,,GHY,23:30,LEDO,13:20,13h 50m,33,S M T W T F S,SL 3A 2A,571 km,41 km/hr,15604
13509,Asansol - Gonda Express,Exp,ER,,,ASN,16:05,GD,13:10,21h 5m,20,T,SL 3A 2A,861 km,41 km/hr,13510
13410,Kiul - Malda Town Intercity Express (UnReserved),Exp,ER,,,KIUL,14:00,MLDT,20:50,6h 50m,19,S M T W T F S,,280 km,41 km/hr,13409
19345,Ratlam - Bhilwara DEMU Express (UnReserved),Exp,WR,,,RTM,18:30,BHL,0:25,5h 55m,21,S M T W T F S,,243 km,41 km/hr,19346
16308,Kannur - Alappuzha Executive Express,Exp,SR,,,CAN,5:10,ALLP,13:30,8h 20m,26,S M T W T F S,2S CC,340 km,41 km/hr,16307
13305,Dhanbad - Sasaram Intercity Express,Exp,ECR,,,DHN,5:30,SSM,12:50,7h 20m,31,S M T W T F S,CC,302 km,41 km/hr,13306
14823,Jodhpur - Rewari Express (UnReserved),Exp,NWR,,,JU,1:30,RE,14:40,13h 10m,62,S M T W T F S,,541 km,41 km/hr,14824
14015,Raxaul - Anand Vihar Terminal Sadbhavana Express (Via Sagauli) (PT),Exp,NR,,,RXL,22:55,ANVT,4:45,29h 50m,35,S T,SL 3A 2A 1A 3E,1229 km,41 km/hr,14016
14824,Rewari - Jodhpur Express (UnReserved),Exp,NWR,,,RE,13:15,JU,2:30,13h 15m,62,S M T W T F S,,541 km,41 km/hr,14823
14016,Anand Vihar Terminal - Raxaul Sadbhavana Express (Via Sagauli),Exp,NR,,,ANVT,16:30,RXL,22:10,29h 40m,36,S F,SL 3A 2A 1A 3E,1229 km,41 km/hr,14015
15306,Rohtak - New Delhi Intercity Express,Exp,NER,,,ROK,14:00,NDLS,15:45,1h 45m,4,S M T W T F S,CC,71 km,41 km/hr,15305
18105,Rourkela - Jaynagar Express (PT),Exp,SER,,,ROU,16:35,JYG,11:35,19h 0m,14,T T S,SL 3A 2A,774 km,41 km/hr,18106
14634,Ravi Express (UnReserved),Exp,NR,,,PTK,13:55,ASR,16:30,2h 35m,5,S M T W T F S,,107 km,41 km/hr,14633
15082,Gomti Nagar - Gorakhpur InterCity Express,Exp,NER,,,GTNR,6:10,GKP,14:10,8h 0m,16,S M T W T F S,2S CC,331 km,41 km/hr,15081
18311,Sambalpur - Boudh Express,Exp,ECoR,,,SBP,19:25,BOUH,0:40,5h 15m,9,S,SL 3A 2A,212 km,40 km/hr,18312
16568,Shivamogga Town - Tumakuru Express (UnReserved),Exp,SWR,,,SMET,4:00,TK,9:10,5h 10m,26,S M T W T F S,,205 km,40 km/hr,16567
16567,Tumakuru - Shivamogga Town Express (UnReserved),Exp,SWR,,,TK,18:40,SMET,23:50,5h 10m,26,S M T W T F S,,205 km,40 km/hr,16568
13242,Rajendra Nagar Terminal - Banka Intercity Express,Exp,ECR,,,RJPB,23:55,BAKA,6:40,6h 45m,14,S M T W T S,SL 3A 2A 1A 3E,272 km,40 km/hr,13241
18312,Boudh - Sambalpur Express,Exp,ECoR,,,BOUH,12:45,SBP,18:00,5h 15m,9,T,SL 3A 2A,212 km,40 km/hr,18311
11410,Nizamabad - Pune Express (UnReserved),Exp,CR,,,NZB,23:40,PUNE,19:00,19h 20m,44,S M T W T F S,,768 km,40 km/hr,11409
15106,Nautanwa - Chhapra InterCity Express (UnReserved),Exp,NER,,,NTV,15:10,CPR,21:40,6h 30m,20,M T W T F S,,262 km,40 km/hr,15105
15081,Gorakhpur - Gomti Nagar InterCity Express,Exp,NER,,,GKP,12:35,GTNR,20:45,8h 10m,16,S M T W T F S,2S CC,331 km,40 km/hr,15082
15307,Haryana Express,Exp,NER,,,TKJ,17:35,SSA,1:20,7h 45m,21,S M T W T F S,CC,311 km,40 km/hr,15308
16204,Tirupati - M.G.R Chennai Central Express,Exp,SWR,,,TPTY,6:30,MAS,10:10,3h 40m,9,S M T W T F S,SL 3A 2A 1A,147 km,40 km/hr,16203
22307,Howrah - Bikaner SF Express (PT),SF,ER,,,HWH,6:45,BKN,6:15,47h 30m,30,M T F,SL 3A 2A 1A,1882 km,40 km/hr,22308
15204,Lucknow Jn. - Barauni Express,Exp,ECR,,,LJN,15:15,BJU,8:00,16h 45m,35,S M T W T F S,SL 3A 2A 1A 3E,673 km,40 km/hr,15203
13347,Palamu Express,Exp,ECR,,,BRKA,18:30,PNBE,6:50,12h 20m,31,S M T W T F S,SL 3A 2A,492 km,40 km/hr,13348
16707,Mangaluru Jn - Tirunelveli Express,Exp,SR,,,MAJN,13:00,TEN,7:45,18h 45m,20,T,SL 3A 2A,751 km,40 km/hr,16708
17434,Raxaul - Tirupati Weekly Express (PT),Exp,SCoR,4-Jun,,RXL,3:15,TPTY,9:30,54h 15m,42,T,SL 3A 2A 1A,2792 km,51 km/hr,17433
17638,Tiruchanur - Jalna Express (PT),Exp,SCR,,,TCNR,15:15,J,21:00,29h 45m,21,T,SL 3A 2A,1178 km,40 km/hr,17637
11265,Madan Mahal - Ambikapur Intercity Express,Exp,WCR,,,MML,12:25,ABKP,23:00,10h 35m,13,S M T W T F S,2S SL CC 3A,432 km,41 km/hr,11266
75705,Radhikapur - Siliguri DEMU Intercity Express (UnReserved),Exp,NFR,,,RDP,17:30,SGUJ,23:00,5h 30m,14,S M T W T F S,,218 km,40 km/hr,75706
11415,Solapur - Hosapete DEMU Express (UnReserved),Exp,CR,,,SUR,11:20,HPT,21:00,9h 40m,46,S M T W T F S,,386 km,40 km/hr,11416
10106,Sindhudurg Express,Exp,KR,,,SWV,8:40,DIVA,20:10,11h 30m,34,S M T W T F S,2S 3E,464 km,40 km/hr,10105
17436,Kurnool City - Kacheguda Express (UnReserved),Exp,SCR,,,KRNT,7:00,KCG,12:55,5h 55m,33,S M T W T F S,,236 km,40 km/hr,17435
17060,Tiruchanur - Charlapalli Express (via Dhone) (PT),Exp,SCR,18-May,,TCNR,16:00,CHZ,8:00,16h 0m,14,M,SL 3A 2A,649 km,41 km/hr,17059
16362,Velankanni - Ernakulam Jn. Bi-Weekly Express (via Karaikkudi),Exp,SR,,,VLNK,18:40,ERS,11:50,17h 10m,32,S T,SL 3A 2A,690 km,40 km/hr,16361
15216,Narkatiaganj - Muzaffarpur MEMU Intercity Express (UnReserved),Exp,ECR,,,NKE,13:55,MFP,17:55,4h 0m,12,S M T W T F S,,160 km,40 km/hr,15215
11808,Agra Cantt - VGL Jhansi MEMU Express (UnReserved),Exp,NCR,,,AGC,14:40,VGLJ,20:05,5h 25m,12,S M T W T F S,,216 km,40 km/hr,11807
15555,Patliputra - Bapudham Motihari MEMU Intercity Express (UnReserved),Exp,ECR,,,PPTA,19:00,BMKI,22:50,3h 50m,9,S M T W T F S,,155 km,40 km/hr,15556
13033,Howrah - Katihar Express (PT),Exp,ER,,,HWH,23:35,KIR,10:05,10h 30m,44,S M T W T F S,SL 3A,424 km,40 km/hr,13034
17257,Vijayawada - Kakinada Port MEMU Express (UnReserved),Exp,SCoR,,,BZA,18:15,COA,23:35,5h 20m,18,S M T W T F S,,214 km,40 km/hr,17258
18085,Kharagpur - Ranchi MEMU Express (UnReserved),Exp,SER,,,KGP,4:30,RNC,12:40,8h 10m,28,S M T W T F S,,328 km,40 km/hr,18086
13230,Rajendra Nagar Terminal - Godda Weekly Express,Exp,ECR,,,RJPB,22:15,GODA,6:20,8h 5m,13,F,SL 3A 2A 1A 3E,325 km,40 km/hr,13229
18185,Tatanagar - Godda Express,Exp,SER,,,TATA,13:55,GODA,6:20,16h 25m,23,M,SL 3A 2A 3E,654 km,40 km/hr,18186
15092,Tanakpur - Daurai (Ajmer) Express,Exp,NER,,,TPU,18:20,DOZ,13:55,19h 35m,22,S M W F,SL 2A 1A 3E,779 km,40 km/hr,15091
13021,Mithila Express (PT),Exp,ER,,,HWH,15:50,RXL,9:15,17h 25m,43,S M T W T F S,SL 3A 2A,693 km,40 km/hr,13022
18021,Kharagpur - Khurda Road Express,Exp,SER,,,KGP,4:40,KUR,13:50,9h 10m,33,S M T W T F S,2S CC,363 km,40 km/hr,18022
18418,Gunupur - Puri Express,Exp,ECoR,,,GNPR,5:30,PURI,15:05,9h 35m,35,S M T W T F S,2S SL CC 3A,381 km,40 km/hr,18417
12036,Purnagiri Jan Shatabdi Express,JShtb,NER,,,DLI,6:25,TPU,16:10,9h 45m,25,S M T W T F S,2S CC,393 km,40 km/hr,12035
19007,Surat - Bhusaval Express,Exp,WR,,,ST,17:00,BSL,1:25,8h 25m,26,S M T W T F S,SL,335 km,40 km/hr,19008
14822,Gandhigram - Jodhpur Express (UnReserved),Exp,NWR,,,GG,7:00,JU,18:10,11h 10m,49,S M T W T F S,,458 km,41 km/hr,14821
14895,Bhagat Ki Kothi - Barmer DEMU Express (UnReserved),Exp,NWR,,,BGKT,4:15,BME,9:20,5h 5m,21,S M T W T F S,,205 km,40 km/hr,14896
14735,Shri Ganganagar - Ambala Cantt Express (UnReserved),Exp,NWR,,,SGNR,11:20,UMB,19:30,8h 10m,41,S M T W T F S,,328 km,40 km/hr,14736
18311,Sambalpur - Boudh Express,Exp,ECoR,,,SBP,19:25,BOUH,0:40,5h 15m,9,S,SL 3A 2A,212 km,40 km/hr,18312
16844,Palakkad Town - Tiruchchirappalli Express (UnReserved),Exp,SR,,,PGTN,6:30,TPJ,14:05,7h 35m,23,S M T W T F S,,302 km,40 km/hr,16843
17645,Secunderabad - Repalle Express,Exp,SCR,,,SC,12:40,RAL,21:10,8h 30m,19,S M T W T F S,SL 3A 2A,341 km,40 km/hr,17646
17258,Kakinada Port - Vijayawada MEMU Express (UnReserved),Exp,SCoR,,,COA,4:10,BZA,9:30,5h 20m,19,S M T W T F S,,214 km,40 km/hr,17257
13350,Patna - Singrauli Express,Exp,ECR,,,PNBE,19:15,SGRL,7:15,12h 0m,26,S M T W T F S,SL 3A 2A,478 km,40 km/hr,13349
25036,Uttarakhand Sampark Kranti Express Slip,SKr,NER,,,RMR,9:50,MB,11:45,1h 55m,2,S M T W T F S,2S CC,77 km,40 km/hr,15035-Slip
13248,Ara - Kamakhya Capital Express (PT),Exp,ECR,,,ARA,21:05,KYQ,22:20,25h 15m,48,S M T W,SL 3A 2A 1A 3E,1005 km,40 km/hr,13247
19343,Penchvalley Express,Exp,WR,,,INDB,13:15,NIR,6:30,17h 15m,34,S M T W T F S,SL 3A,694 km,40 km/hr,19344
16730,Punalur - Madurai Express (PT),Exp,SR,,,PUU,17:15,MDU,3:35,10h 20m,36,S M T W T F S,SL 3A,409 km,40 km/hr,16729
13029,Howrah - Mokama Express,Exp,ER,,,HWH,23:20,MKA,10:40,11h 20m,49,S M T W T F S,SL 3A,455 km,40 km/hr,13030
11108,Bundelkhand Express,Exp,NCR,,,BNRS,16:30,GWL,8:15,15h 45m,33,S M T W T F S,SL 3A 2A 1A 3E,624 km,40 km/hr,11107
13020,Bagh Express,Exp,ER,,,KGM,21:50,HWH,11:15,37h 25m,64,S M T W T F S,SL 3A 2A,1512 km,40 km/hr,13019
15818,Donyi Polo Express (PT),Exp,NFR,,,NHLN,21:15,SKHV,11:45,14h 30m,21,S M T W T F S,2S SL 3A 2A 1A,578 km,40 km/hr,15817
11406,Amravati - Pune Express (via Latur),Exp,CR,,,AMI,19:50,PUNE,16:25,20h 35m,19,M S,SL 3A 2A 1A,820 km,40 km/hr,11405
16516,Karwar - Yesvantpur Express,Exp,SWR,,,KAWR,5:30,YPR,20:50,15h 20m,23,T T S,2S SL CC 3E EV,611 km,40 km/hr,16515
13403,Vananchal Express (PT),Exp,ER,,,RNC,19:10,BGP,9:00,13h 50m,27,S M T W T F S,SL 3A 2A 1A,553 km,40 km/hr,13404
15120,Dehradun - Banaras Janta Express,Exp,NER,,,DDN,18:30,BNRS,15:25,20h 55m,45,S M T W T F S,SL 3A 2A 1A 3E,847 km,40 km/hr,15119
15734,Farakka Express (via Sultanpur),Exp,NFR,,,BTI,15:00,BLGT,12:55,45h 55m,79,M W S,SL 3A 2A,1832 km,40 km/hr,15733
16615,Chemmozhi Express (PT),Exp,SR,,,MQ,20:25,CBE,4:45,8h 20m,8,S M T W T F S,SL 3A 2A 1A,335 km,40 km/hr,16616
18515,Visakhapatnam - Kirandul Express,Exp,SCoR,,,VSKP,21:10,KRDL,9:00,11h 50m,9,S M T W T F S,SL 3A 2A,471 km,40 km/hr,18516
18516,Kirandul - Visakhapatnam Express,Exp,SCoR,,,KRDL,16:00,VSKP,3:40,11h 40m,9,S M T W T F S,SL 3A 2A,471 km,40 km/hr,18515
15203,Barauni - Lucknow Jn. Express,Exp,ECR,,,BJU,20:25,LJN,13:10,16h 45m,34,S M T W T F S,SL 3A 2A 1A 3E,673 km,40 km/hr,15204
17234,Bhagyanagar Express,Exp,SCoR,,,SKZR,3:35,SC,10:55,7h 20m,26,S M T W T F S,2S CC 3E,297 km,40 km/hr,17233
19618,Rewari - Madar Express (UnReserved),Exp,NWR,,,RE,9:10,MDJN,16:25,7h 15m,30,S M T W T F S,,289 km,40 km/hr,19617
15418,Silghat Town - Alipurduar Jn. Rajya Rani Express,Exp,NFR,,,SHTT,17:55,APDJ,8:00,14h 5m,20,M W S,SL 3A,559 km,40 km/hr,15417
15714,Patna - Katihar InterCity Express,Exp,NFR,,,PNBE,14:10,KIR,21:25,7h 15m,19,S M T W T F S,2S CC 3A,289 km,40 km/hr,15713
15274,Satyagrah Express,Exp,ECR,,,ANVT,17:30,RXL,17:35,24h 5m,45,S M T W T F S,SL 3A 2A 1A,955 km,40 km/hr,15273
15604,Ledo - Guwahati Intercity Express,Exp,NFR,,,LEDO,15:20,GHY,5:35,14h 15m,33,S M T W T F S,SL 3A 2A,571 km,40 km/hr,15603
17613,Panvel - Hazur Sahib Nanded Express,Exp,SCR,,,PNVL,16:00,NED,8:45,16h 45m,15,S M T W T F S,SL 3A 2A,675 km,40 km/hr,17614
13409,Malda Town - Kiul Intercity Express (UnReserved),Exp,ER,,,MLDT,5:50,KIUL,12:45,6h 55m,19,S M T W T F S,,280 km,40 km/hr,13410
19572,Porbandar - Rajkot Express (UnReserved),Exp,WR,,,PBR,16:20,RJT,21:20,5h 0m,16,S M T W T F S,,202 km,40 km/hr,19571
14213,Varanasi - Bahraich Intercity Express,Exp,NR,,,BSB,14:00,BRK,21:50,7h 50m,13,S M T W T F S,CC 3A,315 km,40 km/hr,14214
18106,Jaynagar - Rourkela Express,Exp,SER,,,JYG,19:30,ROU,15:00,19h 30m,14,S W F,SL 3A 2A,774 km,40 km/hr,18105
15602,Guwahati - Dhubri Express (UnReserved),Exp,NFR,,,GHY,22:50,DBB,6:00,7h 10m,16,S M T W T F S,,287 km,40 km/hr,15601
17060,Tiruchanur - Charlapalli Express (via Dhone) (PT),Exp,SCR,18-May,,TCNR,16:00,CHZ,8:00,16h 0m,14,M,SL 3A 2A,649 km,41 km/hr,17059
16608,Coimbatore - Kannur Express (UnReserved),Exp,SR,,,CBE,13:50,CAN,20:56,7h 6m,31,S M T W T F S,,275 km,39 km/hr,16607
16211,Yesvantpur - Salem Express (UnReserved),Exp,SWR,,,YPR,15:55,SA,21:45,5h 50m,20,S M T W T F S,,225 km,39 km/hr,16212
18626,Kosi Super Express (PT),Exp,SER,,,HTE,5:45,PRNC,0:20,18h 35m,48,S M T W T F S,2S SL 3A 2A 3E,723 km,39 km/hr,18625
16307,Alappuzha - Kannur Executive Express,Exp,SR,,,ALLP,15:50,CAN,0:30,8h 40m,25,S M T W T F S,2S CC,340 km,39 km/hr,16308
17331,Miraj - SSS Hubballi Express (UnReserved),Exp,SWR,,,MRJ,6:15,UBL,13:30,7h 15m,27,S M T W T F S,,280 km,39 km/hr,17332
13320,Ranchi - Dumka Intercity Express,Exp,ECR,,,RNC,12:55,DUMK,22:55,10h 0m,21,S M T W T F S,2S CC,395 km,39 km/hr,13319
14236,Bareilly - Varanasi Express,Exp,NR,,,BE,16:45,BSB,7:00,14h 15m,25,S M T W T F S,SL 3A 2A 1A,558 km,39 km/hr,14235
14236,Bareilly - Varanasi Express,Exp,NR,,,BE,16:45,BSB,7:00,14h 15m,25,S M T W T F S,SL 3A 2A 1A,558 km,39 km/hr,14235
15309,Dehradun - Ramnagar Intercity Express,Exp,NER,5-Aug,,DDN,15:55,RMR,23:30,7h 35m,6,W F,2S SL CC 3A 2A,296 km,39 km/hr,15310
17061,Charlapalli - Narasapur Express (PT),Exp,SCR,,,CHZ,19:50,NS,7:00,11h 10m,9,S,SL 3A 2A,439 km,39 km/hr,17062
17328,Kushtagi - SSS Hubballi Express (UnReserved),Exp,SWR,,,KHTI,6:45,UBL,10:40,3h 55m,17,S M T W T F S,,154 km,39 km/hr,17327
16221,Kuvempu Express (UnReserved),Exp,SWR,,,TLGP,5:50,MYS,15:30,9h 40m,33,S M T W T F S,,373 km,39 km/hr,16222
13331,Dhanbad - Patna InterCity Express,Exp,ECR,,,DHN,8:05,PNBE,17:30,9h 25m,23,S M T W T F S,SL 3A 2A,369 km,39 km/hr,13332
10115,Bandra Terminus - Madgaon Express,Exp,KR,,,BDTS,6:50,MAO,22:40,15h 50m,13,W F,SL 3A 2A 3E,615 km,39 km/hr,10116
15507,Darbhanga - Patliputra MEMU Intercity Express (UnReserved),Exp,ECR,,,DBG,2:40,PPTA,8:00,5h 20m,11,S M T W T F S,,207 km,39 km/hr,15508
15723,Jogbani - Siliguri Town Intercity Express,Exp,NFR,,,JBN,5:00,SGUT,13:05,8h 5m,12,M T T F S,2S CC,314 km,39 km/hr,15724
19344,Penchvalley Express (PT),Exp,WR,,,NIR,19:00,INDB,12:45,17h 45m,34,S M T W T F S,SL 3A,694 km,39 km/hr,19343
11604,Bina - Kota MEMU Express (UnReserved),Exp,WCR,,,BINA,11:00,KOTA,18:50,7h 50m,37,S M T W T F S,,303 km,39 km/hr,11603
13164,Hate Bazare Express (via Mansi),Exp,ER,,,SHC,14:15,SDAH,5:15,15h 0m,29,S M T T S,SL 3A 2A,590 km,39 km/hr,13163
16611,Palakkad - Kannur Express (UnReserved),Exp,SR,16-Mar,,PGT,13:50,CAN,19:25,5h 35m,14,S M T W T F S,,219 km,39 km/hr,16610
15720,Siliguri - Katihar Intercity Express (via Barsoi) (UnReserved),Exp,NFR,,,SGUJ,14:00,KIR,19:15,5h 15m,17,S M T W T F S,,203 km,39 km/hr,15719
13022,Mithila Express (PT),Exp,ER,,,RXL,10:10,HWH,4:00,17h 50m,40,S M T W T F S,SL 3A 2A,693 km,39 km/hr,13021
14734,Jaipur - Bathinda Express (UnReserved),Exp,NWR,,,JP,5:00,BTI,18:30,13h 30m,47,S M T W T F S,,526 km,39 km/hr,14733
19606,Udaipur City - Madar Jn (Ajmer) Express (UnReserved),Exp,NWR,,,UDZ,11:20,MDJN,19:15,7h 55m,37,S M T W T F S,,307 km,39 km/hr,19605
17264,Narasapur - Bhimavaram MEMU Express (UnReserved),Exp,SCoR,,,NS,22:45,BVRM,23:30,0h 45m,2,S M T W T F S,,30 km,39 km/hr,17263
17263,Bhimavaram - Narasapur MEMU Express (UnReserved),Exp,SCoR,,,BVRM,5:40,NS,6:25,0h 45m,2,S M T W T F S,,30 km,39 km/hr,17264
15062,Lal Kuan - Kasganj Express (UnReserved),Exp,NER,,,LKU,20:00,KSJ,0:45,4h 45m,11,S M T W T F S,,188 km,39 km/hr,15061
15061,Kasganj - Lal Kuan Express (UnReserved),Exp,NER,,,KSJ,17:10,LKU,21:55,4h 45m,13,S M T W T F S,,188 km,39 km/hr,15062
10103,Mandovi Express,Exp,KR,,,CSMT,7:10,MAO,21:55,14h 45m,18,S M T W T F S,SL 3A 2A 1A 3E,581 km,39 km/hr,10104
11116,Itarsi - Bhusaval MEMU Express (UnReserved),Exp,CR,,,ET,20:30,BSL,4:20,7h 50m,27,S M T W T F S,,307 km,39 km/hr,11115
18109,Tatanagar - NSC Bose Itwari Express,Exp,SER,,,TATA,6:40,NITR,5:00,22h 20m,61,S M T W T F S,2S SL 3A,876 km,39 km/hr,18110
11409,Daund - Nizamabad Express (UnReserved),Exp,CR,,,DD,16:50,NZB,10:45,17h 55m,35,S M T W T F S,,698 km,39 km/hr,11410
14814,Bhopal - Jodhpur Express,Exp,NWR,,,BPL,16:40,JU,18:20,25h 40m,72,S M T W T F S,SL 3A 2A 3E,992 km,39 km/hr,14813
17033,Singareni MEMU Express (UnReserved),Exp,SCR,,,BDCR,6:00,BPQ,15:45,9h 45m,31,S M T W T F S,,382 km,39 km/hr,17034
18027,Kharagpur - Asansol MEMU Express (UnReserved),Exp,SER,,,KGP,6:10,ASN,11:35,5h 25m,29,S M T W T F S,,210 km,39 km/hr,18028
15908,Naharlagun - Tinsukia Express,Exp,NFR,,,NHLN,5:45,TSK,11:30,5h 45m,10,S M W T S,CC,223 km,39 km/hr,15907
16512,Kozhikode - K.S.R Bengaluru Express (PT),Exp,SWR,,,CLT,15:30,SBC,6:35,15h 5m,20,S M T W T F S,SL 3A 2A 1A,590 km,39 km/hr,16511
16511,K.S.R Bengaluru - Kozhikode Express,Exp,SWR,,,SBC,21:35,CLT,12:40,15h 5m,20,S M T W T F S,SL 3A 2A 1A,590 km,39 km/hr,16512
17646,Repalle - Secunderabad Express,Exp,SCR,,,RAL,7:10,SC,15:55,8h 45m,20,S M T W T F S,SL 3A 2A,341 km,39 km/hr,17645
13245,New Jalpaiguri - Ara Capital Express (PT),Exp,ECR,,,NJP,15:15,ARA,5:45,14h 30m,38,S M S,SL 3A 2A 1A 3E,567 km,39 km/hr,13246
18413,Paradeep - Puri Intercity Express (UnReserved),Exp,ECoR,,,PRDP,18:00,PURI,22:25,4h 25m,11,S M T W T F S,,173 km,39 km/hr,18414
15007,Krishak Express,Exp,NER,,,BCY,17:00,LJN,5:50,12h 50m,30,S M T W T F S,SL 3A 2A 1A 3E,504 km,39 km/hr,15008
17626,Delta Express (PT),Exp,SCR,,,RAL,22:40,VKB,9:20,10h 40m,20,S M T W T F S,SL 3A 2A,413 km,39 km/hr,17625
15896,Murkongselek - Rangiya Express,Exp,NFR,,,MZS,6:45,RNY,18:20,11h 35m,45,S M T W T F S,SL,449 km,39 km/hr,15895
17243,Guntur - Rayagada Express (PT),Exp,SCoR,,,GNT,23:00,RGDA,13:40,14h 40m,30,S M T W T F S,SL 3A 2A,568 km,39 km/hr,17244
19035,Vadodara - Vatva InterCity Express (UnReserved),Exp,WR,,,BRC,18:15,VTA,20:35,2h 20m,7,S M T W T F S,,92 km,39 km/hr,19036
15813,Dekargaon - Murkongselek Express (UnReserved),Exp,NFR,,,DKGN,4:45,MZS,13:35,8h 50m,31,S M T W T F S,,345 km,39 km/hr,15814
15008,Krishak Express,Exp,NER,,,LJN,23:10,BCY,12:15,13h 5m,32,S M T W T F S,SL 3A 2A 1A 3E,504 km,39 km/hr,15007
13243,Patna - Bhabua Road InterCity Express (via Gaya),Exp,ECR,,,PNBE,17:45,BBU,23:55,6h 10m,24,S M T W T F S,CC,243 km,39 km/hr,13244
15056,Ramnagar - Agra Fort Express,Exp,NER,,,RMR,19:45,AF,6:55,11h 10m,21,M T S,SL 3A 2A,439 km,39 km/hr,15055
13244,Bhabua Road - Patna InterCity Express (via Gaya),Exp,ECR,,,BBU,4:00,PNBE,10:15,6h 15m,24,S M T W T F S,CC,243 km,39 km/hr,13243
15043,Lucknow Jn. - Kathgodam Express,Exp,NER,,,LJN,23:25,KGM,8:05,8h 40m,9,S M W T F,SL 3A 2A 3E,341 km,39 km/hr,15044
15054,Gomti Nagar - Chhapra Express (Via Varanasi),Exp,NER,,,GTNR,21:45,CPR,11:00,13h 15m,12,S M T W T F S,SL 3A 2A 1A 3E,521 km,39 km/hr,15053
18603,Ranchi - Godda Express (via Kiul),Exp,SER,,,RNC,14:50,GODA,6:20,15h 30m,25,T T S,SL 3A 2A 1A,612 km,39 km/hr,18604
16328,Guruvayur - Madurai Express,Exp,SR,,,GUV,5:50,MDU,19:10,13h 20m,58,S M T W T F S,SL 3A,518 km,39 km/hr,16327
13249,Patna - Bhabua Road Intercity Express (via Ara),Exp,ECR,,,PNBE,5:15,BBU,10:10,4h 55m,12,S M T W T F S,CC,194 km,39 km/hr,13250
15463,Balurghat - Haldibari Intercity Express (UnReserved),Exp,NFR,,,BLGT,12:15,HDB,22:15,10h 0m,23,S M T W T F S,,386 km,39 km/hr,15464
17259,Nellore - Vijayawada MEMU Express (UnReserved),Exp,SCoR,,,NLR,14:00,BZA,20:35,6h 35m,29,S M T W T F S,,255 km,39 km/hr,17260
18236,Bilaspur - Bhopal Express Cum Passenger,Exp,SECR,,,BSP,22:20,BPL,17:00,18h 40m,48,S M T W T F S,SL 2A,719 km,39 km/hr,18235
15669,Nagaland Express (PT),Exp,NFR,,,GHY,20:45,DBRG,11:00,14h 15m,25,S M T W T F S,SL 3A 2A,552 km,39 km/hr,15670
13106,Ballia - Sealdah Express (PT),Exp,ER,,,BUI,8:50,SDAH,2:05,17h 15m,32,S M T W T F S,SL 3A 2A 1A,680 km,39 km/hr,13105
15273,Satyagrah Express (PT),Exp,ECR,,,RXL,8:40,ANVT,9:10,24h 30m,45,S M T W T F S,SL 3A 2A 1A,955 km,39 km/hr,15274
14546,Saharanpur - Delhi MEMU Express (Via Shamli) (UnReserved),Exp,NR,,,SRE,6:15,DLI,10:30,4h 15m,20,S M T W T F S,,165 km,39 km/hr,14545
11004,Tutari Express,Exp,CR,,,SWV,17:55,DR,6:40,12h 45m,19,S M T W T F S,SL 3A 2A,496 km,39 km/hr,11003
11003,Tutari Express (PT),Exp,CR,,,DR,0:05,SWV,12:50,12h 45m,19,S M T W T F S,SL 3A 2A,496 km,39 km/hr,11004
14631,Dehradun - Amritsar Express,Exp,NR,,,DDN,19:30,ASR,8:20,12h 50m,22,S M T W T F S,SL 3A,505 km,39 km/hr,14632
16212,Salem - Yesvantpur Express (UnReserved),Exp,SWR,,,SA,5:20,YPR,11:15,5h 55m,20,S M T W T F S,,225 km,38 km/hr,16211
13241,Banka - Rajendra Nagar Terminal Intercity Express,Exp,ECR,,,BAKA,8:45,RJPB,15:55,7h 10m,17,S M T W T F,2S SL 3A 2A 1A 3E,272 km,38 km/hr,13242
15084,Utsarg Express,Exp,NER,,,FBD,14:30,CPR,8:25,17h 55m,33,S M T W T F S,SL 3A 2A 1A 3E,682 km,38 km/hr,15083
19208,Rajkot - Porbandar Express (UnReserved),Exp,WR,,,RJT,16:00,PBR,21:15,5h 15m,16,S M T W T F S,,202 km,38 km/hr,19207
16729,Madurai - Punalur Express (PT),Exp,SR,,,MDU,23:15,PUU,9:55,10h 40m,35,S M T W T F S,SL 3A,409 km,38 km/hr,16730
15967,Rangiya - Ledo Express (UnReserved),Exp,NFR,,,RNY,5:30,LEDO,21:55,16h 25m,35,S W T,,619 km,38 km/hr,15968
11901,Virangana Lakshmibai Jhansi - Agra Cantt. Express,Exp,NCR,,,VGLJ,16:00,AGC,21:40,5h 40m,23,S M T W T F S,SL,216 km,38 km/hr,11902
16515,Yesvantpur - Karwar Express,Exp,SWR,,,YPR,7:00,KAWR,23:10,16h 10m,23,M W F,2S SL CC 3E EV,611 km,38 km/hr,16516
10110,Karwar - Madgaon Express,Exp,SWR,12-Jun,,KAWR,8:50,MAO,10:25,1h 35m,1,S M T W T F S,SL 3A 2A 1A 3E,60 km,38 km/hr,10109
16323,Coimbatore - Mangaluru Central Express (UnReserved),Exp,SR,,,CBE,7:50,MAQ,18:40,10h 50m,45,S M T W T F S,,407 km,38 km/hr,16324
18625,Kosi Super Express,Exp,SER,,,PRNC,1:25,HTE,21:00,19h 35m,48,S M T W T F S,2S SL 3A 2A 3E,723 km,37 km/hr,18626
13034,Katihar - Howrah Express (PT),Exp,ER,,,KIR,15:30,HWH,2:40,11h 10m,42,S M T W T F S,SL 3A,424 km,38 km/hr,13033
15215,Muzaffarpur - Narkatiaganj MEMU Intercity Express (UnReserved),Exp,ECR,,,MFP,7:35,NKE,11:45,4h 10m,12,S M T W T F S,,160 km,38 km/hr,15216
17327,SSS Hubballi - Kushtagi Express (UnReserved),Exp,SWR,,,UBL,17:00,KHTI,21:00,4h 0m,17,S M T W T F S,,154 km,38 km/hr,17328
18604,Godda - Ranchi Express (via Kiul),Exp,SER,,,GODA,14:05,RNC,6:00,15h 55m,26,S W F,SL 3A 2A 1A,612 km,38 km/hr,18603
10116,Madgaon - Bandra Terminus Express,Exp,KR,,,MAO,7:40,BDTS,23:40,16h 0m,13,T T,SL 3A 2A 3E,615 km,38 km/hr,10115
18119,Tatanagar - Jaynagar Express,Exp,SER,,,TATA,18:40,JYG,11:35,16h 55m,16,F,SL 3A 2A 3E,645 km,38 km/hr,18120
15506,Patliputra - Saharsa Janhit Express,Exp,ECR,,,PPTA,9:20,SHC,15:00,5h 40m,9,M F,SL 3A 2A 3E,215 km,38 km/hr,15505
15505,Saharsa - Patliputra Janhit Express,Exp,ECR,,,SHC,23:15,PPTA,4:50,5h 35m,9,M F,SL 3A 2A 3E,215 km,38 km/hr,15506
16812,Salem - Mayiladuthurai MEMU Express (UnReserved),Exp,SR,,,SA,14:05,MV,21:30,7h 25m,43,S M T W T F S,,282 km,38 km/hr,16811
15020,Tanakpur - Dehradun Express,Exp,NER,,,TPU,19:35,DDN,7:35,12h 0m,11,T T S,SL 2A 1A 3E,452 km,38 km/hr,15019
10105,Sindhudurg Express,Exp,KR,,,DIVA,6:25,SWV,18:45,12h 20m,34,S M T W T F S,2S 3E,464 km,38 km/hr,10106
19210,Okha - Bhavnagar Terminus Express,Exp,WR,,,OKHA,15:15,BVC,5:35,14h 20m,39,S M T W T F S,SL 3A,538 km,38 km/hr,19209
17648,Purna - Hyderabad Express,Exp,SCR,,,PAU,7:40,HYB,19:10,11h 30m,33,S M T W T F S,SL 3A,433 km,38 km/hr,17647
19339,Dahod - Bhopal Intercity Express,Exp,WR,,,DHD,5:40,BPL,16:10,10h 30m,45,S M T W T F S,2S CC,394 km,38 km/hr,19340
16811,Mayiladuturai - Salem MEMU Express (UnReserved),Exp,SR,,,MV,6:15,SA,13:45,7h 30m,43,S M T W T F S,,282 km,38 km/hr,16812
18013,Howrah - Bokaro Steel City Express,Exp,SER,,,HWH,23:30,BKSC,9:05,9h 35m,30,S M T W T F S,SL 3A,367 km,38 km/hr,18014
18186,Godda - Tatanagar Express,Exp,SER,,,GODA,14:05,TATA,7:15,17h 10m,21,T,SL 3A 2A 3E,654 km,38 km/hr,18185
11120,Bhusaval - Igatpuri MEMU Express (UnReserved),Exp,CR,,,BSL,7:00,IGP,15:10,8h 10m,27,S M T W T F S,,308 km,38 km/hr,11119
16540,Mangaluru Jn. - Yesvantpur Weekly Express,Exp,SWR,,,MAJN,7:00,YPR,16:30,9h 30m,12,S,2S SL CC 3E EV,358 km,38 km/hr,16539
18044,Bagha Jatin Express (UnReserved),Exp,SER,,,BHC,4:45,HWH,12:30,7h 45m,38,S M T W T F S,,294 km,38 km/hr,18043
11421,Hadapsar - Solapur DEMU Express (UnReserved),Exp,CR,,,HDP,8:10,SUR,15:00,6h 50m,21,S M T W T F S,,257 km,38 km/hr,11422
14729,Rewari - Fazilka Express (UnReserved),Exp,NWR,,,RE,4:40,FKA,15:45,11h 5m,58,S M T W T F S,,423 km,38 km/hr,14730
14728,Tilak Bridge - Shri Ganganagar Express,Exp,NWR,,,TKJ,17:55,SGNR,6:20,12h 25m,50,S M T W T F S,SL,472 km,38 km/hr,14727
15907,Tinsukia - Naharlagun Express,Exp,NFR,,,TSK,13:35,NHLN,19:30,5h 55m,9,S T W F S,CC,223 km,38 km/hr,15908
11425,Pune - SCSMT Kolhapur DEMU Express (UnReserved),Exp,CR,,,PUNE,10:50,KOP,19:25,8h 35m,23,S M T W T F S,,326 km,38 km/hr,11426
19426,Nandurbar - Borivali Express,Exp,WR,,,NDB,14:00,BVI,0:05,10h 5m,44,S M T W T F S,SL,383 km,38 km/hr,19425
13170,Hate Bazare Express (via Purnea),Exp,ER,,,SHC,14:45,SDAH,5:15,14h 30m,23,W F,SL 3A 2A,558 km,38 km/hr,13169
14231,Manwar Sangam Express,Exp,NR,,,PYGS,4:50,BST,11:35,6h 45m,10,M T W F S,2S SL 3A 2A,260 km,38 km/hr,14232
15060,Anand Vihar Terminal - Lalkuan Express,Exp,NER,,,ANVT,14:15,LKU,21:10,6h 55m,10,T T,2S SL CC 3A 2A,262 km,38 km/hr,15059
17433,Tirupati - Raxaul Weekly Express (PT),Exp,SCoR,1-Jun,,TPTY,8:15,RXL,17:00,56h 45m,42,M,SL 3A 2A 1A,2792 km,49 km/hr,17434
15895,Rangiya - Murkongselek Express,Exp,NFR,,,RNY,8:20,MZS,20:10,11h 50m,45,S M T W T F S,SL,449 km,38 km/hr,15896
17029,Vijayapura - Hyderabad Express,Exp,SCR,,,BJP,19:20,HYB,7:10,11h 50m,36,S M T W T F S,SL 3A,445 km,38 km/hr,17030
18257,Bilaspur - Chirimiri Express,Exp,SECR,,,BSP,23:40,CHRM,6:00,6h 20m,11,S M T W T F S,SL 3A,238 km,38 km/hr,18258
19005,Surat - Bhusaval Express,Exp,WR,,,ST,23:10,BSL,8:00,8h 50m,29,S M T W T F S,SL 3A,335 km,38 km/hr,19006
14119,Kathgodam - Dehradun Express (PT),Exp,NCR,,,KGM,19:55,DDN,4:40,8h 45m,9,S M T W T F S,SL 3A 2A 1A,335 km,38 km/hr,14120
16576,Gomteshwara Express,Exp,SWR,,,MAJN,7:00,YPR,16:30,9h 30m,12,M W F,2S SL CC 3E EV,358 km,38 km/hr,16575
16239,Chikkamagaluru - Yesvantpur Express (UnReserved),Exp,SWR,,,CMGR,8:00,YPR,14:30,6h 30m,23,S M T W T F S,,244 km,38 km/hr,16240
11272,Vindhyachal Express,Exp,WCR,,,BPL,18:20,ET,13:50,19h 30m,38,S M T W T F S,SL 3A,735 km,38 km/hr,11271
18620,Godda - Ranchi Intercity Express (via Dumka) (PT),Exp,SER,,,GODA,16:05,RNC,4:10,12h 5m,22,S M T W T F S,SL 3A 2A 1A,456 km,38 km/hr,18619
16853,Tirupati - Villupuram Intercity Express (UnReserved),Exp,SR,,,TPTY,13:40,VM,20:35,6h 55m,14,S M T W T F S,,265 km,38 km/hr,16854
16208,Mysuru - Yesvantpur Express (Via Hassan) (UnReserved),Exp,SWR,,,MYS,7:15,YPR,15:00,7h 45m,30,S M T W T F S,,295 km,38 km/hr,16207
12035,Purnagiri Jan Shatabdi Express,JShtb,NER,,,TPU,11:20,DLI,21:35,10h 15m,25,S M T W T F S,2S CC,393 km,38 km/hr,12036
15417,Alipurduar Jn - Silghat Town Rajya Rani Express,Exp,NFR,,,APDJ,18:45,SHTT,9:20,14h 35m,20,S T F,SL 3A,559 km,38 km/hr,15418
15670,Nagaland Express (PT),Exp,NFR,,,DBRG,13:50,GHY,4:15,14h 25m,25,S M T W T F S,SL 3A 2A,552 km,38 km/hr,15669
15927,Rangiya - New Tinsukia Express (UnReserved),Exp,NFR,,,RNY,5:30,NTSK,21:00,15h 30m,29,M T F S,,596 km,38 km/hr,15928
15119,Banaras - Dehradun Janta Express (PT),Exp,NER,,,BNRS,8:20,DDN,6:35,22h 15m,43,S M T W T F S,SL 3A 2A 1A 3E,847 km,38 km/hr,15120
18008,Simlipal Intercity Express (UnReserved),Exp,SER,,,VZR,6:15,SHM,13:15,7h 0m,13,T W T,,266 km,38 km/hr,18007
13233,Koderma - Danapur Intercity Express,Exp,ECR,,,KQR,14:40,DNR,21:45,7h 5m,20,S M T W T F S,CC 3A,259 km,37 km/hr,13234
16529,SMVT Bengaluru - Karaikal Express (UnReserved),Exp,SWR,,,SMVB,7:30,KIK,22:35,15h 5m,54,S M T W T F S,,561 km,37 km/hr,16530
56104,Mettur Dam - Erode Passenger (UnReserved),Pass,SR,,,MTDM,19:25,ED,22:05,2h 40m,9,S M T W T F S,,100 km,37 km/hr,56103
17062,Narasapur - Charlapalli Express (PT),Exp,SCR,26-Apr,,NS,20:00,CHZ,7:50,11h 50m,9,S,SL 3A 2A,439 km,37 km/hr,17061
17608,Tiruchanur - Kacheguda Weekly Express (PT),Exp,SCR,21-Aug,,TCNR,16:00,KCG,9:00,17h 0m,9,F,SL 3A 2A,661 km,39 km/hr,17607
15132,Varanasi City - Gorakhpur Express,Exp,NER,,,BCY,22:20,GKP,4:25,6h 5m,13,S M T W T F S,SL 3A 2A 3E,228 km,37 km/hr,15131
18623,Islampur - Hatia Express (PT),Exp,SER,,,IPR,19:15,HTE,8:10,12h 55m,34,S M T W T F S,SL 3A 2A 1A 3E,478 km,37 km/hr,18624
13303,Dhanbad - Ranchi Intercity Express,Exp,ECR,,,DHN,5:40,RNC,10:00,4h 20m,6,S M T W T F S,CC,162 km,37 km/hr,13304
13030,Mokama - Howrah Express,Exp,ER,,,MKA,15:00,HWH,3:25,12h 25m,50,S M T W T F S,SL,455 km,37 km/hr,13029
17347,SSS Hubballi - Chitradurga MEMU Express (UnReserved),Exp,SWR,,,UBL,7:20,CTA,13:25,6h 5m,25,S M T W T F S,,224 km,37 km/hr,17348
15649,Agartala - Narangi Express (PT),Exp,NFR,,,AGTL,21:30,NNGE,12:45,15h 15m,10,S M T W T F S,SL 3A 2A,562 km,37 km/hr,15650
18621,Patliputra Express,Exp,SER,,,PNBE,14:50,HTE,5:30,14h 40m,43,S M T W T F S,SL 3A,538 km,37 km/hr,18622
18755,Shahdol - Ambikapur Express,Exp,SECR,,,SDL,14:30,ABKP,20:15,5h 45m,11,S M T W T F S,SL,214 km,37 km/hr,18756
18037,Kharagpur - Jajpur Keonjhar Road Express (UnReserved),Exp,SER,,,KGP,16:15,JJKR,22:15,6h 0m,34,S M T W T F S,,222 km,37 km/hr,18038
11601,Bina - Katni MEMU Express (UnReserved),Exp,WCR,,,BINA,5:00,KTE,12:00,7h 0m,29,S M T W T F S,,262 km,37 km/hr,11602
11603,Kota - Bina MEMU Express (UnReserved),Exp,WCR,,,KOTA,8:35,BINA,16:50,8h 15m,37,S M T W T F S,,303 km,37 km/hr,11604
13229,Godda - Rajendra Nagar Terminal Weekly Express,Exp,ECR,,,GODA,7:15,RJPB,15:55,8h 40m,13,S,2S SL 3A 2A 1A 3E,325 km,37 km/hr,13230
19104,Kota - Ratlam MEMU Express (UnReserved),Exp,WR,,,KOTA,13:30,RTM,20:45,7h 15m,28,S M T W T F S,,267 km,37 km/hr,19103
19819,Vadodara - Kota Express (UnReserved),Exp,WCR,,,BRC,7:10,KOTA,21:25,14h 15m,55,S M T W T F S,,527 km,37 km/hr,19820
17333,Miraj - Castle Rock Express (UnReserved),Exp,SWR,,,MRJ,11:55,CLR,17:45,5h 50m,19,S M T W T F S,,213 km,37 km/hr,17334
14715,Hisar - Jaipur Express (UnReserved),Exp,NWR,,,HSR,15:25,JP,1:25,10h 0m,40,S M T W T F S,,368 km,37 km/hr,14716
16539,Yesvantpur - Mangaluru Jn. Weekly Express,Exp,SWR,,,YPR,7:00,MAJN,16:40,9h 40m,12,S,2S SL CC 3E EV,358 km,37 km/hr,16540
15028,Maurya Express,Exp,NER,,,GKP,7:15,SBP,14:40,31h 25m,53,S M T W T F S,SL 3A 2A,1164 km,37 km/hr,15027
18028,Asansol - Kharagpur MEMU Express (UnReserved),Exp,SER,,,ASN,17:05,KGP,22:45,5h 40m,29,S M T W T F S,,210 km,37 km/hr,18027
18043,Bagha Jatin Express (UnReserved),Exp,SER,,,HWH,15:25,BHC,23:20,7h 55m,38,S M T W T F S,,294 km,37 km/hr,18044
17661,Kacheguda - Nagarsol Express,Exp,SCR,,,KCG,4:50,NSL,21:05,16h 15m,79,S M T W T F S,2S 3A,602 km,37 km/hr,17662
15027,Maurya Express (PT),Exp,NER,,,SBP,9:20,GKP,16:35,31h 15m,54,S M T W T F S,SL 3A 2A,1164 km,37 km/hr,15028
16586,Murdeshwar - SMVT Bengaluru Express,Exp,SWR,,,MRDW,14:25,SMVB,7:15,16h 50m,23,S M T W T F S,SL 3A 2A 1A,622 km,37 km/hr,16585
19106,Bhusaval - Udhna MEMU Express (UnReserved),Exp,WR,,,BSL,22:15,UDN,7:15,9h 0m,34,S M T W T F S,,331 km,37 km/hr,19105
13163,Hate Bazare Express (via Mansi) (PT),Exp,ER,,,SDAH,21:15,SHC,13:00,15h 45m,30,S M W F S,SL 3A 2A,590 km,37 km/hr,13164
17334,Castle Rock - Miraj Express (UnReserved),Exp,SWR,,,CLR,18:45,MRJ,0:30,5h 45m,19,S M T W T F S,,213 km,37 km/hr,17333
18012,Chakradharpur - Howrah Express,Exp,SER,,,CKP,17:35,HWH,5:35,12h 0m,38,S M T W T F S,SL 3A 2A 1A,439 km,37 km/hr,18011
15641,Barak Brahmaputra Express (PT),Exp,NFR,,,SCL,19:10,NTSK,10:20,15h 10m,9,S,SL 3A 2A 3E,566 km,37 km/hr,15642
18038,Jajpur Keonjhar Road - Kharagpur Express (UnReserved),Exp,SER,,,JJKR,6:20,KGP,12:20,6h 0m,34,S M T W T F S,,222 km,37 km/hr,18037
19102,Surat - Virar MEMU Express (UnReserved),Exp,WR,,,ST,16:45,VR,22:22,5h 37m,30,S M T W T F S,,208 km,37 km/hr,
16324,Mangaluru Central - Coimbatore Express (UnReserved),Exp,SR,,,MAQ,9:00,CBE,20:00,11h 0m,45,S M T W T F S,,407 km,37 km/hr,16323
13169,Hate Bazare Express (via Purnea) (PT),Exp,ER,,,SDAH,21:15,SHC,12:15,15h 0m,24,T T,SL 3A 2A,558 km,37 km/hr,13170
16792,Palaruvi Express,Exp,SR,,,PGT,16:05,TN,6:30,14h 25m,41,S M T W T F S,SL 3A,535 km,37 km/hr,16791
18258,Chirimiri - Bilaspur Express,Exp,SECR,,,CHRM,22:00,BSP,4:30,6h 30m,11,S M T W T F S,SL 3A,238 km,37 km/hr,18257
13205,Purnia Court - Patliputra Janhit Express,Exp,ECR,,,PRNC,20:25,PPTA,4:50,8h 25m,14,S T W T S,SL 3A 2A 3E,309 km,37 km/hr,13206
18011,Howrah - Chakradharpur Express,Exp,SER,,,HWH,23:30,CKP,11:15,11h 45m,38,S M T W T F S,SL 3A 2A 1A,439 km,37 km/hr,18012
15131,Gorakhpur - Varanasi City Express,Exp,NER,,,GKP,22:55,BCY,5:05,6h 10m,13,S M T W T F S,SL 3A 2A 3E,228 km,37 km/hr,15132
15814,Murkongselek - Dekargaon Express (UnReserved),Exp,NFR,,,MZS,15:00,DKGN,0:15,9h 15m,31,S M T W T F S,,345 km,37 km/hr,15813
15614,Lachit Express (PT),Exp,NFR,,,MZS,19:10,GHY,8:45,13h 35m,26,S M T W T F S,SL 3A 2A 1A,497 km,37 km/hr,15613
13349,Singrauli - Patna Express,Exp,ECR,,,SGRL,20:15,PNBE,9:00,12h 45m,26,S M T W T F S,SL 3A 2A,478 km,37 km/hr,13350
19812,Etawah - Kota Express,Exp,WCR,,,ETW,17:00,KOTA,7:25,14h 25m,29,S M T W T F S,SL 3A,530 km,37 km/hr,19811
16575,Gomteshwara Express,Exp,SWR,,,YPR,7:00,MAJN,16:40,9h 40m,12,S T T,2S SL CC 3E EV,358 km,37 km/hr,16576
15055,Agra Fort - Ramnagar Express,Exp,NER,,,AF,20:50,RMR,8:35,11h 45m,21,S T F,SL 3A 2A,439 km,37 km/hr,15056
14893,Bhagat Ki Kothi - Palanpur DEMU Express (UnReserved),Exp,NWR,,,BGKT,19:00,PNU,4:15,9h 15m,34,S M T W T F S,,345 km,37 km/hr,14894
13304,Ranchi - Dhanbad Intercity Express,Exp,ECR,,,RNC,17:05,DHN,21:30,4h 25m,6,S M T W T F S,CC,162 km,37 km/hr,13303
18619,Ranchi - Godda Intercity Express (via Dumka),Exp,SER,,,RNC,21:05,GODA,9:25,12h 20m,23,S M T W T F S,SL 3A 2A 1A,456 km,37 km/hr,18620
75741,Siliguri - Dhubri DEMU InterCity Express (UnReserved),Exp,NFR,,,SGUJ,5:00,DBB,12:00,7h 0m,19,S M T W T F S,,261 km,37 km/hr,75742
16207,Yesvantpur - Mysuru Express (via Hassan) (UnReserved),Exp,SWR,,,YPR,12:15,MYS,20:10,7h 55m,30,S M T W T F S,,295 km,37 km/hr,16208
13178,Jangipur Road - Sealdah Express (UnReserved),Exp,ER,,,JRLE,13:20,SDAH,20:20,7h 0m,52,M T W T F S,,259 km,37 km/hr,13177
14201,Jaunpur Jn. - Rae Bareli Express (UnReserved),Exp,NR,,,JNU,16:30,RBL,21:55,5h 25m,11,S M T W T F S,,202 km,37 km/hr,14202
13402,Danapur - Bhagalpur Intercity Express,Exp,ER,,,DNR,16:15,BGP,22:30,6h 15m,28,S M T W T F S,2S CC 3A,231 km,37 km/hr,13401
18020,Dhanbad - Jhargram MEMU Express (UnReserved),Exp,SER,,,DHN,14:15,JGM,22:15,8h 0m,45,S M T W T F,,295 km,37 km/hr,18019
14545,Delhi - Saharanpur MEMU Express (Via Shamli) (UnReserved),Exp,NR,,,DLI,17:15,SRE,21:40,4h 25m,20,S M T W T F S,,165 km,37 km/hr,14546
14214,Bahraich - Varanasi Intercity Express,Exp,NR,,,BRK,5:10,BSB,13:35,8h 25m,13,S M T W T F S,CC 3A,315 km,37 km/hr,14213
15601,Dhubri - Guwahati Express (UnReserved),Exp,NFR,,,DBB,7:20,GHY,15:00,7h 40m,16,S M T W T F S,,287 km,37 km/hr,15602
28182,Katihar - Tatanagar Express (PT),Exp,SER,,,KIR,15:00,TATA,7:00,16h 0m,28,M T F,SL 3A 2A 3E,591 km,37 km/hr,28181
18014,Bokaro Steel City - Howrah Express,Exp,SER,,,BKSC,19:25,HWH,5:35,10h 10m,30,S M T W T F S,SL 3A,367 km,36 km/hr,18013
16607,Kannur - Coimbatore Express (UnReserved),Exp,SR,,,CAN,6:00,CBE,13:45,7h 45m,31,S M T W T F S,,275 km,36 km/hr,16608
14234,Saryu Express,Exp,NR,,,MUR,2:50,PYGS,8:25,5h 35m,13,S M T W T F S,CC,199 km,36 km/hr,14233
19425,Borivali - Nandurbar Express,Exp,WR,,,BVI,22:50,NDB,9:25,10h 35m,42,S M T W T F S,SL,383 km,36 km/hr,19426
15610,Sairang - Guwahati Express (PT),Exp,NFR,,,SANG,19:00,GHY,8:40,13h 40m,14,S M T W T F S,SL 3A 2A,493 km,36 km/hr,15609
15609,Guwahati - Sairang Express (PT),Exp,NFR,,,GHY,19:00,SANG,8:45,13h 45m,14,S M T W T F S,SL 3A 2A,493 km,36 km/hr,15610
15562,Gomti Nagar - Darbhanga Amrit Bharat Express,AB,ECR,,,GTNR,8:15,DBG,1:50,17h 35m,17,S,SL,629 km,36 km/hr,15561
11801,Gwalior - Prayagraj Express,Exp,NCR,,,GWL,5:00,PRYJ,18:30,13h 30m,44,S M T W T F S,SL 3A,488 km,36 km/hr,11802
17269,Vijayawada - Narasapur MEMU Express (UnReserved),Exp,SCoR,,,BZA,17:15,NS,21:05,3h 50m,15,S M T W T F S,,139 km,36 km/hr,17264
15753,Sifhung Express (UnReserved),Exp,NFR,,,APDJ,4:05,GHY,11:30,7h 25m,29,S M T W T F S,,266 km,36 km/hr,15754
19340,Bhopal - Dahod Intercity Express,Exp,WR,,,BPL,12:35,DHD,23:30,10h 55m,45,S M T W T F S,2S CC,394 km,36 km/hr,19339
17647,Hyderabad - Purna Express,Exp,SCR,,,HYB,8:40,PAU,20:40,12h 0m,33,S M T W T F S,SL 3A,433 km,36 km/hr,17648
11273,Itarsi - Prayagraj Chheoki Express,Exp,WCR,,,ET,17:15,PCOI,9:55,16h 40m,55,S M T W T F S,SL 3A,604 km,36 km/hr,11274
15075,Shaktinagar - Tanakpur Triveni Express,Exp,NER,,,SKTN,15:45,TPU,15:35,23h 50m,41,S M W F,SL 2A 3E,861 km,36 km/hr,15076
19110,Alwar - Kota MEMU Express (UnReserved),Exp,WR,,,AWR,1:00,KOTA,13:20,12h 20m,55,S M T W T F S,,447 km,36 km/hr,19109
19109,Kota - Deeg MEMU Express (UnReserved),Exp,WR,,,KOTA,15:55,DEEG,2:00,10h 5m,46,S M T W T F S,,365 km,36 km/hr,19110
17270,Narasapur - Vijayawada MEMU Express (UnReserved),Exp,SCoR,,,NS,9:45,BZA,13:35,3h 50m,16,S M T W T F S,,139 km,36 km/hr,67258
18529,Durg - Visakhapatnam Express,Exp,SCoR,,,DURG,18:33,VSKP,10:05,15h 32m,47,S M T W T F S,SL 3A 2A,566 km,36 km/hr,18530
14896,Barmer - Bhagat Ki Kothi DEMU Express (UnReserved),Exp,NWR,,,BME,10:00,BGKT,15:40,5h 40m,21,S M T W T F S,,205 km,36 km/hr,14895
14029,Shri Ganganagar - Delhi Express,Exp,NR,,,SGNR,1:40,DLI,15:40,14h 0m,64,S M T W T F S,SL,509 km,36 km/hr,14030
14727,Shri Ganganagar - Tilak Bridge Express,Exp,NWR,,,SGNR,20:05,TKJ,9:10,13h 5m,55,S M T W T F S,SL,472 km,36 km/hr,14728
19105,Udhna - Bhusaval MEMU Express (UnReserved),Exp,WR,,,UDN,12:45,BSL,21:50,9h 5m,34,S M T W T F S,,331 km,36 km/hr,19106
19013,Bhusaval - Katni Express,Exp,WR,,,BSL,11:15,KTE,5:15,18h 0m,59,S M T W T F S,SL 3A,642 km,36 km/hr,19014
19014,Katni - Bhusaval Express,Exp,WR,,,KTE,0:40,BSL,18:35,17h 55m,59,S M T W T F S,SL 3A,642 km,36 km/hr,19013
15911,Tinsukia - Naharlagun Express,Exp,NFR,,,TSK,15:35,NHLN,21:50,6h 15m,9,S W T,2S CC,223 km,36 km/hr,15912
13546,Gaya - Asansol MEMU Express (UnReserved),Exp,ER,,,GAYA,5:45,ASN,13:00,7h 15m,45,S M T W T F S,,258 km,36 km/hr,13545
15642,Barak Brahmaputra Express (PT),Exp,NFR,,,NTSK,17:30,SCL,9:15,15h 45m,9,S,SL 3A 2A 3E,566 km,36 km/hr,15641
16609,Thrissur - Kannur Express (UnReserved),Exp,SR,,,TCR,6:45,CAN,12:30,5h 45m,25,S M T W T F S,,208 km,36 km/hr,
15550,Patna - Jaynagar Intercity Express,Exp,ECR,,,PNBE,15:10,JYG,22:00,6h 50m,11,S M T W T F,CC 3E,244 km,36 km/hr,15549
18415,Barbil - Puri Express,Exp,ECoR,,,BBN,9:30,PURI,20:30,11h 0m,28,S M T W T F S,2S CC,398 km,36 km/hr,18416
16791,Palaruvi Express,Exp,SR,,,TN,21:40,PGT,12:30,14h 50m,40,S M T W T F S,SL 3A,535 km,36 km/hr,16792
13206,Patliputra - Purnia Court Janhit Express,Exp,ECR,,,PPTA,9:20,PRNC,18:00,8h 40m,14,S T W T S,SL 3A 2A 3E,309 km,36 km/hr,13205
19818,Haldighati Express,Exp,WCR,,,JAB,20:05,RTM,15:20,19h 15m,64,S M T W T F S,SL,695 km,36 km/hr,19817
15083,Utsarg Express,Exp,NER,,,CPR,18:00,FBD,12:45,18h 45m,34,S M T W T F S,SL 3A 2A 1A 3E,682 km,36 km/hr,15084
16327,Madurai - Guruvayur Express,Exp,SR,,,MDU,11:35,GUV,2:10,14h 35m,52,S M T W T F S,SL 3A,518 km,36 km/hr,16328
13250,Bhabua Road - Patna Intercity Express (via Ara),Exp,ECR,,,BBU,11:10,PNBE,16:30,5h 20m,12,S M T W T F S,CC,194 km,36 km/hr,13249
19036,Maninagar - Vadodara Intercity Express (UnReserved),Exp,WR,,,MAN,14:10,BRC,16:50,2h 40m,8,S M T W T F S,,97 km,36 km/hr,19035
15073,Singrauli - Tanakpur Triveni Express,Exp,NER,,,SGRL,16:15,TPU,15:35,23h 20m,40,T T S,SL 2A 3E,842 km,36 km/hr,15074
13419,Bhagalpur - Muzaffarpur Jansewa Express,Exp,ER,,,BGP,14:05,MFP,20:45,6h 40m,17,S M T W T F S,SL 3A,240 km,36 km/hr,13420
13511,Adityapur - Asansol Express,Exp,ER,,,ADTP,13:25,ASN,17:55,4h 30m,7,S T F,2S CC,160 km,36 km/hr,13512
17260,Vijayawada - Gudur MEMU Express (UnReserved),Exp,SCoR,,,BZA,5:10,GDR,13:25,8h 15m,38,S M T W T F S,,294 km,36 km/hr,17259
13236,Danapur - Sahibganj InterCity Express,Exp,ECR,,,DNR,5:15,SBG,13:45,8h 30m,29,M T W T F S,CC 3A,305 km,36 km/hr,13235
15710,New Jalpaiguri - Malda Town Intercity Express (UnReserved),Exp,NFR,,,NJP,6:30,MLDT,13:00,6h 30m,27,S M T W T F S,,235 km,36 km/hr,15709
13246,Ara - New Jalpaiguri Capital Express (PT),Exp,ECR,,,ARA,21:05,NJP,12:45,15h 40m,41,T F S,SL 3A 2A 1A 3E,567 km,36 km/hr,13245
15284,Janki Express,Exp,ECR,,,JYG,4:30,MHI,15:45,11h 15m,24,S M T W T F S,SL,393 km,35 km/hr,15283
15079,Patliputra - Gorakhpur InterCity Express,Exp,NER,,,PPTA,15:15,GKP,23:55,8h 40m,29,S M T W T F S,2S CC,300 km,35 km/hr,15080
13234,Danapur - Koderma Intercity Express,Exp,ECR,,,DNR,6:40,KQR,14:10,7h 30m,20,S M T W T F S,CC 3A,259 km,35 km/hr,13233
14688,Badgam - SMVD Katra DEMU Express,Exp,NR,19-Oct,,BDGM,7:20,SVDK,13:00,5h 40m,12,M T W T F S,EV,200 km,35 km/hr,14687
15508,Patliputra - Darbhanga MEMU Intercity Express (UnReserved),Exp,ECR,,,PPTA,19:30,DBG,1:30,6h 0m,11,S M T W T F S,,207 km,35 km/hr,15507
18622,Patliputra Express,Exp,SER,,,HTE,22:00,PNBE,13:35,15h 35m,43,S M T W T F S,SL 3A,538 km,35 km/hr,18621
18181,Tatanagar - Thawe Express (PT),Exp,SER,,,TATA,20:45,THE,17:20,20h 35m,37,M T T F,SL 3A 2A 3E,718 km,35 km/hr,18182
14726,Mathura - Bhiwani Express,Exp,NWR,,,MTJ,12:35,BNW,20:30,7h 55m,33,S M T W T F S,SL,281 km,35 km/hr,14725
19817,Haldighati Express,Exp,WCR,,,RTM,9:00,AF,4:40,19h 40m,63,S M T W T F S,SL,693 km,35 km/hr,19818
14725,Bhiwani - Mathura Express,Exp,NWR,,,BNW,5:50,MTJ,13:50,8h 0m,35,S M T W T F S,SL,281 km,35 km/hr,14726
19735,Jaipur - Marwar Jn Express (UnReserved),Exp,NWR,,,JP,5:30,MJ,13:15,7h 45m,31,S M T W T F S,,275 km,35 km/hr,19736
11274,Prayagraj Chheoki - Itarsi Express,Exp,WCR,,,PCOI,20:15,ET,13:20,17h 5m,55,S M T W T F S,SL 3A,604 km,35 km/hr,11273
12037,Siddhabali Jan Shatabdi Express,JShtb,NR,,,KTW,15:35,DLI,22:20,6h 45m,10,S M T W T F S,2S CC,239 km,35 km/hr,12038
12038,Siddhabali Jan Shatabdi Express,JShtb,NR,,,DLI,7:00,KTW,13:50,6h 50m,10,S M T W T F S,2S CC,239 km,35 km/hr,12037
15754,Sifhung Express (UnReserved),Exp,NFR,,,GHY,15:20,APDJ,23:00,7h 40m,29,S M T W T F S,,266 km,35 km/hr,15753
15552,Varanasi City - Darbhanga Antyodaya Express,Ant,ECR,,,BCY,9:25,DBG,21:05,11h 40m,8,T,,405 km,35 km/hr,15551
14030,Meerut Cantt. - Shri Ganganagar Express,Exp,NR,,,MUT,6:40,SGNR,23:40,17h 0m,83,S M T W T F S,SL,587 km,35 km/hr,14029
14730,Fazilka - Rewari Express (UnReserved),Exp,NWR,,,FKA,8:45,RE,20:50,12h 5m,58,S M T W T F S,,423 km,35 km/hr,14729
15912,Naharlagun - Tinsukia Express,Exp,NFR,,,NHLN,7:40,TSK,14:00,6h 20m,9,M T F,2S CC,223 km,35 km/hr,15911
19002,Surat - Virar Intercity Express (UnReserved),Exp,WR,,,ST,4:15,VR,10:10,5h 55m,28,S M T W T F S,,208 km,35 km/hr,19001
16325,Nilambur Road - Kottayam Express,Exp,SR,,,NIL,15:15,KTYM,21:50,6h 35m,27,S M T W T F S,2S,231 km,35 km/hr,16326
19417,Borivali - Vatva Express,Exp,WR,,,BVI,13:40,VTA,2:45,13h 5m,46,S M T W T F S,SL,455 km,35 km/hr,19418
16326,Kottayam - Nilambur Road Express,Exp,SR,,,KTYM,5:15,NIL,11:50,6h 35m,26,S M T W T F S,2S,231 km,35 km/hr,16325
17281,Guntur - Narasapur Express,Exp,SCoR,,,GNT,17:45,NS,22:35,4h 50m,21,S M T W T F S,2S,171 km,35 km/hr,17282
19006,Bhusaval - Surat Express,Exp,WR,,,BSL,19:30,ST,5:00,9h 30m,29,S M T W T F S,SL 3A,335 km,35 km/hr,19005
15076,Tanakpur - Shaktinagar Triveni Express,Exp,NER,,,TPU,8:10,SKTN,8:35,24h 25m,41,S T T S,SL 2A 3E,861 km,35 km/hr,15075
15074,Tanakpur - Singrauli Triveni Express,Exp,NER,,,TPU,8:10,SGRL,7:55,23h 45m,40,M W F,SL 2A 3E,842 km,35 km/hr,15073
16203,M.G.R Chennai Central - Tirupati Express,Exp,SWR,,,MAS,16:35,TPTY,20:45,4h 10m,8,S M T W T F S,SL 3A 2A 1A,147 km,35 km/hr,16204
13420,Muzaffarpur - Bhagalpur Jansewa Express,Exp,ER,,,MFP,23:05,BGP,6:00,6h 55m,16,S M T W T F S,SL 3A,240 km,35 km/hr,13419
15202,Bagaha - Patliputra Intercity MEMU Express (UnReserved),Exp,ECR,,,BUG,4:00,PPTA,11:55,7h 55m,22,S M T W T F S,,276 km,35 km/hr,15201
18019,Jhargram - Dhanbad MEMU Express (UnReserved),Exp,SER,,,JGM,5:25,DHN,13:45,8h 20m,45,S M T W T F,,295 km,35 km/hr,18020
16058,Sapthagiri Express,Exp,SR,,,TPTY,18:05,MAS,22:15,4h 10m,8,S M T W T F S,2S CC,147 km,35 km/hr,16057
18624,Hatia - Islampur Express (PT),Exp,SER,,,HTE,19:10,IPR,9:15,14h 5m,33,S M T W T F S,SL 3A 2A 1A 3E,478 km,34 km/hr,18623
15650,Narangi - Agartala Express (PT),Exp,NFR,,,NNGE,17:00,AGTL,9:30,16h 30m,10,S M T W T F S,SL 3A 2A,562 km,34 km/hr,15649
15019,Dehradun - Tanakpur Express,Exp,NER,,,DDN,15:15,TPU,4:40,13h 25m,11,S W F,SL 2A 1A 3E,452 km,34 km/hr,15020
11414,Pandharpur - Nizamabad Express (UnReserved),Exp,CR,,,PVR,5:30,NZB,21:25,15h 55m,40,S M T W T F S,,535 km,34 km/hr,11413
11413,Nizamabad - Pandharpur Express (UnReserved),Exp,CR,,,NZB,12:45,PVR,4:30,15h 45m,40,S M T W T F S,,535 km,34 km/hr,11414
15618,Dullabcherra - Guwahati Express (PT),Exp,NFR,,,DLCR,11:40,GHY,23:50,12h 10m,10,S T T,SL 3A 2A,410 km,34 km/hr,15617
15617,Guwahati - Dullabcherra Express (PT),Exp,NFR,,,GHY,22:15,DLCR,10:15,12h 0m,10,M W S,SL 3A 2A,410 km,34 km/hr,15618
11706,Rewa - Jabalpur Express,Exp,WCR,,,REWA,14:00,JBP,21:05,7h 5m,24,S M T W T F S,2S CC,238 km,34 km/hr,11705
16111,Tirupati - Puducherry MEMU Express (UnReserved),Exp,SR,,,TPTY,4:10,PDY,12:35,8h 25m,29,S M T W T F S,,287 km,34 km/hr,16112
11902,Agra Cantt. - Virangana Lakshmibai Jhansi Express,Exp,NCR,,,AGC,6:30,VGLJ,12:50,6h 20m,23,S M T W T F S,SL,216 km,34 km/hr,11901
11602,Katni - Bina MEMU Express (UnReserved),Exp,WCR,,,KTE,12:10,BINA,20:00,7h 50m,29,S M T W T F S,,262 km,34 km/hr,11601
16112,Puducherry - Tirupati MEMU Express (UnReserved),Exp,SR,,,PDY,14:40,TPTY,23:10,8h 30m,32,S M T W T F S,,287 km,34 km/hr,16111
17220,Visakhapatnam - Machilipatnam Express (PT),Exp,SCoR,,,VSKP,22:10,MTM,9:10,11h 0m,24,S M T W T F S,SL 3A 2A 1A,372 km,34 km/hr,17219
17267,Kakinada Port - Visakhapatnam MEMU Express (UnReserved),Exp,SCoR,,,COA,4:50,VSKP,9:40,4h 50m,16,S M T W T F S,,165 km,34 km/hr,17268
17219,Machilipatnam - Visakhapatnam Express,Exp,SCoR,,,MTM,21:25,VSKP,8:20,10h 55m,23,S M T W T F S,SL 3A 2A 1A,372 km,34 km/hr,17220
19736,Marwar Jn - Jaipur Express (UnReserved),Exp,NWR,,,MJ,14:30,JP,22:35,8h 5m,32,S M T W T F S,,275 km,34 km/hr,19735
18036,Hatia - Kharagpur Express (UnReserved),Exp,SER,,,HTE,8:50,KGP,18:45,9h 55m,42,S M T W T F S,,335 km,34 km/hr,18035
20485,Jaisalmer - Sabarmati Intercity SF Express (via Jalor),SF,NWR,23-May,,JSM,6:30,SBIB,20:00,13h 30m,17,S M T W T F S,SL 3A 2A,750 km,56 km/hr,20486
16585,SMVT Bengaluru - Murdeshwar Express,Exp,SWR,,,SMVB,19:45,MRDW,13:50,18h 5m,23,S M T W T F S,SL 3A 2A 1A,622 km,34 km/hr,16586
15515,Narkatiaganj - Danapur MEMU Express (UnReserved),Exp,ECR,,,NKE,3:25,DNR,12:50,9h 25m,26,S M T W T F S,,316 km,34 km/hr,15516
11418,Solapur - Pune DEMU Express (UnReserved),Exp,CR,,,SUR,11:40,PUNE,19:25,7h 45m,26,S M T W T F S,,262 km,34 km/hr,11417
19820,Kota - Vadodara Express (UnReserved),Exp,WCR,,,KOTA,10:15,BRC,1:50,15h 35m,53,S M T W T F S,,527 km,34 km/hr,19819
16366,Nagercoil - Kottayam Express (UnReserved),Exp,SR,,,NCJ,13:00,KTYM,19:45,6h 45m,30,S M T W T F S,,232 km,34 km/hr,56311
18416,Puri - Barbil Express,Exp,ECoR,,,PURI,6:15,BBN,17:50,11h 35m,28,S M T W T F S,2S CC,398 km,34 km/hr,18415
15464,Haldibari - Balurghat Intercity Express (UnReserved),Exp,NFR,,,HDB,5:45,BLGT,15:15,9h 30m,23,S M T W T F S,,386 km,41 km/hr,15463
18182,Thawe - Tatanagar Express,Exp,SER,,,THE,10:10,TATA,7:00,20h 50m,37,S W T S,SL 3A 2A 3E,718 km,34 km/hr,18181
17693,Kacheguda - Raichur MEMU Express (UnReserved),Exp,SCR,,,KCG,5:25,RC,12:30,7h 5m,18,S M T W T F,,238 km,34 km/hr,17694
13228,Rajendra Nagar Terminal - Saharsa InterCity Express,Exp,ECR,,,RJPB,7:15,SHC,13:30,6h 15m,14,S M T W T F S,CC 3E,212 km,34 km/hr,13227
17662,Nagarsol - Kacheguda Express,Exp,SCR,,,NSL,5:15,KCG,22:45,17h 30m,79,S M T W T F S,2S 3A,602 km,34 km/hr,17661
50108,Madgaon - Sawantwadi Road Express,Exp,KR,,,MAO,6:20,SWV,8:35,2h 15m,7,S M T W T F S,3E,76 km,34 km/hr,50107
15283,Janki Express (PT),Exp,ECR,,,MHI,22:15,JYG,10:20,12h 5m,24,S M T W T F S,SL,393 km,33 km/hr,15284
16530,Karaikal - SMVT Bengaluru Express (UnReserved),Exp,SWR,,,KIK,4:50,SMVB,21:50,17h 0m,54,S M T W T F S,,561 km,33 km/hr,16529
11313,Solapur - Anakapalle Weekly Express,Exp,CR,21-Aug,,SUR,9:20,AKP,14:40,29h 20m,32,F,SL 3A 2A,1454 km,50 km/hr,11314
11802,Prayagraj - Gwalior Express,Exp,NCR,,,PRYJ,6:05,GWL,21:00,14h 55m,44,S M T W T F S,SL 3A,488 km,33 km/hr,11801
13210,Pt. Deen Dayal Upadhyaya Jn. - Patna MEMU Express (UnReserved),Exp,ECR,,,DDU,15:35,PNBE,22:00,6h 25m,39,S M T W T F S,,211 km,33 km/hr,13209
15553,Bhagalpur - Jaynagar Express,Exp,ECR,,,BGP,7:50,JYG,16:05,8h 15m,14,S M T W T F S,SL 3A 2A,269 km,33 km/hr,15554
11115,Bhusaval - Itarsi MEMU Express (UnReserved),Exp,CR,,,BSL,20:40,ET,5:50,9h 10m,27,S M T W T F S,,307 km,33 km/hr,11116
19001,Virar - Surat Intercity Express (UnReserved),Exp,WR,,,VR,17:00,ST,23:20,6h 20m,27,S M T W T F S,,208 km,33 km/hr,19002
19008,Bhusaval - Surat Express,Exp,WR,,,BSL,20:15,ST,6:20,10h 5m,26,S M T W T F S,SL,335 km,33 km/hr,19007
15768,Alipurduar Jn. - Siliguri Intercity Express (UnReserved),Exp,NFR,,,APDJ,5:45,SGUJ,10:40,4h 55m,19,S M T W T F S,,161 km,33 km/hr,15767
13227,Saharsa - Rajendra Nagar Terminal InterCity Express,Exp,ECR,,,SHC,15:05,RJPB,21:35,6h 30m,14,S M T W T F S,CC 3E,212 km,33 km/hr,13228
14233,Saryu Express,Exp,NR,,,PYGS,18:50,MUR,0:55,6h 5m,13,S M T W T F S,CC,199 km,33 km/hr,14234
18126,Puri - Rourkela Express (UnReserved),Exp,SER,,,PURI,4:35,ROU,20:35,16h 0m,76,S M T W T F S,,525 km,33 km/hr,18125
28181,Tatanagar - Katihar Express (PT),Exp,SER,,,TATA,20:45,KIR,14:55,18h 10m,29,S W S,SL 3A 2A 3E,591 km,33 km/hr,28182
13235,Sahibganj - Danapur InterCity Express (PT),Exp,ECR,,,SBG,15:20,DNR,0:30,9h 10m,29,M T W T F S,CC 3A,305 km,33 km/hr,13236
15501,Raxaul - Jogbani Express,Exp,ECR,,,RXL,12:40,JBN,22:30,9h 50m,14,M T,SL 3A,313 km,32 km/hr,15502
13309,Chopan - Prayagraj Express (UnReserved),Exp,ECR,,,CPU,6:00,PRYJ,13:00,7h 0m,21,S M T W T F S,,223 km,32 km/hr,13310
11314,Anakapalle - Solapur Weekly Express,Exp,CR,22-Aug,,AKP,17:35,SUR,23:50,30h 15m,32,S,SL 3A 2A,1454 km,48 km/hr,11313
14687,SMVD Katra - Badgam DEMU Express,Exp,NR,19-Oct,,SVDK,13:45,BDGM,20:00,6h 15m,12,M T W T F S,EV,200 km,32 km/hr,14688
17268,Visakhapatnam - Kakinada Port MEMU Express (UnReserved),Exp,SCoR,,,VSKP,17:00,COA,22:10,5h 10m,16,S M T W T F S,,165 km,32 km/hr,17267
15080,Gorakhpur - Patliputra InterCity Express,Exp,NER,,,GKP,3:30,PPTA,12:55,9h 25m,29,S M T W T F S,2S CC,300 km,32 km/hr,15079
13545,Asansol - Gaya MEMU Express (UnReserved),Exp,ER,,,ASN,13:45,GAYA,21:50,8h 5m,47,S M T W T F S,,258 km,32 km/hr,13546
13212,Danapur - Jogbani Intercity Express,Exp,ECR,,,DNR,6:05,JBN,16:30,10h 25m,16,S M T W T F S,SL 3A 2A,332 km,32 km/hr,13211
13401,Bhagalpur - Danapur Intercity Express,Exp,ER,,,BGP,5:25,DNR,12:35,7h 10m,28,S M T W T F S,2S CC 3A,231 km,32 km/hr,13402
19418,Ahmedabad - Borivali Express,Exp,WR,,,ADI,23:30,BVI,14:05,14h 35m,55,S M T W T F S,SL,463 km,32 km/hr,19417
15611,Rangiya - Silchar Express (PT),Exp,NFR,,,RNY,19:00,SCL,8:30,13h 30m,16,S M T W T F S,SL 3A 2A,427 km,32 km/hr,15612
15815,Guwahati - Dekargaon Intercity Express (UnReserved),Exp,NFR,,,GHY,16:55,DKGN,22:50,5h 55m,12,S M T W T F S,,190 km,32 km/hr,15816
15816,Dekargaon - Guwahati Intercity Express (UnReserved),Exp,NFR,,,DKGN,5:10,GHY,11:05,5h 55m,12,S M T W T F S,,190 km,32 km/hr,15815
13553,Asansol - Varanasi MEMU Express (UnReserved),Exp,ER,,,ASN,6:30,BSB,21:20,14h 50m,83,S M T W T F S,,481 km,32 km/hr,13554
15201,Patliputra - Bagaha Intercity MEMU Express (UnReserved),Exp,ECR,,,PPTA,17:05,BUG,1:50,8h 45m,22,S M T W T F S,,276 km,32 km/hr,15202
16521,Bangarapet - KSR Bengaluru MEMU Express (UnReserved),Exp,SWR,,,BWT,21:30,SBC,23:45,2h 15m,7,S M T W T F S,,70 km,31 km/hr,16522
13503,Barddhaman - Hatia MEMU Express (UnReserved),Exp,ER,,,BWN,6:30,HTE,17:50,11h 20m,48,S M T W T F S,,349 km,31 km/hr,13504
14737,Bhiwani - Tilak Bridge Express (UnReserved),Exp,NWR,,,BNW,4:40,TKJ,8:41,4h 1m,24,S M T W T F S,,123 km,31 km/hr,14738
18035,Kharagpur - Hatia Express (UnReserved),Exp,SER,,,KGP,8:35,HTE,19:30,10h 55m,42,S M T W T F S,,338 km,31 km/hr,18036
14305,Delhi - Haridwar Express (via Shamli) (UnReserved),Exp,NR,,,DLI,10:20,HW,17:55,7h 35m,33,S M T W T F S,,232 km,31 km/hr,14306
14306,Haridwar - Delhi Express (via Shamli) (UnReserved),Exp,NR,,,HW,7:30,DLI,15:05,7h 35m,33,S M T W T F S,,232 km,31 km/hr,14305
14342,Mussoorie Express,Exp,NR,,,DDN,21:20,SSB,8:25,11h 5m,18,S M T W T F S,SL 3A 2A 1A,345 km,31 km/hr,14341
18175,Hatia - Jharsuguda MEMU Express (UnReserved),Exp,SER,,,HTE,13:00,JSG,21:30,8h 30m,31,S M T W T F S,,266 km,31 km/hr,18176
19605,Madar Jn (Ajmer) - Udaipur City Express (UnReserved),Exp,NWR,,,MDJN,6:50,UDZ,16:35,9h 45m,37,S M T W T F S,,307 km,31 km/hr,19606
15516,Danapur - Narkatiaganj MEMU Express (UnReserved),Exp,ECR,,,DNR,14:30,NKE,0:45,10h 15m,26,S M T W T F S,,316 km,31 km/hr,15515
15612,Silchar - Rangiya Express (PT),Exp,NFR,,,SCL,23:00,RNY,12:40,13h 40m,16,S M T W T F S,SL 3A 2A,427 km,31 km/hr,15611
15549,Jaynagar - Patna Intercity Express,Exp,ECR,,,JYG,5:20,PNBE,13:15,7h 55m,11,S M T W T F,CC 3E,244 km,31 km/hr,15550
18024,NSCB Jn. Gomoh - Kharagpur Express (UnReserved),Exp,SER,,,GMO,6:25,KGP,14:35,8h 10m,38,S M T W T F S,,250 km,31 km/hr,18023
18601,Tatanagar - Hatia Express (UnReserved),Exp,SER,,,TATA,11:50,HTE,18:50,7h 0m,27,S M T W T F S,,219 km,31 km/hr,18602
15709,Malda Town - New Jalpaiguri Intercity Express (UnReserved),Exp,NFR,,,MLDT,14:30,NJP,22:10,7h 40m,27,S M T W T F S,,235 km,31 km/hr,15710
18602,Hatia - Tatanagar Express (UnReserved),Exp,SER,,,HTE,3:45,TATA,11:00,7h 15m,27,S M T W T F S,,216 km,30 km/hr,18601
13211,Jogbani - Danapur Intercity Express,Exp,ECR,,,JBN,4:45,DNR,15:45,11h 0m,16,S M T W T F S,SL 3A 2A,332 km,30 km/hr,13212
18116,Chakradharpur - NSCB Jn. Gomoh MEMU Express (UnReserved),Exp,SER,,,CKP,5:30,GMO,13:30,8h 0m,37,S M T W T F S,,237 km,30 km/hr,18115
18023,Kharagpur - NSCB Jn. Gomoh Express (UnReserved),Exp,SER,,,KGP,14:00,GMO,22:20,8h 20m,38,S M T W T F S,,250 km,30 km/hr,18024
65310,Ramnagar - Moradabad MEMU,MEMU,NER,,,RMR,21:00,MB,23:35,2h 35m,5,S M T W T F S,,77 km,30 km/hr,65309
11417,Pune - Solapur DEMU Express (UnReserved),Exp,CR,,,PUNE,23:00,SUR,7:45,8h 45m,25,S M T W T F S,,262 km,30 km/hr,11418
18125,Rourkela - Puri Express (UnReserved),Exp,SER,,,ROU,7:50,PURI,1:15,17h 25m,77,S M T W T F S,,525 km,30 km/hr,18126
17282,Narasapur - Guntur Express,Exp,SCoR,,,NS,6:15,GNT,12:00,5h 45m,20,S M T W T F S,2S,171 km,30 km/hr,17281
15663,Agartala - Silchar Express (PT),Exp,NFR,,,AGTL,11:15,SCL,19:45,8h 30m,21,S M T W T F S,2S SL CC 3A,253 km,30 km/hr,15664
13344,Shaktinagar - Varanasi Intercity MEMU Express (UnReserved),Exp,ECR,,,SKTN,5:00,BSB,12:45,7h 45m,10,S F S,,229 km,30 km/hr,13343
75742,Dhubri - Siliguri DEMU InterCity Express (UnReserved),Exp,NFR,,,DBB,12:20,SGUJ,21:00,8h 40m,19,S M T W T F S,,261 km,30 km/hr,75741
14633,Ravi Express (UnReserved),Exp,NR,,,ASR,9:25,PTK,13:00,3h 35m,5,S M T W T F S,,107 km,30 km/hr,14634
13226,Ara - Jaynagar InterCity Express,Exp,ECR,,,ARA,5:30,JYG,15:00,9h 30m,21,S M T W T F S,CC 3E,277 km,29 km/hr,13225
13354,Patna - Rajgir Intercity Express,Exp,ECR,,,PNBE,9:20,RGD,12:45,3h 25m,12,S M T W T F S,SL 3A 2A,99 km,29 km/hr,13353
14738,Tilak Bridge - Bhiwani Express (UnReserved),Exp,NWR,,,TKJ,18:35,BNW,22:50,4h 15m,24,S M T W T F S,,123 km,29 km/hr,14737
13209,Patna - Pt. Deen Dayal Upadhyaya Jn. MEMU Express (UnReserved),Exp,ECR,,,PNBE,7:30,DDU,14:40,7h 10m,42,S M T W T F S,,211 km,29 km/hr,13210
14341,Mussoorie Express,Exp,NR,,,SSB,21:20,DDN,9:05,11h 45m,18,S M T W T F S,SL 3A 2A 1A,345 km,29 km/hr,14342
15554,Jaynagar - Bhagalpur Express,Exp,ECR,,,JYG,20:05,BGP,5:15,9h 10m,14,S M T W T F S,SL 3A 2A,269 km,29 km/hr,15553
13554,Varanasi - Asansol MEMU Express (UnReserved),Exp,ER,,,BSB,4:15,ASN,20:50,16h 35m,83,S M T W T F S,,481 km,29 km/hr,13553
13031,Howrah - Jaynagar Express (UnReserved),Exp,ER,,,HWH,11:25,JYG,12:05,24h 40m,117,S M T W T F S,,720 km,29 km/hr,13032
15664,Silchar - Agartala Express (PT),Exp,NFR,,,SCL,8:40,AGTL,17:20,8h 40m,21,S M T W T F S,2S SL CC 3A,253 km,29 km/hr,15663
13346,Singrauli - Varanasi MEMU Intercity Express (UnReserved),Exp,ECR,,,SGRL,5:30,BSB,12:45,7h 15m,8,M T W T,,210 km,29 km/hr,13345
15703,New Jalpaiguri - Bongaigaon Intercity Express (UnReserved),Exp,NFR,,,NJP,6:25,BNGN,15:30,9h 5m,29,S M T W T F S,,253 km,28 km/hr,15704
18115,NSCB Jn. Gomoh - Chakradharpur MEMU Express (UnReserved),Exp,SER,,,GMO,15:00,CKP,23:20,8h 20m,37,S M T W T F S,,237 km,28 km/hr,18116
13207,Jasidih - Patna MEMU Express (UnReserved),Exp,ECR,,,JSME,17:10,PNBE,1:10,8h 0m,51,S M T W T F S,,221 km,28 km/hr,13208
15777,New Jalpaiguri - Alipurduar Jn. Tourist Express,Exp,NFR,,,NJP,7:05,APDJ,13:05,6h 0m,13,S M T W T F S,2S CC EV,168 km,28 km/hr,15778
13208,Patna - Jasidih MEMU Express (UnReserved),Exp,ECR,,,PNBE,8:55,JSME,16:52,7h 57m,52,S M T W T F S,,221 km,28 km/hr,13207
13343,Varanasi - Shaktinagar Intercity MEMU Express (UnReserved),Exp,ECR,,,BSB,14:00,SKTN,22:10,8h 10m,10,T F S,,229 km,28 km/hr,13344
13301,Swarna Rekha Express,Exp,ECR,,,DHN,5:30,ADTP,12:05,6h 35m,8,S M T W T F S,2S CC,182 km,28 km/hr,13302
50107,Sawantwadi Road - Madgaon Express,Exp,KR,,,SWV,18:50,MAO,21:30,2h 40m,7,S M T W T F S,3E,76 km,28 km/hr,50108
15502,Jogbani - Raxaul Express,Exp,ECR,,,JBN,23:45,RXL,11:20,11h 35m,14,M T,SL 3A,313 km,27 km/hr,15501
17636,Dharmavaram - Hazur Sahib Nanded Express,Exp,SCR,17-May,,DMM,5:25,NED,8:05,26h 40m,23,S,SL 3A 2A,1235 km,46 km/hr,17635
13032,Jaynagar - Howrah Express (UnReserved),Exp,ER,,,JYG,18:35,HWH,21:15,26h 40m,115,S M T W T F S,,720 km,27 km/hr,13031
13213,Jogbani - Saharsa Express,Exp,ECR,,,JBN,17:00,SHC,21:35,4h 35m,7,S M T W T F S,SL 3A 2A,125 km,27 km/hr,13214
18176,Jharsuguda - Hatia MEMU Express (UnReserved),Exp,SER,,,JSG,8:00,HTE,17:40,9h 40m,31,S M T W T F S,,266 km,27 km/hr,18175
13504,Hatia - Barddhaman MEMU Express (UnReserved),Exp,ER,,,HTE,8:10,BWN,21:00,12h 50m,48,S M T W T F S,,346 km,27 km/hr,13503
15616,Silchar - Guwahati Express (PT),Exp,NFR,,,SCL,7:00,GHY,21:05,14h 5m,32,S M T W T F S,SL 3A,379 km,27 km/hr,15615
15615,Guwahati - Silchar Express (PT),Exp,NFR,,,GHY,23:55,SCL,13:50,13h 55m,32,S M T W T F S,SL 3A,379 km,27 km/hr,15616
13302,Swarna Rekha Express,Exp,ECR,,,ADTP,15:35,DHN,22:25,6h 50m,8,S M T W T F S,2S CC,182 km,27 km/hr,13301
13225,Jaynagar - Ara InterCity Express,Exp,ECR,,,JYG,10:50,ARA,21:20,10h 30m,21,S M T W T F S,CC 3E,277 km,26 km/hr,13226
13310,Prayagraj - Chopan Express (UnReserved),Exp,ECR,,,PRYJ,14:50,CPU,23:25,8h 35m,21,S M T W T F S,,223 km,26 km/hr,13309
15778,Alipurduar Jn. - New Jalpaiguri Tourist Express,Exp,NFR,,,APDJ,14:00,NJP,20:25,6h 25m,13,S M T W T F S,CC EV,168 km,26 km/hr,15777
15767,Siliguri - Alipurduar Jn. Intercity Express (UnReserved),Exp,NFR,,,SGUJ,17:00,APDJ,23:15,6h 15m,19,S M T W T F S,,161 km,26 km/hr,15768
13345,Varanasi - Singrauli MEMU Intercity Express (UnReserved),Exp,ECR,,,BSB,14:00,SGRL,22:00,8h 0m,8,S M T W,,210 km,26 km/hr,13346
15704,Bongaigaon - New Jalpaiguri Intercity Express (UnReserved),Exp,NFR,,,BNGN,6:15,NJP,16:20,10h 5m,29,S M T W T F S,,253 km,25 km/hr,15703
13353,Rajgir - Patna Intercity Express,Exp,ECR,,,RGD,15:10,PNBE,19:05,3h 55m,12,S M T W T F S,SL 3A 2A,99 km,25 km/hr,13354
13214,Saharsa - Jogbani Express,Exp,ECR,,,SHC,22:55,JBN,3:55,5h 0m,7,S M T W T F S,SL 3A 2A,125 km,25 km/hr,13213
15528,Kamla Ganga Express,Exp,ECR,,,PNBE,16:55,JYG,4:10,11h 15m,42,S M T W T F S,CC,266 km,24 km/hr,15527
15527,Kamla Ganga Express,Exp,ECR,,,JYG,3:15,PNBE,14:30,11h 15m,42,S M T W T F S,CC,266 km,24 km/hr,15528
52451,Shivalik Deluxe Express,Toy,NR,,,KLK,5:45,SML,10:40,4h 55m,5,S M T W T F S,FC,94 km,19 km/hr,52452
52460,Him Darshan Express,Toy,NR,,,SML,15:50,KLK,21:05,5h 15m,5,S M T W T F S,EV,94 km,18 km/hr,52459
52459,Him Darshan Express,Toy,NR,,,KLK,7:00,SML,12:20,5h 20m,5,S M T W T F S,EV,94 km,18 km/hr,52460
52458,Shimla - Kalka Express,Toy,NR,,,SML,10:55,KLK,16:15,5h 20m,10,S M T W T F S,CC FC,94 km,18 km/hr,52457
52457,Kalka - Shimla Express,Toy,NR,,,KLK,3:30,SML,8:50,5h 20m,16,S M T W T F S,CC FC,94 km,18 km/hr,52458
52452,Shivalik Deluxe Express,Toy,NR,,,SML,14:15,KLK,19:30,5h 15m,6,S M T W T F S,FC,94 km,18 km/hr,52451
52454,Shimla - Kalka Express,Toy,NR,,,SML,17:45,KLK,23:00,5h 15m,12,S M T W T F S,2S FC VS,94 km,18 km/hr,52453
52453,Kalka - Shimla Express,Toy,NR,,,KLK,6:20,SML,11:50,5h 30m,11,S M T W T F S,2S FC VS,94 km,17 km/hr,52454
56137,Udagamandalam - Mettupalayam MG Passenger,Toy,SR,,,UAM,14:00,MTP,17:30,3h 30m,5,S M T W T F S,2S FC,46 km,13 km/hr,56136
56136,Mettupalayam - Udagamandalam MG Passenger,Toy,SR,,,MTP,7:10,UAM,11:55,4h 45m,9,S M T W T F S,2S FC,46 km,10 km/hr,56137
11304,Solapur - Mumbai LTT Weekly Express,Exp,CR,18-Aug,,SUR,9:20,LTT,4:00,18h 40m,17,T,SL 3A 2A,890 km,48 km/hr,11303
11303,Mumbai LTT - Solapur Weekly Express,Exp,CR,19-Aug,,LTT,12:50,SUR,9:15,20h 25m,17,W,SL 3A 2A,890 km,44 km/hr,11304
