Train No,Name,Type,Zone,Date From,Date To,From,Dep,To,Arr,Duration,Halts,Dep Days,Classes,Distance,Speed,Return
22504,Dibrugarh - Kanniyakumari Vivek SF Express (PT),SF,NFR,,,DBRG,19:00,CAPE,21:45,74h 45m,58,S M T W T F S,SL 3A 2A,4155 km,56 km/hr,22503
22503,Kanniyakumari - Dibrugarh Vivek SF Express (PT),SF,NFR,,,CAPE,17:25,DBRG,21:00,75h 35m,58,S M T W T F S,SL 3A 2A,4154 km,55 km/hr,22504
15607,Aronai Express (PT),Exp,NFR,,,TVC,16:55,SCL,16:45,71h 50m,55,T,SL 3A 2A 3E,3916 km,55 km/hr,15608
15608,Aronai Express (PT),Exp,NFR,,,SCL,19:10,TVC,20:45,73h 35m,54,T,SL 3A 2A 3E,3916 km,53 km/hr,15607
16318,Himsagar Express (PT),Exp,SR,,,SVDK,22:30,CAPE,22:00,71h 30m,68,M,SL 3A 2A 3E,3789 km,53 km/hr,16317
16317,Himsagar Express (PT),Exp,SR,,,CAPE,14:15,SVDK,10:45,68h 30m,65,F,SL 3A 2A 3E,3789 km,55 km/hr,16318
16788,Shri Mata Vaishno Devi Katra - Tirunelveli Express (PT),Exp,SR,,,SVDK,22:30,TEN,18:45,68h 15m,61,T,SL 3A 2A 3E,3633 km,53 km/hr,16787
16787,Tirunelveli - Shri Mata Vaishno Devi Katra Express (PT),Exp,SR,,,TEN,18:00,SVDK,10:45,64h 45m,58,M,SL 3A 2A 3E,3633 km,56 km/hr,16788
17635,Hazur Sahib Nanded - Dharmavaram Express,Exp,SCR,22-May,,NED,16:45,DMM,19:30,26h 45m,23,F,SL 3A 2A,1235 km,46 km/hr,17636
12504,Agartala - SMVT Bengaluru Humsafar Express (PT),Hms,NFR,,,AGTL,5:30,SMVB,20:10,62h 40m,31,T S,3A,3555 km,57 km/hr,12503
12503,SMVT Bengaluru - Agartala Humsafar Express (PT),Hms,NFR,,,SMVB,10:15,AGTL,2:55,64h 40m,31,T F,3A,3555 km,55 km/hr,12504
22501,SMVT Bengaluru - New Tinsukia SF Express (PT),SF,NFR,,,SMVB,3:30,NTSK,16:25,60h 55m,40,T,SL 3A 2A 1A,3543 km,58 km/hr,22502
20497,Rameswaram - Firozpur Cantt. Humsafar Express,Hms,NR,,,RMM,22:50,FZR,13:55,63h 5m,41,T,SL 3A,3544 km,56 km/hr,20498
20498,Firozpur Cantt. - Rameswaram Humsafar Express,Hms,NR,,,FZR,5:55,RMM,20:35,62h 40m,41,S,SL 3A,3544 km,57 km/hr,20497
22502,New Tinsukia - SMVT Bengaluru SF Express (PT),SF,NFR,,,NTSK,17:30,SMVB,9:45,64h 15m,38,F,SL 3A 2A 1A,3543 km,55 km/hr,22501
15627,Coimbatore - Silchar Express (PT),Exp,NFR,,,CBE,22:00,SCL,16:45,66h 45m,44,S,SL 3A 2A 3E,3493 km,52 km/hr,15628
15628,Silchar - Coimbatore Express (PT),Exp,NFR,,,SCL,19:10,CBE,12:05,64h 55m,43,T,SL 3A 2A 3E,3493 km,54 km/hr,15627
12522,Ernakulam Junction. - Barauni Rapti Sagar Express (PT),SF,ECR,,,ERS,10:50,BJU,0:10,61h 20m,57,F,SL 3A 2A 1A 3E,3434 km,56 km/hr,12521
12521,Barauni - Ernakulam Junction. Rapti Sagar Express (PT),SF,ECR,,,BJU,22:50,ERS,11:30,60h 40m,58,M,SL 3A 2A 1A 3E,3434 km,57 km/hr,12522
12483,Thiruvananthapuram North (Kochuveli) - Amritsar SF Express (PT),SF,NR,,,TVCN,4:50,ASR,13:50,57h 0m,26,W,SL 3A 2A 1A,3294 km,58 km/hr,12484
12484,Amritsar - Thiruvananthapuram North (Kochuveli) Weekly SF Express,SF,NR,,,ASR,5:55,TVCN,14:30,56h 35m,26,S,SL 3A 2A 1A,3294 km,58 km/hr,12483
12511,Gorakhpur - Thiruvananthapuram North Rapti Sagar SF Express (PT),SF,NER,,,GKP,6:33,TVCN,15:40,57h 7m,58,S T F,SL 3A 2A 1A,3236 km,57 km/hr,12512
12512,Thiruvananthapuram North - Gorakhpur Rapti Sagar SF Express (PT),SF,NER,,,TVCN,6:35,GKP,15:15,56h 40m,57,S T W,SL 3A 2A 1A,3236 km,57 km/hr,12511
15636,Guwahati - Okha Dwarka Express (PT),Exp,NFR,,,GHY,10:45,OKHA,23:05,60h 20m,42,M,SL 3A 2A,3226 km,53 km/hr,15635
15635,Okha - Guwahati Dwarka Express (PT),Exp,NFR,,,OKHA,12:15,GHY,6:10,65h 55m,42,F,SL 3A 2A,3226 km,49 km/hr,15636
15930,New Tinsukia - Tambaram Express (PT),Exp,NFR,,,NTSK,6:30,TBM,20:35,62h 5m,44,M,SL 3A 2A 1A,3218 km,52 km/hr,15929
15929,Tambaram - New Tinsukia Express (PT),Exp,NFR,,,TBM,18:40,NTSK,7:10,60h 30m,44,T,SL 3A 2A 1A,3218 km,53 km/hr,15930
19526,Naharlagun - Hapa Weekly Express,Exp,WR,26-Sep,,NHLN,9:40,HAPA,0:15,62h 35m,47,S,2S SL 3A 2A,3187 km,51 km/hr,19525
19525,Hapa - Naharlagun Weekly Express,Exp,WR,23-Sep,,HAPA,0:40,NHLN,16:00,63h 20m,47,W,2S SL 3A 2A,3187 km,50 km/hr,19526
16733,Rameswaram - Okha Weekly Express (PT),Exp,SR,,,RMM,22:50,OKHA,10:20,59h 30m,45,F,SL 3A 2A,3153 km,53 km/hr,16734
16734,Okha - Rameswaram Express (PT),Exp,SR,,,OKHA,8:40,RMM,19:10,58h 30m,46,T,SL 3A 2A,3153 km,54 km/hr,16733
16602,Jogbani - Erode Amrit Bharat Express (PT),AB,SR,,,JBN,15:15,ED,7:00,63h 45m,49,S,SL,3129 km,49 km/hr,16601
16601,Erode - Jogbani Amrit Bharat Express (PT),AB,SR,,,ED,8:15,JBN,19:00,58h 45m,49,T,SL,3129 km,53 km/hr,16602
15659,Mumbai LTT - Agartala AC Express (PT),ACExp,NFR,,,LTT,7:50,AGTL,18:45,58h 55m,36,S,3A 2A 1A,3127 km,53 km/hr,15660
15945,Mumbai LTT - Dibrugarh Express (PT),Exp,NFR,,,LTT,8:05,DBRG,20:20,60h 15m,52,W S,SL 3A 2A,3127 km,52 km/hr,15946
15660,Agartala - Mumbai LTT AC Express (PT),ACExp,NFR,,,AGTL,7:00,LTT,16:15,57h 15m,36,T,3A 2A 1A,3127 km,55 km/hr,15659
15946,Dibrugarh - Mumbai LTT Express (PT),Exp,NFR,,,DBRG,5:00,LTT,17:50,60h 50m,54,S W,SL 3A 2A,3127 km,51 km/hr,15945
15667,Gandhidham - Kamakhya Express (PT),Exp,NFR,,,GIMB,14:05,KYQ,5:20,63h 15m,34,S,SL 3A 2A 1A,3123 km,49 km/hr,15668
15668,Kamakhya - Gandhidham Express (PT),Exp,NFR,,,KYQ,11:00,GIMB,21:20,58h 20m,34,W,SL 3A 2A 1A,3123 km,54 km/hr,15667
15909,Avadh Assam Express (PT),Exp,NFR,,,DBRG,10:00,LGH,4:35,66h 35m,95,S M T W T F S,SL 3A 2A 1A,3117 km,47 km/hr,15910
15910,Avadh Assam Express (PT),Exp,NFR,,,LGH,19:50,DBRG,14:15,66h 25m,95,S M T W T F S,SL 3A 2A 1A,3117 km,47 km/hr,15909
20603,New Jalpaiguri - Nagercoil Amrit Bharat Express,AB,SR,,,NJP,16:45,NCJ,23:00,54h 15m,43,W,SL,3113 km,57 km/hr,20604
20604,Nagercoil - New Jalpaiguri Amrit Bharat Express,AB,SR,,,NCJ,23:00,NJP,5:00,54h 0m,43,S,SL,3112 km,58 km/hr,20603
22659,Thiruvananthapuram North (Kochuveli) - Yog Nagari Rishikesh SF Express (PT),SF,SR,,,TVCN,4:50,YNRK,13:40,56h 50m,27,F,SL 3A 2A 3E,3112 km,55 km/hr,22660
22660,Yog Nagari Rishikesh - Thiruvananthapuram North (Kochuveli) SF Express,SF,SR,,,YNRK,6:15,TVCN,14:30,56h 15m,28,M,SL 3A 2A 3E,3112 km,55 km/hr,22659
22497,Shri Ganganagar - Tiruchchirappalli Humsafar Express,Hms,NWR,,,SGNR,13:45,TPJ,22:10,56h 25m,36,M,3A,3108 km,55 km/hr,22498
22498,Tiruchchirappalli - Shri Ganganagar Humsafar Express,Hms,NWR,,,TPJ,4:45,SGNR,12:20,55h 35m,36,F,3A,3108 km,56 km/hr,22497
12218,Kerala Sampark Kranti Express,SKr,NR,,,CDG,9:30,TVCN,14:30,53h 0m,24,W F,SL 3A 2A 1A 3E,3090 km,58 km/hr,12217
12217,Kerala Sampark Kranti Express (PT),SKr,NR,,,TVCN,4:50,CDG,9:50,53h 0m,24,M S,SL 3A 2A 1A 3E,3090 km,58 km/hr,12218
20494,Chandigarh - Madurai SF Express,SF,NR,,,CDG,8:05,MDU,13:40,53h 35m,29,M F,SL 3A 2A 3E,3075 km,57 km/hr,20493
20493,Madurai - Chandigarh SF Express (PT),SF,NR,,,MDU,23:40,CDG,3:30,51h 50m,29,S W,SL 3A 2A 3E,3074 km,59 km/hr,20494
17031,Charlapalli - Agartala Express (PT),Exp,SCR,27-Jul,,CHZ,16:20,AGTL,6:55,62h 35m,35,M,3A 2A 3E,3065 km,49 km/hr,17032
17032,Agartala - Charlapalli Express (PT),Exp,SCR,31-Jul,,AGTL,5:30,CHZ,20:40,63h 10m,35,F,3A 2A 3E,3065 km,49 km/hr,17031
22632,Anuvrat AC SF Express (PT),ACSF,SR,,,BKN,15:30,MDU,18:30,51h 0m,40,S,3A 2A 1A,3060 km,60 km/hr,22631
22631,Anuvrat AC SF Express (PT),ACSF,SR,,,MDU,12:10,BKN,14:50,50h 40m,40,T,3A 2A 1A,3060 km,60 km/hr,22632
22670,Patna - Ernakulam Junction SF Express (via Nagpur) (PT),SF,SR,,,PNBE,16:30,ERS,21:40,53h 10m,36,T,SL 3A 2A,3047 km,57 km/hr,22669
22669,Ernakulam Junction - Patna SF Express (via Nagpur) (PT),SF,SR,,,ERS,23:55,PNBE,6:25,54h 30m,34,S,SL 3A 2A,3047 km,56 km/hr,22670
12577,Bagmati Express (PT),SF,ECR,,,DBG,15:30,MYS,20:00,52h 30m,36,T,SL 3A 2A 1A 3E,3036 km,58 km/hr,12578
12578,Bagmati Express (PT),SF,ECR,,,MYS,10:30,DBG,16:10,53h 40m,35,F,SL 3A 2A 1A 3E,3036 km,57 km/hr,12577
12625,Kerala Express (PT),SF,SR,,,TVC,12:15,NDLS,13:30,49h 15m,42,S M T W T F S,SL 3A 2A 3E,3031 km,62 km/hr,12626
12626,Kerala Express (PT),SF,SR,,,NDLS,20:10,TVC,21:50,49h 40m,41,S M T W T F S,SL 3A 2A 3E,3031 km,61 km/hr,12625
16311,Shri Ganganagar - Thiruvananthapuram North (Kochuveli) Express (PT),Exp,SR,,,SGNR,14:10,TVCN,22:45,56h 35m,51,T,SL 3A 2A 3E,3017 km,53 km/hr,16312
16312,Thiruvananthapuram North (Kochuveli) - Shri Ganganagar Express (PT),Exp,SR,,,TVCN,15:45,SGNR,2:05,58h 20m,50,S,SL 3A 2A 3E,3017 km,52 km/hr,16311
12643,Thiruvananthapuram Central - Hazrat Nizamuddin Swarna Jayanti SF Express (PT),SF,SR,,,TVC,14:15,NZM,18:45,52h 30m,30,T,SL 3A 2A 3E,3012 km,57 km/hr,12644
12644,Hazrat Nizamuddin - Thiruvananthapuram Central Swarna Jayanti SF Express (PT),SF,SR,,,NZM,5:10,TVC,7:00,49h 50m,29,F,SL 3A 2A 3E,3012 km,60 km/hr,12643
12552,Kamakhya - SMVT Bengaluru AC SF Express (PT),ACSF,NFR,,,KYQ,14:00,SMVB,16:35,50h 35m,29,W,3A 2A 1A,3011 km,60 km/hr,12551
12551,SMVT Bengaluru - Kamakhya AC SF Express (PT),ACSF,NFR,,,SMVB,9:30,KYQ,13:45,52h 15m,29,S,3A 2A 1A,3011 km,58 km/hr,12552
22706,Jammu Tawi - Tirupati Humsafar Express,Hms,SCoR,,,JAT,5:45,TPTY,6:40,48h 55m,12,F,SL 3A,2985 km,61 km/hr,22705
22705,Tirupati - Jammu Tawi Humsafar Express,Hms,SCoR,,,TPTY,21:10,JAT,18:00,44h 50m,12,T,SL 3A,2985 km,67 km/hr,22706
22364,Coimbatore - Dhanbad Amrit Bharat Express,AB,ECR,,,CBE,7:50,DHN,13:00,53h 10m,39,T,SL,2976 km,56 km/hr,22363
22363,Dhanbad - Coimbatore Amrit Bharat Express,AB,ECR,,,DHN,16:10,CBE,18:30,50h 20m,39,S,SL,2976 km,59 km/hr,22364
15630,Nagaon Express (PT),Exp,NFR,,,SHTT,10:50,TBM,20:35,57h 45m,48,F,SL 3A 2A,2970 km,51 km/hr,15629
12510,Guwahati - SMVT Bengaluru SF Express (PT),SF,NFR,,,GHY,6:15,SMVB,10:00,51h 45m,38,S M T,SL 3A 2A,2969 km,57 km/hr,12509
15629,Nagaon Express (PT),Exp,NFR,,,TBM,18:40,SHTT,3:15,56h 35m,49,M,SL 3A 2A,2969 km,52 km/hr,15630
12509,SMVT Bengaluru - Guwahati SF Express (PT),SF,NFR,,,SMVB,23:40,GHY,4:50,53h 10m,39,W T F,SL 3A 2A,2968 km,56 km/hr,12510
22512,Kamakhya - Mumbai LTT Karmabhoomi Express (PT),SF,NFR,,,KYQ,18:00,LTT,21:30,51h 30m,29,S,SL 3A 2A 1A,2952 km,57 km/hr,22511
22511,Mumbai LTT - Kamakhya Karmabhoomi Express (PT),SF,NFR,,,LTT,13:15,KYQ,15:35,50h 20m,29,T,SL 3A 2A 1A,2952 km,59 km/hr,22512
22613,Shraddha Sethu SF Express (PT),SF,SR,,,RMM,23:55,AYC,4:40,52h 45m,24,S,SL 3A 2A,2921 km,55 km/hr,22614
22614,Shraddha Sethu SF Express,SF,SR,,,AYC,23:10,RMM,2:35,51h 25m,24,W,SL 3A 2A,2921 km,57 km/hr,22613
12642,Thirukkural SF Express (PT),SF,SR,,,NZM,5:20,CAPE,4:05,46h 45m,21,M S,SL 3A 2A,2919 km,62 km/hr,12641
12641,Thirukkural SF Express (PT),SF,SR,,,CAPE,20:30,NZM,18:35,46h 5m,21,W F,SL 3A 2A,2919 km,63 km/hr,12642
22351,Saharsa - SMVT Bengaluru SF Express (PT),SF,ECR,,,SHC,13:35,SMVB,16:35,51h 0m,34,F,SL 3A 2A 1A 3E,2902 km,57 km/hr,22352
22352,SMVT Bengaluru - Saharsa SF Express,SF,ECR,,,SMVB,13:50,SHC,17:20,51h 30m,34,M,SL 3A 2A 1A 3E,2902 km,56 km/hr,22351
14620,Tripura Sundari Express,Exp,NR,,,FZR,13:25,AGTL,23:10,57h 45m,31,M,SL 3A 2A 1A 3E,2890 km,50 km/hr,14619
14619,Tripura Sundari Express (PT),Exp,NR,,,AGTL,15:00,FZR,22:55,55h 55m,31,T,SL 3A 2A 1A 3E,2890 km,52 km/hr,14620
16031,Andaman Express (PT),Exp,SR,,,MAS,5:10,SVDK,10:45,53h 35m,72,S W T,SL 3A 2A,2877 km,54 km/hr,16032
16032,Andaman Express,Exp,SR,,,SVDK,22:30,MAS,7:00,56h 30m,72,T F S,SL 3A 2A,2877 km,51 km/hr,16031
15645,Charlapalli - Silchar Express (PT),Exp,NFR,,,CHZ,16:25,SCL,23:55,55h 30m,35,S,SL 3A 2A 3E,2863 km,52 km/hr,15646
15646,Silchar - Charlapalli Express (PT),Exp,NFR,,,SCL,19:10,CHZ,4:20,57h 10m,35,W,SL 3A 2A 3E,2863 km,50 km/hr,15645
22686,Chandigarh - Yesvantpur Karnataka Sampark Kranti Express,SKr,SWR,,,CDG,3:35,YPR,5:25,49h 50m,17,T S,SL 3A 2A 1A,2861 km,57 km/hr,22685
22685,Yesvantpur - Chandigarh Karnataka Sampark Kranti Express,SKr,SWR,,,YPR,15:00,CDG,15:45,48h 45m,17,W S,SL CC 3A 2A 1A,2861 km,59 km/hr,22686
22654,Hazrat Nizamuddin - Thiruvananthapuram Central SF Express (Via Kottayam),SF,SR,,,NZM,5:00,TVC,6:50,49h 50m,29,M,SL 3A 2A 3E,2857 km,57 km/hr,22653
22653,Thiruvananthapuram Central - Hazrat Nizamuddin SF Express (via Kottayam) (PT),SF,SR,,,TVC,22:00,NZM,22:40,48h 40m,29,F,SL 3A 2A 3E,2857 km,59 km/hr,22654
22674,Mannargudi - Jodhpur SF Express (PT),SF,SR,,,MQ,13:15,JU,14:30,49h 15m,40,M,SL 3A 2A,2855 km,58 km/hr,22673
22673,Jodhpur - Mannargudi SF Express (PT),SF,SR,,,JU,16:50,MQ,16:35,47h 45m,40,T,SL 3A 2A,2855 km,60 km/hr,22674
12432,Hazrat Nizamuddin - Thiruvananthapuram Central Rajdhani Express,Raj,NR,,,NZM,6:16,TVC,1:50,43h 34m,20,S T W,3A 2A 1A,2845 km,65 km/hr,12431
22634,Hazrat Nizamuddin - Thiruvananthapuram Central SF Express (via Alappuzha),SF,SR,,,NZM,22:15,TVC,23:20,49h 5m,27,F,SL 3A 2A 3E,2845 km,58 km/hr,22633
22633,Thiruvananthapuram Central - Hazrat Nizamuddin SF Express (Via Alappuzha) (PT),SF,SR,,,TVC,14:40,NZM,12:30,45h 50m,27,W,SL 3A 2A 3E,2845 km,62 km/hr,22634
12431,Thiruvananthapuram Central - Hazrat Nizamuddin Rajdhani Express,Raj,NR,,,TVC,14:40,NZM,12:30,45h 50m,20,T T F,3A 2A 1A,2845 km,62 km/hr,12432
15934,Amritsar - New Tinsukia Express (PT),Exp,NFR,,,ASR,15:40,NTSK,3:30,59h 50m,40,F,SL 3A 2A 1A,2812 km,47 km/hr,15933
15933,New Tinsukia - Amritsar Express (PT),Exp,NFR,,,NTSK,9:45,ASR,21:05,59h 20m,40,T,SL 3A 2A 1A,2812 km,47 km/hr,15934
20482,Tiruchchirappalli - Jodhpur Humsafar Express,Hms,NWR,,,TPJ,8:10,JU,6:00,45h 50m,21,S,SL 3A,2811 km,61 km/hr,20481
20481,Jodhpur - Tiruchchirappalli Humsafar Express,Hms,NWR,,,JU,16:50,TPJ,15:30,46h 40m,21,W,SL 3A,2811 km,60 km/hr,20482
12645,Millennium SF Express (PT),SF,SR,,,ERS,19:10,NZM,18:45,47h 35m,26,S,SL 3A 2A,2806 km,59 km/hr,12646
12646,Millennium SF Express (PT),SF,SR,,,NZM,5:10,ERS,3:10,46h 0m,25,T,SL 3A 2A 3E,2806 km,61 km/hr,12645
22536,Banaras - Rameswaram Weekly SF Express,SF,NER,,,BNRS,20:00,RMM,22:30,50h 30m,34,S,SL 3A 2A 1A 3E,2789 km,55 km/hr,22535
22535,Rameswaram - Banaras Weekly SF Express (PT),SF,NER,,,RMM,23:55,BNRS,1:10,49h 15m,33,W,SL 3A 2A 1A 3E,2789 km,57 km/hr,22536
22644,Patna - Ernakulam Jn. SF Express (via Asansol) (PT),SF,SR,,,PNBE,14:00,ERS,15:20,49h 20m,41,T F,SL 3A 2A,2788 km,57 km/hr,22643
22643,Ernakulam Jn. - Patna SF Express (via Asansol) (PT),SF,SR,,,ERS,17:20,PNBE,20:00,50h 40m,43,M T,SL 3A 2A,2788 km,55 km/hr,22644
22475,Hisar - Coimbatore AC SF Express (PT),ACSF,NWR,,,HSR,13:50,CBE,17:10,51h 20m,40,W,3A 2A 1A,2787 km,54 km/hr,22476
22476,Coimbatore - Hisar AC SF Express (PT),ACSF,NWR,,,CBE,13:30,HSR,16:05,50h 35m,40,S,3A 2A 1A,2787 km,55 km/hr,22475
20820,Okha - Puri Dwarka SF Express (PT),SF,ECoR,,,OKHA,19:05,PURI,18:55,47h 50m,39,W,SL 3A 2A,2778 km,58 km/hr,20819
20819,Puri - Okha Dwarka SF Express (PT),SF,ECoR,,,PURI,9:50,OKHA,10:10,48h 20m,39,S,SL 3A 2A,2778 km,57 km/hr,20820
16367,Kashi Tamil Sangamam Express (PT),Exp,SR,,,CAPE,20:30,BNRS,23:50,51h 20m,35,T,SL 3A 2A 1A 3E,2766 km,54 km/hr,16368
16368,Kashi Tamil Sangamam Express,Exp,SR,,,BNRS,16:20,CAPE,21:00,52h 40m,35,S,SL 3A 2A 1A 3E,2766 km,53 km/hr,16367
12618,Mangala Lakshadweep Express (PT),SF,SR,,,NZM,5:35,ERS,8:00,50h 25m,41,S M T W T F S,SL 3A 2A 3E,2761 km,55 km/hr,12617
12617,Mangala Lakshadweep SF Express (PT),SF,SR,,,ERS,10:30,NZM,13:35,51h 5m,47,S M T W T F S,SL 3A 2A 3E,2761 km,54 km/hr,12618
12649,Karnataka Sampark Kranti Express (Via Ballari) (PT),SKr,SWR,,,YPR,13:30,NZM,8:10,42h 40m,18,S M W F S,SL 3A 2A 1A,2747 km,64 km/hr,12650
12650,Karnataka Sampark Kranti Express (Via Ballari) (PT),SKr,SWR,,,NZM,8:20,YPR,4:15,43h 55m,18,S M T T S,SL 3A 2A 1A,2746 km,63 km/hr,12649
15648,Guwahati - Mumbai LTT Express (PT),Exp,NFR,,,GHY,15:00,LTT,17:50,50h 50m,52,T,SL 3A 2A,2735 km,54 km/hr,15647
15647,Mumbai LTT - Guwahati Express (PT),Exp,NFR,,,LTT,8:05,GHY,12:45,52h 40m,51,F,SL 3A 2A,2735 km,52 km/hr,15648
19567,Tuticorin - Okha Vivek Express (PT),Exp,WR,,,TN,23:40,OKHA,3:35,51h 55m,40,S,SL 2A 3E,2715 km,52 km/hr,19568
19568,Okha - Tuticorin Vivek Express (PT),Exp,WR,,,OKHA,0:55,TN,1:15,48h 20m,40,F,SL 3A 2A 3E,2715 km,56 km/hr,19567
22687,Mysuru - Varanasi SF Express (PT),SF,SWR,,,MYS,8:00,BSB,8:25,48h 25m,32,T T,SL CC 3A 2A,2707 km,56 km/hr,22688
22688,Varanasi - Mysuru SF Express,SF,SWR,,,BSB,21:10,MYS,21:30,48h 20m,32,T S,SL 3A 2A,2707 km,56 km/hr,22687
17295,Kakinada Town - Hisar Express,Exp,SCoR,,,CCT,5:40,HSR,13:40,56h 0m,46,T,SL 3A 2A 1A,2705 km,48 km/hr,17296
17296,Hisar - Kakinada Town Express,Exp,SCoR,,,HSR,14:10,CCT,21:35,55h 25m,46,F,SL 3A 2A 1A,2705 km,49 km/hr,17295
15227,SMVT Bengaluru - Muzaffarpur Express (PT),Exp,ECR,,,SMVB,0:30,MFP,1:50,49h 20m,33,T,SL 3A 2A 1A 3E,2701 km,55 km/hr,15228
15228,Muzaffarpur - SMVT Bengaluru Express (PT),Exp,ECR,,,MFP,7:25,SMVB,9:45,50h 20m,33,M,SL 3A 2A 1A 3E,2701 km,54 km/hr,15227
22354,SMVT Bengaluru - Patna Humsafar Express,Hms,ECR,,,SMVB,13:50,PNBE,10:25,44h 35m,21,S,3A,2691 km,60 km/hr,22353
22353,Patna - SMVT Bengaluru Humsafar Express,Hms,ECR,,,PNBE,20:20,SMVB,16:35,44h 15m,20,T,3A,2691 km,61 km/hr,22354
12648,Kongu SF Express,SF,SR,,,NZM,7:00,CBE,6:30,47h 30m,24,W,SL 3A 2A,2686 km,57 km/hr,12647
12647,Kongu SF Express (PT),SF,SR,,,CBE,16:30,NZM,14:15,45h 45m,23,S,SL 3A 2A,2687 km,59 km/hr,12648
22365,Danapur - SMVT Bengaluru SF Express,SF,ECR,1-Sep,,DNR,14:45,SMVB,14:30,47h 45m,20,S M T W T F S,SL 3A 2A,2681 km,56 km/hr,22366
12295,Sanghamitra SF Express (PT),SF,SWR,,,SMVB,9:15,DNR,7:40,46h 25m,34,S M T W T F S,SL 3A 2A 1A,2681 km,58 km/hr,12296
22366,SMVT Bengaluru - Danapur SF Express,SF,ECR,3-Sep,,SMVB,23:50,DNR,0:15,48h 25m,20,S M T W T F S,SL 3A 2A,2681 km,55 km/hr,22365
12296,Sanghamitra SF Express (PT),SF,SWR,,,DNR,20:15,SMVB,16:10,43h 55m,34,S M T W T F S,SL 3A 2A 1A,2681 km,61 km/hr,12295
12969,Coimbatore - Jaipur SF Express (PT),SF,NWR,,,CBE,9:25,JP,6:45,45h 20m,36,F,SL 3A 2A 1A 3E,2679 km,59 km/hr,12970
12970,Jaipur - Coimbatore SF Express (PT),SF,NWR,,,JP,19:35,CBE,16:50,45h 15m,37,T,SL 3A 2A 1A 3E,2679 km,59 km/hr,12969
12652,Tamil Nadu Sampark Kranti Express,SKr,SR,,,NZM,5:20,MDU,0:05,42h 45m,13,T T,SL 3A 2A,2672 km,63 km/hr,12651
12651,Tamil Nadu Sampark Kranti Express (PT),SKr,SR,,,MDU,1:05,NZM,18:35,41h 30m,13,S T,SL 3A 2A,2672 km,64 km/hr,12652
16598,Alipurduar - SMVT Bengaluru Amrit Bharat Express,AB,SWR,,,APDJ,22:25,SMVB,3:00,52h 35m,44,M,SL,2661 km,51 km/hr,16597
16597,SMVT Bengaluru - Alipurduar Amrit Bharat Express,AB,SWR,,,SMVB,8:50,APDJ,10:25,49h 35m,44,S,SL,2660 km,54 km/hr,16598
12950,Santragachi - Porbandar Kavi Guru SF Express (PT),SF,WR,,,SRC,19:50,PBR,17:40,45h 50m,35,S,SL 3A 2A 1A,2654 km,58 km/hr,12949
12949,Porbandar - Santragachi Kavi Guru SF Express (PT),SF,WR,,,PBR,9:10,SRC,7:30,46h 20m,37,F,SL 3A 2A 1A,2654 km,57 km/hr,12950
22646,Ahilya Nagari SF Express (PT),SF,SR,,,TVCN,6:35,INDB,5:05,46h 30m,47,S,SL 3A 2A 3E,2642 km,57 km/hr,22645
22645,Ahilya Nagari SF Express (PT),SF,SR,,,INDB,16:45,TVCN,15:40,46h 55m,48,M,SL 3A 2A 3E,2642 km,56 km/hr,22646
12284,Hazrat Nizamuddin - Ernakulam Jn. Duronto Express,Drnt,NR,,,NZM,21:40,ERS,18:15,44h 35m,10,S,2S SL 3A 2A 1A,2639 km,59 km/hr,12283
15904,Chandigarh - Dibrugarh Express (PT),Exp,NFR,,,CDG,23:35,DBRG,5:20,53h 45m,34,S W,SL 3A 2A,2639 km,49 km/hr,15903
15903,Dibrugarh - Chandigarh Express (PT),Exp,NFR,,,DBRG,9:00,CDG,13:15,52h 15m,34,M F,SL 3A 2A,2639 km,51 km/hr,15904
12283,Ernakulam Junction. - Hazrat Nizamuddin Duronto Express,Drnt,NR,,,ERS,23:25,NZM,17:20,41h 55m,10,T,2S SL 3A 2A 1A,2639 km,63 km/hr,12284
22655,Ernakulam Jn. - Hazrat Nizamuddin SF Express (PT),SF,SR,,,ERS,2:15,NZM,22:40,44h 25m,24,W,SL 3A 2A 3E,2639 km,59 km/hr,22656
22656,Hazrat Nizamuddin - Ernakulam Jn. SF Express,SF,SR,,,NZM,5:00,ERS,2:35,45h 35m,24,F,SL 3A 2A 3E,2639 km,58 km/hr,22655
15302,Lal Kuan - KSR Bengaluru Weekly Express,Exp,NER,19-Sep,,LKU,17:45,SBC,15:25,45h 40m,40,S,SL 3A 2A 3E,2634 km,58 km/hr,15301
15301,KSR Bengaluru - Lal Kuan Weekly Express,Exp,NER,22-Sep,,SBC,7:15,LKU,9:05,49h 50m,40,T,SL 3A 2A 3E,2634 km,53 km/hr,15302
20609,New Jalpaiguri - Tiruchchirappalli Amrit Bharat Express,AB,SR,,,NJP,16:45,TPJ,16:15,47h 30m,38,F,SL,2623 km,55 km/hr,20610
20610,Tiruchchirappalli - New Jalpaiguri Amrit Bharat Express,AB,SR,,,TPJ,5:45,NJP,5:00,47h 15m,38,W,SL,2622 km,55 km/hr,20609
12781,Mysuru - Hazrat Nizamuddin Swarna Jayanti SF Express (PT),SF,SWR,,,MYS,19:30,NZM,18:45,47h 15m,30,F,SL 3A 2A 1A,2617 km,55 km/hr,12782
12782,Hazrat Nizamuddin - Mysuru Swarna Jayanti SF Express,SF,SWR,,,NZM,5:10,MYS,2:20,45h 10m,30,M,SL 3A 2A 1A,2617 km,58 km/hr,12781
19615,Udaipur City - Kamakhya Kavi Guru Express (PT),Exp,NWR,,,UDZ,16:05,KYQ,0:20,56h 15m,43,M,SL 3A 2A 3E,2610 km,46 km/hr,19616
12629,Karnataka Sampark Kranti Express (Via Pune) (PT),SKr,SWR,,,YPR,15:00,NZM,11:40,44h 40m,15,T T,SL 3A 2A 1A,2610 km,58 km/hr,12630
19616,Kamakhya - Udaipur City Kavi Guru Express (PT),Exp,NWR,,,KYQ,18:00,UDZ,0:48,54h 48m,43,T,SL 3A 2A 3E,2610 km,48 km/hr,19615
12630,Karnataka Sampark Kranti Express (Via Pune) (PT),SKr,SWR,,,NZM,8:30,YPR,5:25,44h 55m,14,W F,SL 3A 2A 1A,2610 km,58 km/hr,12629
20501,Agartala - Anand Vihar Terminal Tejas Rajdhani Express,Raj,NFR,,,AGTL,15:00,ANVT,10:50,43h 50m,20,M,3A 2A 1A,2593 km,59 km/hr,20502
20502,Anand Vihar Terminal - Agartala Tejas Rajdhani Express,Raj,NFR,,,ANVT,19:50,AGTL,16:25,44h 35m,20,W,3A 2A 1A,2593 km,58 km/hr,20501
12539,Yesvantpur - Lucknow SF Express (via Perambur),SF,SWR,,,YPR,13:30,LKO,10:55,45h 25m,17,W,SL 3A 2A,2591 km,57 km/hr,12540
12540,Lucknow - Yesvantpur SF Express (via Perambur),SF,SWR,,,LKO,20:25,YPR,15:45,43h 20m,16,F,SL 3A 2A,2591 km,60 km/hr,12539
22906,Shalimar - Okha Weekly SF Express (PT),SF,WR,,,SHM,20:15,OKHA,16:00,43h 45m,30,T,SL 3A 2A 1A,2581 km,59 km/hr,22905
22905,Okha - Shalimar Weekly SF Express,SF,WR,,,OKHA,8:40,SHM,4:35,43h 55m,31,S,SL 3A 2A 1A,2581 km,59 km/hr,22906
12660,Gurudev SF Express (PT),SF,SR,,,SHM,23:45,NCJ,21:40,45h 55m,42,W,SL 3A 2A,2579 km,56 km/hr,12659
12659,Gurudev SF Express (PT),SF,SR,,,NCJ,14:45,SHM,12:30,45h 45m,42,S,SL 3A 2A,2579 km,56 km/hr,12660
20808,Hirakud Express,SF,SCoR,,,ASR,23:55,VSKP,21:50,45h 55m,46,S W S,SL 3A 2A 3E,2570 km,56 km/hr,20807
20807,Hirakud Express (PT),SF,SCoR,,,VSKP,0:25,ASR,23:25,47h 0m,46,T F S,SL 3A 2A 3E,2570 km,55 km/hr,20808
15655,Kamakhya - Shri Mata Vaishno Devi Katra Weekly Express (PT),Exp,NFR,,,KYQ,11:00,SVDK,15:55,52h 55m,38,S,SL 3A 2A 1A,2560 km,48 km/hr,15656
15656,Shri Mata Vaishno Devi Katra - Kamakhya Weekly Express,Exp,NFR,,,SVDK,3:50,KYQ,10:20,54h 30m,38,W,SL 3A 2A 1A,2560 km,47 km/hr,15655
22641,Thiruvananthapuram Central - Shalimar SF Express (PT),SF,SR,,,TVC,16:55,SHM,12:30,43h 35m,35,T S,SL 3A 2A 3E,2560 km,59 km/hr,22642
22642,Shalimar - Thiruvananthapuram Central SF Express (PT),SF,SR,,,SHM,23:45,TVC,19:55,44h 10m,35,S T,SL 3A 2A 3E,2560 km,58 km/hr,22641
12977,Marusagar SF Express (PT),SF,NWR,,,ERS,18:50,AII,15:25,44h 35m,31,S,SL 3A 2A 1A 3E,2556 km,57 km/hr,12978
12978,Marusagar SF Express (PT),SF,NWR,,,AII,10:15,ERS,5:45,43h 30m,31,F,SL 3A 2A 1A 3E,2556 km,59 km/hr,12977
17322,Jasidih - Vasco-da-Gama Weekly Express (PT),Exp,SWR,,,JSME,13:10,VSG,15:05,49h 55m,36,M,SL 3A 2A 3E,2555 km,51 km/hr,17321
17321,Vasco-da-Gama - Jasidih Weekly Express,Exp,SWR,,,VSG,4:30,JSME,7:10,50h 40m,36,F,SL 3A 2A 3E,2555 km,50 km/hr,17322
12905,Porbandar - Shalimar SF Express (PT),SF,WR,,,PBR,8:50,SHM,4:35,43h 45m,31,W T,SL 3A 2A 1A,2543 km,58 km/hr,12906
12906,Shalimar - Porbandar SF Express (PT),SF,WR,,,SHM,20:15,PBR,15:20,43h 5m,30,F S,SL 3A 2A 1A,2543 km,59 km/hr,12905
15624,Kamakhya - Bhagat ki Kothi Express (PT),Exp,NFR,,,KYQ,17:30,BGKT,20:30,51h 0m,43,F,SL 3A 2A 1A,2540 km,50 km/hr,15623
15623,Bhagat ki Kothi - Kamakhya Express (PT),Exp,NFR,,,BGKT,16:30,KYQ,22:00,53h 30m,43,T,SL 3A 2A 1A,2540 km,47 km/hr,15624
22606,Tirunelveli - Purulia SF Express (PT),SF,SR,,,TEN,3:15,PRR,23:15,44h 0m,35,W S,SL 3A 2A,2536 km,58 km/hr,22605
22605,Purulia - Tirunelveli SF Express (PT),SF,SR,,,PRR,10:00,TEN,3:55,41h 55m,35,M F,SL 3A 2A,2536 km,61 km/hr,22606
13351,Dhanbad - Alappuzha Express (PT),Exp,ECR,,,DHN,11:35,ALLP,15:15,51h 40m,85,S M T W T F S,SL 3A 2A 1A,2530 km,49 km/hr,13352
13352,Alappuzha - Dhanbad Express (PT),Exp,ECR,,,ALLP,6:00,DHN,10:50,52h 50m,88,S M T W T F S,SL 3A 2A 1A,2530 km,48 km/hr,13351
15673,Charlapalli - Kamakhya Amrit Bharat Express,AB,NFR,,,CHZ,19:40,KYQ,22:00,50h 20m,41,W,SL,2524 km,50 km/hr,15674
15674,Kamakhya - Charlapalli Amrit Bharat Express,AB,NFR,,,KYQ,19:00,CHZ,14:40,43h 40m,41,S,SL,2524 km,58 km/hr,15673
20507,Sairang - Anand Vihar Terminal Rajdhani Express,Raj,NFR,,,SANG,16:10,ANVT,10:50,42h 40m,18,F,3A 2A 1A,2515 km,59 km/hr,20508
20508,Anand Vihar Terminal - Sairang Rajdhani Express,Raj,NFR,,,ANVT,19:50,SANG,15:25,43h 35m,18,S,3A 2A 1A,2515 km,58 km/hr,20507
12937,Garba SF Express (PT),SF,WR,,,GIMB,18:25,HWH,12:55,42h 30m,19,S,SL 3A 2A,2514 km,59 km/hr,12938
12938,Garba SF Express (PT),SF,WR,,,HWH,23:00,GIMB,14:15,39h 15m,18,M,SL 3A 2A,2514 km,64 km/hr,12937
22534,Yesvantpur - Gorakhpur SF Express (PT),SF,NER,,,YPR,23:40,GKP,18:55,43h 15m,23,W,SL 3A 2A 1A,2512 km,58 km/hr,22533
22533,Gorakhpur - Yesvantpur SF Express (PT),SF,NER,,,GKP,6:33,YPR,2:45,44h 12m,22,M,SL 3A 2A 1A,2512 km,57 km/hr,22534
12592,Yesvantpur - Gorakhpur SF Express (PT),SF,NER,,,YPR,17:30,GKP,15:10,45h 40m,35,M,SL 3A 2A 1A,2512 km,55 km/hr,12591
12591,Gorakhpur - Yesvantpur SF Express (PT),SF,NER,,,GKP,6:33,YPR,2:30,43h 57m,35,S,SL 3A 2A 1A,2512 km,57 km/hr,12592
11045,Deekshabhoomi SF Express (PT),SF,CR,,,KOP,4:35,DHN,8:45,52h 10m,39,F,SL 3A 2A,2504 km,48 km/hr,11046
11046,Deekshabhoomi SF Express (PT),SF,CR,,,DHN,10:20,KOP,12:20,50h 0m,38,M,SL 3A 2A,2504 km,50 km/hr,11045
22647,Korba - Thiruvananthapuram North (Kochuveli) SF Express (PT),SF,SR,,,KRBA,19:40,TVCN,15:40,44h 0m,51,W S,SL 3A 2A 3E,2503 km,57 km/hr,22648
22648,Thiruvananthapuram North (Kochuveli) - Korba SF Express (PT),SF,SR,,,TVCN,6:15,KRBA,3:00,44h 45m,51,M T,SL 3A 2A 3E,2501 km,56 km/hr,22647
22620,Tirunelveli - Bilaspur SF Express (PT),SF,SR,,,TEN,1:25,BSP,21:35,44h 10m,30,S,SL 3A 2A 3E,2491 km,56 km/hr,22619
22619,Bilaspur - Tirunelveli SF Express (PT),SF,SR,,,BSP,8:15,TEN,3:15,43h 0m,30,T,SL 3A 2A 3E,2491 km,58 km/hr,22620
22852,Mangaluru Central - Santragachi Vivek Express (PT),SF,SER,,,MAQ,23:00,SRC,18:00,43h 0m,38,S,SL 3A 2A,2488 km,58 km/hr,22851
22851,Santragachi - Mangaluru Central Vivek Express (PT),SF,SER,,,SRC,14:55,MAQ,8:50,41h 55m,38,T,SL 3A 2A,2488 km,59 km/hr,22852
11665,Rani Kamalapati - Agartala Weekly Express,Exp,WCR,22-Oct,,RKMP,15:20,AGTL,19:25,52h 5m,38,T,SL 3A 2A,2482 km,48 km/hr,11666
11666,Agartala - Rani Kamalapati Weekly Express,Exp,WCR,25-Oct,,AGTL,17:20,RKMP,16:40,47h 20m,38,S,SL 3A 2A,2482 km,52 km/hr,11665
12976,Jaipur - Mysuru SF Express (PT),SF,NWR,,,JP,19:35,MYS,16:00,44h 25m,41,M W,SL CC 3A 2A 1A 3E,2480 km,56 km/hr,12975
12975,Mysuru - Jaipur SF Express (PT),SF,NWR,,,MYS,10:30,JP,6:45,44h 15m,41,T S,SL CC 3A 2A 1A 3E,2481 km,56 km/hr,12976
16223,SMVT Bengaluru - Radhikapur Express,Exp,SWR,,,SMVB,13:50,RDP,12:45,46h 55m,48,T,SL 3A 2A,2478 km,53 km/hr,16224
16224,Radhikapur - SMVT Bengaluru Express (PT),Exp,SWR,,,RDP,21:30,SMVB,20:45,47h 15m,48,S,SL 3A 2A,2478 km,52 km/hr,16223
20824,Ajmer - Puri SF Express (PT),SF,ECoR,,,AII,19:20,PURI,14:40,43h 20m,43,T T,SL 3A 2A,2478 km,57 km/hr,20823
20823,Puri - Ajmer SF Express (PT),SF,ECoR,,,PURI,23:05,AII,18:40,43h 35m,43,M T,SL 3A 2A,2478 km,57 km/hr,20824
20503,Dibrugarh - New Delhi Rajdhani Express (via Moranhat),Raj,NFR,,,DBRG,19:40,NDLS,13:38,41h 58m,24,S T W T S,3A 2A 1A,2471 km,59 km/hr,20504
20504,New Delhi - Dibrugarh Rajdhani Express (via Moranhat),Raj,NFR,,,NDLS,11:25,DBRG,5:00,41h 35m,24,M T W F S,3A 2A 1A,2471 km,59 km/hr,20503
15632,Guwahati - Barmer Express (PT),Exp,NFR,,,GHY,10:45,BME,7:45,45h 0m,32,T,SL 3A 2A,2470 km,55 km/hr,15631
15631,Barmer - Guwahati Express (PT),Exp,NFR,,,BME,23:45,GHY,23:35,47h 50m,32,S,SL 3A 2A,2470 km,52 km/hr,15632
14723,Hisar - Tirupati Weekly Express,Exp,NWR,25-Jul,,HSR,14:10,TPTY,9:30,43h 20m,30,S,SL 3A 2A,2492 km,57 km/hr,14724
14724,Tirupati - Hisar Weekly Express,Exp,NWR,27-Jul,,TPTY,23:50,HSR,22:40,46h 50m,30,M,SL 3A 2A,2492 km,53 km/hr,14723
20667,Yesvantpur - Khatipura (Jaipur) SF Express,SF,SWR,,,YPR,12:00,KWP,6:05,42h 5m,26,T,SL 3A 2A,2467 km,59 km/hr,20668
15023,Gorakhpur - Yesvantpur Express (via Ayodhya Cantt) (PT),Exp,NER,,,GKP,8:50,YPR,10:30,49h 40m,23,T,SL 3A 2A 1A,2463 km,50 km/hr,15024
15024,Yesvantpur - Gorakhpur Express (Via Ayodhya Cantt) (PT),Exp,NER,,,YPR,23:40,GKP,19:35,43h 55m,23,T,SL 3A 2A 1A,2464 km,56 km/hr,15023
20668,Khatipura (Jaipur) - Yesvantpur Superfast Express (PT),SF,SWR,,,KWP,21:20,YPR,16:50,43h 30m,26,S,SL 3A 2A,2467 km,57 km/hr,20667
12254,Anga Express (PT),SF,SWR,,,BGP,13:55,SMVB,7:30,41h 35m,29,W,SL 3A 2A 1A,2449 km,59 km/hr,12253
12253,Anga Express (PT),SF,SWR,,,SMVB,13:50,BGP,9:20,43h 30m,29,S,SL 3A 2A 1A,2448 km,56 km/hr,12254
16587,Yesvantpur - Bikaner Express,Exp,SWR,,,YPR,12:00,BKN,8:45,44h 45m,35,S F,SL CC 3A 2A,2447 km,55 km/hr,16588
16588,Bikaner - Yesvantpur Express (PT),Exp,SWR,,,BKN,19:00,YPR,16:00,45h 0m,36,S T,SL 3A 2A,2447 km,54 km/hr,16587
19269,Porbandar - Muzaffarpur Express (PT),Exp,WR,,,PBR,19:40,MFP,19:25,47h 45m,37,T F,SL 3A 2A 1A,2444 km,51 km/hr,19270
19270,Muzaffarpur - Porbandar Express (PT),Exp,WR,,,MFP,15:15,PBR,13:35,46h 20m,37,S M,SL 3A 2A 1A,2444 km,53 km/hr,19269
18112,Yesvantpur - Tatanagar Weekly Express (PT),Exp,SER,,,YPR,12:30,TATA,11:40,47h 10m,38,S,SL 3A 2A 3E,2438 km,52 km/hr,18111
18111,Tatanagar - Yesvantpur Weekly Express (PT),Exp,SER,,,TATA,17:45,YPR,13:40,43h 55m,39,T,SL 3A 2A 3E,2438 km,56 km/hr,18112
22973,Gandhidham - Puri Weekly SF Express (via Vizianagaram) (PT),SF,WR,,,GIMB,14:00,PURI,8:05,42h 5m,38,W,SL 3A 2A,2435 km,58 km/hr,22974
22974,Puri - Gandhidham Weekly SF Express (via Vizianagaram) (PT),SF,WR,,,PURI,11:15,GIMB,5:55,42h 40m,35,S,SL 3A 2A,2435 km,57 km/hr,22973
19577,Tirunelveli - Jamnagar Express (PT),Exp,WR,,,TEN,5:10,JAM,4:25,47h 15m,32,M T,SL 3A 2A 3E,2434 km,52 km/hr,19578
19578,Jamnagar - Tirunelveli Express (PT),Exp,WR,,,JAM,21:25,TEN,22:05,48h 40m,32,F S,SL 3A 2A 3E,2434 km,50 km/hr,19577
12424,New Delhi - Dibrugarh Rajdhani Express (via New Tinsukia),Raj,NR,,,NDLS,16:20,DBRG,6:20,38h 0m,23,S M T W T F S,3A 2A 1A,2432 km,64 km/hr,12423
12423,Dibrugarh - New Delhi Rajdhani Express (via New Tinsukia) (PT),Raj,NR,,,DBRG,20:35,NDLS,10:30,37h 55m,23,S M T W T F S,3A 2A 1A,2432 km,64 km/hr,12424
15653,Guwahati - Jammu Tawi Amarnath Express (PT),Exp,NFR,,,GHY,14:00,JAT,13:00,47h 0m,44,W,SL 3A 2A,2432 km,52 km/hr,15654
15654,Jammu Tawi - Guwahati Amarnath Express (PT),Exp,NFR,,,JAT,22:45,GHY,22:55,48h 10m,44,F,SL 3A 2A,2432 km,50 km/hr,15653
20813,Puri - Jodhpur SF Express (PT),SF,ECoR,,,PURI,15:50,JU,11:25,43h 35m,40,W,SL 3A 2A 1A 3E,2431 km,56 km/hr,20814
20814,Jodhpur - Puri SF Express (PT),SF,ECoR,,,JU,15:00,PURI,10:00,43h 0m,40,S,SL 3A 2A 1A 3E,2431 km,57 km/hr,20813
17364,Yog Nagari Rishikesh - SSS Hubballi Express,Exp,SWR,9-Jul,,YNRK,6:15,UBL,6:30,48h 15m,30,T,SL 3A 2A,2420 km,50 km/hr,17363
17363,SSS Hubballi - Yog Nagari Rishikesh Express,Exp,SWR,6-Jul,,UBL,19:45,YNRK,23:30,51h 45m,30,M,SL 3A 2A,2420 km,47 km/hr,17364
22829,Bhuj - Shalimar SF Express (PT),SF,SER,,,BHUJ,15:15,SHM,10:05,42h 50m,30,T,SL 3A 2A,2419 km,56 km/hr,22830
22830,Shalimar - Bhuj SF Express (PT),SF,SER,,,SHM,19:50,BHUJ,14:45,42h 55m,30,S,SL 3A 2A,2419 km,56 km/hr,22829
22738,Hisar - Secunderabad SF Express (PT),SF,SCR,,,HSR,13:50,SC,8:50,43h 0m,34,S F,SL 3A 2A,2418 km,56 km/hr,22737
22737,Secunderabad - Hisar SF Express (PT),SF,SCR,,,SC,23:35,HSR,18:45,43h 10m,35,T W,SL 3A 2A,2418 km,56 km/hr,22738
16523,SMVT Bengaluru - Balurghat Express,Exp,SWR,,,SMVB,10:15,BLGT,4:15,42h 0m,41,W,SL 3A 2A,2417 km,58 km/hr,16524
16524,Balurghat - SMVT Bengaluru Express (PT),Exp,SWR,,,BLGT,5:15,SMVB,3:00,45h 45m,41,S,SL 3A 2A,2417 km,53 km/hr,16523
20910,Porbandar - Thiruvananthapuram North (Kochuveli) Weekly SF Express (PT),SF,WR,,,PBR,18:40,TVCN,18:00,47h 20m,30,T,SL 3A 2A,2412 km,51 km/hr,20909
20909,Thiruvananthapuram North (Kochuveli) - Porbandar Weekly SF Express (PT),SF,WR,,,TVCN,9:10,PBR,7:15,46h 5m,30,S,SL 3A 2A,2412 km,52 km/hr,20910
20471,Shri Ganganagar - Puri SF Express (PT),SF,NWR,,,SGNR,14:10,PURI,9:50,43h 40m,37,S,SL 3A 2A 3E,2407 km,55 km/hr,20472
20472,Puri - Shri Ganganagar SF Express,SF,NWR,,,PURI,6:35,SGNR,2:05,43h 30m,37,W,SL 3A 2A 3E,2407 km,55 km/hr,20471
12666,Kanniyakumari - Howrah SF Express (PT),SF,SR,,,CAPE,5:50,HWH,0:05,42h 15m,31,S,SL 3A 2A,2406 km,57 km/hr,12665
12665,Howrah - Kanniyakumari SF Express (PT),SF,SR,,,HWH,16:00,CAPE,9:45,41h 45m,28,M,SL 3A 2A,2406 km,58 km/hr,12666
16333,Veraval - Thiruvananthapuram Central Express (PT),Exp,SR,,,VRL,6:55,TVC,7:15,48h 20m,57,T,SL 3A 2A 3E,2404 km,50 km/hr,16334
16334,Thiruvananthapuram Central - Veraval Express (PT),Exp,SR,,,TVC,15:45,VRL,15:35,47h 50m,55,M,SL 3A 2A 3E,2404 km,50 km/hr,16333
20923,Tirunelveli - Gandhidham Humsafar Express (PT),Hms,WR,,,TEN,5:10,GIMB,2:35,45h 25m,20,T,SL 3A,2403 km,53 km/hr,20924
20924,Gandhidham - Tirunelveli Humsafar Express,Hms,WR,,,GIMB,4:50,TEN,2:05,45h 15m,20,M,SL 3A,2403 km,53 km/hr,20923
12628,Karnataka Express (PT),SF,SWR,,,NDLS,20:20,SBC,12:00,39h 40m,32,S M T W T F S,SL 3A 2A 1A,2392 km,60 km/hr,12627
12627,Karnataka Express (PT),SF,SWR,,,SBC,19:20,NDLS,9:00,37h 40m,33,S M T W T F S,SL 3A 2A 1A,2392 km,64 km/hr,12628
18478,Kalinga Utkal Express (PT),Exp,ECoR,,,YNRK,5:35,PURI,3:25,45h 50m,79,S M T W T F S,SL 3A 2A 1A 3E,2390 km,52 km/hr,18477
18477,Kalinga Utkal Express (PT),Exp,ECoR,,,PURI,20:45,YNRK,21:50,49h 5m,78,S M T W T F S,SL 3A 2A 1A 3E,2389 km,49 km/hr,18478
22403,Puducherry - New Delhi SF Express,SF,NR,,,PDY,9:55,NDLS,0:20,38h 25m,13,W,SL 3A 2A 1A,2383 km,62 km/hr,22404
22404,New Delhi - Puducherry SF Express,SF,NR,,,NDLS,23:15,PDY,13:35,38h 20m,13,S,SL 3A 2A 1A,2383 km,62 km/hr,22403
22663,Tambaram - Jodhpur Weekly SF Express (PT),SF,SR,,,TBM,14:50,JU,8:05,41h 15m,29,S,SL 3A 2A,2378 km,58 km/hr,22664
22664,Jodhpur - Tambaram Weekly SF Express (PT),SF,SR,,,JU,0:15,TBM,17:10,40h 55m,29,T,SL 3A 2A,2378 km,58 km/hr,22663
22692,Hazrat Nizamuddin - K S R Bengaluru Rajdhani Express,Raj,SWR,,,NZM,19:50,SBC,5:20,33h 30m,14,S M T W T F S,3A 2A 1A,2376 km,71 km/hr,22691
22691,K.S.R. Bengaluru - Hazrat Nizamuddin Rajdhani Express,Raj,SWR,,,SBC,20:00,NZM,5:30,33h 30m,14,S M T W T F S,3A 2A 1A,2376 km,71 km/hr,22692
11032,Alipurduar - Panvel Amrit Bharat Express,AB,CR,,,APDJ,3:45,PNVL,5:30,49h 45m,36,T,SL,2375 km,48 km/hr,11031
11031,Panvel - Alipurduar Amrit Bharat Express,AB,CR,,,PNVL,11:50,APDJ,13:50,50h 0m,36,M,SL,2375 km,47 km/hr,11032
12213,Yesvantpur - Delhi Sarai Rohilla AC Duronto Express,Drnt,SWR,,,YPR,23:40,DEE,7:50,32h 10m,6,S,3A 2A 1A,2362 km,73 km/hr,12214
12214,Delhi Sarai Rohilla - Yesvantpur AC Duronto Express,Drnt,SWR,,,DEE,22:10,YPR,8:20,34h 10m,7,M,3A 2A 1A,2362 km,69 km/hr,12213
19559,Tirupati - Okha Weekly Express (PT),Exp,WR,14-May,,TPTY,8:15,OKHA,11:50,51h 35m,37,T,SL 3A 2A,2355 km,46 km/hr,19560
19560,Okha - Tirupati Weekly Express (PT),Exp,WR,11-May,,OKHA,23:35,TPTY,23:30,47h 55m,37,M,SL 3A 2A,2355 km,49 km/hr,19559
17019,Hisar - Hyderabad Weekly Express (PT),Exp,SCR,,,HSR,7:15,HYB,7:30,48h 15m,43,T,SL 3A 2A 1A,2357 km,49 km/hr,17020
17020,Hyderabad - Hisar Weekly Express (PT),Exp,SCR,,,HYB,15:10,HSR,13:40,46h 30m,44,S,SL 3A 2A 1A,2357 km,51 km/hr,17019
20625,MGR Chennai Central - Bhagat ki Kothi SF Express (PT),SF,SR,,,MAS,19:35,BGKT,11:40,40h 5m,31,S M T T F,SL 3A 2A 3E,2351 km,59 km/hr,20626
20626,Bhagat Ki Kothi - MGR Chennai Central SF Express,SF,SR,,,BGKT,5:40,MAS,23:15,41h 35m,31,S M W T F,SL 3A 2A 3E,2351 km,57 km/hr,20625
18309,Sambalpur - Jammu Tawi Express (PT),Exp,ECoR,,,SBP,10:40,JAT,15:00,52h 20m,69,M T T S,SL 3A 2A,2348 km,45 km/hr,18310
18310,Jammu Tawi - Sambalpur Express,Exp,ECoR,,,JAT,14:20,SBP,16:30,50h 10m,70,S T T F,SL 3A 2A,2348 km,47 km/hr,18309
15651,Lohit Express (PT),Exp,NFR,,,GHY,14:00,JAT,13:00,47h 0m,41,M,SL 3A 2A,2346 km,50 km/hr,15652
15652,Lohit Express (PT),Exp,NFR,,,JAT,22:45,GHY,22:55,48h 10m,42,W,SL 3A 2A,2346 km,49 km/hr,15651
16335,Gandhidham - Nagercoil Weekly Express (PT),Exp,SR,,,GIMB,10:40,NCJ,9:40,47h 0m,56,F,SL 3A 2A,2343 km,50 km/hr,16336
16336,Nagercoil - Gandhidham Weekly Express (PT),Exp,SR,,,NCJ,14:45,GIMB,12:05,45h 20m,55,T,SL 3A 2A,2343 km,52 km/hr,16335
12670,Ganga Kaveri Express (PT),SF,SR,,,CPR,21:00,MAS,12:10,39h 10m,21,M W,SL 3A 2A 1A 3E,2339 km,60 km/hr,12669
12669,Ganga Kaveri Express (PT),SF,SR,,,MAS,17:40,CPR,9:35,39h 55m,21,M S,SL 3A 2A 1A 3E,2339 km,59 km/hr,12670
22684,Lucknow - Yesvantpur SF Express (via Kacheguda),SF,SWR,,,LKO,18:40,YPR,13:15,42h 35m,29,T,SL 3A 2A,2335 km,55 km/hr,22683
22683,Yesvantpur - Lucknow SF Express (via Kacheguda) (PT),SF,SWR,,,YPR,23:40,LKO,18:00,42h 20m,29,M,SL 3A 2A,2335 km,55 km/hr,22684
15634,Guwahati - Bikaner Express (PT),Exp,NFR,,,GHY,10:45,BKN,5:30,42h 45m,31,S,SL 3A 2A,2330 km,55 km/hr,15633
15633,Bikaner - Guwahati Express,Exp,NFR,,,BKN,2:30,GHY,23:45,45h 15m,31,W,SL 3A 2A,2330 km,51 km/hr,15634
19435,Ahmedabad - Asansol Weekly Express (PT),Exp,WR,,,ADI,0:35,ASN,20:45,44h 10m,28,T,SL 3A 2A 3E,2326 km,53 km/hr,19436
19436,Asansol - Ahmedabad Weekly Express,Exp,WR,,,ASN,19:35,ADI,12:00,40h 25m,28,S,SL 3A 2A 3E,2326 km,58 km/hr,19435
19305,Dr. Ambedkar Nagar - Kamakhya Weekly Express (PT),Exp,WR,,,DADN,13:25,KYQ,12:30,47h 5m,36,T,SL 3A 2A 3E,2319 km,49 km/hr,19306
19306,Kamakhya - Dr. Ambedkar Nagar Weekly Express (PT),Exp,WR,,,KYQ,5:05,DADN,5:50,48h 45m,36,S,SL 3A 2A 3E,2319 km,48 km/hr,19305
12942,Parasnath Express (PT),SF,WR,,,ASN,19:45,BVC,9:25,37h 40m,31,T,SL 3A 2A,2311 km,61 km/hr,12941
12941,Parasnath Express (PT),SF,WR,,,BVC,17:45,ASN,10:10,40h 25m,31,T,SL 3A 2A,2311 km,57 km/hr,12942
22306,Jasidih - SMVT Bengaluru Weekly SF Express (PT),SF,ER,,,JSME,7:10,SMVB,20:10,37h 0m,19,F,SL 3A 2A 1A,2307 km,62 km/hr,22305
12450,Goa Sampark Kranti Express,SKr,NR,,,CDG,2:17,MAO,13:30,35h 13m,14,M S,SL 3A 2A 1A 3E,2162 km,61 km/hr,12449
12449,Goa Sampark Kranti Express,SKr,NR,,,MAO,10:00,CDG,18:25,32h 25m,14,T W,SL 3A 2A 1A 3E,2162 km,67 km/hr,12450
22815,Bilaspur - Ernakulam Jn. SF Express,SF,SECR,,,BSP,8:15,ERS,20:15,36h 0m,21,M,SL 3A 2A 1A 3E,2142 km,59 km/hr,22816
19054,Muzaffarpur - Surat Express (PT),Exp,WR,,,MFP,20:10,ST,16:55,44h 45m,27,S,SL 3A 2A 1A,2140 km,48 km/hr,19053
12843,Puri - Ahmedabad SF Express (via Brahmapur) (PT),SF,ECoR,,,PURI,17:30,ADI,6:25,36h 55m,45,T T F S,SL 3A 2A,2135 km,58 km/hr,12844
12844,Ahmedabad - Puri SF Express (via Brahmapur) (PT),SF,ECoR,,,ADI,19:00,PURI,8:05,37h 5m,45,S M T S,SL 3A 2A,2135 km,58 km/hr,12843
12315,Ananya Express (PT),SF,ER,,,KOAA,13:10,UDZ,0:48,35h 38m,20,T,SL 3A 2A 1A 3E,2132 km,60 km/hr,12316
19420,Tiruchchirappalli - Ahmedabad Weekly Express,Exp,WR,27-Sep,,TPJ,5:45,ADI,21:15,39h 30m,32,S,SL 3A 2A,2124 km,54 km/hr,19419
19419,Ahmedabad - Tiruchchirappalli Weekly Express,Exp,WR,24-Sep,,ADI,9:20,TPJ,3:35,42h 15m,32,T,SL 3A 2A,2124 km,50 km/hr,19420
20693,Jodhpur - KSR Bengaluru SF Express (via Davangere) (PT),SF,SWR,,,JU,6:15,SBC,20:30,38h 15m,43,T S,SL 3A 2A 1A,2115 km,55 km/hr,20694
20694,KSR Bengaluru - Jodhpur SF Express (via Davangere) (PT),SF,SWR,,,SBC,23:50,JU,13:50,38h 0m,42,M W,SL 3A 2A 1A,2115 km,56 km/hr,20693
20803,Visakhapatnam - Gandhidham SF Express,SF,SCoR,,,VSKP,17:30,GIMB,6:15,36h 45m,27,T,SL 3A 2A 1A 3E,2111 km,57 km/hr,20804
20804,Gandhidham - Visakhapatnam SF Express (PT),SF,SCoR,,,GIMB,23:10,VSKP,10:15,35h 5m,27,S,SL 3A 2A 1A 3E,2111 km,60 km/hr,20803
22412,Arunachal AC SF Express,ACSF,NR,,,ANVT,16:45,NHLN,5:30,36h 45m,19,S T,3A 2A 1A,2106 km,57 km/hr,22411
22411,Arunachal AC SF Express (PT),ACSF,NR,,,NHLN,22:00,ANVT,11:30,37h 30m,19,T S,3A 2A 1A,2106 km,56 km/hr,22412
12751,Hazur Sahib Nanded - Jammu Tawi Humsafar Express,Hms,SCR,,,NED,11:05,JAT,23:25,36h 20m,24,F,SL 3A,2103 km,58 km/hr,12752
18237,Chhattisgarh Express (PT),Exp,SECR,,,KRBA,11:33,ASR,6:55,43h 22m,90,S M T W T F S,SL 3A 2A 1A 3E,2101 km,48 km/hr,18238
22817,Howrah - Mysuru Weekly SF Express (PT),SF,SER,,,HWH,16:00,MYS,3:35,35h 35m,19,F,SL 3A 2A 1A 3E,2100 km,59 km/hr,22818
22818,Mysuru - Howrah Weekly SF Express (PT),SF,SER,,,MYS,23:55,HWH,11:10,35h 15m,20,S,SL 3A 2A 1A 3E,2100 km,60 km/hr,22817
20806,Andhra Pradesh Express,SF,SCoR,,,NDLS,20:00,VSKP,4:20,32h 20m,19,S M T W T F S,SL 3A 2A 1A,2100 km,65 km/hr,20805
12803,Visakhapatnam - Hazrat Nizamuddin Swarna Jayanti Express (PT),SF,SCoR,,,VSKP,8:15,NZM,18:45,34h 30m,18,M F,SL 3A 2A 1A,2093 km,61 km/hr,12804
12804,Hazrat Nizamuddin - Visakhapatnam Swarna Jayanti Express,SF,SCoR,,,NZM,5:10,VSKP,14:45,33h 35m,18,S W,SL 3A 2A 1A,2093 km,62 km/hr,12803
16093,MGR Chennai Central - Lucknow Jn.Express (PT),Exp,SR,,,MAS,5:10,LJN,20:20,39h 10m,44,T S,SL 3A 2A,2088 km,53 km/hr,16094
12834,Howrah - Ahmedabad SF Express (PT),SF,SER,,,HWH,23:05,ADI,12:15,37h 10m,59,S M T W T F S,SL 3A 2A,2085 km,56 km/hr,12833
12833,Ahmedabad - Howrah SF Express (PT),SF,SER,,,ADI,0:25,HWH,14:20,37h 55m,59,S M T W T F S,SL 3A 2A,2085 km,55 km/hr,12834
12716,Sachkhand Express,SF,SCR,,,ASR,5:30,NED,14:35,33h 5m,36,S M T W T F S,SL 3A 2A 1A,2081 km,63 km/hr,12715
12715,Sachkhand Express (PT),SF,SCR,,,NED,9:30,ASR,21:45,36h 15m,37,S M T W T F S,SL 3A 2A 1A,2081 km,57 km/hr,12716
12390,MGR Chennai Central - Gaya Weekly SF Express (PT),SF,ECR,,,MAS,9:15,GAYA,22:50,37h 35m,19,T,SL 3A 2A 1A 3E,2075 km,55 km/hr,12389
12389,Gaya - MGR Chennai Central Weekly SF Express (PT),SF,ECR,,,GAYA,5:30,MAS,16:20,34h 50m,18,S,SL 3A 2A 1A 3E,2075 km,60 km/hr,12390
17006,Raxaul - Hyderabad Express (PT),Exp,SCR,,,RXL,3:15,HYB,19:40,40h 25m,29,S,SL 3A 2A,2073 km,51 km/hr,17005
11085,SMVT Bengaluru - Gwalior Weekly Express,Exp,NCR,,,SMVB,15:50,GWL,10:25,42h 35m,23,S,SL 3A 2A 3E,2072 km,49 km/hr,11086
17005,Hyderabad - Raxaul Express (PT),Exp,SCR,,,HYB,23:10,RXL,17:00,41h 50m,29,T,SL 3A 2A,2070 km,49 km/hr,17006
12151,Samarsata SF Express (PT),SF,CR,,,LTT,20:35,SHM,7:45,35h 10m,21,W T,SL 3A 2A 1A,2070 km,59 km/hr,12152
12152,Samarsata SF Express (PT),SF,CR,,,SHM,19:25,LTT,5:30,34h 5m,21,F S,SL 3A 2A 1A,2070 km,61 km/hr,12151
18101,Tatanagar - Jammu Tawi Express (PT),Exp,SER,,,TATA,16:55,JAT,15:00,46h 5m,59,S W F,SL 3A 2A 3E,2069 km,45 km/hr,18102
18102,Jammu Tawi - Tatanagar Express,Exp,SER,,,JAT,14:20,TATA,10:20,44h 0m,60,M W S,SL 3A 2A 3E,2069 km,47 km/hr,18101
12478,Shri Mata Vaishno Devi Katra - Jamnagar SF Express,SF,NR,,,SVDK,9:40,JAM,18:45,33h 5m,32,S,SL 3A 2A 1A 3E,2068 km,62 km/hr,12477
12477,Jamnagar - Shri Mata Vaishno Devi Katra SF Express (PT),SF,NR,,,JAM,8:30,SVDK,17:50,33h 20m,32,W,SL 3A 2A 1A 3E,2068 km,62 km/hr,12478
18573,Visakhapatnam - Bhagat Ki Kothi Weekly Express (PT),Exp,SCoR,,,VSKP,5:20,BGKT,19:20,38h 0m,35,T,SL 3A 2A 3E,2065 km,54 km/hr,18574
18574,Bhagat Ki Kothi - Visakhapatnam Weekly Express (PT),Exp,SCoR,,,BGKT,20:40,VSKP,10:30,37h 50m,35,S,SL 3A 2A 3E,2065 km,55 km/hr,18573
22909,Valsad - Puri Weekly SF Express (PT),SF,WR,,,BL,20:15,PURI,9:45,37h 30m,24,T,SL 3A 2A,2065 km,55 km/hr,22910
22910,Puri - Valsad Weekly SF Express (PT),SF,WR,,,PURI,0:30,BL,12:35,36h 5m,24,S,SL 3A 2A,2065 km,57 km/hr,22909
20657,SSS Hubballi - Hazrat Nizamuddin Superfast Express (PT),SF,SWR,,,UBL,23:50,NZM,10:40,34h 50m,17,F,SL 3A 2A 1A 3E,2062 km,59 km/hr,20658
20658,Hazrat Nizamuddin - SSS Hubballi Superfast Express,SF,SWR,,,NZM,15:55,UBL,3:30,35h 35m,17,S,SL 3A 2A 1A 3E,2062 km,58 km/hr,20657
12475,Hapa - Shri Mata Vaishno Devi Katra SF Express (PT),SF,NR,,,HAPA,8:45,SVDK,17:50,33h 5m,32,T,SL 3A 2A 1A 3E,2059 km,62 km/hr,12476
20821,Pune - Santragachi Humsafar Express,Hms,SER,,,PUNE,10:40,SRC,19:00,32h 20m,13,M,3A,2057 km,64 km/hr,20822
20822,Santragachi - Pune Humsafar Express,Hms,SER,,,SRC,17:55,PUNE,2:45,32h 50m,13,S,3A,2057 km,63 km/hr,20821
22914,Saharsa - Bandra Terminus Humsafar Express,Hms,WR,,,SHC,17:20,BDTS,4:45,35h 25m,15,T,2S SL 3A,2056 km,58 km/hr,22913
22913,Bandra Terminus - Saharsa Humsafar Express,Hms,WR,,,BDTS,16:45,SHC,5:10,36h 25m,15,S,2S SL 3A,2056 km,56 km/hr,22914
12755,Kakinada Port - Bhavnagar Terminus SF Express (PT),SF,SCoR,,,COA,5:40,BVC,18:55,37h 15m,31,T,SL 3A 2A 1A 3E,2051 km,55 km/hr,12756
16619,Podanur - Dhanbad Amrit Bharat Express,AB,SR,,,PTJ,6:15,DHN,4:00,45h 45m,35,S,SL,2199 km,48 km/hr,16620
16533,Jodhpur - KSR Bengaluru Express (Via Guntakal) (PT),Exp,SWR,,,JU,6:15,SBC,2:30,44h 15m,32,W,SL 3A 2A 1A,2185 km,49 km/hr,16534
16534,KSR Bengaluru - Jodhpur Express (Via Guntakal) (PT),Exp,SWR,,,SBC,17:00,JU,13:50,44h 50m,32,S,SL 3A 2A 1A,2185 km,49 km/hr,16533
12968,Jaipur - MGR Chennai Central SF Express (PT),SF,NWR,,,JP,19:35,MAS,8:20,36h 45m,31,S F,SL 3A 2A 1A 3E,2184 km,59 km/hr,12967
12967,MGR Chennai Central - Jaipur SF Express (PT),SF,NWR,,,MAS,17:40,JP,6:45,37h 5m,31,S T,SL 3A 2A 1A 3E,2184 km,59 km/hr,12968
17433,Tirupati - Raxaul Weekly Express (PT),Exp,SCoR,1-Jun,,TPTY,8:15,RXL,17:00,56h 45m,42,M,SL 3A 2A 1A,2792 km,49 km/hr,17434
17434,Raxaul - Tirupati Weekly Express (PT),Exp,SCoR,4-Jun,,RXL,3:15,TPTY,9:30,54h 15m,42,T,SL 3A 2A 1A,2792 km,51 km/hr,17433
12622,Tamil Nadu Express (PT),SF,SR,,,NDLS,21:05,MAS,6:35,33h 30m,10,S M T W T F S,SL 3A 2A 1A,2182 km,65 km/hr,12621
12621,Tamil Nadu Express (PT),SF,SR,,,MAS,22:00,NDLS,6:30,32h 30m,11,S M T W T F S,SL 3A 2A 1A,2182 km,67 km/hr,12622
12616,Grand Trunk Express (PT),SF,SR,,,NDLS,16:10,MAS,4:40,36h 30m,36,S M T W T F S,SL 3A 2A 1A,2182 km,60 km/hr,12615
12615,Grand Trunk Express (PT),SF,SR,,,MAS,18:15,NDLS,5:10,34h 55m,37,S M T W T F S,SL 3A 2A 1A,2182 km,63 km/hr,12616
12433,M G R Chennai Central - Hazrat Nizamuddin Rajdhani Express,Raj,NR,,,MAS,6:05,NZM,10:30,28h 25m,8,S F,3A 2A 1A,2175 km,77 km/hr,12434
12269,M.G.R Chennai Central - Hazrat Nizamuddin Duronto Express,Drnt,SR,,,MAS,6:35,NZM,10:40,28h 5m,6,M F,2S SL 3A 2A 1A,2175 km,77 km/hr,12270
12612,Hazrat Nizamuddin - M.G.R.Chennai Central Garib Rath Express,GR,SR,,,NZM,15:35,MAS,21:00,29h 25m,9,M,3A,2175 km,74 km/hr,12611
12611,M.G.R. Chennai Central - Hazrat Nizamuddin Garib Rath Express (PT),GR,SR,,,MAS,6:00,NZM,10:30,28h 30m,10,S,3A,2175 km,76 km/hr,12612
12270,Hazrat Nizamuddin - MGR Chennai Central Duronto Express,Drnt,SR,,,NZM,15:55,MAS,20:50,28h 55m,6,T S,2S SL 3A 2A 1A,2175 km,75 km/hr,12269
12434,Hazrat Nizamuddin - M.G.R.Chennai Central Rajdhani Express,Raj,NR,,,NZM,15:35,MAS,20:50,29h 15m,8,W F,3A 2A 1A,2175 km,74 km/hr,12433
17601,Kacheguda - Shri Ganganagar Express (PT),Exp,SCR,25-Jul,,KCG,22:00,SGNR,21:30,47h 30m,35,S,SL 3A 2A,2450 km,52 km/hr,17602
17602,Shri Ganganagar - Kacheguda Express (PT),Exp,SCR,28-Jul,,SGNR,6:55,KCG,7:15,48h 20m,35,T,SL 3A 2A,2450 km,51 km/hr,17601
11077,Jhelum Express (PT),Exp,CR,,,PUNE,17:20,JAT,9:45,40h 25m,64,S M T W T F S,SL 3A 2A,2171 km,54 km/hr,11078
11078,Jhelum Express,Exp,CR,,,JAT,23:35,PUNE,16:00,40h 25m,64,S M T W T F S,SL 3A 2A,2171 km,54 km/hr,11077
12780,Goa Express (PT),SF,SWR,,,NZM,15:15,VSG,7:00,39h 45m,31,S M T W T F S,SL 3A 2A 1A 3E,2163 km,54 km/hr,12779
12779,Goa Express (PT),SF,SWR,,,VSG,15:10,NZM,6:25,39h 15m,31,S M T W T F S,SL 3A 2A 1A 3E,2163 km,55 km/hr,12780
12450,Goa Sampark Kranti Express,SKr,NR,,,CDG,2:17,MAO,13:30,35h 13m,14,M S,SL 3A 2A 1A 3E,2162 km,61 km/hr,12449
12449,Goa Sampark Kranti Express,SKr,NR,,,MAO,10:00,CDG,18:25,32h 25m,14,T W,SL 3A 2A 1A 3E,2162 km,67 km/hr,12450
22815,Bilaspur - Ernakulam Jn. SF Express,SF,SECR,,,BSP,8:15,ERS,20:15,36h 0m,21,M,SL 3A 2A 1A 3E,2142 km,59 km/hr,22816
22816,Ernakulam Jn. - Bilaspur SF Express (PT),SF,SECR,,,ERS,8:40,BSP,21:35,36h 55m,21,W,SL 3A 2A 1A 3E,2142 km,58 km/hr,22815
19053,Surat - Muzaffarpur Express (PT),Exp,WR,,,ST,7:35,MFP,4:30,44h 55m,27,F,SL 3A 2A 1A,2140 km,48 km/hr,19054
19054,Muzaffarpur - Surat Express (PT),Exp,WR,,,MFP,20:10,ST,16:55,44h 45m,27,S,SL 3A 2A 1A,2140 km,48 km/hr,19053
12843,Puri - Ahmedabad SF Express (via Brahmapur) (PT),SF,ECoR,,,PURI,17:30,ADI,6:25,36h 55m,45,T T F S,SL 3A 2A,2135 km,58 km/hr,12844
12844,Ahmedabad - Puri SF Express (via Brahmapur) (PT),SF,ECoR,,,ADI,19:00,PURI,8:05,37h 5m,45,S M T S,SL 3A 2A,2135 km,58 km/hr,12843
12315,Ananya Express (PT),SF,ER,,,KOAA,13:10,UDZ,0:48,35h 38m,20,T,SL 3A 2A 1A 3E,2132 km,60 km/hr,12316
12316,Ananya Express,SF,ER,,,UDZ,0:50,KOAA,14:50,38h 0m,20,M,SL 3A 2A 1A 3E,2132 km,56 km/hr,12315
19420,Tiruchchirappalli - Ahmedabad Weekly Express,Exp,WR,27-Sep,,TPJ,5:45,ADI,21:15,39h 30m,32,S,SL 3A 2A,2124 km,54 km/hr,19419
19419,Ahmedabad - Tiruchchirappalli Weekly Express,Exp,WR,24-Sep,,ADI,9:20,TPJ,3:35,42h 15m,32,T,SL 3A 2A,2124 km,50 km/hr,19420
13426,Surat - Malda Town Express (PT),Exp,ER,,,ST,14:20,MLDT,6:30,40h 10m,28,M,SL 3A 2A,2119 km,53 km/hr,13425
13425,Malda Town - Surat Express (PT),Exp,ER,,,MLDT,12:55,ST,4:00,39h 5m,28,S,SL 3A 2A,2119 km,54 km/hr,13426
18048,Vasco-da-Gama - Shalimar Amaravati Express (PT),Exp,SER,,,VSG,6:30,SHM,23:45,41h 15m,41,S T T F,SL 3A 2A,2119 km,51 km/hr,18047
18047,Shalimar - Vasco-da-Gama Amaravati Express (PT),Exp,SER,,,SHM,23:10,VSG,16:10,41h 0m,41,M T T S,SL 3A 2A,2119 km,52 km/hr,18048
20693,Jodhpur - KSR Bengaluru SF Express (via Davangere) (PT),SF,SWR,,,JU,6:15,SBC,20:30,38h 15m,43,T S,SL 3A 2A 1A,2115 km,55 km/hr,20694
20694,KSR Bengaluru - Jodhpur SF Express (via Davangere) (PT),SF,SWR,,,SBC,23:50,JU,13:50,38h 0m,42,M W,SL 3A 2A 1A,2115 km,56 km/hr,20693
20803,Visakhapatnam - Gandhidham SF Express,SF,SCoR,,,VSKP,17:30,GIMB,6:15,36h 45m,27,T,SL 3A 2A 1A 3E,2111 km,57 km/hr,20804
20804,Gandhidham - Visakhapatnam SF Express (PT),SF,SCoR,,,GIMB,23:10,VSKP,10:15,35h 5m,27,S,SL 3A 2A 1A 3E,2111 km,60 km/hr,20803
22411,Arunachal AC SF Express (PT),ACSF,NR,,,NHLN,22:00,ANVT,11:30,37h 30m,19,T S,3A 2A 1A,2106 km,56 km/hr,22412
22412,Arunachal AC SF Express,ACSF,NR,,,ANVT,16:45,NHLN,5:30,36h 45m,19,S T,3A 2A 1A,2106 km,57 km/hr,22411
12752,Jammu Tawi - Hazur Sahib Nanded Humsafar Express,Hms,SCR,,,JAT,5:45,NED,15:55,34h 10m,24,S,SL 3A,2103 km,62 km/hr,12751
12751,Hazur Sahib Nanded - Jammu Tawi Humsafar Express,Hms,SCR,,,NED,11:05,JAT,23:25,36h 20m,24,F,SL 3A,2103 km,58 km/hr,12752
18237,Chhattisgarh Express (PT),Exp,SECR,,,KRBA,11:33,ASR,6:55,43h 22m,90,S M T W T F S,SL 3A 2A 1A 3E,2101 km,48 km/hr,18238
22817,Howrah - Mysuru Weekly SF Express (PT),SF,SER,,,HWH,16:00,MYS,3:35,35h 35m,19,F,SL 3A 2A 1A 3E,2100 km,59 km/hr,22818
20805,Andhra Pradesh Express (PT),SF,SCoR,,,VSKP,22:00,NDLS,5:40,31h 40m,19,S M T W T F S,SL 3A 2A 1A,2100 km,66 km/hr,20806
20806,Andhra Pradesh Express,SF,SCoR,,,NDLS,20:00,VSKP,4:20,32h 20m,19,S M T W T F S,SL 3A 2A 1A,2100 km,65 km/hr,20805
22818,Mysuru - Howrah Weekly SF Express (PT),SF,SER,,,MYS,23:55,HWH,11:10,35h 15m,20,S,SL 3A 2A 1A 3E,2100 km,60 km/hr,22817
12804,Hazrat Nizamuddin - Visakhapatnam Swarna Jayanti Express,SF,SCoR,,,NZM,5:10,VSKP,14:45,33h 35m,18,S W,SL 3A 2A 1A,2093 km,62 km/hr,12803
12803,Visakhapatnam - Hazrat Nizamuddin Swarna Jayanti Express (PT),SF,SCoR,,,VSKP,8:15,NZM,18:45,34h 30m,18,M F,SL 3A 2A 1A,2093 km,61 km/hr,12804
16094,Lucknow Jn. - MGR Chennai Central Express (PT),Exp,SR,,,LJN,16:20,MAS,7:00,38h 40m,44,M T,SL 3A 2A,2088 km,54 km/hr,16093
16093,MGR Chennai Central - Lucknow Jn.Express (PT),Exp,SR,,,MAS,5:10,LJN,20:20,39h 10m,44,T S,SL 3A 2A,2088 km,53 km/hr,16094
19414,Kolkata - Ahmedabad Weekly Express (PT),Exp,WR,,,KOAA,13:10,ADI,7:25,42h 15m,27,S,SL 3A 2A,2085 km,49 km/hr,19413
19413,Ahmedabad - Kolkata Weekly Express (PT),Exp,WR,,,ADI,21:05,KOAA,15:15,42h 10m,27,W,SL 3A 2A,2085 km,49 km/hr,19414
12833,Ahmedabad - Howrah SF Express (PT),SF,SER,,,ADI,0:25,HWH,14:20,37h 55m,59,S M T W T F S,SL 3A 2A,2085 km,55 km/hr,12834
12834,Howrah - Ahmedabad SF Express (PT),SF,SER,,,HWH,23:05,ADI,12:15,37h 10m,59,S M T W T F S,SL 3A 2A,2085 km,56 km/hr,12833
12715,Sachkhand Express (PT),SF,SCR,,,NED,9:30,ASR,21:45,36h 15m,37,S M T W T F S,SL 3A 2A 1A,2081 km,57 km/hr,12716
12716,Sachkhand Express,SF,SCR,,,ASR,5:30,NED,14:35,33h 5m,36,S M T W T F S,SL 3A 2A 1A,2081 km,63 km/hr,12715
12389,Gaya - MGR Chennai Central Weekly SF Express (PT),SF,ECR,,,GAYA,5:30,MAS,16:20,34h 50m,18,S,SL 3A 2A 1A 3E,2075 km,60 km/hr,12390
12390,MGR Chennai Central - Gaya Weekly SF Express (PT),SF,ECR,,,MAS,9:15,GAYA,22:50,37h 35m,19,T,SL 3A 2A 1A 3E,2075 km,55 km/hr,12389
17006,Raxaul - Hyderabad Express (PT),Exp,SCR,,,RXL,3:15,HYB,19:40,40h 25m,29,S,SL 3A 2A,2073 km,51 km/hr,17005
11085,SMVT Bengaluru - Gwalior Weekly Express,Exp,NCR,,,SMVB,15:50,GWL,10:25,42h 35m,23,S,SL 3A 2A 3E,2072 km,49 km/hr,11086
11086,Gwalior - SMVT Bengaluru Weekly Express,Exp,NCR,,,GWL,15:00,SMVB,7:35,40h 35m,23,F,SL 3A 2A 3E,2071 km,51 km/hr,11085
17005,Hyderabad - Raxaul Express (PT),Exp,SCR,,,HYB,23:10,RXL,17:00,41h 50m,29,T,SL 3A 2A,2070 km,49 km/hr,17006
12151,Samarsata SF Express (PT),SF,CR,,,LTT,20:35,SHM,7:45,35h 10m,21,W T,SL 3A 2A 1A,2070 km,59 km/hr,12152
12152,Samarsata SF Express (PT),SF,CR,,,SHM,19:25,LTT,5:30,34h 5m,21,F S,SL 3A 2A 1A,2070 km,61 km/hr,12151
18101,Tatanagar - Jammu Tawi Express (PT),Exp,SER,,,TATA,16:55,JAT,15:00,46h 5m,59,S W F,SL 3A 2A 3E,2069 km,45 km/hr,18102
18102,Jammu Tawi - Tatanagar Express,Exp,SER,,,JAT,14:20,TATA,10:20,44h 0m,60,M W S,SL 3A 2A 3E,2069 km,47 km/hr,18101
12478,Shri Mata Vaishno Devi Katra - Jamnagar SF Express,SF,NR,,,SVDK,9:40,JAM,18:45,33h 5m,32,S,SL 3A 2A 1A 3E,2068 km,62 km/hr,12477
12477,Jamnagar - Shri Mata Vaishno Devi Katra SF Express (PT),SF,NR,,,JAM,8:30,SVDK,17:50,33h 20m,32,W,SL 3A 2A 1A 3E,2068 km,62 km/hr,12478
22909,Valsad - Puri Weekly SF Express (PT),SF,WR,,,BL,20:15,PURI,9:45,37h 30m,24,T,SL 3A 2A,2065 km,55 km/hr,22910
22910,Puri - Valsad Weekly SF Express (PT),SF,WR,,,PURI,0:30,BL,12:35,36h 5m,24,S,SL 3A 2A,2065 km,57 km/hr,22909
18573,Visakhapatnam - Bhagat Ki Kothi Weekly Express (PT),Exp,SCoR,,,VSKP,5:20,BGKT,19:20,38h 0m,35,T,SL 3A 2A 3E,2065 km,54 km/hr,18574
18574,Bhagat Ki Kothi - Visakhapatnam Weekly Express (PT),Exp,SCoR,,,BGKT,20:40,VSKP,10:30,37h 50m,35,S,SL 3A 2A 3E,2065 km,55 km/hr,18573
20658,Hazrat Nizamuddin - SSS Hubballi Superfast Express,SF,SWR,,,NZM,15:55,UBL,3:30,35h 35m,17,S,SL 3A 2A 1A 3E,2062 km,58 km/hr,20657
20657,SSS Hubballi - Hazrat Nizamuddin Superfast Express (PT),SF,SWR,,,UBL,23:50,NZM,10:40,34h 50m,17,F,SL 3A 2A 1A 3E,2062 km,59 km/hr,20658
12476,Shri Mata Vaishno Devi Katra - Hapa SF Express,SF,NR,,,SVDK,9:40,HAPA,18:30,32h 50m,32,M,SL 3A 2A 1A 3E,2059 km,63 km/hr,12475
12475,Hapa - Shri Mata Vaishno Devi Katra SF Express (PT),SF,NR,,,HAPA,8:45,SVDK,17:50,33h 5m,32,T,SL 3A 2A 1A 3E,2059 km,62 km/hr,12476
20821,Pune - Santragachi Humsafar Express,Hms,SER,,,PUNE,10:40,SRC,19:00,32h 20m,13,M,3A,2057 km,64 km/hr,20822
20822,Santragachi - Pune Humsafar Express,Hms,SER,,,SRC,17:55,PUNE,2:45,32h 50m,13,S,3A,2057 km,63 km/hr,20821
22914,Saharsa - Bandra Terminus Humsafar Express,Hms,WR,,,SHC,17:20,BDTS,4:45,35h 25m,15,T,2S SL 3A,2056 km,58 km/hr,22913
22913,Bandra Terminus - Saharsa Humsafar Express,Hms,WR,,,BDTS,16:45,SHC,5:10,36h 25m,15,S,2S SL 3A,2056 km,56 km/hr,22914
12756,Bhavnagar Terminus - Kakinada Port Superfast Express (PT),SF,SCoR,,,BVC,4:25,COA,17:25,37h 0m,30,S,SL 3A 2A 1A 3E,2051 km,55 km/hr,12755
12755,Kakinada Port - Bhavnagar Terminus SF Express (PT),SF,SCoR,,,COA,5:40,BVC,18:55,37h 15m,31,T,SL 3A 2A 1A 3E,2051 km,55 km/hr,12756
11058,Amritsar - Mumbai CSMT Express,Exp,CR,,,ASR,8:50,CSMT,0:05,39h 15m,82,S M T W T F S,SL 2A 3E,2045 km,52 km/hr,11057
11057,Mumbai CSMT - Amritsar Express (PT),Exp,CR,,,CSMT,23:30,ASR,16:15,40h 45m,78,S M T W T F S,SL 2A 3E,2045 km,50 km/hr,11058
12362,Mumbai CSMT - Asansol SF Express (PT),SF,ER,,,CSMT,11:05,ASN,20:45,33h 40m,19,W,SL 3A 2A,2040 km,61 km/hr,12361
12361,Asansol - Mumbai CSMT SF Express (PT),SF,ER,,,ASN,19:35,CSMT,6:00,34h 25m,19,S,SL 3A 2A,2040 km,59 km/hr,12362
17324,Banaras - SSS Hubballi Weekly Express,Exp,SWR,,,BNRS,20:40,UBL,9:30,36h 50m,23,S,SL 3A 2A 1A 3E,2038 km,55 km/hr,17323
12545,Raxaul - Mumbai LTT Karmabhumi Express (UnReserved),SF,ECR,,,RXL,16:55,LTT,5:30,36h 35m,18,T,,2038 km,56 km/hr,12546
12546,Mumbai LTT - Raxaul Karmabhumi Express (UnReserved),SF,ECR,,,LTT,16:35,RXL,7:50,39h 15m,18,S,,2038 km,52 km/hr,12545
17323,SSS Hubballi - Banaras Weekly Express (PT),Exp,SWR,,,UBL,18:15,BNRS,8:45,38h 30m,23,F,SL 3A 2A 1A 3E,2038 km,53 km/hr,17324
12474,Sarvodaya SF Express,SF,NR,,,SVDK,9:40,GIMB,17:30,31h 50m,29,T,SL 3A 2A 1A 3E,2037 km,64 km/hr,12473
12473,Sarvodaya SF Express (PT),SF,NR,,,GIMB,9:35,SVDK,17:50,32h 15m,29,S,SL 3A 2A 1A 3E,2037 km,63 km/hr,12474
15658,Brahmaputra Mail (PT),Exp,NFR,,,KYQ,16:55,DLI,4:50,35h 55m,46,S M T W T F S,SL 3A 2A 1A,2033 km,57 km/hr,15657
22583,Chhapra - Mumbai LTT Antyodaya SF Express,Ant,NER,,,CPR,17:35,LTT,5:50,36h 15m,23,T,,2033 km,56 km/hr,22584
15657,Brahmaputra Mail (PT),Exp,NFR,,,DLI,23:40,KYQ,13:25,37h 45m,45,S M T W T F S,SL 3A 2A 1A,2033 km,54 km/hr,15658
22584,Mumbai LTT - Chhapra Antyodaya SF Express,Ant,NER,,,LTT,16:35,CPR,5:25,36h 50m,22,T,,2033 km,55 km/hr,22583
22970,Banaras - Okha SF Express,SF,WR,,,BNRS,21:45,OKHA,7:45,34h 0m,21,S,SL 3A 2A 1A 3E,2030 km,60 km/hr,22969
22969,Okha - Banaras SF Express (PT),SF,WR,,,OKHA,14:05,BNRS,2:00,35h 55m,21,T,SL 3A 2A 1A 3E,2030 km,57 km/hr,22970
12472,Swaraj Express,SF,NR,,,SVDK,9:40,BDTS,16:10,30h 30m,29,T W F S,SL 3A 2A 1A 3E,2029 km,67 km/hr,12471
12471,Swaraj Express (PT),SF,NR,,,BDTS,11:00,SVDK,17:50,30h 50m,29,S M T F,SL 3A 2A 1A 3E,2029 km,66 km/hr,12472
22921,Bandra Terminus - Gorakhpur Antyodaya Express,Ant,WR,,,BDTS,5:10,GKP,15:30,34h 20m,19,S,,2026 km,59 km/hr,22922
22922,Gorakhpur - Bandra Terminus Antyodaya Express,Ant,WR,,,GKP,3:25,BDTS,15:15,35h 50m,20,T,,2026 km,57 km/hr,22921
14622,Firozpur Cantt. - Hazur Sahib Nanded Express,Exp,NR,,,FZR,13:25,NED,3:15,37h 50m,28,F,SL 3A 2A 3E,2023 km,53 km/hr,14621
14621,Hazur Sahib Nanded - Firozpur Cantt. Express (PT),Exp,NR,,,NED,12:10,FZR,4:40,40h 30m,28,S,SL 3A 2A 3E,2023 km,50 km/hr,14622
13041,Himgiri Express (PT),Exp,ER,,,HWH,23:55,JAT,13:00,37h 5m,32,T F S,SL 3A 2A 1A,2021 km,55 km/hr,13042
13042,Himgiri Express,Exp,ER,,,JAT,22:45,HWH,11:30,36h 45m,32,S M T,SL 3A 2A 1A,2020 km,55 km/hr,13041
22312,Mumbai LTT - Godda SF Express,SF,ER,,,LTT,8:05,GODA,20:35,36h 30m,41,T,SL 3A 2A,2017 km,55 km/hr,22311
22311,Godda - Mumbai LTT SF Express,SF,ER,,,GODA,5:30,LTT,17:50,36h 20m,42,S,SL 3A 2A,2017 km,56 km/hr,22312
12222,Howrah - Pune AC Duronto Express,Drnt,SER,,,HWH,5:35,PUNE,9:45,28h 10m,7,T S,3A 2A 1A,2014 km,72 km/hr,12221
12130,Azad Hind Express (PT),SF,CR,,,HWH,21:40,PUNE,7:00,33h 20m,31,S M T W T F S,SL 3A 2A,2013 km,60 km/hr,12129
12129,Azad Hind Express (PT),SF,CR,,,PUNE,18:35,HWH,5:25,34h 50m,31,S M T W T F S,SL 3A 2A,2013 km,58 km/hr,12130
12221,Pune - Howrah AC Duronto Express,Drnt,SER,,,PUNE,15:15,HWH,20:40,29h 25m,7,M S,3A 2A 1A,2013 km,68 km/hr,12222
18238,Chhattisgarh Express (PT),Exp,SECR,,,ASR,15:55,BSP,10:55,43h 0m,83,S M T W T F S,SL 3A 2A 1A 3E,2011 km,47 km/hr,18237
18610,Mumbai LTT - Ranchi Express (PT),Exp,SER,,,LTT,16:35,RNC,6:50,38h 15m,26,F,SL 3A 2A 1A,2007 km,52 km/hr,18609
18609,Ranchi - Mumbai LTT Express (PT),Exp,SER,,,RNC,20:45,LTT,7:25,34h 40m,26,W,SL 3A 2A 1A,2004 km,58 km/hr,18610
12663,Howrah - Tiruchchirappalli SF Express (PT),SF,SR,,,HWH,17:35,TPJ,2:50,33h 15m,22,S T,SL 3A 2A 1A 3E,2003 km,60 km/hr,12664
12664,Tiruchchirappalli - Howrah SF Express (PT),SF,SR,,,TPJ,13:35,HWH,0:05,34h 30m,23,T F,SL 3A 2A 1A 3E,2003 km,58 km/hr,12663
11402,Supaul - Pune Express (PT),Exp,CR,,,SOU,14:30,PUNE,4:00,37h 30m,31,S M T W T F S,SL 3A 2A,1996 km,53 km/hr,11401
11401,Pune - Supaul Express (PT),Exp,CR,,,PUNE,21:05,SOU,13:15,40h 10m,32,S M T W T F S,SL 3A 2A,1996 km,50 km/hr,11402
20862,Ahmedabad - Puri Weekly SF Express (via Sambalpur) (PT),SF,ECoR,,,ADI,19:00,PURI,6:40,35h 40m,37,F,SL 3A 2A,1994 km,56 km/hr,20861
22723,Hazur Sahib Nanded - Shri Ganganagar SF Express (Via Ahmedabad),SF,SCR,,,NED,6:50,SGNR,19:00,36h 10m,34,T,SL 3A 2A 1A,1994 km,55 km/hr,22724
22724,Shri Ganganagar - Hazur Sahib Nanded SF Express (via Ahmedabad) (PT),SF,SCR,,,SGNR,14:10,NED,2:20,36h 10m,34,S,SL 3A 2A 1A,1994 km,55 km/hr,22723
20861,Puri - Ahmedabad SF Express (via Sambalpur) (PT),SF,ECoR,,,PURI,19:25,ADI,6:25,35h 0m,37,W,SL 3A 2A,1994 km,57 km/hr,20862
12439,Hazur Sahib Nanded - Shri Ganganagar SF Express (via Hanumangarh) (PT),SF,NWR,,,NED,11:05,SGNR,19:50,32h 45m,27,S,SL 3A 2A 3E,1993 km,61 km/hr,12440
12440,Shri Ganganagar - Hazur Sahib Nanded SF Express (Via Hanumangarh),SF,NWR,,,SGNR,13:25,NED,21:40,32h 15m,27,F,SL 3A 2A 3E,1993 km,62 km/hr,12439
22358,Gaya - Mumbai LTT SF Express (PT),SF,ECR,,,GAYA,19:05,LTT,5:50,34h 45m,21,W,SL 3A 2A 1A 3E,1990 km,57 km/hr,22357
22357,Mumbai LTT - Gaya SF Express,SF,ECR,,,LTT,13:15,GAYA,22:00,32h 45m,21,F,SL 3A 2A 1A 3E,1990 km,61 km/hr,22358
13152,Jammu Tawi - Kolkata Express,Exp,ER,,,JAT,20:30,KOAA,15:40,43h 10m,85,S M T W T F S,SL 3A 2A 3E,1986 km,46 km/hr,13151
13151,Kolkata - Jammu Tawi Express (PT),Exp,ER,,,KOAA,11:45,JAT,8:50,45h 5m,84,S M T W T F S,SL 3A 2A 3E,1986 km,44 km/hr,13152
18009,Santragachi - Ajmer Weekly Express (PT),Exp,SER,,,SRC,13:00,AII,4:35,39h 35m,22,F,SL 3A 2A,1984 km,50 km/hr,18010
18010,Ajmer - Santragachi Weekly Express,Exp,SER,,,AII,23:40,SRC,15:00,39h 20m,22,S,SL 3A 2A,1984 km,50 km/hr,18009
19607,Kolkata - Madar (Ajmer) Express (PT),Exp,NWR,,,KOAA,11:25,MDJN,5:00,41h 35m,31,T,SL 3A 2A 3E,1978 km,48 km/hr,19608
19423,Ahmedabad - Bhagalpur Amrit Bharat Express,AB,WR,26-Aug,,ADI,18:30,BGP,6:40,36h 10m,27,W,SL,1981 km,55 km/hr,19424
19608,Madar (Ajmer) - Kolkata Express,Exp,NWR,,,MDJN,23:15,KOAA,16:40,41h 25m,31,M,SL 3A 2A 3E,1978 km,48 km/hr,19607
11427,Pune - Jasidih Weekly Express (PT),Exp,CR,,,PUNE,6:40,JSME,15:10,32h 30m,16,F,SL 3A 2A,1978 km,61 km/hr,11428
11428,Jasidih - Pune Weekly Express (PT),Exp,CR,,,JSME,21:45,PUNE,9:45,36h 0m,16,S,SL 3A 2A,1978 km,55 km/hr,11427
19091,Bandra Terminus - Gorakhpur Humsafar Express,Hms,WR,,,BDTS,5:10,GKP,18:15,37h 5m,23,M,SL 3A,1977 km,53 km/hr,19092
19714,Kurnool City - Jaipur Express (PT),Exp,NWR,,,KRNT,16:20,JP,6:45,38h 25m,34,M,SL 3A 2A 1A 3E,1977 km,51 km/hr,19713
19092,Gorakhpur - Bandra Terminus Humsafar Express,Hms,WR,,,GKP,21:20,BDTS,8:30,35h 10m,23,T,SL 3A,1977 km,56 km/hr,19091
19713,Jaipur - Kurnool City Express (PT),Exp,NWR,,,JP,22:35,KRNT,11:10,36h 35m,35,S,SL 3A 2A 1A 3E,1977 km,54 km/hr,19714
12946,Banaras - Veraval SF Express (PT),SF,WR,,,BNRS,7:30,VRL,18:35,35h 5m,28,W,SL 3A 2A 1A,1972 km,56 km/hr,12945
12945,Veraval - Banaras SF Express (PT),SF,WR,,,VRL,4:30,BNRS,14:55,34h 25m,28,M,SL 3A 2A 1A,1972 km,57 km/hr,12946
12870,Howrah - Mumbai CSMT Weekly SF Express (PT),SF,SER,,,HWH,13:55,CSMT,23:45,33h 50m,16,F,SL 3A 2A 1A 3E,1964 km,58 km/hr,12869
12261,Mumbai CSMT - Howrah AC Duronto Express,Drnt,SER,,,CSMT,17:15,HWH,20:40,27h 25m,9,S T W T,3A 2A 1A,1964 km,72 km/hr,12262
12860,Gitanjali Express (PT),SF,SER,,,HWH,13:40,CSMT,21:20,31h 40m,24,S M T W T F S,SL 3A 2A 3E,1964 km,62 km/hr,12859
12859,Gitanjali Express (PT),SF,SER,,,CSMT,6:00,HWH,13:50,31h 50m,25,S M T W T F S,SL 3A 2A 3E,1964 km,62 km/hr,12860
12262,Howrah - Mumbai CSMT AC Duronto Express,Drnt,SER,,,HWH,5:35,CSMT,8:15,26h 40m,8,M T W F,3A 2A 1A,1964 km,74 km/hr,12261
12869,Mumbai CSMT - Howrah Weekly SF Express (PT),SF,SER,,,CSMT,11:05,HWH,20:50,33h 45m,19,S,SL 3A 2A 1A 3E,1964 km,58 km/hr,12870
12486,Shri Ganganagar - Hazur Sahib Nanded SF Express (via Abohar),SF,NWR,,,SGNR,14:30,NED,21:40,31h 10m,27,T S,SL 3A 2A 3E,1960 km,63 km/hr,12485
12485,Hazur Sahib Nanded - Shri Ganganagar SF Express (via Abohar) (PT),SF,NWR,,,NED,11:05,SGNR,19:15,32h 10m,27,M T,SL 3A 2A 3E,1960 km,61 km/hr,12486
20685,Gandhidham - KSR Bengaluru SF Express (PT),SF,SWR,,,GIMB,9:25,SBC,20:40,35h 15m,31,T,SL 3A 2A 1A,1958 km,56 km/hr,20686
20686,KSR Bengaluru - Gandhidham SF Express (PT),SF,SWR,,,SBC,23:50,GIMB,10:55,35h 5m,30,S,SL 3A 2A 1A,1958 km,56 km/hr,20685
22888,SMVT Bengaluru - Howrah Humsafar Express,Hms,SER,,,SMVB,10:15,HWH,19:00,32h 45m,17,T,3A,1953 km,60 km/hr,22887
22887,Howrah - SMVT Bengaluru Humsafar Express (PT),Hms,SER,,,HWH,12:30,SMVB,19:50,31h 20m,16,T,3A,1953 km,62 km/hr,22888
17605,Kacheguda - Bhagat Ki Kothi Express (PT),Exp,SCR,,,KCG,23:35,BGKT,19:40,44h 5m,31,S M T W T F S,SL 3A 2A,1949 km,44 km/hr,17606
11015,Mumbai LTT - Saharsa Amrit Bharat Express,AB,CR,,,LTT,11:50,SHC,2:00,38h 10m,24,F,SL,1949 km,51 km/hr,11016
17606,Bhagat Ki Kothi - Kacheguda Express,Exp,SCR,,,BGKT,22:30,KCG,15:45,41h 15m,31,S M T W T F S,SL 3A 2A,1949 km,47 km/hr,17605
11016,Saharsa - Mumbai LTT Amrit Bharat Express (PT),AB,CR,,,SHC,3:45,LTT,15:45,36h 0m,24,S,SL,1949 km,54 km/hr,11015
22318,Jammu Tawi - Sealdah Humsafar Express,Hms,ER,,,JAT,7:20,SDAH,17:30,34h 10m,11,W,SL 3A,1948 km,57 km/hr,22317
22317,Sealdah - Jammu Tawi Humsafar Express,Hms,ER,,,SDAH,13:10,JAT,23:25,34h 15m,11,M,SL 3A,1948 km,57 km/hr,22318
11019,Konark Express (PT),Exp,CR,,,CSMT,14:00,BBSN,0:20,34h 20m,42,S M T W T F S,SL 3A 2A,1945 km,57 km/hr,11020
12101,Jnaneswari Express (PT),SF,CR,,,LTT,20:35,SHM,4:35,32h 0m,16,M T F S,SL 3A 2A 1A,1945 km,61 km/hr,12102
18030,Shalimar - Mumbai LTT Express (PT),Exp,SER,,,SHM,15:00,LTT,4:20,37h 20m,68,S M T W T F S,SL 3A 2A,1943 km,52 km/hr,18029
11034,Darbhanga - Pune Express (PT),Exp,CR,,,DBG,16:35,PUNE,7:15,38h 40m,28,F,SL 3A 2A,1943 km,50 km/hr,11033
18029,Mumbai LTT - Shalimar Express (PT),Exp,SER,,,LTT,22:00,SHM,13:00,39h 0m,70,S M T W T F S,SL 3A 2A,1943 km,50 km/hr,18030
11020,Konark Express (PT),Exp,CR,,,BBSN,14:40,CSMT,4:15,37h 35m,43,S M T W T F S,SL 3A 2A,1943 km,52 km/hr,11019
12102,Jnaneswari Express (PT),SF,CR,,,SHM,20:15,LTT,4:10,31h 55m,16,S M W T,SL 3A 2A 1A,1945 km,61 km/hr,12101
11033,Pune - Darbhanga Express (PT),Exp,CR,,,PUNE,16:15,DBG,7:10,38h 55m,28,W,SL 3A 2A,1943 km,50 km/hr,11034
11061,Pawan Express (PT),Exp,CR,,,LTT,11:30,JYG,2:10,38h 40m,43,S M T W T F S,SL 3A 2A,1942 km,50 km/hr,11062
12864,SMVT Bengaluru - Howrah SF Express (PT),SF,SER,,,SMVB,10:40,HWH,20:10,33h 30m,33,S M T W T F S,SL 3A 2A 1A 3E,1942 km,58 km/hr,12863
11062,Pawan Express (PT),Exp,CR,,,JYG,13:10,LTT,0:30,35h 20m,41,S M T W T F S,SL 3A 2A,1942 km,55 km/hr,11061
12863,Howrah - SMVT Bengaluru SF Express (PT),SF,SER,,,HWH,22:45,SMVB,7:00,32h 15m,31,S M T W T F S,SL 3A 2A 1A 3E,1942 km,60 km/hr,12864
16382,Kanniyakumari - Pune Express (PT),Exp,SR,,,CAPE,8:40,PUNE,21:40,37h 0m,56,S M T W T F S,SL 3A 2A 3E,1941 km,52 km/hr,16381
16381,Pune - Kanniyakumari Express (PT),Exp,SR,,,PUNE,23:45,CAPE,11:55,36h 10m,55,S M T W T F S,SL 3A 2A 3E,1941 km,54 km/hr,16382
15672,Rohtak - Kamakhya Amrit Bharat Express,AB,NFR,,,ROK,22:10,KYQ,12:35,38h 25m,29,S,SL,1940 km,50 km/hr,15671
15671,Kamakhya - Rohtak Amrit Bharat Express,AB,NFR,,,KYQ,22:00,ROK,14:45,40h 45m,29,F,SL,1940 km,48 km/hr,15672
22863,Howrah - SMVT Bengaluru AC SF Express (PT),ACSF,SER,,,HWH,10:30,SMVB,15:45,29h 15m,11,M,3A 2A 1A,1937 km,66 km/hr,22864
22864,SMVT Bengaluru - Howrah AC SF Express,ACSF,SER,,,SMVB,11:15,HWH,17:05,29h 50m,11,W,3A 2A 1A,1937 km,65 km/hr,22863
12246,SMVT Bengaluru - Howrah Duronto Express,Drnt,SER,,,SMVB,11:15,HWH,17:05,29h 50m,5,S M T T F,2S SL 3A 2A 1A,1937 km,65 km/hr,12245
12245,Howrah - SMVT Bengaluru Duronto Express,Drnt,SER,,,HWH,10:40,SMVB,15:45,29h 5m,5,S T W F S,2S SL 3A 2A 1A,1937 km,67 km/hr,12246
12422,Amritsar - Hazur Sahib Nanded SF Express,SF,NR,,,ASR,14:30,NED,21:40,31h 10m,23,M,SL 3A 2A 3E,1936 km,62 km/hr,12421
12421,Hazur Sahib Nanded - Amritsar SF Express (PT),SF,NR,,,NED,11:05,ASR,18:35,31h 30m,23,W,SL 3A 2A 3E,1936 km,61 km/hr,12422
19165,Ahmedabad - Darbhanga Sabarmati Express (PT),Exp,WR,,,ADI,23:10,DBG,19:25,44h 15m,63,S W F,SL 3A 2A 1A 3E,1935 km,44 km/hr,19166
19166,Darbhanga - Ahmedabad Sabarmati Express (PT),Exp,WR,,,DBG,4:20,ADI,0:55,44h 35m,63,M W S,SL 3A 2A 1A 3E,1935 km,43 km/hr,19165
19302,Yesvantpur - Dr. Ambedkar Nagar Weekly Express,Exp,WR,,,YPR,15:45,DADN,7:05,39h 20m,31,T,SL 3A 2A 3E,1932 km,49 km/hr,19301
16352,Nagercoil - Mumbai LTT Express (via Renigunta) (PT),Exp,SR,,,NCJ,6:15,LTT,18:50,36h 35m,40,S T,SL 3A 2A,1930 km,53 km/hr,16351
16331,Mumbai LTT - Thiruvananthapuram Central Express (PT),Exp,SR,,,LTT,20:55,TVC,7:00,34h 5m,39,S,SL 3A 2A 3E,1911 km,56 km/hr,16332
12371,Howrah - Bikaner Weekly SF Express (Via Lucknow) (PT),SF,ER,,,HWH,8:15,BKN,17:50,33h 35m,28,M,SL 3A 2A 1A,1930 km,57 km/hr,12372
12372,Bikaner - Howrah Weekly SF Express (Via Lucknow),SF,ER,,,BKN,6:20,HWH,16:50,34h 30m,28,T,SL 3A 2A 1A,1930 km,56 km/hr,12371
16351,Mumbai LTT - Nagercoil Express (Via Renigunta) (PT),Exp,SR,,,LTT,20:55,NCJ,7:00,34h 5m,42,M F,SL 3A 2A,1930 km,57 km/hr,16352
20941,Bandra Terminus - Ghazipur City SF Express (PT),SF,WR,,,BDTS,23:25,GCT,6:45,31h 20m,26,S F,SL 3A 2A 1A,1922 km,61 km/hr,20942
20942,Ghazipur City - Bandra Terminus SF Express,SF,WR,,,GCT,19:30,BDTS,4:20,32h 50m,26,S T,SL 3A 2A 1A,1922 km,59 km/hr,20941
12868,Puducherry - Howrah SF Express (PT),SF,SER,,,PDY,14:15,HWH,23:45,33h 30m,16,W,SL 3A 2A 1A 3E,1921 km,57 km/hr,12867
12867,Howrah - Puducherry SF Express (PT),SF,SER,,,HWH,23:20,PDY,8:30,33h 10m,16,S,SL 3A 2A 1A 3E,1921 km,58 km/hr,12868
12259,Sealdah - Bikaner AC Duronto Express,Drnt,ER,,,SDAH,17:00,BKN,18:35,25h 35m,10,S M W T,3A 2A 1A,1920 km,75 km/hr,12260
12260,Bikaner - Sealdah AC Duronto Express,Drnt,ER,,,BKN,12:10,SDAH,13:30,25h 20m,10,M T T F,3A 2A 1A,1920 km,76 km/hr,12259
12550,MCTM Udhampur - Durg SF Express (via Delhi Safdarjung),SF,SECR,,,MCTM,3:15,DURG,11:05,31h 50m,18,T,SL 3A 2A 1A 3E,1919 km,60 km/hr,12549
12549,Durg - MCTM Udhampur SF Express (via Delhi Safdarjung) (PT),SF,SECR,,,DURG,12:15,MCTM,20:05,31h 50m,18,T,SL 3A 2A 1A 3E,1919 km,60 km/hr,12550
12808,Samata Express,SF,SCoR,,,NZM,7:00,VSKP,16:30,33h 30m,36,M T T F S,SL 3A 2A 1A,1916 km,57 km/hr,12807
12807,Samata Express (PT),SF,SCoR,,,VSKP,9:20,NZM,18:10,32h 50m,37,S T W T S,SL 3A 2A 1A,1916 km,58 km/hr,12808
15268,Mumbai LTT - Raxaul Antyodaya Express (Via Chhapra),Ant,ECR,,,LTT,16:35,RXL,7:50,39h 15m,23,M,,1915 km,49 km/hr,15267
15267,Raxaul - Mumbai LTT Antyodaya Express (Via Chhapra),Ant,ECR,,,RXL,15:45,LTT,5:50,38h 5m,24,S,,1915 km,50 km/hr,15268
20817,Bhubaneswar - New Delhi Tejas Rajdhani Express (via Sambalpur City),Raj,ECoR,,,BBS,7:15,NDLS,9:55,26h 40m,15,S,3A 2A 1A,1914 km,72 km/hr,20818
20818,New Delhi - Bhubaneswar Tejas Rajdhani Express (via Sambalpur City),Raj,ECoR,,,NDLS,17:00,BBS,20:10,27h 10m,15,S,3A 2A 1A,1914 km,70 km/hr,20817
22832,Yesvantpur - Howrah Superfast Express (PT),SF,SER,,,YPR,4:30,HWH,14:05,33h 35m,22,F,SL 3A 2A,1913 km,57 km/hr,22831
12147,SCSMT Kolhapur - Hazrat Nizamuddin SF Express (PT),SF,CR,,,KOP,9:35,NZM,18:45,33h 10m,19,T,SL 3A 2A,1913 km,58 km/hr,12148
12148,Hazrat Nizamuddin - SCSMT Kolhapur SF Express,SF,CR,,,NZM,5:10,KOP,13:30,32h 20m,19,T,SL 3A 2A,1913 km,59 km/hr,12147
22831,Howrah - Yesvantpur Superfast Express (PT),SF,SER,,,HWH,14:45,YPR,0:55,34h 10m,20,W,SL 3A 2A,1913 km,56 km/hr,22832
12336,Mumbai LTT - Bhagalpur SF Express (PT),SF,ER,,,LTT,8:05,BGP,17:55,33h 50m,36,S T,SL 3A 2A,1911 km,56 km/hr,12335
12335,Bhagalpur - Mumbai LTT SF Express (PT),SF,ER,,,BGP,8:55,LTT,17:50,32h 55m,37,T F,SL 3A 2A,1911 km,58 km/hr,12336
22413,Madgaon - Hazrat Nizamuddin Rajdhani Express,Raj,NR,,,MAO,8:00,NZM,12:30,28h 30m,9,S M,3A 2A 1A,1911 km,67 km/hr,22414
22414,Hazrat Nizamuddin - Madgaon Rajdhani Express,Raj,NR,,,NZM,6:16,MAO,8:35,26h 19m,9,F S,3A 2A 1A,1911 km,73 km/hr,22413
16332,Thiruvananthapuram Central - Mumbai LTT Express (PT),Exp,SR,,,TVC,4:25,LTT,18:50,38h 25m,38,S,SL 3A 2A 3E,1911 km,50 km/hr,16331
13005,Howrah - Amritsar Mail (PT),Exp,ER,,,HWH,19:20,ASR,8:40,37h 20m,59,S M T W T F S,SL 3A 2A 1A,1911 km,51 km/hr,13006
20848,MCTM Udhampur - Durg SF Express (via New Delhi),SF,SECR,,,MCTM,0:10,DURG,9:10,33h 0m,21,F,SL 3A 2A 1A 3E,1911 km,58 km/hr,20847
13006,Amritsar - Howrah Mail,Exp,ER,,,ASR,18:25,HWH,7:25,37h 0m,58,S M T W T F S,SL 3A 2A 1A,1911 km,52 km/hr,13005
20847,Durg - MCTM Udhampur SF Express (via New Delhi) (PT),SF,SECR,,,DURG,11:00,MCTM,20:05,33h 5m,22,W,SL 3A 2A 1A 3E,1910 km,58 km/hr,20848
22554,Mumbai LTT - Raxaul Antyodaya SF Express (via Patliputra),Ant,ECR,,,LTT,7:55,RXL,16:50,32h 55m,16,W,,1907 km,58 km/hr,22553
22553,Raxaul - Mumbai LTT Antyodaya SF Express (via Patliputra),Ant,ECR,,,RXL,19:10,LTT,5:50,34h 40m,16,M,,1907 km,55 km/hr,22554
15068,Bandra Terminus - Gorakhpur Weekly Express (PT),Exp,NER,,,BDTS,0:05,GKP,14:50,38h 45m,28,F,SL 3A 2A 1A,1898 km,49 km/hr,15067
17008,Darbhanga - Charlapalli Express (PT),Exp,SCR,,,DBG,7:05,CHZ,20:00,36h 55m,25,T F,SL 3A 2A,1898 km,51 km/hr,17007
22449,Guwahati - New Delhi Poorvottar Sampark Kranti Express (PT),SKr,NR,,,GHY,6:10,NDLS,12:50,30h 40m,12,W S,SL 3A 2A 1A 3E,1898 km,62 km/hr,22450
17007,Charlapalli - Darbhanga Express (PT),Exp,SCR,,,CHZ,22:50,DBG,13:40,38h 50m,25,T S,SL 3A 2A,1898 km,49 km/hr,17008
12379,Sealdah - Amritsar Jallianwala Bagh Express (PT),SF,ER,,,SDAH,13:10,ASR,15:50,26h 40m,15,F,SL 3A 2A 1A 3E,1898 km,71 km/hr,12380
15067,Gorakhpur - Bandra Terminus Weekly Express (PT),Exp,NER,,,GKP,5:05,BDTS,17:45,36h 40m,29,W,SL 3A 2A 1A,1902 km,52 km/hr,15068
12380,Amritsar - Sealdah Jallianwala Bagh Express,SF,ER,,,ASR,13:25,SDAH,16:35,27h 10m,15,S,SL 3A 2A 1A,1898 km,70 km/hr,12379
22450,New Delhi - Guwahati Poorvottar Sampark Kranti Express,SKr,NR,,,NDLS,23:45,GHY,8:00,32h 15m,12,S W,SL 3A 2A 1A 3E,1898 km,59 km/hr,22449
12875,Neelachal Express (PT),SF,ECoR,,,PURI,11:00,ANVT,21:20,34h 20m,42,S T F,SL 3A 2A 1A 3E,1897 km,55 km/hr,12876
12318,Akal Takht Express,SF,ER,,,ASR,5:55,KOAA,14:50,32h 55m,22,T F,SL 3A 2A 1A 3E,1897 km,58 km/hr,12317
12317,Akal Takht Express (PT),SF,ER,,,KOAA,7:40,ASR,17:20,33h 40m,22,S W,SL 3A 2A 1A 3E,1897 km,56 km/hr,12318
12876,Neelachal Express (PT),SF,ECoR,,,ANVT,7:30,PURI,17:55,34h 25m,41,S T F,SL 3A 2A 1A 3E,1896 km,55 km/hr,12875
20850,Rameswaram - Bhubaneswar Weekly SF Express (PT),SF,ECoR,,,RMM,9:45,BBS,18:25,32h 40m,25,S,SL 3A 2A,1895 km,58 km/hr,20849
20849,Bhubaneswar - Rameswaram Weekly SF Express (PT),SF,ECoR,,,BBS,12:10,RMM,22:30,34h 20m,25,F,SL 3A 2A,1895 km,55 km/hr,20850
15950,Gomti Nagar - Dibrugarh Amrit Bharat Express,AB,NFR,,,GTNR,18:40,DBRG,12:40,42h 0m,40,S,SL,1894 km,45 km/hr,15949
15949,Dibrugarh - Gomti Nagar Amrit Bharat Express,AB,NFR,,,DBRG,21:00,GTNR,13:30,40h 30m,40,F,SL,1894 km,47 km/hr,15950
12655,Navjeevan SF Express (PT),SF,SR,,,ADI,21:25,MAS,5:10,31h 45m,42,S M T W T F S,SL 3A 2A 1A,1892 km,60 km/hr,12656
12656,Navjeevan SF Express (PT),SF,SR,,,MAS,10:10,ADI,18:00,31h 50m,43,S M T W T F S,SL 3A 2A 1A,1892 km,59 km/hr,12655
15293,Muzaffarpur - Charlapalli Amrit Bharat Express (PT),AB,ECR,,,MFP,11:25,CHZ,23:50,36h 25m,21,T,SL,1890 km,52 km/hr,15294
15294,Charlapalli - Muzaffarpur Amrit Bharat Express,AB,ECR,,,CHZ,4:05,MFP,16:00,35h 55m,21,T,SL,1890 km,53 km/hr,15293
12495,Pratap SF Express,SF,NWR,,,BKN,6:00,KOAA,13:05,31h 5m,19,T,SL 3A 2A 3E,1887 km,61 km/hr,12496
12496,Pratap SF Express (PT),SF,NWR,,,KOAA,22:45,BKN,5:30,30h 45m,19,F,SL 3A 2A 3E,1887 km,61 km/hr,12495
20846,Bikaner - Bilaspur SF Express (PT),SF,SECR,,,BKN,1:45,BSP,10:25,32h 40m,32,S T,SL 3A 2A 1A 3E,1884 km,58 km/hr,20845
20845,Bilaspur - Bikaner SF Express (PT),SF,SECR,,,BSP,18:25,BKN,3:15,32h 50m,32,T S,SL 3A 2A 1A 3E,1885 km,57 km/hr,20846
22805,Bhubaneswar - Anand Vihar Terminal Weekly SF Express,SF,ECoR,,,BBS,12:30,ANVT,19:35,31h 5m,16,S,SL 3A 2A 1A,1885 km,61 km/hr,22806
14664,Amritsar - New Jalpaiguri Amrit Bharat Express,AB,NR,14-May,,ASR,12:45,NJP,4:15,39h 30m,35,T,SL,1834 km,46 km/hr,14663
12358,Durgiana Express,SF,ER,,,ASR,5:55,KOAA,11:35,29h 40m,17,M T,SL 3A 2A 1A,1834 km,62 km/hr,12357
22603,Kharagpur - Villupuram SF Express (PT),SF,SR,,,KGP,14:00,VM,19:05,29h 5m,18,T,SL 3A 2A,1832 km,63 km/hr,22604
19045,Tapti Ganga Express (PT),Exp,WR,,,UDN,10:20,THE,20:55,34h 35m,37,S M W T F,SL 3A 2A,1828 km,53 km/hr,19046
22604,Villupuram - Kharagpur SF Express (PT),SF,SR,,,VM,11:05,KGP,18:35,31h 30m,18,T,SL 3A 2A,1832 km,58 km/hr,22603
15734,Farakka Express (via Sultanpur),Exp,NFR,,,BTI,15:00,BLGT,12:55,45h 55m,79,M W S,SL 3A 2A,1832 km,40 km/hr,15733
19046,Tapti Ganga Express (PT),Exp,WR,,,THE,5:40,UDN,15:23,33h 43m,37,S T W F S,SL 3A 2A,1828 km,54 km/hr,19045
12508,Amritsar - New Jalpaiguri Karmabhoomi Express (UnReserved),SF,NFR,,,ASR,9:30,NJP,18:35,33h 5m,18,F,,1826 km,55 km/hr,12507
12507,New Jalpaiguri - Amritsar Karmabhoomi Express (UnReserved),SF,NFR,,,NJP,8:30,ASR,17:35,33h 5m,18,W,,1826 km,55 km/hr,12508
15589,Muzaffarpur - Hadapsar (Pune) AC Express (PT),ACExp,ECR,,,MFP,19:20,HDP,6:25,35h 5m,23,M,2A 3E,1823 km,52 km/hr,15590
20843,Bilaspur - Bhagat Ki Kothi SF Express (PT),SF,SECR,,,BSP,18:25,BGKT,2:30,32h 5m,34,M T,SL 3A 2A 1A 3E,1820 km,57 km/hr,20844
20844,Bhagat Ki Kothi - Bilaspur SF Express,SF,SECR,,,BGKT,2:20,BSP,10:25,32h 5m,34,T S,SL 3A 2A 1A 3E,1820 km,57 km/hr,20843
22947,Surat - Bhagalpur SF Express (PT),SF,WR,,,UDN,10:20,BGP,18:30,32h 10m,34,T S,SL 3A 2A,1818 km,57 km/hr,22948
22948,Bhagalpur - Surat SF Express (PT),SF,WR,,,BGP,6:50,UDN,15:23,32h 33m,34,M T,SL 3A 2A,1818 km,56 km/hr,22947
12307,Howrah - Jodhpur Superfast Express (PT),SF,ER,,,HWH,23:30,JU,5:15,29h 45m,28,S T W S,SL 3A 2A 1A,1814 km,61 km/hr,12308
12308,Jodhpur - Howrah Superfast Express (PT),SF,ER,,,JU,23:55,HWH,4:55,29h 0m,28,M T T F,SL 3A 2A 1A,1815 km,63 km/hr,12307
22075,Charlapalli - Gorakhpur Amrit Bharat Express,AB,SCR,2-Oct,,CHZ,21:45,GKP,6:25,32h 40m,19,F,SL,1811 km,55 km/hr,22076
12589,Gorakhpur - Charlapalli SF Express (PT),SF,NER,,,GKP,6:33,CHZ,13:30,30h 57m,27,W,SL 3A 2A 1A,1811 km,59 km/hr,12590
12590,Charlapalli - Gorakhpur SF Express (PT),SF,NER,,,CHZ,21:45,GKP,6:45,33h 0m,27,T,SL 3A 2A 1A,1811 km,55 km/hr,12589
12326,Gurumukhi SF Express,SF,ER,,,AADR,6:10,KOAA,14:50,32h 40m,18,S,SL 3A 2A 3E,1848 km,57 km/hr,12325
15707,Amrapali Express (PT),Exp,NFR,,,KIR,22:45,ASR,12:40,37h 55m,55,S M T W T F S,SL 3A 2A 3E,1805 km,48 km/hr,15708
15708,Amrapali Express,Exp,NFR,,,ASR,7:40,KIR,22:10,38h 30m,55,S M T W T F S,SL 3A 2A 3E,1805 km,47 km/hr,15707
11022,Tirunelveli - Dadar Central Chalukya Express (Via SMVT Bengaluru) (PT),Exp,CR,,,TEN,15:45,DR,5:45,38h 0m,35,M T F,SL 3A 2A,1804 km,47 km/hr,11021
22823,Bhubaneswar - New Delhi Tejas Rajdhani Express (via Tatanagar),Raj,ECoR,,,BBS,9:30,NDLS,9:55,24h 25m,13,M T T F,3A 2A 1A,1802 km,74 km/hr,22824
11081,Mumbai LTT - Gorakhpur Weekly Express (Via Varanasi) (PT),Exp,CR,,,LTT,16:35,GKP,5:45,37h 10m,20,W,SL 3A 2A,1802 km,48 km/hr,11082
11082,Gorakhpur - Mumbai LTT Weekly Express (via Varanasi) (PT),Exp,CR,,,GKP,14:20,LTT,23:55,33h 35m,20,F,SL 3A 2A,1802 km,54 km/hr,11081
11043,Dadar Central - Ballia Express,Exp,CR,17-Aug,,DR,14:05,BUI,1:45,35h 40m,23,M W F,SL 3A 2A,1800 km,50 km/hr,11044
11044,Ballia - Dadar Central Express,Exp,CR,19-Aug,,BUI,15:15,DR,3:35,36h 20m,23,S W F,SL 3A 2A,1800 km,50 km/hr,11043
12494,Darshan SF Express,SF,NR,,,NZM,21:40,MRJ,0:40,27h 0m,13,F,SL 3A 2A 1A,1794 km,66 km/hr,12493
12816,Nandan Kanan Express,SF,ECoR,,,ANVT,7:30,PURI,14:15,30h 45m,27,M W T S,SL 3A 2A 1A 3E,1790 km,58 km/hr,12815
12493,Darshan SF Express (PT),SF,NR,,,MRJ,5:25,NZM,7:00,25h 35m,13,S,SL 3A 2A 1A,1794 km,70 km/hr,12494
12815,Nandan Kanan Express (PT),SF,ECoR,,,PURI,11:00,ANVT,15:10,28h 10m,27,M W T S,SL 3A 2A 1A 3E,1790 km,64 km/hr,12816
22894,Howrah - Sainagar Shirdi SF Express (PT),SF,SER,,,HWH,13:55,SNSI,19:10,29h 15m,15,T,SL 3A 2A,1789 km,61 km/hr,22893
13202,Mumbai LTT - Rajgir Janta Express,Exp,ECR,,,LTT,14:45,RGD,3:25,36h 40m,63,S M T W T F S,SL 3A 2A 1A 3E,1788 km,49 km/hr,13201
22893,Sainagar Shirdi - Howrah SF Express (PT),SF,SER,,,SNSI,14:10,HWH,20:50,30h 40m,15,S,SL 3A 2A,1788 km,58 km/hr,22894
13201,Rajgir - Mumbai LTT Janta Express (PT),Exp,ECR,,,RGD,20:45,LTT,10:50,38h 5m,66,S M T W T F S,SL 3A 2A 1A 3E,1788 km,47 km/hr,13202
18428,Anand Vihar Terminal - Puri Weekly Express,Exp,ECoR,,,ANVT,17:20,PURI,23:55,30h 35m,21,S,SL 3A 2A 1A 3E,1786 km,58 km/hr,18427
18427,Puri - Anand Vihar Terminal Weekly Express (PT),Exp,ECoR,,,PURI,4:15,ANVT,13:10,32h 55m,21,S,SL 3A 2A 1A 3E,1786 km,54 km/hr,18428
12819,Odisha Sampark Kranti Express,SKr,ECoR,,,BBS,16:17,ANVT,19:35,27h 18m,11,S W,SL 3A 2A 1A,1784 km,65 km/hr,12820
12820,Odisha Sampark Kranti Express,SKr,ECoR,,,ANVT,8:00,BBS,12:20,28h 20m,11,T F,SL 3A 2A 1A,1784 km,63 km/hr,12819
12880,Bhubaneswar - Mumbai LTT SF Express (PT),SF,ECoR,,,BBS,7:20,LTT,13:00,29h 40m,19,M T,SL 3A 2A 1A,1780 km,60 km/hr,12879
22689,Ahmedabad - Yesvantpur Weekly SF Express (PT),SF,SWR,,,ADI,19:00,YPR,2:30,31h 30m,22,T,SL 3A 2A 1A,1781 km,57 km/hr,22690
22690,Yesvantpur - Ahmedabad Weekly SF Express (PT),SF,SWR,,,YPR,16:45,ADI,1:00,32h 15m,23,S,SL 3A 2A 1A,1781 km,55 km/hr,22689
15098,Jammu Tawi - Bhagalpur Amarnath Express,Exp,NER,,,JAT,22:45,BGP,9:55,35h 10m,30,T,SL 3A 2A 1A,1780 km,51 km/hr,15097
15097,Bhagalpur - Jammu Tawi Amarnath Express (PT),Exp,NER,,,BGP,23:55,JAT,13:00,37h 5m,30,T,SL 3A 2A 1A,1780 km,48 km/hr,15098
11072,Kamayani Express,Exp,CR,,,BUI,12:45,LTT,23:10,34h 25m,46,S M T W T F S,SL 3A 2A,1773 km,52 km/hr,11071
11071,Kamayani Express (PT),Exp,CR,,,LTT,13:50,BUI,22:35,32h 45m,49,S M T W T F S,SL 3A 2A,1773 km,54 km/hr,11072
12172,Haridwar - Mumbai LTT AC SF Express,ACSF,CR,,,HW,17:20,LTT,21:30,28h 10m,11,T F,3A 2A 1A,1769 km,63 km/hr,12171
12171,Mumbai LTT - Haridwar AC SF Express (PT),ACSF,CR,,,LTT,7:55,HW,12:35,28h 40m,11,M T,3A 2A 1A,1769 km,62 km/hr,12172
22845,Pune - Hatia SF Express (PT),SF,SER,,,PUNE,10:45,HTE,17:25,30h 40m,18,S W,SL 3A 2A 1A,1766 km,58 km/hr,22846
22865,Mumbai LTT - Puri SF Express (via Jharsuguda Road) (PT),SF,ECoR,,,LTT,0:15,PURI,8:35,32h 20m,17,T,SL 3A 2A 1A 3E,1844 km,57 km/hr,22866
22866,Puri - Mumbai LTT SF Express (via Jharsuguda Road),SF,ECoR,,,PURI,6:00,LTT,13:00,31h 0m,17,T,SL 3A 2A 1A 3E,1843 km,59 km/hr,22865
15086,Bandra Terminus - Gorakhpur Amrit Bharat Express,AB,NER,29-Aug,,BDTS,21:20,GKP,6:45,33h 25m,20,S,SL,1842 km,55 km/hr,15085
15085,Gorakhpur - Bandra Terminus Amrit Bharat Express,AB,NER,28-Aug,,GKP,7:50,BDTS,17:45,33h 55m,20,F,SL,1842 km,54 km/hr,15086
22971,Bandra Terminus - Patna Weekly SF Express (PT),SF,WR,,,BDTS,19:25,PNBE,1:40,30h 15m,14,M,SL 3A 2A 1A 3E,1841 km,61 km/hr,22972
22972,Patna - Bandra Terminus SF Express (PT),SF,WR,,,PNBE,23:20,BDTS,4:45,29h 25m,13,W,SL 3A 2A 1A 3E,1841 km,63 km/hr,22971
12719,Jaipur - Hyderabad SF Express (PT),SF,SCR,,,JP,15:30,HYB,0:55,33h 25m,26,W F,SL 3A 2A,1839 km,55 km/hr,12720
12720,Hyderabad - Jaipur SF Express (PT),SF,SCR,,,HYB,20:25,JP,5:25,33h 0m,26,M W,SL 3A 2A,1843 km,56 km/hr,12719
15716,Ajmer - Kishanganj Garib Nawaz Express (PT),Exp,NFR,,,AII,12:05,KNE,3:15,39h 10m,33,M T T,SL 3A 2A 1A 3E,1839 km,47 km/hr,15715
15715,Kishanganj - Ajmer Garib Nawaz Express (PT),Exp,NFR,,,KNE,5:50,AII,21:30,39h 40m,33,S T F,SL 3A 2A 1A 3E,1839 km,46 km/hr,15716
15560,Ahmedabad - Darbhanga Antyodaya Express,Ant,ECR,,,ADI,21:05,DBG,8:40,35h 35m,26,F,,1837 km,52 km/hr,15559
15559,Darbhanga - Ahmedabad Antyodaya Express,Ant,ECR,,,DBG,16:35,ADI,7:25,38h 50m,26,W,,1837 km,47 km/hr,15560
12357,Durgiana Express (PT),SF,ER,,,KOAA,12:10,ASR,17:20,29h 10m,17,T S,SL 3A 2A 1A 3E,1835 km,63 km/hr,12358
14664,Amritsar - New Jalpaiguri Amrit Bharat Express,AB,NR,14-May,,ASR,12:45,NJP,4:15,39h 30m,35,T,SL,1834 km,46 km/hr,14663
12358,Durgiana Express,SF,ER,,,ASR,5:55,KOAA,11:35,29h 40m,17,M T,SL 3A 2A 1A,1834 km,62 km/hr,12357
14663,New Jalpaiguri - Amritsar Amrit Bharat Express,AB,NR,16-May,,NJP,8:00,ASR,2:20,42h 20m,35,S,SL,1834 km,43 km/hr,14664
22603,Kharagpur - Villupuram SF Express (PT),SF,SR,,,KGP,14:00,VM,19:05,29h 5m,18,T,SL 3A 2A,1832 km,63 km/hr,22604
15734,Farakka Express (via Sultanpur),Exp,NFR,,,BTI,15:00,BLGT,12:55,45h 55m,79,M W S,SL 3A 2A,1832 km,40 km/hr,15733
15733,Farakka Express (via Sultanpur) (PT),Exp,NFR,,,BLGT,17:00,BTI,13:05,44h 5m,81,M T S,SL 3A 2A,1832 km,42 km/hr,15734
19045,Tapti Ganga Express (PT),Exp,WR,,,UDN,10:20,THE,20:55,34h 35m,37,S M W T F,SL 3A 2A,1828 km,53 km/hr,19046
22604,Villupuram - Kharagpur SF Express (PT),SF,SR,,,VM,11:05,KGP,18:35,31h 30m,18,T,SL 3A 2A,1832 km,58 km/hr,22603
12792,Danapur - Secunderabad SF Express (PT),SF,SCR,,,DNR,12:15,SC,21:30,33h 15m,28,S M T W T F S,SL 3A 2A,1829 km,55 km/hr,12791
12791,Secunderabad - Danapur SF Express (PT),SF,SCR,,,SC,9:25,DNR,18:15,32h 50m,27,S M T W T F S,SL 3A 2A,1829 km,56 km/hr,12792
19046,Tapti Ganga Express (PT),Exp,WR,,,THE,5:40,UDN,15:23,33h 43m,37,S T W F S,SL 3A 2A,1828 km,54 km/hr,19045
12508,Amritsar - New Jalpaiguri Karmabhoomi Express (UnReserved),SF,NFR,,,ASR,9:30,NJP,18:35,33h 5m,18,F,,1826 km,55 km/hr,12507
12507,New Jalpaiguri - Amritsar Karmabhoomi Express (UnReserved),SF,NFR,,,NJP,8:30,ASR,17:35,33h 5m,18,W,,1826 km,55 km/hr,12508
15589,Muzaffarpur - Hadapsar (Pune) AC Express (PT),ACExp,ECR,,,MFP,19:20,HDP,6:25,35h 5m,23,M,2A 3E,1823 km,52 km/hr,15590
15590,Hadapsar (Pune) - Muzaffarpur AC Express,ACExp,ECR,,,HDP,10:00,MFP,22:00,36h 0m,23,W,2A 3E,1823 km,51 km/hr,15589
20843,Bilaspur - Bhagat Ki Kothi SF Express (PT),SF,SECR,,,BSP,18:25,BGKT,2:30,32h 5m,34,M T,SL 3A 2A 1A 3E,1820 km,57 km/hr,20844
20844,Bhagat Ki Kothi - Bilaspur SF Express,SF,SECR,,,BGKT,2:20,BSP,10:25,32h 5m,34,T S,SL 3A 2A 1A 3E,1820 km,57 km/hr,20843
22948,Bhagalpur - Surat SF Express (PT),SF,WR,,,BGP,6:50,UDN,15:23,32h 33m,34,M T,SL 3A 2A,1818 km,56 km/hr,22947
22947,Surat - Bhagalpur SF Express (PT),SF,WR,,,UDN,10:20,BGP,18:30,32h 10m,34,T S,SL 3A 2A,1818 km,57 km/hr,22948
12307,Howrah - Jodhpur Superfast Express (PT),SF,ER,,,HWH,23:30,JU,5:15,29h 45m,28,S T W S,SL 3A 2A 1A,1814 km,61 km/hr,12308
12308,Jodhpur - Howrah Superfast Express (PT),SF,ER,,,JU,23:55,HWH,4:55,29h 0m,28,M T T F,SL 3A 2A 1A,1815 km,63 km/hr,12307
22075,Charlapalli - Gorakhpur Amrit Bharat Express,AB,SCR,2-Oct,,CHZ,21:45,GKP,6:25,32h 40m,19,F,SL,1811 km,55 km/hr,22076
12589,Gorakhpur - Charlapalli SF Express (PT),SF,NER,,,GKP,6:33,CHZ,13:30,30h 57m,27,W,SL 3A 2A 1A,1811 km,59 km/hr,12590
22076,Gorakhpur - Charlapalli Amrit Bharat Express,AB,SCR,4-Oct,,GKP,8:30,CHZ,17:00,32h 30m,19,S,SL,1811 km,56 km/hr,22075
12590,Charlapalli - Gorakhpur SF Express (PT),SF,NER,,,CHZ,21:45,GKP,6:45,33h 0m,27,T,SL 3A 2A 1A,1811 km,55 km/hr,12589
12326,Gurumukhi SF Express,SF,ER,,,AADR,6:10,KOAA,14:50,32h 40m,18,S,SL 3A 2A 3E,1848 km,57 km/hr,12325
15707,Amrapali Express (PT),Exp,NFR,,,KIR,22:45,ASR,12:40,37h 55m,55,S M T W T F S,SL 3A 2A 3E,1805 km,48 km/hr,15708
15708,Amrapali Express,Exp,NFR,,,ASR,7:40,KIR,22:10,38h 30m,55,S M T W T F S,SL 3A 2A 3E,1805 km,47 km/hr,15707
11022,Tirunelveli - Dadar Central Chalukya Express (Via SMVT Bengaluru) (PT),Exp,CR,,,TEN,15:45,DR,5:45,38h 0m,35,M T F,SL 3A 2A,1804 km,47 km/hr,11021
11021,Dadar Central - Tirunelveli Chalukya Express (Via SMVT Bengaluru) (PT),Exp,CR,,,DR,21:30,TEN,10:40,37h 10m,36,T W S,SL 3A 2A,1804 km,49 km/hr,11022
22824,New Delhi - Bhubaneswar Tejas Rajdhani Express (via Tatanagar),Raj,ECoR,,,NDLS,17:00,BBS,17:30,24h 30m,13,T W T S,3A 2A 1A,1802 km,74 km/hr,22823
11081,Mumbai LTT - Gorakhpur Weekly Express (Via Varanasi) (PT),Exp,CR,,,LTT,16:35,GKP,5:45,37h 10m,20,W,SL 3A 2A,1802 km,48 km/hr,11082
11082,Gorakhpur - Mumbai LTT Weekly Express (via Varanasi) (PT),Exp,CR,,,GKP,14:20,LTT,23:55,33h 35m,20,F,SL 3A 2A,1802 km,54 km/hr,11081
22823,Bhubaneswar - New Delhi Tejas Rajdhani Express (via Tatanagar),Raj,ECoR,,,BBS,9:30,NDLS,9:55,24h 25m,13,M T T F,3A 2A 1A,1802 km,74 km/hr,22824
11043,Dadar Central - Ballia Express,Exp,CR,17-Aug,,DR,14:05,BUI,1:45,35h 40m,23,M W F,SL 3A 2A,1800 km,50 km/hr,11044
11044,Ballia - Dadar Central Express,Exp,CR,19-Aug,,BUI,15:15,DR,3:35,36h 20m,23,S W F,SL 3A 2A,1800 km,50 km/hr,11043
12494,Darshan SF Express,SF,NR,,,NZM,21:40,MRJ,0:40,27h 0m,13,F,SL 3A 2A 1A,1794 km,66 km/hr,12493
12816,Nandan Kanan Express,SF,ECoR,,,ANVT,7:30,PURI,14:15,30h 45m,27,M W T S,SL 3A 2A 1A 3E,1790 km,58 km/hr,12815
12815,Nandan Kanan Express (PT),SF,ECoR,,,PURI,11:00,ANVT,15:10,28h 10m,27,M W T S,SL 3A 2A 1A 3E,1790 km,64 km/hr,12816
12493,Darshan SF Express (PT),SF,NR,,,MRJ,5:25,NZM,7:00,25h 35m,13,S,SL 3A 2A 1A,1794 km,70 km/hr,12494
22894,Howrah - Sainagar Shirdi SF Express (PT),SF,SER,,,HWH,13:55,SNSI,19:10,29h 15m,15,T,SL 3A 2A,1789 km,61 km/hr,22893
13202,Mumbai LTT - Rajgir Janta Express,Exp,ECR,,,LTT,14:45,RGD,3:25,36h 40m,63,S M T W T F S,SL 3A 2A 1A 3E,1788 km,49 km/hr,13201
22893,Sainagar Shirdi - Howrah SF Express (PT),SF,SER,,,SNSI,14:10,HWH,20:50,30h 40m,15,S,SL 3A 2A,1788 km,58 km/hr,22894
13201,Rajgir - Mumbai LTT Janta Express (PT),Exp,ECR,,,RGD,20:45,LTT,10:50,38h 5m,66,S M T W T F S,SL 3A 2A 1A 3E,1788 km,47 km/hr,13202
18428,Anand Vihar Terminal - Puri Weekly Express,Exp,ECoR,,,ANVT,17:20,PURI,23:55,30h 35m,21,S,SL 3A 2A 1A 3E,1786 km,58 km/hr,18427
18427,Puri - Anand Vihar Terminal Weekly Express (PT),Exp,ECoR,,,PURI,4:15,ANVT,13:10,32h 55m,21,S,SL 3A 2A 1A 3E,1786 km,54 km/hr,18428
12820,Odisha Sampark Kranti Express,SKr,ECoR,,,ANVT,8:00,BBS,12:20,28h 20m,11,T F,SL 3A 2A 1A,1784 km,63 km/hr,12819
12819,Odisha Sampark Kranti Express,SKr,ECoR,,,BBS,16:17,ANVT,19:35,27h 18m,11,S W,SL 3A 2A 1A,1784 km,65 km/hr,12820
12880,Bhubaneswar - Mumbai LTT SF Express (PT),SF,ECoR,,,BBS,7:20,LTT,13:00,29h 40m,19,M T,SL 3A 2A 1A,1780 km,60 km/hr,12879
12879,Mumbai LTT - Bhubaneswar SF Express (PT),SF,ECoR,,,LTT,0:15,BBS,7:00,30h 45m,19,W S,SL 3A 2A 1A,1782 km,58 km/hr,12880
22689,Ahmedabad - Yesvantpur Weekly SF Express (PT),SF,SWR,,,ADI,19:00,YPR,2:30,31h 30m,22,T,SL 3A 2A 1A,1781 km,57 km/hr,22690
22690,Yesvantpur - Ahmedabad Weekly SF Express (PT),SF,SWR,,,YPR,16:45,ADI,1:00,32h 15m,23,S,SL 3A 2A 1A,1781 km,55 km/hr,22689
15098,Jammu Tawi - Bhagalpur Amarnath Express,Exp,NER,,,JAT,22:45,BGP,9:55,35h 10m,30,T,SL 3A 2A 1A,1780 km,51 km/hr,15097
15097,Bhagalpur - Jammu Tawi Amarnath Express (PT),Exp,NER,,,BGP,23:55,JAT,13:00,37h 5m,30,T,SL 3A 2A 1A,1780 km,48 km/hr,15098
11072,Kamayani Express,Exp,CR,,,BUI,12:45,LTT,23:10,34h 25m,46,S M T W T F S,SL 3A 2A,1773 km,52 km/hr,11071
11071,Kamayani Express (PT),Exp,CR,,,LTT,13:50,BUI,22:35,32h 45m,49,S M T W T F S,SL 3A 2A,1773 km,54 km/hr,11072
12172,Haridwar - Mumbai LTT AC SF Express,ACSF,CR,,,HW,17:20,LTT,21:30,28h 10m,11,T F,3A 2A 1A,1769 km,63 km/hr,12171
12171,Mumbai LTT - Haridwar AC SF Express (PT),ACSF,CR,,,LTT,7:55,HW,12:35,28h 40m,11,M T,3A 2A 1A,1769 km,62 km/hr,12172
22846,Hatia - Pune SF Express (PT),SF,SER,,,HTE,20:00,PUNE,2:15,30h 15m,18,M F,SL 3A 2A 1A,1766 km,58 km/hr,22845
22845,Pune - Hatia SF Express (PT),SF,SER,,,PUNE,10:45,HTE,17:25,30h 40m,18,S W,SL 3A 2A 1A,1766 km,58 km/hr,22846
11060,Chhapra - Mumbai LTT Express (PT),Exp,CR,,,CPR,5:45,LTT,15:30,33h 45m,24,M T S,SL 3A 2A,1766 km,52 km/hr,11059
11059,Mumbai LTT - Chhapra Express (PT),Exp,CR,,,LTT,10:55,CPR,21:05,34h 10m,24,T T S,SL 3A 2A,1766 km,52 km/hr,11060
11037,Pune - Gorakhpur Express (Via Prayagraj) (PT),Exp,CR,,,PUNE,16:15,GKP,0:40,32h 25m,17,T,SL 3A 2A,1765 km,54 km/hr,11038
22827,Puri - Surat Weekly SF Express (PT),SF,ECoR,,,PURI,19:45,ST,2:35,30h 50m,16,S,SL 3A 2A 3E,1755 km,57 km/hr,22828
22828,Surat - Puri Weekly SF Express (PT),SF,ECoR,,,ST,8:05,PURI,14:40,30h 35m,16,T,SL 3A 2A 3E,1755 km,57 km/hr,22827
17079,Hyderabad - Jaipur Weekly Express,Exp,SCR,24-Jul,,HYB,19:50,JP,5:25,33h 35m,24,F,SL 3A 2A,1839 km,55 km/hr,17080
17080,Jaipur - Hyderabad Weekly Express,Exp,SCR,26-Jul,,JP,15:30,HYB,5:00,37h 30m,24,S,SL 3A 2A,1839 km,49 km/hr,17079
15270,Sabarmati - Muzaffarpur Jan Sadharan Express (UnReserved),Exp,ECR,,,SBIB,17:55,MFP,3:50,33h 55m,24,S,,1751 km,52 km/hr,15269
15269,Muzaffarpur - Sabarmati Jan Sadharan Express (UnReserved),Exp,ECR,,,MFP,21:20,SBIB,7:25,34h 5m,24,T,,1751 km,51 km/hr,15270
20104,Gorakhpur - Mumbai LTT SF Express (via Kanpur) (PT),SF,CR,,,GKP,22:30,LTT,4:35,30h 5m,15,S M T W T F S,SL 3A 2A,1680 km,56 km/hr,20103
11432,Danapur - Pune Amrit Bharat Express,AB,CR,29-Jun,,DNR,3:30,PUNE,11:05,31h 35m,19,M,SL,1748 km,55 km/hr,11431
11431,Pune - Danapur Amrit Bharat Express,AB,CR,27-Jun,,PUNE,15:25,DNR,1:30,34h 5m,19,S,SL,1748 km,51 km/hr,11432
13423,Bhagalpur - Ajmer Weekly Humsafar Express (PT),Hms,ER,,,BGP,13:25,AII,22:55,33h 30m,20,T,SL 3A,1747 km,52 km/hr,13424
13424,Ajmer - Bhagalpur Weekly Humsafar Express,Hms,ER,,,AII,6:20,BGP,15:00,32h 40m,20,S,SL 3A,1747 km,53 km/hr,13423
18104,Amritsar - Tatanagar Jallianwala Bagh Express,Exp,SER,,,ASR,12:45,TATA,22:00,33h 15m,26,W F,SL 3A 2A 3E,1747 km,53 km/hr,18103
18103,Tatanagar - Amritsar Jallianwala Bagh Express,Exp,SER,,,TATA,20:30,ASR,6:30,34h 0m,26,M W,SL 3A 2A 3E,1747 km,51 km/hr,18104
11079,Mumbai LTT - Gorakhpur Express (via Barhni) (PT),Exp,CR,,,LTT,15:45,GKP,23:10,31h 25m,26,T,SL 3A 2A,1746 km,56 km/hr,11080
11080,Gorakhpur - Mumbai LTT Express (via Barhni),Exp,CR,,,GKP,5:05,LTT,15:10,34h 5m,26,S,SL 3A 2A,1746 km,51 km/hr,11079
15029,Gorakhpur - Pune Weekly Express (Via Lucknow) (PT),Exp,NER,,,GKP,17:10,PUNE,2:15,33h 5m,18,T,SL 3A 2A 1A,1745 km,53 km/hr,15030
15030,Pune - Gorakhpur Weekly Express (Via Lucknow) (PT),Exp,NER,,,PUNE,11:20,GKP,18:55,31h 35m,18,S,SL 3A 2A 1A,1745 km,55 km/hr,15029
15065,Gorakhpur - Panvel Express (PT),Exp,NER,,,GKP,5:05,PNVL,14:50,33h 45m,22,S M T T F,SL 3A 2A 1A,1745 km,52 km/hr,15066
15066,Panvel - Gorakhpur Express (PT),Exp,NER,,,PNVL,15:50,GKP,23:10,31h 20m,22,M T W F S,SL 3A 2A 1A,1745 km,56 km/hr,15065
22630,Tirunelveli - Mumbai LTT SF Express (via Konkan) (PT),SF,SR,,,TEN,7:30,LTT,17:20,33h 50m,26,W,SL 3A 2A 3E,1744 km,52 km/hr,22629
22629,Mumbai LTT - Tirunelveli SF Express (via Konkan) (PT),SF,SR,,,LTT,20:45,TEN,9:00,36h 15m,26,T,SL 3A 2A 3E,1744 km,48 km/hr,22630
22911,Shipra Express (PT),SF,WR,,,INDB,23:30,HWH,6:55,31h 25m,35,T T S,SL 3A 2A 1A 3E,1737 km,55 km/hr,22912
22912,Shipra Express (PT),SF,WR,,,HWH,17:45,INDB,0:15,30h 30m,35,M T S,SL 3A 2A 1A 3E,1737 km,57 km/hr,22911
12194,Jabalpur - Yesvantpur SF Express,SF,WCR,,,JBP,6:50,YPR,13:15,30h 25m,17,S,SL 3A 2A 1A 3E,1735 km,57 km/hr,12193
12193,Yesvantpur - Jabalpur SF Express,SF,WCR,,,YPR,15:45,JBP,23:10,31h 25m,17,S,SL 3A 2A 1A 3E,1736 km,55 km/hr,12194
17609,Patna - Purna Express (PT),Exp,SCR,,,PNBE,7:00,PAU,15:15,32h 15m,17,S,SL 3A 2A,1734 km,54 km/hr,17610
17610,Purna - Patna Express (PT),Exp,SCR,,,PAU,14:25,PNBE,23:15,32h 50m,17,T,SL 3A 2A,1734 km,53 km/hr,17609
22812,New Delhi - Bhubaneswar Tejas Rajdhani Express (via Adra) (PT),Raj,ECoR,,,NDLS,17:00,BBS,16:15,23h 15m,13,M F,3A 2A 1A,1730 km,74 km/hr,22811
22811,Bhubaneswar - New Delhi Tejas Rajdhani Express (via Adra),Raj,ECoR,,,BBS,10:35,NDLS,9:55,23h 20m,13,S W,3A 2A 1A,1730 km,74 km/hr,22812
12281,Bhubaneswar - New Delhi Duronto Express,Drnt,ECoR,,,BBS,7:35,NDLS,6:40,23h 5m,5,W,2S SL 3A 2A 1A,1730 km,75 km/hr,12282
12282,New Delhi - Bhubaneswar Duronto Express,Drnt,ECoR,,,NDLS,12:35,BBS,11:40,23h 5m,4,T,2S SL 3A 2A 1A,1730 km,75 km/hr,12281
12789,Kacheguda - Kumta SF Express (PT),SF,SCR,,,KCG,6:05,KT,14:40,32h 35m,35,T F,SL 3A 2A 1A,1728 km,53 km/hr,12790
19424,Bhagalpur - Ahmedabad Amrit Bharat Express,AB,WR,28-Aug,,BGP,16:45,ADI,5:25,36h 40m,27,F,SL,1981 km,54 km/hr,19423
11055,Godan Express (PT),Exp,CR,,,LTT,10:55,GKP,20:35,33h 40m,21,S M W F,SL 3A 2A,1726 km,51 km/hr,11056
20954,Ahmedabad - MGR Chennai Central SF Express (PT),SF,WR,,,ADI,9:40,MAS,15:25,29h 45m,26,S,SL 3A 2A 3E,1718 km,58 km/hr,20953
20953,MGR Chennai Central - Ahmedabad SF Express (PT),SF,WR,,,MAS,22:40,ADI,3:20,28h 40m,25,S,SL 3A 2A 3E,1718 km,60 km/hr,20954
22919,MGR Chennai Central - Ahmedabad Humsafar Express,Hms,WR,,,MAS,16:00,ADI,21:15,29h 15m,13,W,2S SL 3A,1718 km,59 km/hr,22920
22920,Ahmedabad - MGR Chennai Central Humsafar Express,Hms,WR,,,ADI,9:40,MAS,15:05,29h 25m,12,M,2S SL 3A,1718 km,58 km/hr,22919
19415,Sabarmati - Shri Mata Vaishno Devi Katra Express (PT),Exp,WR,,,SBIB,21:35,SVDK,6:35,33h 0m,32,S,SL 3A 2A,1716 km,52 km/hr,19416
19416,Shri Mata Vaishno Devi Katra - Sabarmati Express,Exp,WR,,,SVDK,10:50,SBIB,21:20,34h 30m,32,T,SL 3A 2A,1716 km,50 km/hr,19415
13052,Netaji Express,Exp,ER,,,KLK,23:55,HWH,8:05,32h 10m,40,S M T W T F S,SL 3A 2A 1A,1714 km,53 km/hr,13051
13051,Netaji Express (PT),Exp,ER,,,HWH,21:55,KLK,3:00,29h 5m,39,S M T W T F S,SL 3A 2A 1A,1714 km,59 km/hr,13052
22589,Banaras - Hadapsar Amrit Bharat Express,AB,NER,,,BNRS,18:15,HDP,0:10,29h 55m,18,S M T W T F S,SL,1710 km,57 km/hr,22590
22590,Hadapsar - Banaras Amrit Bharat Express,AB,NER,,,HDP,7:50,BNRS,14:30,30h 40m,18,S M T W T F S,SL,1710 km,56 km/hr,22589
19021,Udhna - Brahmapur Amrit Bharat Express,AB,WR,,,UDN,7:10,BAM,13:55,30h 45m,30,S M T W T F S,SL,1710 km,56 km/hr,19022
19022,Brahmapur - Udhna Amrit Bharat Express,AB,WR,,,BAM,23:45,UDN,8:45,33h 0m,30,S M T W T F S,SL,1710 km,52 km/hr,19021
22360,Mumbai CSMT - Patna Superfast Express (PT),SF,ECR,,,CSMT,11:05,PNBE,13:40,26h 35m,10,T F,SL 3A 2A 1A 3E,1708 km,64 km/hr,22359
12165,Mumbai LTT - Gorakhpur SF Express (Via Prayagraj) (PT),SF,CR,,,LTT,6:00,GKP,12:00,30h 0m,16,M T F,SL 3A 2A,1707 km,57 km/hr,12166
15018,Kashi Express (PT),Exp,NER,,,GKP,5:45,LTT,17:30,35h 45m,68,S M T W T F S,SL 3A 2A 1A,1707 km,48 km/hr,15017
15017,Kashi Express (PT),Exp,NER,,,LTT,6:35,GKP,18:55,36h 20m,67,S M T W T F S,SL 3A 2A 1A,1707 km,47 km/hr,15018
12166,Gorakhpur - Mumbai LTT SF Express (Via Prayagraj) (PT),SF,CR,,,GKP,15:25,LTT,20:50,29h 25m,16,T F S,SL 3A 2A,1707 km,58 km/hr,12165
22359,Patna - Mumbai CSMT Superfast Express (PT),SF,ECR,,,PNBE,13:00,CSMT,14:50,25h 50m,8,S W,SL 3A 2A 1A 3E,1706 km,66 km/hr,22360
12204,Amritsar - Saharsa Garib Rath Express (PT),GR,NR,,,ASR,4:00,SHC,11:20,31h 20m,23,S W S,3A,1705 km,54 km/hr,12203
12203,Saharsa - Amritsar Garib Rath Express,GR,NR,,,SHC,14:30,ASR,22:05,31h 35m,23,S M T,3A,1705 km,54 km/hr,12204
22881,Pune - Bhubaneswar Superfast Express (PT),SF,ECoR,,,PUNE,11:20,BBS,17:00,29h 40m,12,T,SL 3A 2A 1A,1704 km,57 km/hr,22882
22882,Bhubaneswar - Pune Superfast Express (PT),SF,ECoR,,,BBS,21:20,PUNE,3:40,30h 20m,12,T,SL 3A 2A 1A,1704 km,56 km/hr,22881
19410,Gorakhpur - Sabarmati Express,Exp,WR,,,GKP,4:55,SBIB,9:55,29h 0m,28,M S,SL 3A 2A,1563 km,54 km/hr,19409
20964,Varanasi - Sabarmati Weekly SF Express,SF,WR,,,BSB,15:35,SBIB,21:20,29h 45m,19,S,SL 3A 2A,1699 km,57 km/hr,20963
20920,Ekta Nagar (Kevadiya) - M.G.R Chennai Central Weekly SF Express (PT),SF,WR,,,EKNR,9:00,MAS,15:05,30h 5m,14,W,SL 3A 2A 3E,1699 km,56 km/hr,20919
20919,MGR Chennai Central - Ekta Nagar (Kevadiya) Weekly SF Express (PT),SF,WR,,,MAS,15:50,EKNR,21:05,29h 15m,14,F,SL 3A 2A 3E,1699 km,58 km/hr,20920
20963,Sabarmati - Varanasi Weekly SF Express (PT),SF,WR,,,SBIB,22:55,BSB,5:30,30h 35m,19,T,SL 3A 2A,1699 km,56 km/hr,20964
12812,Hatia - Mumbai LTT SF Express (PT),SF,SER,,,HTE,9:00,LTT,13:00,28h 0m,16,F S,SL 3A 2A 1A 3E,1697 km,61 km/hr,12811
12811,Mumbai LTT - Hatia SF Express (PT),SF,SER,,,LTT,0:15,HTE,4:45,28h 30m,16,S M,SL 3A 2A 1A 3E,1697 km,60 km/hr,12812
12598,Mumbai CSMT - Gorakhpur Antyodaya Express,Ant,NER,,,CSMT,13:30,GKP,18:20,28h 50m,11,W,,1695 km,59 km/hr,12597
22101,Mumbai LTT - Madurai Weekly SF Express (PT),SF,CR,,,LTT,13:15,MDU,18:30,29h 15m,24,W,SL 3A 2A,1695 km,58 km/hr,22102
22102,Madurai - Mumbai LTT Weekly SF Express (PT),SF,CR,,,MDU,16:00,LTT,20:30,28h 30m,23,F,SL 3A 2A,1695 km,59 km/hr,22101
12597,Gorakhpur - Mumbai CSMT Antyodaya Express,Ant,NER,,,GKP,8:30,CSMT,12:20,27h 50m,11,T,,1695 km,61 km/hr,12598
20858,Sainagar Shirdi - Puri SF Express (PT),SF,ECoR,,,SNSI,14:10,PURI,20:50,30h 40m,23,S,SL 3A 2A 1A 3E,1688 km,55 km/hr,20857
12790,Kumta - Kacheguda SF Express (PT),SF,SCR,,,KT,15:25,KCG,23:40,32h 15m,35,W S,SL 3A 2A 1A,1728 km,54 km/hr,12789
20857,Puri - Sainagar Shirdi SF Express (PT),SF,ECoR,,,PURI,23:05,SNSI,4:35,29h 30m,23,F,SL 3A 2A 1A 3E,1688 km,57 km/hr,20858
12141,Mumbai LTT - Patliputra SF Express (PT),SF,CR,,,LTT,23:35,PPTA,3:50,28h 15m,15,S M T W T F S,SL 3A 2A 1A,1686 km,60 km/hr,12142
20968,Porbandar - Secunderabad Weekly SF Express (PT),SF,WR,,,PBR,1:15,SC,7:30,30h 15m,26,T,SL 3A 2A 1A,1686 km,56 km/hr,20967
20967,Secunderabad - Porbandar Weekly SF Express (PT),SF,WR,,,SC,15:10,PBR,21:50,30h 40m,25,W,SL 3A 2A 1A,1686 km,55 km/hr,20968
12142,Patliputra - Mumbai LTT SF Express (PT),SF,CR,,,PPTA,10:45,LTT,14:10,27h 25m,14,S M T W T F S,SL 3A 2A 1A,1686 km,61 km/hr,12141
19489,Ahmedabad - Gorakhpur Express (PT),Exp,WR,,,ADI,9:10,GKP,18:15,33h 5m,20,S T W T F S,SL 3A 2A 1A 3E,1684 km,51 km/hr,19490
19490,Gorakhpur - Ahmedabad Express (PT),Exp,WR,,,GKP,21:20,ADI,4:05,30h 45m,20,S M W T F S,SL 3A 2A 1A 3E,1684 km,55 km/hr,19489
20921,Bandra Terminus - Lucknow Jn. Weekly SF Express (PT),SF,WR,,,BDTS,12:15,LJN,14:20,26h 5m,20,S,SL 3A 2A 1A 3E,1684 km,65 km/hr,20922
19604,Godda - Daurai (Ajmer) Weekly Express,Exp,NWR,,,GODA,5:00,DOZ,17:20,36h 20m,34,T,SL 3A 2A 3E,1684 km,46 km/hr,19603
22841,Santragachi - Tambaram Antyodaya Express,Ant,SER,,,SRC,17:55,TBM,21:30,27h 35m,27,M,,1684 km,61 km/hr,22842
20922,Lucknow Jn. - Bandra Terminus Weekly SF Express (PT),SF,WR,,,LJN,17:50,BDTS,20:55,27h 5m,20,S,SL 3A 2A 1A 3E,1684 km,62 km/hr,20921
22842,Tambaram - Santragachi Antyodaya Express,Ant,SER,,,TBM,7:15,SRC,10:55,27h 40m,27,W,,1684 km,61 km/hr,22841
19603,Daurai (Ajmer) - Godda Weekly Express,Exp,NWR,,,DOZ,15:30,GODA,22:00,30h 30m,34,S,SL 3A 2A 3E,1684 km,55 km/hr,19604
20103,Mumbai LTT - Gorakhpur SF Express (via Kanpur) (PT),SF,CR,,,LTT,5:23,GKP,11:45,30h 22m,16,S M T W T F S,SL 3A 2A,1680 km,55 km/hr,20104
22537,Kushinagar SF Express (PT),SF,NER,,,GKP,17:35,LTT,0:20,30h 45m,43,S M T W T F S,SL 3A 2A 1A,1680 km,55 km/hr,22538
22538,Kushinagar SF Express (PT),SF,NER,,,LTT,0:35,GKP,7:10,30h 35m,45,S M T W T F S,SL 3A 2A 1A,1680 km,55 km/hr,22537
12724,Telangana Express (PT),SF,SCR,,,NDLS,16:00,HYB,17:10,25h 10m,14,S M T W T F S,SL 3A 2A 1A,1677 km,67 km/hr,12723
12723,Telangana Express (PT),SF,SCR,,,HYB,6:00,NDLS,8:00,26h 0m,16,S M T W T F S,SL 3A 2A 1A,1677 km,64 km/hr,12724
19566,Uttaranchal Express,Exp,WR,,,DDN,5:55,OKHA,12:40,30h 45m,33,S,SL 3A 2A 3E,1672 km,54 km/hr,19565
19565,Uttaranchal Express (PT),Exp,WR,,,OKHA,10:20,DDN,19:20,33h 0m,33,F,SL 3A 2A 3E,1672 km,51 km/hr,19566
14122,Mumbai LTT - Subedarganj Amrit Bharat Express,AB,NCR,28-Aug,,LTT,22:55,SFG,7:30,32h 35m,18,F,SL,1670 km,51 km/hr,14121
14121,Subedarganj - Mumbai LTT Amrit Bharat Express,AB,NCR,27-Aug,,SFG,12:10,LTT,20:50,32h 40m,18,T,SL,1670 km,51 km/hr,14122
12721,Dakshin SF Express (PT),SF,SCR,,,HYB,23:00,NZM,3:45,28h 45m,42,S M T W T F S,SL 3A 2A,1670 km,58 km/hr,12722
12722,Dakshin SF Express (PT),SF,SCR,,,NZM,22:50,HYB,3:50,29h 0m,43,S M T W T F S,SL 3A 2A,1670 km,58 km/hr,12721
16107,Tambaram - Santragachi Amrit Bharat Express,AB,SR,,,TBM,15:30,SRC,20:15,28h 45m,26,F,SL,1668 km,58 km/hr,16108
16108,Santragachi - Tambaram Amrit Bharat Express,AB,SR,,,SRC,23:55,TBM,9:05,33h 10m,26,S,SL,1668 km,50 km/hr,16107
15484,Sikkim Mahananda Express,Exp,NFR,,,DLI,7:35,APDJ,20:50,37h 15m,59,S M T W T F S,SL 3A 2A 1A 3E,1666 km,45 km/hr,15483
15483,Sikkim Mahananda Express (PT),Exp,NFR,,,APDJ,10:30,DLI,21:45,35h 15m,59,S M T W T F S,SL 3A 2A 1A 3E,1666 km,47 km/hr,15484
13174,Sabroom - Sealdah Kanchanjungha Express (PT),Exp,ER,,,SBRM,6:10,SDAH,19:20,37h 10m,49,S T T S,SL 3A 2A,1665 km,45 km/hr,13173
13173,Sealdah - Sabroom Kanchanjungha Express (PT),Exp,ER,,,SDAH,6:50,SBRM,21:10,38h 20m,49,S T T F,SL 3A 2A,1665 km,43 km/hr,13174
14604,Amritsar - Narpatganj Jansadharan Express (UnReserved),Exp,NR,,,ASR,13:25,NPV,23:25,34h 0m,37,W,,1663 km,49 km/hr,14603
22129,Tulsi SF Express (PT),SF,CR,,,LTT,6:00,AYC,12:15,30h 15m,28,S T,SL 3A 2A,1663 km,55 km/hr,22130
22130,Tulsi SF Express,SF,CR,,,AYC,14:50,LTT,20:50,30h 0m,27,M W,SL 3A 2A,1663 km,55 km/hr,22129
12842,Coromandel Express (PT),SF,SER,,,MAS,7:00,HWH,11:00,28h 0m,15,S M T W T F S,SL 3A 2A 1A 3E,1662 km,59 km/hr,12841
12841,Coromandel Express (PT),SF,SER,,,HWH,15:10,MAS,17:00,25h 50m,14,S M T W T F S,SL 3A 2A 1A 3E,1662 km,64 km/hr,12842
14603,Narpatganj - Amritsar Jansadharan Express (UnReserved),Exp,NR,,,NPV,13:15,ASR,2:20,37h 5m,37,F,,1663 km,45 km/hr,14604
12438,Hazrat Nizamuddin - Secunderabad Rajdhani Express,Raj,NR,,,NZM,15:35,SC,13:40,22h 5m,5,S,3A 2A 1A,1660 km,75 km/hr,12437
12437,Secunderabad - Hazrat Nizamuddin Rajdhani Express,Raj,NR,,,SC,12:50,NZM,10:30,21h 40m,5,W,3A 2A 1A,1660 km,77 km/hr,12438
12286,Hazrat Nizamuddin - Secunderabad Duronto Express,Drnt,SCR,,,NZM,15:55,SC,14:35,22h 40m,4,M F,2S SL 3A 2A 1A,1660 km,73 km/hr,12285
12285,Secunderabad - Hazrat Nizamuddin Duronto Express,Drnt,SCR,,,SC,12:50,NZM,10:40,21h 50m,4,S T,2S SL 3A 2A 1A,1660 km,76 km/hr,12286
22825,Shalimar - MGR Chennai Central Weekly SF Express (PT),SF,SER,,,SHM,12:10,MAS,14:05,25h 55m,22,T,SL 3A 2A,1659 km,64 km/hr,22826
22826,MGR Chennai Central - Shalimar Weekly SF Express (PT),SF,SER,,,MAS,19:50,SHM,0:05,28h 15m,22,W,SL 3A 2A,1659 km,59 km/hr,22825
19422,Patna - Ahmedabad Weekly Express (PT),Exp,WR,,,PNBE,10:15,ADI,17:45,31h 30m,27,T,SL 3A 2A,1658 km,53 km/hr,19421
19421,Ahmedabad - Patna Weekly Express (PT),Exp,WR,,,ADI,21:50,PNBE,4:10,30h 20m,27,S,SL 3A 2A,1658 km,55 km/hr,19422
22807,Santragachi - MGR Chennai Central AC SF Express (PT),ACSF,SER,,,SRC,17:55,MAS,20:20,26h 25m,16,T F,3A 2A 1A,1655 km,63 km/hr,22808
22808,MGR Chennai Central - Santragachi AC SF Express (PT),ACSF,SER,,,MAS,8:15,SRC,10:55,26h 40m,16,S T,3A 2A 1A,1655 km,62 km/hr,22807
22847,Visakhapatnam - Mumbai LTT SF Express (via Nagpur),SF,SCoR,,,VSKP,8:20,LTT,13:00,28h 40m,22,S,SL 3A 2A,1647 km,57 km/hr,22848
22848,Mumbai LTT - Visakhapatnam SF Express (via Nagpur) (PT),SF,SCoR,,,LTT,0:15,VSKP,5:20,29h 5m,22,T,SL 3A 2A 1A,1647 km,57 km/hr,22847
12987,Sealdah - Ajmer SF Express (PT),SF,NWR,,,SDAH,22:55,AII,1:40,26h 45m,21,S M T W T F S,SL 3A 2A 1A 3E,1644 km,61 km/hr,12988
18042,MGR Chennai Central - Shalimar Express (PT),Exp,SER,,,MAS,18:45,SHM,4:00,33h 15m,16,T,SL 3A 2A,1644 km,49 km/hr,18041
18041,Shalimar - M.G.R. Chennai Central Express,Exp,SER,,,SHM,14:45,MAS,16:45,26h 0m,16,M,SL 3A 2A,1644 km,63 km/hr,18042
12988,Ajmer - Sealdah SF Express (PT),SF,NWR,,,AII,12:50,SDAH,15:50,27h 0m,21,S M T W T F S,SL 3A 2A 1A 3E,1644 km,61 km/hr,12987
20476,Miraj - Bikaner Weekly SF Express (PT),SF,NWR,,,MRJ,14:40,BKN,20:15,29h 35m,31,T,SL 3A 2A,1641 km,55 km/hr,20475
12920,Malwa SF Express,SF,WR,,,SVDK,8:35,DADN,14:25,29h 50m,48,S M T W T F S,SL 3A 2A 1A 3E,1641 km,55 km/hr,12919
12919,Malwa SF Express (PT),SF,WR,,,DADN,11:50,SVDK,16:30,28h 40m,48,S M T W T F S,SL 3A 2A 1A 3E,1641 km,57 km/hr,12920
20475,Bikaner - Miraj Weekly SF Express,SF,NWR,,,BKN,7:40,MRJ,13:10,29h 30m,31,M,SL 3A 2A,1641 km,56 km/hr,20476
22975,Bandra Terminus - Ramnagar SF Express (PT),SF,WR,,,BDTS,5:10,RMR,8:35,27h 25m,28,T,SL 3A 2A,1640 km,60 km/hr,22976
22976,Ramnagar - Bandra Terminus SF Express (PT),SF,WR,,,RMR,16:25,BDTS,20:55,28h 30m,28,F,SL 3A 2A,1640 km,58 km/hr,22975
22456,Kalka - Sainagar Shirdi SF Express,SF,NR,,,KLK,17:20,SNSI,19:00,25h 40m,14,S T,SL 3A 2A,1637 km,64 km/hr,22455
22455,Sainagar Shirdi - Kalka SF Express (PT),SF,NR,,,SNSI,10:00,KLK,12:10,26h 10m,14,T S,SL 3A 2A,1637 km,63 km/hr,22456
11005,Dadar Central - Puducherry Express (PT),Exp,CR,,,DR,21:30,PDY,7:15,33h 45m,38,S M F,SL 3A 2A,1636 km,48 km/hr,11006
11006,Puducherry - Dadar Central Express (PT),Exp,CR,,,PDY,21:30,DR,5:45,32h 15m,37,S T W,SL 3A 2A,1636 km,51 km/hr,11005
12410,Hazrat Nizamuddin - Raigarh Gondwana Express,SF,NR,,,NZM,15:05,RIG,18:05,27h 0m,34,M T W T S,SL 3A 2A 1A 3E,1629 km,60 km/hr,12409
12409,Raigarh - Hazrat Nizamuddin Gondwana Express (PT),SF,NR,,,RIG,3:25,NZM,5:00,25h 35m,34,M W T F S,SL 3A 2A 1A 3E,1629 km,64 km/hr,12410
11018,Karaikal - Mumbai LTT Weekly Express (PT),Exp,CR,,,KIK,14:20,LTT,20:30,30h 10m,29,M,SL 3A 2A,1628 km,54 km/hr,11017
11017,Mumbai LTT - Karaikal Weekly Express (PT),Exp,CR,,,LTT,13:15,KIK,18:55,29h 40m,30,S,SL 3A 2A,1628 km,55 km/hr,11018
12753,Marathwada Sampark Kranti Express,SKr,SCR,,,NED,9:00,NZM,10:30,25h 30m,9,T,SL 3A 2A,1626 km,64 km/hr,12754
12754,Marathwada Sampark Kranti Express,SKr,SCR,,,NZM,22:40,NED,0:35,25h 55m,9,W,SL 3A 2A,1626 km,63 km/hr,12753
22543,Bandra Terminus - Lal Kuan Weekly SF Express (PT),SF,NER,,,BDTS,11:00,LKU,13:20,26h 20m,16,T,SL 3A 2A 3E,1625 km,62 km/hr,22544
22544,Lal Kuan - Bandra Terminus Weekly SF Express,SF,NER,,,LKU,7:45,BDTS,8:30,24h 45m,16,M,SL 3A 2A 3E,1625 km,66 km/hr,22543
22980,Khadki (Pune) - Hisar SF Express,SF,NWR,27-Jul,,KK,17:30,HSR,22:40,29h 10m,22,M,SL 3A 2A 1A 3E,1642 km,56 km/hr,22979
22979,Hisar - Khadki (Pune) SF Express,SF,NWR,26-Jul,,HSR,4:20,KK,8:00,27h 40m,22,S,SL 3A 2A 1A 3E,1642 km,59 km/hr,22980
19019,Bandra Terminus - Haridwar Express (PT),Exp,WR,,,BDTS,0:20,HW,7:50,31h 30m,74,S M T W T F S,SL 3A 2A 1A 3E,1619 km,51 km/hr,19020
19020,Haridwar - Bandra Terminus Express,Exp,WR,,,HW,13:30,BDTS,22:30,33h 0m,70,S M T W T F S,SL 3A 2A 1A 3E,1619 km,49 km/hr,19019
22918,Haridwar - Bandra Terminus SF Express,SF,WR,,,HW,17:20,BDTS,17:00,23h 40m,24,T,SL 3A 2A 1A 3E,1619 km,68 km/hr,22917
20889,Howrah - Tirupati Humsafar Express,Hms,SER,,,HWH,12:30,TPTY,13:55,25h 25m,10,S,3A,1618 km,64 km/hr,20890
22917,Bandra Terminus - Haridwar SF Express (PT),SF,WR,,,BDTS,12:45,HW,14:30,25h 45m,24,W,SL 3A 2A 1A 3E,1619 km,63 km/hr,22918
20890,Tirupati - Howrah Humsafar Express,Hms,SER,,,TPTY,16:00,HWH,19:00,27h 0m,10,S,3A,1618 km,60 km/hr,20889
14618,Amritsar - Purnia Court Jan Sewa Express (UnReserved),Exp,NR,,,ASR,6:35,PRNC,18:45,36h 10m,50,S M T W T F S,,1614 km,45 km/hr,14617
14617,Purnia Court - Amritsar Jan Sewa Express (UnReserved),Exp,NR,,,PRNC,5:35,ASR,16:55,35h 20m,51,S M T W T F S,,1614 km,46 km/hr,14618
14702,Amrapur Aravali Express (PT),Exp,NWR,,,BDTS,21:00,SGNR,4:15,31h 15m,55,S M T W T F S,SL 3A 2A 3E,1613 km,52 km/hr,14701
20904,Varanasi - Ekta Nagar Mahamana Express,SF,WR,,,BSB,5:25,EKNR,9:00,27h 35m,11,T,SL 3A 2A 1A,1613 km,58 km/hr,20903
20903,Ekta Nagar - Varanasi Mahamana Express (PT),SF,WR,,,EKNR,19:00,BSB,23:25,28h 25m,11,T,SL 3A 2A 1A,1613 km,57 km/hr,20904
14701,Amrapur Aravali Express (PT),Exp,NWR,,,SGNR,23:00,BDTS,6:15,31h 15m,55,S M T W T F S,SL 3A 2A 3E,1613 km,52 km/hr,14702
22444,Bandra Terminus - Kanpur Central SF Express (PT),SF,NCR,,,BDTS,5:10,CNB,7:10,26h 0m,20,F,SL 3A 2A 3E,1613 km,62 km/hr,22443
22443,Kanpur Central - Bandra Terminus SF Express (PT),SF,NCR,,,CNB,17:50,BDTS,20:55,27h 5m,20,W,SL 3A 2A 3E,1612 km,60 km/hr,22444
15532,Amritsar - Saharsa Jan Sadharan Express (UnReserved),Exp,ECR,,,ASR,17:45,SHC,3:00,33h 15m,26,M,,1611 km,48 km/hr,15531
15531,Saharsa - Amritsar Jan Sadharan Express (UnReserved),Exp,ECR,,,SHC,3:00,ASR,13:50,34h 50m,26,S,,1611 km,46 km/hr,15532
14692,Mour Dhwaj Express,Exp,NR,,,JAT,17:35,BJU,22:45,29h 10m,21,F,SL 3A 1A 3E,1611 km,55 km/hr,14691
14691,Mour Dhwaj Express (PT),Exp,NR,,,BJU,5:05,JAT,11:45,30h 40m,21,S,SL 3A 1A 3E,1611 km,53 km/hr,14692
22855,Santragachi - Tirupati Weekly SF Express (PT),SF,SER,,,SRC,14:55,TPTY,16:25,25h 30m,16,S,SL 3A 2A,1610 km,63 km/hr,22856
22856,Tirupati - Santragachi Weekly SF Express (PT),SF,SER,,,TPTY,19:50,SRC,23:45,27h 55m,17,M,SL 3A 2A,1610 km,58 km/hr,22855
12251,Wainganga SF Express,SF,SWR,,,YPR,23:40,KRBA,4:30,28h 50m,20,T F,SL 3A 2A 1A,1606 km,56 km/hr,12252
12252,Wainganga SF Express (PT),SF,SWR,,,KRBA,8:05,YPR,13:15,29h 10m,21,S T,SL 3A 2A 1A,1605 km,55 km/hr,12251
13308,Ganga Sutlej Express,Exp,ECR,,,FZR,16:40,DHN,4:55,36h 15m,66,S M T W T F S,SL 3A 2A 1A 3E,1602 km,44 km/hr,13307
13307,Ganga Sutlej Express (PT),Exp,ECR,,,DHN,21:50,FZR,10:00,36h 10m,69,S M T W T F S,SL 3A 2A 1A 3E,1602 km,44 km/hr,13308
20918,Puri - Indore Humsafar Express,Hms,WR,,,PURI,0:30,INDB,5:25,28h 55m,16,T,2S SL 3A,1601 km,55 km/hr,20917
20917,Indore - Puri Humsafar Express,Hms,WR,,,INDB,15:05,PURI,18:45,27h 40m,15,T,2S SL 3A,1601 km,58 km/hr,20918
22938,Rewa - Rajkot SF Express,SF,WR,,,REWA,20:45,RJT,22:20,25h 35m,22,M,SL 3A 2A 1A 3E,1601 km,63 km/hr,22937
14314,Bareilly - Mumbai LTT Weekly Express,Exp,NR,,,BE,11:25,LTT,16:15,28h 50m,25,S,SL 3A 2A,1597 km,55 km/hr,14313
14313,Mumbai LTT - Bareilly Weekly Express (PT),Exp,NR,,,LTT,8:05,BE,15:20,31h 15m,24,M,SL 3A 2A,1597 km,51 km/hr,14314
22103,Mumbai LTT - Ayodhya Cantt. SF Express (PT),SF,CR,,,LTT,13:35,AYC,17:30,27h 55m,15,M,SL 3A 2A,1594 km,57 km/hr,22104
22104,Ayodhya Cantt. - Mumbai LTT SF Express,SF,CR,,,AYC,23:10,LTT,3:45,28h 35m,15,T,SL 3A 2A,1594 km,56 km/hr,22103
20933,Udhna - Danapur SF Express (PT),SF,WR,,,UDN,8:35,DNR,11:50,27h 15m,16,T S,SL 3A 2A,1593 km,58 km/hr,20934
20934,Danapur - Udhna SF Express (PT),SF,WR,,,DNR,16:40,UDN,21:05,28h 25m,16,S W,SL 3A 2A,1593 km,56 km/hr,20933
19168,Varanasi City - Ahmedabad Sabarmati Express,Exp,WR,,,BCY,14:00,ADI,0:55,34h 55m,51,S T T F,SL 3A 2A 1A 3E,1592 km,46 km/hr,19167
19167,Ahmedabad - Varanasi City Sabarmati Express (PT),Exp,WR,,,ADI,23:10,BCY,10:00,34h 50m,51,M T T S,SL 3A 2A 1A 3E,1592 km,46 km/hr,19168
14627,Saharsa - Chheharta (Amritsar) Amrit Bharat Express,AB,NR,,,SHC,13:00,CIA,3:20,38h 20m,33,M,SL,1590 km,41 km/hr,14628
14628,Chheharta (Amritsar) - Saharsa Amrit Bharat Express,AB,NR,,,CIA,22:20,SHC,10:10,35h 50m,33,S,SL,1590 km,44 km/hr,14627
13035,Upasana Express (PT),Exp,ER,,,HWH,13:00,DDN,18:10,29h 10m,19,T F,SL 3A 2A 1A 3E,1589 km,54 km/hr,13036
13036,Upasana Express (PT),Exp,ER,,,DDN,21:45,HWH,3:15,29h 30m,19,W S,SL 3A 2A 1A 3E,1589 km,54 km/hr,13035
13038,Kumbh Express,Exp,ER,,,DDN,21:45,HWH,3:15,29h 30m,23,S M T T F,SL 3A 2A 1A 3E,1589 km,54 km/hr,13037
13037,Kumbh Express (PT),Exp,ER,,,HWH,13:00,DDN,18:10,29h 10m,23,S M W T S,SL 3A 2A 1A 3E,1589 km,54 km/hr,13038
22452,Chandigarh - Bandra Terminus SF Express,SF,NR,,,CDG,5:40,BDTS,7:35,25h 55m,26,S W,SL 3A 2A 1A 3E,1588 km,61 km/hr,22451
22451,Bandra Terminus - Chandigarh SF Express (PT),SF,NR,,,BDTS,12:00,CDG,14:15,26h 15m,26,M T,SL 3A 2A 1A 3E,1588 km,60 km/hr,22452
15181,Mau - Mumbai LTT Weekly Express (PT),Exp,NER,,,MAU,22:15,LTT,3:45,29h 30m,20,S,SL 3A 2A 1A 3E,1588 km,54 km/hr,15182
15182,Mumbai LTT - Mau Weekly Express (PT),Exp,NER,,,LTT,11:10,MAU,18:30,31h 20m,20,M,SL 3A 2A 1A 3E,1588 km,51 km/hr,15181
14649,Saryu Yamuna Express (PT),Exp,NR,,,JYG,7:15,ASR,17:50,34h 35m,53,S T F,SL 3A 2A 1A 3E,1586 km,46 km/hr,14650
14650,Saryu Yamuna Express,Exp,NR,,,ASR,13:05,JYG,0:45,35h 40m,51,M W S,SL 3A 2A 1A 3E,1586 km,44 km/hr,14649
17069,Hyderabad - Kanniyakumari Express (PT),Exp,SCR,,,HYB,16:45,CAPE,2:30,33h 45m,34,W,SL 3A 2A 1A,1582 km,47 km/hr,17070
17070,Kanniyakumari - Hyderabad Express (PT),Exp,SCR,,,CAPE,5:15,HYB,14:30,33h 15m,34,F,SL 3A 2A 1A,1582 km,48 km/hr,17069
11450,Shri Mata Vaishno Devi Katra - Jabalpur Express,Exp,WCR,,,SVDK,22:30,JBP,4:45,30h 15m,27,W,SL 3A 2A 1A 3E,1582 km,52 km/hr,11449
11449,Jabalpur - Shri Mata Vaishno Devi Katra Express (PT),Exp,WCR,,,JBP,6:00,SVDK,10:45,28h 45m,30,T,SL 3A 2A 1A 3E,1582 km,55 km/hr,11450
12174,Udyog Nagri Express,SF,CR,,,MBDP,2:00,LTT,5:30,27h 30m,12,T T,SL 3A 2A,1580 km,57 km/hr,12173
12173,Udyog Nagri Express (PT),SF,CR,,,LTT,16:25,MBDP,19:10,26h 45m,12,S T,SL 3A 2A,1580 km,59 km/hr,12174
17631,Hazur Sahib Nanded - Tanakpur Express,Exp,SCR,12-Jul,,NED,23:40,TPU,5:55,30h 15m,22,S,SL 3A 2A,1659 km,55 km/hr,17632
17632,Tanakpur - Hazur Sahib Nanded Express (PT),Exp,SCR,14-Jul,,TPU,9:00,NED,16:30,31h 30m,22,T,SL 3A 2A,1659 km,53 km/hr,17631
12444,Anand Vihar Terminal - Haldia SF Express,SF,NR,,,ANVT,20:20,HLZ,21:15,24h 55m,12,T,SL 3A 1A 3E,1576 km,63 km/hr,12443
12443,Haldia - Anand Vihar Terminal SF Express (PT),SF,NR,,,HLZ,9:30,ANVT,8:50,23h 20m,12,T,SL 3A 1A 3E,1576 km,68 km/hr,12444
18568,Kollam - Visakhapatnam Weekly Express (PT),Exp,SCoR,,,QLN,19:35,VSKP,23:45,28h 10m,32,F,SL 3A 2A 3E,1575 km,56 km/hr,18567
18567,Visakhapatnam - Kollam Weekly Express (PT),Exp,SCoR,,,VSKP,7:20,QLN,12:55,29h 35m,32,T,SL 3A 2A 3E,1575 km,53 km/hr,18568
22849,Shalimar - Secunderabad Weekly SF Express (PT),SF,SER,,,SHM,12:10,SC,14:35,26h 25m,18,W,SL 3A 2A 1A 3E,1574 km,60 km/hr,22850
12773,Shalimar - Secunderabad AC SF Express (PT),ACSF,SCR,,,SHM,15:55,SC,18:00,26h 5m,14,W,3A 2A 1A,1574 km,60 km/hr,12774
22850,Secunderabad - Shalimar Weekly SF Express (PT),SF,SER,,,SC,3:55,SHM,6:50,26h 55m,19,F,SL 3A 2A 1A 3E,1574 km,58 km/hr,22849
19272,Haridwar - Bhavnagar Terminus Express,Exp,WR,,,HW,5:05,BVC,11:55,30h 50m,36,W S,SL 3A 2A,1574 km,51 km/hr,19271
19271,Bhavnagar Terminus - Haridwar Express (PT),Exp,WR,,,BVC,20:20,HW,3:40,31h 20m,36,M T,SL 3A 2A,1574 km,50 km/hr,19272
12774,Secunderabad - Shalimar AC SF Express (PT),ACSF,SCR,,,SC,3:55,SHM,6:50,26h 55m,14,T,3A 2A 1A,1574 km,58 km/hr,12773
18261,Bilaspur - Yelahanka Weekly Express,Exp,SECR,26-Aug,,BSP,14:00,YNK,19:00,29h 0m,25,W,SL 3A 2A 3E,1592 km,55 km/hr,18262
22857,Santragachi - Anand Vihar Terminal Weekly SF Express (PT),SF,SER,,,SRC,10:00,ANVT,8:50,22h 50m,10,M,SL 3A 2A,1572 km,69 km/hr,22858
22858,Anand Vihar Terminal - Santragachi Weekly SF Express,SF,SER,,,ANVT,13:25,SRC,17:40,28h 15m,10,T,SL 3A 2A,1572 km,56 km/hr,22857
14674,Shaheed Express (PT),Exp,NR,,,ASR,13:05,JYG,0:45,35h 40m,50,S T T F,SL 3A 2A 1A 3E,1568 km,44 km/hr,14673
14673,Shaheed Express (PT),Exp,NR,,,JYG,7:15,ASR,17:50,34h 35m,51,M W T S,SL 3A 2A 1A 3E,1568 km,45 km/hr,14674
12767,Hazur Sahib Nanded - Santragachi SF Express (PT),SF,SCR,,,NED,15:40,SRC,19:45,28h 5m,17,M,SL 3A 2A,1567 km,56 km/hr,12768
12768,Santragachi - Hazur Sahib Nanded SF Express (PT),SF,SCR,,,SRC,14:05,NED,18:25,28h 20m,17,W,SL 3A 2A,1567 km,55 km/hr,12767
12502,Agartala - Kolkata Garib Rath Express (PT),GR,NFR,,,AGTL,7:00,KOAA,14:35,31h 35m,20,W,3A,1565 km,50 km/hr,12501
12501,Kolkata - Agartala Garib Rath Express (PT),GR,NFR,,,KOAA,21:45,AGTL,6:55,33h 10m,20,S,3A,1565 km,47 km/hr,12502
18046,East Coast Express (PT),Exp,SER,,,CHZ,8:40,SHM,15:35,30h 55m,55,S M T W T F S,SL 3A 2A 3E,1565 km,51 km/hr,18045
18045,East Coast Express (PT),Exp,SER,,,SHM,11:15,CHZ,17:20,30h 5m,54,S M T W T F S,SL 3A 2A 3E,1565 km,52 km/hr,18046
19670,Patliputra - Udaipur City Humsafar Express,Hms,NWR,,,PPTA,0:05,UDZ,8:05,32h 0m,20,F,SL 3A,1563 km,49 km/hr,19669
19409,Sabarmati - Gorakhpur Express (PT),Exp,WR,,,SBIB,10:35,GKP,16:45,30h 10m,28,T S,SL 3A 2A,1563 km,52 km/hr,19410
19669,Udaipur City - Patliputra Humsafar Express,Hms,NWR,,,UDZ,12:50,PPTA,20:15,31h 25m,20,W,SL 3A,1563 km,50 km/hr,19670
18502,Kollam - Visakhapatnam Express (PT),Exp,SCoR,13-May,,QLN,17:20,VSKP,23:00,29h 40m,25,W,SL 3A 2A 3E,1563 km,53 km/hr,18501
18501,Visakhapatnam - Kollam Express (PT),Exp,SCoR,,,VSKP,8:20,QLN,14:50,30h 30m,25,T,SL 3A 2A 3E,1562 km,51 km/hr,18502
20916,Indore - Charlapalli Humsafar Express,Hms,WR,,,INDB,11:15,CHZ,14:15,27h 0m,12,S,2S SL 3A,1577 km,58 km/hr,20915
20915,Charlapalli - Indore Humsafar Express,Hms,WR,,,CHZ,20:45,INDB,0:15,27h 30m,12,S,2S SL 3A,1577 km,57 km/hr,20916
21907,Mumbai Central - Kathgodam SF Express (PT),SF,WR,27-May,,MMCT,10:55,KGM,13:50,26h 55m,23,W,SL 3A 2A,1586 km,59 km/hr,21908
21908,Kathgodam - Mumbai Central SF Express (PT),SF,WR,28-May,,KGM,17:30,MMCT,21:00,27h 30m,23,T,SL 3A 2A,1586 km,58 km/hr,21907
20939,Sabarmati - Sultanpur SF Express (PT),SF,WR,,,SBIB,8:50,SLN,12:00,27h 10m,17,T,SL 3A 2A,1556 km,57 km/hr,20940
20940,Sultanpur - Sabarmati SF Express,SF,WR,,,SLN,18:05,SBIB,21:20,27h 15m,17,W,SL 3A 2A,1556 km,57 km/hr,20939
20630,Sabari SF Express (PT),SF,SR,,,TVC,6:45,SC,11:02,28h 17m,40,S M T W T F S,SL 3A 2A 1A,1555 km,55 km/hr,20629
20629,Sabari Superfast Express (PT),SF,SR,,,SC,14:25,TVC,18:20,27h 55m,40,S M T W T F S,SL 3A 2A 1A,1555 km,56 km/hr,20630
11466,Jabalpur - Veraval Express (via Bina) (PT),Exp,WCR,,,JBP,12:30,VRL,17:25,28h 55m,48,M F,SL 3A 2A 1A 3E,1552 km,54 km/hr,11465
11465,Veraval - Jabalpur Express (via Bina) (PT),Exp,WCR,,,VRL,10:10,JBP,16:15,30h 5m,47,M S,SL 3A 2A 1A 3E,1552 km,52 km/hr,11466
19201,Bhavnagar Terminus - Ayodhya Cantt Express (PT),Exp,WR,,,BVC,13:50,AYC,18:30,28h 40m,24,M,SL 3A 2A 3E,1551 km,54 km/hr,19202
19202,Ayodhya Cantt - Bhavnagar Terminus Express,Exp,WR,,,AYC,22:40,BVC,4:35,29h 55m,24,T,SL 3A 2A 3E,1551 km,52 km/hr,19201
18464,Prashanti Express (PT),Exp,ECoR,,,SBC,13:40,BBS,18:50,29h 10m,44,S M T W T F S,SL 3A 2A 1A,1548 km,53 km/hr,18463
18463,Prashanti Express (PT),Exp,ECoR,,,BBS,5:40,SBC,11:45,30h 5m,45,S M T W T F S,SL 3A 2A 1A,1548 km,51 km/hr,18464
17065,Charlapalli - Shalimar Amrit Bharat Express,AB,SCR,,,CHZ,6:55,SHM,11:20,28h 25m,22,T,SL,1546 km,54 km/hr,17066
17041,Charlapalli - Thiruvananthapuram North Amrit Bharat Express,AB,SCR,,,CHZ,7:15,TVCN,14:45,31h 30m,29,T,SL,1546 km,49 km/hr,17042
17042,Thiruvananthapuram North - Charlapalli Amrit Bharat Express,AB,SCR,,,TVCN,17:30,CHZ,23:30,30h 0m,29,W,SL,1546 km,52 km/hr,17041
17066,Shalimar - Charlapalli Amrit Bharat Express,AB,SCR,,,SHM,12:50,CHZ,19:00,30h 10m,22,W,SL,1546 km,51 km/hr,17065
12144,Sultanpur - Mumbai LTT SF Express,SF,CR,,,SLN,4:05,LTT,7:25,27h 20m,13,T,SL 3A 2A,1546 km,57 km/hr,12143
12143,Mumbai LTT - Sultanpur SF Express (PT),SF,CR,,,LTT,15:45,SLN,17:30,25h 45m,12,S,SL 3A 2A,1546 km,60 km/hr,12144
12489,Shri Ganganagar - Dadar Western SF Express (PT),SF,NWR,,,SGNR,9:45,DDR,12:50,27h 5m,26,T S,SL 3A 2A 3E,1545 km,57 km/hr,12490
12490,Dadar Western - Shri Ganganagar SF Express (PT),SF,NWR,,,DDR,15:00,SGNR,17:55,26h 55m,26,S W,SL 3A 2A 3E,1545 km,57 km/hr,12489
12704,Falaknuma Express (PT),SF,SCR,,,SC,15:55,HWH,18:10,26h 15m,25,S M T W T F S,SL 2A 1A 3E,1544 km,59 km/hr,12703
12703,Falaknuma Express (PT),SF,SCR,,,HWH,8:25,SC,10:30,26h 5m,24,S M T W T F S,SL 2A 1A 3E,1544 km,59 km/hr,12704
20961,Udhna - Banaras Weekly SF Express (via Gwalior) (PT),SF,WR,,,UDN,7:25,BNRS,10:50,27h 25m,20,T,SL 3A 2A 1A,1543 km,56 km/hr,20962
20962,Banaras - Udhna Weekly SF Express (via Gwalior),SF,WR,,,BNRS,17:50,UDN,20:50,27h 0m,20,W,SL 3A 2A 1A,1543 km,57 km/hr,20961
22125,Nagpur - Amritsar AC SF Express,ACSF,CR,,,NGP,17:50,ASR,19:00,25h 10m,9,S,2S 3A 2A 1A,1541 km,61 km/hr,22126
22126,Amritsar - Nagpur AC SF Express,ACSF,CR,,,ASR,4:00,NGP,3:45,23h 45m,9,M,3A 2A 1A,1541 km,65 km/hr,22125
12320,Gwalior - Kolkata SF Express,SF,ER,,,GWL,15:15,KOAA,16:40,25h 25m,16,T,SL 3A 2A 1A 3E,1539 km,61 km/hr,12319
12319,Kolkata - Gwalior SF Express (PT),SF,ER,,,KOAA,13:10,GWL,13:10,24h 0m,16,W,SL 3A 2A 1A 3E,1539 km,64 km/hr,12320
22221,Mumbai CSMT - Hazrat Nizamuddin Rajdhani Express,Raj,CR,,,CSMT,16:00,NZM,9:55,17h 55m,8,S M T W T F S,3A 2A 1A,1537 km,86 km/hr,22222
22222,Hazrat Nizamuddin - Mumbai CSMT Rajdhani Express,Raj,CR,,,NZM,16:55,CSMT,11:15,18h 20m,8,S M T W T F S,3A 2A 1A,1537 km,84 km/hr,22221
13010,Doon Express (PT),Exp,ER,,,YNRK,20:55,HWH,7:00,34h 5m,72,S M T W T F S,SL 3A 2A 1A,1533 km,45 km/hr,13009
13009,Doon Express (PT),Exp,ER,,,HWH,20:25,YNRK,7:10,34h 45m,71,S M T W T F S,SL 3A 2A 1A,1533 km,44 km/hr,13010
15960,Kamrup Express (via Guwahati) (PT),Exp,NFR,,,DBRG,19:45,HWH,4:40,32h 55m,59,M T W F S,SL 3A 2A,1532 km,47 km/hr,15959
15959,Kamrup Express (via Guwahati) (PT),Exp,NFR,,,HWH,18:35,DBRG,4:25,33h 50m,59,S T W T S,SL 3A 2A,1532 km,45 km/hr,15960
12306,New Delhi - Howrah Rajdhani Express (Via Patna),Raj,ER,,,NDLS,16:50,HWH,12:15,19h 25m,7,F,3A 2A 1A,1531 km,79 km/hr,12305
12305,Howrah - New Delhi Rajdhani Express (Via Patna),Raj,ER,,,HWH,14:05,NDLS,10:05,20h 0m,7,S,3A 2A 1A,1531 km,77 km/hr,12306
22132,Gyan Ganga SF Express (PT),SF,CR,,,BNRS,4:25,PUNE,7:15,26h 50m,17,W,SL 3A 2A,1531 km,57 km/hr,22131
12304,Poorva Express (Via Patna) (PT),SF,ER,,,NDLS,17:40,HWH,17:00,23h 20m,23,S W T S,SL 3A 2A 1A,1531 km,66 km/hr,12303
12303,Poorva Express (via Patna) (PT),SF,ER,,,HWH,8:00,NDLS,6:05,22h 5m,23,M T F S,SL 3A 2A 1A,1531 km,69 km/hr,12304
12274,New Delhi - Howrah Duronto Express,Drnt,ER,,,NDLS,12:35,HWH,10:35,22h 0m,5,T S,2S SL 3A 2A 1A 3E,1531 km,70 km/hr,12273
22131,Gyan Ganga SF Express (PT),SF,CR,,,PUNE,16:15,BNRS,20:00,27h 45m,17,M,SL 3A 2A,1531 km,55 km/hr,22132
12273,Howrah - New Delhi Duronto Express,Drnt,ER,,,HWH,8:45,NDLS,6:40,21h 55m,5,M F,2S SL 3A 2A 1A 3E,1531 km,70 km/hr,12274
14312,Ala Hazrat Express (via Mahesana) (PT),Exp,NR,,,BHUJ,16:15,BE,20:35,28h 20m,47,T W F,SL 3A 2A 3E,1528 km,54 km/hr,14311
14311,Ala Hazrat Express (via Mahesana),Exp,NR,,,BE,6:35,BHUJ,10:50,28h 15m,47,T T S,SL 3A 2A 3E,1528 km,54 km/hr,14312
14712,Bandra Terminus - Bikaner Express (via Kota),Exp,NWR,27-Aug,,BDTS,19:25,BKN,23:55,28h 30m,23,T,SL 3A 2A,1529 km,54 km/hr,14711
14711,Bikaner - Bandra Terminus Express (via Kota),Exp,NWR,26-Aug,,BKN,13:30,BDTS,15:50,26h 20m,23,W,SL 3A 2A,1529 km,58 km/hr,14712
15231,Barauni - Gondia Express (PT),Exp,ECR,,,BJU,10:10,G,18:05,31h 55m,36,S M T W T F S,SL 3A 2A 1A 3E,1522 km,48 km/hr,15232
15232,Gondia - Barauni Express (PT),Exp,ECR,,,G,21:25,BJU,8:30,35h 5m,36,S M T W T F S,SL 3A 2A 1A 3E,1522 km,43 km/hr,15231
15640,Kamakhya - Puri Express (via Adra) (PT),Exp,NFR,,,KYQ,20:10,PURI,2:55,30h 45m,25,S,SL 3A 2A,1520 km,49 km/hr,15639
15643,Puri - Kamakhya Express (via Howrah) (PT),Exp,NFR,,,PURI,22:10,KYQ,5:20,31h 10m,27,S,SL 3A 2A,1520 km,49 km/hr,15644
12533,Pushpak Express (PT),SF,NER,,,GTNR,20:45,CSMT,22:45,26h 0m,17,S M T W T F S,SL 3A 2A 1A 3E,1438 km,55 km/hr,12534
17426,Sainagar Shirdi - Tirupati Weekly Express (via Guntur),Exp,SCoR,,,SNSI,19:35,TPTY,1:30,29h 55m,29,M,SL 3A 2A,1439 km,48 km/hr,17425
17417,Tirupati - Sainagar Shirdi Weekly Express (via Raichur) (PT),Exp,SCoR,,,TPTY,8:15,SNSI,10:45,26h 30m,34,T,SL 3A 2A,1436 km,54 km/hr,17418
12216,Bandra Terminus - Delhi Sarai Rohilla Garib Rath Express (PT),GR,NR,,,BDTS,12:00,DEE,11:00,23h 0m,22,S T W F,3A,1436 km,62 km/hr,12215
12215,Delhi Sarai Rohilla - Bandra Terminus Garib Rath Express (PT),GR,NR,,,DEE,8:55,BDTS,7:35,22h 40m,22,M T T S,3A,1436 km,63 km/hr,12216
12912,Haridwar - Valsad SF Express,SF,WR,,,HW,17:20,BL,14:20,21h 0m,14,W,SL 3A 2A,1435 km,68 km/hr,12911
12911,Valsad - Haridwar SF Express (PT),SF,WR,,,BL,15:05,HW,14:30,23h 25m,15,T,SL 3A 2A,1435 km,61 km/hr,12912
17418,Sainagar Shirdi - Tirupati Weekly Express (via Raichur) (PT),Exp,SCoR,,,SNSI,19:35,TPTY,22:50,27h 15m,32,W,SL 3A 2A,1436 km,53 km/hr,17417
22169,Rani Kamalapati - Santragachi Humsafar Express,Hms,WCR,,,RKMP,14:25,SRC,16:00,25h 35m,14,W,SL 3A,1434 km,56 km/hr,22170
20851,Bhubaneswar - Puducherry SF Express,SF,ECoR,,,BBS,12:10,PDY,12:00,23h 50m,17,T,SL 3A 2A,1425 km,60 km/hr,20852
20852,Puducherry - Bhubaneswar SF Express (PT),SF,ECoR,,,PDY,18:50,BBS,18:25,23h 35m,17,W,SL 3A 2A,1425 km,60 km/hr,20851
16217,Mysuru - Sainagar Shirdi Weekly Express,Exp,SWR,,,MYS,5:40,SNSI,10:50,29h 10m,25,M,SL CC 3A 2A 1A,1424 km,49 km/hr,16218
16218,Sainagar Shirdi - Mysuru Weekly Express,Exp,SWR,,,SNSI,0:25,MYS,3:35,27h 10m,25,W,SL 3A 2A 1A,1424 km,52 km/hr,16217
14004,New Delhi - Malda Town Express,Exp,NR,,,NDLS,18:00,MLDT,23:35,29h 35m,22,S T,SL 3A 2A 1A,1424 km,48 km/hr,14003
14003,Malda Town - New Delhi Express (PT),Exp,NR,,,MLDT,9:30,NDLS,14:30,29h 0m,22,T S,SL 3A 2A 1A,1424 km,49 km/hr,14004
14012,Anand Vihar Terminal - Radhikapur Express,Exp,NR,,,ANVT,23:45,RDP,7:10,31h 25m,27,S,SL 3A 2A 1A,1421 km,45 km/hr,14011
14011,Radhikapur - Anand Vihar Terminal Express (PT),Exp,NR,,,RDP,11:00,ANVT,18:50,31h 50m,27,T,SL 3A 2A 1A,1421 km,45 km/hr,14012
15706,Champaran Humsafar Express,Hms,NFR,,,DLI,16:35,KIR,18:35,26h 0m,19,T F,2S SL 3A,1420 km,55 km/hr,15705
15705,Champaran Humsafar Express (PT),Hms,NFR,,,KIR,8:10,DLI,11:45,27h 35m,19,M T,2S SL 3A,1420 km,51 km/hr,15706
12852,MGR Chennai Central - Bilaspur Weekly SF Express (PT),SF,SECR,,,MAS,15:40,BSP,14:30,22h 50m,14,M,SL 3A 2A 1A 3E,1414 km,62 km/hr,12851
12851,Bilaspur - MGR Chennai Central Weekly SF Express (PT),SF,SECR,,,BSP,8:45,MAS,8:00,23h 15m,14,S,SL 3A 2A 1A 3E,1413 km,61 km/hr,12852
13429,Malda Town - Anand Vihar Terminal Weekly Express (PT),Exp,ER,,,MLDT,9:30,ANVT,14:25,28h 55m,24,F,SL 3A 2A,1412 km,49 km/hr,13430
13430,Anand Vihar Terminal - Malda Town Weekly Express,Exp,ER,,,ANVT,17:10,MLDT,23:35,30h 25m,24,S,SL 3A 2A,1412 km,46 km/hr,13429
14321,Ala Hazrat Express (via Bhildi),Exp,NR,,,BE,6:35,BHUJ,8:50,26h 15m,46,S M W F,SL 3A 2A 3E,1411 km,54 km/hr,14322
14322,Ala Hazrat Express (via Bhildi) (PT),Exp,NR,,,BHUJ,18:15,BE,20:35,26h 20m,46,S M T S,SL 3A 2A 3E,1411 km,54 km/hr,14321
22915,Bandra Terminus - Hisar SF Express (PT),SF,WR,,,BDTS,12:15,HSR,12:20,24h 5m,29,M,SL 3A 2A,1409 km,59 km/hr,22916
22122,Lucknow - Mumbai LTT AC SF Express,ACSF,CR,,,LKO,16:00,LTT,16:30,24h 30m,9,S,3A 2A 1A,1407 km,57 km/hr,22121
22121,Mumbai LTT - Lucknow AC SF Express,ACSF,CR,,,LTT,13:35,LKO,13:20,23h 45m,9,S,3A 2A 1A,1407 km,59 km/hr,22122
20976,Agra Cantt. - Howrah Chambal Express,SF,NCR,,,AGC,5:45,HWH,6:55,25h 10m,32,T,SL 3A 2A 1A 3E,1406 km,56 km/hr,20975
20975,Howrah - Agra Cantt. Chambal Express (PT),SF,NCR,,,HWH,17:45,AGC,19:00,25h 15m,32,T,SL 3A 2A 1A 3E,1406 km,56 km/hr,20976
18523,Visakhapatnam - Banaras Express (PT),Exp,SCoR,,,VSKP,4:15,BNRS,9:25,29h 10m,43,S W,SL 3A 2A 1A 3E,1405 km,48 km/hr,18524
18524,Banaras - Visakhapatnam Express (PT),Exp,SCoR,,,BNRS,14:50,VSKP,19:45,28h 55m,43,M T,SL 3A 2A 1A 3E,1405 km,49 km/hr,18523
14021,Purulia - Anand Vihar Terminal Express (PT),Exp,NR,,,PRR,17:00,ANVT,23:10,30h 10m,18,F,SL 3A 2A 1A,1404 km,47 km/hr,14022
14022,Anand Vihar Terminal - Purulia Express,Exp,NR,,,ANVT,5:00,PRR,10:40,29h 40m,18,T,SL 3A 2A 1A,1404 km,47 km/hr,14021
17481,Bilaspur - Tirupati Express (PT),Exp,SCoR,,,BSP,15:35,TPTY,20:05,28h 30m,58,T S,SL 3A 2A,1403 km,49 km/hr,17482
17482,Tirupati - Bilaspur Express (PT),Exp,SCoR,,,TPTY,11:05,BSP,17:25,30h 20m,59,S T,SL 3A 2A,1403 km,46 km/hr,17481
20930,Banaras - Udhna Weekly SF Express (via Jabalpur),SF,WR,,,BNRS,4:45,UDN,5:15,24h 30m,12,S,SL 3A 2A,1401 km,57 km/hr,20929
20929,Udhna - Banaras Weekly SF Express (via Jabalpur) (PT),SF,WR,,,UDN,20:35,BNRS,21:00,24h 25m,13,F,SL 3A 2A,1401 km,57 km/hr,20930
11463,Veraval - Jabalpur Express (via Itarsi) (PT),Exp,WCR,,,VRL,10:10,JBP,14:10,28h 0m,50,S T W T F,SL 3A 2A 1A 3E,1398 km,50 km/hr,11464
19321,Indore - Patna Express (via Ayodhya Cantt) (PT),Exp,WR,,,INDB,13:55,PNBE,15:55,26h 0m,14,S,SL 3A 2A 1A 3E,1398 km,54 km/hr,19322
19322,Patna - Indore Express (via Ayodhya Cantt) (PT),Exp,WR,,,PNBE,11:25,INDB,14:25,27h 0m,14,M,SL 3A 2A 1A 3E,1398 km,52 km/hr,19321
11464,Jabalpur - Veraval Express (Via Itarsi) (PT),Exp,WCR,,,JBP,14:00,VRL,17:25,27h 25m,50,S T W T S,SL 3A 2A 1A 3E,1398 km,51 km/hr,11463
22551,Darbhanga - Jalandhar City Antyodaya Express,Ant,ECR,,,DBG,3:25,JUC,5:10,25h 45m,14,S,,1396 km,54 km/hr,22552
18504,Sainagar Shirdi - Visakhapatnam Weekly Express (PT),Exp,SCoR,,,SNSI,19:35,VSKP,21:50,26h 15m,22,F,SL 3A 2A,1396 km,53 km/hr,18503
22552,Jalandhar City - Darbhanga Antyodaya Express,Ant,ECR,,,JUC,9:50,DBG,12:05,26h 15m,14,S,,1396 km,53 km/hr,22551
18213,Durg - Ajmer Weekly Express,Exp,SECR,,,DURG,16:00,AII,17:25,25h 25m,19,S,SL 3A 2A 1A 3E,1393 km,55 km/hr,18214
18214,Ajmer - Durg Weekly Express,Exp,SECR,,,AII,19:20,DURG,22:10,26h 50m,19,M,SL 3A 2A 1A 3E,1393 km,52 km/hr,18213
18208,Ajmer - Durg Weekly Express,Exp,SECR,,,AII,19:20,DURG,22:10,26h 50m,22,T,SL 3A 2A 1A 3E,1393 km,52 km/hr,18207
18207,Durg - Ajmer Weekly Express,Exp,SECR,,,DURG,16:00,AII,17:25,25h 25m,22,M,SL 3A 2A 1A 3E,1393 km,55 km/hr,18208
17290,Mysuru - Kakinada Town Express,Exp,SCoR,,,MYS,17:05,CCT,23:30,30h 25m,32,T S,SL 3A 2A 1A,1393 km,46 km/hr,17289
15725,New Jalpaiguri - Anand Vihar Terminal Express (PT),Exp,NFR,,,NJP,8:30,ANVT,12:00,27h 30m,16,T S,SL 3A 2A 1A 3E,1488 km,54 km/hr,15726
16358,Charlapalli - Nagercoil Amrit Bharat Express,AB,SR,,,CHZ,8:15,NCJ,15:35,31h 20m,30,S,SL,1487 km,47 km/hr,16357
16357,Nagercoil - Charlapalli Amrit Bharat Express,AB,SR,,,NCJ,23:45,CHZ,4:20,28h 35m,30,T,SL,1487 km,52 km/hr,16358
15212,Jan Nayak Express (UnReserved),Exp,ECR,,,ASR,19:20,DBG,3:10,31h 50m,43,S M T W T F S,,1486 km,47 km/hr,15211
15211,Jan Nayak Express (UnReserved),Exp,ECR,,,DBG,17:15,ASR,1:55,32h 40m,43,S M T W T F S,,1486 km,45 km/hr,15212
20152,Rewa - Hadapsar (Pune) Weekly SF Express,SF,WCR,,,REWA,6:45,HDP,9:45,27h 0m,17,W,SL 3A 2A 3E,1483 km,55 km/hr,20151
22968,Prayagraj - Ahmedabad Weekly SF Express (PT),SF,WR,,,PRYJ,18:50,ADI,18:10,23h 20m,19,F,SL 3A 2A,1483 km,64 km/hr,22967
20151,Hadapsar (Pune) - Rewa Weekly SF Express,SF,WCR,,,HDP,15:15,REWA,17:30,26h 15m,17,T,SL 3A 2A 3E,1483 km,57 km/hr,20152
22967,Ahmedabad - Prayagraj Weekly SF Express (PT),SF,WR,,,ADI,16:35,PRYJ,16:50,24h 15m,19,T,SL 3A 2A,1483 km,61 km/hr,22968
13125,Kolkata - Sairang Express,Exp,ER,,,KOAA,10:45,SANG,18:30,31h 45m,28,T W S,SL 3A 2A 3E,1481 km,47 km/hr,13126
13126,Sairang - Kolkata Express (PT),Exp,ER,,,SANG,6:40,KOAA,14:30,31h 50m,28,M T F,SL 3A 2A 3E,1481 km,47 km/hr,13125
12406,Hazrat Nizamuddin - Bhusaval Gondwana SF Express,SF,NR,,,NZM,15:05,BSL,15:05,24h 0m,27,S F,SL 3A 2A 1A 3E,1478 km,62 km/hr,12405
12405,Bhusaval - Hazrat Nizamuddin Gondwana SF Express (PT),SF,NR,,,BSL,6:00,NZM,5:00,23h 0m,27,S T,SL 3A 2A 1A 3E,1478 km,64 km/hr,12406
22942,MCTM Udhampur - Indore Weekly SF Express,SF,WR,,,MCTM,11:20,INDB,11:15,23h 55m,17,W,SL 3A 2A 1A 3E,1476 km,62 km/hr,22941
22941,Indore - MCTM Udhampur Weekly SF Express (PT),SF,WR,,,INDB,23:30,MCTM,22:20,22h 50m,17,M,SL 3A 2A 1A 3E,1476 km,65 km/hr,22942
12104,Lucknow Jn. - Pune SF Express (PT),SF,CR,,,LJN,16:20,PUNE,17:50,25h 30m,12,W,SL 3A 2A,1475 km,58 km/hr,12103
12103,Pune - Lucknow Jn. SF Express (PT),SF,CR,,,PUNE,11:20,LJN,13:20,26h 0m,12,T,SL 3A 2A,1475 km,57 km/hr,12104
11408,Lucknow Jn - Pune Express (PT),Exp,CR,,,LJN,6:30,PUNE,10:50,28h 20m,15,T,SL 3A 2A,1475 km,52 km/hr,11407
11407,Pune - Lucknow Jn. Express (PT),Exp,CR,,,PUNE,22:00,LJN,0:50,26h 50m,15,T,SL 3A 2A,1475 km,55 km/hr,11408
22718,Secunderabad - Rajkot SF Express (PT),SF,SCR,,,SC,15:10,RJT,17:50,26h 40m,26,M T S,SL 3A 2A,1473 km,55 km/hr,22717
15625,Deoghar - Agartala Weekly Express (PT),Exp,NFR,,,DGHR,19:55,AGTL,6:55,35h 0m,25,M,SL 3A 2A,1473 km,42 km/hr,15626
15626,Agartala - Deoghar Weekly Express (PT),Exp,NFR,,,AGTL,18:40,DGHR,5:40,35h 0m,25,S,SL 3A 2A,1473 km,42 km/hr,15625
22717,Rajkot - Secunderabad SF Express (PT),SF,SCR,,,RJT,5:30,SC,7:30,26h 0m,26,M W T,SL 3A 2A,1473 km,57 km/hr,22718
14662,Shalimar Malani Express,Exp,NR,,,JAT,22:25,BME,4:00,29h 35m,62,S M T W T F S,SL 3A 2A 1A,1467 km,50 km/hr,14661
14661,Shalimar Malani Express,Exp,NR,,,BME,0:05,JAT,5:40,29h 35m,60,S M T W T F S,SL 3A 2A 1A,1467 km,50 km/hr,14662
20809,Nagawali SF Express (PT),SF,ECoR,,,SBP,10:50,NED,13:40,26h 50m,21,S M F,SL 3A 2A 1A,1467 km,55 km/hr,20810
20810,Nagawali SF Express (PT),SF,ECoR,,,NED,16:30,SBP,18:45,26h 15m,21,M T S,SL 3A 2A 1A,1467 km,56 km/hr,20809
13167,Kolkata - Agra Cantt. Weekly Express (PT),Exp,ER,,,KOAA,12:10,AGC,15:40,27h 30m,20,T,SL 3A 2A 3E,1465 km,53 km/hr,13168
13168,Agra Cantt. - Kolkata Weekly Express (PT),Exp,ER,,,AGC,5:00,KOAA,8:50,27h 50m,20,S,SL 3A 2A 3E,1465 km,53 km/hr,13167
13282,Rajendra Nagar Terminal - Dibrugarh Express (PT),Exp,ECR,,,RJPB,14:45,DBRG,22:25,31h 40m,31,S,SL 3A 2A 1A 3E,1462 km,46 km/hr,13281
13281,Dibrugarh - Rajendra Nagar Terminal Express (PT),Exp,ECR,,,DBRG,5:00,RJPB,12:45,31h 45m,31,M,SL 3A 2A 1A 3E,1462 km,46 km/hr,13282
12178,Mathura - Howrah Chambal Express (PT),SF,NCR,,,MTJ,5:00,HWH,6:55,25h 55m,33,M,SL 3A 2A 1A 3E,1459 km,56 km/hr,12177
12177,Howrah - Mathura Chambal Express (PT),SF,NCR,,,HWH,17:45,MTJ,19:45,26h 0m,33,F,SL 3A 2A 1A 3E,1459 km,56 km/hr,12178
12314,New Delhi - Sealdah Rajdhani Express,Raj,ER,,,NDLS,16:30,SDAH,10:10,17h 40m,6,S M T W T F S,3A 2A 1A,1458 km,83 km/hr,12313
12313,Sealdah - New Delhi Rajdhani Express,Raj,ER,,,SDAH,16:50,NDLS,10:50,18h 0m,6,S M T W T F S,3A 2A 1A,1458 km,81 km/hr,12314
13025,Howrah - Bhopal Weekly Express (PT),Exp,ER,,,HWH,12:35,BPL,18:20,29h 45m,26,M,SL 3A 2A 3E,1454 km,49 km/hr,13026
13026,Bhopal - Howrah Weekly Express,Exp,ER,,,BPL,9:30,HWH,15:15,29h 45m,27,W,SL 3A 2A 3E,1454 km,49 km/hr,13025
13065,Howrah - Anand Vihar Terminal Amrit Bharat Express,AB,ER,,,HWH,23:10,ANVT,2:50,27h 40m,26,T,SL,1455 km,53 km/hr,13066
13066,Anand Vihar Terminal - Howrah Amrit Bharat Express,AB,ER,,,ANVT,5:15,HWH,10:50,29h 35m,25,S,SL,1455 km,49 km/hr,13065
14708,Ranakpur Express (PT),Exp,NWR,,,DDR,12:35,HMH,15:55,27h 20m,38,S M T W T F S,SL 3A 2A,1452 km,53 km/hr,14707
14707,Ranakpur Express (PT),Exp,NWR,,,HMH,5:25,DDR,7:10,25h 45m,38,S M T W T F S,SL 3A 2A,1452 km,56 km/hr,14708
12302,New Delhi - Howrah Rajdhani Express (Via Gaya),Raj,ER,,,NDLS,16:50,HWH,9:55,17h 5m,7,S M T W T S,3A 2A 1A,1451 km,85 km/hr,12301
12301,Howrah - New Delhi Rajdhani Express (Via Gaya),Raj,ER,,,HWH,16:50,NDLS,10:05,17h 15m,7,M T W T F S,3A 2A 1A,1451 km,84 km/hr,12302
12382,Poorva Express (Via Gaya) (PT),SF,ER,,,NDLS,17:40,HWH,17:00,23h 20m,20,M T F,SL 3A 2A 1A,1451 km,62 km/hr,12381
12381,Poorva Express (Via Gaya) (PT),SF,ER,,,HWH,8:15,NDLS,6:05,21h 50m,20,S W T,SL 3A 2A 1A,1451 km,66 km/hr,12382
17616,Tuticorin - Kacheguda Express (PT),Exp,SCR,8-Apr,,TN,7:40,KCG,13:25,29h 45m,33,W,SL 3A 2A 1A,1446 km,49 km/hr,17615
17615,Kacheguda - Tuticorin Express (PT),Exp,SCR,6-Apr,,KCG,15:00,TN,19:15,28h 15m,33,M,SL 3A 2A 1A,1446 km,51 km/hr,17616
22194,Gwalior - Daund Weekly SF Express (PT),SF,NCR,,,GWL,17:15,DD,19:10,25h 55m,22,S,SL 3A 2A 3E,1445 km,56 km/hr,22193
22193,Daund - Gwalior Weekly SF Express (PT),SF,NCR,,,DD,23:10,GWL,0:55,25h 45m,22,S,SL 3A 2A 3E,1445 km,56 km/hr,22194
12329,West Bengal Sampark Kranti Express (PT),SKr,ER,,,SDAH,13:10,ANVT,8:50,19h 40m,7,T,SL 3A 2A 1A 3E,1443 km,73 km/hr,12330
12330,West Bengal Sampark Kranti Express,SKr,ER,,,ANVT,20:20,SDAH,16:35,20h 15m,7,W,SL 3A 2A 1A,1443 km,71 km/hr,12329
20438,Udhna - Prayagraj Amrit Bharat Express,AB,NCR,25-Aug,,UDN,6:45,PRYJ,7:30,24h 45m,14,T,SL,1440 km,58 km/hr,20437
20437,Prayagraj - Udhna Amrit Bharat Express,AB,NCR,24-Aug,,PRYJ,5:20,UDN,4:05,22h 45m,14,M,SL,1440 km,63 km/hr,20438
17425,Tirupati - Sainagar Shirdi Weekly Express (via Guntur) (PT),Exp,SCoR,,,TPTY,4:00,SNSI,10:45,30h 45m,29,S,SL 3A 2A,1439 km,47 km/hr,17426
12534,Pushpak Express (PT),SF,NER,,,CSMT,8:25,GTNR,8:00,23h 35m,16,S M T W T F S,SL 3A 2A 1A 3E,1438 km,61 km/hr,12533
12533,Pushpak Express (PT),SF,NER,,,GTNR,20:45,CSMT,22:45,26h 0m,17,S M T W T F S,SL 3A 2A 1A 3E,1438 km,55 km/hr,12534
17426,Sainagar Shirdi - Tirupati Weekly Express (via Guntur),Exp,SCoR,,,SNSI,19:35,TPTY,1:30,29h 55m,29,M,SL 3A 2A,1439 km,48 km/hr,17425
12216,Bandra Terminus - Delhi Sarai Rohilla Garib Rath Express (PT),GR,NR,,,BDTS,12:00,DEE,11:00,23h 0m,22,S T W F,3A,1436 km,62 km/hr,12215
12215,Delhi Sarai Rohilla - Bandra Terminus Garib Rath Express (PT),GR,NR,,,DEE,8:55,BDTS,7:35,22h 40m,22,M T T S,3A,1436 km,63 km/hr,12216
17417,Tirupati - Sainagar Shirdi Weekly Express (via Raichur) (PT),Exp,SCoR,,,TPTY,8:15,SNSI,10:45,26h 30m,34,T,SL 3A 2A,1436 km,54 km/hr,17418
12912,Haridwar - Valsad SF Express,SF,WR,,,HW,17:20,BL,14:20,21h 0m,14,W,SL 3A 2A,1435 km,68 km/hr,12911
12911,Valsad - Haridwar SF Express (PT),SF,WR,,,BL,15:05,HW,14:30,23h 25m,15,T,SL 3A 2A,1435 km,61 km/hr,12912
22169,Rani Kamalapati - Santragachi Humsafar Express,Hms,WCR,,,RKMP,14:25,SRC,16:00,25h 35m,14,W,SL 3A,1434 km,56 km/hr,22170
17418,Sainagar Shirdi - Tirupati Weekly Express (via Raichur) (PT),Exp,SCoR,,,SNSI,19:35,TPTY,22:50,27h 15m,32,W,SL 3A 2A,1436 km,53 km/hr,17417
22170,Santragachi - Rani Kamalapati Humsafar Express,Hms,WCR,,,SRC,20:15,RKMP,20:05,23h 50m,14,T,SL 3A,1434 km,60 km/hr,22169
20851,Bhubaneswar - Puducherry SF Express,SF,ECoR,,,BBS,12:10,PDY,12:00,23h 50m,17,T,SL 3A 2A,1425 km,60 km/hr,20852
20852,Puducherry - Bhubaneswar SF Express (PT),SF,ECoR,,,PDY,18:50,BBS,18:25,23h 35m,17,W,SL 3A 2A,1425 km,60 km/hr,20851
14004,New Delhi - Malda Town Express,Exp,NR,,,NDLS,18:00,MLDT,23:35,29h 35m,22,S T,SL 3A 2A 1A,1424 km,48 km/hr,14003
14003,Malda Town - New Delhi Express (PT),Exp,NR,,,MLDT,9:30,NDLS,14:30,29h 0m,22,T S,SL 3A 2A 1A,1424 km,49 km/hr,14004
16218,Sainagar Shirdi - Mysuru Weekly Express,Exp,SWR,,,SNSI,0:25,MYS,3:35,27h 10m,25,W,SL 3A 2A 1A,1424 km,52 km/hr,16217
16217,Mysuru - Sainagar Shirdi Weekly Express,Exp,SWR,,,MYS,5:40,SNSI,10:50,29h 10m,25,M,SL CC 3A 2A 1A,1424 km,49 km/hr,16218
14011,Radhikapur - Anand Vihar Terminal Express (PT),Exp,NR,,,RDP,11:00,ANVT,18:50,31h 50m,27,T,SL 3A 2A 1A,1421 km,45 km/hr,14012
14012,Anand Vihar Terminal - Radhikapur Express,Exp,NR,,,ANVT,23:45,RDP,7:10,31h 25m,27,S,SL 3A 2A 1A,1421 km,45 km/hr,14011
15705,Champaran Humsafar Express (PT),Hms,NFR,,,KIR,8:10,DLI,11:45,27h 35m,19,M T,2S SL 3A,1420 km,51 km/hr,15706
15706,Champaran Humsafar Express,Hms,NFR,,,DLI,16:35,KIR,18:35,26h 0m,19,T F,2S SL 3A,1420 km,55 km/hr,15705
12852,MGR Chennai Central - Bilaspur Weekly SF Express (PT),SF,SECR,,,MAS,15:40,BSP,14:30,22h 50m,14,M,SL 3A 2A 1A 3E,1414 km,62 km/hr,12851
12851,Bilaspur - MGR Chennai Central Weekly SF Express (PT),SF,SECR,,,BSP,8:45,MAS,8:00,23h 15m,14,S,SL 3A 2A 1A 3E,1413 km,61 km/hr,12852
13430,Anand Vihar Terminal - Malda Town Weekly Express,Exp,ER,,,ANVT,17:10,MLDT,23:35,30h 25m,24,S,SL 3A 2A,1412 km,46 km/hr,13429
13429,Malda Town - Anand Vihar Terminal Weekly Express (PT),Exp,ER,,,MLDT,9:30,ANVT,14:25,28h 55m,24,F,SL 3A 2A,1412 km,49 km/hr,13430
14322,Ala Hazrat Express (via Bhildi) (PT),Exp,NR,,,BHUJ,18:15,BE,20:35,26h 20m,46,S M T S,SL 3A 2A 3E,1411 km,54 km/hr,14321
14321,Ala Hazrat Express (via Bhildi),Exp,NR,,,BE,6:35,BHUJ,8:50,26h 15m,46,S M W F,SL 3A 2A 3E,1411 km,54 km/hr,14322
22915,Bandra Terminus - Hisar SF Express (PT),SF,WR,,,BDTS,12:15,HSR,12:20,24h 5m,29,M,SL 3A 2A,1409 km,59 km/hr,22916
22916,Hisar - Bandra Terminus SF Express (PT),SF,WR,,,HSR,16:10,BDTS,15:50,23h 40m,29,T,SL 3A 2A,1409 km,60 km/hr,22915
22122,Lucknow - Mumbai LTT AC SF Express,ACSF,CR,,,LKO,16:00,LTT,16:30,24h 30m,9,S,3A 2A 1A,1407 km,57 km/hr,22121
22121,Mumbai LTT - Lucknow AC SF Express,ACSF,CR,,,LTT,13:35,LKO,13:20,23h 45m,9,S,3A 2A 1A,1407 km,59 km/hr,22122
20976,Agra Cantt. - Howrah Chambal Express,SF,NCR,,,AGC,5:45,HWH,6:55,25h 10m,32,T,SL 3A 2A 1A 3E,1406 km,56 km/hr,20975
20975,Howrah - Agra Cantt. Chambal Express (PT),SF,NCR,,,HWH,17:45,AGC,19:00,25h 15m,32,T,SL 3A 2A 1A 3E,1406 km,56 km/hr,20976
18524,Banaras - Visakhapatnam Express (PT),Exp,SCoR,,,BNRS,14:50,VSKP,19:45,28h 55m,43,M T,SL 3A 2A 1A 3E,1405 km,49 km/hr,18523
18523,Visakhapatnam - Banaras Express (PT),Exp,SCoR,,,VSKP,4:15,BNRS,9:25,29h 10m,43,S W,SL 3A 2A 1A 3E,1405 km,48 km/hr,18524
14022,Anand Vihar Terminal - Purulia Express,Exp,NR,,,ANVT,5:00,PRR,10:40,29h 40m,18,T,SL 3A 2A 1A,1404 km,47 km/hr,14021
14021,Purulia - Anand Vihar Terminal Express (PT),Exp,NR,,,PRR,17:00,ANVT,23:10,30h 10m,18,F,SL 3A 2A 1A,1404 km,47 km/hr,14022
17482,Tirupati - Bilaspur Express (PT),Exp,SCoR,,,TPTY,11:05,BSP,17:25,30h 20m,59,S T,SL 3A 2A,1403 km,46 km/hr,17481
17481,Bilaspur - Tirupati Express (PT),Exp,SCoR,,,BSP,15:35,TPTY,20:05,28h 30m,58,T S,SL 3A 2A,1403 km,49 km/hr,17482
20929,Udhna - Banaras Weekly SF Express (via Jabalpur) (PT),SF,WR,,,UDN,20:35,BNRS,21:00,24h 25m,13,F,SL 3A 2A,1401 km,57 km/hr,20930
20930,Banaras - Udhna Weekly SF Express (via Jabalpur),SF,WR,,,BNRS,4:45,UDN,5:15,24h 30m,12,S,SL 3A 2A,1401 km,57 km/hr,20929
19322,Patna - Indore Express (via Ayodhya Cantt) (PT),Exp,WR,,,PNBE,11:25,INDB,14:25,27h 0m,14,M,SL 3A 2A 1A 3E,1398 km,52 km/hr,19321
19321,Indore - Patna Express (via Ayodhya Cantt) (PT),Exp,WR,,,INDB,13:55,PNBE,15:55,26h 0m,14,S,SL 3A 2A 1A 3E,1398 km,54 km/hr,19322
11463,Veraval - Jabalpur Express (via Itarsi) (PT),Exp,WCR,,,VRL,10:10,JBP,14:10,28h 0m,50,S T W T F,SL 3A 2A 1A 3E,1398 km,50 km/hr,11464
11464,Jabalpur - Veraval Express (Via Itarsi) (PT),Exp,WCR,,,JBP,14:00,VRL,17:25,27h 25m,50,S T W T S,SL 3A 2A 1A 3E,1398 km,51 km/hr,11463
22551,Darbhanga - Jalandhar City Antyodaya Express,Ant,ECR,,,DBG,3:25,JUC,5:10,25h 45m,14,S,,1396 km,54 km/hr,22552
18504,Sainagar Shirdi - Visakhapatnam Weekly Express (PT),Exp,SCoR,,,SNSI,19:35,VSKP,21:50,26h 15m,22,F,SL 3A 2A,1396 km,53 km/hr,18503
22552,Jalandhar City - Darbhanga Antyodaya Express,Ant,ECR,,,JUC,9:50,DBG,12:05,26h 15m,14,S,,1396 km,53 km/hr,22551
18503,Visakhapatnam - Sainagar Shirdi Weekly Express (PT),Exp,SCoR,,,VSKP,8:20,SNSI,10:45,26h 25m,22,T,SL 3A 2A,1394 km,53 km/hr,18504
18213,Durg - Ajmer Weekly Express,Exp,SECR,,,DURG,16:00,AII,17:25,25h 25m,19,S,SL 3A 2A 1A 3E,1393 km,55 km/hr,18214
18214,Ajmer - Durg Weekly Express,Exp,SECR,,,AII,19:20,DURG,22:10,26h 50m,19,M,SL 3A 2A 1A 3E,1393 km,52 km/hr,18213
18207,Durg - Ajmer Weekly Express,Exp,SECR,,,DURG,16:00,AII,17:25,25h 25m,22,M,SL 3A 2A 1A 3E,1393 km,55 km/hr,18208
17290,Mysuru - Kakinada Town Express,Exp,SCoR,,,MYS,17:05,CCT,23:30,30h 25m,32,T S,SL 3A 2A 1A,1393 km,46 km/hr,17289
17289,Kakinada Town - Mysuru Express (PT),Exp,SCoR,,,CCT,9:00,MYS,16:00,31h 0m,32,M F,SL 3A 2A 1A,1393 km,45 km/hr,17290
18208,Ajmer - Durg Weekly Express,Exp,SECR,,,AII,19:20,DURG,22:10,26h 50m,22,T,SL 3A 2A 1A 3E,1393 km,52 km/hr,18207
22601,MGR Chennai Central - Sainagar Shirdi SF Express (PT),SF,SR,,,MAS,10:25,SNSI,10:50,24h 25m,21,W,SL 3A 2A,1388 km,57 km/hr,22602
22602,Sainagar Shirdi - MGR Chennai Central SF Express,SF,SR,,,SNSI,8:55,MAS,9:25,24h 30m,22,F,SL 3A 2A,1388 km,57 km/hr,22601
14611,Ghazipur City - Shri Mata Vaishno Devi Katra Weekly Express (PT),Exp,NR,,,GCT,8:50,SVDK,12:40,27h 50m,15,F,SL 3A 2A 3E,1387 km,50 km/hr,14612
14612,Shri Mata Vaishno Devi Katra - Ghazipur City Express,Exp,NR,,,SVDK,3:50,GCT,6:10,26h 20m,15,T,SL 3A 2A 3E,1387 km,53 km/hr,14611
12952,New Delhi - Mumbai Central Tejas Rajdhani Express,Raj,WR,,,NDLS,16:55,MMCT,8:35,15h 40m,6,S M T W T F S,3A 2A 1A,1386 km,88 km/hr,12951
12951,Mumbai Central - New Delhi Tejas Rajdhani Express,Raj,WR,,,MMCT,17:00,NDLS,8:32,15h 32m,6,S M T W T F S,3A 2A 1A,1386 km,89 km/hr,12952
12487,Seemanchal Express (PT),SF,NR,,,JBN,20:35,ANVT,20:50,24h 15m,19,S M T W T F S,SL 3A 2A 3E,1380 km,57 km/hr,12488
12488,Seemanchal Express,SF,NR,,,ANVT,8:10,JBN,8:00,23h 50m,19,S M T W T F S,SL 3A 2A 3E,1380 km,58 km/hr,12487
15078,Gomti Nagar - Kamakhya Express,Exp,NER,,,GTNR,10:30,KYQ,14:00,27h 30m,13,M,SL 3A 2A,1379 km,50 km/hr,15077
22210,Hazrat Nizamuddin - Mumbai Central Duronto Express,Drnt,WR,,,NZM,22:15,MMCT,15:50,17h 35m,3,T S,2S 3A 2A 1A 3E,1378 km,78 km/hr,22209
22209,Mumbai Central - Hazrat Nizamuddin Duronto Express,Drnt,WR,,,MMCT,23:10,NZM,15:50,16h 40m,3,M F,2S 3A 2A 1A 3E,1378 km,83 km/hr,22210
12954,August Kranti Tejas Rajdhani Express,Raj,WR,,,NZM,17:15,MMCT,10:05,16h 50m,11,S M T W T F S,3A 2A 1A,1378 km,82 km/hr,12953
12953,August Kranti Tejas Rajdhani Express,Raj,WR,,,MMCT,17:10,NZM,9:43,16h 33m,11,S M T W T F S,3A 2A 1A,1378 km,83 km/hr,12954
19412,Daulatpur Chowk - Gandhinagar Capital Express,Exp,WR,,,DLPC,14:25,GNC,15:05,24h 40m,43,S M T W T F S,SL 3A 2A,1376 km,56 km/hr,19411
19411,Gandhinagar Capital - Daulatpur Chowk Express (PT),Exp,WR,,,GNC,10:00,DLPC,12:20,26h 20m,43,S M T W T F S,SL 3A 2A,1376 km,52 km/hr,19412
20938,Delhi Sarai Rohilla - Porbandar SF Express,SF,WR,,,DEE,8:10,PBR,8:40,24h 30m,29,M T,SL 3A 2A 1A,1374 km,56 km/hr,20937
20937,Porbandar - Delhi Sarai Rohilla SF Express (PT),SF,WR,,,PBR,19:40,DEE,19:30,23h 50m,26,T S,SL 3A 2A 1A,1374 km,58 km/hr,20938
15565,Vaishali Express (PT),Exp,ECR,,,LLP,4:00,NDLS,6:30,26h 30m,28,S M T W T F S,SL 3A 2A 1A 3E,1371 km,52 km/hr,15566
15566,Vaishali Express (PT),Exp,ECR,,,NDLS,20:40,LLP,22:45,26h 5m,28,S M T W T F S,SL 3A 2A 1A 3E,1371 km,53 km/hr,15565
12908,Maharashtra Sampark Kranti Express (PT),SKr,WR,,,NZM,16:30,BDTS,9:15,16h 45m,5,M T,SL 3A 2A 1A 3E,1367 km,82 km/hr,12907
12907,Maharashtra Sampark Kranti Express (PT),SKr,WR,,,BDTS,17:30,NZM,10:15,16h 45m,5,S W,SL 3A 2A 1A 3E,1367 km,82 km/hr,12908
12910,Hazrat Nizamuddin - Bandra Terminus Garib Rath Express (PT),GR,WR,,,NZM,16:30,BDTS,9:15,16h 45m,6,S W F,3A,1367 km,82 km/hr,12909
12247,Bandra Terminus - Hazrat Nizamuddin Yuva Express (PT),ACSF,WR,,,BDTS,17:30,NZM,10:15,16h 45m,5,F,CC 3E,1367 km,82 km/hr,12248
12909,Bandra Terminus - Hazrat Nizamuddin Garib Rath Express (PT),GR,WR,,,BDTS,17:30,NZM,10:15,16h 45m,6,T T S,3A,1367 km,82 km/hr,12910
12248,Hazrat Nizamuddin - Bandra Terminus Yuva Express (PT),ACSF,WR,,,NZM,16:30,BDTS,9:15,16h 45m,5,S,CC 3E,1367 km,82 km/hr,12247
16003,MGR Chennai Central - Nagarsol Weekly Express (PT),Exp,SR,,,MAS,9:15,NSL,11:55,26h 40m,24,S,SL 3A 2A,1366 km,51 km/hr,16004
16004,Nagarsol - MGR Chennai Central Weekly Express,Exp,SR,,,NSL,13:30,MAS,15:40,26h 10m,25,M,SL 3A 2A,1366 km,52 km/hr,16003
22149,Ernakulam Jn. - Pune SF Express (PT),SF,CR,,,ERS,2:15,PUNE,5:50,27h 35m,18,T F,SL 3A 2A,1363 km,49 km/hr,22150
22150,Pune - Ernakulam Jn. SF Express (PT),SF,CR,,,PUNE,18:45,ERS,21:55,27h 10m,18,S W,SL 3A 2A,1363 km,50 km/hr,22149
13175,Sealdah - Silchar Kanchanjungha Express (PT),Exp,ER,,,SDAH,6:50,SCL,14:40,31h 50m,39,M W S,SL 3A 2A,1359 km,43 km/hr,13176
13176,Silchar - Sealdah Kanchanjungha Express (PT),Exp,ER,,,SCL,11:35,SDAH,19:20,31h 45m,39,M W F,SL 3A 2A,1359 km,43 km/hr,13175
19314,Patna - Indore Express (via Sultanpur) (PT),Exp,WR,,,PNBE,11:25,INDB,14:25,27h 0m,16,W F,SL 3A 2A 1A 3E,1357 km,50 km/hr,19313
19313,Indore - Patna Express (via Sultanpur) (PT),Exp,WR,,,INDB,13:55,PNBE,15:00,25h 5m,16,M W,SL 3A 2A 1A 3E,1357 km,54 km/hr,19314
15962,Kamrup Express (via Rangapara North) (PT),Exp,NFR,,,DBRG,1:15,HWH,4:40,27h 25m,44,M F,SL 3A 2A,1352 km,49 km/hr,15961
15961,Kamrup Express (Via Rangapara North) (PT),Exp,NFR,,,HWH,18:35,DBRG,23:00,28h 25m,43,M F,SL 3A 2A,1352 km,48 km/hr,15962
22950,Delhi Sarai Rohilla - Bandra Terminus SF Express,SF,WR,,,DEE,16:15,BDTS,15:10,22h 55m,25,T,SL 3A 2A 1A 3E,1348 km,59 km/hr,22949
22908,Hapa - Madgaon Weekly SF Express,SF,WR,,,HAPA,21:40,MAO,22:50,25h 10m,16,W,SL 3A 2A 3E,1348 km,54 km/hr,22907
22907,Madgaon - Hapa Weekly SF Express,SF,WR,,,MAO,10:00,HAPA,9:30,23h 30m,16,F,SL 3A 2A 3E,1348 km,57 km/hr,22908
22949,Bandra Terminus - Delhi Sarai Rohilla SF Express (PT),SF,WR,,,BDTS,14:40,DEE,11:45,21h 5m,25,W,SL 3A 2A 1A 3E,1348 km,64 km/hr,22950
12293,Mumbai LTT - Prayagraj AC Duronto Express,Drnt,CR,,,LTT,17:20,PRYJ,12:40,19h 20m,4,M F,3A 2A 1A,1342 km,69 km/hr,12294
12294,Prayagraj - Mumbai LTT AC Duronto Express,Drnt,CR,,,PRYJ,18:10,LTT,14:55,20h 45m,4,T S,3A 2A 1A,1342 km,65 km/hr,12293
20436,Prayagraj - Mumbai LTT Amrit Bharat Express,AB,NCR,21-Aug,,PRYJ,18:10,LTT,15:45,21h 35m,5,F,SL,1342 km,62 km/hr,20435
12293,Mumbai LTT - Prayagraj AC Duronto Express,Drnt,CR,,,LTT,17:20,PRYJ,12:40,19h 20m,4,M F,3A 2A 1A,1342 km,69 km/hr,12294
11040,Maharashtra Express (PT),Exp,CR,,,G,8:10,KOP,11:25,27h 15m,52,S M T W T F S,SL 3A 2A,1341 km,49 km/hr,11039
11039,Maharashtra Express (PT),Exp,CR,,,KOP,14:50,G,18:35,27h 45m,53,S M T W T F S,SL 3A 2A,1341 km,48 km/hr,11040
12878,New Delhi - Ranchi Garib Rath Express,GR,SER,,,NDLS,16:10,RNC,11:30,19h 20m,15,S T T,3A,1341 km,69 km/hr,12877
12877,Ranchi - New Delhi Garib Rath Express (PT),GR,SER,,,RNC,16:25,NDLS,11:10,18h 45m,15,M T F,3A,1341 km,72 km/hr,12878
17205,Sainagar Shirdi - Kakinada Port Express (PT),Exp,SCoR,,,SNSI,17:00,COA,19:45,26h 45m,37,S T T,SL 3A 2A 1A 3E,1340 km,50 km/hr,17206
17206,Kakinada Port - Sainagar Shirdi Express (PT),Exp,SCoR,,,COA,5:05,SNSI,9:10,28h 5m,33,M W S,SL 3A 2A 1A 3E,1340 km,48 km/hr,17205
19325,Indore - Amritsar Express (PT),Exp,WR,,,INDB,20:15,ASR,22:05,25h 50m,24,T F,SL 3A 2A 1A 3E,1336 km,52 km/hr,19326
20906,Rewa - Ekta Nagar Mahamana Express,SF,WR,,,REWA,20:45,EKNR,17:40,20h 55m,15,S,SL 3A 2A 1A,1336 km,64 km/hr,20905
20905,Ekta Nagar - Rewa Mahamana Express,SF,WR,,,EKNR,19:00,REWA,17:30,22h 30m,15,F,SL 3A 2A 1A,1336 km,59 km/hr,20906
19326,Amritsar - Indore SF Express,SF,WR,,,ASR,1:50,INDB,0:55,23h 5m,24,S T,SL 3A 2A 1A 3E,1336 km,58 km/hr,19325
12874,Jharkhand Swarna Jayanti Express (via Barkakana),SF,SER,,,ANVT,20:45,HTE,20:00,23h 15m,20,T W F,SL 3A 2A 1A 3E,1332 km,57 km/hr,12873
22176,Jaipur - Nagpur Weekly SF Express,SF,CR,,,JP,17:40,NGP,16:50,23h 10m,22,F,SL 3A 2A,1331 km,57 km/hr,22175
22175,Nagpur - Jaipur Weekly SF Express,SF,CR,,,NGP,10:35,JP,10:40,24h 5m,22,T,SL 3A 2A,1331 km,55 km/hr,22176
12162,Lashkar SF Express (PT),SF,CR,,,AGC,19:45,LTT,16:05,20h 20m,17,S,SL 3A 2A,1330 km,65 km/hr,12161
12161,Lashkar SF Express (PT),SF,CR,,,LTT,16:25,AGC,15:20,22h 55m,17,F,SL 3A 2A,1330 km,58 km/hr,12162
11204,Madgaon - Nagpur Express,Exp,CR,,,MAO,19:00,NGP,21:25,26h 25m,24,S T,SL 3A 2A,1330 km,50 km/hr,11203
11203,Nagpur - Madgaon Express,Exp,CR,,,NGP,15:05,MAO,17:45,26h 40m,24,W S,SL 3A 2A,1330 km,50 km/hr,11204
12873,Jharkhand Swarna Jayanti Express (via Barkakana) (PT),SF,SER,,,HTE,13:40,ANVT,13:10,23h 30m,20,M T T,SL 3A 2A 1A 3E,1329 km,57 km/hr,12874
12350,New Delhi - Godda Weekly Humsafar Express,Hms,ER,,,NDLS,23:45,GODA,22:55,23h 10m,17,T,SL 3A,1326 km,57 km/hr,12349
12349,Godda - New Delhi Weekly Humsafar Express,Hms,ER,,,GODA,14:05,NDLS,12:50,22h 45m,17,M,SL 3A,1326 km,58 km/hr,12350
22197,Pratham Swatantrata Sangram Express (PT),SF,NCR,,,KOAA,7:25,VGLJ,7:20,23h 55m,17,S,SL 3A 2A 3E,1324 km,55 km/hr,22198
22198,Pratham Swatantrata Sangram Express (PT),SF,NCR,,,VGLJ,21:20,KOAA,20:35,23h 15m,17,F,SL 3A 2A 3E,1324 km,57 km/hr,22197
20403,Prayagraj - Lalgarh SF Express (Via Loharu) (PT),SF,NCR,,,PRYJ,23:05,LGH,22:35,23h 30m,33,S W F,SL 3A 2A 1A 3E,1322 km,56 km/hr,20404
20404,Lalgarh - Prayagraj SF Express (Via Loharu),SF,NCR,,,LGH,4:50,PRYJ,4:50,24h 0m,33,M T S,SL 3A 2A 1A 3E,1322 km,55 km/hr,20403
19308,Una Himachal - Indore Express,Exp,WR,,,UHL,13:50,INDB,15:00,25h 10m,26,F S,SL 3A 2A 1A 3E,1319 km,52 km/hr,19307
19307,Indore - Una Himachal Express,Exp,WR,,,INDB,5:30,UHL,8:35,27h 5m,26,T F,SL 3A 2A 1A 3E,1319 km,49 km/hr,19308
22196,Bandra Terminus - Virangana Lakshmibai Jhansi SF Express (PT),SF,NCR,,,BDTS,5:10,VGLJ,5:00,23h 50m,20,T W,SL 3A 2A 3E,1319 km,55 km/hr,22195
22195,Virangana Lakshmibai Jhansi - Bandra Terminus SF Express (PT),SF,NCR,,,VGLJ,16:50,BDTS,16:10,23h 20m,20,S M,SL 3A 2A 3E,1319 km,57 km/hr,22196
14049,Godda - Delhi Weekly Express,Exp,NR,,,GODA,10:05,DLI,9:10,23h 5m,18,W,SL 3A 2A 1A 3E,1317 km,57 km/hr,14050
14050,Delhi - Godda Weekly Express,Exp,NR,,,DLI,15:00,GODA,15:45,24h 45m,18,M,SL 3A 2A 1A 3E,1317 km,53 km/hr,14049
15136,Amritsar - Chhapra Express,Exp,NER,,,ASR,17:45,CPR,23:55,30h 10m,18,S,SL 3A 2A 1A 3E,1313 km,44 km/hr,15135
15135,Chhapra - Amritsar Express,Exp,NER,,,CPR,10:15,ASR,13:50,27h 35m,18,F,SL 3A 2A 1A 3E,1313 km,48 km/hr,15136
19624,Darbhanga - Madar (Ajmer) Amrit Bharat Express,AB,NWR,,,DBG,4:10,MDJN,13:20,33h 10m,30,S,SL,1309 km,39 km/hr,19623
19623,Madar (Ajmer) - Darbhanga Amrit Bharat Express,AB,NWR,,,MDJN,21:25,DBG,0:55,27h 30m,30,F,SL,1309 km,48 km/hr,19624
12766,Amravati - Tirupati SF Express (PT),SF,SCoR,,,AMI,6:45,TPTY,6:25,23h 40m,22,M T,SL 3A 2A,1309 km,55 km/hr,12765
12765,Tirupati - Amravati SF Express (PT),SF,SCoR,,,TPTY,15:45,AMI,15:10,23h 25m,22,T S,SL 3A 2A,1309 km,56 km/hr,12766
20840,New Delhi - Ranchi Rajdhani Express (Via Bokaro Steel City),Raj,SER,,,NDLS,16:10,RNC,9:05,16h 55m,6,M F,3A 2A 1A,1307 km,77 km/hr,20839
20839,Ranchi - New Delhi Rajdhani Express (via Bokaro Steel City),Raj,SER,,,RNC,18:00,NDLS,11:10,17h 10m,6,W S,3A 2A 1A,1307 km,76 km/hr,20840
12395,Ziyarat Express (PT),SF,ECR,,,RJPB,18:00,AII,15:35,21h 35m,16,W,SL 3A 2A 1A 3E,1305 km,60 km/hr,12396
14524,Harihar Express,Exp,NR,,,UMB,22:20,BJU,2:10,27h 50m,21,T S,SL 3A,1304 km,47 km/hr,14523
14523,Harihar Express (PT),Exp,NR,,,BJU,5:05,UMB,8:40,27h 35m,21,M T,SL 3A,1304 km,47 km/hr,14524
12396,Ziyarat Express (PT),SF,ECR,,,AII,0:45,RJPB,23:30,22h 45m,16,F,SL 3A 2A 1A 3E,1293 km,57 km/hr,12395
12944,Udyogkarmi SF Express (PT),SF,WR,,,CNB,8:00,BL,6:00,22h 0m,11,F,SL 3A 2A,1304 km,59 km/hr,12943
12943,Udyogkarmi SF Express (PT),SF,WR,,,BL,22:20,CNB,18:25,20h 5m,11,W,SL 3A 2A,1304 km,65 km/hr,12944
12818,Jharkhand Swarna Jayanti Express (via Gomoh),SF,SER,,,ANVT,20:45,HTE,17:15,20h 30m,17,M T S,SL 3A 2A 1A 3E,1302 km,64 km/hr,12817
12817,Jharkhand Swarna Jayanti Express (via Gomoh) (PT),SF,SER,,,HTE,14:25,ANVT,13:10,22h 45m,17,S W F,SL 3A 2A 1A 3E,1302 km,57 km/hr,12818
12353,Howrah - Lal Kuan Weekly SF Express (PT),SF,ER,,,HWH,8:15,LKU,6:55,22h 40m,17,F,SL 3A 2A 3E,1301 km,57 km/hr,12354
12354,Lal Kuan - Howrah Weekly SF Express (PT),SF,ER,,,LKU,18:50,HWH,18:25,23h 35m,17,S,SL 3A 2A 3E,1300 km,55 km/hr,12353
12850,Pune - Bilaspur SF Express (PT),SF,SECR,,,PUNE,17:35,BSP,15:50,22h 15m,16,F,SL 3A 2A 1A 3E,1297 km,58 km/hr,12849
12849,Bilaspur - Pune SF Express (PT),SF,SECR,,,BSP,11:20,PUNE,9:30,22h 10m,16,T,SL 3A 2A 1A 3E,1297 km,59 km/hr,12850
17221,Kakinada Port - Mumbai LTT Express (PT),Exp,SCoR,,,COA,9:00,LTT,11:15,26h 15m,22,W S,SL 3A 2A 1A,1296 km,49 km/hr,17222
17222,Mumbai LTT - Kakinada Port Express (PT),Exp,SCoR,,,LTT,13:15,COA,14:20,25h 5m,22,S T,SL 3A 2A 1A,1296 km,52 km/hr,17221
12939,Pune - Jaipur SF Express (PT),SF,NWR,,,PUNE,17:30,JP,14:40,21h 10m,12,S W,SL 3A 2A 1A 3E,1296 km,61 km/hr,12940
12940,Jaipur - Pune SF Express (PT),SF,NWR,,,JP,12:25,PUNE,8:05,19h 40m,12,T S,SL 3A 2A 1A 3E,1296 km,66 km/hr,12939
12826,Jharkhand Sampark Kranti Express,SKr,SER,,,ANVT,8:00,RNC,5:15,21h 15m,7,W S,SL 3A 2A 1A 3E,1295 km,61 km/hr,12825
12825,Jharkhand Sampark Kranti Express (PT),SKr,SER,,,RNC,23:55,ANVT,19:35,19h 40m,7,M T,SL 3A 2A 1A 3E,1295 km,66 km/hr,12826
19402,Lucknow - Sabarmati Express,Exp,WR,,,LKO,22:50,SBIB,23:05,24h 15m,24,T,SL 3A 2A,1294 km,53 km/hr,19401
19401,Sabarmati - Lucknow Express (PT),Exp,WR,,,SBIB,10:35,LKO,10:55,24h 20m,24,M,SL 3A 2A,1294 km,53 km/hr,19402
15925,Deoghar - Dibrugarh Express,Exp,NFR,,,DGHR,19:55,DBRG,23:00,27h 5m,30,T,SL 3A 2A,1294 km,48 km/hr,15926
15926,Dibrugarh - Deoghar Express,Exp,NFR,,,DBRG,1:30,DGHR,5:40,28h 10m,30,W,SL 3A 2A,1294 km,46 km/hr,15925
12224,Ernakulam Jn. - Mumbai LTT Duronto Express,Drnt,CR,,,ERS,21:30,LTT,21:55,24h 25m,5,S W,2S SL CC 3A 2A 1A,1292 km,53 km/hr,12223
12223,Mumbai LTT - Ernakulam Jn. Duronto Express,Drnt,CR,,,LTT,20:50,ERS,19:40,22h 50m,5,T S,2S SL 3A 2A 1A,1292 km,57 km/hr,12224
19626,Bandra Terminus - Daurai (Ajmer) Weekly Express‌ (via Kota) (PT),Exp,NWR,,,BDTS,8:35,DOZ,9:40,25h 5m,14,M,SL 3A 2A 3E,1291 km,51 km/hr,19625
12777,SSS Hubballi - Thiruvananthapuram North (Kochuveli) Weekly SF Express,SF,SWR,,,UBL,7:05,TVCN,6:35,23h 30m,22,W,SL 3A 2A 3E,1290 km,55 km/hr,12778
12778,Thiruvananthapuram North (Kochuveli) - SSS Hubballi Weekly SF Express (PT),SF,SWR,,,TVCN,12:50,UBL,12:15,23h 25m,21,T,SL 3A 2A 3E,1290 km,55 km/hr,12777
22716,Madurai - Kacheguda Weekly Superfast Express (PT),SF,SCR,,,MDU,13:15,KCG,12:40,23h 25m,21,S,SL 3A 2A 1A,1289 km,55 km/hr,22715
22715,Kacheguda - Madurai Weekly Superfast Express (PT),SF,SCR,,,KCG,6:05,MDU,5:00,22h 55m,21,S,SL 3A 2A 1A,1289 km,56 km/hr,22716
12176,Gwalior - Howrah Chambal Express,SF,NCR,,,GWL,7:40,HWH,6:55,23h 15m,29,T S,SL 3A 2A 1A 3E,1288 km,55 km/hr,12175
12175,Howrah - Gwalior Chambal Express (PT),SF,NCR,,,HWH,17:45,GWL,17:05,23h 20m,29,S W,SL 3A 2A 1A 3E,1288 km,55 km/hr,12176
14018,Anand Vihar Terminal - Raxaul Sadbhavana Express (via Ayodhya Cantt),Exp,NR,,,ANVT,16:30,RXL,22:05,29h 35m,35,W,SL 3A 2A 1A 3E,1286 km,43 km/hr,14017
14017,Raxaul - Anand Vihar Terminal Sadbhavana Express (Via Ayodhya Cantt) (PT),Exp,NR,,,RXL,23:45,ANVT,4:45,29h 0m,35,T,SL 3A 2A 1A 3E,1286 km,44 km/hr,14018
19625,Daurai (Ajmer) - Bandra Terminus Weekly Express (via Kota) (PT),Exp,NWR,,,DOZ,6:05,BDTS,4:20,22h 15m,14,S,SL 3A 2A 3E,1291 km,58 km/hr,19626
11098,Poorna Express,Exp,CR,,,ERS,18:50,PUNE,23:00,28h 10m,31,M,SL 3A 2A,1281 km,45 km/hr,11097
11097,Poorna Express (PT),Exp,CR,,,PUNE,22:25,ERS,3:15,28h 50m,32,S,SL 3A 2A,1281 km,44 km/hr,11098
22159,Mumbai CSMT - MGR Chennai Central SF Express (PT),SF,CR,,,CSMT,12:45,MAS,10:45,22h 0m,30,S M T W T F S,SL 2A 3E,1280 km,58 km/hr,22160
22160,MGR Chennai Central - Mumbai CSMT SF Express (PT),SF,CR,,,MAS,13:15,CSMT,12:30,23h 15m,29,S M T W T F S,SL 2A 3E,1280 km,55 km/hr,22159
13237,Patna - Kota Express (via Ayodhya Cantt) (PT),Exp,ECR,,,PNBE,11:45,KOTA,11:55,24h 10m,28,S T S,SL 3A 2A 1A 3E,1279 km,53 km/hr,13238
13238,Kota - Patna Express (via Ayodhya Cantt) (PT),Exp,ECR,,,KOTA,18:10,PNBE,19:30,25h 20m,28,S T F,SL 3A 2A 1A 3E,1279 km,50 km/hr,13237
22868,Hazrat Nizamuddin - Durg Humsafar Express,Hms,SECR,,,NZM,11:25,DURG,9:10,21h 45m,14,W S,3A,1274 km,59 km/hr,22867
12824,Chhattisgarh Sampark Kranti Express,SKr,SECR,,,NZM,17:55,DURG,14:55,21h 0m,10,S T F,SL 3A 2A 1A 3E,1273 km,61 km/hr,12823
12823,Chhattisgarh Sampark Kranti Express (PT),SKr,SECR,,,DURG,12:15,NZM,7:50,19h 35m,10,M T S,SL 3A 2A 1A 3E,1273 km,65 km/hr,12824
22867,Durg - Hazrat Nizamuddin Humsafar Express (PT),Hms,SECR,,,DURG,11:00,NZM,7:10,20h 10m,14,T F,3A,1273 km,63 km/hr,22868
17316,Velankanni - Vasco-Da-Gama Weekly Express (PT),Exp,SWR,,,VLNK,23:55,VSG,2:50,26h 55m,25,T,SL 3A 2A 3E,1264 km,47 km/hr,17315
17315,Vasco-Da-Gama - Velankanni Weekly Express,Exp,SWR,,,VSG,8:40,VLNK,12:25,27h 45m,25,M,SL 3A 2A 3E,1264 km,46 km/hr,17316
15014,Ranikhet Express,Exp,NER,,,KGM,20:35,JSM,23:30,26h 55m,36,S M T W T F S,SL 3A 2A 1A,1263 km,47 km/hr,15013
15013,Ranikhet Express,Exp,NER,,,JSM,2:40,KGM,5:05,26h 25m,36,S M T W T F S,SL 3A 2A 1A,1263 km,48 km/hr,15014
12164,MGR Chennai Central - Mumbai LTT SF Express (PT),SF,CR,,,MAS,18:25,LTT,15:55,21h 30m,23,S M T W T F S,SL 3A 2A,1263 km,59 km/hr,12163
12163,Mumbai LTT - MGR Chennai Central SF Express (PT),SF,CR,,,LTT,18:30,MAS,16:10,21h 40m,24,S M T W T F S,SL 3A 2A,1263 km,58 km/hr,12164
22432,MCTM Udhampur - Subedarganj SF Express,SF,NCR,,,MCTM,16:05,SFG,12:55,20h 50m,16,S W,SL 3A 2A 1A 3E,1263 km,61 km/hr,22431
22431,Subedarganj - MCTM Udhampur SF Express (PT),SF,NCR,,,SFG,16:10,MCTM,12:45,20h 35m,16,T S,SL 3A 2A 1A 3E,1263 km,61 km/hr,22432
22180,MGR Chennai Central - Mumbai LTT Weekly SF Express (PT),SF,CR,,,MAS,15:50,LTT,14:30,22h 40m,15,T,SL 3A 2A,1261 km,56 km/hr,22179
22179,Mumbai LTT - MGR Chennai Central Weekly SF Express (PT),SF,CR,,,LTT,13:15,MAS,10:55,21h 40m,18,M,SL 3A 2A,1261 km,58 km/hr,22180
12237,Begampura Express,SF,NR,,,BSB,12:40,JAT,10:50,22h 10m,15,S M T W T F S,SL 3A 2A 1A,1260 km,57 km/hr,12238
12238,Begampura Express,SF,NR,,,JAT,13:45,BSB,12:30,22h 45m,15,S M T W T F S,SL 3A 2A 1A,1260 km,55 km/hr,12237
20163,Bandra Terminus - Jabalpur Weekly Superfast Express,SF,WCR,30-May,,BDTS,16:30,JBP,15:10,22h 40m,12,S,SL 3A 2A 1A,1259 km,56 km/hr,20164
20164,Jabalpur - Bandra Terminus Weekly Superfast Express,SF,WCR,29-May,,JBP,17:00,BDTS,14:15,21h 15m,12,F,SL 3A 2A 1A,1259 km,59 km/hr,20163
15529,Saharsa - Anand Vihar Terminal Jan Sadharan Express (UnReserved),Exp,ECR,,,SHC,14:30,ANVT,18:15,27h 45m,24,W,,1254 km,45 km/hr,15530
15530,Anand Vihar Terminal - Saharsa Jan Sadharan Express (UnReserved),Exp,ECR,,,ANVT,23:45,SHC,3:00,27h 15m,24,T,,1254 km,46 km/hr,15529
12436,Anand Vihar Terminal - Jaynagar Garib Rath Express (PT),GR,NR,,,ANVT,17:20,JYG,13:50,20h 30m,20,T S,3A,1252 km,61 km/hr,12435
12435,Jaynagar - Anand Vihar Terminal Garib Rath Express (PT),GR,NR,,,JYG,12:10,ANVT,9:00,20h 50m,20,M F,3A,1252 km,60 km/hr,12436
20407,Ranchi - New Delhi Rajdhani Express (Via Japla),Raj,NR,,,RNC,18:25,NDLS,11:10,16h 45m,6,T,3A 2A 1A,1251 km,75 km/hr,20408
20408,New Delhi - Ranchi Rajdhani Express (Via Japla),Raj,NR,,,NDLS,16:10,RNC,8:25,16h 15m,6,W,3A 2A 1A,1251 km,77 km/hr,20407
22860,MGR Chennai Central - Puri SF Express (PT),SF,ECoR,,,MAS,16:25,PURI,13:55,21h 30m,19,M,SL 3A 2A,1250 km,58 km/hr,22859
22859,Puri - MGR Chennai Central SF Express (PT),SF,ECoR,,,PURI,17:30,MAS,14:05,20h 35m,19,S,SL 3A 2A 3E,1250 km,61 km/hr,22860
12588,Jammu Tawi - Gorakhpur Amarnath Express,SF,NER,,,JAT,22:45,GKP,20:30,21h 45m,16,S,SL 3A 2A 1A,1247 km,57 km/hr,12587
12587,Gorakhpur - Jammu Tawi Amarnath Express (PT),SF,NER,,,GKP,14:20,JAT,12:30,22h 10m,16,M,SL 3A 2A 1A,1247 km,56 km/hr,12588
14008,Anand Vihar Terminal - Raxaul Sadbhavana Express (via Sitamarhi),Exp,NR,,,ANVT,16:30,RXL,22:05,29h 35m,36,T T,SL 3A 2A 1A 3E,1246 km,42 km/hr,14007
14007,Raxaul - Anand Vihar Terminal Sadbhavana Express (via Sitamarhi) (PT),Exp,NR,,,RXL,23:45,ANVT,4:45,29h 0m,35,W F,SL 3A 2A 1A 3E,1246 km,43 km/hr,14008
12454,New Delhi - Ranchi Rajdhani Express (via Chopan),Raj,NR,,,NDLS,16:10,RNC,9:45,17h 35m,10,S,3A 2A 1A,1244 km,71 km/hr,12453
12453,Ranchi - New Delhi Rajdhani Express (via Chopan),Raj,NR,,,RNC,17:15,NDLS,11:10,17h 55m,10,S,3A 2A 1A,1244 km,69 km/hr,12454
19404,Delhi - Bhuj Express,Exp,WR,24-May,,DLI,16:40,BHUJ,19:35,26h 55m,22,S M T W T F S,SL 3A 2A,1240 km,46 km/hr,19403
19403,Bhuj - Delhi Express,Exp,WR,,,BHUJ,11:15,DLI,11:45,24h 30m,22,S M T W T F S,SL 3A 2A,1240 km,51 km/hr,19404
13239,Patna - Kota Express (via Sultanpur) (PT),Exp,ECR,,,PNBE,11:45,KOTA,11:55,24h 10m,24,M W T F,SL 3A 2A 1A 3E,1238 km,51 km/hr,13240
22931,Bandra Terminus - Jaisalmer SF Express (PT),SF,WR,,,BDTS,12:15,JSM,9:40,21h 25m,28,F,SL 3A 2A 1A,1238 km,58 km/hr,22932
13240,Kota - Patna Express (via Sultanpur) (PT),Exp,ECR,,,KOTA,18:10,PNBE,19:30,25h 20m,24,M T W S,SL 3A 2A 1A 3E,1238 km,49 km/hr,13239
22932,Jaisalmer - Bandra Terminus SF Express,SF,WR,,,JSM,18:10,BDTS,15:50,21h 40m,28,S,SL 3A 2A 1A,1238 km,57 km/hr,22931
12235,Madhupur - Anand Vihar Terminal Humsafar Express,Hms,NR,,,MDP,17:05,ANVT,10:50,17h 45m,10,F,SL 3A 3E,1236 km,70 km/hr,12236
22459,Baba Baidyanath Dham Deoghar Humsafar Express,Hms,NR,,,MDP,12:00,ANVT,6:30,18h 30m,10,T,SL 3A 3E,1236 km,67 km/hr,22460
22460,Baba Baidyanath Dham Deoghar Humsafar Express,Hms,NR,,,ANVT,12:40,MDP,5:30,16h 50m,10,M,SL 3A 3E,1236 km,73 km/hr,22459
12236,Anand Vihar Terminal - Madhupur Humsafar Express,Hms,NR,,,ANVT,17:20,MDP,10:20,17h 0m,10,T,SL 3A 3E,1236 km,73 km/hr,12235
22465,Baba Baidyanath Dham Deoghar SF Express (PT),SF,NR,,,MDP,12:00,ANVT,6:30,18h 30m,10,T,SL 3A 2A 3E,1236 km,67 km/hr,22466
22466,Baba Baidyanath Dham Deoghar SF Express,SF,NR,,,ANVT,12:40,MDP,5:30,16h 50m,10,W,SL 3A 2A 3E,1236 km,73 km/hr,22465
12562,Swatantrata Senani Express (PT),SF,ECR,,,NDLS,21:15,JYG,19:25,22h 10m,18,S M T W T F S,SL 3A 2A 1A 3E,1235 km,56 km/hr,12561
12561,Swatantrata Senani Express (PT),SF,ECR,,,JYG,17:20,NDLS,15:45,22h 25m,19,S M T W T F S,SL 3A 2A 1A 3E,1235 km,55 km/hr,12562
17480,Tirupati - Puri Express (PT),Exp,SCoR,,,TPTY,11:05,PURI,14:50,27h 45m,59,M T W F S,SL 3A 2A,1233 km,44 km/hr,17479
17479,Puri - Tirupati Express (PT),Exp,SCoR,,,PURI,18:30,TPTY,20:05,25h 35m,58,S M W T F,SL 3A 2A,1233 km,48 km/hr,17480
20154,Rewa - Mumbai CSMT Weekly SF Express,SF,WCR,,,REWA,15:50,CSMT,12:20,20h 30m,16,T,SL 3A 2A 1A,1231 km,60 km/hr,20153
20153,Mumbai CSMT - Rewa Weekly SF Express,SF,WCR,,,CSMT,13:30,REWA,9:45,20h 15m,16,F,SL 3A 2A 1A,1231 km,61 km/hr,20154
14016,Anand Vihar Terminal - Raxaul Sadbhavana Express (Via Sagauli),Exp,NR,,,ANVT,16:30,RXL,22:10,29h 40m,36,S F,SL 3A 2A 1A 3E,1229 km,41 km/hr,14015
14015,Raxaul - Anand Vihar Terminal Sadbhavana Express (Via Sagauli) (PT),Exp,NR,,,RXL,22:55,ANVT,4:45,29h 50m,35,S T,SL 3A 2A 1A 3E,1229 km,41 km/hr,14016
20853,Bhubaneswar - MGR Chennai Central SF Express (PT),SF,ECoR,,,BBS,12:10,MAS,8:20,20h 10m,19,T,SL 3A 2A,1225 km,61 km/hr,20854
20854,MGR Chennai Central - Bhubaneswar SF Express (PT),SF,ECoR,,,MAS,10:00,BBS,6:15,20h 15m,19,F,SL 3A 2A,1225 km,60 km/hr,20853
25014,Corbett Park Link Express,Exp,NER,,,RMR,22:25,JSM,23:30,25h 5m,32,S M T W T F S,SL 3A 2A,1224 km,49 km/hr,15013-Slip
19032,Yoga Express,Exp,WR,,,YNRK,14:55,SBIB,15:20,24h 25m,43,S M T W T F S,SL 3A 2A 1A 3E,1224 km,50 km/hr,19031
19031,Yoga Express (PT),Exp,WR,,,SBIB,11:25,YNRK,12:25,25h 0m,43,S M T W T F S,SL 3A 2A 1A 3E,1224 km,49 km/hr,19032
15013-Slip,Corbett Park Link Express,Exp,NER,,,JSM,2:40,RMR,4:15,25h 35m,32,S M T W T F S,SL 3A 2A,1224 km,48 km/hr,25014
17430,Akola - Tirupati Express (PT),Exp,SCoR,,,AK,8:10,TPTY,8:30,24h 20m,23,S,SL 3A 2A,1221 km,50 km/hr,17429
17429,Tirupati - Akola Express (PT),Exp,SCoR,8-May,,TPTY,12:25,AK,14:00,25h 35m,23,F,SL 3A 2A,1221 km,48 km/hr,17430
22473,Bikaner - Bandra Terminus SF Express (via Jodhpur),SF,NWR,,,BKN,15:30,BDTS,12:00,20h 30m,21,M,SL 3A 2A 3E,1214 km,59 km/hr,22474
21903,Bandra Terminus - Bikaner AC SF Express (PT),ACSF,WR,,,BDTS,23:25,BKN,20:15,20h 50m,19,M,CC 3E,1214 km,58 km/hr,21904
22474,Bandra Terminus - Bikaner SF Express (via Jodhpur) (PT),SF,NWR,,,BDTS,14:40,BKN,10:25,19h 45m,21,T,SL 3A 2A 3E,1214 km,61 km/hr,22473
21904,Bikaner - Bandra Terminus AC SF Express,ACSF,WR,,,BKN,9:00,BDTS,6:45,21h 45m,19,W,CC 3E,1214 km,56 km/hr,21903
17253,Guntur - Chhatrapati Sambhajinagar Express,Exp,SCoR,,,GNT,7:20,CPSN,12:40,29h 20m,75,S M T W T F S,SL 3A,1211 km,41 km/hr,17254
17254,Chhatrapati Sambhajinagar - Guntur Express,Exp,SCoR,,,CPSN,16:15,GNT,21:55,29h 40m,76,S M T W T F S,SL 3A,1211 km,41 km/hr,17253
11036,Sharavati Express,Exp,CR,,,MYS,6:15,DR,5:45,23h 30m,24,S,SL 3A 2A,1211 km,52 km/hr,11035
11035,Sharavati Express (PT),Exp,CR,,,DR,21:30,MYS,21:00,23h 30m,25,T,SL 3A 2A,1211 km,52 km/hr,11036
22406,Anand Vihar Terminal - Bhagalpur Garib Rath Express,GR,NR,,,ANVT,17:20,BGP,11:00,17h 40m,18,M W F,3A,1208 km,68 km/hr,22405
16554,Mumbai LTT - SMVT Bengaluru Express,Exp,SWR,24-May,,LTT,23:15,SMVB,22:30,23h 15m,15,S W,SL 3A 2A,1208 km,52 km/hr,16553
12368,Vikramshila Express (PT),SF,ER,,,ANVT,13:15,BGP,8:15,19h 0m,21,S M T W T F S,SL 3A 2A 1A 3E,1208 km,64 km/hr,12367
12367,Vikramshila Express (PT),SF,ER,,,BGP,11:55,ANVT,7:20,19h 25m,21,S M T W T F S,SL 3A 2A 1A 3E,1208 km,62 km/hr,12368
22405,Bhagalpur - Anand Vihar Terminal Garib Rath Express (PT),GR,NR,,,BGP,13:55,ANVT,9:00,19h 5m,18,T T S,3A,1208 km,63 km/hr,22406
22406,Anand Vihar Terminal - Bhagalpur Garib Rath Express,GR,NR,,,ANVT,17:20,BGP,11:00,17h 40m,18,M W F,3A,1208 km,68 km/hr,22405
17207,Sainagar Shirdi - Machilipatnam Weekly Express (PT),Exp,SCoR,,,SNSI,17:00,MTM,17:35,24h 35m,34,W,SL 3A 2A 1A,1206 km,49 km/hr,17208
17208,Machilipatnam - Sainagar Shirdi Weekly Express (PT),Exp,SCoR,,,MTM,6:50,SNSI,9:10,26h 20m,30,T,SL 3A 2A 1A,1206 km,46 km/hr,17207
14854,Marudhar Express (via Ayodhya Cantt),Exp,NWR,,,JU,8:35,BCY,10:00,25h 25m,38,M T S,SL 3A 2A 3E,1203 km,47 km/hr,14853
14853,Marudhar Express (via Ayodhya Cantt),Exp,NWR,,,BCY,16:40,JU,17:30,24h 50m,37,M W S,SL 3A 2A 3E,1203 km,48 km/hr,14854
18201,Durg - Nautanwa Express (via Varanasi) (PT),Exp,SECR,,,DURG,20:05,NTV,21:55,25h 50m,24,W F,SL 3A 2A 1A 3E,1197 km,46 km/hr,18202
18202,Nautanwa - Durg Express (via Varanasi),Exp,SECR,,,NTV,11:35,DURG,13:00,25h 25m,24,S F,SL 3A 2A 1A 3E,1197 km,47 km/hr,18201
11632,Dhanbad - Bhopal Express,Exp,WCR,,,DHN,7:20,BPL,7:00,23h 40m,30,S W S,SL 3A 2A 1A 3E,1195 km,50 km/hr,11631
11631,Bhopal - Dhanbad Express,Exp,WCR,,,BPL,20:55,DHN,20:20,23h 25m,30,M T F,SL 3A 2A 1A 3E,1195 km,51 km/hr,11632
14006,Lichchavi Express,Exp,NR,,,ANVT,18:00,SMI,20:20,26h 20m,40,S M T W T F S,SL 3A 2A 1A 3E,1195 km,45 km/hr,14005
14005,Lichchavi Express (PT),Exp,NR,,,SMI,2:30,ANVT,4:15,25h 45m,40,S M T W T F S,SL 3A 2A 1A 3E,1195 km,46 km/hr,14006
15661,Ranchi - Kamakhya Express (PT),Exp,NFR,,,RNC,20:25,KYQ,23:55,27h 30m,24,W,SL 3A 2A,1192 km,43 km/hr,15662
15662,Kamakhya - Ranchi Express (PT),Exp,NFR,,,KYQ,12:00,RNC,14:35,26h 35m,25,T,SL 3A 2A,1192 km,45 km/hr,15661
14888,Barmer - Rishikesh Express,Exp,NWR,,,BME,8:00,RKSH,9:40,25h 40m,42,S M T W T F S,SL 3A 2A,1190 km,46 km/hr,14887
14887,Rishikesh - Barmer Express,Exp,NWR,,,RKSH,19:40,BME,19:50,24h 10m,42,S M T W T F S,SL 3A 2A,1190 km,49 km/hr,14888
12404,Lalgarh - Prayagraj SF Express (Via Fatehpur Shekhawati),SF,NCR,,,LGH,7:35,PRYJ,4:50,21h 15m,30,S T W F,SL 3A 2A 1A 3E,1183 km,56 km/hr,12403
12403,Prayagraj - Lalgarh SF Express (via Fatehpur Shekhawati) (PT),SF,NCR,,,PRYJ,23:05,LGH,20:25,21h 20m,30,M T T S,SL 3A 2A 1A 3E,1183 km,55 km/hr,12404
22872,Tirupati - Bhubaneswar SF Express,SF,ECoR,,,TPTY,10:25,BBS,6:15,19h 50m,17,M,SL 3A 2A 1A,1181 km,60 km/hr,22871
15279,Poorabiya Express (PT),Exp,ECR,,,SHC,11:30,ANVT,12:00,24h 30m,22,S T,SL 3A 2A 1A 3E,1181 km,48 km/hr,15280
15280,Poorabiya Express (PT),Exp,ECR,,,ANVT,17:10,SHC,19:25,26h 15m,22,M F,SL 3A 2A 1A 3E,1181 km,45 km/hr,15279
22871,Bhubaneswar - Tirupati Weekly SF Express,SF,ECoR,,,BBS,12:10,TPTY,8:30,20h 20m,17,S,SL 3A 2A 1A,1181 km,58 km/hr,22872
14865,Marudhar Express (Via MBDD Pratapgarh),Exp,NWR,,,BCY,16:40,JU,17:30,24h 50m,34,T,SL 3A 2A 3E,1181 km,48 km/hr,14866
22879,Bhubaneswar - Tirupati SF Express (PT),SF,ECoR,,,BBS,12:10,TPTY,8:30,20h 20m,19,S,SL 3A 2A 1A,1181 km,58 km/hr,22880
14866,Marudhar Express (Via MBDD Pratapgarh) (PT),Exp,NWR,,,JU,8:35,BCY,7:40,23h 5m,35,W,SL 3A 2A 3E,1181 km,51 km/hr,14865
22880,Tirupati - Bhubaneswar SF Express (PT),SF,ECoR,,,TPTY,10:25,BBS,6:15,19h 50m,19,S,SL 3A 2A 1A,1181 km,60 km/hr,22879
17638,Tiruchanur - Jalna Express (PT),Exp,SCR,,,TCNR,15:15,J,21:00,29h 45m,21,T,SL 3A 2A,1178 km,40 km/hr,17637
17637,Jalna - Tiruchanur Express (PT),Exp,SCR,11-May,,J,7:00,TCNR,12:00,29h 0m,21,M,SL 3A 2A,1178 km,41 km/hr,17638
13182,Kaziranga Express (PT),Exp,ER,,,SHTT,13:45,KOAA,12:05,22h 20m,18,T,SL 3A 2A 3E,1175 km,53 km/hr,13181
13181,Kaziranga Express (PT),Exp,ER,,,KOAA,9:05,SHTT,8:10,23h 5m,18,M,SL 3A 2A 3E,1175 km,51 km/hr,13182
22152,Kazipet - Pune Weekly SF Express (PT),SF,CR,,,KZJ,13:25,PUNE,10:50,21h 25m,20,S,SL 3A 2A,1174 km,55 km/hr,22151
22151,Pune - Kazipet Weekly SF Express (PT),SF,CR,,,PUNE,22:00,KZJ,19:20,21h 20m,20,F,SL 3A 2A,1174 km,55 km/hr,22152
19802,Danapur – Sogaria (Kota) Express,Exp,WCR,,,DNR,12:45,SGAC,11:00,22h 15m,14,T,SL 3A 2A 3E,1173 km,53 km/hr,19801
19801,Sogaria (Kota) – Danapur Express,Exp,WCR,,,SGAC,12:45,DNR,10:00,21h 15m,14,M,SL 3A 2A 3E,1173 km,55 km/hr,19802
17622,Tirupati - Chhatrapati Sambhajinagar Weekly Express (PT),Exp,SCR,,,TPTY,22:55,CPSN,22:40,23h 45m,24,S,SL 3A 2A,1169 km,49 km/hr,17621
17621,Chhatrapati Sambhajinagar - Tirupati Weekly Express,Exp,SCR,,,CPSN,20:50,TPTY,20:30,23h 40m,24,F,SL 3A 2A,1169 km,49 km/hr,17622
12566,Bihar Sampark Kranti Express (PT),SKr,ECR,,,NDLS,12:45,DBG,9:35,20h 50m,14,S M T W T F S,SL 3A 2A 1A 3E,1168 km,56 km/hr,12565
12565,Bihar Sampark Kranti Express (PT),SKr,ECR,,,DBG,8:15,NDLS,5:05,20h 50m,14,S M T W T F S,SL 3A 2A 1A 3E,1168 km,56 km/hr,12566
15028,Maurya Express,Exp,NER,,,GKP,7:15,SBP,14:40,31h 25m,53,S M T W T F S,SL 3A 2A,1164 km,37 km/hr,15027
15027,Maurya Express (PT),Exp,NER,,,SBP,9:20,GKP,16:35,31h 15m,54,S M T W T F S,SL 3A 2A,1164 km,37 km/hr,15028
19726,Darbhanga - Khatipura (Jaipur) Amrit Bharat Express,AB,NWR,23-Jun,,DBG,4:30,KWP,8:40,28h 10m,23,M T W T F S,SL,1164 km,41 km/hr,19725
19725,Khatipura (Jaipur) - Darbhanga Amrit Bharat Express,AB,NWR,22-Jun,,KWP,22:30,DBG,0:55,26h 25m,23,S M T W T S,SL,1164 km,44 km/hr,19726
14864,Marudhar Express (Via Sultanpur),Exp,NWR,,,JU,8:35,BCY,7:00,22h 25m,34,S T F,SL 3A 2A 3E,1163 km,52 km/hr,14863
14863,Marudhar Express (Via Sultanpur),Exp,NWR,,,BCY,16:40,JU,17:30,24h 50m,33,S T F,SL 3A 2A 3E,1163 km,47 km/hr,14864
18005,Samaleswari Express (PT),Exp,SER,,,HWH,22:10,JDB,22:30,24h 20m,38,S M T W T F S,SL 3A 2A 1A,1162 km,48 km/hr,18006
18006,Samaleswari Express,Exp,SER,,,JDB,5:30,HWH,6:30,25h 0m,38,S M T W T F S,SL 3A 2A 1A,1162 km,46 km/hr,18005
13288,South Bihar Express (PT),Exp,ECR,,,ARA,18:45,DURG,20:40,25h 55m,55,S M T W T F S,SL 3A 2A 1A 3E,1161 km,45 km/hr,13287
13287,South Bihar Express (PT),Exp,ECR,,,DURG,6:50,ARA,9:30,26h 40m,54,S M T W T F S,SL 3A 2A 1A 3E,1161 km,44 km/hr,13288
17438,Pandharpur - Tirupati Express,Exp,SCoR,17-May,,PVR,20:00,TPTY,23:30,27h 30m,26,S,SL 3A 2A,1160 km,42 km/hr,17437
17437,Tirupati - Pandharpur Express (PT),Exp,SCoR,16-May,,TPTY,16:00,PVR,19:00,27h 0m,26,S,SL 3A 2A,1160 km,43 km/hr,17438
12956,Jaipur - Mumbai Central SF Express (PT),SF,WR,,,JP,14:00,MMCT,6:55,16h 55m,18,S M T W T F S,SL 3A 2A 1A,1160 km,69 km/hr,12955
12955,Mumbai Central - Jaipur SF Express (PT),SF,WR,,,MMCT,19:05,JP,12:00,16h 55m,18,S M T W T F S,SL 3A 2A 1A,1160 km,69 km/hr,12956
20984,Delhi Sarai Rohilla - Bhuj SF Express,SF,WR,,,DEE,15:00,BHUJ,11:00,20h 0m,18,W S,SL 3A 2A 1A,1155 km,58 km/hr,20983
20983,Bhuj - Delhi Sarai Rohilla SF Express,SF,WR,,,BHUJ,17:10,DEE,12:30,19h 20m,18,T F,SL 3A 2A 1A,1155 km,60 km/hr,20984
22356,Chandigarh - Patliputra SF Express,SF,ECR,,,CDG,21:30,PPTA,19:00,21h 30m,14,M T,SL 3A 2A 1A 3E,1153 km,54 km/hr,22355
22355,Patliputra - Chandigarh SF Express (PT),SF,ECR,,,PPTA,20:40,CDG,17:25,20h 45m,14,S W,SL 3A 2A 1A 3E,1153 km,56 km/hr,22356
22407,Ambikapur - Hazrat Nizamuddin SF Express (PT),SF,NR,,,ABKP,7:30,NZM,4:25,20h 55m,14,T,SL 3A 2A 1A,1153 km,55 km/hr,22408
22408,Hazrat Nizamuddin - Ambikapur SF Express,SF,NR,,,NZM,23:00,ABKP,18:50,19h 50m,14,T,SL 3A 2A 1A,1153 km,58 km/hr,22407
22934,Jaipur - Bandra Terminus Weekly SF Express,SF,WR,,,JP,13:10,BDTS,6:30,17h 20m,13,T,SL 3A 2A 1A,1149 km,66 km/hr,22933
12980,Jaipur - Bandra Terminus SF Express (PT),SF,NWR,,,JP,20:20,BDTS,13:15,16h 55m,16,M W F,SL 3A 2A 1A 3E,1149 km,68 km/hr,12979
12979,Bandra Terminus - Jaipur SF Express (PT),SF,NWR,,,BDTS,17:05,JP,10:05,17h 0m,16,T T S,SL 3A 2A 1A 3E,1149 km,68 km/hr,12980
22933,Bandra Terminus - Jaipur Weekly SF Express (PT),SF,WR,,,BDTS,17:05,JP,10:05,17h 0m,13,M,SL 3A 2A 1A,1149 km,68 km/hr,22934
17015,Visakha Express (PT),Exp,SCR,,,BBSN,8:00,SC,7:45,23h 45m,41,S M T W T F S,SL 3A 2A 1A,1148 km,48 km/hr,17016
17016,Visakha Express (PT),Exp,SCR,,,SC,16:50,BBSN,16:25,23h 35m,41,S M T W T F S,SL 3A 2A 1A,1148 km,49 km/hr,17015
14318,Yog Nagari Rishikesh - Laxmi Bai Nagar Express,Exp,NR,,,YNRK,6:15,LMNR,6:05,23h 50m,28,F S,SL 3A 2A 3E,1147 km,48 km/hr,14317
14310,Ujjaini Express,Exp,NR,,,YNRK,6:15,LMNR,6:05,23h 50m,29,T W,SL 3A 2A 3E,1147 km,48 km/hr,14309
14309,Ujjaini Express (PT),Exp,NR,,,LMNR,15:25,YNRK,18:45,27h 20m,28,W T,SL 3A 2A 3E,1147 km,42 km/hr,14310
19724,Bandra Terminus - Jaipur Weekly Express,Exp,NWR,27-Aug,,BDTS,8:35,JP,6:45,22h 10m,14,T,SL 3A 2A 1A 3E,1152 km,52 km/hr,19723
19723,Jaipur - Bandra Terminus Weekly Express,Exp,NWR,26-Aug,,JP,8:20,BDTS,5:10,20h 50m,14,W,SL 3A 2A 1A 3E,1152 km,55 km/hr,19724
14317,Laxmi Bai Nagar - Yog Nagari Rishikesh Express (PT),Exp,NR,,,LMNR,15:25,YNRK,18:45,27h 20m,27,S S,SL 3A 2A 3E,1147 km,42 km/hr,14318
11448,Shaktipunj Express,Exp,WCR,,,HWH,13:10,JBP,14:20,25h 10m,44,S M T W T F S,SL 3A 2A 1A 3E,1143 km,45 km/hr,11447
11447,Shaktipunj Express,Exp,WCR,,,JBP,22:25,HWH,22:45,24h 20m,44,S M T W T F S,SL 3A 2A 1A 3E,1143 km,47 km/hr,11448
18205,Durg - Nautanwa Express (via Ayodhya Cantt.) (PT),Exp,SECR,,,DURG,20:05,NTV,21:55,25h 50m,25,T,SL 3A 2A 1A 3E,1144 km,44 km/hr,18206
18206,Nautanwa - Durg Express (via Ayodhya Cantt.),Exp,SECR,,,NTV,9:00,DURG,13:00,28h 0m,25,S,SL 3A 2A 1A 3E,1144 km,41 km/hr,18205
17405,Krishna Express (PT),Exp,SCoR,,,TPTY,5:40,ADB,6:15,24h 35m,55,S M T W T F S,SL 3A,1139 km,46 km/hr,17406
17406,Krishna Express (PT),Exp,SCoR,,,ADB,21:05,TPTY,21:40,24h 35m,56,S M T W T F S,SL 3A,1139 km,46 km/hr,17405
14623,Seer Govardhanpur Varanasi Express,Exp,NR,20-Jul,,BSB,19:50,CIA,17:10,21h 20m,11,M T S,SL 3A 2A,1138 km,53 km/hr,14624
14624,Seer Govardhanpur Varanasi Express,Exp,NR,19-Jul,,CIA,14:05,BSB,12:15,22h 10m,11,S W F,SL 3A 2A,1138 km,51 km/hr,14623
15558,Anand Vihar Terminal - Darbhanga Amrit Bharat Express,AB,ECR,,,ANVT,15:10,DBG,12:20,21h 10m,20,T F,SL,1137 km,54 km/hr,15557
15557,Darbhanga - Anand Vihar Terminal Amrit Bharat Express (PT),AB,ECR,,,DBG,14:55,ANVT,12:50,21h 55m,20,M T,SL,1137 km,52 km/hr,15558
19804,SMVD Katra - Kota Express,Exp,WCR,,,SVDK,22:30,KOTA,20:50,22h 20m,26,S,SL 3A 2A 1A 3E,1136 km,51 km/hr,19803
11301,Udyan Express (PT),Exp,CR,,,CSMT,7:55,SBC,6:00,22h 5m,31,S M T W T F S,SL 3A 2A 1A 3E,1136 km,51 km/hr,11302
19803,Kota - SMVD Katra Express (PT),Exp,WCR,,,KOTA,16:35,SVDK,13:35,21h 0m,26,S,SL 3A 2A 1A 3E,1136 km,54 km/hr,19804
11302,Udyan Express (PT),Exp,CR,,,SBC,20:40,CSMT,20:15,23h 35m,31,S M T W T F S,SL 3A 2A 1A 3E,1136 km,48 km/hr,11301
20413,Kashi Mahakal SF Express (Via Lucknow),SF,NR,,,BSB,14:00,INDB,9:00,19h 0m,8,T T,SL 3A 2A 1A 3E,1135 km,60 km/hr,20414
20414,Kashi Mahakal SF Express (Via Lucknow),SF,NR,,,INDB,10:15,BSB,5:45,19h 30m,8,W F,SL 3A 2A 1A 3E,1135 km,58 km/hr,20413
15021,Shalimar - Gorakhpur Express (PT),Exp,NER,,,SHM,19:50,GKP,19:50,24h 0m,21,T,SL 3A 2A 1A,1132 km,47 km/hr,15022
15022,Gorakhpur - Shalimar Express,Exp,NER,,,GKP,11:00,SHM,10:05,23h 5m,21,M,SL 3A 2A 1A,1132 km,49 km/hr,15021
15001,Muzaffarpur - Dehradun Rapti Ganga Express,Exp,NER,,,MFP,14:00,DDN,14:15,24h 15m,25,M,SL 3A 2A 1A,1124 km,46 km/hr,15002
15002,Dehradun - Muzaffarpur Rapti Ganga Express,Exp,NER,,,DDN,15:15,MFP,16:30,25h 15m,25,S,SL 3A 2A 1A,1124 km,45 km/hr,15001
19576,Nathdwara - Okha Weekly Express,Exp,WR,,,NDT,20:25,OKHA,19:10,22h 45m,18,T,SL 3A 2A 1A 3E,1123 km,49 km/hr,19575
19575,Okha - Nathdwara Weekly Express,Exp,WR,,,OKHA,8:20,NDT,6:25,22h 5m,18,W,SL 3A 2A 1A 3E,1123 km,51 km/hr,19576
12556,Gorakhdham SF Express (PT),SF,NER,,,BTI,14:15,GKP,10:00,19h 45m,20,S M T W T F S,SL 3A 2A 1A,1120 km,57 km/hr,12555
12555,Gorakhdham SF Express (PT),SF,NER,,,GKP,16:20,BTI,12:25,20h 5m,21,S M T W T F S,SL 3A 2A 1A,1124 km,56 km/hr,12556
20827,Jabalpur - Santragachi Humsafar Express,Hms,SER,,,JBP,20:20,SRC,16:00,19h 40m,10,T,3A,1117 km,57 km/hr,20828
20828,Santragachi - Jabalpur Humsafar Express,Hms,SER,,,SRC,20:15,JBP,15:25,19h 10m,10,W,3A,1117 km,58 km/hr,20827
20986,MCTM Udhampur - Kota Weekly SF Express,SF,WCR,,,MCTM,18:45,KOTA,12:40,17h 55m,18,T,SL 3A 2A 1A 3E,1112 km,62 km/hr,20985
20985,Kota - MCTM Udhampur Weekly SF Express (PT),SF,WCR,,,KOTA,16:35,MCTM,12:10,19h 35m,18,W,SL 3A 2A 1A 3E,1112 km,57 km/hr,20986
20914,Delhi Sarai Rohilla - Rajkot Weekly SF Express,SF,WR,,,DEE,13:20,RJT,7:50,18h 30m,22,F,SL 3A 2A 1A 3E,1109 km,60 km/hr,20913
19057,Surat - Mangaluru Jn. Express (PT),Exp,WR,3-Jun,,ST,19:35,MAJN,19:45,24h 10m,36,S W,SL 3A 2A,1109 km,46 km/hr,19058
20913,Rajkot - Delhi Sarai Rohilla Weekly SF Express,SF,WR,,,RJT,15:10,DEE,9:55,18h 45m,22,T,SL 3A 2A 1A 3E,1109 km,59 km/hr,20914
19058,Mangaluru Jn. - Surat Express (PT),Exp,WR,4-Jun,,MAJN,22:30,ST,23:45,25h 15m,36,M T,SL 3A 2A,1109 km,44 km/hr,19057
12392,Shramjeevi SF Express (PT),SF,ECR,,,NDLS,13:10,RGD,10:40,21h 30m,32,S M T W T F S,SL 3A 2A 1A,1102 km,51 km/hr,12391
12391,Shramjeevi SF Express (PT),SF,ECR,,,RGD,7:45,NDLS,4:40,20h 55m,32,S M T W T F S,SL 3A 2A 1A,1102 km,53 km/hr,12392
16535,Gol Gumbaz Express,Exp,SWR,,,MYS,15:45,PVR,12:25,20h 40m,31,S M T W T F S,SL 3A 2A 1A,1098 km,53 km/hr,16536
16536,Gol Gumbaz Express (PT),Exp,SWR,,,PVR,13:00,MYS,10:45,21h 45m,31,S M T W T F S,SL 3A 2A 1A,1098 km,50 km/hr,16535
14803,Bhagat Ki Kothi - Jammu Tawi Express,Exp,NWR,,,BGKT,7:00,JAT,6:20,23h 20m,36,S M T W T F S,SL 3A 2A 3E,1094 km,47 km/hr,14804
14804,Jammu Tawi - Bhagat Ki Kothi Express,Exp,NWR,,,JAT,8:40,BGKT,9:30,24h 50m,36,S M T W T F S,SL 3A 2A 3E,1094 km,44 km/hr,14803
17078,Tiruchchirappalli - Charlapalli Express (PT),Exp,SCR,8-Jul,,TPJ,21:30,CHZ,22:20,24h 50m,22,W,SL 3A 2A,1093 km,44 km/hr,17077
17077,Charlapalli - Tiruchchirappalli Express (PT),Exp,SCR,7-Jul,,CHZ,17:20,TPJ,18:45,25h 25m,22,T,SL 3A 2A,1093 km,43 km/hr,17078
17068,Bhubaneswar New - Charlapalli Express,Exp,SCR,26-May,,BBSN,22:15,CHZ,21:50,23h 35m,21,T,SL 3A 2A,1120 km,47 km/hr,17067
17067,Charlapalli - Bhubaneswar New Express (PT),Exp,SCR,25-May,,CHZ,18:10,BBSN,16:45,22h 35m,21,M,SL 3A 2A,1120 km,50 km/hr,17068
20495,Jodhpur - Hadapsar (Pune) SF Express (PT),SF,NWR,,,JU,22:00,HDP,17:10,19h 10m,20,S M T W T F S,SL 3A 2A 3E,1092 km,57 km/hr,20496
20496,Hadapsar (Pune) - Jodhpur SF Express,SF,NWR,,,HDP,19:15,JU,15:10,19h 55m,20,S M T W T F S,SL 3A 2A 3E,1092 km,55 km/hr,20495
19665,Khajuraho - Udaipur City Express (PT),Exp,NWR,,,KURJ,9:25,UDZ,6:55,21h 30m,33,S M T W T F S,SL 3A 2A 1A 3E,1090 km,51 km/hr,19666
19666,Udaipur City - Khajuraho Express (PT),Exp,NWR,,,UDZ,21:50,KURJ,19:05,21h 15m,33,S M T W T F S,SL 3A 2A 1A 3E,1090 km,51 km/hr,19665
22423,Gorakhpur - Amritsar Jansadharan SF Express (UnReserved),SF,NR,,,GKP,10:50,ASR,6:30,19h 40m,14,M,,1086 km,55 km/hr,22424
22424,Amritsar - Gorakhpur Jansadharan SF Express (UnReserved),SF,NR,,,ASR,12:45,GKP,7:50,19h 5m,14,S,,1086 km,57 km/hr,22423
11090,Pune - Bhagat Ki Kothi Express (PT),Exp,CR,,,PUNE,20:10,BGKT,16:00,19h 50m,25,S,SL 3A 2A,1082 km,55 km/hr,11089
11089,Bhagat Ki Kothi - Pune Express,Exp,CR,,,BGKT,12:15,PUNE,7:35,19h 20m,25,T,SL 3A 2A,1082 km,56 km/hr,11090
22844,Buxar - Bilaspur SF Express,SF,SECR,,,BXR,21:40,BSP,17:20,19h 40m,27,S,SL 3A 2A 1A 3E,1082 km,55 km/hr,22843
20415,Kashi Mahakal SF Express (via Prayagraj),SF,NR,,,BSB,15:15,INDB,9:00,17h 45m,8,S,SL 3A 2A 1A 3E,1082 km,61 km/hr,20416
20416,Kashi Mahakal SF Express (via Prayagraj) (PT),SF,NR,,,INDB,10:15,BSB,3:40,17h 25m,8,M,SL 3A 2A 1A 3E,1082 km,62 km/hr,20415
22843,Bilaspur - Buxar SF Express,SF,SECR,,,BSP,20:30,BXR,16:10,19h 40m,27,F,SL 3A 2A 1A 3E,1082 km,55 km/hr,22844
12788,Nagarsol - Narasapur Superfast Express (Via Warangal),SF,SCoR,,,NSL,12:50,NS,8:35,19h 45m,20,S T W T F,SL 3A 2A 1A,1076 km,54 km/hr,12787
12787,Narasapur - Nagarsol Superfast Express (Via Warangal) (PT),SF,SCoR,,,NS,11:25,NSL,7:20,19h 55m,20,M T W T S,SL 3A 2A 1A,1076 km,54 km/hr,12788
15160,Sarnath Express (PT),Exp,NER,,,DURG,20:30,CPR,21:35,25h 5m,45,S M T W T F S,SL 3A 2A 1A 3E,1076 km,43 km/hr,15159
15159,Sarnath Express,Exp,NER,,,CPR,7:10,DURG,7:05,23h 55m,45,S M T W T F S,SL 3A 2A 1A 3E,1076 km,45 km/hr,15160
12918,Hazrat Nizamuddin - Ahmedabad Gujarat Sampark Kranti Express,SKr,WR,,,NZM,13:25,ADI,3:25,14h 0m,8,T,SL 3A 2A 1A 3E,1074 km,77 km/hr,12917
12917,Ahmedabad - Hazrat Nizamuddin Gujarat Sampark Kranti Express (PT),SKr,WR,,,ADI,15:30,NZM,5:50,14h 20m,8,M,SL 3A 2A 1A 3E,1074 km,75 km/hr,12918
22168,Hazrat Nizamuddin - Singrauli Urjadhani Express,SF,WCR,,,NZM,23:00,SGRL,17:05,18h 5m,13,M T,SL 3A 2A 1A 3E,1073 km,59 km/hr,22167
22167,Singrauli - Hazrat Nizamuddin Urjadhani Express (PT),SF,WCR,,,SGRL,10:30,NZM,4:40,18h 10m,13,S W,SL 3A 2A 1A 3E,1073 km,59 km/hr,22168
18509,Vishakapatnam - SMVT Bengaluru Express (PT),Exp,SCoR,10-May,,VSKP,15:20,SMVB,13:50,22h 30m,16,S,SL 3A 2A 3E,1072 km,48 km/hr,18510
16127,Chennai Egmore - Guruvayur Express (PT),Exp,SR,,,TBM,11:07,GUV,7:40,20h 33m,47,S M T W T F S,SL 3A 2A,1072 km,52 km/hr,16128
16128,Guruvayur - Chennai Egmore Express (PT),Exp,SR,,,GUV,23:15,TBM,19:28,20h 13m,45,S M T W T F S,SL 3A 2A,1072 km,53 km/hr,16127
18510,SMVT Bengaluru - Visakhapatnam Express,Exp,SCoR,11-May,,SMVB,15:50,VSKP,13:30,21h 40m,16,M,SL 3A 2A 3E,1072 km,49 km/hr,18509
15619,Gaya - Kamakhya Express (PT),Exp,NFR,,,GAYA,12:35,KYQ,12:00,23h 25m,21,T,SL 3A 2A 1A,1070 km,46 km/hr,15620
15620,Kamakhya - Gaya Express (PT),Exp,NFR,,,KYQ,7:00,GAYA,6:10,23h 10m,21,M,SL 3A 2A 1A,1070 km,46 km/hr,15619
20945,Ekta Nagar - Hazrat Nizamuddin Gujarat Sampark Kranti Express (PT),SKr,WR,,,EKNR,23:30,NZM,13:55,14h 25m,6,T S,SL 3A 2A 1A 3E,1067 km,74 km/hr,20946
20946,Hazrat Nizamuddin - Ekta Nagar Gujarat Sampark Kranti Express (PT),SKr,WR,,,NZM,15:45,EKNR,6:55,15h 10m,6,S F,SL 3A 2A 1A 3E,1067 km,70 km/hr,20945
20802,Magadh Express,SF,SER,,,NDLS,21:05,IPR,15:25,18h 20m,27,S M T W T F S,SL 3A 2A 1A 3E,1063 km,58 km/hr,20801
20801,Magadh Express,SF,SER,,,IPR,15:30,NDLS,12:00,20h 30m,27,S M T W T F S,SL 3A 2A 1A 3E,1063 km,52 km/hr,20802
11088,Pune - Veraval Express (PT),Exp,CR,,,PUNE,20:10,VRL,16:25,20h 15m,23,T,SL 3A 2A,1061 km,52 km/hr,11087
20952,Jaipur - Okha Weekly SF Express,SF,WR,,,JP,17:40,OKHA,11:50,18h 10m,19,T,SL 3A 2A 1A 3E,1058 km,58 km/hr,20951
12212,Anand Vihar Terminal - Muzaffarpur Garib Rath Express,GR,NR,,,ANVT,20:55,MFP,18:15,21h 20m,13,W,3A,1058 km,50 km/hr,12211
12211,Muzaffarpur - Anand Vihar Terminal Garib Rath Express,GR,NR,,,MFP,15:15,ANVT,12:25,21h 10m,13,F,3A,1058 km,50 km/hr,12212
20951,Okha - Jaipur Weekly SF Express (PT),SF,WR,,,OKHA,21:30,JP,15:20,17h 50m,19,M,SL 3A 2A 1A 3E,1058 km,59 km/hr,20952
12558,Sapt Kranti SF Express (PT),SF,ECR,,,ANVT,14:35,MFP,11:05,20h 30m,17,S M T W T F S,SL 3A 2A 1A 3E,1058 km,52 km/hr,12557
12557,Sapt Kranti SF Express (PT),SF,ECR,,,MFP,11:35,ANVT,7:40,20h 5m,17,S M T W T F S,SL 3A 2A 1A 3E,1058 km,53 km/hr,12558
11087,Veraval - Pune Express (PT),Exp,CR,,,VRL,11:05,PUNE,7:35,20h 30m,24,S,SL 3A 2A,1061 km,52 km/hr,11088
18521,Tirumala Express (PT),Exp,SCoR,,,VSKP,14:00,GTL,11:30,21h 30m,38,S M T W T F S,SL 3A 2A 1A 3E,1056 km,49 km/hr,18522
18522,Tirumala Express (PT),Exp,SCoR,,,GTL,13:30,VSKP,11:30,22h 0m,41,S M T W T F S,SL 3A 2A 1A 3E,1056 km,48 km/hr,18521
11123,Gwalior - Barauni Mail (PT),Exp,NCR,,,GWL,12:05,BJU,12:55,24h 50m,43,S M T W T F S,SL 3A 2A 3E,1055 km,42 km/hr,11124
11124,Barauni - Gwalior Mail,Exp,NCR,,,BJU,18:45,GWL,20:30,25h 45m,41,S M T W T F S,SL 3A 2A 3E,1055 km,41 km/hr,11123
14048,Delhi - Sitamarhi Amrit Bharat Express,AB,NR,,,DLI,14:00,SMI,10:45,20h 45m,15,S,SL,1050 km,51 km/hr,14047
14047,Sitamarhi - Delhi Amrit Bharat Express (PT),AB,NR,,,SMI,22:20,DLI,22:40,24h 20m,15,S,SL,1050 km,43 km/hr,14048
20162,Jabalpur - Pune Weekly SF Express,SF,WCR,,,JBP,13:50,PUNE,6:25,16h 35m,12,S,SL 3A 2A,1044 km,63 km/hr,20161
20161,Pune - Jabalpur Weekly SF Express,SF,WCR,25-May,,PUNE,11:20,JBP,6:00,18h 40m,12,M,SL 3A 2A,1044 km,56 km/hr,20162
22943,Daund - Indore SF Express (PT),SF,WR,,,DD,14:10,INDB,8:25,18h 15m,17,S M T W T F S,SL 3A 2A 1A,1041 km,57 km/hr,22944
22944,Indore - Daund SF Express (PT),SF,WR,,,INDB,16:30,DD,10:30,18h 0m,17,S M T W T F S,SL 3A 2A 1A,1041 km,58 km/hr,22943
17231,Narasapur - Nagarsol Express (Via Guntur) (PT),Exp,SCoR,,,NS,11:25,NSL,9:55,22h 30m,24,S F,SL 3A 2A 1A,1040 km,46 km/hr,17232
17232,Nagarsol - Narasapur Express (Via Guntur) (PT),Exp,SCoR,,,NSL,12:50,NS,10:15,21h 25m,24,M S,SL 3A 2A 1A,1040 km,49 km/hr,17231
16593,KSR Bengaluru - Hazur Sahib Nanded Express,Exp,SWR,,,SBC,23:20,NED,23:10,23h 50m,35,S M T W T F S,SL 3A 2A,1039 km,44 km/hr,16594
16594,Hazur Sahib Nanded - KSR Bengaluru Express (PT),Exp,SWR,,,NED,6:30,SBC,4:10,21h 40m,34,S M T W T F S,SL 3A 2A,1039 km,48 km/hr,16593
11403,Nagpur - SCSMT Kolhapur Express (PT),Exp,CR,,,NGP,15:15,KOP,13:30,22h 15m,22,T S,SL 3A 2A,1038 km,47 km/hr,11404
11404,SCSMT Kolhapur - Nagpur Express,Exp,CR,,,KOP,12:45,NGP,12:00,23h 15m,22,M F,SL 3A 2A,1038 km,45 km/hr,11403
22997,Jhalawar City - Shri Ganganagar SF Express,SF,WCR,,,JLWC,15:55,SGNR,10:10,18h 15m,31,S W T,SL 3A 2A 1A 3E,1035 km,57 km/hr,22998
14320,Bareilly - Indore Weekly Express,Exp,NR,,,BE,11:25,INDB,8:55,21h 30m,18,W,SL 3A 2A,1035 km,48 km/hr,14319
14319,Indore - Bareilly Weekly Express,Exp,NR,,,INDB,16:45,BE,15:20,22h 35m,18,T,SL 3A 2A,1035 km,46 km/hr,14320
22998,Shri Ganganagar - Jhalawar City SF Express,SF,WCR,,,SGNR,17:30,JLWC,12:05,18h 35m,31,T W S,SL 3A 2A 1A 3E,1035 km,56 km/hr,22997
12191,Shridham SF Express,SF,WCR,,,NZM,14:05,JBP,8:20,18h 15m,23,S M T W T F S,SL 3A 2A 1A 3E,1032 km,57 km/hr,12192
12192,Shridham SF Express (PT),SF,WCR,,,JBP,17:30,NZM,12:00,18h 30m,23,S M T W T F S,SL 3A 2A 1A 3E,1032 km,56 km/hr,12191
12470,Jammu Tawi - Kanpur Central SF Express,SF,NR,,,JAT,17:38,CNB,12:15,18h 37m,12,T T,SL 3A 1A 3E,1026 km,55 km/hr,12469
12469,Kanpur Central - Jammu Tawi SF Express (PT),SF,NR,,,CNB,14:05,JAT,8:30,18h 25m,12,W F,SL 3A 1A 3E,1026 km,56 km/hr,12470
12182,Dayodaya SF Express,SF,WCR,,,AII,15:20,JBP,8:45,17h 25m,23,S M T W T F S,SL 3A 2A 1A 3E,1026 km,59 km/hr,12181
12181,Dayodaya SF Express,SF,WCR,,,JBP,20:35,AII,14:00,17h 25m,23,S M T W T F S,SL 3A 2A 1A 3E,1026 km,59 km/hr,12182
20957,Indore - Hisar SF Express (PT),SF,WR,,,INDB,16:45,HSR,9:20,16h 35m,15,S W F,SL 3A 2A 1A 3E,1022 km,62 km/hr,20958
20958,Hisar - Indore SF Express,SF,WR,,,HSR,13:20,INDB,6:45,17h 25m,15,M T S,SL 3A 2A 1A 3E,1022 km,59 km/hr,20957
18405,Puri - Patna Express,Exp,ECoR,23-May,,PURI,14:55,PNBE,11:15,20h 20m,20,S,SL 3A 2A,1021 km,50 km/hr,18406
18406,Patna - Puri Express (PT),Exp,ECoR,24-May,,PNBE,13:20,PURI,9:45,20h 25m,20,S,SL 3A 2A,1021 km,50 km/hr,18405
12413,Galta Dham Pooja SF Express (PT),SF,NR,,,AII,14:10,JAT,7:30,17h 20m,19,S M T W T F S,SL 3A 2A 1A 3E,1018 km,59 km/hr,12414
17307,Basava Express,Exp,SWR,,,MYS,13:25,BGK,10:55,21h 30m,37,S M T W T F S,SL CC 3A 2A,1018 km,47 km/hr,17308
12414,Galta Dham Pooja SF Express,SF,NR,,,JAT,18:15,AII,12:15,18h 0m,20,S M T W T F S,SL 3A 2A 1A 3E,1018 km,57 km/hr,12413
17308,Basava Express,Exp,SWR,,,BGK,14:50,MYS,11:15,20h 25m,37,S M T W T F S,SL 3A 2A,1018 km,50 km/hr,17307
20996,Bandra Terminus - Ajmer Weekly SF Express (via Chittaurgarh),SF,NWR,24-May,,BDTS,14:40,AII,8:15,17h 35m,18,S,SL 3A 2A,1017 km,58 km/hr,20995
20995,Ajmer - Bandra Terminus Weekly SF Express (via Chittaurgarh),SF,NWR,23-May,,AII,17:50,BDTS,12:15,18h 25m,18,S,SL 3A 2A,1017 km,55 km/hr,20996
12996,Ajmer - Bandra Terminus SF Express (PT),SF,NWR,,,AII,20:30,BDTS,14:15,17h 45m,17,T T S,SL 3A 2A 3E,1017 km,57 km/hr,12995
12995,Bandra Terminus - Ajmer SF Express (PT),SF,NWR,,,BDTS,17:05,AII,10:05,17h 0m,17,S W F,SL 3A 2A 3E,1017 km,60 km/hr,12996
19611,Ajmer - Amritsar Express (via Firozpur Cantt.),Exp,NWR,,,AII,17:50,ASR,14:40,20h 50m,29,T S,SL 3A 2A 3E,1008 km,48 km/hr,19612
19612,Amritsar - Ajmer Express (via Firozpur Cantt.),Exp,NWR,,,ASR,13:25,AII,9:00,19h 35m,29,T T,SL 3A 2A 3E,1008 km,51 km/hr,19611
18233,Narmada Express (PT),Exp,SECR,,,INDB,16:10,BSP,13:50,21h 40m,50,S M T W T F S,SL 3A 2A 1A,1007 km,46 km/hr,18234
18234,Narmada Express,Exp,SECR,,,BSP,11:35,INDB,10:55,23h 20m,51,S M T W T F S,SL 3A 2A 1A,1007 km,43 km/hr,18233
13248,Ara - Kamakhya Capital Express (PT),Exp,ECR,,,ARA,21:05,KYQ,22:20,25h 15m,48,S M T W,SL 3A 2A 1A 3E,1005 km,40 km/hr,13247
13247,Kamakhya - Ara Capital Express (PT),Exp,ECR,,,KYQ,5:35,ARA,5:45,24h 10m,45,T W T F,SL 3A 2A 1A 3E,1005 km,42 km/hr,13248
12517,Kolkata - Guwahati Garib Rath Express,GR,NFR,,,KOAA,21:45,GHY,15:55,18h 10m,14,T,3A,1004 km,55 km/hr,12518
12518,Guwahati - Kolkata Garib Rath Express (PT),GR,NFR,,,GHY,21:00,KOAA,14:35,17h 35m,14,S,3A,1004 km,57 km/hr,12517
18419,Puri - Jaynagar Weekly Express,Exp,ECoR,,,PURI,14:55,JYG,12:50,21h 55m,22,T,SL 3A 2A 3E,1003 km,46 km/hr,18420
18420,Jaynagar - Puri Weekly Express (PT),Exp,ECoR,,,JYG,5:20,PURI,2:55,21h 35m,22,S,SL 3A 2A 3E,1003 km,46 km/hr,18419
12528,Anand Vihar Terminal - Chhapra SF Express,SF,NER,29-Jun,,ANVT,16:25,CPR,9:40,17h 15m,10,M,SL 3A 2A 1A 3E,1002 km,58 km/hr,12527
12310,New Delhi - Rajendra Nagar Terminal Tejas Rajdhani Express,Raj,ECR,,,NDLS,17:10,RJPB,5:15,12h 5m,5,S M T W T F S,3A 2A 1A,1001 km,83 km/hr,12309
12309,Rajendra Nagar Terminal - New Delhi Tejas Rajdhani Express,Raj,ECR,,,RJPB,19:10,NDLS,7:40,12h 30m,5,S M T W T F S,3A 2A 1A,1001 km,80 km/hr,12310
12394,Sampoorna Kranti Express (PT),SF,ECR,,,NDLS,17:30,RJPB,7:15,13h 45m,6,S M T W T F S,SL 3A 2A 1A 3E,1001 km,73 km/hr,12393
12393,Sampoorna Kranti Express (PT),SF,ECR,,,RJPB,19:20,NDLS,7:55,12h 35m,6,S M T W T F S,SL 3A 2A 1A 3E,1001 km,80 km/hr,12394
15134,Anand Vihar Terminal - Chhapra Amrit Bharat Express,AB,NER,,,ANVT,0:20,CPR,22:50,22h 30m,16,W S,SL,1000 km,44 km/hr,15133
15116,Loknayak Express,Exp,NER,,,DLI,14:00,CPR,13:10,23h 10m,20,S,SL 3A 2A 1A 3E,1000 km,43 km/hr,15115
15115,Loknayak Express,Exp,NER,,,CPR,11:25,DLI,11:20,23h 55m,20,S,SL 3A 2A 1A 3E,1000 km,42 km/hr,15116
15133,Chhapra - Anand Vihar Terminal Amrit Bharat Express,AB,NER,,,CPR,22:00,ANVT,22:10,24h 10m,16,M T,SL,1000 km,41 km/hr,15134
22362,New Delhi - Rajendra Nagar Terminal Amrit Bharat Express,AB,ECR,,,NDLS,19:10,RJPB,11:45,16h 35m,8,S M T W T F S,SL,999 km,60 km/hr,22361
20989,Udaipur City - Chandigarh SF Express,SF,NWR,,,UDZ,16:05,CDG,9:50,17h 45m,23,W S,SL 3A 2A 3E,999 km,56 km/hr,20990
20990,Chandigarh - Udaipur City SF Express,SF,NWR,,,CDG,11:20,UDZ,5:25,18h 5m,23,S T,SL 3A 2A 3E,999 km,55 km/hr,20989
22361,Rajendra Nagar Terminal - New Delhi Amrit Bharat Express (PT),AB,ECR,,,RJPB,19:50,NDLS,13:10,17h 20m,8,S M T W T F S,SL,999 km,58 km/hr,22362
13258,Anand Vihar Terminal - Danapur Jan Sadharan Express (UnReserved),Exp,ECR,,,ANVT,13:35,DNR,7:30,17h 55m,8,S M T W T F S,,999 km,56 km/hr,13257
13257,Danapur - Anand Vihar Terminal Jan Sadharan Express (UnReserved),Exp,ECR,,,DNR,15:50,ANVT,10:25,18h 35m,8,S M T W T F S,,999 km,54 km/hr,13258
12346,Saraighat Express (PT),SF,ER,,,GHY,12:40,HWH,5:20,16h 40m,16,S M T W T F S,SL 3A 2A 1A,999 km,60 km/hr,12345
12345,Saraighat Express (PT),SF,ER,,,HWH,16:05,GHY,9:40,17h 35m,16,S M T W T F S,SL 3A 2A 1A,999 km,57 km/hr,12346
19610,Yog Nagari Rishikesh - Udaipur City Express,Exp,NWR,,,YNRK,17:55,UDZ,15:30,21h 35m,36,S T F,SL 3A 2A 3E,998 km,46 km/hr,19609
19609,Udaipur City - Yog Nagari Rishikesh Express (PT),Exp,NWR,,,UDZ,13:45,YNRK,10:15,20h 30m,36,M T S,SL 3A 2A 3E,998 km,49 km/hr,19610
21902,Barmer - Bandra Terminus Humsafar SF Express,Hms,WR,,,BME,21:30,BDTS,15:00,17h 30m,21,S,SL 3A,994 km,57 km/hr,21901
12997,Bandra Terminus - Barmer Humsafar Express,Hms,WR,,,BDTS,23:55,BME,17:40,17h 45m,20,W,SL 3A,994 km,56 km/hr,12998
21901,Bandra Terminus - Barmer Humsafar SF Express,Hms,WR,,,BDTS,19:25,BME,13:20,17h 55m,21,F,SL 3A,994 km,55 km/hr,21902
12998,Barmer - Bandra Terminus Humsafar Express,Hms,WR,,,BME,22:50,BDTS,15:50,17h 0m,20,T,SL 3A,994 km,58 km/hr,12997
14814,Bhopal - Jodhpur Express,Exp,NWR,,,BPL,16:40,JU,18:20,25h 40m,72,S M T W T F S,SL 3A 2A 3E,992 km,39 km/hr,14813
14813,Jodhpur - Bhopal Express,Exp,NWR,,,JU,10:00,BPL,9:20,23h 20m,72,S M T W T F S,SL 3A 2A 3E,992 km,42 km/hr,14814
12398,Mahabodhi Express,SF,ECR,,,NDLS,12:25,GAYA,2:55,14h 30m,14,S M T W T F S,SL 3A 2A 1A 3E,992 km,68 km/hr,12397
12397,Mahabodhi Express (PT),SF,ECR,,,GAYA,14:00,NDLS,4:10,14h 10m,14,S M T W T F S,SL 3A 2A 1A 3E,992 km,70 km/hr,12398
12188,Mumbai CSMT - Jabalpur Garib Rath Express,GR,WCR,,,CSMT,13:30,JBP,5:05,15h 35m,14,S T T,3A,992 km,64 km/hr,12187
12187,Jabalpur - Mumbai CSMT Garib Rath Express,GR,WCR,,,JBP,19:50,CSMT,12:20,16h 30m,14,M W S,3A,992 km,60 km/hr,12188
11091,Bhuj - Pune Express (PT),Exp,CR,,,BHUJ,13:15,PUNE,7:35,18h 20m,24,W,SL 3A 2A,988 km,54 km/hr,11092
11092,Pune - Bhuj Express (PT),Exp,CR,,,PUNE,20:10,BHUJ,14:30,18h 20m,23,M,SL 3A 2A,988 km,54 km/hr,11091
16160,Mangaluru Central - Chennai Egmore Express (PT),Exp,SR,,,MAQ,6:45,MS,3:35,20h 50m,49,S M T W T F S,2S SL 3A 2A,986 km,47 km/hr,16159
16159,Chennai Egmore - Mangaluru Central Express (PT),Exp,SR,,,MS,23:10,MAQ,19:15,20h 5m,48,S M T W T F S,2S SL 3A 2A,986 km,49 km/hr,16160
22547,Gwalior - Gandhigram SF Express (PT),SF,NCR,,,GWL,20:10,GG,12:00,15h 50m,17,S W S,SL 3A 2A 3E,985 km,62 km/hr,22548
13698,Delhi - Gaya Amrit Bharat Express,AB,ECR,,,DLI,14:00,GAYA,9:00,19h 0m,9,M F,SL,985 km,52 km/hr,13697
13697,Gaya - Delhi Amrit Bharat Express (PT),AB,ECR,,,GAYA,16:45,DLI,12:00,19h 15m,9,S T,SL,985 km,51 km/hr,13698
13252,Anand Vihar Terminal - Patna Express,Exp,ECR,,,ANVT,23:30,PNBE,18:35,19h 5m,6,M F,SL 3A 2A 1A 3E,984 km,52 km/hr,13251
13251,Patna - Anand Vihar Terminal Express (PT),Exp,ECR,,,PNBE,22:20,ANVT,18:35,20h 15m,6,S T,SL 3A 2A 1A 3E,984 km,49 km/hr,13252
12990,Ajmer - Dadar Western SF Express (PT),SF,NWR,,,AII,20:45,DDR,12:50,16h 5m,20,S W F,SL 3A 2A 3E,980 km,61 km/hr,12989
22409,Gaya - Anand Vihar Terminal Garib Rath Express (PT),GR,NR,,,GAYA,19:35,ANVT,8:50,13h 15m,8,S,3A,980 km,74 km/hr,22410
22410,Anand Vihar Terminal - Gaya Garib Rath Express,GR,NR,,,ANVT,20:20,GAYA,9:45,13h 25m,8,S,3A,980 km,73 km/hr,22409
12989,Dadar Western - Ajmer SF Express (PT),SF,NWR,,,DDR,15:00,AII,7:25,16h 25m,20,M T S,SL 3A 2A 3E,980 km,60 km/hr,12990
22548,Gandhigram - Gwalior SF Express (PT),SF,NCR,,,GG,16:40,GWL,9:25,16h 45m,17,T F S,SL 3A 2A 3E,985 km,59 km/hr,22547
15568,Anand Vihar Terminal - Bapudham Motihari Amrit Bharat Express,AB,ECR,,,ANVT,14:00,BMKI,10:40,20h 40m,16,W S,SL,978 km,47 km/hr,15567
15567,Bapudham Motihari - Anand Vihar Terminal Amrit Bharat Express (PT),AB,ECR,,,BMKI,8:00,ANVT,6:10,22h 10m,16,T F,SL,978 km,44 km/hr,15568
12966,Bhuj - Bandra Terminus Weekly SF Express (PT),SF,WR,,,BHUJ,18:00,BDTS,11:20,17h 20m,17,F,SL 3A 2A,976 km,56 km/hr,12965
12965,Bandra Terminus - Bhuj Weekly SF Express,SF,WR,,,BDTS,12:45,BHUJ,5:50,17h 5m,17,T,SL 3A 2A,976 km,57 km/hr,12966
12959,Bandra Terminus - Bhuj Weekly SF Express (PT),SF,WR,,,BDTS,16:45,BHUJ,9:50,17h 5m,17,S,SL 3A 2A,976 km,57 km/hr,12960
12960,Bhuj - Bandra Terminus Weekly SF Express (PT),SF,WR,,,BHUJ,18:00,BDTS,11:20,17h 20m,17,M,SL 3A 2A,976 km,56 km/hr,12959
27575,Howrah - Kamakhya Vande Bharat Sleeper Express,VBS,NFR,,,HWH,18:20,KYQ,8:20,14h 0m,13,S M T W F S,3A 2A 1A,968 km,69 km/hr,27576
27575,Howrah - Kamakhya Vande Bharat Sleeper Express,VBS,NFR,,,HWH,18:20,KYQ,8:20,14h 0m,13,S M T W F S,3A 2A 1A,968 km,69 km/hr,27576
17653,Kacheguda - Puducherry Express (PT),Exp,SCR,,,KCG,17:00,PDY,11:05,18h 5m,23,S W F,SL 3A 2A,966 km,53 km/hr,17654
17654,Puducherry - Kacheguda Express (PT),Exp,SCR,,,PDY,12:45,KCG,7:55,19h 10m,23,S T F,SL 3A 2A,966 km,50 km/hr,17653
12106,Vidarbha SF Express (PT),SF,CR,,,G,14:30,CSMT,6:50,16h 20m,25,S M T W T F S,SL 3A 2A 1A 3E,965 km,59 km/hr,12105
12105,Vidarbha SF Express (PT),SF,CR,,,CSMT,19:05,G,11:15,16h 10m,25,S M T W T F S,SL 3A 2A 1A 3E,965 km,60 km/hr,12106
14010,Champaran Satyagrah Express,Exp,NR,,,ANVT,23:45,BMKI,20:10,20h 25m,16,M W S,SL 3A 1A 3E,965 km,47 km/hr,14009
11314,Anakapalle - Solapur Weekly Express,Exp,CR,22-Aug,,AKP,17:35,SUR,23:50,30h 15m,32,S,SL 3A 2A,1454 km,48 km/hr,11313
11313,Solapur - Anakapalle Weekly Express,Exp,CR,21-Aug,,SUR,9:20,AKP,14:40,29h 20m,32,F,SL 3A 2A,1454 km,50 km/hr,11314
14009,Champaran Satyagrah Express (PT),Exp,NR,,,BMKI,21:20,ANVT,18:15,20h 55m,16,S T T,SL 3A 1A 3E,965 km,46 km/hr,14010
16316,Thiruvananthapuram North (Kochuveli) - Mysuru Express (PT),Exp,SR,,,TVCN,16:45,MYS,11:45,19h 0m,25,S M T W T F S,SL 3A 2A 3E,961 km,51 km/hr,16315
19333,Indore - Bikaner Mahamana Express,Exp,WR,,,INDB,13:40,BKN,8:40,19h 0m,19,S,SL 3A 2A 1A,961 km,51 km/hr,19334
16315,Mysuru - Thiruvananthapuram North (Kochuveli) Express,Exp,SR,,,MYS,13:15,TVCN,9:15,20h 0m,25,S M T W T F S,SL 3A 2A 3E,961 km,48 km/hr,16316
19334,Bikaner - Indore Mahamana Express,Exp,WR,,,BKN,13:30,INDB,8:30,19h 0m,19,S,SL 3A 2A 1A,961 km,51 km/hr,19333
20811,Visakhapatnam - Hazur Sahib Nanded SF Express (PT),SF,SCoR,,,VSKP,20:00,NED,13:40,17h 40m,11,T W S,SL 3A 2A 3E,959 km,54 km/hr,20812
17634,Tiruchanur - Hazur Sahib Nanded Express,Exp,SCR,10-May,,TCNR,19:45,NED,18:20,22h 35m,17,S,SL 3A 2A 1A,959 km,42 km/hr,17633
17633,Hazur Sahib Nanded - Tiruchanur Express,Exp,SCR,9-May,,NED,16:45,TCNR,12:20,19h 35m,17,S,SL 3A 2A 1A,959 km,49 km/hr,17634
20812,Hazur Sahib Nanded - Visakhapatnam SF Express (PT),SF,SCoR,,,NED,16:30,VSKP,9:20,16h 50m,11,S W T,SL 3A 2A 3E,959 km,57 km/hr,20811
22137,Prerna Express (PT),SF,CR,,,NGP,8:15,ADI,0:45,16h 30m,14,S W S,SL 3A 2A,957 km,58 km/hr,22138
22138,Prerna Express (PT),SF,CR,,,ADI,18:30,NGP,10:25,15h 55m,14,S M T,SL 3A 2A,957 km,60 km/hr,22137
12190,Mahakoshal Express,SF,WCR,,,NZM,12:53,JBP,5:55,17h 2m,26,S M T W T F S,SL 3A 2A 1A 3E,957 km,56 km/hr,12189
12189,Mahakoshal Express (PT),SF,WCR,,,JBP,18:10,NZM,11:00,16h 50m,27,S M T W T F S,SL 3A 2A 1A 3E,957 km,57 km/hr,12190
11049,Ahmedabad - SCSMT Kolhapur Express (PT),Exp,CR,,,ADI,20:15,KOP,14:40,18h 25m,16,S,SL 3A 2A,955 km,52 km/hr,11050
11050,SCSMT Kolhapur - Ahmedabad Express (PT),Exp,CR,,,KOP,13:30,ADI,7:35,18h 5m,17,S,SL 3A 2A,955 km,53 km/hr,11049
15274,Satyagrah Express,Exp,ECR,,,ANVT,17:30,RXL,17:35,24h 5m,45,S M T W T F S,SL 3A 2A 1A,955 km,40 km/hr,15273
15273,Satyagrah Express (PT),Exp,ECR,,,RXL,8:40,ANVT,9:10,24h 30m,45,S M T W T F S,SL 3A 2A 1A,955 km,39 km/hr,15274
22199,Sushasan Express,SF,NCR,,,GWL,14:45,BLP,6:50,16h 5m,10,W,SL 3A 2A 3E,953 km,59 km/hr,22200
22200,Sushasan Express,SF,NCR,,,BLP,12:10,GWL,5:10,17h 0m,10,T,SL 3A 2A 3E,953 km,56 km/hr,22199
17209,Seshadri Express (PT),Exp,SCoR,,,SMVB,11:30,CCT,6:30,19h 0m,33,S M T W T F S,SL 3A 2A,951 km,50 km/hr,17210
17210,Seshadri Express (PT),Exp,SCoR,,,CCT,17:25,SMVB,12:25,19h 0m,33,S M T W T F S,SL 3A 2A,951 km,50 km/hr,17209
14807,Jodhpur - Dadar Western Express,Exp,NWR,,,JU,5:10,DDR,22:40,17h 30m,18,S T F,SL 3A 2A 3E,950 km,54 km/hr,14808
14808,Dadar Western - Jodhpur Express (PT),Exp,NWR,,,DDR,0:15,JU,17:40,17h 25m,18,M W S,SL 3A 2A 3E,950 km,55 km/hr,14807
14116,Prayagraj - Dr. Ambedkar Nagar Express (PT),Exp,NCR,,,PRYJ,15:10,DADN,9:40,18h 30m,21,S M T W T F S,SL 3A 2A 3E,948 km,51 km/hr,14115
13436,Gomti Nagar - Malda Town Amrit Bharat Express,AB,ER,,,GTNR,18:40,MLDT,16:40,22h 0m,23,F,SL,948 km,43 km/hr,13435
13435,Malda Town - Gomti Nagar Amrit Bharat Express,AB,ER,,,MLDT,20:05,GTNR,15:40,19h 35m,23,T,SL,948 km,48 km/hr,13436
14115,Dr. Ambedkar Nagar - Prayagraj Express (PT),Exp,NCR,,,DADN,11:15,PRYJ,6:00,18h 45m,21,S M T W T F S,SL 3A 2A 3E,948 km,51 km/hr,14116
19016,Saurashtra Express,Exp,WR,,,PBR,22:40,DDR,19:20,20h 40m,54,S M T W T F S,SL 3A 2A 1A,947 km,46 km/hr,19015
19015,Saurashtra Express,Exp,WR,,,DDR,9:30,PBR,5:35,20h 5m,55,S M T W T F S,SL 3A 2A 1A,947 km,47 km/hr,19016
20483,Bhagat ki Kothi - Dadar Western SF Express,SF,NWR,,,BGKT,20:00,DDR,12:50,16h 50m,16,M T,SL 3A 2A 3E,946 km,56 km/hr,20484
20484,Dadar Western - Bhagat Ki Kothi SF Express (PT),SF,NWR,,,DDR,15:00,BGKT,7:30,16h 30m,16,T F,SL 3A 2A 3E,946 km,57 km/hr,20483
22901,Bandra Terminus - Udaipur City SF Express (PT),SF,WR,,,BDTS,23:25,UDZ,14:40,15h 15m,14,T T S,SL 3A 2A 1A 3E,945 km,62 km/hr,22902
22902,Udaipur City - Bandra Terminus SF Express,SF,WR,,,UDZ,20:50,BDTS,13:35,16h 45m,14,S W F,SL 3A 2A 1A 3E,945 km,56 km/hr,22901
11001,Nandigram Express (PT),Exp,CR,,,CSMT,16:35,BPQ,13:25,20h 50m,27,S M T W T F S,SL 3A 2A 1A,939 km,45 km/hr,11002
12480,Suryanagari SF Express (PT),SF,NWR,,,BDTS,13:25,JU,5:15,15h 50m,15,S M T W T F S,SL 3A 2A 1A 3E,939 km,59 km/hr,12479
12479,Suryanagari SF Express (PT),SF,NWR,,,JU,19:40,BDTS,11:45,16h 5m,15,S M T W T F S,SL 3A 2A 1A 3E,939 km,58 km/hr,12480
11002,Nandigram Express (PT),Exp,CR,,,BPQ,9:15,CSMT,5:35,20h 20m,28,S M T W T F S,SL 3A 2A 1A,939 km,46 km/hr,11001
19319,Veraval - Indore Mahamana Express,Exp,WR,,,VRL,22:20,INDB,17:05,18h 45m,10,W,SL 3A 2A 1A,937 km,50 km/hr,19320
19204,Veraval - Bandra Terminus Express (PT),Exp,WR,,,VRL,19:00,BDTS,15:50,20h 50m,23,F,SL 3A 2A 1A,937 km,45 km/hr,19203
19203,Bandra Terminus - Veraval Express (PT),Exp,WR,,,BDTS,19:25,VRL,13:15,17h 50m,23,S,SL 3A 2A 1A,937 km,53 km/hr,19204
19320,Indore - Veraval Mahamana Express,Exp,WR,,,INDB,22:20,VRL,16:25,18h 5m,10,T,SL 3A 2A 1A,937 km,52 km/hr,19319
20944,Bhagat Ki Kothi - Bandra Terminus Humsafar Express,Hms,WR,,,BGKT,17:10,BDTS,7:35,14h 25m,9,F,2S SL 3A,935 km,65 km/hr,20943
22965,Bandra Terminus - Bhagat Ki Kothi SF Express (PT),SF,WR,,,BDTS,23:55,BGKT,15:25,15h 30m,9,F,SL 3A 2A 1A 3E,935 km,60 km/hr,22966
20944,Bhagat Ki Kothi - Bandra Terminus Humsafar Express,Hms,WR,,,BGKT,17:10,BDTS,7:35,14h 25m,9,F,2S SL 3A,935 km,65 km/hr,20943
20943,Bandra Terminus - Bhagat Ki Kothi Humsafar Express (PT),Hms,WR,,,BDTS,21:45,BGKT,12:55,15h 10m,9,T,2S SL 3A,935 km,62 km/hr,20944
19338,Delhi Sarai Rohilla - Indore Weekly Express,Exp,WR,,,DEE,15:00,INDB,8:30,17h 30m,13,M,SL 3A 2A 3E,936 km,53 km/hr,19337
19337,Indore - Delhi Sarai Rohilla Weekly Express,Exp,WR,,,INDB,19:50,DEE,12:30,16h 40m,13,S,SL 3A 2A 3E,936 km,56 km/hr,19338
18450,Baidyanathdham Express (PT),Exp,ECoR,,,PNBE,8:45,PURI,2:55,18h 10m,25,W,SL 3A 2A,931 km,51 km/hr,18449
18449,Baidyanathdham Express (PT),Exp,ECoR,,,PURI,14:55,PNBE,9:35,18h 40m,25,M,SL 3A 2A,931 km,50 km/hr,18450
12958,Swarna Jayanti Rajdhani Express,Raj,WR,,,NDLS,19:55,SBIB,8:05,12h 10m,8,S M T W T F S,3A 2A 1A,931 km,77 km/hr,12957
12957,Swarna Jayanti Rajdhani Express,Raj,WR,,,SBIB,19:20,NDLS,7:30,12h 10m,8,S M T W T F S,3A 2A 1A,931 km,77 km/hr,12958
12916,Ashram Express (PT),SF,WR,,,DLI,14:55,SBIB,5:45,14h 50m,18,S M T W T F S,SL 3A 2A 1A 3E,930 km,63 km/hr,12915
12915,Ashram Express (PT),SF,WR,,,SBIB,19:45,DLI,10:00,14h 15m,18,S M T W T F S,SL 3A 2A 1A 3E,930 km,65 km/hr,12916
16525,Kanniyakumari - KSR Bengaluru Express (PT),Exp,SWR,,,CAPE,10:10,SBC,7:00,20h 50m,44,S M T W T F S,SL 3A 2A 1A 3E,929 km,45 km/hr,16526
16526,KSR Bengaluru - Kanniyakumari Express (PT),Exp,SWR,,,SBC,20:10,CAPE,14:50,18h 40m,44,S M T W T F S,SL 3A 2A 1A 3E,929 km,50 km/hr,16525
22873,Digha - Vishakapatnam SF Express (PT),SF,SCoR,,,DGHA,17:05,VSKP,8:15,15h 10m,15,F,SL 3A 2A,929 km,61 km/hr,22874
22874,Visakhapatnam - Digha SF Express,SF,SCoR,,,VSKP,15:35,DGHA,6:45,15h 10m,15,T,SL 3A 2A,929 km,61 km/hr,22873
12696,Thiruvananthapuram Central - M.G.R Chennai Central SF Express (PT),SF,SR,,,TVC,17:15,MAS,10:00,16h 45m,21,S M T W T F S,SL 3A 2A 1A,918 km,55 km/hr,12695
12695,M.G.R Chennai Central - Thiruvananthapuram Central SF Express (PT),SF,SR,,,MAS,15:20,TVC,7:45,16h 25m,20,S M T W T F S,SL 3A 2A 1A,918 km,56 km/hr,12696
22982,Shri Ganganagar - Kota SF Express,SF,WCR,,,SGNR,17:30,KOTA,10:05,16h 35m,25,S M T F,SL 3A 2A 1A 3E,917 km,55 km/hr,22981
22981,Kota - Shri Ganganagar SF Express,SF,WCR,,,KOTA,17:40,SGNR,10:10,16h 30m,25,M T F S,SL 3A 2A 1A 3E,917 km,56 km/hr,22982
12466,Ranthambhore SF Express,SF,NWR,,,BGKT,4:40,INDB,21:05,16h 25m,34,S M T W T F S,SL 3A,914 km,56 km/hr,12465
12465,Ranthambhore SF Express,SF,NWR,,,INDB,6:00,BGKT,22:30,16h 30m,34,S M T W T F S,SL 3A,914 km,55 km/hr,12466
19218,Saurashtra Janta Express (PT),Exp,WR,,,VRL,11:50,BDTS,5:50,18h 0m,37,S M T W T F S,SL 3A 2A 1A,913 km,51 km/hr,19217
19217,Saurashtra Janta Express (PT),Exp,WR,,,BDTS,13:35,VRL,6:50,17h 15m,33,S M T W T F S,SL 3A 2A 1A,913 km,53 km/hr,19218
12535,Lucknow Jn. - Raipur Garib Rath Express,GR,NER,,,LJN,14:10,R,7:15,17h 5m,12,M T,3A,911 km,53 km/hr,12536
12536,Raipur - Lucknow Jn. Garib Rath Express,GR,NER,,,R,12:05,LJN,5:10,17h 5m,12,T F,3A,910 km,53 km/hr,12535
12250,Swarn Nagari Express,SF,NR,,,JSM,17:00,SSB,9:30,16h 30m,19,S M T W T F S,SL 3A 2A 1A,909 km,55 km/hr,12249
12249,Swarn Nagari Express,SF,NR,,,SSB,17:10,JSM,9:00,15h 50m,19,S M T W T F S,SL 3A 2A 1A,909 km,57 km/hr,12250
22208,Thiruvananthapuram Central - MGR Chennai Central SUPER AC Express,Raj,SR,,,TVC,19:15,MAS,10:25,15h 10m,9,S W,3A 2A 1A,906 km,60 km/hr,22207
22207,MGR Chennai Central - Thiruvananthapuram Central SUPER AC Express,Raj,SR,,,MAS,16:00,TVC,7:00,15h 0m,9,T F,3A 2A 1A,906 km,60 km/hr,22208
17416,Haripriya Express (PT),Exp,SCoR,,,KOP,11:50,TPTY,8:15,20h 25m,27,S M T W T F S,SL 3A 2A 1A 3E,904 km,44 km/hr,17415
17415,Haripriya Express (PT),Exp,SCoR,,,TPTY,21:30,KOP,16:35,19h 5m,27,S M T W T F S,SL 3A 2A 1A 3E,904 km,47 km/hr,17416
12122,Madhya Pradesh Sampark Kranti Express,SKr,WCR,,,NZM,17:55,JBP,7:45,13h 50m,5,M T S,SL 3A 2A 1A 3E,904 km,65 km/hr,12121
12121,Madhya Pradesh Sampark Kranti Express (PT),SKr,WCR,,,JBP,19:20,NZM,7:50,12h 30m,5,S W F,SL 3A 2A 1A 3E,904 km,72 km/hr,12122
22181,Jabalpur - Hazrat Nizamuddin Gondwana SF Express (PT),SF,WCR,,,JBP,15:15,NZM,4:10,12h 55m,13,S M T W T F S,SL 3A 2A 1A 3E,904 km,70 km/hr,22182
22182,Hazrat Nizamuddin - Jabalpur Gondwana SF Express,SF,WCR,,,NZM,17:45,JBP,7:25,13h 40m,13,S M T W T F S,SL 3A 2A 1A 3E,904 km,66 km/hr,22181
17058,Devagiri Express (PT),Exp,SCoR,,,LPI,12:25,CSMT,7:10,18h 45m,27,S M T W T F S,SL 3A 2A 1A 3E,903 km,48 km/hr,17057
22638,West Coast SF Express (PT),SF,SR,,,MAQ,23:45,MAS,16:00,16h 15m,28,S M T W T F S,SL 3A 2A 1A,902 km,56 km/hr,22637
22637,West Coast SF Express (PT),SF,SR,,,MAS,13:25,MAQ,5:50,16h 25m,27,S M T W T F S,SL 3A 2A 1A,902 km,55 km/hr,22638
17057,Devagiri Express (PT),Exp,SCoR,,,CSMT,21:30,LPI,16:20,18h 50m,28,S M T W T F S,SL 3A 2A 1A 3E,901 km,48 km/hr,17058
12689,MGR Chennai Central - Kanniyakumari SF Express (PT),SF,SR,,,MAS,19:00,CAPE,10:45,15h 45m,17,F,SL 3A 2A,899 km,57 km/hr,12690
22446,Amritsar - Kanpur Central SF Express,SF,NCR,,,ASR,12:45,CNB,4:50,16h 5m,13,T,SL 3A 2A 3E,898 km,56 km/hr,22445
22445,Kanpur Central - Amritsar SF Express (PT),SF,NCR,,,CNB,17:45,ASR,9:30,15h 45m,13,M,SL 3A 2A 3E,898 km,57 km/hr,22446
22581,Ballia - New Delhi Superfast Express (PT),SF,NER,,,BUI,19:30,NDLS,9:45,14h 15m,9,T W,SL 3A 2A 1A 3E,896 km,63 km/hr,22582
22582,New Delhi - Ballia Superfast Express,SF,NER,,,NDLS,22:50,BUI,13:35,14h 45m,9,M T,SL 3A 2A 1A 3E,896 km,61 km/hr,22581
17656,Puducherry - Kakinada Port Circar Express (PT),Exp,SCR,,,PDY,13:30,COA,9:25,19h 55m,35,M T S,SL 3A 2A,896 km,45 km/hr,17655
17655,Kakinada Port - Puducherry Circar Express (PT),Exp,SCR,,,COA,14:30,PDY,9:50,19h 20m,35,M T S,SL 3A 2A,896 km,46 km/hr,17656
12133,Mumbai CSMT - Mangaluru Jn. SF Express (PT),SF,CR,,,CSMT,21:54,MAJN,15:40,17h 46m,14,S M T W T F S,SL 3A 2A,893 km,50 km/hr,12134
12134,Mangaluru Junction - Mumbai CSMT SF Express (PT),SF,CR,,,MAJN,16:35,CSMT,10:32,17h 57m,14,S M T W T F S,SL 3A 2A,893 km,50 km/hr,12133
12698,Thiruvananthapuram Central - MGR Chennai Central Weekly SF Express (PT),SF,SR,,,TVC,19:15,MAS,10:25,15h 10m,11,S,SL 3A 2A 3E,893 km,59 km/hr,12697
12697,MGR Chennai Central - Thiruvananthapuram Central Weekly SF Express (PT),SF,SR,,,MAS,15:10,TVC,6:40,15h 30m,11,S,SL 3A 2A 3E,893 km,58 km/hr,12698
12793,Rayalaseema SF Express (PT),SF,SCoR,,,TPTY,17:25,NZB,9:20,15h 55m,26,S M T W T F S,SL 3A 2A,893 km,56 km/hr,12794
12794,Rayalaseema SF Express (PT),SF,SCoR,,,NZB,14:15,TPTY,6:15,16h 0m,27,S M T W T F S,SL 3A 2A,893 km,56 km/hr,12793
20178,Agra Cantt - Asarva (Ahmedabad) SF Express,SF,NCR,,,AGC,18:45,ASV,11:00,16h 15m,13,S W T F S,SL 3A 2A,892 km,55 km/hr,20177
20177,Asarva (Ahmedabad) - Agra Cantt SF Express,SF,NCR,,,ASV,15:00,AGC,7:15,16h 15m,13,S M T F S,SL 3A 2A,892 km,55 km/hr,20178
14218,Unchahar Express,Exp,NR,,,CDG,16:45,PYGS,11:05,18h 20m,39,S M T W T F S,SL 3A 2A 1A 3E,890 km,49 km/hr,14217
14217,Unchahar Express (PT),Exp,NR,,,PYGS,14:00,CDG,9:15,19h 15m,39,S M T W T F S,SL 3A 2A 1A 3E,890 km,46 km/hr,14218
12686,Mangaluru Central - MGR Chennai Central SF Express (PT),SF,SR,,,MAQ,16:55,MAS,8:05,15h 10m,19,S M T W T F S,SL 3A 2A 1A 3E,889 km,59 km/hr,12685
12685,MGR Chennai Central - Mangaluru Central SF Express (PT),SF,SR,,,MAS,16:20,MAQ,7:20,15h 0m,19,S M T W T F S,SL 3A 2A 1A 3E,889 km,59 km/hr,12686
15057,Gorakhpur - Anand Vihar Terminal Weekly Express,Exp,NER,,,GKP,20:55,ANVT,10:40,13h 45m,6,T,SL 3A 2A 1A 3E,748 km,54 km/hr,15058
12854,Amarkantak Express (PT),SF,SECR,,,BPL,16:00,DURG,8:05,16h 5m,27,S M T W T F S,SL 3A 2A 1A 3E,886 km,55 km/hr,12853
12853,Amarkantak Express (PT),SF,SECR,,,DURG,18:25,BPL,10:30,16h 5m,27,S M T W T F S,SL 3A 2A 1A 3E,886 km,55 km/hr,12854
12136,Nagpur - Pune SF Express (PT),SF,CR,,,NGP,18:00,PUNE,9:30,15h 30m,17,M W S,SL 3A 2A,885 km,57 km/hr,12135
22141,Pune - Nagpur Humsafar Express,Hms,CR,,,PUNE,22:00,NGP,13:05,15h 5m,8,T,3A 2A,885 km,59 km/hr,22142
22171,Pune - Rani Kamalapati Humsafar Express,Hms,WCR,,,PUNE,15:15,RKMP,4:50,13h 35m,7,S,3A,885 km,65 km/hr,22172
22142,Nagpur - Pune Humsafar Express,Hms,CR,,,NGP,15:15,PUNE,6:25,15h 10m,7,F,3A 2A,885 km,58 km/hr,22141
12135,Pune - Nagpur SF Express (PT),SF,CR,,,PUNE,17:35,NGP,9:10,15h 35m,17,S T T,SL 3A 2A,885 km,57 km/hr,12136
12114,Nagpur - Pune Garib Rath Express (PT),GR,CR,,,NGP,18:00,PUNE,9:30,15h 30m,12,S T F,3A,885 km,57 km/hr,12113
12113,Pune - Nagpur Garib Rath Express (PT),GR,CR,,,PUNE,17:35,NGP,9:10,15h 35m,12,M W S,3A,885 km,57 km/hr,12114
22172,Rani Kamalapati - Pune Humsafar Express,Hms,WCR,,,RKMP,15:40,PUNE,6:25,14h 45m,7,S,3A,885 km,60 km/hr,22171
12690,Kanniyakumari - MGR Chennai Central SF Express (PT),SF,SR,,,CAPE,20:30,MAS,11:25,14h 55m,18,S,SL 3A 2A,899 km,60 km/hr,12689
22990,Mahuva - Bandra Terminus SF Express (PT),SF,WR,,,MHV,17:30,BDTS,9:30,16h 0m,14,T S,SL 3A 2A 1A,883 km,55 km/hr,22989
15049,Purvanchal Express (Via Mau) (PT),Exp,NER,,,KOAA,14:35,GKP,9:25,18h 50m,24,S W,SL 3A 2A 1A,883 km,47 km/hr,15050
12620,Matsyagandha Express (PT),SF,SR,,,MAQ,12:45,LTT,6:35,17h 50m,19,S M T W T F S,SL 3A 2A 3E,883 km,49 km/hr,12619
12619,Matsyagandha Express (PT),SF,SR,,,LTT,15:10,MAQ,10:20,19h 10m,21,S M T W T F S,SL 3A 2A 3E,883 km,46 km/hr,12620
15050,Purvanchal Express (Via Mau) (PT),Exp,NER,,,GKP,8:35,KOAA,4:40,20h 5m,24,W S,SL 3A 2A 1A,883 km,44 km/hr,15049
22427,Bhrigu Superfast Express,SF,NR,,,BUI,22:10,ANVT,12:35,14h 25m,8,S,SL 3A 2A 3E,883 km,61 km/hr,22428
13047,Vibhuti Express (PT),Exp,ER,,,HWH,19:55,PRRB,12:00,16h 5m,31,S M T W T F S,SL 3A 2A,883 km,55 km/hr,13048
22989,Bandra Terminus - Mahuva SF Express (PT),SF,WR,,,BDTS,16:45,MHV,8:30,15h 45m,14,W F,SL 3A 2A 1A,883 km,56 km/hr,22990
22428,Bhrigu Superfast Express,SF,NR,,,ANVT,23:55,BUI,14:05,14h 10m,8,S,SL 3A 2A 3E,883 km,62 km/hr,22427
22124,Ajni (Nagpur) - Pune AC SF Express,ACSF,CR,,,AJNI,19:50,PUNE,11:25,15h 35m,9,T,2S 3A 2A 1A,882 km,57 km/hr,22123
26102,Ajni (Nagpur) - Pune Vande Bharat Express,VB,CR,,,AJNI,9:50,PUNE,21:50,12h 0m,10,S T W T F S,CC Ex,882 km,73 km/hr,26101
22140,Ajni - Pune Humsafar Express,Hms,CR,,,AJNI,19:50,PUNE,11:25,15h 35m,7,S,3A 2A,882 km,57 km/hr,22139
22139,Pune - Ajni Humsafar Express,Hms,CR,,,PUNE,22:00,AJNI,12:50,14h 50m,7,S,3A 2A,882 km,59 km/hr,22140
26101,Pune - Ajni (Nagpur) Vande Bharat Express,VB,CR,,,PUNE,6:25,AJNI,18:25,12h 0m,10,S M W T F S,CC Ex,882 km,73 km/hr,26102
13048,Vibhuti Express (PT),Exp,ER,,,PRRB,15:40,HWH,7:35,15h 55m,31,S M T W T F S,SL 3A 2A,882 km,55 km/hr,13047
22123,Pune - Ajni (Nagpur) AC SF Express,ACSF,CR,,,PUNE,15:15,AJNI,4:50,13h 35m,9,F,2S 3A 2A 1A,882 km,65 km/hr,22124
16542,Pandharpur - Yesvantpur Weekly Express,Exp,SWR,,,PVR,13:35,YPR,5:25,15h 50m,13,F,SL 3A 2A 1A,880 km,56 km/hr,16541
16541,Yesvantpur - Pandharpur Weekly Express,Exp,SWR,,,YPR,18:15,PVR,11:35,17h 20m,13,T,SL 3A 2A 1A,880 km,51 km/hr,16542
22853,Shalimar - Visakhapatnam SF Express,SF,SER,,,SHM,18:15,VSKP,8:15,14h 0m,14,T,SL 3A 2A 1A 3E,879 km,63 km/hr,22854
22854,Visakhapatnam - Shalimar SF Express,SF,SER,,,VSKP,15:35,SHM,6:50,15h 15m,14,W,SL 3A 2A 1A 3E,879 km,58 km/hr,22853
15109,Chhapra - Mathura Express,Exp,NER,,,CPR,5:20,MTJ,21:35,16h 15m,22,M W F,SL 3A 2A 1A 3E,878 km,54 km/hr,15110
15110,Mathura - Chhapra Express (PT),Exp,NER,,,MTJ,23:50,CPR,17:05,17h 15m,22,M W F,SL 3A 2A 1A 3E,878 km,51 km/hr,15109
12772,Raipur - Secunderabad SF Express (PT),SF,SCR,,,R,16:45,SC,8:30,15h 45m,15,T T S,SL 3A 2A 3E,877 km,56 km/hr,12771
12771,Secunderabad - Raipur SF Express (PT),SF,SCR,,,SC,22:40,R,13:20,14h 40m,15,M W F,SL 3A 2A 3E,877 km,60 km/hr,12772
15051,Purvanchal Express (via Narkatiaganj) (PT),Exp,NER,,,KOAA,14:35,GKP,8:15,17h 40m,21,F,SL 3A 2A 1A,877 km,50 km/hr,15052
15052,Purvanchal Express (via Narkatiaganj),Exp,NER,,,GKP,10:05,KOAA,4:40,18h 35m,22,T,SL 3A 2A 1A,877 km,47 km/hr,15051
18109,Tatanagar - NSC Bose Itwari Express,Exp,SER,,,TATA,6:40,NITR,5:00,22h 20m,61,S M T W T F S,2S SL 3A,876 km,39 km/hr,18110
18110,NSC Bose Itwari - Tatanagar Express,Exp,SER,,,NITR,0:05,TATA,20:20,20h 15m,68,S M T W T F S,2S SL 3A,876 km,43 km/hr,18109
18204,Betwa Express (PT),Exp,SECR,,,CNB,17:40,DURG,13:00,19h 20m,19,M W,SL 3A 2A 1A 3E,875 km,45 km/hr,18203
18203,Betwa Express (PT),Exp,SECR,,,DURG,20:05,CNB,13:20,17h 15m,19,S T,SL 3A 2A 1A 3E,875 km,51 km/hr,18204
22110,Balharshah - Mumbai LTT SF Express,SF,CR,,,BPQ,13:40,LTT,5:30,15h 50m,15,W,SL 3A 2A,870 km,55 km/hr,22109
22109,Mumbai LTT - Balharshah SF Express,SF,CR,,,LTT,21:45,BPQ,12:10,14h 25m,15,T,SL 3A 2A,870 km,60 km/hr,22110
12547,Agra Cantt. - Gandhigram SF Express (PT),SF,NCR,,,AGC,22:00,GG,12:00,14h 0m,14,M T T F,SL 3A 2A 3E,867 km,62 km/hr,12548
14055,Mau - Anand Vihar Terminal Express (Via Prayagraj),Exp,NR,25-Jun,,MAU,10:30,ANVT,3:00,16h 30m,8,T,SL 3A 2A 1A 3E,869 km,53 km/hr,14056
14056,Anand Vihar Terminal - Mau Express (Via Prayagraj),Exp,NR,24-Jun,,ANVT,15:00,MAU,5:45,14h 45m,8,W,SL 3A 2A 1A 3E,869 km,59 km/hr,14055
16858,Mangaluru Central - Puducherry Express (Via Tiruchchirappalli) (PT),Exp,SR,,,MAQ,16:35,PDY,10:15,17h 40m,17,S,SL 3A 2A,865 km,49 km/hr,16857
16857,Puducherry - Mangaluru Central Express (Via Tiruchchirappalli) (PT),Exp,SR,,,PDY,16:45,MAQ,9:50,17h 5m,17,S,SL 3A 2A,865 km,51 km/hr,16858
17294,SMVT Bengaluru - Narasapur Express,Exp,SCoR,11-Jul,,SMVB,11:00,NS,5:50,18h 50m,21,S,SL 3A 2A,861 km,46 km/hr,17293
17293,Narasapur - SMVT Bengaluru Express (PT),Exp,SCoR,10-Jul,,NS,15:50,SMVB,9:45,17h 55m,21,F,SL 3A 2A,861 km,48 km/hr,17294
15075,Shaktinagar - Tanakpur Triveni Express,Exp,NER,,,SKTN,15:45,TPU,15:35,23h 50m,41,S M W F,SL 2A 3E,861 km,36 km/hr,15076
12548,Gandhigram - Agra Cantt. SF Express (PT),SF,NCR,,,GG,16:40,AGC,7:05,14h 25m,14,S M W T,SL 3A 2A 3E,867 km,60 km/hr,12547
14114,Dehradun - Subedarganj Express,Exp,NCR,,,DDN,13:05,SFG,5:55,16h 50m,21,S M T W T F S,SL 3A 2A 1A,861 km,51 km/hr,14113
13509,Asansol - Gonda Express,Exp,ER,,,ASN,16:05,GD,13:10,21h 5m,20,T,SL 3A 2A,861 km,41 km/hr,13510
15076,Tanakpur - Shaktinagar Triveni Express,Exp,NER,,,TPU,8:10,SKTN,8:35,24h 25m,41,S T T S,SL 2A 3E,861 km,35 km/hr,15075
14113,Subedarganj - Dehradun Express (PT),Exp,NCR,,,SFG,20:30,DDN,12:20,15h 50m,21,S M T W T F S,SL 3A 2A 1A,861 km,54 km/hr,14114
13510,Gonda - Asansol Express,Exp,ER,,,GD,14:55,ASN,11:25,20h 30m,20,W,SL 3A 2A,861 km,42 km/hr,13509
15048,Purvanchal Express (via Siwan) (PT),Exp,NER,,,GKP,11:10,KOAA,4:40,17h 30m,18,S M T F,SL 3A 2A 1A,860 km,49 km/hr,15047
15047,Purvanchal Express (via Siwan) (PT),Exp,NER,,,KOAA,14:35,GKP,7:55,17h 20m,18,M T T S,SL 3A 2A 1A,860 km,50 km/hr,15048
20815,Adityapur - Visakhapatnam SF Express,SF,SCoR,,,ADTP,7:30,VSKP,22:45,15h 15m,20,M,SL 3A 2A 3E,860 km,56 km/hr,20816
20816,Visakhapatnam - Adityapur SF Express,SF,SCoR,,,VSKP,15:35,ADTP,6:35,15h 0m,18,S,SL 3A 2A 3E,860 km,57 km/hr,20815
22952,Gandhidham - Bandra Terminus Weekly SF Express,SF,WR,,,GIMB,21:00,BDTS,12:00,15h 0m,12,T,SL 3A 2A,859 km,57 km/hr,22951
22951,Bandra Terminus - Gandhidham Weekly SF Express,SF,WR,,,BDTS,14:40,GIMB,5:55,15h 15m,12,F,SL 3A 2A,859 km,56 km/hr,22952
20635,Ananthapuri Superfast Express (PT),SF,SR,,,MS,19:50,QLN,11:15,15h 25m,26,S M T W T F S,SL 3A 2A 1A,858 km,56 km/hr,20636
20636,Ananthapuri Superfast Express (PT),SF,SR,,,QLN,14:55,MS,6:05,15h 10m,27,S M T W T F S,SL 3A 2A 1A,858 km,57 km/hr,20635
16584,Latur - Yesvantpur Express,Exp,SWR,,,LUR,15:35,YPR,7:40,16h 5m,20,S T S,SL 3A 2A 1A,854 km,53 km/hr,16583
16583,Yesvantpur - Latur Express,Exp,SWR,,,YPR,19:15,LUR,12:40,17h 25m,20,W F S,SL 3A 2A 1A,854 km,49 km/hr,16584
17440,Srikakulam Road - Tirupati Humsafar Express,Hms,SCoR,,,CHE,15:00,TPTY,8:10,17h 10m,18,M,SL 3A,852 km,50 km/hr,17439
17439,Tirupati - Srikakulam Road Humsafar Express,Hms,SCoR,,,TPTY,16:55,CHE,12:30,19h 35m,18,S,SL 3A,852 km,44 km/hr,17440
22539,Mau - Anand Vihar Terminal SF Express (Via Sultanpur),SF,NER,,,MAU,20:50,ANVT,11:30,14h 40m,6,T F,SL 3A 2A 1A 3E,851 km,58 km/hr,22540
22540,Anand Vihar Terminal - Mau SF Express (Via Sultanpur),SF,NER,,,ANVT,16:45,MAU,6:20,13h 35m,6,W S,SL 3A 2A 1A 3E,851 km,63 km/hr,22539
19613,Ajmer - Amritsar Express (via Dhuri),Exp,NWR,,,AII,17:50,ASR,10:30,16h 40m,23,M W,SL 3A 2A 3E,849 km,51 km/hr,19614
12427,Rewa - Anand Vihar Terminal SF Express (PT),SF,NR,,,REWA,16:20,ANVT,6:40,14h 20m,11,S M T W T F S,SL 3A 2A 1A 3E,849 km,59 km/hr,12428
19614,Amritsar - Ajmer Express (via Dhuri),Exp,NWR,,,ASR,17:45,AII,9:00,15h 15m,23,S F,SL 3A 2A 3E,849 km,56 km/hr,19613
12428,Anand Vihar Terminal - Rewa SF Express,SF,NR,,,ANVT,22:05,REWA,11:10,13h 5m,12,S M T W T F S,SL 3A 2A 1A 3E,849 km,65 km/hr,12427
20155,Dr. Ambedkar Nagar - New Delhi SF Express (PT),SF,WCR,,,DADN,15:30,NDLS,4:25,12h 55m,14,S M T W T F S,SL 3A 2A 1A 3E,847 km,66 km/hr,20156
20156,New Delhi - Dr. Ambedkar Nagar SF Express,SF,WCR,,,NDLS,23:25,DADN,12:50,13h 25m,14,S M T W T F S,SL 3A 2A 1A 3E,847 km,63 km/hr,20155
15120,Dehradun - Banaras Janta Express,Exp,NER,,,DDN,18:30,BNRS,15:25,20h 55m,45,S M T W T F S,SL 3A 2A 1A 3E,847 km,40 km/hr,15119
15119,Banaras - Dehradun Janta Express (PT),Exp,NER,,,BNRS,8:20,DDN,6:35,22h 15m,43,S M T W T F S,SL 3A 2A 1A 3E,847 km,38 km/hr,15120
14087,Runicha Express,Exp,NR,,,DLI,8:55,JSM,1:30,16h 35m,24,S M T W T F S,SL 3A 2A 1A,846 km,51 km/hr,14088
14088,Runicha Express,Exp,NR,,,JSM,19:00,DLI,10:35,15h 35m,24,S M T W T F S,SL 3A 2A 1A,846 km,54 km/hr,14087
20908,Sayaji Nagari Superfast Express (PT),SF,WR,,,BHUJ,22:40,DDR,13:55,15h 15m,25,S M T W T F S,SL 3A 2A 1A,845 km,55 km/hr,20907
20907,Sayaji Nagari Superfast Express (PT),SF,WR,,,DDR,15:15,BHUJ,6:30,15h 15m,26,S M T W T F S,SL 3A 2A 1A,845 km,55 km/hr,20908
12872,Junagarh Road - Howrah Ispat Express,SF,SER,,,JNRD,2:15,HWH,18:30,16h 15m,33,S T T,2S CC 3A,844 km,52 km/hr,12871
12871,Howrah - Junagarh Road Ispat Express,SF,SER,,,HWH,6:30,JNRD,22:35,16h 5m,33,M W S,2S CC 3A,844 km,53 km/hr,12872
16561,Yesvantpur - Thiruvananthapuram North (Kochuveli) AC SF Express,ACSF,SWR,,,YPR,15:20,TVCN,6:45,15h 25m,12,T,3A 2A 1A,843 km,55 km/hr,16562
16562,Thiruvananthapuram North (Kochuveli) - Yesvantpur AC SF Express,ACSF,SWR,,,TVCN,12:50,YPR,4:45,15h 55m,12,F,3A 2A 1A,843 km,53 km/hr,16561
15074,Tanakpur - Singrauli Triveni Express,Exp,NER,,,TPU,8:10,SGRL,7:55,23h 45m,40,M W F,SL 2A 3E,842 km,35 km/hr,15073
15073,Singrauli - Tanakpur Triveni Express,Exp,NER,,,SGRL,16:15,TPU,15:35,23h 20m,40,T T S,SL 2A 3E,842 km,36 km/hr,15074
22323,Shabd Bhedi Express (PT),SF,ER,,,KOAA,22:45,GCT,13:50,15h 5m,8,T,SL 3A 2A 3E,841 km,56 km/hr,22324
22324,Shabd Bhedi Express,SF,ER,,,GCT,22:20,KOAA,13:05,14h 45m,8,F,SL 3A 2A 3E,841 km,57 km/hr,22323
11140,Hosapete - Mumbai CSMT SF Express,SF,CR,,,HPT,13:40,CSMT,5:10,15h 30m,15,S M T W T F S,SL CC 3A 2A 1A,840 km,54 km/hr,11139
22904,Bhuj - Bandra Terminus AC SF Express (PT),ACSF,WR,,,BHUJ,16:10,BDTS,4:55,12h 45m,7,M T S,3A 2A 1A 3E,840 km,66 km/hr,22903
22903,Bandra Terminus - Bhuj AC SF Express (PT),ACSF,WR,,,BDTS,23:45,BHUJ,12:50,13h 5m,7,S W F,3A 2A 1A 3E,840 km,64 km/hr,22904
22956,Kutch SF Express (PT),SF,WR,,,BHUJ,20:25,BDTS,11:30,15h 5m,20,S M T W T F S,SL 3A 2A 1A,840 km,56 km/hr,22955
22955,Kutch SF Express (PT),SF,WR,,,BDTS,17:45,BHUJ,8:30,14h 45m,20,S M T W T F S,SL 3A 2A 1A,840 km,57 km/hr,22956
11139,Mumbai CSMT - Hosapete SF Express (PT),SF,CR,,,CSMT,21:20,HPT,12:50,15h 30m,14,S M T W T F S,SL CC 3A 2A 1A,840 km,54 km/hr,11140
12571,Gorakhpur - Anand Vihar Terminal Humsafar Express (via Barhni),Hms,NER,,,GKP,18:50,ANVT,8:25,13h 35m,8,S W F S,3A,839 km,62 km/hr,12572
12572,Anand Vihar Terminal - Gorakhpur Humsafar Express (via Barhni),Hms,NER,,,ANVT,20:00,GKP,9:15,13h 15m,8,S M T S,3A,839 km,63 km/hr,12571
18407,Puri - Koraput Express,Exp,ECoR,11-Jul,,PURI,7:00,KRPU,23:30,16h 30m,19,M T S,SL 3A 2A,837 km,51 km/hr,18408
18408,Koraput - Puri Express,Exp,ECoR,12-Jul,,KRPU,5:00,PURI,22:20,17h 20m,19,S T F,SL 3A 2A,837 km,48 km/hr,18407
12290,Nagpur - Mumbai CSMT Duronto Express,Drnt,CR,,,NGP,19:50,CSMT,7:50,12h 0m,4,S M T W T F S,SL 3A 2A 1A,835 km,70 km/hr,12289
12289,Mumbai CSMT - Nagpur Duronto Express,Drnt,CR,,,CSMT,20:35,NGP,8:25,11h 50m,5,S M T W T F S,SL 3A 2A 1A,835 km,71 km/hr,12290
12140,Sewagram SF Express (PT),SF,CR,,,NGP,21:15,CSMT,12:05,14h 50m,26,S M T W T F S,SL 2A 3E,835 km,56 km/hr,12139
12139,Sewagram SF Express (PT),SF,CR,,,CSMT,14:55,NGP,5:45,14h 50m,26,S M T W T F S,SL 2A 3E,835 km,56 km/hr,12140
16566,Mangaluru Central - Yesvantpur Weekly Express,Exp,SWR,,,MAQ,20:00,YPR,12:50,16h 50m,18,M,SL 3A 2A,834 km,50 km/hr,16565
22434,Suhaildev SF Express (via Prayagraj),SF,NR,,,ANVT,20:20,GCT,9:30,13h 10m,9,M F,SL 3A 2A 1A 3E,834 km,63 km/hr,22433
16565,Yesvantpur - Mangaluru Central Weekly Express,Exp,SWR,,,YPR,23:55,MAQ,16:00,16h 5m,18,S,SL 3A 2A,834 km,52 km/hr,16566
22433,Suhaildev SF Express (via Prayagraj),SF,NR,,,GCT,15:00,ANVT,5:40,14h 40m,9,T S,SL 3A 2A 1A 3E,834 km,57 km/hr,22434
17022,Vasco-da-Gama - Hyderabad Weekly Express,Exp,SCR,,,VSG,8:40,HYB,4:45,20h 5m,23,F,SL 3A 2A,833 km,41 km/hr,17021
17021,Hyderabad - Vasco-da-Gama Weekly Express (PT),Exp,SCR,,,HYB,9:15,VSG,5:45,20h 30m,23,T,SL 3A 2A,833 km,41 km/hr,17022
15025,Mau - Anand Vihar Terminal Express (Via Ayodhya Cantt),Exp,NER,,,MAU,11:10,ANVT,3:00,15h 50m,9,S T,SL 3A 2A 1A,832 km,53 km/hr,15026
15026,Anand Vihar Terminal - Mau Express (Via Ayodhya Cantt),Exp,NER,,,ANVT,13:25,MAU,5:30,16h 5m,9,M F,SL 3A 2A 1A 3E,832 km,52 km/hr,15025
11703,Rewa - Dr. Ambedkar Nagar Express,Exp,WCR,,,REWA,23:05,DADN,15:00,15h 55m,19,S T T,SL 3A 2A 1A 3E,830 km,52 km/hr,11704
11311,Solapur - Hassan Superfast Express (PT),SF,CR,,,SUR,19:20,HAS,10:56,15h 36m,18,S M T W T F S,SL 3A 2A 1A 3E,830 km,53 km/hr,11312
12962,Avantika SF Express (PT),SF,WR,,,INDB,17:45,MMCT,6:40,12h 55m,17,S M T W T F S,SL 3A 2A 1A 3E,830 km,64 km/hr,12961
11704,Dr. Ambedkar Nagar - Rewa Express (PT),Exp,WCR,,,DADN,20:00,REWA,11:35,15h 35m,19,M W F,SL 3A 2A 1A 3E,830 km,53 km/hr,11703
12961,Avantika SF Express (PT),SF,WR,,,MMCT,20:55,INDB,9:05,12h 10m,18,S M T W T F S,SL 3A 2A 1A 3E,830 km,68 km/hr,12962
17226,SSS Hubballi - Narasapur Amaravati Express,Exp,SCoR,,,UBL,13:00,NS,7:25,18h 25m,26,S M T W T F S,SL 3A 2A,830 km,45 km/hr,17225
17225,Narasapur - SSS Hubballi Amaravati Express (PT),Exp,SCoR,,,NS,16:20,UBL,11:30,19h 10m,26,S M T W T F S,SL 3A 2A,830 km,43 km/hr,17226
11312,Hassan - Solapur Superfast Express (PT),SF,CR,,,HAS,16:15,SUR,8:10,15h 55m,17,S M T W T F S,SL 3A 2A 1A 3E,830 km,52 km/hr,11311
17421,Tirupati - Kollam Express (PT),Exp,SCoR,,,TPTY,14:35,QLN,6:20,15h 45m,17,T F,SL 3A 2A,829 km,53 km/hr,17422
17422,Kollam - Tirupati Express (PT),Exp,SCoR,,,QLN,10:45,TPTY,3:25,16h 40m,17,W S,SL 3A 2A,829 km,50 km/hr,17421
12416,New Delhi - Indore Intercity SF Express (PT),SF,NR,,,NDLS,21:50,INDB,10:05,12h 15m,19,S M T W T F S,SL 3A 2A 1A 3E,826 km,67 km/hr,12415
22698,MGR Chennai Central - SSS Hubballi Weekly SF Express (via SMVT Bengaluru) (PT),SF,SWR,,,MAS,15:00,UBL,5:00,14h 0m,15,S,SL 3A 2A 1A 3E,826 km,59 km/hr,22697
22697,SSS Hubballi - MGR Chennai Central Weekly SF Express (via SMVT Bengaluru) (PT),SF,SWR,,,UBL,20:30,MAS,11:10,14h 40m,16,S,SL 3A 2A 1A 3E,826 km,56 km/hr,22698
20680,SSS Hubballi - MGR Chennai Central Weekly SF Express (via SMVT Bengaluru) (PT),SF,SWR,,,UBL,20:30,MAS,11:10,14h 40m,16,T,SL 3A 2A 1A 3E,826 km,56 km/hr,20679
12415,Indore - New Delhi Intercity SF Express (PT),SF,NR,,,INDB,17:10,NDLS,6:20,13h 10m,20,S M T W T F S,SL 3A 2A 1A 3E,826 km,63 km/hr,12416
16319,Thiruvananthapuram North (Kochuveli) - SMVT Bengaluru Humsafar Express,Hms,SR,,,TVCN,17:30,SMVB,10:00,16h 30m,12,T S,SL 3A,826 km,50 km/hr,16320
16779,Tirupati - Rameswaram Express (PT),Exp,SR,,,TPTY,11:55,RMM,4:35,16h 40m,22,M W F S,SL 3A,826 km,50 km/hr,16780
20679,MGR Chennai Central - SSS Hubballi Weekly SF Express (via SMVT Bengaluru) (PT),SF,SWR,,,MAS,15:00,UBL,5:00,14h 0m,15,F,SL 3A 2A 1A 3E,826 km,59 km/hr,20680
16320,SMVT Bengaluru - Thiruvananthapuram North (Kochuveli) Humsafar Express,Hms,SR,,,SMVB,19:00,TVCN,10:00,15h 0m,13,S F,SL 3A,826 km,55 km/hr,16319
16780,Rameswaram - Tirupati Express (PT),Exp,SR,,,RMM,16:55,TPTY,10:10,17h 15m,22,S T T F,SL 3A,826 km,48 km/hr,16779
17652,Kacheguda - Chengalpattu Express (PT),Exp,SCR,,,KCG,17:00,CGL,8:45,15h 45m,21,M T T S,SL 3A 2A,825 km,52 km/hr,17651
17651,Chengalpattu - Kacheguda Express (PT),Exp,SCR,,,CGL,15:35,KCG,7:55,16h 20m,20,M W T S,SL 3A 2A,825 km,51 km/hr,17652
11842,Gita Jayanti Express,Exp,NCR,,,KKDE,15:10,KURJ,8:00,16h 50m,24,S M T W T F S,SL 3A 2A 1A,824 km,49 km/hr,11841
17075,Charlapalli - Belagavi Express,Exp,SCR,16-May,,CHZ,16:00,BGM,10:30,18h 30m,21,S,SL 3A 2A,824 km,45 km/hr,17076
11841,Gita Jayanti Express (PT),Exp,NCR,,,KURJ,18:35,KKDE,12:05,17h 30m,24,S M T W T F S,SL 3A 2A 1A,824 km,47 km/hr,11842
12527,Chhapra - Anand Vihar Terminal SF Express (PT),SF,NER,28-Jun,,CPR,20:50,ANVT,14:00,17h 10m,10,S,SL 3A 2A 1A 3E,1002 km,58 km/hr,12528
17076,Belagavi - Charlapalli Express,Exp,SCR,17-May,,BGM,13:00,CHZ,8:45,19h 45m,21,S,SL 3A 2A,824 km,42 km/hr,17075
17039,Secunderabad - Vasco-da-Gama Express,Exp,SCR,,,SC,10:05,VSG,5:55,19h 50m,19,W F,SL 3A 2A,823 km,42 km/hr,17040
17039,Secunderabad - Vasco-da-Gama Express,Exp,SCR,,,SC,10:05,VSG,5:55,19h 50m,19,W F,SL 3A 2A,823 km,42 km/hr,17040
20488,Malani SF Express,SF,NWR,,,DEE,15:50,BME,6:00,14h 10m,19,T F,SL 3A 2A 1A,822 km,58 km/hr,20487
20487,Malani SF Express,SF,NWR,,,BME,22:30,DEE,12:30,14h 0m,19,M T,SL 3A 2A 1A,822 km,59 km/hr,20488
11405,Pune - Amravati Express (via Latur),Exp,CR,,,PUNE,22:45,AMI,17:30,18h 45m,19,S F,SL 3A 2A 1A,820 km,44 km/hr,11406
11406,Amravati - Pune Express (via Latur),Exp,CR,,,AMI,19:50,PUNE,16:25,20h 35m,19,M S,SL 3A 2A 1A,820 km,40 km/hr,11405
12154,Rani Kamalapati - Mumbai LTT Weekly SF Express (PT),SF,CR,,,RKMP,18:00,LTT,7:25,13h 25m,7,F,SL 3A 2A,816 km,61 km/hr,12153
12153,Mumbai LTT - Rani Kamalapati Weekly SF Express (PT),SF,CR,,,LTT,16:25,RKMP,5:50,13h 25m,7,T,SL 3A 2A,816 km,61 km/hr,12154
12268,Hapa - Mumbai Central Duronto Express,Drnt,WR,,,HAPA,20:05,MMCT,8:05,12h 0m,3,S M T W T F S,2S 3A 2A 1A 3E,815 km,68 km/hr,12267
12267,Mumbai Central - Hapa Duronto Express,Drnt,WR,,,MMCT,22:50,HAPA,10:10,11h 20m,3,S M T W T F S,2S 3A 2A 1A 3E,815 km,72 km/hr,12268
15006,Dehradun - Gorakhpur Rapti Ganga Express,Exp,NER,,,DDN,15:15,GKP,7:50,16h 35m,14,T T,SL 3A 2A 1A,814 km,49 km/hr,15005
22419,Suhaildev SF Express (Via Lucknow) (PT),SF,NR,,,GCT,17:20,ANVT,7:55,14h 35m,10,S M W F,SL 3A 2A 1A 3E,814 km,56 km/hr,22420
22420,Suhaildev SF Express (via Lucknow),SF,NR,,,ANVT,18:50,GCT,9:30,14h 40m,10,S T T S,SL 3A 2A 1A 3E,814 km,56 km/hr,22419
15005,Gorakhpur - Dehradun Rapti Ganga Express (PT),Exp,NER,,,GKP,21:15,DDN,14:15,17h 0m,14,W F,SL 3A 2A 1A,814 km,48 km/hr,15006
17072,Belagavi - Hyderabad Express,Exp,SCR,,,BGM,13:00,HYB,7:00,18h 0m,20,F,SL 3A 2A 1A,813 km,45 km/hr,17071
17071,Hyderabad - Belagavi Express,Exp,SCR,,,HYB,16:30,BGM,10:30,18h 0m,20,T,SL 3A 2A 1A,813 km,45 km/hr,17072
22923,Bandra Terminus - Jamnagar Humsafar Express,Hms,WR,,,BDTS,23:55,JAM,13:55,14h 0m,12,M T S,SL 3A,813 km,58 km/hr,22924
22924,Jamnagar - Bandra Terminus Humsafar Express,Hms,WR,,,JAM,20:15,BDTS,9:30,13h 15m,12,S T F,SL 3A,813 km,61 km/hr,22923
17074,Belagavi - Secunderabad Express,Exp,SCR,19-May,,BGM,13:00,SC,7:15,18h 15m,20,T,SL 3A 2A,812 km,44 km/hr,17073
17073,Secunderabad - Belagavi Express,Exp,SCR,18-May,,SC,16:30,BGM,10:30,18h 0m,20,M,SL 3A 2A,812 km,45 km/hr,17074
12228,Indore - Mumbai Central Duronto Express,Drnt,WR,,,INDB,21:00,MMCT,8:20,11h 20m,3,S F,2S 3A 2A 1A 3E,830 km,73 km/hr,12227
12227,Mumbai Central - Indore Duronto Express,Drnt,WR,,,MMCT,23:10,INDB,10:20,11h 10m,3,T S,2S 3A 2A 1A 3E,830 km,74 km/hr,12228
12861,Visakhapatnam - Mahbubnagar SF Express (PT),SF,SCoR,,,VSKP,18:40,MBNR,9:20,14h 40m,20,S M T W T F S,SL 3A 2A 1A 3E,808 km,55 km/hr,12862
12862,Mahbubnagar - Visakhapatnam SF Express (PT),SF,SCoR,,,MBNR,16:10,VSKP,6:50,14h 40m,21,S M T W T F S,SL 3A 2A 1A 3E,808 km,55 km/hr,12861
15089,Godda - Gomti Nagar Weekly Express,Exp,NER,,,GODA,14:05,GTNR,7:30,17h 25m,22,S,SL 3A 2A,807 km,46 km/hr,15090
15090,Gomti Nagar - Godda Weekly Express,Exp,NER,,,GTNR,15:20,GODA,11:15,19h 55m,22,F,SL 3A 2A,807 km,41 km/hr,15089
20935,Gandhidham - Indore Weekly SF Express,SF,WR,,,GIMB,18:25,INDB,8:55,14h 30m,9,M,SL 3A 2A 1A 3E,806 km,56 km/hr,20936
20936,Indore - Gandhidham Weekly SF Express,SF,WR,,,INDB,23:30,GIMB,14:05,14h 35m,9,S,SL 3A 2A 1A 3E,806 km,55 km/hr,20935
19712,Bhopal - Khatipura (Jaipur) Express (PT),Exp,NWR,,,BPL,16:30,KWP,10:35,18h 5m,36,S M T W T F S,SL 3A 2A 1A 3E,806 km,45 km/hr,19711
12455,Delhi Sarai Rohilla - Bikaner SF Express (via Shri Ganganagar),SF,NR,,,DEE,22:45,BKN,13:20,14h 35m,20,S M T W T F S,SL 3A 2A 1A,802 km,55 km/hr,12456
12456,Bikaner - Delhi Sarai Rohilla SF Express (via Sri Ganganagar),SF,NR,,,BKN,16:45,DEE,7:20,14h 35m,20,S M T W T F S,SL 3A 2A 1A,802 km,55 km/hr,12455
12257,Yesvantpur - Thiruvananthapuram North (Kochuveli) Garib Rath Express,GR,SWR,,,YPR,20:45,TVCN,13:20,16h 35m,17,S T T,3A,801 km,48 km/hr,12258
12258,Thiruvananthapuram North (Kochuveli) - Yesvantpur Garib Rath Express (PT),GR,SWR,,,TVCN,17:00,YPR,9:45,16h 45m,17,M W F,3A,801 km,48 km/hr,12257
17666,Mumbai LTT - Hazur Sahib Nanded Express,Exp,SCR,14-Jul,,LTT,16:35,NED,9:10,16h 35m,12,T,SL 3A 2A 1A,801 km,48 km/hr,17665
17665,Hazur Sahib Nanded - Mumbai LTT Express,Exp,SCR,13-Jul,,NED,21:15,LTT,13:40,16h 25m,12,M,SL 3A 2A 1A,801 km,49 km/hr,17666
17668,Mumbai LTT - Hazur Sahib Nanded Express,Exp,SCR,9-Jul,,LTT,16:55,NED,9:10,16h 15m,11,T,SL 3A 2A 1A,801 km,49 km/hr,17667
17667,Hazur Sahib Nanded - Mumbai LTT Express (PT),Exp,SCR,8-Jul,,NED,21:15,LTT,13:00,15h 45m,11,W,SL 3A 2A 1A,801 km,51 km/hr,17668
14118,Kalindi Express,Exp,NCR,,,BNW,19:35,PRYJ,12:50,17h 15m,31,S M T W T F S,SL 3A 2A 3E,800 km,46 km/hr,14117
14117,Kalindi Express (PT),Exp,NCR,,,PRYJ,15:50,BNW,9:25,17h 35m,31,S M T W T F S,SL 3A 2A 3E,800 km,46 km/hr,14118
12226,Kaifiyaat SF Express (PT),SF,NR,,,DLI,20:25,AMH,10:55,14h 30m,17,S M T W T F S,SL 3A 2A 1A,800 km,55 km/hr,12225
12225,Kaifiyaat SF Express (PT),SF,NR,,,AMH,16:30,DLI,7:05,14h 35m,17,S M T W T F S,SL 3A 2A 1A,800 km,55 km/hr,12226
12732,Secunderabad - Tirupati SF Express (PT),SF,SCoR,,,SC,16:15,TPTY,6:25,14h 10m,14,W S,SL 3A 2A 1A 3E,800 km,56 km/hr,12731
12731,Tirupati - Secunderabad SF Express (PT),SF,SCoR,,,TPTY,17:00,SC,7:24,14h 24m,15,S T,SL 3A 2A 1A 3E,800 km,56 km/hr,12732
16856,Mangaluru Central - Puducherry Express (via Salem) (PT),Exp,SR,,,MAQ,16:35,PDY,10:15,17h 40m,20,F,SL 3A 2A,799 km,45 km/hr,16855
16855,Puducherry - Mangaluru Central Express (Via Salem) (PT),Exp,SR,,,PDY,16:45,MAQ,9:30,16h 45m,20,T,SL 3A 2A,799 km,48 km/hr,16856
18118,Gunupur - Rourkela Rajya Rani Express,Exp,SER,,,GNPR,15:45,ROU,8:30,16h 45m,24,S M T W T F S,SL 3A 2A,799 km,48 km/hr,18117
18117,Rourkela - Gunupur Rajya Rani Express (PT),Exp,SER,,,ROU,21:20,GNPR,13:25,16h 5m,24,S M T W T F S,SL 3A 2A,799 km,50 km/hr,18118
18425,Puri - Durg Express (PT),Exp,ECoR,,,PURI,19:10,DURG,11:55,16h 45m,28,S M T W T F S,SL 3A 2A 1A 3E,797 km,48 km/hr,18426
18426,Durg - Puri Express (PT),Exp,ECoR,,,DURG,16:10,PURI,9:30,17h 20m,28,S M T W T F S,SL 3A 2A 1A 3E,797 km,46 km/hr,18425
17247,Narasapur - Dharmavaram Express (PT),Exp,SCoR,,,NS,17:55,DMM,10:00,16h 5m,26,S M T W T F S,SL 3A 2A 1A,795 km,49 km/hr,17248
17248,Dharmavaram - Narasapur Express (PT),Exp,SCoR,,,DMM,14:20,NS,5:25,15h 5m,26,S M T W T F S,SL 3A 2A 1A,795 km,53 km/hr,17247
15128,Kashi Vishwanath Express,Exp,NER,,,NDLS,11:35,BNRS,4:40,17h 5m,33,S M T W T F S,SL 3A 2A 1A 3E,793 km,46 km/hr,15127
15127,Kashi Vishwanath Express (PT),Exp,NER,,,BNRS,13:30,NDLS,5:45,16h 15m,30,S M T W T F S,SL 3A 2A 1A 3E,793 km,49 km/hr,15128
20490,Mathura - Barmer SF Express (PT),SF,NWR,,,MTJ,15:45,BME,6:00,14h 15m,28,S M W T S,SL 3A 2A 1A,793 km,56 km/hr,20489
20489,Barmer - Mathura SF Express,SF,NWR,,,BME,21:50,MTJ,12:15,14h 25m,28,S T W F S,SL 3A 2A 1A,793 km,55 km/hr,20490
18630,Gorakhpur - Ranchi Weekly Express (PT),Exp,SER,,,GKP,14:45,RNC,9:30,18h 45m,19,S,SL 3A 2A 1A,790 km,42 km/hr,18629
22732,Mumbai CSMT - Hyderabad SF Express (PT),SF,SCR,,,CSMT,14:10,HYB,4:30,14h 20m,20,S M T W T F S,SL 3A 2A,789 km,55 km/hr,22731
12702,Hussain Sagar SF Express (PT),SF,SCR,,,HYB,14:55,CSMT,4:55,14h 0m,15,S M T W T F S,SL 3A 2A,789 km,56 km/hr,12701
12701,Hussain Sagar SF Express (PT),SF,SCR,,,CSMT,21:50,HYB,12:05,14h 15m,14,S M T W T F S,SL 3A 2A,789 km,55 km/hr,12702
13137,Kolkata - Azamgarh Weekly Express,Exp,ER,,,KOAA,11:25,AMH,6:00,18h 35m,20,M,SL 3A 2A 3E,789 km,42 km/hr,13138
17377,Vijayapura - Mangaluru Central Express,Exp,SWR,,,BJP,15:15,MAQ,10:00,18h 45m,26,S M T W T F S,SL 3A 2A,789 km,42 km/hr,17378
22731,Hyderabad - Mumbai CSMT SF Express (PT),SF,SCR,,,HYB,22:40,CSMT,13:05,14h 25m,20,S M T W T F S,SL 3A 2A,789 km,55 km/hr,22732
19711,Khatipura (Jaipur) - Bhopal Express,Exp,NWR,,,KWP,17:35,BPL,11:20,17h 45m,36,S M T W T F S,SL 3A 2A 1A 3E,806 km,45 km/hr,19712
12760,Charminar Express (PT),SF,SCR,,,HYB,18:00,MSB,6:40,12h 40m,15,S M T W T F S,SL 3A 2A 1A,789 km,62 km/hr,12759
13138,Azamgarh - Kolkata Weekly Express (PT),Exp,ER,,,AMH,8:00,KOAA,3:00,19h 0m,20,T,SL 3A 2A 3E,789 km,42 km/hr,13137
12759,Charminar Express (PT),SF,SCR,,,MSB,18:20,HYB,8:10,13h 50m,15,S M T W T F S,SL 3A 2A 1A,789 km,57 km/hr,12760
17378,Mangaluru Central - Vijayapura Express,Exp,SWR,,,MAQ,16:45,BJP,10:30,17h 45m,26,S M T W T F S,SL 3A 2A,789 km,44 km/hr,17377
18448,Hirakhand Express,Exp,ECoR,,,JDB,16:00,BBS,8:20,16h 20m,25,S M T W T F S,SL 3A 2A 1A,787 km,48 km/hr,18447
18447,Hirakhand Express (PT),Exp,ECoR,,,BBS,19:35,JDB,12:15,16h 40m,25,S M T W T F S,SL 3A 2A 1A,787 km,47 km/hr,18448
18629,Ranchi - Gorakhpur Weekly Express,Exp,SER,,,RNC,16:50,GKP,11:35,18h 45m,19,F,SL 3A 2A 1A,787 km,42 km/hr,18630
22935,Bandra Terminus - Palitana Weekly SF Express,SF,WR,,,BDTS,16:45,PIT,6:00,13h 15m,10,T,SL 3A 2A 1A,787 km,59 km/hr,22936
22936,Palitana - Bandra Terminus Weekly SF Express (PT),SF,WR,,,PIT,20:00,BDTS,9:30,13h 30m,10,W,SL 3A 2A 1A,787 km,58 km/hr,22935
22490,Meerut City - Varanasi Vande Bharat Express,VB,NR,,,MTC,6:35,BSB,18:25,11h 50m,5,S M W T F S,CC Ex,783 km,66 km/hr,22489
22489,Varanasi - Meerut City Vande Bharat Express,VB,NR,,,BSB,9:10,MTC,21:05,11h 55m,5,S M W T F S,CC Ex,783 km,66 km/hr,22490
22541,Banaras - Anand Vihar Terminal Garib Rath Express,GR,NER,,,BNRS,19:20,ANVT,9:30,14h 10m,7,S T,3A,781 km,55 km/hr,22542
22542,Anand Vihar Terminal - Banaras Garib Rath Express,GR,NER,,,ANVT,18:15,BNRS,8:10,13h 55m,7,M F,3A,781 km,56 km/hr,22541
22801,Visakhapatnam - MGR Chennai Central Weekly SF Express (PT),SF,SCoR,,,VSKP,19:00,MAS,8:00,13h 0m,13,F,SL 3A 2A,781 km,60 km/hr,22802
22802,MGR Chennai Central - Visakhapatnam Weekly SF Express (PT),SF,SCoR,,,MAS,10:00,VSKP,22:30,12h 30m,13,S,SL 3A 2A,781 km,62 km/hr,22801
22870,MGR Chennai Central - Visakhapatnam Weekly SF Express (PT),SF,SCoR,,,MAS,10:00,VSKP,22:30,12h 30m,11,T,SL 3A 2A,781 km,62 km/hr,22869
22869,Visakhapatnam - MGR Chennai Central Weekly SF Express (PT),SF,SCoR,,,VSKP,19:00,MAS,8:00,13h 0m,11,M,SL 3A 2A,781 km,60 km/hr,22870
22964,Bhavnagar Terminus - Bandra Terminus Weekly SF Express (PT),SF,WR,,,BVC,17:45,BDTS,7:25,13h 40m,16,S,SL 3A 2A,780 km,57 km/hr,22963
12972,Bhavnagar Terminus - Bandra Terminus SF Express (PT),SF,WR,,,BVC,18:30,BDTS,8:20,13h 50m,19,S M T W T F S,SL 3A 2A 1A,780 km,56 km/hr,12971
22963,Bandra Terminus - Bhavnagar Terminus Weekly SF Express (PT),SF,WR,,,BDTS,16:45,BVC,5:45,13h 0m,16,M,SL 3A 2A,780 km,60 km/hr,22964
12971,Bandra Terminus - Bhavnagar Terminus SF Express (PT),SF,WR,,,BDTS,19:10,BVC,8:05,12h 55m,19,S M T W T F S,SL 3A 2A 1A,780 km,60 km/hr,12972
15092,Tanakpur - Daurai (Ajmer) Express,Exp,NER,,,TPU,18:20,DOZ,13:55,19h 35m,22,S M W F,SL 2A 1A 3E,779 km,40 km/hr,15091
15721,Paharia Express (PT),Exp,NFR,,,DGHA,17:05,NJP,9:30,16h 25m,20,S,SL 3A 2A 1A 3E,779 km,47 km/hr,15722
15722,Paharia Express (PT),Exp,NFR,,,NJP,19:50,DGHA,11:55,16h 5m,20,F,SL 3A 2A 1A 3E,779 km,48 km/hr,15721
15091,Daurai (Ajmer) - Tanakpur Express,Exp,NER,,,DOZ,16:05,TPU,9:35,17h 30m,22,M T T S,SL 2A 1A 3E,779 km,45 km/hr,15092
18404,Dhanbad - Bhubaneswar Express (PT),Exp,ECoR,,,DHN,16:00,BBS,8:15,16h 15m,13,S M T W T F S,SL 3A 2A,779 km,48 km/hr,18403
17212,Kondaveedu Express (PT),Exp,SCoR,,,YPR,12:45,MTM,5:15,16h 30m,18,T T S,SL 3A 2A 1A,778 km,47 km/hr,17211
17211,Kondaveedu Express (PT),Exp,SCoR,,,MTM,15:55,YPR,9:55,18h 0m,18,M W F,SL 3A 2A 1A,778 km,43 km/hr,17212
22861,Howrah - Kantabanji Ispat Express,SF,SER,,,HWH,6:30,KBJ,20:35,14h 5m,26,S T T F,2S CC 3A,777 km,55 km/hr,22862
22862,Kantabanji - Howrah Ispat Express,SF,SER,,,KBJ,4:25,HWH,18:30,14h 5m,26,M W F S,2S CC 3A,777 km,55 km/hr,22861
17419,Tirupati - Vasco-Da-Gama Weekly Express,Exp,SCoR,,,TPTY,11:25,VSG,5:55,18h 30m,21,T,SL 3A 2A,777 km,42 km/hr,17420
17420,Vasco-Da-Gama - Tirupati Weekly Express,Exp,SCoR,,,VSG,8:40,TPTY,3:15,18h 35m,21,F,SL 3A 2A,777 km,42 km/hr,17419
17002,Secunderabad - Sainagar Shirdi Express (PT),Exp,SCR,,,SC,16:10,SNSI,9:10,17h 0m,18,S F,SL 3A 2A,777 km,46 km/hr,17001
16235,Tuticorin - Mysuru Express (PT),Exp,SWR,,,TN,17:30,MYS,10:20,16h 50m,32,S M T W T F S,SL CC 3A 2A,776 km,46 km/hr,16236
17001,Sainagar Shirdi - Secunderabad Express (PT),Exp,SCR,,,SNSI,17:00,SC,8:55,15h 55m,20,M S,SL 3A 2A,777 km,49 km/hr,17002
18403,Bhubaneswar - Dhanbad Express,Exp,ECoR,,,BBS,20:25,DHN,11:00,14h 35m,13,S M T W T F S,SL 3A 2A,776 km,53 km/hr,18404
20606,Chendur SF Express (PT),SF,SR,,,TCN,20:45,MS,10:25,13h 40m,29,S M T W T F S,SL 3A 2A 1A,776 km,57 km/hr,20605
16236,Mysuru - Tuticorin Express,Exp,SWR,,,MYS,18:20,TN,10:25,16h 5m,29,S M T W T F S,SL CC 3A 2A,776 km,48 km/hr,16235
20606,Chendur SF Express (PT),SF,SR,,,TCN,20:45,MS,10:25,13h 40m,29,S M T W T F S,SL 3A 2A 1A,776 km,57 km/hr,20605
22418,New Delhi - Varanasi Mahamana Express,SF,NR,,,NDLS,18:40,BSB,8:25,13h 45m,7,M W F,SL 3A 2A 1A,774 km,56 km/hr,22417
19316,Veer Bhumi Express,Exp,WR,,,ASV,14:10,INDB,7:00,16h 50m,31,S M T W T F S,SL 3A 2A 1A,774 km,46 km/hr,19315
19315,Veer Bhumi Express,Exp,WR,,,INDB,18:20,ASV,10:15,15h 55m,31,S M T W T F S,SL 3A 2A 1A,774 km,49 km/hr,19316
18105,Rourkela - Jaynagar Express (PT),Exp,SER,,,ROU,16:35,JYG,11:35,19h 0m,14,T T S,SL 3A 2A,774 km,41 km/hr,18106
22417,Varanasi - New Delhi Mahamana Express,SF,NR,,,BSB,18:55,NDLS,8:05,13h 10m,7,T T S,SL 3A 2A 1A,774 km,59 km/hr,22418
18106,Jaynagar - Rourkela Express,Exp,SER,,,JYG,19:30,ROU,15:00,19h 30m,14,S W F,SL 3A 2A,774 km,40 km/hr,18105
11410,Nizamabad - Pune Express (UnReserved),Exp,CR,,,NZB,23:40,PUNE,19:00,19h 20m,44,S M T W T F S,,768 km,40 km/hr,11409
22588,Banaras - Sealdah Amrit Bharat Express,AB,NER,23-Jan,,BNRS,22:10,SDAH,9:55,11h 45m,6,S T F,SL,772 km,66 km/hr,22587
17013,Hadapsar (Pune) - Kazipet Express (PT),Exp,SCR,,,HDP,15:30,KZJ,6:45,15h 15m,17,S T F,SL 3A 2A 1A,772 km,51 km/hr,17014
17014,Kazipet - Hadapsar (Pune) Express (PT),Exp,SCR,,,KZJ,18:15,HDP,10:50,16h 35m,17,M T S,SL 3A 2A 1A,772 km,47 km/hr,17013
22587,Sealdah - Banaras Amrit Bharat Express,AB,NER,24-Jan,,SDAH,19:30,BNRS,7:20,11h 50m,6,M W S,SL,772 km,65 km/hr,22588
14242,Nauchandi Express,Exp,NR,,,SRE,17:15,PYGS,9:20,16h 5m,27,S M T W T F S,SL 3A 2A 1A,771 km,48 km/hr,14241
14241,Nauchandi Express,Exp,NR,,,PYGS,17:50,SRE,10:40,16h 50m,28,S M T W T F S,SL 3A 2A 1A,771 km,46 km/hr,14242
12219,Mumbai LTT - Secunderabad AC Duronto Express,Drnt,SCR,,,LTT,23:05,SC,11:30,12h 25m,5,W S,3A 2A 1A,770 km,62 km/hr,12220
12220,Secunderabad - Mumbai LTT AC Duronto Express,Drnt,SCR,,,SC,23:05,LTT,11:15,12h 10m,5,T F,3A 2A 1A,770 km,63 km/hr,12219
12596,Anand Vihar Terminal - Gorakhpur Humsafar Express (via Basti),Hms,NER,,,ANVT,20:00,GKP,7:40,11h 40m,4,T W F,3A,769 km,66 km/hr,12595
16121,Tambaram - Thiruvananthapuram Central Amrit Bharat Express,AB,SR,,,TBM,17:30,TVC,8:00,14h 30m,15,W,SL,769 km,53 km/hr,16122
12595,Gorakhpur - Anand Vihar Terminal Humsafar Express (via Basti),Hms,NER,,,GKP,20:00,ANVT,8:25,12h 25m,4,M T T,3A,769 km,62 km/hr,12596
12785,Kacheguda - Ashokapuram SF Express (PT),SF,SCR,,,KCG,19:05,AP,9:55,14h 50m,20,S M T W T F S,SL CC 3A 2A 1A,769 km,52 km/hr,12786
16344,Amritha Express (PT),Exp,SR,,,RMM,13:30,TVC,5:00,15h 30m,27,S M T W T F S,SL 3A 2A 1A,769 km,50 km/hr,16343
16343,Amritha Express (PT),Exp,SR,,,TVC,20:30,RMM,12:15,15h 45m,27,S M T W T F S,SL 3A 2A 1A,769 km,49 km/hr,16344
12786,Ashokapuram - Kacheguda SF Express (PT),SF,SCR,,,AP,14:55,KCG,5:40,14h 45m,19,S M T W T F S,SL 3A 2A 1A,769 km,52 km/hr,12785
16122,Thiruvananthapuram Central - Tambaram Amrit Bharat Express,AB,SR,29-Jan,,TVC,10:40,TBM,23:45,13h 5m,15,T,SL,768 km,59 km/hr,16121
12208,Jammu Tawi - Kathgodam Garib Rath Express,GR,NR,,,JAT,23:20,KGM,13:40,14h 20m,14,S,3A,768 km,54 km/hr,12207
12207,Kathgodam - Jammu Tawi Garib Rath Express,GR,NR,,,KGM,18:15,JAT,9:15,15h 0m,14,T,3A,768 km,51 km/hr,12208
20683,Tambaram - Sengottai SF Express (PT),SF,SR,,,TBM,20:50,SCT,10:50,14h 0m,21,S T T,SL 2A 3E,765 km,55 km/hr,20684
20684,Sengottai - Tambaram SF Express (PT),SF,SR,,,SCT,17:35,TBM,7:25,13h 50m,21,M W F,SL 2A 3E,765 km,55 km/hr,20683
18505,Visakhapatnam - Tirupati Express,Exp,SCoR,,,VSKP,19:00,TPTY,9:30,14h 30m,19,W,SL 3A 2A,764 km,53 km/hr,18506
18506,Tirupati - Visakhapatnam Express,Exp,SCoR,,,TPTY,21:50,VSKP,13:30,15h 40m,19,T,SL 3A 2A,764 km,49 km/hr,18505
18508,Tirupati - Visakhapatnam Express,Exp,SCoR,,,TPTY,21:50,VSKP,13:30,15h 40m,20,T,SL 3A 2A 3E,764 km,49 km/hr,18507
18507,Visakhapatnam - Tirupati Express (PT),Exp,SCoR,,,VSKP,19:10,TPTY,9:30,14h 20m,20,M,SL 3A 2A 3E,764 km,53 km/hr,18508
20692,Nagercoil - Tambaram Antyodaya SF Express,Ant,SR,,,NCJ,15:50,TBM,5:05,13h 15m,19,S M T W T F S,,764 km,58 km/hr,20691
20691,Tambaram - Nagercoil Antyodaya SF Express,Ant,SR,,,TBM,22:40,NCJ,12:35,13h 55m,19,S M T W T F S,,764 km,55 km/hr,20692
14720,Amritsar - Bikaner Weekly Express,Exp,NWR,,,ASR,8:10,BKN,0:45,16h 35m,21,F,SL 3A 2A 3E,762 km,46 km/hr,14719
21125,Ratlam - Bhind Express (PT),Exp,NCR,,,RTM,17:25,BIX,9:50,16h 25m,21,T F S,SL 3A 2A 1A 3E,762 km,46 km/hr,21126
21126,Bhind - Ratlam Express (PT),Exp,NCR,,,BIX,17:20,RTM,10:00,16h 40m,21,S W S,SL 3A 2A 1A 3E,762 km,46 km/hr,21125
14719,Bikaner - Amritsar Weekly Express,Exp,NWR,,,BKN,15:00,ASR,7:15,16h 15m,21,T,SL 3A 2A 3E,762 km,47 km/hr,14720
22708,Tirupati - Visakhapatnam AC Double Decker Express,DD,SCoR,,,TPTY,21:50,VSKP,10:40,12h 50m,16,S W F,CC 3E,760 km,59 km/hr,22707
22707,Visakhapatnam - Tirupati AC Double Decker Express,DD,SCoR,,,VSKP,23:00,TPTY,12:30,13h 30m,16,M T S,CC 3E,760 km,56 km/hr,22708
22415,Varanasi - New Delhi Vande Bharat Express,VB,NR,,,BSB,6:00,NDLS,14:05,8h 5m,2,S M W T F S,CC Ex,759 km,94 km/hr,22416
22416,New Delhi - Varanasi Vande Bharat Express,VB,NR,,,NDLS,15:00,BSB,23:05,8h 5m,2,S M W T F S,CC Ex,759 km,94 km/hr,22415
22435,Varanasi - New Delhi Vande Bharat Express,VB,NR,,,BSB,15:00,NDLS,23:00,8h 0m,2,S M T W F S,CC Ex,759 km,95 km/hr,22436
22436,New Delhi - Varanasi Vande Bharat Express,VB,NR,,,NDLS,6:00,BSB,14:00,8h 0m,2,S M T W F S,CC Ex,759 km,95 km/hr,22435
16590,Rani Chennamma Express (PT),Exp,SWR,,,SLI,15:05,SBC,6:20,15h 15m,25,S M T W T F S,SL 3A 2A 1A 3E,757 km,50 km/hr,16589
16589,Rani Chennamma Express (PT),Exp,SWR,,,SBC,23:00,SLI,13:05,14h 5m,25,S M T W T F S,SL 3A 2A 1A 3E,757 km,54 km/hr,16590
20491,Jaisalmer - Sabarmati SF Express,SF,NWR,,,JSM,15:30,SBIB,5:15,13h 45m,21,S M T W T F S,SL 3A 2A,757 km,55 km/hr,20492
22640,Alappuzha - MGR Chennai Central SF Express (PT),SF,SR,,,ALLP,15:20,MAS,5:15,13h 55m,23,S M T W T F S,SL 3A 2A 1A,757 km,54 km/hr,22639
22639,MGR Chennai Central - Alappuzha SF Express (PT),SF,SR,,,MAS,20:55,ALLP,10:40,13h 45m,22,S M T W T F S,SL 3A 2A 1A,757 km,55 km/hr,22640
12183,Bhopal - MBDD Pratapgarh SF Express (PT),SF,WCR,,,BPL,19:15,MBDP,8:55,13h 40m,10,S T F,SL 3A 2A,757 km,55 km/hr,12184
12183,Bhopal - MBDD Pratapgarh SF Express (PT),SF,WCR,,,BPL,19:15,MBDP,8:55,13h 40m,10,S T F,SL 3A 2A,757 km,55 km/hr,12184
12184,MBDD Pratapgarh - Bhopal SF Express,SF,WCR,,,MBDP,19:10,BPL,8:30,13h 20m,10,M W S,SL 3A 2A,757 km,57 km/hr,12183
17644,Kakinada Port - Chengalpattu Circar Express (PT),Exp,SCR,,,COA,14:30,CGL,7:30,17h 0m,32,S T W F,SL 3A 2A,756 km,44 km/hr,17643
17643,Chengalpattu - Kakinada Port Circar Express (PT),Exp,SCR,,,CGL,16:00,COA,9:25,17h 25m,32,S T W F,SL 3A 2A,756 km,43 km/hr,17644
14717,Bikaner - Haridwar Express,Exp,NWR,,,BKN,23:10,HW,15:00,15h 50m,18,M W F,SL 3A,755 km,48 km/hr,14718
14718,Haridwar - Bikaner Express,Exp,NWR,,,HW,16:25,BKN,7:55,15h 30m,18,T T S,SL 3A,755 km,49 km/hr,14717
12560,Shiv Ganga Express,SF,NER,,,NDLS,20:05,BNRS,6:10,10h 5m,3,S M T W T F S,SL 3A 2A 1A 3E,755 km,75 km/hr,12559
12559,Shiv Ganga Express (PT),SF,NER,,,BNRS,22:15,NDLS,8:30,10h 15m,3,S M T W T F S,SL 3A 2A 1A 3E,755 km,74 km/hr,12560
12581,Banaras - New Delhi SF Express (PT),SF,NER,,,BNRS,23:10,NDLS,9:45,10h 35m,5,S M T F S,SL 3A 2A 1A 3E,753 km,71 km/hr,12582
16231,Cuddalore Port - Mysuru Express (PT),Exp,SWR,,,CUPJ,16:30,MYS,8:35,16h 5m,25,S M T W T F S,SL CC 3A 2A,753 km,47 km/hr,16232
13149,Kanchankanya Express (PT),Exp,ER,,,SDAH,20:30,APDJ,12:40,16h 10m,28,S M T W T F S,SL 3A 2A 1A 3E,753 km,47 km/hr,13150
13150,Kanchankanya Express (PT),Exp,ER,,,APDJ,15:40,SDAH,8:20,16h 40m,28,S M T W T F S,SL 3A 2A 1A 3E,753 km,45 km/hr,13149
16622,Mangaluru Central - Rameswaram Weekly Express (PT),Exp,SR,,,MAQ,19:30,RMM,10:50,15h 20m,15,S,SL 3A 2A,753 km,49 km/hr,16621
16621,Rameswaram - Mangaluru Central Weekly Express,Exp,SR,,,RMM,15:30,MAQ,6:55,15h 25m,15,S,SL 3A 2A,753 km,49 km/hr,16622
12582,New Delhi - Banaras SF Express,SF,NER,,,NDLS,22:50,BNRS,10:00,11h 10m,5,S W T F S,SL 3A 2A 1A 3E,753 km,67 km/hr,12581
22992,Bhagat Ki Kothi - Valsad SF Express,SF,WR,,,BGKT,19:30,BL,8:30,13h 0m,16,W,SL 3A 2A,752 km,58 km/hr,22991
16232,Mysuru - Cuddalore Port Express,Exp,SWR,,,MYS,16:15,CUPJ,8:35,16h 20m,25,S M T W T F S,SL CC 3A 2A,753 km,46 km/hr,16231
22991,Valsad - Bhagat Ki Kothi SF Express,SF,WR,,,BL,18:30,BGKT,8:00,13h 30m,16,T,SL 3A 2A,752 km,56 km/hr,22992
18107,Rourkela - Jagdalpur Intercity Express,Exp,SER,,,ROU,17:55,JDB,10:00,16h 5m,17,S M T W T F S,SL 3A 2A,751 km,47 km/hr,18108
18108,Jagdalpur - Rourkela Intercity Express,Exp,SER,,,JDB,14:10,ROU,6:50,16h 40m,17,S M T W T F S,SL 3A,751 km,45 km/hr,18107
16707,Mangaluru Jn - Tirunelveli Express,Exp,SR,,,MAJN,13:00,TEN,7:45,18h 45m,20,T,SL 3A 2A,751 km,40 km/hr,16708
16708,Tirunelveli - Mangaluru Jn. Express (PT),Exp,SR,,,TEN,15:45,MAJN,6:55,15h 10m,20,W,SL 3A 2A,751 km,49 km/hr,16707
20486,Sabarmati - Jaisalmer Intercity SF Express (via Jalor),SF,NWR,,,SBIB,7:00,JSM,20:30,13h 30m,17,S M T W T F S,SL 3A 2A,750 km,56 km/hr,20485
20675,Vishwamanava SF Express,SF,SWR,,,BGM,7:00,MYS,20:35,13h 35m,31,S M T W T F S,2S CC,749 km,55 km/hr,20676
20676,Vishwamanava SF Express,SF,SWR,,,MYS,7:00,BGM,20:35,13h 35m,31,S M T W T F S,2S CC,749 km,55 km/hr,20675
13147,Uttarbanga Express (PT),Exp,ER,,,SDAH,19:40,BXT,10:45,15h 5m,26,S M T W T F S,SL 3A 2A 1A,749 km,50 km/hr,13148
13148,Uttarbanga Express (PT),Exp,ER,,,BXT,14:05,SDAH,4:50,14h 45m,25,S M T W T F S,SL 3A 2A 1A,749 km,51 km/hr,13147
15058,Anand Vihar Terminal - Gorakhpur Weekly Express,Exp,NER,,,ANVT,17:10,GKP,7:20,14h 10m,6,W,SL 3A 2A 1A 3E,748 km,53 km/hr,15057
14229,Prayagraj Sangam - Yog Nagri Rishikesh Express,Exp,NR,,,PYGS,23:40,YNRK,14:30,14h 50m,16,S T T,SL 3A 2A,744 km,50 km/hr,14230
14230,Yog Nagri Rishikesh - Prayagraj Sangam Express,Exp,NR,,,YNRK,15:20,PYGS,7:10,15h 50m,16,M W F,SL 3A 2A,744 km,47 km/hr,14229
13122,Ghazipur City - Kolkata Weekly Express,Exp,ER,,,GCT,13:55,KOAA,5:30,15h 35m,13,M,SL 3A 2A 3E,743 km,48 km/hr,13121
12964,Mewar SF Express (PT),SF,NWR,,,UDZ,18:30,NZM,6:50,12h 20m,16,S M T W T F S,SL 3A 2A 1A 3E,743 km,60 km/hr,12963
12963,Mewar SF Express,SF,NWR,,,NZM,18:25,UDZ,7:30,13h 5m,16,S M T W T F S,SL 3A 2A 1A 3E,743 km,57 km/hr,12964
13121,Kolkata - Ghazipur City Weekly Express (PT),Exp,ER,,,KOAA,20:05,GCT,10:15,14h 10m,13,S,SL 3A 2A 3E,743 km,52 km/hr,13122
16548,Vijayapura - Yesvantpur Express,Exp,SWR,,,BJP,13:50,YPR,5:00,15h 10m,21,S M T W T F S,SL 3A,742 km,49 km/hr,16547
16547,Yesvantpur - Vijayapura Express,Exp,SWR,,,YPR,21:30,BJP,11:30,14h 0m,21,S M T W T F S,SL 3A,742 km,53 km/hr,16548
12982,Asarva (Ahmedabad) - Khatipura (Jaipur) SF Express,SF,NWR,,,ASV,19:55,KWP,8:25,12h 30m,19,S M T W T F S,SL 3A 2A 1A 3E,741 km,59 km/hr,12981
12634,Kanniyakumari - Chennai Egmore SF Express (PT),SF,SWR,,,CAPE,18:00,MS,6:35,12h 35m,16,S M T W T F S,SL 3A 2A 1A 3E,739 km,59 km/hr,12633
12633,Chennai Egmore - Kanniyakumari SF Express (PT),SF,SWR,,,MS,17:20,CAPE,5:30,12h 10m,14,S M T W T F S,SL 3A 2A 1A 3E,739 km,61 km/hr,12634
18625,Kosi Super Express,Exp,SER,,,PRNC,1:25,HTE,21:00,19h 35m,48,S M T W T F S,2S SL 3A 2A 3E,723 km,37 km/hr,18626
14801,Jodhpur - Indore Express (via Chittaurgarh),Exp,NWR,,,JU,8:00,INDB,23:05,15h 5m,34,S M T W T F S,SL 3A,738 km,49 km/hr,14802
14802,Indore - Jodhpur Express (via Chittaurgarh),Exp,NWR,,,INDB,4:20,JU,19:30,15h 10m,34,S M T W T F S,SL 3A,738 km,49 km/hr,14801
19408,Lalgarh - Sabarmati Express,Exp,WR,23-Jun,,LGH,21:05,SBIB,11:30,14h 25m,17,S M T W T F S,SL 3A 2A 1A 3E,737 km,51 km/hr,19407
19407,Sabarmati - Lalgarh Express,Exp,WR,22-Jun,,SBIB,17:55,LGH,8:10,14h 15m,17,S M T W T F S,SL 3A 2A 1A 3E,737 km,52 km/hr,19408
17317,SSS Hubballi - Dadar Central Express,Exp,SWR,,,UBL,16:30,DR,7:00,14h 30m,19,S M T W T F S,SL 3A 2A,736 km,51 km/hr,17318
16102,Kollam - Chennai Egmore Express (PT),Exp,SR,,,QLN,16:00,TBM,6:05,14h 5m,22,S M T W T F S,SL 3A 2A,736 km,52 km/hr,16101
16101,Chennai Egmore - Kollam Express (PT),Exp,SR,,,TBM,17:15,QLN,7:00,13h 45m,22,S M T W T F S,SL 3A 2A,736 km,54 km/hr,16102
17318,Dadar Central - SSS Hubballi Express (PT),Exp,SWR,,,DR,20:05,UBL,10:45,14h 40m,19,S M T W T F S,SL 3A 2A,736 km,50 km/hr,17317
12763,Padmavathi SF Express (PT),SF,SCoR,,,TPTY,16:55,SC,6:15,13h 20m,14,M T W F S,SL 3A 2A 1A 3E,735 km,55 km/hr,12764
12764,Padmavathi SF Express (PT),SF,SCoR,,,SC,18:40,TPTY,6:55,12h 15m,17,S M T T F,SL 3A 2A 1A 3E,735 km,60 km/hr,12763
17664,Jalna - Raichur Express,Exp,SCR,,,J,17:30,RC,10:30,17h 0m,31,S M T W T F S,SL 3A 2A,735 km,43 km/hr,17663
17663,Raichur - Jalna Express,Exp,SCR,,,RC,15:50,J,9:30,17h 40m,29,S M T W T F S,SL 3A 2A,735 km,42 km/hr,17664
11272,Vindhyachal Express,Exp,WCR,,,BPL,18:20,ET,13:50,19h 30m,38,S M T W T F S,SL 3A,735 km,38 km/hr,11271
11271,Vindhyachal Express,Exp,WCR,,,ET,16:20,BPL,10:20,18h 0m,38,S M T W T F S,SL 3A,735 km,41 km/hr,11272
17641,Kacheguda - Narkher InterCity Express,Exp,SCR,,,KCG,7:10,NRKR,23:00,15h 50m,26,S T W T F S,2S 3A,732 km,46 km/hr,17642
17642,Narkher - Kacheguda InterCity Express,Exp,SCR,,,NRKR,5:00,KCG,20:35,15h 35m,26,S M W T F S,2S 3A,732 km,47 km/hr,17641
12402,Nanda Devi AC SF Express,ACSF,NR,,,DDN,22:45,KOTA,10:35,11h 50m,12,S M T W T F S,3A 2A 1A,731 km,62 km/hr,12401
12401,Nanda Devi AC SF Express,ACSF,NR,,,KOTA,17:50,DDN,5:50,12h 0m,12,S M T W T F S,3A 2A 1A,731 km,61 km/hr,12402
17444,Charlapalli - Tirupati Express (PT),Exp,SCoR,29-May,,CHZ,16:20,TPTY,7:30,15h 10m,13,F,SL 3A 2A,729 km,48 km/hr,17443
10216,Ernakulam Jn. - Madgaon SF Express,SF,KR,,,ERS,13:25,MAO,3:30,14h 5m,12,M,SL CC 3A 2A 3E,729 km,52 km/hr,10215
10215,Madgaon - Ernakulam Jn. SF Express,SF,KR,,,MAO,21:00,ERS,11:00,14h 0m,12,S,SL 3A 2A 3E,729 km,52 km/hr,10216
18518,Visakhapatnam - Korba Express (PT),Exp,SCoR,,,VSKP,21:00,KRBA,11:15,14h 15m,28,S M T W T F S,SL 3A 2A 1A 3E,729 km,51 km/hr,18517
18517,Korba - Visakhapatnam Express (PT),Exp,SCoR,,,KRBA,16:10,VSKP,6:45,14h 35m,28,S M T W T F S,SL 3A 2A 1A 3E,729 km,50 km/hr,18518
17443,Tirupati - Charlapalli Express (PT),Exp,SCoR,28-May,,TPTY,16:30,CHZ,8:25,15h 55m,13,T,SL 3A 2A,729 km,46 km/hr,17444
12981,Khatipura (Jaipur) - Asarva (Ahmedabad) SF Express,SF,NWR,,,KWP,20:05,ASV,8:40,12h 35m,19,S M T W T F S,SL 3A 2A 1A 3E,741 km,59 km/hr,12982
20627,Chennai Egmore - Nagercoil Vande Bharat Express,VB,SR,,,MS,5:00,NCJ,13:50,8h 50m,7,S M T T F S,CC Ex,724 km,82 km/hr,20628
12160,Jabalpur - Amravati SF Express,SF,WCR,,,JBP,21:20,AMI,9:50,12h 30m,20,S M T W T F S,SL 3A 2A 1A 3E,724 km,58 km/hr,12159
20628,Nagercoil - Chennai Egmore Vande Bharat Express,VB,SR,,,NCJ,14:20,MS,23:05,8h 45m,7,S M T T F S,CC Ex,724 km,83 km/hr,20627
12159,Amravati - Jabalpur SF Express,SF,WCR,,,AMI,16:45,JBP,5:50,13h 5m,20,S M T W T F S,SL 3A 2A 1A 3E,724 km,55 km/hr,12160
15096,Delhi - Gorakhpur Amrit Bharat Express,AB,NER,28-Aug,,DLI,14:00,GKP,6:30,16h 30m,8,F,SL,724 km,44 km/hr,15095
15095,Gorakhpur - Delhi Amrit Bharat Express,AB,NER,27-Aug,,GKP,22:45,DLI,12:50,14h 5m,8,T,SL,724 km,51 km/hr,15096
18626,Kosi Super Express (PT),Exp,SER,,,HTE,5:45,PRNC,0:20,18h 35m,48,S M T W T F S,2S SL 3A 2A 3E,723 km,39 km/hr,18625
11634,Chopan - Bhopal Weekly Express,Exp,WCR,,,CPU,17:10,BPL,7:00,13h 50m,15,M,SL 3A 2A 1A 3E,723 km,52 km/hr,11633
11633,Bhopal - Chopan Weekly Express,Exp,WCR,,,BPL,20:55,CPU,10:50,13h 55m,15,S,SL 3A 2A 1A 3E,723 km,52 km/hr,11634
17292,Tiruvannamalai - Narasapur Express,Exp,SCoR,2-Jul,,TNM,11:00,NS,3:50,16h 50m,18,T,SL 3A 2A,723 km,43 km/hr,17291
17291,Narasapur - Tiruvannamalai Express,Exp,SCoR,1-Jul,,NS,13:00,TNM,4:55,15h 55m,18,W,SL 3A 2A,723 km,45 km/hr,17292
11026,Amravati - Pune Express (via Manmad),Exp,CR,,,AMI,22:50,PUNE,11:35,12h 45m,18,S M T W T F S,2S SL CC 3E,720 km,56 km/hr,11025
22118,Amravati - Pune AC SF Express,ACSF,CR,,,AMI,18:50,PUNE,7:15,12h 25m,9,T,2S 3A 2A 1A,720 km,58 km/hr,22117
13032,Jaynagar - Howrah Express (UnReserved),Exp,ER,,,JYG,18:35,HWH,21:15,26h 40m,115,S M T W T F S,,720 km,27 km/hr,13031
22117,Pune - Amravati AC SF Express,ACSF,CR,,,PUNE,22:00,AMI,11:00,13h 0m,9,W,2S 3A 2A 1A,720 km,55 km/hr,22118
11025,Pune - Amravati Express (via Manmad),Exp,CR,,,PUNE,11:05,AMI,1:05,14h 0m,18,S M T W T F S,2S SL CC 3E,720 km,51 km/hr,11026
13031,Howrah - Jaynagar Express (UnReserved),Exp,ER,,,HWH,11:25,JYG,12:05,24h 40m,117,S M T W T F S,,720 km,29 km/hr,13032
16650,Parasuram Express,Exp,SR,,,CAPE,3:45,MAQ,21:20,17h 35m,54,S M T W T F S,2S CC,719 km,41 km/hr,16649
16649,Parasuram Express,Exp,SR,,,MAQ,5:00,CAPE,21:30,16h 30m,55,S M T W T F S,2S CC,719 km,44 km/hr,16650
12378,Padatik Express (PT),SF,ER,,,NOQ,17:40,SDAH,6:45,13h 5m,12,S M T W T F S,SL 3A 2A 1A,719 km,55 km/hr,12377
12377,Padatik Express (PT),SF,ER,,,SDAH,23:20,NOQ,12:25,13h 5m,12,S M T W T F S,SL 3A 2A 1A,719 km,55 km/hr,12378
18235,Bhopal - Bilaspur Express cum Passenger,Exp,SECR,,,BPL,10:15,BSP,3:00,16h 45m,48,S M T W T F S,SL 2A,719 km,43 km/hr,18236
18236,Bilaspur - Bhopal Express Cum Passenger,Exp,SECR,,,BSP,22:20,BPL,17:00,18h 40m,48,S M T W T F S,SL 2A,719 km,39 km/hr,18235
13142,Teesta Torsa Express (PT),Exp,ER,,,NOQ,11:50,SDAH,3:35,15h 45m,33,S M T W T F S,SL 3A 2A,719 km,46 km/hr,13141
13141,Teesta Torsa Express (PT),Exp,ER,,,SDAH,15:00,NOQ,6:40,15h 40m,33,S M T W T F S,SL 3A 2A,719 km,46 km/hr,13142
18182,Thawe - Tatanagar Express,Exp,SER,,,THE,10:10,TATA,7:00,20h 50m,37,S W T S,SL 3A 2A 3E,718 km,34 km/hr,18181
18181,Tatanagar - Thawe Express (PT),Exp,SER,,,TATA,20:45,THE,17:20,20h 35m,37,M T T F,SL 3A 2A 3E,718 km,35 km/hr,18182
12983,Ajmer - Chandigarh Garib Rath Express,GR,NWR,,,AII,17:50,CDG,6:40,12h 50m,15,S T F,3A,718 km,56 km/hr,12984
12984,Chandigarh - Ajmer Garib Rath Express,GR,NWR,,,CDG,19:45,AII,8:40,12h 55m,15,M W S,3A,718 km,56 km/hr,12983
16364,Velankanni - Ernakulam Jn. Weekly Express (via Tiruchchirappalli),Exp,SR,19-Mar,,VLNK,19:45,ERS,11:55,16h 10m,27,T,SL 3A 2A,717 km,44 km/hr,16363
16363,Ernakulam Jn. - Velankanni Weekly Express (via Tiruchchirappalli) (PT),Exp,SR,,,ERS,23:50,VLNK,17:35,17h 45m,27,W,SL 3A 2A,717 km,40 km/hr,16364
22657,Tambaram - Kanniyakumari SF Express (PT),SF,SR,,,TBM,19:30,CAPE,7:15,11h 45m,12,S M W,SL 3A 2A 1A,715 km,61 km/hr,22658
22658,Kanniyakumari - Tambaram SF Express (PT),SF,SR,,,CAPE,16:35,TBM,4:10,11h 35m,12,M T T,SL 3A 2A 1A,715 km,62 km/hr,22657
12667,Tambaram - Kanniyakumari Weekly SF Express (PT),SF,SR,,,TBM,19:30,CAPE,7:15,11h 45m,10,T,SL 3A 2A,715 km,61 km/hr,12668
12769,Seven Hills SF Express (PT),SF,SCR,,,TPTY,15:45,SC,4:25,12h 40m,15,M F,SL 3A 2A,713 km,56 km/hr,12770
12769,Seven Hills SF Express (PT),SF,SCR,,,TPTY,15:45,SC,4:25,12h 40m,15,M F,SL 3A 2A,713 km,56 km/hr,12770
12736,Yesvantpur - Charlapalli Garib Rath Express,GR,SCR,,,YPR,16:15,CHZ,5:00,12h 45m,11,M T S,CC 3A,713 km,56 km/hr,12735
12735,Charlapalli - Yesvantpur Garib Rath Express (PT),GR,SCR,,,CHZ,19:45,YPR,8:20,12h 35m,11,S W F,3A,713 km,57 km/hr,12736
17636,Dharmavaram - Hazur Sahib Nanded Express,Exp,SCR,17-May,,DMM,5:25,NED,8:05,26h 40m,23,S,SL 3A 2A,1235 km,46 km/hr,17635
12761,Tirupati - Karimnagar SF Express (PT),SF,SCR,,,TPTY,20:05,KRMR,8:40,12h 35m,10,W S,SL 3A 2A,712 km,57 km/hr,12762
12762,Karimnagar - Tirupati SF Express (PT),SF,SCR,,,KRMR,19:15,TPTY,8:05,12h 50m,10,S T,SL 3A 2A,712 km,55 km/hr,12761
12806,Lingampalli - Visakhapatnam Janmabhoomi SF Express (PT),SF,SCoR,,,LPI,6:55,VSKP,19:50,12h 55m,23,S M T W T F S,2S CC 3E,711 km,55 km/hr,12805
12805,Visakhapatnam - Lingampalli Janmabhoomi SF Express (PT),SF,SCoR,,,VSKP,6:20,LPI,19:40,13h 20m,23,S M T W T F S,2S CC 3E,711 km,53 km/hr,12806
12798,Venkatadri SF Express (PT),SF,SCR,,,CTO,17:35,KCG,6:20,12h 45m,19,S M T W T F S,SL 3A 2A 1A 3E,709 km,56 km/hr,12797
12797,Venkatadri SF Express (PT),SF,SCR,,,KCG,20:05,CTO,8:52,12h 47m,19,S M T W T F S,SL 3A 2A 1A 3E,709 km,55 km/hr,12798
12002,New Delhi - Rani Kamalapati Shatabdi Express,Shtb,NR,,,NDLS,6:00,RKMP,14:40,8h 40m,9,S M T W T F S,CC Ex,709 km,82 km/hr,12001
12001,Rani Kamalapati - New Delhi Shatabdi Express,Shtb,NR,,,RKMP,15:10,NDLS,23:50,8h 40m,9,S M T W T F S,CC Ex,709 km,82 km/hr,12002
12728,Hyderabad - Visakhapatnam Godavari SF Express (PT),SF,SCR,,,HYB,17:05,VSKP,5:55,12h 50m,19,S M T W T F S,SL 3A 2A 1A,708 km,55 km/hr,12727
12727,Visakhapatnam - Hyderabad Godavari SF Express (PT),SF,SCR,,,VSKP,17:20,HYB,6:15,12h 55m,19,S M T W T F S,SL 3A 2A 1A,708 km,55 km/hr,12728
16572,Bidar - Yesvantpur Express (via Vikarabad) (PT),Exp,SWR,,,BIDR,18:15,YPR,7:40,13h 25m,14,M T W F,SL 3A 2A 1A,708 km,53 km/hr,16571
16571,Yesvantpur - Bidar Express (via Vikarabad),Exp,SWR,,,YPR,19:15,BIDR,8:45,13h 30m,13,S M T T,SL 3A 2A 1A,708 km,52 km/hr,16572
17314,MGR Chennai Central - SSS Hubballi Express (via Ballari) (PT),Exp,SWR,,,MAS,15:50,UBL,4:50,13h 0m,8,T S,SL 3A 2A 1A,705 km,54 km/hr,17313
17313,SSS Hubballi - MGR Chennai Central Express (via Ballari) (PT),Exp,SWR,,,UBL,21:35,MAS,11:10,13h 35m,9,W F,SL 3A 2A 1A,705 km,52 km/hr,17314
16330,Mangaluru Jn. - Nagercoil Amrit Bharat Express,AB,SR,,,MAJN,8:00,NCJ,22:05,14h 5m,24,W,SL,705 km,50 km/hr,16329
16329,Nagercoil - Mangaluru Jn. Amrit Bharat Express,AB,SR,,,NCJ,11:40,MAJN,5:00,17h 20m,24,T,SL,705 km,41 km/hr,16330
12468,Leelan SF Express,SF,NWR,,,JP,16:30,JSM,5:10,12h 40m,22,S M T W T F S,SL 3A,704 km,56 km/hr,12467
12467,Leelan SF Express,SF,NWR,,,JSM,0:30,JP,13:20,12h 50m,22,S M T W T F S,SL 3A,704 km,55 km/hr,12468
20171,Rani Kamalapati (Habibganj) - Hazrat Nizamuddin Vande Bharat Express,VB,WCR,,,RKMP,5:40,NZM,13:16,7h 36m,3,S M T W T F,CC Ex,702 km,92 km/hr,20172
15012,Chandigarh - Lucknow Jn. Express,Exp,NER,,,CDG,17:15,LJN,9:10,15h 55m,18,S M T W T F S,SL 3A 2A 3E,702 km,44 km/hr,15011
12155,Shaan-E-Bhopal SF Express (PT),SF,WCR,,,RKMP,22:40,NZM,8:00,9h 20m,8,S M T W T F S,SL 3A 2A 1A 3E,702 km,75 km/hr,12156
15011,Lucknow Jn. - Chandigarh Express,Exp,NER,,,LJN,23:55,CDG,15:00,15h 5m,18,S M T W T F S,SL 3A 2A 3E,702 km,47 km/hr,15012
20172,Hazrat Nizamuddin - Rani Kamalapati (Habibganj) Vande Bharat Express,VB,WCR,,,NZM,14:40,RKMP,22:16,7h 36m,3,S M T W T F,CC Ex,702 km,92 km/hr,20171
12156,Shaan-E-Bhopal SF Express,SF,WCR,,,NZM,20:40,RKMP,6:20,9h 40m,8,S M T W T F S,SL 3A 2A 1A 3E,702 km,73 km/hr,12155
16862,Kanniyakumari - Puducherry Express,Exp,SR,,,CAPE,14:30,PDY,4:25,13h 55m,19,M,SL 3A 2A,700 km,50 km/hr,16861
16861,Puducherry - Kanniyakumari Express,Exp,SR,,,PDY,13:10,CAPE,3:15,14h 5m,20,S,SL 3A 2A,700 km,50 km/hr,16862
13044,Raxaul - Howrah Express (PT),Exp,ER,,,RXL,21:00,HWH,12:15,15h 15m,19,T S,SL 3A 2A,699 km,46 km/hr,13043
12668,Kanniyakumari - Tambaram Weekly SF Express (PT),SF,SR,,,CAPE,16:35,TBM,4:10,11h 35m,10,F,SL 3A 2A,715 km,62 km/hr,12667
13043,Howrah - Raxaul Express (PT),Exp,ER,,,HWH,23:00,RXL,14:05,15h 5m,19,W F,SL 3A 2A,699 km,46 km/hr,13044
20834,Secunderabad - Visakhapatnam Vande Bharat Express,VB,SCoR,,,SC,15:00,VSKP,23:35,8h 35m,5,S M W T F S,CC Ex,698 km,81 km/hr,20833
20833,Visakhapatnam - Secunderabad Vande Bharat Express,VB,SCoR,,,VSKP,5:45,SC,14:20,8h 35m,5,S M W T F S,CC Ex,698 km,81 km/hr,20834
11409,Daund - Nizamabad Express (UnReserved),Exp,CR,,,DD,16:50,NZB,10:45,17h 55m,35,S M T W T F S,,698 km,39 km/hr,11410
12740,Secunderabad - Visakhapatnam Garib Rath Express (PT),GR,SCR,,,SC,20:30,VSKP,7:50,11h 20m,9,S M T W T F S,3A,698 km,62 km/hr,12739
12739,Visakhapatnam - Secunderabad Garib Rath Express (PT),GR,SCR,,,VSKP,20:40,SC,8:20,11h 40m,9,S M T W T F S,3A,698 km,60 km/hr,12740
20708,Visakhapatnam - Secunderabad Vande Bharat Express,VB,SCR,,,VSKP,14:30,SC,23:25,8h 55m,6,S T W T F S,CC Ex,698 km,78 km/hr,20707
20707,Secunderabad - Visakhapatnam Vande Bharat Express,VB,SCR,,,SC,5:00,VSKP,13:50,8h 50m,6,S T W T F S,CC Ex,698 km,79 km/hr,20708
19818,Haldighati Express,Exp,WCR,,,JAB,20:05,RTM,15:20,19h 15m,64,S M T W T F S,SL,695 km,36 km/hr,19817
17215,Machilipatnam - Dharmavaram Express,Exp,SCoR,,,MTM,19:50,DMM,9:50,14h 0m,20,S M T W T F S,SL 3A 2A,694 km,50 km/hr,17216
12603,MGR Chennai Central - Charlapalli SF Express (PT),SF,SR,,,MAS,16:45,CHZ,5:10,12h 25m,17,S M T W T F S,SL 3A 2A 1A,694 km,56 km/hr,12604
12604,Charlapalli - MGR Chennai Central SF Express (PT),SF,SR,,,CHZ,17:25,MAS,5:40,12h 15m,17,S M T W T F S,SL 3A 2A 1A,694 km,57 km/hr,12603
17216,Dharmavaram - Machilipatnam Express (PT),Exp,SCoR,,,DMM,17:50,MTM,8:35,14h 45m,20,S M T W T F S,SL 3A 2A,694 km,47 km/hr,17215
19344,Penchvalley Express (PT),Exp,WR,,,NIR,19:00,INDB,12:45,17h 45m,34,S M T W T F S,SL 3A,694 km,39 km/hr,19343
19343,Penchvalley Express,Exp,WR,,,INDB,13:15,NIR,6:30,17h 15m,34,S M T W T F S,SL 3A,694 km,40 km/hr,19344
12447,Uttar Pradesh Sampark Kranti Express (PT),SKr,NR,,,MKP,18:00,NZM,5:22,11h 22m,10,S M T W T F S,SL 3A 2A 1A 3E,694 km,61 km/hr,12448
12448,Uttar Pradesh Sampark Kranti Express,SKr,NR,,,NZM,20:00,MKP,7:30,11h 30m,10,S M T W T F S,SL 3A 2A 1A 3E,694 km,60 km/hr,12447
19817,Haldighati Express,Exp,WCR,,,RTM,9:00,AF,4:40,19h 40m,63,S M T W T F S,SL,693 km,35 km/hr,19818
13022,Mithila Express (PT),Exp,ER,,,RXL,10:10,HWH,4:00,17h 50m,40,S M T W T F S,SL 3A 2A,693 km,39 km/hr,13021
13021,Mithila Express (PT),Exp,ER,,,HWH,15:50,RXL,9:15,17h 25m,43,S M T W T F S,SL 3A 2A,693 km,40 km/hr,13022
17329,SSS Hubballi - Vijayawada Express,Exp,SWR,,,UBL,19:30,BZA,12:00,16h 30m,40,S M T W T F S,SL 3A 2A,691 km,42 km/hr,17330
17330,Vijayawada - SSS Hubballi Express,Exp,SWR,,,BZA,13:10,UBL,5:35,16h 25m,40,S M T W T F S,SL 3A 2A,691 km,42 km/hr,17329
16361,Ernakulam Jn. - Velankanni Bi-Weekly Express (via Karaikkudi) (PT),Exp,SR,,,ERS,13:00,VLNK,5:40,16h 40m,32,M S,SL 3A 2A,690 km,41 km/hr,16362
11027,Dadar Central - Satara Express,Exp,CR,,,DR,23:55,STR,14:10,14h 15m,27,S M F,SL 3A 2A,690 km,48 km/hr,11028
11028,Satara - Dadar Central Express,Exp,CR,,,STR,15:30,DR,6:35,15h 5m,27,M T S,SL 3A 2A,690 km,46 km/hr,11027
16362,Velankanni - Ernakulam Jn. Bi-Weekly Express (via Karaikkudi),Exp,SR,,,VLNK,18:40,ERS,11:50,17h 10m,32,S T,SL 3A 2A,690 km,40 km/hr,16361
18452,Tapaswini Express (PT),Exp,ECoR,,,PURI,20:00,HTE,12:00,16h 0m,22,S M T W T F S,SL 3A 2A 1A,689 km,43 km/hr,18451
18451,Tapaswini Express (PT),Exp,ECoR,,,HTE,14:30,PURI,6:55,16h 25m,22,S M T W T F S,SL 3A 2A 1A,689 km,42 km/hr,18452
12734,Narayanadri SF Express (PT),SF,SCoR,,,LPI,17:30,TPTY,5:55,12h 25m,20,S M T W T F S,SL 3A 2A 1A 3E,685 km,55 km/hr,12733
12733,Narayanadri SF Express (PT),SF,SCoR,,,TPTY,18:20,LPI,6:45,12h 25m,20,S M T W T F S,SL 3A 2A 1A 3E,685 km,55 km/hr,12734
19715,Jaipur - Gomti Nagar Express,Exp,NWR,,,JP,21:05,GTNR,11:35,14h 30m,19,S T F,SL 3A 2A 1A 3E,684 km,47 km/hr,19716
19716,Gomti Nagar - Jaipur Express (PT),Exp,NWR,,,GTNR,16:55,JP,7:30,14h 35m,19,M W S,SL 3A 2A 1A 3E,684 km,47 km/hr,19715
18527,Visakhapatnam - Charlapalli Express,Exp,SCoR,3-Apr,,VSKP,17:30,CHZ,8:00,14h 30m,12,F,SL 3A 2A 3E,683 km,47 km/hr,18528
18528,Charlapalli - Visakhapatnam Express,Exp,SCoR,4-Apr,,CHZ,14:30,VSKP,5:20,14h 50m,12,S,SL 3A 2A 3E,683 km,46 km/hr,18527
15084,Utsarg Express,Exp,NER,,,FBD,14:30,CPR,8:25,17h 55m,33,S M T W T F S,SL 3A 2A 1A 3E,682 km,38 km/hr,15083
22463,Delhi Sarai Rohilla - Bikaner Rajasthan Sampark Kranti Express,SKr,NWR,,,DEE,21:25,BKN,8:15,10h 50m,9,S F,SL 3A 2A,682 km,63 km/hr,22464
22464,Bikaner - Delhi Sarai Rohilla Rajasthan Sampark Kranti Express,SKr,NWR,,,BKN,18:10,DEE,5:50,11h 40m,9,T S,SL 3A 2A,682 km,58 km/hr,22463
15083,Utsarg Express,Exp,NER,,,CPR,18:00,FBD,12:45,18h 45m,34,S M T W T F S,SL 3A 2A 1A 3E,682 km,36 km/hr,15084
17392,Sindhanur - KSR Bengaluru Express (PT),Exp,SWR,,,SNNR,13:40,SBC,3:50,14h 10m,47,S M T W T F S,SL,681 km,48 km/hr,17391
13106,Ballia - Sealdah Express (PT),Exp,ER,,,BUI,8:50,SDAH,2:05,17h 15m,32,S M T W T F S,SL 3A 2A 1A,680 km,39 km/hr,13105
13105,Sealdah - Ballia Express (PT),Exp,ER,,,SDAH,13:40,BUI,5:30,15h 50m,32,S M T W T F S,SL 3A 2A 1A,680 km,43 km/hr,13106
11126,Gwalior - Ratlam InterCity Express (PT),Exp,NCR,,,GWL,19:50,RTM,10:00,14h 10m,16,M T T F,SL 3A 2A 1A 3E,680 km,48 km/hr,11125
11125,Ratlam - Gwalior InterCity Express (PT),Exp,NCR,,,RTM,17:25,GWL,7:37,14h 12m,16,S M W T,SL 3A 2A 1A 3E,680 km,48 km/hr,11126
17391,K.S.R Bengaluru - Sindhanur Express (PT),Exp,SWR,,,SBC,23:40,SNNR,14:20,14h 40m,47,S M T W T F S,SL,680 km,46 km/hr,17392
14610,Hemkunt Express,Exp,NR,,,SVDK,16:40,YNRK,8:30,15h 50m,20,S M T W T F S,SL 3A 2A 3E,679 km,43 km/hr,14609
14609,Hemkunt Express,Exp,NR,,,YNRK,17:20,SVDK,7:20,14h 0m,21,S M T W T F S,SL 3A 2A 3E,679 km,49 km/hr,14610
16592,Hampi Express,Exp,SWR,,,MYS,18:50,UBL,10:20,15h 30m,26,S M T W T F S,SL 3A 2A 1A,678 km,44 km/hr,16591
16591,Hampi Express,Exp,SWR,,,UBL,18:30,MYS,8:55,14h 25m,26,S M T W T F S,SL 3A 2A 1A,678 km,47 km/hr,16592
20977,Ajmer - Chandigarh Vande Bharat Express,VB,NWR,,,AII,6:10,CDG,14:45,8h 35m,8,S M T T F S,CC Ex,678 km,79 km/hr,20978
20978,Chandigarh - Ajmer Vande Bharat Express,VB,NWR,,,CDG,15:15,AII,23:58,8h 43m,8,S M T T F S,CC Ex,678 km,78 km/hr,20977
14616,Amritsar - Lalkuan Weekly Express (via Kashipur),Exp,NR,,,ASR,5:55,LKU,21:10,15h 15m,16,S,SL 3A 2A 3E,675 km,44 km/hr,14615
14615,Lalkuan - Amritsar Weekly Express (via Kashipur),Exp,NR,,,LKU,23:40,ASR,15:00,15h 20m,16,S,SL 3A 2A 3E,675 km,44 km/hr,14616
17613,Panvel - Hazur Sahib Nanded Express,Exp,SCR,,,PNVL,16:00,NED,8:45,16h 45m,15,S M T W T F S,SL 3A 2A,675 km,40 km/hr,17614
17614,Hazur Sahib Nanded - Panvel Express (PT),Exp,SCR,,,NED,18:20,PNVL,8:35,14h 15m,14,S M T W T F S,SL 3A 2A,675 km,47 km/hr,17613
20474,Chetak Express (PT),SF,NWR,,,UDZ,17:00,DEE,5:05,12h 5m,23,S M T W T F S,SL 3A 2A 1A,674 km,56 km/hr,20473
20473,Chetak Express,SF,NWR,,,DEE,19:40,UDZ,7:48,12h 8m,23,S M T W T F S,SL 3A 2A 1A,674 km,56 km/hr,20474
19807,Kota - Sirsa Express (Via Loharu),Exp,WCR,,,KOTA,23:45,SSA,13:20,13h 35m,26,S T W F,SL 3A 2A 3E,674 km,50 km/hr,19808
22143,Mumbai CSMT - Bidar SF Express (PT),SF,CR,,,CSMT,21:00,BIDR,9:20,12h 20m,13,W F S,SL 3A 2A 1A,674 km,55 km/hr,22144
22144,Bidar - Mumbai CSMT SF Express (PT),SF,CR,,,BIDR,19:40,CSMT,8:00,12h 20m,13,S T S,SL 3A 2A 1A,674 km,55 km/hr,22143
19808,Sirsa - Kota Express (Via Loharu),Exp,WCR,,,SSA,16:10,KOTA,5:15,13h 5m,26,M W T S,SL 3A 2A 3E,674 km,51 km/hr,19807
22652,Palakkad Junction - MGR Chennai Central SF Express (PT),SF,SR,,,PGT,15:50,MAS,3:45,11h 55m,19,S M T W T F S,SL 3A 2A 1A,673 km,56 km/hr,22651
15204,Lucknow Jn. - Barauni Express,Exp,ECR,,,LJN,15:15,BJU,8:00,16h 45m,35,S M T W T F S,SL 3A 2A 1A 3E,673 km,40 km/hr,15203
22651,MGR Chennai Central - Palakkad Jn. SF Express (PT),SF,SR,,,MAS,21:30,PGT,9:10,11h 40m,18,S M T W T F S,SL 3A 2A 1A,673 km,58 km/hr,22652
16560,Bidar - SMVT Bengaluru Express (Via Kalaburagi),Exp,SWR,16-May,,BIDR,14:00,SMVB,4:00,14h 0m,14,M S,SL 3A 2A,673 km,48 km/hr,16559
14722,Abohar - Jodhpur Express,Exp,NWR,,,ABS,19:40,JU,10:30,14h 50m,38,S M T W T F S,SL,673 km,45 km/hr,14721
15203,Barauni - Lucknow Jn. Express,Exp,ECR,,,BJU,20:25,LJN,13:10,16h 45m,34,S M T W T F S,SL 3A 2A 1A 3E,673 km,40 km/hr,15204
16559,SMVT Bengaluru - Bidar Express (Via Kalaburagi),Exp,SWR,15-May,,SMVB,21:15,BIDR,12:15,15h 0m,15,S F,SL 3A 2A,673 km,45 km/hr,16560
12112,Amravati - Mumbai CSMT SF Express (PT),SF,CR,,,AMI,19:10,CSMT,6:15,11h 5m,13,S M T W T F S,SL 3A 2A 1A,671 km,61 km/hr,12111
12111,Mumbai CSMT - Amravati SF Express (PT),SF,CR,,,CSMT,20:50,AMI,8:35,11h 45m,14,S M T W T F S,SL 3A 2A 1A,671 km,57 km/hr,12112
15769,Alipur Duar Jn.- Mariani InterCity Express (UnReserved),Exp,NFR,,,APDJ,3:30,MXN,20:00,16h 30m,36,S M T W T F S,,670 km,41 km/hr,15770
22985,Rajasthan Humsafar Express,Hms,NWR,,,UDZ,0:50,DEE,11:45,10h 55m,8,S,SL 3A,668 km,61 km/hr,22986
22986,Rajasthan Humsafar Express,Hms,NWR,,,DEE,16:15,UDZ,4:00,11h 45m,8,S,SL 3A,668 km,57 km/hr,22985
16577,Yesvantpur - Bidar Weekly Express (Via Kalaburagi),Exp,SWR,,,YPR,23:15,BIDR,13:50,14h 35m,14,S,SL 3A 2A,668 km,46 km/hr,16578
16578,Bidar - Yesvantpur Weekly Express (Via Kalaburagi),Exp,SWR,,,BIDR,14:40,YPR,4:00,13h 20m,14,S,SL 3A 2A,668 km,50 km/hr,16577
20832,Mahima Gosain Express (PT),SF,ECoR,,,SBP,19:10,SHM,7:20,12h 10m,10,S T T,SL 3A 2A,667 km,55 km/hr,20831
20831,Mahima Gosain Express,SF,ECoR,,,SHM,21:20,SBP,8:35,11h 15m,10,M W F,SL 3A 2A,667 km,59 km/hr,20832
12662,Pothigai SF Express (PT),SF,SR,,,SCT,18:50,MS,5:55,11h 5m,16,S M T W T F S,SL 3A 2A 1A,667 km,60 km/hr,12661
12661,Pothigai SF Express (PT),SF,SR,,,MS,19:35,SCT,6:40,11h 5m,16,S M T W T F S,SL 3A 2A 1A,667 km,60 km/hr,12662
14111,Bapudham Express,Exp,NCR,,,MFP,19:30,PRYJ,8:55,13h 25m,21,M W,SL 3A 2A 1A 3E,665 km,50 km/hr,14112
14112,Bapudham Express,Exp,NCR,,,PRYJ,4:50,MFP,18:10,13h 20m,21,M W,SL 3A 2A 1A 3E,665 km,50 km/hr,14111
17049,SSS Hubballi - Hyderabad Express,Exp,SCR,,,UBL,21:00,HYB,10:00,13h 0m,21,S M T W T F S,SL 3A 2A 1A,664 km,51 km/hr,17050
17310,Vasco da Gama - Yesvantpur Express (PT),Exp,SWR,,,VSG,22:55,YPR,12:35,13h 40m,19,S M T W T F S,SL 3A 2A,664 km,49 km/hr,17309
17309,Yesvantpur - Vasco da Gama Express (PT),Exp,SWR,,,YPR,15:30,VSG,5:10,13h 40m,19,S M T W T F S,SL 3A 2A,664 km,49 km/hr,17310
17050,Hyderabad - SSS Hubballi Express (PT),Exp,SCR,,,HYB,15:50,UBL,5:55,14h 5m,21,S M T W T F S,SL 3A 2A 1A,664 km,47 km/hr,17049
22204,Secunderabad - Visakhapatnam AC Duronto Express,Drnt,SCR,,,SC,20:15,VSKP,6:30,10h 15m,2,M W S,3A 2A 1A,663 km,65 km/hr,22203
12783,Visakhapatnam - Secunderabad AC SF Express (PT),ACSF,SCR,,,VSKP,19:00,SC,7:04,12h 4m,10,S,3A 2A 1A,663 km,55 km/hr,12784
12784,Secunderabad - Visakhapatnam AC SF Express (PT),ACSF,SCR,,,SC,21:40,VSKP,9:45,12h 5m,10,S,3A 2A 1A,663 km,55 km/hr,12783
22203,Visakhapatnam - Secunderabad AC Duronto Express,Drnt,SCR,,,VSKP,19:40,SC,6:35,10h 55m,2,S T T,3A 2A 1A,663 km,61 km/hr,22204
20702,Tirupati - Secunderabad Vande Bharat Express,VB,SCR,,,TPTY,15:15,SC,23:42,8h 27m,5,S M W T F S,CC Ex,662 km,78 km/hr,20701
20701,Secunderabad - Tirupati Vande Bharat Express,VB,SCR,,,SC,6:10,TPTY,14:35,8h 25m,5,S M W T F S,CC Ex,662 km,79 km/hr,20702
17235,SMVT Bengaluru - Nagercoil Express (PT),Exp,SCoR,,,SMVB,17:15,NCJ,7:20,14h 5m,13,S M T W T F S,SL 3A 2A,661 km,47 km/hr,17236
17236,Nagercoil - SMVT Bengaluru Express (PT),Exp,SCoR,,,NCJ,19:15,SMVB,9:30,14h 15m,13,S M T W T F S,SL 3A 2A,661 km,46 km/hr,17235
22469,Khajuraho - Hazrat Nizamuddin Vande Bharat Express,VB,NR,,,KURJ,14:50,NZM,23:10,8h 20m,7,S T W T F S,CC Ex,660 km,79 km/hr,22470
20682,Silambu SF Express (PT),SF,SR,,,SCT,17:10,TBM,4:25,11h 15m,19,S T S,SL 3A 2A 1A,660 km,59 km/hr,20681
22165,Bhopal - Singrauli Urjadhani Express,SF,WCR,,,BPL,20:55,SGRL,8:55,12h 0m,11,T W S,SL 3A 2A 1A 3E,660 km,55 km/hr,22166
20681,Silambu SF Express (PT),SF,SR,,,TBM,20:50,SCT,8:25,11h 35m,20,W F S,SL 3A 2A 1A,660 km,57 km/hr,20682
22470,Hazrat Nizamuddin - Khajuraho Vande Bharat Express,VB,NR,,,NZM,6:00,KURJ,14:20,8h 20m,7,S T W T F S,CC Ex,660 km,79 km/hr,22469
16527,Yesvantpur - Kannur Express (PT),Exp,SWR,,,YPR,20:00,CAN,9:45,13h 45m,17,S M T W T F S,SL 3A 2A,660 km,48 km/hr,16528
16528,Kannur - Yesvantpur Express (PT),Exp,SWR,,,CAN,18:05,YPR,7:50,13h 45m,17,S M T W T F S,SL 3A 2A,660 km,48 km/hr,16527
22166,Singrauli - Bhopal Urjadhani Express,SF,WCR,,,SGRL,19:00,BPL,7:00,12h 0m,11,T T F,SL 3A 2A 1A 3E,660 km,55 km/hr,22165
14208,Padmavat Express,Exp,NR,,,DLI,19:50,MBDP,8:20,12h 30m,16,S M T W T F S,SL 3A 2A 1A 3E,659 km,53 km/hr,14207
14207,Padmavat Express,Exp,NR,,,MBDP,17:45,DLI,6:30,12h 45m,16,S M T W T F S,SL 3A 2A 1A 3E,659 km,52 km/hr,14208
17043,Secunderabad - Anakapalle AC Express,ACExp,SCR,24-May,,SC,21:00,AKP,12:00,15h 0m,14,S,3A 2A 1A,657 km,44 km/hr,17044
22803,Shalimar - Sambalpur SF Express (via Talcher Road),SF,ECoR,,,SHM,20:35,SBP,7:35,11h 0m,9,S,SL 3A 2A,657 km,60 km/hr,22804
22804,Sambalpur - Shalimar SF Express (via Talcher Road),SF,ECoR,,,SBP,19:25,SHM,7:10,11h 45m,9,F,SL 3A 2A,657 km,56 km/hr,22803
17044,Anakapalle - Secunderabad AC Express,ACExp,SCR,18-May,,AKP,17:35,SC,8:40,15h 5m,14,M,3A 2A 1A,657 km,44 km/hr,17043
13417,Digha - Malda Town Express,Exp,ER,,,DGHA,23:40,MLDT,14:25,14h 45m,17,T,SL 3A,656 km,44 km/hr,13418
12072,Hingoli (Deccan) - Mumbai CSMT Jan Shatabdi Express (PT),JShtb,CR,,,HNL,4:15,CSMT,16:50,12h 35m,14,S M T W T F S,2S CC,658 km,52 km/hr,12071
12071,Mumbai CSMT - Hingoli (Deccan) Jan Shatabdi Express,JShtb,CR,,,CSMT,12:10,HNL,0:30,12h 20m,14,S M T W T F S,2S CC,658 km,53 km/hr,12072
13418,Malda Town - Digha Express,Exp,ER,,,MLDT,7:45,DGHA,23:00,15h 15m,17,T,2S SL 3A,656 km,43 km/hr,13417
22461,Shri Shakti AC SF Express,ACSF,NR,,,NDLS,19:05,SVDK,5:40,10h 35m,6,S M T W T F S,3A 2A 1A,655 km,62 km/hr,22462
22477,New Delhi - Shri Mata Vaishno Devi Katra Vande Bharat Express,VB,NR,,,NDLS,15:00,SVDK,23:20,8h 20m,5,S M T T F S,CC Ex,655 km,79 km/hr,22478
20837,Bhubaneswar - Junagarh Road SF Express,SF,ECoR,,,BBS,21:35,JNRD,9:15,11h 40m,17,S M T W T F S,SL 3A 2A,655 km,56 km/hr,20838
22478,Shri Mata Vaishno Devi Katra - New Delhi Vande Bharat Express,VB,NR,,,SVDK,5:45,NDLS,14:00,8h 15m,5,S M T T F S,CC Ex,655 km,79 km/hr,22477
12445,Uttar Sampark Kranti Express (PT),SKr,NR,,,NDLS,20:50,SVDK,7:55,11h 5m,10,S M T W T F S,SL 3A 2A 1A 3E,655 km,59 km/hr,12446
12446,Uttar Sampark Kranti Express (PT),SKr,NR,,,SVDK,19:50,NDLS,6:55,11h 5m,10,S M T W T F S,SL 3A 2A 1A 3E,655 km,59 km/hr,12445
22462,Shri Shakti AC SF Express (PT),ACSF,NR,,,SVDK,23:25,NDLS,9:50,10h 25m,6,S M T W T F S,3A 2A 1A,655 km,63 km/hr,22461
20838,Junagarh Road - Bhubaneswar SF Express (PT),SF,ECoR,,,JNRD,17:30,BBS,5:20,11h 50m,17,S M T W T F S,SL 3A 2A,655 km,55 km/hr,20837
20837,Bhubaneswar - Junagarh Road SF Express,SF,ECoR,,,BBS,21:35,JNRD,9:15,11h 40m,17,S M T W T F S,SL 3A 2A,655 km,56 km/hr,20838
22477,New Delhi - Shri Mata Vaishno Devi Katra Vande Bharat Express,VB,NR,,,NDLS,15:00,SVDK,23:20,8h 20m,5,S M T T F S,CC Ex,655 km,79 km/hr,22478
13024,Gaya - Howrah Express (PT),Exp,ER,,,GAYA,12:10,HWH,3:15,15h 5m,33,S M T W T F S,SL 3A 2A,654 km,43 km/hr,13023
18186,Godda - Tatanagar Express,Exp,SER,,,GODA,14:05,TATA,7:15,17h 10m,21,T,SL 3A 2A 3E,654 km,38 km/hr,18185
13023,Howrah - Gaya Express (PT),Exp,ER,,,HWH,20:00,GAYA,10:55,14h 55m,34,S M T W T F S,SL 3A 2A,654 km,44 km/hr,13024
18185,Tatanagar - Godda Express,Exp,SER,,,TATA,13:55,GODA,6:20,16h 25m,23,M,SL 3A 2A 3E,654 km,40 km/hr,18186
17603,Kacheguda - Yelahanka Express (PT),Exp,SCR,,,KCG,21:05,YNK,9:35,12h 30m,14,S M T W T F S,SL 3A 2A 1A 3E,653 km,52 km/hr,17604
17604,Yelahanka - Kacheguda Express (PT),Exp,SCR,,,YNK,16:20,KCG,5:00,12h 40m,14,S M T W T F S,SL 3A 2A 1A 3E,653 km,52 km/hr,17603
12914,Trishatabdi Express,SF,WR,,,NGP,19:00,INDB,6:30,11h 30m,11,M,SL 3A 2A 1A 3E,653 km,57 km/hr,12913
12913,Trishatabdi Express (PT),SF,WR,,,INDB,20:35,NGP,8:20,11h 45m,11,S,SL 3A 2A 1A 3E,653 km,56 km/hr,12914
20677,MGR Chennai Central - Narasapur Vande Bharat Express,VB,SR,,,MAS,5:30,NS,14:10,8h 40m,7,S M W T F S,CC Ex,652 km,75 km/hr,20678
12694,Pearl City Superfast Express (PT),SF,SR,,,TN,21:05,MS,7:35,10h 30m,19,S M T W T F S,SL 3A 2A 1A,652 km,62 km/hr,12693
12693,Pearl City Superfast Express (PT),SF,SR,,,MS,19:15,TN,5:55,10h 40m,18,S M T W T F S,SL 3A 2A 1A,652 km,61 km/hr,12694
17046,Anakapalle - Charlapalli Express (via Warangal),Exp,SCR,3-May,,AKP,17:35,CHZ,7:20,13h 45m,14,S,SL 3A 2A,651 km,47 km/hr,17045
17045,Charlapalli - Anakapalle Express (via Warangal) (PT),Exp,SCR,9-May,,CHZ,20:05,AKP,9:25,13h 20m,14,S,SL 3A 2A,651 km,49 km/hr,17046
11906,Hoshiarpur - Agra Cantt Express,Exp,NCR,,,HSX,22:30,AGC,11:00,12h 30m,12,S M T W T F S,SL 3A 2A 3E,651 km,52 km/hr,11905
11905,Agra Cantt - Hoshiarpur Express,Exp,NCR,,,AGC,19:10,HSX,9:15,14h 5m,12,S M T W T F S,SL 3A 2A 3E,651 km,46 km/hr,11906
17630,Hazur Sahib Nanded - Hadapsar Express (PT),Exp,SCR,,,NED,15:30,HDP,4:35,13h 5m,11,S M T W T F S,SL 3A 2A,652 km,50 km/hr,17629
19814,Sirsa - Kota Express (Via Churu),Exp,WCR,,,SSA,16:10,KOTA,5:15,13h 5m,24,S T F,SL 3A 2A 3E,650 km,50 km/hr,19813
17441,Tirupati - Charlapalli Express (PT),Exp,SCoR,26-May,,TPTY,16:30,CHZ,8:00,15h 30m,13,T,SL 3A 2A,729 km,47 km/hr,17442
19813,Kota - Sirsa Express (via Churu),Exp,WCR,,,KOTA,23:45,SSA,13:20,13h 35m,24,M T S,SL 3A 2A 3E,650 km,48 km/hr,19814
12632,Nellai SF Express (PT),SF,SR,,,TEN,20:50,MS,7:10,10h 20m,14,S M T W T F S,SL 3A 2A 1A,650 km,63 km/hr,12631
12631,Nellai SF Express (PT),SF,SR,,,MS,20:50,TEN,7:00,10h 10m,13,S M T W T F S,SL 3A 2A 1A,650 km,64 km/hr,12632
17442,Charlapalli - Tirupati Express (PT),Exp,SCoR,27-May,,CHZ,21:30,TPTY,12:30,15h 0m,13,W,SL 3A 2A,729 km,49 km/hr,17441
17629,Hadapsar - Hazur Sahib Nanded Express,Exp,SCR,,,HDP,21:50,NED,10:20,12h 30m,11,S M T W T F S,SL 3A 2A,652 km,52 km/hr,17630
20666,Tirunelveli - Chennai Egmore Vande Bharat Express,VB,SR,,,TEN,6:00,MS,14:00,8h 0m,8,S M W T F S,CC Ex,650 km,81 km/hr,20665
20665,Chennai Egmore - Tirunelveli Vande Bharat Express,VB,SR,,,MS,15:10,TEN,23:00,7h 50m,8,S M W T F S,CC Ex,650 km,83 km/hr,20666
15009,Gorakhpur - Izzatnagar Express,Exp,NER,,,GKP,22:15,IZN,13:05,14h 50m,28,S M T W T F S,SL 3A 2A 1A,646 km,44 km/hr,15010
15010,Izzatnagar - Gorakhpur Express,Exp,NER,,,IZN,15:40,GKP,7:00,15h 20m,28,S M T W T F S,SL 3A 2A 1A,646 km,42 km/hr,15009
20601,MGR Chennai Central - Bodinayakkanur SF Express (PT),SF,SR,,,MAS,22:30,BDNK,8:50,10h 20m,9,S M T W T F,SL 3A 2A 1A,646 km,63 km/hr,20602
20602,Bodinayakkanur - MGR Chennai Central SF Express (PT),SF,SR,,,BDNK,20:55,MAS,7:55,11h 0m,10,S M T W T F,SL 3A 2A 1A,646 km,59 km/hr,20601
18120,Jaynagar - Tatanagar Express,Exp,SER,,,JYG,19:30,TATA,11:40,16h 10m,16,S,SL 3A 2A 3E,645 km,40 km/hr,18119
11756,Rewa - NSC Bose Itwari Express (via Chhindwara),Exp,WCR,,,REWA,17:10,NITR,7:30,14h 20m,12,S T T F,SL 3A 2A 1A,645 km,45 km/hr,11755
11755,NSC Bose Itwari - Rewa Express (via Chhindwara),Exp,WCR,,,NITR,18:10,REWA,8:20,14h 10m,12,M W F S,SL 3A 2A 1A,645 km,46 km/hr,11756
18119,Tatanagar - Jaynagar Express,Exp,SER,,,TATA,18:40,JYG,11:35,16h 55m,16,F,SL 3A 2A 3E,645 km,38 km/hr,18120
12231,Lucknow - Chandigarh SF Express,SF,NR,,,LKO,22:25,CDG,10:05,11h 40m,14,S M T W T F S,SL 3A 2A 1A 3E,644 km,55 km/hr,12232
12232,Chandigarh - Lucknow SF Express,SF,NR,,,CDG,21:05,LKO,8:30,11h 25m,14,S M T W T F S,SL 3A 2A 1A,644 km,56 km/hr,12231
17060,Tiruchanur - Charlapalli Express (via Dhone) (PT),Exp,SCR,18-May,,TCNR,16:00,CHZ,8:00,16h 0m,14,M,SL 3A 2A,649 km,41 km/hr,17059
17059,Charlapalli - Tiruchanur Express (via Dhone ) (PT),Exp,SCR,17-May,,CHZ,21:30,TCNR,12:30,15h 0m,14,S,SL 3A 2A,649 km,43 km/hr,17060
17048,Tiruchanur - Charlapalli Express (via Kazipet) (PT),Exp,SCR,28-May,,TCNR,16:55,CHZ,7:00,14h 5m,13,T,SL 3A 2A,716 km,51 km/hr,17047
17047,Charlapalli - Tiruchanur Express (via Kazipet) (PT),Exp,SCR,27-May,,CHZ,18:55,TCNR,8:00,13h 5m,13,W,SL 3A 2A,716 km,55 km/hr,17048
13508,Gorakhpur - Asansol Express,Exp,ER,,,GKP,20:50,ASN,11:25,14h 35m,13,S,SL 3A 2A,643 km,44 km/hr,13507
13507,Asansol - Gorakhpur Express,Exp,ER,,,ASN,16:05,GKP,5:45,13h 40m,13,F,SL 3A 2A,643 km,47 km/hr,13508
21893,Tatanagar - Patna Vande Bharat Express (via Barkakana),VB,SER,,,TATA,5:25,PNBE,15:55,10h 30m,7,S,CC Ex,642 km,61 km/hr,21894
21894,Patna - Tatanagar Vande Bharat Express (via Barkakana),VB,SER,,,PNBE,13:20,TATA,23:55,10h 35m,7,M,CC Ex,642 km,61 km/hr,21893
19013,Bhusaval - Katni Express,Exp,WR,,,BSL,11:15,KTE,5:15,18h 0m,59,S M T W T F S,SL 3A,642 km,36 km/hr,19014
19014,Katni - Bhusaval Express,Exp,WR,,,KTE,0:40,BSL,18:35,17h 55m,59,S M T W T F S,SL 3A,642 km,36 km/hr,19013
12710,Simhapuri SF Express (PT),SF,SCR,,,SC,22:05,GDR,8:55,10h 50m,14,S M T W T F S,SL 2A 1A 3E,642 km,59 km/hr,12709
12709,Simhapuri SF Express (PT),SF,SCR,,,GDR,18:35,SC,5:45,11h 10m,14,S M T W T F S,SL 2A 1A 3E,642 km,58 km/hr,12710
16751,Chennai Egmore - Rameswaram Express (PT),Exp,SR,,,TBM,21:00,RMM,9:00,12h 0m,20,S M T W T F S,SL 3A 2A 1A,641 km,53 km/hr,16752
16752,Rameswaram - Chennai Egmore Express (PT),Exp,SR,,,RMM,18:00,TBM,6:28,12h 28m,20,S M T W T F S,SL 3A 2A 1A,641 km,51 km/hr,16751
14164,Sangam Express,Exp,NCR,,,MTC,19:00,SFG,8:25,13h 25m,18,S M T W T F S,SL 3A 2A 3E,637 km,47 km/hr,14163
14163,Sangam Express,Exp,NCR,,,SFG,17:50,MTC,6:25,12h 35m,22,S M T W T F S,SL 3A 2A 3E,637 km,51 km/hr,14164
20912,Nagpur - Indore Vande Bharat Express,VB,WR,,,NGP,15:20,INDB,23:50,8h 30m,5,M T W T F S,CC Ex,636 km,75 km/hr,20911
20911,Indore - Nagpur Vande Bharat Express,VB,WR,,,INDB,6:10,NGP,14:35,8h 25m,5,M T W T F S,CC Ex,636 km,76 km/hr,20912
14014,Anand Vihar Terminal - Sultanpur Sadbhavana Express,Exp,NR,,,ANVT,16:30,SLN,5:55,13h 25m,13,M S,SL 3A 2A 1A 3E,636 km,47 km/hr,14013
14013,Sultanpur - Anand Vihar Terminal Sadbhavana Express,Exp,NR,,,SLN,15:30,ANVT,4:45,13h 15m,13,S T,SL 3A 2A 1A 3E,636 km,48 km/hr,14014
12418,Prayagraj Express,SF,NCR,,,NDLS,22:10,PRYJ,7:00,8h 50m,4,S M T W T F S,SL 3A 2A 1A,635 km,72 km/hr,12417
12417,Prayagraj Express (PT),SF,NCR,,,PRYJ,22:10,NDLS,7:00,8h 50m,4,S M T W T F S,SL 3A 2A 1A,635 km,72 km/hr,12418
12276,New Delhi - Prayagraj Humsafar Express,Hms,NCR,,,NDLS,22:30,PRYJ,6:20,7h 50m,1,M W F S,SL 3A,632 km,81 km/hr,12275
12275,Prayagraj - New Delhi Humsafar Express,Hms,NCR,,,PRYJ,22:30,NDLS,6:15,7h 45m,1,S T T F,SL 3A,632 km,82 km/hr,12276
16347,Thiruvananthapuram Central - Mangaluru Central Express (PT),Exp,SR,,,TVC,20:55,MAQ,11:20,14h 25m,46,S M T W T F S,SL 3A 2A 3E,632 km,44 km/hr,16348
16629,Malabar Express (PT),Exp,SR,,,TVC,18:40,MAQ,10:15,15h 35m,51,S M T W T F S,SL 3A 2A 1A,632 km,41 km/hr,16630
16630,Malabar Express (PT),Exp,SR,,,MAQ,18:15,TVC,8:30,14h 15m,51,S M T W T F S,SL 3A 2A 1A,632 km,44 km/hr,16629
16348,Mangaluru Central - Thiruvananthapuram Central Express (PT),Exp,SR,,,MAQ,14:25,TVC,4:15,13h 50m,45,S M T W T F S,SL 3A 2A 3E,632 km,46 km/hr,16347
12692,Shivamogga Town - MGR Chennai Central Weekly SF Express,SF,SR,,,SMET,17:40,MAS,4:55,11h 15m,18,S,SL 3A 2A 1A 3E,631 km,56 km/hr,12691
12691,MGR Chennai Central - Shivamogga Town Weekly SF Express (PT),SF,SR,,,MAS,23:30,SMET,10:55,11h 25m,15,F,SL 3A 2A 1A 3E,631 km,55 km/hr,12692
19255,Surat - Mahuva Express,Exp,WR,,,ST,21:30,MHV,9:40,12h 10m,14,S M T T S,SL 3A 2A 1A,631 km,52 km/hr,19256
19256,Mahuva - Surat Express,Exp,WR,,,MHV,17:30,ST,6:35,13h 5m,14,S M T W F,SL 3A 2A 1A,631 km,48 km/hr,19255
17607,Kacheguda - Tiruchanur Weekly Express (PT),Exp,SCR,20-Aug,,KCG,21:30,TCNR,11:55,14h 25m,9,T,SL 3A 2A,661 km,46 km/hr,17608
17608,Tiruchanur - Kacheguda Weekly Express (PT),Exp,SCR,21-Aug,,TCNR,16:00,KCG,9:00,17h 0m,9,F,SL 3A 2A,661 km,39 km/hr,17607
12924,Nagpur - Dr. Ambedkar Nagar SF Express,SF,WR,,,NGP,19:00,DADN,5:45,10h 45m,12,W,SL 3A 2A 3E,629 km,58 km/hr,12923
22186,Ahimsa SF Express (PT),SF,CR,,,PUNE,20:10,ADI,7:35,11h 25m,15,W,SL 3A 2A,629 km,55 km/hr,22185
12923,Dr. Ambedkar Nagar - Nagpur SF Express,SF,WR,,,DADN,21:00,NGP,8:20,11h 20m,11,T,SL 3A 2A 3E,629 km,55 km/hr,12924
22402,MCTM Udhampur - Delhi Sarai Rohilla AC SF Express,ACSF,NR,,,MCTM,18:10,DEE,3:55,9h 45m,6,S T T,3A 2A 1A,629 km,65 km/hr,22401
22401,Delhi Sarai Rohilla - MCTM Udhampur AC SF Express,ACSF,NR,,,DEE,22:30,MCTM,8:40,10h 10m,6,M W S,3A 2A 1A,629 km,62 km/hr,22402
15561,Darbhanga - Gomti Nagar Amrit Bharat Express,AB,ECR,,,DBG,14:55,GTNR,5:30,14h 35m,17,S,SL,629 km,43 km/hr,15562
15562,Gomti Nagar - Darbhanga Amrit Bharat Express,AB,ECR,,,GTNR,8:15,DBG,1:50,17h 35m,17,S,SL,629 km,36 km/hr,15561
12297,Ahmedabad - Pune Duronto Express,Drnt,CR,,,ADI,22:30,PUNE,7:40,9h 10m,3,S T F,2S 3A 2A 1A,629 km,69 km/hr,12298
12298,Pune - Ahmedabad Duronto Express,Drnt,CR,,,PUNE,21:00,ADI,6:40,9h 40m,3,M T S,2S 3A 2A 1A,629 km,65 km/hr,12297
22425,Ayodhya Cantt. - Anand Vihar Terminal Vande Bharat Express,VB,NR,,,AYC,15:25,ANVT,23:40,8h 15m,4,S M T T F S,CC Ex,628 km,76 km/hr,22426
22426,Anand Vihar Terminal - Ayodhya Cantt. Vande Bharat Express,VB,NR,,,ANVT,6:10,AYC,14:30,8h 20m,4,S M T T F S,CC Ex,628 km,75 km/hr,22425
12364,Haldibari - Kolkata Intercity Express (PT),SF,ER,,,HDB,8:25,KOAA,19:40,11h 15m,9,S W F,2S SL CC 3A,627 km,56 km/hr,12363
12363,Kolkata - Haldibari Intercity Express (PT),SF,ER,,,KOAA,9:05,HDB,20:25,11h 20m,9,T T S,2S SL CC 3A,627 km,55 km/hr,12364
16314,Mangaluru Jn. - Thiruvananthapuram North Antyodaya Express (via Kottayam),Ant,SR,17-Mar,,MAJN,18:00,TVCN,7:15,13h 15m,22,T,,626 km,47 km/hr,16313
16313,Thiruvananthapuram North - Mangaluru Jn. Antyodaya Express (via Kottayam),Ant,SR,16-Mar,,TVCN,17:15,MAJN,6:50,13h 35m,22,M,,626 km,46 km/hr,16314
17064,Ajanta Express (PT),Exp,SCR,,,KCG,18:30,MMR,8:30,14h 0m,20,S M T W T F S,SL 3A 2A 1A,626 km,45 km/hr,17063
17063,Ajanta Express (PT),Exp,SCR,,,MMR,20:40,KCG,9:45,13h 5m,20,S M T W T F S,SL 3A 2A 1A,626 km,48 km/hr,17064
22185,Ahimsa SF Express (PT),SF,CR,,,ADI,20:15,PUNE,7:30,11h 15m,15,T,SL 3A 2A,625 km,56 km/hr,22186
26651,KSR Bengaluru - Ernakulam Jn. Vande Bharat Express,VB,SWR,,,SBC,5:10,ERS,13:50,8h 40m,7,S M T T F S,CC Ex,625 km,72 km/hr,26652
26652,Ernakulam Jn. - KSR Bengaluru Vande Bharat Express,VB,SWR,,,ERS,14:20,SBC,23:00,8h 40m,7,S M T T F S,CC Ex,625 km,72 km/hr,26651
11201,Nagpur - Shahdol Express,Exp,CR,,,NGP,8:00,SDL,22:00,14h 0m,10,S M T W T F S,SL 3A 2A,625 km,45 km/hr,11202
11202,Shahdol - Nagpur Express (PT),Exp,CR,,,SDL,5:00,NGP,18:00,13h 0m,10,S M T W T F S,SL 3A 2A,625 km,48 km/hr,11201
11108,Bundelkhand Express,Exp,NCR,,,BNRS,16:30,GWL,8:15,15h 45m,33,S M T W T F S,SL 3A 2A 1A 3E,624 km,40 km/hr,11107
11107,Bundelkhand Express (PT),Exp,NCR,,,GWL,21:05,BNRS,11:05,14h 0m,27,S M T W T F S,SL 3A 2A 1A 3E,624 km,45 km/hr,11108
16545,Yesvantpur - Sindhanur Express,Exp,SWR,,,YPR,20:25,SNNR,10:55,14h 30m,41,S M T W T F S,SL 3A,623 km,43 km/hr,16546
17251,Guntur - Kacheguda Express (PT),Exp,SCoR,,,GNT,18:40,KCG,7:35,12h 55m,31,S M T W T F S,SL 3A,623 km,48 km/hr,17252
17252,Kacheguda - Guntur Express (PT),Exp,SCoR,,,KCG,20:45,GNT,11:00,14h 15m,31,S M T W T F S,SL 3A,623 km,44 km/hr,17251
16546,Sindhanur - Yesvantpur Express,Exp,SWR,,,SNNR,17:00,YPR,8:05,15h 5m,41,S M T W T F S,SL 3A,623 km,41 km/hr,16545
13186,Gangasagar Express (PT),Exp,ER,,,JYG,16:10,SDAH,7:00,14h 50m,19,S M T W T F S,SL 3A 2A 1A,623 km,42 km/hr,13185
13185,Gangasagar Express (PT),Exp,ER,,,SDAH,17:50,JYG,8:55,15h 5m,20,S M T W T F S,SL 3A 2A 1A,623 km,41 km/hr,13186
22438,Anand Vihar Terminal - Prayagraj Humsafar Express,Hms,NCR,,,ANVT,22:35,PRYJ,6:20,7h 45m,1,S T T,SL 3A,622 km,80 km/hr,22437
16586,Murdeshwar - SMVT Bengaluru Express,Exp,SWR,,,MRDW,14:25,SMVB,7:15,16h 50m,23,S M T W T F S,SL 3A 2A 1A,622 km,37 km/hr,16585
22437,Prayagraj - Anand Vihar Terminal Humsafar Express,Hms,NCR,,,PRYJ,22:30,ANVT,6:10,7h 40m,1,M W S,SL 3A,622 km,81 km/hr,22438
16585,SMVT Bengaluru - Murdeshwar Express,Exp,SWR,,,SMVB,19:45,MRDW,13:50,18h 5m,23,S M T W T F S,SL 3A 2A 1A,622 km,34 km/hr,16586
13166,Sitamarhi - Kolkata Express,Exp,ER,,,SMI,22:55,KOAA,12:25,13h 30m,13,S,SL 3A 2A 3E,620 km,46 km/hr,13165
13155,Mithilanchal Express (PT),Exp,ER,,,KOAA,20:55,SMI,11:15,14h 20m,18,S T,SL 3A 2A 3E,620 km,43 km/hr,13156
13156,Mithilanchal Express,Exp,ER,,,SMI,12:35,KOAA,3:00,14h 25m,18,M F,SL 3A 2A 3E,620 km,43 km/hr,13155
16604,Maveli Express (PT),Exp,SR,,,TVC,19:25,MAQ,8:15,12h 50m,29,S M T W T F S,SL 3A 2A 1A,620 km,48 km/hr,16603
16603,Maveli Express (PT),Exp,SR,,,MAQ,17:40,TVC,6:20,12h 40m,28,S M T W T F S,SL 3A 2A 1A,620 km,49 km/hr,16604
20631,Mangaluru Central - Thiruvananthapuram Central Vande Bharat Express,VB,SR,,,MAQ,6:25,TVC,15:05,8h 40m,9,S M T T F S,CC Ex,620 km,72 km/hr,20632
16606,Ernad Express,Exp,SR,,,TVC,3:40,MAQ,17:40,14h 0m,38,S M T W T F S,2S CC,620 km,44 km/hr,16605
16605,Ernad Express,Exp,SR,,,MAQ,7:20,TVC,21:15,13h 55m,38,S M T W T F S,2S CC,620 km,45 km/hr,16606
13136,Jaynagar - Kolkata Weekly Express,Exp,ER,,,JYG,12:35,KOAA,3:00,14h 25m,15,S,SL 3A 2A 1A,620 km,43 km/hr,13135
13135,Kolkata - Jaynagar Weekly Express (PT),Exp,ER,,,KOAA,20:55,JYG,10:45,13h 50m,15,S,SL 3A 2A 1A 3E,620 km,45 km/hr,13136
20632,Thiruvananthapuram Central - Mangaluru Central Vande Bharat Express,VB,SR,,,TVC,16:05,MAQ,0:45,8h 40m,9,S M T T F S,CC Ex,620 km,72 km/hr,20631
22422,Salasar SF Express,SF,NWR,,,JU,11:10,DEE,22:25,11h 15m,20,S M T W T F S,SL 3A 2A 1A,619 km,55 km/hr,22421
22421,Salasar SF Express,SF,NWR,,,DEE,7:05,JU,17:50,10h 45m,20,S M T W T F S,SL 3A 2A 1A,619 km,58 km/hr,22422
22481,Jodhpur - Delhi Sarai Rohilla SF Express,SF,NWR,,,JU,18:30,DEE,5:20,10h 50m,19,S M T W T F S,SL 3A 2A 1A 3E,619 km,57 km/hr,22482
22482,Delhi Sarai Rohilla - Jodhpur SF Express,SF,NWR,,,DEE,23:00,JU,9:40,10h 40m,19,S M T W T F S,SL 3A 2A 1A 3E,619 km,58 km/hr,22481
15967,Rangiya - Ledo Express (UnReserved),Exp,NFR,,,RNY,5:30,LEDO,21:55,16h 25m,35,S W T,,619 km,38 km/hr,15968
15968,Ledo - Rangiya Express (UnReserved),Exp,NFR,,,LEDO,5:00,RNY,20:05,15h 5m,35,M T F,,619 km,41 km/hr,15967
22491,Mandore Superfast Express (PT),SF,NWR,,,JU,20:30,DLI,6:45,10h 15m,16,S M T W T F S,SL 3A 2A 1A 3E,618 km,60 km/hr,22492
22492,Mandore Superfast Express,SF,NWR,,,DLI,21:20,JU,7:30,10h 10m,18,S M T W T F S,SL 3A 2A 1A 3E,618 km,61 km/hr,22491
17054,Anakapalle - Charlapalli AC Express,ACExp,SCR,8-May,,AKP,17:35,CHZ,6:40,13h 5m,11,F,3A 2A 1A,618 km,47 km/hr,17053
17053,Charlapalli - Anakapalle AC Express,ACExp,SCR,14-May,,CHZ,22:10,AKP,11:00,12h 50m,11,T,3A 2A 1A,618 km,48 km/hr,17054
16103,Tambaram - Rameswaram Express (PT),Exp,SR,,,TBM,18:10,RMM,5:45,11h 35m,18,S M T W T F S,SL 3A 2A,618 km,53 km/hr,16104
16104,Rameswaram - Tambaram Express (PT),Exp,SR,,,RMM,16:00,TBM,3:45,11h 45m,18,S M T W T F S,SL 3A 2A,618 km,53 km/hr,16103
15016,Lalkuan - Amritsar Express (via Rudrapur City),Exp,NER,,,LKU,13:40,ASR,2:20,12h 40m,7,T,SL 2A 1A 3E,617 km,49 km/hr,15015
15015,Amritsar - Lalkuan Express (via Rudrapur City),Exp,NER,,,ASR,5:55,LKU,17:40,11h 45m,8,W,SL 2A 1A 3E,617 km,53 km/hr,15016
18642,Durg - Hatia Express (PT),Exp,SER,,,DURG,19:25,HTE,7:15,11h 50m,7,W F,SL 3A 2A,616 km,52 km/hr,18641
18641,Hatia - Durg Express (PT),Exp,SER,,,HTE,20:00,DURG,6:45,10h 45m,7,T T,SL 3A 2A,616 km,57 km/hr,18642
10116,Madgaon - Bandra Terminus Express,Exp,KR,,,MAO,7:40,BDTS,23:40,16h 0m,13,T T,SL 3A 2A 3E,615 km,38 km/hr,10115
10115,Bandra Terminus - Madgaon Express,Exp,KR,,,BDTS,6:50,MAO,22:40,15h 50m,13,W F,SL 3A 2A 3E,615 km,39 km/hr,10116
18183,Tatanagar - Buxar Express,Exp,SER,,,TATA,7:55,BXR,22:55,15h 0m,39,S M T W T F S,2S CC 3A 3E,614 km,41 km/hr,18184
12464,Jodhpur - Delhi Sarai Rohilla Rajasthan Sampark Kranti Express,SKr,NWR,,,JU,20:15,DEE,5:50,9h 35m,6,T,SL 3A 2A,614 km,64 km/hr,12463
12463,Delhi Sarai Rohilla - Jodhpur Rajasthan Sampark Kranti Express,SKr,NWR,,,DEE,21:25,JU,6:40,9h 15m,6,W,SL 3A 2A,614 km,66 km/hr,12464
16356,Mangaluru Jn. - Thiruvananthapuram North Antyodaya Express (via Alappuzha),Ant,SR,,,MAJN,20:10,TVCN,8:00,11h 50m,11,S F,,614 km,52 km/hr,16355
16355,Thiruvananthapuram North - Mangaluru Jn. Antyodaya Express (via Alappuzha),Ant,SR,,,TVCN,21:25,MAJN,9:15,11h 50m,11,T S,,614 km,52 km/hr,16356
17302,Belagavi - Mysuru Express (Via Hassan),Exp,SWR,,,BGM,19:40,MYS,7:10,11h 30m,18,S M T W T F S,SL 3A 2A,614 km,53 km/hr,17301
17301,Mysuru - Belagavi Express (Via Hassan),Exp,SWR,,,MYS,22:45,BGM,9:55,11h 10m,18,S M T W T F S,SL 3A 2A,614 km,55 km/hr,17302
14206,Delhi - Ayodhya Cantt. Express,Exp,NR,,,DLI,18:20,AYC,6:20,12h 0m,9,S M T W T F S,SL 3A 2A 1A 3E,614 km,51 km/hr,14205
18184,Buxar - Tatanagar Express,Exp,SER,,,BXR,3:30,TATA,18:00,14h 30m,38,S M T W T F S,2S CC 3A 3E,614 km,42 km/hr,18183
14205,Ayodhya Cantt. - Delhi Express,Exp,NR,,,AYC,17:25,DLI,4:20,10h 55m,9,S M T W T F S,SL 3A 2A 1A 3E,614 km,56 km/hr,14206
20653,KSR Bengaluru - Belagavi SF Express (PT),SF,SWR,,,SBC,21:00,BGM,6:40,9h 40m,6,S M T W T F S,SL 3A 2A 1A 3E,612 km,63 km/hr,20654
16595,Panchaganga Express,Exp,SWR,,,SBC,18:50,KAWR,8:40,13h 50m,20,S M T W T F S,SL 3A 2A 1A 3E,612 km,44 km/hr,16596
18604,Godda - Ranchi Express (via Kiul),Exp,SER,,,GODA,14:05,RNC,6:00,15h 55m,26,S W F,SL 3A 2A 1A,612 km,38 km/hr,18603
16596,Panchaganga Express,Exp,SWR,,,KAWR,18:00,SBC,7:15,13h 15m,19,S M T W T F S,SL 3A 2A 1A 3E,612 km,46 km/hr,16595
20704,Yesvantpur - Kacheguda Vande Bharat Express,VB,SCR,,,YPR,14:45,KCG,23:00,8h 15m,5,S M T T F S,CC Ex,612 km,74 km/hr,20703
18603,Ranchi - Godda Express (via Kiul),Exp,SER,,,RNC,14:50,GODA,6:20,15h 30m,25,T T S,SL 3A 2A 1A,612 km,39 km/hr,18604
20704,Yesvantpur - Kacheguda Vande Bharat Express,VB,SCR,,,YPR,14:45,KCG,23:00,8h 15m,5,S M T T F S,CC Ex,612 km,74 km/hr,20703
20703,Kacheguda - Yesvantpur Vande Bharat Express,VB,SCR,,,KCG,5:45,YPR,14:00,8h 15m,5,S M T T F S,CC Ex,612 km,74 km/hr,20704
20654,Belagavi - KSR Bengaluru SF Express,SF,SWR,,,BGM,22:00,SBC,7:30,9h 30m,6,S M T W T F S,SL 3A 2A 1A 3E,612 km,64 km/hr,20653
16595,Panchaganga Express,Exp,SWR,,,SBC,18:50,KAWR,8:40,13h 50m,20,S M T W T F S,SL 3A 2A 1A 3E,612 km,44 km/hr,16596
16515,Yesvantpur - Karwar Express,Exp,SWR,,,YPR,7:00,KAWR,23:10,16h 10m,23,M W F,2S SL CC 3E EV,611 km,38 km/hr,16516
16516,Karwar - Yesvantpur Express,Exp,SWR,,,KAWR,5:30,YPR,20:50,15h 20m,23,T T S,2S SL CC 3E EV,611 km,40 km/hr,16515
13165,Kolkata - Sitamarhi Express (PT),Exp,ER,,,KOAA,23:35,SMI,12:20,12h 45m,13,S,SL 3A 2A 3E,608 km,48 km/hr,13166
17618,Tapovan Express (PT),Exp,SCR,,,NED,10:05,CSMT,22:08,12h 3m,19,S M T W T F S,2S CC,608 km,50 km/hr,17617
17617,Tapovan Express (PT),Exp,SCR,,,CSMT,5:30,NED,18:00,12h 30m,19,S M T W T F S,2S CC,608 km,49 km/hr,17618
12775,Cocanada SF Express (PT),SF,SCoR,,,CCT,20:20,LPI,7:30,11h 10m,12,S M T W T F S,SL 3A 2A 1A 3E,608 km,54 km/hr,12776
12776,Cocanada SF Express (PT),SF,SCoR,,,LPI,19:00,CCT,6:03,11h 3m,12,S M T W T F S,SL 3A 2A 1A 3E,608 km,55 km/hr,12775
20705,Hazur Sahib Nanded - Mumbai CSMT Vande Bharat Express,VB,SCR,,,NED,5:20,CSMT,14:15,8h 55m,8,S M T T F S,CC Ex,608 km,68 km/hr,20706
20706,Mumbai CSMT - Hazur Sahib Nanded Vande Bharat Express,VB,SCR,,,CSMT,13:15,NED,22:25,9h 10m,8,S M T W F S,CC Ex,608 km,66 km/hr,20705
17612,Mumbai CSMT - Hazur Sahib Nanded Rajya Rani Express,Exp,SCR,,,CSMT,18:45,NED,7:20,12h 35m,14,S M T W T F S,2S SL CC 3A 2A 1A,608 km,48 km/hr,17611
17611,Hazur Sahib Nanded - Mumbai CSMT Rajya Rani Express (PT),Exp,SCR,,,NED,22:00,CSMT,10:07,12h 7m,15,S M T W T F S,2S SL CC 3A 2A 1A,608 km,50 km/hr,17612
11273,Itarsi - Prayagraj Chheoki Express,Exp,WCR,,,ET,17:15,PCOI,9:55,16h 40m,55,S M T W T F S,SL 3A,604 km,36 km/hr,11274
11274,Prayagraj Chheoki - Itarsi Express,Exp,WCR,,,PCOI,20:15,ET,13:20,17h 5m,55,S M T W T F S,SL 3A,604 km,35 km/hr,11273
26482,Delhi Cantt. - Jodhpur Vande Bharat Express,VB,NWR,,,DEC,15:10,JU,23:20,8h 10m,9,S M W T F S,CC Ex,604 km,74 km/hr,26481
26481,Jodhpur - Delhi Cantt. Vande Bharat Express,VB,NWR,,,JU,5:30,DEC,13:30,8h 0m,9,S M W T F S,CC Ex,604 km,75 km/hr,26482
12683,Ernakulam Jn. - SMVT Bengaluru SF Express (PT),SF,SR,,,ERS,16:50,SMVB,3:55,11h 5m,11,S M W,SL 3A 2A,603 km,54 km/hr,12684
12684,SMVT Bengaluru - Ernakulam Jn. SF Express,SF,SR,,,SMVB,19:00,ERS,6:00,11h 0m,11,M T T,SL 3A 2A,603 km,55 km/hr,12683
17661,Kacheguda - Nagarsol Express,Exp,SCR,,,KCG,4:50,NSL,21:05,16h 15m,79,S M T W T F S,2S 3A,602 km,37 km/hr,17662
17662,Nagarsol - Kacheguda Express,Exp,SCR,,,NSL,5:15,KCG,22:45,17h 30m,79,S M T W T F S,2S 3A,602 km,34 km/hr,17661
22661,Sethu SF Express (PT),SF,SR,,,MS,17:55,RMM,4:00,10h 5m,16,S M T W T F S,SL 3A 2A 1A,601 km,60 km/hr,22662
11754,Rewa - NSC Bose Itwari Express (via Gondia),Exp,WCR,,,REWA,17:10,NITR,7:25,14h 15m,13,M W S,SL 3A 2A 1A 3E,601 km,42 km/hr,11753
11753,NSC Bose Itwari - Rewa Express (via Gondia),Exp,WCR,,,NITR,19:10,REWA,8:20,13h 10m,13,S T T,SL 3A 2A 1A 3E,601 km,46 km/hr,11754
22662,Sethu SF Express (PT),SF,SR,,,RMM,21:10,MS,7:20,10h 10m,16,S M T W T F S,SL 3A 2A 1A,601 km,59 km/hr,22661
12974,Jaipur - Indore SF Express (PT),SF,NWR,,,JP,21:00,INDB,6:25,9h 25m,7,S F,SL 3A 2A 1A 3E,600 km,64 km/hr,12973
14721,Jodhpur - Bathinda Express,Exp,NWR,,,JU,15:15,BTI,4:35,13h 20m,34,S M T W T F S,SL,600 km,45 km/hr,14722
12973,Indore - Jaipur SF Express,SF,NWR,,,INDB,22:20,JP,8:00,9h 40m,7,M S,SL 3A 2A 1A 3E,600 km,62 km/hr,12974
17249,Tirupati - Kakinada Town Express (PT),Exp,SCoR,,,TPTY,22:35,CCT,11:40,13h 5m,34,S M T W T F S,SL 3A 2A,599 km,46 km/hr,17250
17250,Kakinada Town - Tirupati Express (PT),Exp,SCoR,,,CCT,15:15,TPTY,5:25,14h 10m,30,S M T W T F S,SL 3A 2A,599 km,42 km/hr,17249
12025,Pune - Hyderabad Shatabdi Express,Shtb,CR,,,PUNE,6:00,HYB,14:20,8h 20m,7,S M W T F S,CC Ex EV,598 km,72 km/hr,12026
12026,Hyderabad - Pune Shatabdi Express,Shtb,CR,,,HYB,14:40,PUNE,23:10,8h 30m,7,S M W T F S,CC Ex EV,598 km,70 km/hr,12025
15928,New Tinsukia - Rangiya Express (UnReserved),Exp,NFR,,,NTSK,6:00,RNY,20:05,14h 5m,29,S T W S,,596 km,42 km/hr,15927
15927,Rangiya - New Tinsukia Express (UnReserved),Exp,NFR,,,RNY,5:30,NTSK,21:00,15h 30m,29,M T F S,,596 km,38 km/hr,15928
17424,Chikkamagaluru - Tirupati Weekly Express,Exp,SCoR,,,CMGR,17:30,TPTY,7:50,14h 20m,18,F,SL 3A 2A,594 km,41 km/hr,17423
17423,Tirupati - Chikkamagaluru Weekly Express,Exp,SCoR,,,TPTY,21:00,CMGR,10:30,13h 30m,18,T,SL 3A 2A,594 km,44 km/hr,17424
16188,Ernakulam Jn. - Karaikkal Express (PT),Exp,SR,,,ERS,22:25,KIK,11:45,13h 20m,24,S M T W T F S,SL 3A 2A,592 km,44 km/hr,16187
12750,Bidar - Machilipatnam SF Express (PT),SF,SCoR,,,BIDR,19:35,MTM,6:20,10h 45m,15,S M T W T F S,SL 3A 2A 1A,592 km,55 km/hr,12749
16187,Karaikkal - Ernakulam Jn. Express (PT),Exp,SR,,,KIK,16:30,ERS,6:45,14h 15m,26,S M T W T F S,SL 3A 2A,592 km,42 km/hr,16188
12749,Machilipatnam - Bidar SF Express (PT),SF,SCoR,,,MTM,20:50,BIDR,7:38,10h 48m,15,S M T W T F S,SL 3A 2A 1A,592 km,55 km/hr,12750
28181,Tatanagar - Katihar Express (PT),Exp,SER,,,TATA,20:45,KIR,14:55,18h 10m,29,S W S,SL 3A 2A 3E,591 km,33 km/hr,28182
28182,Katihar - Tatanagar Express (PT),Exp,SER,,,KIR,15:00,TATA,7:00,16h 0m,28,M T F,SL 3A 2A 3E,591 km,37 km/hr,28181
13163,Hate Bazare Express (via Mansi) (PT),Exp,ER,,,SDAH,21:15,SHC,13:00,15h 45m,30,S M W F S,SL 3A 2A,590 km,37 km/hr,13164
13164,Hate Bazare Express (via Mansi),Exp,ER,,,SHC,14:15,SDAH,5:15,15h 0m,29,S M T T S,SL 3A 2A,590 km,39 km/hr,13163
16511,K.S.R Bengaluru - Kozhikode Express,Exp,SWR,,,SBC,21:35,CLT,12:40,15h 5m,20,S M T W T F S,SL 3A 2A 1A,590 km,39 km/hr,16512
16512,Kozhikode - K.S.R Bengaluru Express (PT),Exp,SWR,,,CLT,15:30,SBC,6:35,15h 5m,20,S M T W T F S,SL 3A 2A 1A,590 km,39 km/hr,16511
20892,Brahmapur - Tatanagar Vande Bharat Express,VB,SER,,,BAM,5:15,TATA,14:50,9h 35m,9,S M W T F S,CC Ex,587 km,61 km/hr,20891
14030,Meerut Cantt. - Shri Ganganagar Express,Exp,NR,,,MUT,6:40,SGNR,23:40,17h 0m,83,S M T W T F S,SL,587 km,35 km/hr,14029
13115,Sealdah - Jalpaiguri Road Humsafar Express,Hms,ER,,,SDAH,23:40,JPE,11:45,12h 5m,13,F,SL 3A,587 km,49 km/hr,13116
20892,Brahmapur - Tatanagar Vande Bharat Express,VB,SER,,,BAM,5:15,TATA,14:50,9h 35m,9,S M W T F S,CC Ex,587 km,61 km/hr,20891
20891,Tatanagar - Brahmapur Vande Bharat Express,VB,SER,,,TATA,14:20,BAM,23:55,9h 35m,9,S M W T F S,CC Ex,587 km,61 km/hr,20892
20633,Kasaragod - Thiruvananthapuram Central Vande Bharat Express,VB,SR,,,KGQ,14:30,TVC,22:40,8h 10m,8,S M T W F S,CC Ex,586 km,72 km/hr,20634
20634,Thiruvananthapuram Central - Kasaragod Vande Bharat Express,VB,SR,,,TVC,5:15,KGQ,13:20,8h 5m,8,S M T W F S,CC Ex,586 km,73 km/hr,20633
13127,Kolkata - Ara Garib Rath Express,GR,ER,,,KOAA,20:05,ARA,7:45,11h 40m,13,T T S,3A,585 km,50 km/hr,13128
13128,Ara - Kolkata Garib Rath Express,GR,ER,,,ARA,18:30,KOAA,5:30,11h 0m,13,S W F,3A,585 km,53 km/hr,13127
22927,Lokshakti Express (PT),SF,WR,,,BDTS,19:40,VDG,6:40,11h 0m,22,S M T W T F S,SL 3A 2A 1A 3E,584 km,53 km/hr,22928
12593,Lucknow Jn. - Bhopal Garib Rath Express,GR,NER,,,LJN,22:40,BPL,9:05,10h 25m,5,S,3A,584 km,56 km/hr,12594
12594,Bhopal - Lucknow Jn. Garib Rath Express,GR,NER,,,BPL,23:50,LJN,9:45,9h 55m,5,S,3A,584 km,59 km/hr,12593
16378,Ernakulam Jn. - KSR Bengaluru Intercity Express,Exp,SR,,,ERS,9:05,SBC,21:00,11h 55m,12,S M T W T F S,2S CC,584 km,49 km/hr,16377
16377,KSR Bengaluru - Ernakulam Jn. Intercity Express,Exp,SR,,,SBC,6:10,ERS,17:10,11h 0m,12,S M T W T F S,2S CC,584 km,53 km/hr,16378
12738,Gowthami SF Express (PT),SF,SCoR,,,LPI,20:30,COA,7:08,10h 38m,20,S M T W T F S,SL 3A 2A 1A 3E,582 km,55 km/hr,12737
12737,Gowthami SF Express (PT),SF,SCoR,,,COA,19:15,LPI,5:55,10h 40m,19,S M T W T F S,SL 3A 2A 1A 3E,582 km,55 km/hr,12738
22120,Madgaon - Mumbai CSMT Tejas Express,Tjs,CR,,,MAO,12:50,CSMT,0:30,11h 40m,7,S W F,CC Ex EV,581 km,50 km/hr,22119
10104,Mandovi Express (PT),Exp,KR,,,MAO,8:30,CSMT,21:45,13h 15m,18,S M T W T F S,SL 3A 2A 1A 3E,581 km,44 km/hr,10103
10103,Mandovi Express,Exp,KR,,,CSMT,7:10,MAO,21:55,14h 45m,18,S M T W T F S,SL 3A 2A 1A 3E,581 km,39 km/hr,10104
20111,Konkan Kanya SF Express (PT),SF,KR,,,CSMT,23:02,MAO,11:40,12h 38m,17,S M T W T F S,SL 3A 2A 1A 3E,581 km,46 km/hr,20112
20112,Konkan Kanya SF Express (PT),SF,KR,,,MAO,18:00,CSMT,5:40,11h 40m,17,S M T W T F S,SL 3A 2A 1A 3E,581 km,50 km/hr,20111
22229,Mumbai CSMT - Madgaon Vande Bharat Express,VB,CR,,,CSMT,5:25,MAO,16:00,10h 35m,7,M W F,CC Ex,581 km,55 km/hr,22230
22230,Madgaon - Mumbai CSMT Vande Bharat Express,VB,CR,,,MAO,12:20,CSMT,22:30,10h 10m,7,T T S,CC Ex,581 km,57 km/hr,22229
12052,Madgaon - Mumbai CSMT Jan Shatabdi Express,JShtb,CR,,,MAO,12:00,CSMT,0:10,12h 10m,9,S M T W T F S,2S CC EV,581 km,48 km/hr,12051
12051,Mumbai CSMT - Madgaon Jan Shatabdi Express (PT),JShtb,CR,,,CSMT,5:10,MAO,16:40,11h 30m,9,S M T W T F S,2S CC EV,581 km,50 km/hr,12052
19004,Khandesh Express,Exp,WR,,,BSL,17:40,DDR,5:15,11h 35m,20,S M T W T S,SL 3A 2A 1A,581 km,50 km/hr,19003
22119,Mumbai CSMT - Madgaon Tejas Express,Tjs,CR,,,CSMT,5:50,MAO,17:20,11h 30m,7,T T S,CC Ex EV,581 km,50 km/hr,22120
19003,Khandesh Express,Exp,WR,,,DDR,0:05,BSL,12:00,11h 55m,20,S M T W T S,SL 3A 2A 1A,581 km,49 km/hr,19004
20175,Banaras - Agra Cantt. Vande Bharat Express,VB,NCR,,,BNRS,15:20,AGC,22:20,7h 0m,4,S M T T F S,CC Ex,580 km,83 km/hr,20176
18612,Banaras - Ranchi Express,Exp,SER,,,BNRS,14:50,RNC,4:20,13h 30m,26,S T W F S,SL 3A,578 km,43 km/hr,18611
15206,Chitrakoot Express (PT),Exp,ECR,,,JBP,20:50,LJN,9:20,12h 30m,18,S M T W T F S,SL 3A 2A 1A 3E,578 km,46 km/hr,15205
15205,Chitrakoot Express,Exp,ECR,,,LJN,17:30,JBP,5:40,12h 10m,18,S M T W T F S,SL 3A 2A 1A 3E,578 km,48 km/hr,15206
15818,Donyi Polo Express (PT),Exp,NFR,,,NHLN,21:15,SKHV,11:45,14h 30m,21,S M T W T F S,2S SL 3A 2A 1A,578 km,40 km/hr,15817
15817,Donyi Polo Express (PT),Exp,NFR,,,SKHV,19:00,NHLN,8:15,13h 15m,21,S M T W T F S,2S SL 3A 2A 1A,578 km,44 km/hr,15818
12425,New Delhi - Jammu Tawi Rajdhani Express,Raj,NR,,,NDLS,20:40,JAT,5:00,8h 20m,3,S M T W T F S,3A 2A 1A,577 km,69 km/hr,12426
12426,Jammu Tawi - New Delhi Rajdhani Express,Raj,NR,,,JAT,21:25,NDLS,5:55,8h 30m,3,S M T W T F S,3A 2A 1A,577 km,68 km/hr,12425
12266,Jammu Tawi - Delhi Sarai Rohilla Duronto Express,Drnt,NR,,,JAT,19:15,DEE,3:55,8h 40m,1,M W S,2S SL 3A 2A 1A,576 km,66 km/hr,12265
12265,Delhi Sarai Rohilla - Jammu Tawi Duronto Express,Drnt,NR,,,DEE,22:30,JAT,7:10,8h 40m,1,S T F,2S SL 3A 2A 1A,576 km,66 km/hr,12266
19822,Kota - Asarva (Ahmedabad) Express,Exp,WCR,,,KOTA,18:55,ASV,5:45,10h 50m,19,T F,SL 3A 2A 1A 3E,575 km,53 km/hr,19821
20101,Nagpur - Secunderabad Vande Bharat Express,VB,CR,,,NGP,5:00,SC,12:15,7h 15m,7,S M W T F S,CC Ex,575 km,79 km/hr,20102
20102,Secunderabad - Nagpur Vande Bharat Express,VB,CR,,,SC,13:00,NGP,20:20,7h 20m,7,S M W T F S,CC Ex,575 km,78 km/hr,20101
18611,Ranchi - Banaras Express (PT),Exp,SER,,,RNC,20:10,BNRS,9:25,13h 15m,26,M T T F S,SL 3A,575 km,43 km/hr,18612
19821,Asarva (Ahmedabad) - Kota Express,Exp,WCR,,,ASV,8:55,KOTA,20:50,11h 55m,19,W S,SL 3A 2A 1A 3E,575 km,48 km/hr,19822
20176,Agra Cantt. - Banaras Vande Bharat Express,VB,NCR,,,AGC,6:00,BNRS,13:00,7h 0m,4,S M T T F S,CC Ex,575 km,82 km/hr,20175
22146,Rewa - Bhopal SF Express,SF,WCR,,,REWA,22:20,BPL,8:15,9h 55m,10,M S,SL 3A 2A 1A,575 km,58 km/hr,22145
22145,Bhopal - Rewa SF Express,SF,WCR,,,BPL,23:00,REWA,9:15,10h 15m,10,S F,SL 3A 2A 1A,575 km,56 km/hr,22146
20672,Bengaluru Cantt. - Madurai Vande Bharat Express,VB,SR,,,BNC,13:30,MDU,21:40,8h 10m,6,S M W T F S,CC Ex,573 km,70 km/hr,20671
20671,Madurai - Bengaluru Cantt. Vande Bharat Express,VB,SR,,,MDU,5:15,BNC,13:00,7h 45m,6,S M W T F S,CC Ex,573 km,74 km/hr,20672
15603,Guwahati - Ledo Intercity Express (PT),Exp,NFR,,,GHY,23:30,LEDO,13:20,13h 50m,33,S M T W T F S,SL 3A 2A,571 km,41 km/hr,15604
15604,Ledo - Guwahati Intercity Express,Exp,NFR,,,LEDO,15:20,GHY,5:35,14h 15m,33,S M T W T F S,SL 3A 2A,571 km,40 km/hr,15603
17244,Rayagada - Guntur Express (PT),Exp,SCoR,,,RGDA,14:50,GNT,4:50,14h 0m,30,S M T W T F S,SL 3A 2A,568 km,41 km/hr,17243
20174,Rewa - Rani Kamalapati (Habibganj) Vande Bharat Express,VB,WCR,,,REWA,5:20,RKMP,13:30,8h 10m,8,S M W T F S,CC Ex,568 km,70 km/hr,20173
17244,Rayagada - Guntur Express (PT),Exp,SCoR,,,RGDA,14:50,GNT,4:50,14h 0m,30,S M T W T F S,SL 3A 2A,568 km,41 km/hr,17243
17243,Guntur - Rayagada Express (PT),Exp,SCoR,,,GNT,23:00,RGDA,13:40,14h 40m,30,S M T W T F S,SL 3A 2A,568 km,39 km/hr,17244
13246,Ara - New Jalpaiguri Capital Express (PT),Exp,ECR,,,ARA,21:05,NJP,12:45,15h 40m,41,T F S,SL 3A 2A 1A 3E,567 km,36 km/hr,13245
13245,New Jalpaiguri - Ara Capital Express (PT),Exp,ECR,,,NJP,15:15,ARA,5:45,14h 30m,38,S M S,SL 3A 2A 1A 3E,567 km,39 km/hr,13246
13157,Tirhut Express (PT),Exp,ER,,,KOAA,20:55,MFP,9:05,12h 10m,12,T,SL 3A 2A 3E,567 km,47 km/hr,13158
13158,Tirhut Express,Exp,ER,,,MFP,14:20,KOAA,3:00,12h 40m,12,W,SL 3A 2A 3E,567 km,45 km/hr,13157
22301,Howrah - New Jalpaiguri Vande Bharat Express,VB,ER,,,HWH,5:55,NJP,13:30,7h 35m,4,S M T T F S,CC Ex,566 km,75 km/hr,22302
15642,Barak Brahmaputra Express (PT),Exp,NFR,,,NTSK,17:30,SCL,9:15,15h 45m,9,S,SL 3A 2A 3E,566 km,36 km/hr,15641
18529,Durg - Visakhapatnam Express,Exp,SCoR,,,DURG,18:33,VSKP,10:05,15h 32m,47,S M T W T F S,SL 3A 2A,566 km,36 km/hr,18530
15641,Barak Brahmaputra Express (PT),Exp,NFR,,,SCL,19:10,NTSK,10:20,15h 10m,9,S,SL 3A 2A 3E,566 km,37 km/hr,15642
18530,Visakhapatnam - Durg Express,Exp,SCoR,,,VSKP,16:50,DURG,6:10,13h 20m,45,S M T W T F S,SL 3A 2A,566 km,42 km/hr,18529
12042,New Jalpaiguri - Howrah Shatabdi Express,Shtb,NFR,,,NJP,5:30,HWH,13:45,8h 15m,8,M T W T F S,CC Ex EV,566 km,69 km/hr,12041
12041,Howrah - New Jalpaiguri Shatabdi Express,Shtb,NFR,,,HWH,14:25,NJP,22:50,8h 25m,8,M T W T F S,CC Ex EV,566 km,67 km/hr,12042
20829,Durg - Visakhapatnam Vande Bharat Express,VB,SECR,,,DURG,5:45,VSKP,13:55,8h 10m,9,S M T W F S,CC Ex,566 km,69 km/hr,20830
20830,Visakhapatnam - Durg Vande Bharat Express,VB,SECR,,,VSKP,14:50,DURG,22:50,8h 0m,9,S M T W F S,CC Ex,566 km,71 km/hr,20829
22302,New Jalpaiguri - Howrah Vande Bharat Express,VB,ER,,,NJP,14:55,HWH,22:30,7h 35m,4,S M T T F S,CC Ex,566 km,75 km/hr,22301
11100,Madgaon - Mumbai LTT Express,Exp,CR,,,MAO,11:30,LTT,23:45,12h 15m,10,M S,SL 3A 2A 1A,564 km,46 km/hr,11099
11099,Mumbai LTT - Madgaon Express,Exp,CR,,,LTT,0:45,MAO,14:40,13h 55m,10,S F,SL 3A 2A 1A,564 km,41 km/hr,11100
22116,Karmali - Mumbai LTT AC SF Express,ACSF,CR,,,KRMI,13:40,LTT,0:10,10h 30m,6,T,3A 2A 1A,535 km,51 km/hr,22115
20925,Surat - Amravati SF Express,SF,WR,,,ST,12:20,AMI,22:25,10h 5m,19,S T F,2S SL CC,563 km,56 km/hr,20926
20926,Amravati - Surat SF Express,SF,WR,,,AMI,9:05,ST,19:15,10h 10m,19,M F S,2S SL CC,563 km,55 km/hr,20925
15649,Agartala - Narangi Express (PT),Exp,NFR,,,AGTL,21:30,NNGE,12:45,15h 15m,10,S M T W T F S,SL 3A 2A,562 km,37 km/hr,15650
15650,Narangi - Agartala Express (PT),Exp,NFR,,,NNGE,17:00,AGTL,9:30,16h 30m,10,S M T W T F S,SL 3A 2A,562 km,34 km/hr,15649
16530,Karaikal - SMVT Bengaluru Express (UnReserved),Exp,SWR,,,KIK,4:50,SMVB,21:50,17h 0m,54,S M T W T F S,,561 km,33 km/hr,16529
16529,SMVT Bengaluru - Karaikal Express (UnReserved),Exp,SWR,,,SMVB,7:30,KIK,22:35,15h 5m,54,S M T W T F S,,561 km,37 km/hr,16530
22232,SMVT Bengaluru - Kalaburagi Vande Bharat Express,VB,CR,,,SMVB,14:40,KLBG,22:40,8h 0m,7,S M T W F S,CC Ex,560 km,70 km/hr,22231
19720,Suratgarh - Jaipur Express (UnReserved),Exp,NWR,,,SOG,8:00,JP,21:00,13h 0m,53,S M T W T F S,,560 km,43 km/hr,19719
19719,Jaipur - Suratgarh Express (UnReserved),Exp,NWR,,,JP,5:00,SOG,18:10,13h 10m,53,S M T W T F S,,560 km,43 km/hr,19720
22231,Kalaburagi - SMVT Bengaluru Vande Bharat Express,VB,CR,,,KLBG,6:10,SMVB,14:10,8h 0m,7,S M T W T S,CC Ex,560 km,70 km/hr,22232
20670,Pune - SSS Hubballi Vande Bharat Express,VB,SWR,,,PUNE,14:15,UBL,22:45,8h 30m,7,M T S,CC Ex,559 km,66 km/hr,20669
20669,SSS Hubballi - Pune Vande Bharat Express,VB,SWR,,,UBL,5:00,PUNE,13:30,8h 30m,7,S W F,CC Ex,559 km,66 km/hr,20670
15418,Silghat Town - Alipurduar Jn. Rajya Rani Express,Exp,NFR,,,SHTT,17:55,APDJ,8:00,14h 5m,20,M W S,SL 3A,559 km,40 km/hr,15417
15417,Alipurduar Jn - Silghat Town Rajya Rani Express,Exp,NFR,,,APDJ,18:45,SHTT,9:20,14h 35m,20,S T F,SL 3A,559 km,38 km/hr,15418
14236,Bareilly - Varanasi Express,Exp,NR,,,BE,16:45,BSB,7:00,14h 15m,25,S M T W T F S,SL 3A 2A 1A,558 km,39 km/hr,14235
14606,Jammu Tawi - Yog Nagari Rishikesh Express,Exp,NR,,,JAT,22:05,YNRK,10:15,12h 10m,14,S,SL 3A 1A 3E,558 km,46 km/hr,14605
14235,Varanasi - Bareilly Express,Exp,NR,,,BSB,23:05,BE,11:55,12h 50m,28,S M T W T F S,SL 3A 2A 1A,558 km,44 km/hr,14236
13170,Hate Bazare Express (via Purnea),Exp,ER,,,SHC,14:45,SDAH,5:15,14h 30m,23,W F,SL 3A 2A,558 km,38 km/hr,13169
13169,Hate Bazare Express (via Purnea) (PT),Exp,ER,,,SDAH,21:15,SHC,12:15,15h 0m,24,T T,SL 3A 2A,558 km,37 km/hr,13170
14605,Yog Nagari Rishikesh - Jammu Tawi Express,Exp,NR,,,YNRK,15:45,JAT,3:20,11h 35m,14,M,SL 3A 1A 3E,558 km,48 km/hr,14606
22483,Bhagat Ki Kothi - Gandhidham SF Express,SF,NWR,,,BGKT,23:00,GIMB,8:50,9h 50m,13,S M T W T F S,SL 3A 2A 3E,555 km,56 km/hr,22484
22484,Gandhidham - Bhagat Ki Kothi SF Express,SF,NWR,,,GIMB,21:30,BGKT,7:15,9h 45m,13,S M T W T F S,SL 3A 2A 3E,555 km,57 km/hr,22483
17261,Guntur - Tirupati Express,Exp,SCoR,,,GNT,16:30,TPTY,3:50,11h 20m,18,S M T W T F S,SL 3A 2A,555 km,49 km/hr,17262
17262,Tirupati - Guntur Express,Exp,SCoR,,,TPTY,19:25,GNT,7:20,11h 55m,18,S M T W T F S,SL 3A 2A,555 km,47 km/hr,17261
12186,Rewanchal Express (PT),SF,WCR,,,REWA,19:50,RKMP,5:35,9h 45m,14,S M T W T F S,SL 3A 2A 1A,555 km,57 km/hr,12185
12185,Rewanchal Express (PT),SF,WCR,,,RKMP,21:55,REWA,7:55,10h 0m,14,S M T W T F S,SL 3A 2A 1A,555 km,55 km/hr,12186
22809,Paradeep - Visakhapatnam Weekly SF Express,SF,SCoR,,,PRDP,22:15,VSKP,8:15,10h 0m,13,M,SL 3A 2A,554 km,55 km/hr,22810
22430,Pathankot - Delhi SF Express,SF,NR,,,PTK,7:00,DLI,16:55,9h 55m,15,S M T W T S,2S CC,554 km,56 km/hr,22429
22429,Delhi - Pathankot SF Express,SF,NR,,,DLI,8:15,PTK,18:18,10h 3m,13,S M T W F S,2S CC,554 km,55 km/hr,22430
22191,Indore - Jabalpur SF Express,SF,WCR,,,INDB,19:35,JBP,5:35,10h 0m,18,S M T W T F S,SL 3A 2A 1A 3E,554 km,55 km/hr,22192
22810,Visakhapatnam - Paradeep Weekly SF Express,SF,SCoR,,,VSKP,23:45,PRDP,9:30,9h 45m,13,S,SL 3A 2A,554 km,57 km/hr,22809
22192,Jabalpur - Indore SF Express (PT),SF,WCR,,,JBP,23:30,INDB,9:38,10h 8m,18,S M T W T F S,SL 3A 2A 1A 3E,554 km,55 km/hr,22191
16564,Kalaburagi - Bengaluru Cantt. Express,Exp,SWR,17-May,,KLBG,11:20,BNC,23:00,11h 40m,12,S,SL,553 km,47 km/hr,16563
16563,Bengaluru Cantt. - Kalaburagi Express,Exp,SWR,16-May,,BNC,22:00,KLBG,10:20,12h 20m,12,S,SL,553 km,45 km/hr,16564
13404,Vananchal Express (PT),Exp,ER,,,BGP,19:05,RNC,8:40,13h 35m,27,S M T W T F S,SL 3A 2A 1A,553 km,41 km/hr,13403
13403,Vananchal Express (PT),Exp,ER,,,RNC,19:10,BGP,9:00,13h 50m,27,S M T W T F S,SL 3A 2A 1A,553 km,40 km/hr,13404
15004,Chauri Chaura Express,Exp,NER,,,GKP,23:15,CPA,12:20,13h 5m,27,S M T W T F S,SL 3A 2A 1A,552 km,42 km/hr,15003
15003,Chauri Chaura Express,Exp,NER,,,CPA,16:40,GKP,6:10,13h 30m,27,S M T W T F S,SL 3A 2A 1A,552 km,41 km/hr,15004
15670,Nagaland Express (PT),Exp,NFR,,,DBRG,13:50,GHY,4:15,14h 25m,25,S M T W T F S,SL 3A 2A,552 km,38 km/hr,15669
15669,Nagaland Express (PT),Exp,NFR,,,GHY,20:45,DBRG,11:00,14h 15m,25,S M T W T F S,SL 3A 2A,552 km,39 km/hr,15670
15271,Howrah - Muzaffarpur Jan Sadharan Express (UnReserved),Exp,ECR,,,HWH,11:15,MFP,23:15,12h 0m,10,W,,551 km,46 km/hr,15272
15272,Muzaffarpur - Howrah Jan Sadharan Express (UnReserved),Exp,ECR,,,MFP,14:40,HWH,3:05,12h 25m,10,T,,551 km,44 km/hr,15271
22890,Samudra Kanya Express,SF,ECoR,,,PURI,21:05,DGHA,6:45,9h 40m,11,S,SL 3A 2A,547 km,57 km/hr,22889
22889,Samudra Kanya Express,SF,ECoR,,,DGHA,17:05,PURI,2:55,9h 50m,11,S,SL 3A 2A,547 km,56 km/hr,22890
13160,Jogbani - Kolkata Express (PT),Exp,ER,,,JBN,14:45,KOAA,2:35,11h 50m,16,T T S,SL 3A 2A 3E,547 km,46 km/hr,13159
13159,Kolkata - Jogbani Express (PT),Exp,ER,,,KOAA,21:45,JBN,11:00,13h 15m,16,M W F,SL 3A 2A 3E,547 km,41 km/hr,13160
22545,Lucknow Jn. - Dehradun Vande Bharat Express,VB,NER,,,LJN,5:15,DDN,13:40,8h 25m,5,S T W T F S,CC Ex,545 km,65 km/hr,22546
22345,Patna - Gomti Nagar Vande Bharat Express,VB,ECR,,,PNBE,6:05,GTNR,14:35,8h 30m,5,S M T W T S,CC Ex,545 km,64 km/hr,22346
22346,Gomti Nagar - Patna Vande Bharat Express,VB,ECR,,,GTNR,15:20,PNBE,23:45,8h 25m,5,S M T W T S,CC Ex,545 km,65 km/hr,22345
22546,Dehradun - Lucknow Jn. Vande Bharat Express,VB,NER,,,DDN,14:25,LJN,22:40,8h 15m,5,S T W T F S,CC Ex,545 km,66 km/hr,22545
14823,Jodhpur - Rewari Express (UnReserved),Exp,NWR,,,JU,1:30,RE,14:40,13h 10m,62,S M T W T F S,,541 km,41 km/hr,14824
14824,Rewari - Jodhpur Express (UnReserved),Exp,NWR,,,RE,13:15,JU,2:30,13h 15m,62,S M T W T F S,,541 km,41 km/hr,14823
15234,Maithili Express (PT),Exp,ECR,,,DBG,15:30,KOAA,3:30,12h 0m,9,S W,SL 3A 2A 1A 3E,540 km,45 km/hr,15233
15233,Maithili Express,Exp,ECR,,,KOAA,10:45,DBG,23:35,12h 50m,9,M T,SL 3A 2A 1A 3E,540 km,42 km/hr,15234
22213,Shalimar - Patna Duronto Express,Drnt,SER,,,SHM,21:50,PNBE,6:15,8h 25m,2,M W F,2S 3A 2A 1A,536 km,64 km/hr,22214
18622,Patliputra Express,Exp,SER,,,HTE,22:00,PNBE,13:35,15h 35m,43,S M T W T F S,SL 3A,538 km,35 km/hr,18621
18621,Patliputra Express,Exp,SER,,,PNBE,14:50,HTE,5:30,14h 40m,43,S M T W T F S,SL 3A,538 km,37 km/hr,18622
19209,Bhavnagar Terminus - Okha Express,Exp,WR,,,BVC,22:00,OKHA,11:00,13h 0m,38,S M T W T F S,SL 3A,538 km,41 km/hr,19210
19210,Okha - Bhavnagar Terminus Express,Exp,WR,,,OKHA,15:15,BVC,5:35,14h 20m,39,S M T W T F S,SL 3A,538 km,38 km/hr,19209
20887,Ranchi - Varanasi Vande Bharat Express,VB,SER,,,RNC,5:10,BSB,13:00,7h 50m,8,S M W T F S,CC Ex,538 km,69 km/hr,20888
20888,Varanasi - Ranchi Vande Bharat Express,VB,SER,,,BSB,16:05,RNC,23:55,7h 50m,8,S M W T F S,CC Ex,538 km,69 km/hr,20887
22214,Patna - Shalimar Duronto Express,Drnt,SER,,,PNBE,20:45,SHM,5:45,9h 0m,2,T T S,2S 3A 2A 1A,536 km,60 km/hr,22213
15236,Darbhanga - Howrah Weekly Express (PT),Exp,ECR,,,DBG,15:30,HWH,3:05,11h 35m,9,F,SL 3A 2A 1A 3E,536 km,46 km/hr,15235
15235,Howrah - Darbhanga Weekly Express,Exp,ECR,,,HWH,11:15,DBG,23:35,12h 20m,9,S,SL 3A 2A 1A 3E,536 km,43 km/hr,15236
22115,Mumbai LTT - Karmali AC SF Express,ACSF,CR,,,LTT,0:50,KRMI,12:40,11h 50m,6,T,3A 2A 1A,535 km,45 km/hr,22116
11414,Pandharpur - Nizamabad Express (UnReserved),Exp,CR,,,PVR,5:30,NZB,21:25,15h 55m,40,S M T W T F S,,535 km,34 km/hr,11413
11413,Nizamabad - Pandharpur Express (UnReserved),Exp,CR,,,NZB,12:45,PVR,4:30,15h 45m,40,S M T W T F S,,535 km,34 km/hr,11414
16791,Palaruvi Express,Exp,SR,,,TN,21:40,PGT,12:30,14h 50m,40,S M T W T F S,SL 3A,535 km,36 km/hr,16792
26504,Gomti Nagar - Saharanpur Vande Bharat Express,VB,NER,,,GTNR,15:10,SRE,23:50,8h 40m,7,S T W T F S,CC Ex,535 km,62 km/hr,26503
16792,Palaruvi Express,Exp,SR,,,PGT,16:05,TN,6:30,14h 25m,41,S M T W T F S,SL 3A,535 km,37 km/hr,16791
26503,Saharanpur - Gomti Nagar Vande Bharat Express,VB,NER,,,SRE,5:05,GTNR,14:05,9h 0m,7,S M W T F S,CC Ex,535 km,59 km/hr,26504
22624,Mahal SF Express (PT),SF,SR,,,MDU,20:40,TBM,6:15,9h 35m,8,T S,SL 3A 2A,533 km,56 km/hr,22623
22623,Mahal SF Express (PT),SF,SR,,,TBM,22:30,MDU,7:55,9h 25m,8,S F,SL 3A 2A,533 km,57 km/hr,22624
22667,Nagercoil - Coimbatore SF Express (PT),SF,SR,,,NCJ,21:55,CBE,7:15,9h 20m,11,S M T W T F S,SL 3A 2A 1A,533 km,57 km/hr,22668
16321,Nagercoil - Coimbatore Express (UnReserved),Exp,SR,,,NCJ,8:00,CBE,19:30,11h 30m,32,S M T W T F S,,533 km,46 km/hr,16322
16322,Coimbatore - Nagercoil Express (UnReserved),Exp,SR,,,CBE,8:00,NCJ,19:40,11h 40m,34,S M T W T F S,,533 km,46 km/hr,16321
22668,Coimbatore - Nagercoil SF Express (PT),SF,SR,,,CBE,19:30,NCJ,4:40,9h 10m,11,S M T W T F S,SL 3A 2A 1A,533 km,58 km/hr,22667
16220,Tirupati - Chamarajanagar Express,Exp,SWR,,,TPTY,21:40,CMNR,9:20,11h 40m,32,S M T W T F S,SL 3A 2A 1A,532 km,46 km/hr,16219
16219,Chamarajanagar - Tirupati Express,Exp,SWR,,,CMNR,15:50,TPTY,4:05,12h 15m,31,S M T W T F S,SL 3A 2A 1A,532 km,43 km/hr,16220
12023,Howrah - Patna Jan Shatabdi Express (PT),JShtb,ECR,,,HWH,14:05,PNBE,22:20,8h 15m,14,M T W T F S,2S CC,532 km,64 km/hr,12024
22348,Patna - Howrah Vande Bharat Express,VB,ECR,,,PNBE,8:00,HWH,14:35,6h 35m,9,S M T T F S,CC Ex,532 km,81 km/hr,22347
22348,Patna - Howrah Vande Bharat Express,VB,ECR,,,PNBE,8:00,HWH,14:35,6h 35m,9,S M T T F S,CC Ex,532 km,81 km/hr,22347
12672,Nilgiri SF Express (PT),SF,SR,,,MTP,21:20,MAS,6:25,9h 5m,7,S M T W T F S,SL 3A 2A 1A 3E,531 km,58 km/hr,12671
12671,Nilgiri SF Express (PT),SF,SR,,,MAS,21:05,MTP,6:20,9h 15m,7,S M T W T F S,SL 3A 2A 1A 3E,531 km,57 km/hr,12672
19812,Etawah - Kota Express,Exp,WCR,,,ETW,17:00,KOTA,7:25,14h 25m,29,S M T W T F S,SL 3A,530 km,37 km/hr,19811
12024,Patna - Howrah Jan Shatabdi Express,JShtb,ECR,,,PNBE,5:30,HWH,13:25,7h 55m,14,M T W T F S,2S CC,532 km,67 km/hr,12023
19811,Kota - Etawah Express,Exp,WCR,,,KOTA,0:20,ETW,12:45,12h 25m,28,S M T W T F S,SL 3A 2A,530 km,43 km/hr,19812
12351,Howrah - Rajendra Nagar Terminal SF Express (PT),SF,ECR,,,HWH,20:35,RJPB,6:10,9h 35m,20,S M T W T F S,SL 3A 2A 1A 3E,529 km,55 km/hr,12352
12352,Rajendra Nagar Terminal - Howrah SF Express (PT),SF,ECR,,,RJPB,21:25,HWH,6:40,9h 15m,20,S M T W T F S,SL 3A 2A 1A 3E,529 km,57 km/hr,12351
22108,Latur - Mumbai CSMT SF Express (PT),SF,CR,,,LUR,22:30,CSMT,8:00,9h 30m,9,M T W F,SL 3A 2A 1A,528 km,56 km/hr,22107
22107,Mumbai CSMT - Latur SF Express (PT),SF,CR,,,CSMT,21:00,LUR,6:30,9h 30m,9,S M T T,SL 3A 2A 1A,528 km,56 km/hr,22108
19819,Vadodara - Kota Express (UnReserved),Exp,WCR,,,BRC,7:10,KOTA,21:25,14h 15m,55,S M T W T F S,,527 km,37 km/hr,19820
19820,Kota - Vadodara Express (UnReserved),Exp,WCR,,,KOTA,10:15,BRC,1:50,15h 35m,53,S M T W T F S,,527 km,34 km/hr,19819
14734,Jaipur - Bathinda Express (UnReserved),Exp,NWR,,,JP,5:00,BTI,18:30,13h 30m,47,S M T W T F S,,526 km,39 km/hr,14733
17428,Narasapur - Tirupati Express,Exp,SCoR,27-Apr,,NS,15:50,TPTY,3:40,11h 50m,12,M,SL 3A 2A,526 km,44 km/hr,17427
17427,Tirupati - Narasapur Express (PT),Exp,SCoR,,,TPTY,22:10,NS,9:30,11h 20m,12,S,SL 3A 2A,526 km,46 km/hr,17428
14733,Bathinda - Jaipur Express,Exp,NWR,,,BTI,21:40,JP,9:15,11h 35m,41,S M T W T F S,SL,526 km,45 km/hr,14734
19310,Shanti Express (PT),Exp,WR,,,INDB,23:00,ADI,8:20,9h 20m,14,S M T W T F S,SL 3A 2A 1A,526 km,56 km/hr,19309
19309,Shanti Express (PT),Exp,WR,,,ADI,19:00,INDB,5:45,10h 45m,14,S M T W T F S,SL 3A 2A,526 km,49 km/hr,19310
18125,Rourkela - Puri Express (UnReserved),Exp,SER,,,ROU,7:50,PURI,1:15,17h 25m,77,S M T W T F S,,525 km,30 km/hr,18126
18126,Puri - Rourkela Express (UnReserved),Exp,SER,,,PURI,4:35,ROU,20:35,16h 0m,76,S M T W T F S,,525 km,33 km/hr,18125
14260,Ekatmata Express (Via MBDD Pratapgarh),Exp,NR,,,LKO,23:55,GAYA,10:45,10h 50m,12,S,SL 3A 2A 1A,524 km,48 km/hr,14259
14259,Ekatmata Express (Via MBDD Pratapgarh) (PT),Exp,NR,,,GAYA,18:50,LKO,5:30,10h 40m,12,S,SL 3A 2A 1A,524 km,49 km/hr,14260
14508,Fazilka - Delhi Intercity Express,Exp,NR,,,FKA,2:05,DLI,12:45,10h 40m,26,S M T W T F S,SL CC 3A,522 km,49 km/hr,14507
20902,Gandhinagar Capital - Mumbai Central Vande Bharat Express (PT),VB,WR,,,GNC,14:00,MMCT,20:35,6h 35m,8,S M T T F S,CC Ex,522 km,79 km/hr,20901
20901,Mumbai Central - Gandhinagar Capital Vande Bharat Express (PT),VB,WR,,,MMCT,6:00,GNC,12:30,6h 30m,8,S M T T F S,CC Ex,522 km,80 km/hr,20902
14507,Delhi - Fazilka Intercity Express,Exp,NR,,,DLI,12:50,FKA,23:55,11h 5m,26,S M T W T F S,SL CC 3A,522 km,47 km/hr,14508
15053,Chhapra - Gomti Nagar Express (Via Varanasi),Exp,NER,,,CPR,19:35,GTNR,7:50,12h 15m,12,S M T W T F S,SL 3A 2A 1A 3E,521 km,43 km/hr,15054
15033,Patliputra - Lucknow Jn. Express,Exp,NER,,,PPTA,16:30,LJN,2:35,10h 5m,9,M T W F S,2S CC 3A 2A 3E,521 km,52 km/hr,15034
15054,Gomti Nagar - Chhapra Express (Via Varanasi),Exp,NER,,,GTNR,21:45,CPR,11:00,13h 15m,12,S M T W T F S,SL 3A 2A 1A 3E,521 km,39 km/hr,15053
15034,Lucknow Jn. - Patliputra Express,Exp,NER,,,LJN,5:00,PPTA,14:55,9h 55m,9,M T W F S,2S CC 3A 2A 3E,521 km,52 km/hr,15033
22201,Sealdah - Puri Duronto Express,Drnt,ER,,,SDAH,20:00,PURI,4:10,8h 10m,2,M W F,2S SL 3A 2A 1A,519 km,64 km/hr,22202
17412,Mahalaxmi Express (PT),Exp,SCoR,,,KOP,20:55,CSMT,7:25,10h 30m,15,S M T W T F S,SL 2A 1A 3E,518 km,49 km/hr,17411
11030,Koyna Express,Exp,CR,,,KOP,8:25,CSMT,20:05,11h 40m,28,S M T W T F S,2S SL CC 3A 2A 1A,518 km,44 km/hr,11029
11029,Koyna Express,Exp,CR,,,CSMT,8:40,KOP,20:25,11h 45m,28,S M T W T F S,2S SL CC 3A 2A 1A,518 km,44 km/hr,11030
16328,Guruvayur - Madurai Express,Exp,SR,,,GUV,5:50,MDU,19:10,13h 20m,58,S M T W T F S,SL 3A,518 km,39 km/hr,16327
16327,Madurai - Guruvayur Express,Exp,SR,,,MDU,11:35,GUV,2:10,14h 35m,52,S M T W T F S,SL 3A,518 km,36 km/hr,16328
17411,Mahalaxmi Express (PT),Exp,SCoR,,,CSMT,20:15,KOP,7:20,11h 5m,13,S M T W T F S,SL 2A 1A 3E,518 km,47 km/hr,17412
22202,Puri - Sealdah Duronto Express,Drnt,ER,,,PURI,19:25,SDAH,4:15,8h 50m,2,T T S,2S SL 3A 2A 1A,518 km,59 km/hr,22201
12894,Purunakatak - Bhubaneswar Intercity SF Express,SF,ECoR,,,PUKK,11:25,BBS,21:45,10h 20m,23,S M T W T F S,2S CC,517 km,50 km/hr,12893
12893,Bhubaneswar - Purunakatak Intercity SF Express,SF,ECoR,,,BBS,6:35,PUKK,17:00,10h 25m,23,S M T W T F S,2S CC,517 km,50 km/hr,12894
18422,Sonepur - Puri Weekly Express,Exp,ECoR,,,SNPU,19:00,PURI,6:40,11h 40m,14,F,SL 3A 2A 3E,516 km,44 km/hr,18421
18421,Puri - Sonepur Weekly Express,Exp,ECoR,,,PURI,19:35,SNPU,5:50,10h 15m,14,T,SL 3A 2A 3E,516 km,50 km/hr,18422
17640,Akola - Kacheguda Intercity Express,Exp,SCR,,,AK,9:30,KCG,20:35,11h 5m,18,T,2S 3A,515 km,46 km/hr,17639
17639,Kacheguda - Akola InterCity Express,Exp,SCR,,,KCG,7:10,AK,18:30,11h 20m,18,M,2S 3A,515 km,45 km/hr,17640
18639,Ara - Ranchi Express,Exp,SER,,,ARA,9:30,RNC,20:45,11h 15m,10,S T F,SL 3A 2A,515 km,46 km/hr,18640
18640,Ranchi - Ara Express (PT),Exp,SER,,,RNC,20:45,ARA,8:10,11h 25m,10,M T S,SL 3A 2A,515 km,45 km/hr,18639
20678,Narasapur - MGR Chennai Central Vande Bharat Express,VB,SR,,,NS,14:50,MAS,23:45,8h 55m,7,S M W T F S,CC Ex,652 km,73 km/hr,20677
82502,New Delhi - Lucknow Jn. IRCTC Tejas Express,Tjs,NER,,,NDLS,15:30,LJN,22:05,6h 35m,3,S M W T F S,CC Ex,512 km,78 km/hr,82501
82501,Lucknow Jn. - New Delhi IRCTC Tejas Express,Tjs,NER,,,LJN,6:10,NDLS,12:40,6h 30m,3,S M W T F S,CC Ex,512 km,79 km/hr,82502
12420,Gomti Express,SF,NR,,,NDLS,12:55,LKO,21:30,8h 35m,15,S M T W T F S,2S CC 2A 1A,512 km,60 km/hr,12419
12419,Gomti Express,SF,NR,,,LKO,5:45,NDLS,15:00,9h 15m,15,S M T W T F S,2S CC 2A 1A,512 km,55 km/hr,12420
12003,Lucknow Jn - New Delhi Swarn Shatabdi Express,Shtb,NR,,,LJN,15:30,NDLS,22:35,7h 5m,7,S M T W T F S,CC Ex,512 km,72 km/hr,12004
12004,New Delhi - Lucknow Jn. Swarn Shatabdi Express,Shtb,NR,,,NDLS,6:10,LJN,13:00,6h 50m,7,S M T W T F S,CC Ex,512 km,75 km/hr,12003
16228,Talguppa - Mysuru Express (via Bengaluru),Exp,SWR,,,TLGP,20:55,MYS,8:20,11h 25m,25,S M T W T F S,SL CC 3A 2A 1A,509 km,45 km/hr,16227
14029,Shri Ganganagar - Delhi Express,Exp,NR,,,SGNR,1:40,DLI,15:40,14h 0m,64,S M T W T F S,SL,509 km,36 km/hr,14030
16227,Mysuru - Talguppa Express (via Bengaluru),Exp,SWR,,,MYS,19:40,TLGP,7:50,12h 10m,26,S M T W T F S,SL CC 3A 2A 1A,509 km,42 km/hr,16228
14815,Shri Ganganagar - Rishikesh Intercity Express,Exp,NWR,,,SGNR,4:10,RKSH,15:10,11h 0m,20,S M T W T F S,SL 3A 2A,508 km,46 km/hr,14816
14816,Rishikesh - Shri Ganganagar Intercity Express,Exp,NWR,,,RKSH,12:45,SGNR,0:10,11h 25m,21,S M T W T F S,SL 3A 2A,508 km,44 km/hr,14815
14262,Ekatmata Express (Via Sultanpur),Exp,NR,,,LKO,23:55,GAYA,10:45,10h 50m,8,T T,SL 3A 2A 1A,506 km,47 km/hr,14261
14261,Ekatmata Express (Via Sultanpur) (PT),Exp,NR,,,GAYA,19:25,LKO,5:05,9h 40m,8,W F,SL 3A 2A 1A,506 km,52 km/hr,14262
20836,Puri - Rourkela Vande Bharat Express,VB,ECoR,,,PURI,5:00,ROU,12:45,7h 45m,9,S M W T F S,CC Ex,506 km,65 km/hr,20835
20835,Rourkela - Puri Vande Bharat Express,VB,ECoR,,,ROU,14:00,PURI,21:40,7h 40m,9,S M W T F S,CC Ex,506 km,66 km/hr,20836
16617,Rameswaram - Coimbatore Express,Exp,SR,,,RMM,20:15,CBE,6:30,10h 15m,13,W,SL 3A 2A,506 km,49 km/hr,16618
16618,Coimbatore - Rameswaram Express,Exp,SR,,,CBE,19:45,RMM,5:20,9h 35m,12,T,SL 3A 2A,506 km,53 km/hr,16617
14632,Amritsar - Dehradun Express,Exp,NR,,,ASR,21:35,DDN,9:45,12h 10m,25,S M T W T F S,SL 3A,505 km,42 km/hr,14631
14631,Dehradun - Amritsar Express,Exp,NR,,,DDN,19:30,ASR,8:20,12h 50m,22,S M T W T F S,SL 3A,505 km,39 km/hr,14632
15008,Krishak Express,Exp,NER,,,LJN,23:10,BCY,12:15,13h 5m,32,S M T W T F S,SL 3A 2A 1A 3E,504 km,39 km/hr,15007
15007,Krishak Express,Exp,NER,,,BCY,17:00,LJN,5:50,12h 50m,30,S M T W T F S,SL 3A 2A 1A 3E,504 km,39 km/hr,15008
15114,Chhapra - Gomti Nagar Express (via Gorakhpur),Exp,NER,,,CPR,18:45,GTNR,6:35,11h 50m,19,S M T W T F S,SL 3A 2A 1A 3E,503 km,43 km/hr,15113
15113,Gomti Nagar - Chhapra Express (via Gorakhpur),Exp,NER,,,GTNR,21:10,CPR,9:15,12h 5m,19,S M T W T F S,SL 3A 2A 1A 3E,503 km,42 km/hr,15114
16552,Ashokapuram - MGR Chennai Central Express,Exp,SWR,,,AP,4:45,MAS,14:35,9h 50m,25,S M T W T F S,2S CC,502 km,51 km/hr,16551
16551,MGR Chennai Central - Ashokapuram Express,Exp,SWR,,,MAS,13:35,AP,23:25,9h 50m,25,S M T W T F S,2S CC,502 km,51 km/hr,16552
16021,Kaveri Express (PT),Exp,SR,,,MAS,21:15,AP,7:00,9h 45m,22,S M T W T F S,SL 3A 2A 1A,502 km,51 km/hr,16022
16022,Kaveri Express (PT),Exp,SR,,,AP,20:40,MAS,6:45,10h 5m,21,S M T W T F S,SL 3A 2A 1A,502 km,50 km/hr,16021
22896,Puri - Howrah Vande Bharat Express,VB,SER,,,PURI,13:40,HWH,20:30,6h 50m,7,S M T W F S,CC Ex,500 km,73 km/hr,22895
12278,Puri - Howrah Shatabdi Express,Shtb,ECoR,,,PURI,5:45,HWH,13:40,7h 55m,6,S M T W T F S,CC Ex,500 km,63 km/hr,12277
12277,Howrah - Puri Shatabdi Express,Shtb,ECoR,,,HWH,14:15,PURI,22:10,7h 55m,6,S M T W T F S,CC Ex,500 km,63 km/hr,12278
12838,Puri - Howrah Superfast Express (PT),SF,SER,,,PURI,20:15,HWH,5:15,9h 0m,11,S M T W T F S,SL 3A 2A 1A 3E,500 km,56 km/hr,12837
12837,Howrah - Puri Superfast Express (PT),SF,SER,,,HWH,22:30,PURI,7:30,9h 0m,11,S M T W T F S,SL 3A 2A 1A 3E,500 km,56 km/hr,12838
22895,Howrah - Puri Vande Bharat Express,VB,SER,,,HWH,6:10,PURI,13:00,6h 50m,7,S M T W F S,CC Ex,500 km,73 km/hr,22896
12821,Dhauli Express (PT),SF,ECoR,,,HWH,9:10,PURI,18:15,9h 5m,16,S M T W T F S,2S CC 3E,500 km,55 km/hr,12822
12822,Dhauli Express,SF,ECoR,,,PURI,10:25,HWH,19:30,9h 5m,16,S M T W T F S,2S CC 3E,500 km,55 km/hr,12821
12081,Kannur - Thiruvananthapuram Central Jan Shatabdi Express (PT),JShtb,SR,,,CAN,4:50,TVC,14:10,9h 20m,15,M T T F S,2S CC,500 km,54 km/hr,12082
12082,Thiruvananthapuram Central - Kannur Jan Shatabdi Express,JShtb,SR,,,TVC,14:50,CAN,0:50,10h 0m,15,S M W T F,2S CC,500 km,50 km/hr,12081
22925,Sabarmati Jn. - Okha Vande Bharat Express,VB,WR,,,SBT,6:15,OKHA,13:20,7h 5m,8,S M W T F S,CC Ex,493 km,70 km/hr,22926
18240,Shivnath Express,Exp,SECR,,,NITR,23:55,KRBA,9:20,9h 25m,20,S M T W T F S,SL 3A 2A 1A 3E,498 km,53 km/hr,18239
18239,Shivnath Express,Exp,SECR,,,KRBA,18:13,NITR,5:30,11h 17m,28,S M T W T F S,SL 3A 2A 1A 3E,498 km,44 km/hr,18240
20607,MGR Chennai Central - Mysuru Vande Bharat Express,VB,SR,,,MAS,5:50,MYS,12:20,6h 30m,2,S M T T F S,CC Ex,497 km,76 km/hr,20608
12896,Puri - Shalimar Weekly SF Express,SF,ECoR,,,PURI,22:10,SHM,7:10,9h 0m,9,T,SL 3A 2A,497 km,55 km/hr,12895
12888,Puri - Shalimar Weekly SF Express,SF,ECoR,,,PURI,22:10,SHM,7:15,9h 5m,8,S,SL 3A 2A,497 km,55 km/hr,12887
12895,Shalimar - Puri Weekly SF Express (PT),SF,ECoR,,,SHM,20:35,PURI,5:20,8h 45m,9,F,SL 3A 2A,497 km,57 km/hr,12896
12887,Shalimar - Puri Weekly SF Express (PT),SF,ECoR,,,SHM,20:35,PURI,5:20,8h 45m,8,M,SL 3A 2A,497 km,57 km/hr,12888
15614,Lachit Express (PT),Exp,NFR,,,MZS,19:10,GHY,8:45,13h 35m,26,S M T W T F S,SL 3A 2A 1A,497 km,37 km/hr,15613
20663,Mysuru - MGR Chennai Central Vande Bharat Express,VB,SWR,,,MYS,6:00,MAS,12:30,6h 30m,4,S M T W F S,CC Ex,497 km,76 km/hr,20664
20608,Mysuru - MGR Chennai Central Vande Bharat Express,VB,SR,,,MYS,13:05,MAS,19:20,6h 15m,2,S M T T F S,CC Ex,497 km,79 km/hr,20607
12882,Puri - Shalimar Garib Rath Express (PT),GR,ECoR,,,PURI,22:10,SHM,7:10,9h 0m,8,M W,3A,497 km,55 km/hr,12881
12881,Shalimar - Puri Garib Rath Express (PT),GR,ECoR,,,SHM,20:35,PURI,5:20,8h 45m,8,T T,3A,497 km,57 km/hr,12882
18040,Puri - Shalimar Express,Exp,SER,,,PURI,23:20,SHM,8:50,9h 30m,9,M,SL 3A 2A,497 km,52 km/hr,18039
18039,Shalimar - Puri Express (PT),Exp,SER,,,SHM,21:25,PURI,6:15,8h 50m,9,S,SL 3A 2A,497 km,56 km/hr,18040
22550,Prayagraj - Gorakhpur Vande Bharat Express,VB,NER,,,PRYJ,15:15,GKP,22:40,7h 25m,4,S M T W T F,CC Ex,497 km,67 km/hr,22549
20608,Mysuru - MGR Chennai Central Vande Bharat Express,VB,SR,,,MYS,13:05,MAS,19:20,6h 15m,2,S M T T F S,CC Ex,497 km,79 km/hr,20607
18409,Sri Jagannath Express (PT),Exp,ECoR,,,SHM,18:55,PURI,4:35,9h 40m,15,S M T W T F S,SL 3A 2A 1A,497 km,51 km/hr,18410
18410,Sri Jagannath Express (PT),Exp,ECoR,,,PURI,22:40,SHM,8:30,9h 50m,15,S M T W T F S,SL 3A 2A 1A,497 km,51 km/hr,18409
15614,Lachit Express (PT),Exp,NFR,,,MZS,19:10,GHY,8:45,13h 35m,26,S M T W T F S,SL 3A 2A 1A,497 km,37 km/hr,15613
20607,MGR Chennai Central - Mysuru Vande Bharat Express,VB,SR,,,MAS,5:50,MYS,12:20,6h 30m,2,S M T T F S,CC Ex,497 km,76 km/hr,20608
12008,Mysuru - MGR Chennai Central Shatabdi Express,Shtb,SR,,,MYS,14:15,MAS,21:25,7h 10m,2,S M T W F S,CC Ex EA,497 km,69 km/hr,12007
12007,M.G.R Chennai Central - Mysuru Shatabdi Express,Shtb,SR,,,MAS,6:00,MYS,13:00,7h 0m,2,S M T W F S,CC Ex EA,497 km,71 km/hr,12008
22835,Shalimar - Puri Weekly SF Express,SF,ECoR,,,SHM,20:35,PURI,5:20,8h 45m,9,W,SL 3A 2A,497 km,57 km/hr,22836
22836,Puri - Shalimar Weekly SF Express (PT),SF,ECoR,,,PURI,22:10,SHM,7:10,9h 0m,9,T,SL 3A 2A,497 km,55 km/hr,22835
22681,Mysuru - MGR Chennai Central Weekly SF Express,SF,SWR,,,MYS,20:15,MAS,4:55,8h 40m,10,W,SL 3A 2A 1A,497 km,57 km/hr,22682
22682,MGR Chennai Central - Mysuru Weekly SF Express (PT),SF,SWR,,,MAS,23:30,MYS,7:45,8h 15m,9,T,SL CC 3A 2A 1A,497 km,60 km/hr,22681
11004,Tutari Express,Exp,CR,,,SWV,17:55,DR,6:40,12h 45m,19,S M T W T F S,SL 3A 2A,496 km,39 km/hr,11003
11003,Tutari Express (PT),Exp,CR,,,DR,0:05,SWV,12:50,12h 45m,19,S M T W T F S,SL 3A 2A,496 km,39 km/hr,11004
20643,MGR Chennai Central - Coimbatore Vande Bharat Express,VB,SR,,,MAS,14:15,CBE,20:15,6h 0m,3,S M T T F S,CC Ex,495 km,82 km/hr,20644
12243,MGR Chennai Central - Coimbatore Shatabdi Express,Shtb,SR,,,MAS,7:15,CBE,14:15,7h 0m,5,S M W T F S,CC Ex,495 km,71 km/hr,12244
12244,Coimbatore - MGR Chennai Central Shatabdi Express,Shtb,SR,,,CBE,15:05,MAS,21:50,6h 45m,5,S M W T F S,CC Ex,495 km,73 km/hr,12243
12681,MGR Chennai Central - Coimbatore Weekly SF Express (PT),SF,SR,,,MAS,22:30,CBE,6:30,8h 0m,6,S,SL 3A 2A,495 km,62 km/hr,12682
12674,Cheran SF Express (PT),SF,SR,,,CBE,22:50,MAS,7:00,8h 10m,7,S M T W T F S,SL 3A 2A 1A,495 km,61 km/hr,12673
12673,Cheran SF Express (PT),SF,SR,,,MAS,22:00,CBE,6:00,8h 0m,7,S M T W T F S,SL 3A 2A 1A,495 km,62 km/hr,12674
20644,Coimbatore - MGR Chennai Central Vande Bharat Express,VB,SR,,,CBE,6:00,MAS,11:50,5h 50m,3,S M T T F S,CC Ex,495 km,85 km/hr,20643
12682,Coimbatore - MGR Chennai Central Weekly SF Express (PT),SF,SR,,,CBE,23:30,MAS,7:35,8h 5m,6,F,SL 3A 2A,495 km,61 km/hr,12681
12675,Kovai SF Express,SF,SR,,,MAS,6:10,CBE,14:05,7h 55m,10,S M T W T F S,2S CC,495 km,63 km/hr,12676
12676,Kovai SF Express,SF,SR,,,CBE,15:15,MAS,22:45,7h 30m,11,S M T W T F S,2S CC,495 km,66 km/hr,12675
12680,Coimbatore - M.G.R Chennai Central InterCity SF Express,SF,SR,,,CBE,6:20,MAS,13:45,7h 25m,11,S M T W T F S,2S CC,495 km,67 km/hr,12679
12679,MGR Chennai Central - Coimbatore InterCity SF Express,SF,SR,,,MAS,14:30,CBE,22:20,7h 50m,11,S M T W T F S,2S CC,495 km,63 km/hr,12680
12638,Pandian SF Express (PT),SF,SR,,,MDU,21:25,MS,5:20,7h 55m,10,S M T W T F S,SL 3A 2A 1A,493 km,62 km/hr,12637
12637,Pandian SF Express (PT),SF,SR,,,MS,21:40,MDU,5:25,7h 45m,9,S M T W T F S,SL 3A 2A 1A,493 km,64 km/hr,12638
22962,Ahmedabad - Mumbai Central Vande Bharat Express (PT),VB,WR,,,ADI,6:05,MMCT,11:45,5h 40m,4,M T W T F S,CC Ex,493 km,87 km/hr,22961
22672,Madurai - Chennai Egmore Tejas Express (PT),Tjs,SR,,,MDU,15:30,MS,21:45,6h 15m,3,S M T W F S,CC Ex,493 km,79 km/hr,22671
12010,Ahmedabad - Mumbai Central Shatabdi Express,Shtb,WR,,,ADI,15:10,MMCT,21:45,6h 35m,7,M T W T F S,CC Ex EA EV,493 km,75 km/hr,12009
22671,Chennai Egmore - Madurai Tejas Express (PT),Tjs,SR,,,MS,6:00,MDU,12:10,6h 10m,3,S M T W F S,CC Ex,493 km,80 km/hr,22672
12009,Mumbai Central - Ahmedabad Shatabdi Express,Shtb,WR,,,MMCT,6:20,ADI,12:40,6h 20m,7,M T W T F S,CC Ex EA EV,493 km,78 km/hr,12010
22954,Gujarat SF Express,SF,WR,,,ADI,7:10,MMCT,16:04,8h 54m,24,S M T W T F S,2S CC,493 km,55 km/hr,22953
22953,Gujarat SF Express,SF,WR,,,MMCT,5:40,ADI,14:30,8h 50m,24,S M T W T F S,2S CC,493 km,56 km/hr,22954
15610,Sairang - Guwahati Express (PT),Exp,NFR,,,SANG,19:00,GHY,8:40,13h 40m,14,S M T W T F S,SL 3A 2A,493 km,36 km/hr,15609
82901,Mumbai Central - Ahmedabad IRCTC Tejas Express,Tjs,WR,,,MMCT,15:55,ADI,22:30,6h 35m,6,S M T W F S,CC Ex,493 km,75 km/hr,82902
22961,Mumbai Central - Ahmedabad Vande Bharat Express,VB,WR,,,MMCT,15:45,ADI,21:15,5h 30m,4,M T W T F S,CC Ex,493 km,90 km/hr,22962
12636,Vaigai SF Express,SF,SR,,,MDU,6:45,MS,14:15,7h 30m,11,S M T W T F S,2S CC,493 km,66 km/hr,12635
12635,Vaigai SF Express,SF,SR,,,MS,13:15,MDU,20:35,7h 20m,10,S M T W T F S,2S CC,493 km,67 km/hr,12636
12931,Mumbai Central - Ahmedabad AC Double Decker Express,DD,WR,,,MMCT,14:30,ADI,21:40,7h 10m,9,M T W T F S,CC,493 km,69 km/hr,12932
12932,Ahmedabad - Mumbai Central AC Double Decker Express,DD,WR,,,ADI,5:45,MMCT,13:05,7h 20m,9,M T W T F S,CC,493 km,67 km/hr,12931
15609,Guwahati - Sairang Express (PT),Exp,NFR,,,GHY,19:00,SANG,8:45,13h 45m,14,S M T W T F S,SL 3A 2A,493 km,36 km/hr,15610
82902,Ahmedabad - Mumbai Central IRCTC Tejas Express,Tjs,WR,,,ADI,6:35,MMCT,13:20,6h 45m,6,S M T W F S,CC Ex,493 km,73 km/hr,82901
22926,Okha - Sabarmati Jn. Vande Bharat Express,VB,WR,,,OKHA,16:45,SBT,23:10,6h 25m,8,S M W T F S,CC Ex,493 km,77 km/hr,22925
22135,Mysuru - Renigunta SF Express,SF,CR,,,MYS,23:10,RU,8:00,8h 50m,5,F,SL 3A 2A,492 km,56 km/hr,22136
13348,Palamu Express,Exp,ECR,,,PNBE,20:20,BRKA,8:05,11h 45m,31,S M T W T F S,SL 3A 2A,492 km,42 km/hr,13347
13347,Palamu Express,Exp,ECR,,,BRKA,18:30,PNBE,6:50,12h 20m,31,S M T W T F S,SL 3A 2A,492 km,40 km/hr,13348
22136,Renigunta - Mysuru SF Express,SF,CR,,,RU,17:15,MYS,1:50,8h 35m,5,S,SL 3A 2A,492 km,57 km/hr,22135
14036,Dhauladhar Express,Exp,NR,,,PTK,23:40,DEE,9:10,9h 30m,16,T T S,SL 3A 2A 1A,492 km,52 km/hr,14035
14035,Dhauladhar Express,Exp,NR,,,DEE,23:20,PTK,8:20,9h 0m,15,M W F,SL 3A 2A 1A,492 km,55 km/hr,14036
12430,New Delhi - Lucknow AC SF Express,ACSF,NR,,,NDLS,23:25,LKO,7:25,8h 0m,4,S M T W T F S,3A 2A 1A 3E,491 km,61 km/hr,12429
12429,Lucknow - New Delhi AC SF Express,ACSF,NR,,,LKO,23:30,NDLS,7:30,8h 0m,4,S M T W T F S,3A 2A 1A 3E,491 km,61 km/hr,12430
20661,KSR Bengaluru - Dharwad Vande Bharat Express,VB,SWR,,,SBC,5:45,DWR,12:00,6h 15m,5,S M W T F S,CC Ex,490 km,78 km/hr,20662
12726,Siddhaganga SF Express,SF,SWR,,,DWR,5:35,SBC,14:15,8h 40m,16,S M T W T F S,2S CC,490 km,57 km/hr,12725
12725,Siddhaganga SF Express,SF,SWR,,,SBC,13:00,DWR,21:40,8h 40m,16,S M T W T F S,2S CC,490 km,57 km/hr,12726
20662,Dharwad - KSR Bengaluru Vande Bharat Express,VB,SWR,,,DWR,13:30,SBC,19:45,6h 15m,5,S M W T F S,CC Ex,490 km,78 km/hr,20661
11802,Prayagraj - Gwalior Express,Exp,NCR,,,PRYJ,6:05,GWL,21:00,14h 55m,44,S M T W T F S,SL 3A,488 km,33 km/hr,11801
11801,Gwalior - Prayagraj Express,Exp,NCR,,,GWL,5:00,PRYJ,18:30,13h 30m,44,S M T W T F S,SL 3A,488 km,36 km/hr,11802
26462,Firozpur Cantt. - Delhi Vande Bharat Express,VB,NR,,,FZR,7:55,DLI,14:35,6h 40m,8,S M T T F S,CC Ex,487 km,73 km/hr,26461
26461,Delhi - Firozpur Cantt. Vande Bharat Express,VB,NR,,,DLI,16:00,FZR,22:35,6h 35m,8,S M T T F S,CC Ex,487 km,74 km/hr,26462
13054,Kulik Express,Exp,ER,,,RDP,5:30,HWH,15:20,9h 50m,19,S M T W T F S,2S CC 3E EV,487 km,50 km/hr,13053
13053,Kulik Express (PT),Exp,ER,,,HWH,8:55,RDP,19:00,10h 5m,19,S M T W T F S,2S CC 3E EV,487 km,48 km/hr,13054
12197,Bhopal - Gwalior Intercity Express,SF,NCR,,,BPL,15:10,GWL,23:55,8h 45m,13,S M T W T F S,SL 3A,484 km,55 km/hr,12198
12198,Gwalior - Bhopal InterCity Express,SF,NCR,,,GWL,6:20,BPL,14:35,8h 15m,13,S M T W T F S,SL 3A,484 km,59 km/hr,12197
22928,Lokshakti Express (PT),SF,WR,,,VDG,18:20,BDTS,5:25,11h 5m,18,S M T W T F S,SL 3A 2A 1A 3E,584 km,53 km/hr,22927
12934,Karnavati Express (PT),SF,WR,,,ADI,5:00,BDTS,12:30,7h 30m,9,S M T W T F S,2S CC,482 km,64 km/hr,12933
13554,Varanasi - Asansol MEMU Express (UnReserved),Exp,ER,,,BSB,4:15,ASN,20:50,16h 35m,83,S M T W T F S,,481 km,29 km/hr,13553
13553,Asansol - Varanasi MEMU Express (UnReserved),Exp,ER,,,ASN,6:30,BSB,21:20,14h 50m,83,S M T W T F S,,481 km,32 km/hr,13554
18628,Ranchi - Howrah Intercity Express (Via Adra),Exp,SER,,,RNC,5:20,HWH,15:50,10h 30m,12,S M T,2S CC 3A 3E,480 km,46 km/hr,18627
18627,Howrah - Ranchi Intercity Express (Via Adra),Exp,SER,,,HWH,12:50,RNC,22:55,10h 5m,12,S M T,2S CC 3A 3E,480 km,48 km/hr,18628
13146,Radhikapur - Kolkata Express (PT),Exp,ER,,,RDP,20:45,KOAA,6:35,9h 50m,18,S M T W T F S,SL 3A 2A 1A 3E,479 km,49 km/hr,13145
13145,Kolkata - Radhikapur Express,Exp,ER,,,KOAA,20:40,RDP,7:40,11h 0m,20,S M T W T F S,SL 3A 2A 1A 3E,479 km,44 km/hr,13146
12584,Anand Vihar Terminal - Lucknow Jn. AC Double Decker Express,DD,NER,,,ANVT,14:05,LJN,22:25,8h 20m,3,S T T F,CC,479 km,57 km/hr,12583
14504,Shri Mata Vaishno Devi Katra - Kalka Express,Exp,NR,,,SVDK,18:15,KLK,5:15,11h 0m,7,W S,SL 3A 2A,479 km,44 km/hr,14503
14503,Kalka - Shri Mata Vaishno Devi Katra Express,Exp,NR,,,KLK,19:35,SVDK,5:05,9h 30m,7,T F,SL 3A 2A,479 km,50 km/hr,14504
14152,Anand Vihar Terminal - Kanpur Central Express,Exp,NCR,,,ANVT,20:45,CNB,6:20,9h 35m,12,S,SL 3A 2A 3E,479 km,50 km/hr,14151
14151,Kanpur Central - Anand Vihar Terminal Express,Exp,NCR,,,CNB,7:45,ANVT,18:20,10h 35m,12,S,SL 3A 2A 3E,479 km,45 km/hr,14152
12583,Lucknow Jn. - Anand Vihar Terminal AC Double Decker Express,DD,NER,,,LJN,4:55,ANVT,13:00,8h 5m,3,S T T F,CC,479 km,59 km/hr,12584
18624,Hatia - Islampur Express (PT),Exp,SER,,,HTE,19:10,IPR,9:15,14h 5m,33,S M T W T F S,SL 3A 2A 1A 3E,478 km,34 km/hr,18623
18623,Islampur - Hatia Express (PT),Exp,SER,,,IPR,19:15,HTE,8:10,12h 55m,34,S M T W T F S,SL 3A 2A 1A 3E,478 km,37 km/hr,18624
13349,Singrauli - Patna Express,Exp,ECR,,,SGRL,20:15,PNBE,9:00,12h 45m,26,S M T W T F S,SL 3A 2A,478 km,37 km/hr,13350
13350,Patna - Singrauli Express,Exp,ECR,,,PNBE,19:15,SGRL,7:15,12h 0m,26,S M T W T F S,SL 3A 2A,478 km,40 km/hr,13349
18313,Boudh - Bhubaneswar New Express,Exp,ECoR,,,BOUH,7:00,BBSN,18:15,11h 15m,17,M,SL 3A 2A,477 km,42 km/hr,18314
18314,Bhubaneswar New - Boudh Express,Exp,ECoR,,,BBSN,23:00,BOUH,10:30,11h 30m,17,M,SL 3A 2A,477 km,41 km/hr,18313
18613,Ranchi - Chopan Express (via Barkakana) (UnReserved),Exp,SER,,,RNC,7:45,CPU,17:40,9h 55m,19,M T S,,476 km,48 km/hr,18614
18614,Chopan - Ranchi Express (via Barkakana) (UnReserved),Exp,SER,,,CPU,8:10,RNC,19:10,11h 0m,19,S W F,,476 km,43 km/hr,18613
17255,Narasapur - Lingampalli Express (PT),Exp,SCoR,,,NS,19:00,LPI,5:15,10h 15m,16,S M T W T F S,SL 3A 2A 1A,475 km,46 km/hr,17256
17256,Lingampalli - Narasapur Express (PT),Exp,SCoR,,,LPI,21:00,NS,8:15,11h 15m,16,S M T W T F S,SL 3A 2A 1A,475 km,42 km/hr,17255
22173,Chanda Fort - Jabalpur SF Intercity Express,SF,WCR,,,CAF,15:10,JBP,23:50,8h 40m,5,T T F,2S CC,475 km,55 km/hr,22174
22174,Jabalpur - Chanda Fort SF Intercity Express,SF,WCR,,,JBP,5:15,CAF,13:45,8h 30m,5,T T F,2S CC,475 km,56 km/hr,22173
12933,Karnavati Express (PT),SF,WR,,,BDTS,13:55,VTA,20:50,6h 55m,9,S M T W T F S,2S CC,474 km,68 km/hr,12934
22233,New Jalpaiguri - Patna Vande Bharat Express,VB,NFR,,,NJP,5:10,PNBE,12:10,7h 0m,7,S M W T F S,CC Ex,473 km,68 km/hr,22234
22234,Patna - New Jalpaiguri Vande Bharat Express,VB,NFR,,,PNBE,13:00,NJP,20:05,7h 5m,7,S M W T F S,CC Ex,473 km,67 km/hr,22233
14728,Tilak Bridge - Shri Ganganagar Express,Exp,NWR,,,TKJ,17:55,SGNR,6:20,12h 25m,50,S M T W T F S,SL,472 km,38 km/hr,14727
14727,Shri Ganganagar - Tilak Bridge Express,Exp,NWR,,,SGNR,20:05,TKJ,9:10,13h 5m,55,S M T W T F S,SL,472 km,36 km/hr,14728
18515,Visakhapatnam - Kirandul Express,Exp,SCoR,,,VSKP,21:10,KRDL,9:00,11h 50m,9,S M T W T F S,SL 3A 2A,471 km,40 km/hr,18516
18516,Kirandul - Visakhapatnam Express,Exp,SCoR,,,KRDL,16:00,VSKP,3:40,11h 40m,9,S M T W T F S,SL 3A 2A,471 km,40 km/hr,18515
20688,KSR Bengaluru - SSS Hubballi Superfast Express,SF,SWR,,,SBC,22:20,UBL,5:30,7h 10m,7,S M T W T F S,SL 3A 2A 1A,470 km,66 km/hr,20687
12080,SSS Hubballi - K.S.R. Bengaluru Jan Shatabdi Express,JShtb,SWR,,,UBL,14:10,SBC,21:15,7h 5m,10,S M T W T F S,2S CC,470 km,66 km/hr,12079
12079,K.S.R Bengaluru - SSS Hubballi Jan Shatabdi Express,JShtb,SWR,,,SBC,6:00,UBL,12:50,6h 50m,10,S M T W T F S,2S CC,470 km,69 km/hr,12080
12079,K.S.R Bengaluru - SSS Hubballi Jan Shatabdi Express,JShtb,SWR,,,SBC,6:00,UBL,12:50,6h 50m,10,S M T W T F S,2S CC,470 km,69 km/hr,12080
14891,Jodhpur - Hisar Express (UnReserved),Exp,NWR,,,JU,10:30,HSR,21:25,10h 55m,47,S M T W T F S,,470 km,43 km/hr,14892
14892,Hisar - Jodhpur Express (UnReserved),Exp,NWR,,,HSR,6:30,JU,17:10,10h 40m,47,S M T W T F S,,470 km,44 km/hr,14891
22616,Coimbatore - Tirupati Intercity SF Express (PT),SF,SR,,,CBE,6:10,TPTY,13:25,7h 15m,8,S T T F,2S CC,470 km,65 km/hr,22615
22615,Tirupati - Coimbatore Intercity SF Express (PT),SF,SR,,,TPTY,14:55,CBE,22:50,7h 55m,9,M W T S,2S CC,470 km,59 km/hr,22616
12928,Ekta Nagar (Kevadiya) - Dadar Western SF Express (PT),SF,WR,,,EKNR,21:25,DDR,5:30,8h 5m,5,S M T W T F S,SL 3A 2A 1A 3E,469 km,58 km/hr,12927
12927,Dadar Western - Ekta Nagar (Kevadiya) SF Express (PT),SF,WR,,,DDR,23:50,EKNR,7:30,7h 40m,6,S M T W T F S,SL 3A 2A 1A 3E,469 km,61 km/hr,12928
26505,Khajuraho - Banaras Vande Bharat Express,VB,NER,,,KURJ,15:20,BNRS,23:10,7h 50m,5,S M T W F S,CC Ex,469 km,60 km/hr,26506
26506,Banaras - Khajuraho Vande Bharat Express,VB,NER,,,BNRS,5:15,KURJ,13:10,7h 55m,5,S M T W F S,CC Ex,469 km,59 km/hr,26505
18114,Bilaspur - Tatanagar Express (UnReserved),Exp,SER,,,BSP,18:50,TATA,6:00,11h 10m,40,S M T W T F S,,468 km,42 km/hr,18113
18113,Tatanagar - Bilaspur Express (UnReserved),Exp,SER,,,TATA,19:00,BSP,6:30,11h 30m,40,S M T W T F S,,468 km,41 km/hr,18114
18242,Ambikapur - Durg Express (PT),Exp,SECR,,,ABKP,22:30,DURG,9:55,11h 25m,19,S M T W T F S,SL 3A 2A 1A,468 km,41 km/hr,18241
13072,Jamalpur - Howrah Express (PT),Exp,ER,,,JMP,20:30,HWH,5:35,9h 5m,18,S M T W T F S,SL 3A 2A 1A 3E,467 km,51 km/hr,13071
18247,Bilaspur - Rewa Express,Exp,SECR,,,BSP,19:20,REWA,6:05,10h 45m,26,S M T W T F S,SL 3A,467 km,43 km/hr,18248
18241,Durg - Ambikapur Express (PT),Exp,SECR,,,DURG,21:05,ABKP,8:00,10h 55m,19,S M T W T F S,SL 3A 2A 1A,467 km,43 km/hr,18242
18248,Rewa - Bilaspur Express,Exp,SECR,,,REWA,22:05,BSP,9:20,11h 15m,26,S M T W T F S,SL 3A,467 km,42 km/hr,18247
13071,Howrah - Jamalpur Express (PT),Exp,ER,,,HWH,21:30,JMP,7:15,9h 45m,19,S M T W T F S,SL 3A 2A 1A 3E,467 km,48 km/hr,13072
20452,New Delhi - Sogaria (Kota) Intercity SF Express,SF,NCR,,,NDLS,7:10,SGAC,13:35,6h 25m,7,S M T W T F S,SL 3A 2A 1A 3E,466 km,73 km/hr,20451
20451,Sogaria (Kota) - New Delhi Intercity SF Express,SF,NCR,,,SGAC,16:15,NDLS,22:35,6h 20m,7,S M T W T F S,SL 3A 2A 1A 3E,466 km,74 km/hr,20452
20656,SSS Hubballi - Yesvantpur Weekly SF Express,SF,SWR,,,UBL,11:45,YPR,19:20,7h 35m,6,S,SL CC 3A 2A,464 km,61 km/hr,20655
10106,Sindhudurg Express,Exp,KR,,,SWV,8:40,DIVA,20:10,11h 30m,34,S M T W T F S,2S 3E,464 km,40 km/hr,10105
10105,Sindhudurg Express,Exp,KR,,,DIVA,6:25,SWV,18:45,12h 20m,34,S M T W T F S,2S 3E,464 km,38 km/hr,10106
20655,Yesvantpur - SSS Hubballi Weekly SF Express,SF,SWR,,,YPR,0:15,UBL,7:15,7h 0m,6,S,SL 3A 2A,464 km,66 km/hr,20656
17407,Pamani Express (PT),Exp,SCoR,,,TPTY,11:55,MQ,22:20,10h 25m,18,S T T,2S SL 3A,464 km,45 km/hr,17408
17408,Pamani Express,Exp,SCoR,,,MQ,5:10,TPTY,15:30,10h 20m,18,M W F,2S SL 3A,464 km,45 km/hr,17407
19418,Ahmedabad - Borivali Express,Exp,WR,,,ADI,23:30,BVI,14:05,14h 35m,55,S M T W T F S,SL,463 km,32 km/hr,19417
22472,Delhi Sarai Rohilla - Lalgarh Intercity SF Express,SF,NWR,,,DEE,8:40,LGH,16:40,8h 0m,13,S M T W T F S,SL 3A 2A 1A,461 km,58 km/hr,22471
22471,Lalgarh - Delhi Sarai Rohilla Intercity SF Express,SF,NWR,,,LGH,9:00,DEE,17:20,8h 20m,13,S M T W T F S,SL 3A 2A 1A,461 km,55 km/hr,22472
17012,Sirpur Kaghaznagar - Bidar Express (PT),Exp,SCR,,,SKZR,12:20,BIDR,23:10,10h 50m,27,S M T W T F S,2S CC,460 km,42 km/hr,17009
12210,Kathgodam - Kanpur Central Garib Rath Express,GR,NR,,,KGM,18:15,CNB,4:35,10h 20m,8,M,3A,459 km,44 km/hr,12209
12209,Kanpur Central - Kathgodam Garib Rath Express,GR,NR,,,CNB,6:05,KGM,15:50,9h 45m,8,T,3A,459 km,47 km/hr,12210
16732,Tiruchendur - Palakkad Jn. Express (UnReserved),Exp,SR,,,TCN,12:30,PGT,21:45,9h 15m,33,S M T W T F S,,459 km,50 km/hr,16731
16731,Palakkad Jn. - Tiruchendur Express (UnReserved),Exp,SR,,,PGT,6:10,TCN,15:30,9h 20m,33,S M T W T F S,,459 km,49 km/hr,16732
22453,Lucknow Jn - Meerut City Rajya Rani Express,SF,NCR,,,LJN,14:25,MTC,22:35,8h 10m,8,S M T W T F S,2S CC 3A 2A,459 km,56 km/hr,22454
22454,Meerut City - Lucknow Jn. Rajya Rani Express,SF,NCR,,,MTC,7:05,LJN,15:05,8h 0m,8,S M T W T F S,2S CC 3A 2A,459 km,57 km/hr,22453
22892,Ranchi - Howrah Intercity SF Express (via Tatanagar),SF,SER,,,RNC,6:55,HWH,15:15,8h 20m,11,W T S,2S CC 3A 3E,458 km,55 km/hr,22891
22891,Howrah - Ranchi Intercity SF Express (via Tatanagar),SF,SER,,,HWH,12:50,RNC,21:14,8h 24m,11,W T S,2S CC 3A 3E,458 km,55 km/hr,22892
14821,Jodhpur - Gandhigram Express (UnReserved),Exp,NWR,,,JU,10:00,GG,21:00,11h 0m,49,S M T W T F S,,458 km,42 km/hr,14822
22304,Gaya - Howrah Vande Bharat Express,VB,ER,,,GAYA,15:15,HWH,21:10,5h 55m,5,S M T W F S,CC Ex,458 km,77 km/hr,22303
22303,Howrah - Gaya Vande Bharat Express,VB,ER,,,HWH,6:45,GAYA,12:30,5h 45m,5,S M T W F S,CC Ex,458 km,80 km/hr,22304
20898,Ranchi - Howrah Vande Bharat Express,VB,SER,,,RNC,6:00,HWH,13:10,7h 10m,6,S M W T F S,CC Ex,458 km,64 km/hr,20897
12059,Kota - Hazrat Nizamuddin Jan Shatabdi Express,JShtb,WCR,,,KOTA,6:10,NZM,12:10,6h 0m,9,S M T W T F S,2S CC,458 km,76 km/hr,12060
12060,Hazrat Nizamuddin - Kota Jan Shatabdi Express,JShtb,WCR,,,NZM,12:45,KOTA,18:55,6h 10m,9,S M T W T F S,2S CC,458 km,74 km/hr,12059
22820,Visakhapatnam - Bhubaneswar New SF InterCity Express,SF,SCoR,,,VSKP,16:20,BBSN,0:35,8h 15m,28,S M T W T F S,2S CC,458 km,55 km/hr,22819
22819,Bhubaneswar New - Visakhapatnam Intercity SF Express (PT),SF,SCoR,,,BBSN,7:15,VSKP,15:30,8h 15m,28,S M T W T F S,2S CC,458 km,55 km/hr,22820
20897,Howrah - Ranchi Vande Bharat Express,VB,SER,,,HWH,14:35,RNC,22:00,7h 25m,6,S M W T F S,CC Ex,458 km,62 km/hr,20898
22628,Thiruvananthapuram Central - Tiruchchirappalli SF InterCity Express,SF,SR,,,TVC,11:35,TPJ,19:45,8h 10m,10,S M T W T F S,2S CC,457 km,56 km/hr,22627
22627,Tiruchchirappalli - Thiruvananthapuram Central InterCity SF Express,SF,SR,,,TPJ,7:15,TVC,15:20,8h 5m,10,S M T W T F S,2S CC,457 km,56 km/hr,22628
20485,Jaisalmer - Sabarmati Intercity SF Express (via Jalor),SF,NWR,23-May,,JSM,6:30,SBIB,20:00,13h 30m,17,S M T W T F S,SL 3A 2A,750 km,56 km/hr,20486
12457,Delhi Sarai Rohilla - Bikaner SF Express (via Churu),SF,NWR,,,DEE,23:35,BKN,7:30,7h 55m,12,S M T W T F S,SL 3A 2A 1A,457 km,58 km/hr,12458
12458,Bikaner - Delhi Sarai Rohilla SF Express (via Churu),SF,NWR,,,BKN,22:10,DEE,6:05,7h 55m,12,S M T W T F S,SL 3A 2A 1A,457 km,58 km/hr,12457
22499,Deoghar - Varanasi Vande Bharat Express,VB,NR,,,DGHR,15:10,BSB,22:30,7h 20m,6,S M W T F S,CC Ex,456 km,62 km/hr,22500
22500,Varanasi - Deoghar Vande Bharat Express,VB,NR,,,BSB,6:20,DGHR,13:40,7h 20m,6,S M W T F S,CC Ex,456 km,62 km/hr,22499
16574,Puducherry - Yesvantpur Weekly Express,Exp,SWR,,,PDY,22:25,YPR,8:20,9h 55m,8,S,SL 3A 2A 1A,456 km,46 km/hr,16573
16573,Yesvantpur - Puducherry Weekly Express,Exp,SWR,,,YPR,20:45,PDY,7:15,10h 30m,8,F,SL 3A 2A 1A,456 km,43 km/hr,16574
18620,Godda - Ranchi Intercity Express (via Dumka) (PT),Exp,SER,,,GODA,16:05,RNC,4:10,12h 5m,22,S M T W T F S,SL 3A 2A 1A,456 km,38 km/hr,18619
18619,Ranchi - Godda Intercity Express (via Dumka),Exp,SER,,,RNC,21:05,GODA,9:25,12h 20m,23,S M T W T F S,SL 3A 2A 1A,456 km,37 km/hr,18620
13030,Mokama - Howrah Express,Exp,ER,,,MKA,15:00,HWH,3:25,12h 25m,50,S M T W T F S,SL,455 km,37 km/hr,13029
19417,Borivali - Vatva Express,Exp,WR,,,BVI,13:40,VTA,2:45,13h 5m,46,S M T W T F S,SL,455 km,35 km/hr,19418
13029,Howrah - Mokama Express,Exp,ER,,,HWH,23:20,MKA,10:40,11h 20m,49,S M T W T F S,SL 3A,455 km,40 km/hr,13030
12078,Vijayawada - MGR Chennai Central Jan Shatabdi Express,JShtb,SR,,,BZA,15:30,MAS,23:00,7h 30m,9,S M W T F S,2S CC,455 km,61 km/hr,12077
12077,MGR Chennai Central - Vijayawada Jan Shatabdi Express,JShtb,SR,,,MAS,7:25,BZA,15:00,7h 35m,9,S M W T F S,2S CC,455 km,60 km/hr,12078
22225,Mumbai CSMT - Solapur Vande Bharat Express,VB,SCR,,,CSMT,16:05,SUR,22:40,6h 35m,6,S M T T F S,CC Ex,454 km,69 km/hr,22226
22226,Solapur - Mumbai CSMT Vande Bharat Express,VB,SCR,,,SUR,6:05,CSMT,12:35,6h 30m,7,S M T W F S,CC Ex,454 km,70 km/hr,22225
12115,Siddheshwar SF Express (PT),SF,CR,,,CSMT,22:40,SUR,6:45,8h 5m,10,S M T W T F S,SL 3A 2A 1A 3E,454 km,56 km/hr,12116
12116,Siddheshwar SF Express,SF,CR,,,SUR,22:30,CSMT,6:30,8h 0m,10,S M T W T F S,SL 3A 2A 1A 3E,454 km,57 km/hr,12115
13016,Jamalpur - Howrah Kavi Guru Express,Exp,ER,,,JMP,6:25,HWH,16:30,10h 5m,18,S M T W T F S,2S SL CC 3A,453 km,45 km/hr,13015
13015,Howrah - Jamalpur Kavi Guru Express,Exp,ER,,,HWH,10:55,JMP,21:15,10h 20m,18,S M T W T F S,2S SL CC 3A,453 km,44 km/hr,13016
22485,New Delhi - Firozpur Cantt. Intercity SF Express,SF,NR,,,NDLS,7:00,FZR,14:50,7h 50m,13,M F,2S CC,452 km,58 km/hr,22486
15020,Tanakpur - Dehradun Express,Exp,NER,,,TPU,19:35,DDN,7:35,12h 0m,11,T T S,SL 2A 1A 3E,452 km,38 km/hr,15019
15019,Dehradun - Tanakpur Express,Exp,NER,,,DDN,15:15,TPU,4:40,13h 25m,11,S W F,SL 2A 1A 3E,452 km,34 km/hr,15020
22486,Firozpur Cantt. - New Delhi Intercity SF Express,SF,NR,,,FZR,15:35,NDLS,23:30,7h 55m,13,M F,2S CC,452 km,57 km/hr,22485
12462,Sabarmati - Jodhpur Vande Bharat Express,VB,NWR,,,SBIB,16:55,JU,22:50,5h 55m,5,S M W T F S,CC Ex,451 km,76 km/hr,12461
12461,Jodhpur - Sabarmati Vande Bharat Express,VB,NWR,,,JU,6:05,SBIB,12:05,6h 0m,5,S M W T F S,CC Ex,451 km,75 km/hr,12462
16848,Sengottai - Mayiladuturai Express (UnReserved),Exp,SR,,,SCT,7:00,MV,15:40,8h 40m,28,S M T W T F S,,451 km,52 km/hr,16847
16847,Mayiladuturai - Sengottai Express (UnReserved),Exp,SR,,,MV,12:35,SCT,20:55,8h 20m,28,S M T W T F S,,451 km,54 km/hr,16848
14822,Gandhigram - Jodhpur Express (UnReserved),Exp,NWR,,,GG,7:00,JU,18:10,11h 10m,49,S M T W T F S,,458 km,41 km/hr,14821
12016,Daurai (Ajmer) - New Delhi Shatabdi Express,Shtb,NR,,,DOZ,15:15,NDLS,22:30,7h 15m,9,S M T W T F S,CC Ex,451 km,62 km/hr,12015
12015,New Delhi - Daurai (Ajmer) Shatabdi Express,Shtb,NR,,,NDLS,6:10,DOZ,13:35,7h 25m,9,S M T W T F S,CC Ex,451 km,61 km/hr,12016
26302,Danapur - Jogbani Vande Bharat Express,VB,ECR,,,DNR,17:10,JBN,1:20,8h 10m,12,S M W T F S,CC Ex,449 km,55 km/hr,26301
20893,Tatanagar - Patna Vande Bharat Express (via Gomoh),VB,SER,,,TATA,5:25,PNBE,12:45,7h 20m,7,W T F S,CC Ex,450 km,61 km/hr,20894
15896,Murkongselek - Rangiya Express,Exp,NFR,,,MZS,6:45,RNY,18:20,11h 35m,45,S M T W T F S,SL,449 km,39 km/hr,15895
15895,Rangiya - Murkongselek Express,Exp,NFR,,,RNY,8:20,MZS,20:10,11h 50m,45,S M T W T F S,SL,449 km,38 km/hr,15896
20894,Patna - Tatanagar Vande Bharat Express (via Gomoh),VB,SER,,,PNBE,14:05,TATA,21:40,7h 35m,7,W T F S,CC Ex,450 km,59 km/hr,20893
26301,Jogbani - Danapur Vande Bharat Express,VB,ECR,,,JBN,3:30,DNR,11:40,8h 10m,12,S M T T F S,CC Ex,449 km,55 km/hr,26302
21895,Tatanagar - Patna Vande Bharat Express (via Gomoh),VB,SER,,,TATA,5:25,PNBE,12:45,7h 20m,7,M,CC Ex,450 km,61 km/hr,21896
21896,Patna - Tatanagar Vande Bharat Express (via Gomoh),VB,SER,,,PNBE,16:45,TATA,23:55,7h 10m,7,S,CC Ex,450 km,63 km/hr,21895
12030,Amritsar - New Delhi Swarna Jayanti Shatabdi Express,Shtb,NR,,,ASR,16:50,NDLS,22:50,6h 0m,6,S M T W F S,CC Ex,448 km,75 km/hr,12029
12029,New Delhi - Amritsar Swarna Jayanti Shatabdi Express,Shtb,NR,,,NDLS,7:20,ASR,13:30,6h 10m,6,S M T W F S,CC Ex,448 km,73 km/hr,12030
12032,Amritsar - New Delhi Shatabdi Express,Shtb,NR,,,ASR,16:50,NDLS,22:50,6h 0m,6,T,CC Ex,448 km,75 km/hr,12031
12031,New Delhi - Amritsar Shatabdi Express,Shtb,NR,,,NDLS,7:20,ASR,13:30,6h 10m,6,T,CC Ex,448 km,73 km/hr,12032
12013,New Delhi - Amritsar Shatabdi Express,Shtb,NR,,,NDLS,16:30,ASR,23:05,6h 35m,6,S M T W T F S,CC Ex,448 km,68 km/hr,12014
12014,Amritsar - New Delhi Shatabdi Express,Shtb,NR,,,ASR,4:55,NDLS,11:02,6h 7m,6,S M T W T F S,CC Ex,448 km,73 km/hr,12013
12498,Shan-e-Punjab Express,SF,NR,,,ASR,15:10,NDLS,22:30,7h 20m,12,S M T W T F S,2S CC,448 km,61 km/hr,12497
12497,Shan-e-Punjab Express,SF,NR,,,NDLS,6:40,ASR,14:15,7h 35m,11,S M T W T F S,2S CC,448 km,59 km/hr,12498
19110,Alwar - Kota MEMU Express (UnReserved),Exp,WR,,,AWR,1:00,KOTA,13:20,12h 20m,55,S M T W T F S,,447 km,36 km/hr,19109
14680,Amritsar - Delhi Intercity Express,Exp,NR,,,ASR,6:15,DLI,14:15,8h 0m,15,S M T W T F S,2S CC,447 km,56 km/hr,14679
22487,Delhi - Amritsar Vande Bharat Express,VB,NR,,,DLI,15:15,ASR,20:45,5h 30m,5,S M T W T S,CC Ex,447 km,81 km/hr,22488
14679,Delhi - Amritsar Intercity Express,Exp,NR,,,DLI,13:45,ASR,22:25,8h 40m,13,S M T W T F S,2S CC,447 km,52 km/hr,14680
26472,Delhi Cantt - Bikaner Vande Bharat Express,VB,NWR,,,DEC,16:45,BKN,22:50,6h 5m,7,S M T T F S,CC Ex,447 km,74 km/hr,26471
14626,Firozpur Cantt. - Haridwar Weekly Express,Exp,NR,,,FZR,22:40,HW,8:30,9h 50m,13,W,SL 3A 2A,447 km,45 km/hr,14625
26471,Bikaner - Delhi Cantt Vande Bharat Express,VB,NWR,,,BKN,5:40,DEC,11:55,6h 15m,7,S M T T F S,CC Ex,447 km,72 km/hr,26472
22488,Amritsar - Delhi Vande Bharat Express,VB,NR,,,ASR,8:20,DLI,13:50,5h 30m,5,S M T W T S,CC Ex,447 km,81 km/hr,22487
14625,Haridwar - Firozpur Cantt. Weekly Express,Exp,NR,,,HW,14:45,FZR,0:35,9h 50m,13,T,SL 3A 2A,447 km,45 km/hr,14626
13189,Sealdah - Balurghat Express (PT),Exp,ER,,,SDAH,22:30,BLGT,8:30,10h 0m,13,S M T W T F S,SL 3A 2A 1A 3E,445 km,45 km/hr,13190
17029,Vijayapura - Hyderabad Express,Exp,SCR,,,BJP,19:20,HYB,7:10,11h 50m,36,S M T W T F S,SL 3A,445 km,38 km/hr,17030
17030,Hyderabad - Vijayapura Express (PT),Exp,SCR,,,HYB,21:10,BJP,8:05,10h 55m,31,S M T W T F S,SL 3A,445 km,41 km/hr,17029
13190,Balurghat - Sealdah Express (PT),Exp,ER,,,BLGT,19:00,SDAH,4:25,9h 25m,13,S M T W T F S,SL 3A 2A 1A 3E,445 km,47 km/hr,13189
11411,Parli Vaijnath - Sangli DEMU Express (UnReserved),Exp,CR,,,PRLI,8:15,SLI,18:50,10h 35m,22,S M T W T F S,,445 km,42 km/hr,11412
11412,Sangli - Parli Vaijnath DEMU Express (UnReserved),Exp,CR,,,SLI,20:35,PRLI,6:30,9h 55m,22,S M T W T F S,,445 km,45 km/hr,11411
20841,Bhubaneswar - Visakhapatnam Vande Bharat Express,VB,ECoR,,,BBS,5:15,VSKP,11:00,5h 45m,7,S T W T F S,CC Ex,444 km,77 km/hr,20842
20842,Visakhapatnam - Bhubaneswar Vande Bharat Express,VB,ECoR,,,VSKP,15:30,BBS,21:30,6h 0m,7,S T W T F S,CC Ex,444 km,74 km/hr,20841
22958,Somnath SF Express,SF,WR,,,VRL,21:50,GNC,5:50,8h 0m,15,S M T W T F S,SL 3A 2A,443 km,55 km/hr,22957
22957,Somnath SF Express,SF,WR,,,GNC,21:45,VRL,5:45,8h 0m,15,S M T W T F S,SL 3A 2A,443 km,55 km/hr,22958
19119,Gandhinagar Capital - Veraval InterCity Express,Exp,WR,,,GNC,10:20,VRL,19:30,9h 10m,16,S M T W T F S,CC,443 km,48 km/hr,19120
19120,Veraval - Gandhinagar Capital InterCity Express,Exp,WR,,,VRL,7:30,GNC,16:00,8h 30m,16,S M T W T F S,CC,443 km,52 km/hr,19119
13161,Tebhaga Express,Exp,ER,,,KOAA,12:55,BLGT,22:00,9h 5m,14,S M T W T F,2S SL CC 3A,441 km,49 km/hr,13162
13162,Tebhaga Express (PT),Exp,ER,,,BLGT,5:30,KOAA,14:15,8h 45m,14,M T W T F S,2S SL CC 3A,441 km,50 km/hr,13161
12034,New Delhi - Kanpur Central Shatabdi Express,Shtb,NCR,,,NDLS,15:40,CNB,20:50,5h 10m,3,M T W T F S,CC Ex,440 km,85 km/hr,12033
12033,Kanpur Central - New Delhi Shatabdi Express,Shtb,NCR,,,CNB,6:00,NDLS,11:20,5h 20m,3,M T W T F S,CC Ex,440 km,83 km/hr,12034
22309,Howrah - Jamalpur Vande Bharat Express,VB,ER,,,HWH,7:45,JMP,14:15,6h 30m,8,S M T W T S,CC Ex,440 km,68 km/hr,22310
26902,Veraval - Sabarmati BG Vande Bharat Express,VB,WR,,,VRL,15:50,SBIB,22:25,6h 35m,7,S M T W F S,CC Ex,450 km,68 km/hr,26901
22310,Jamalpur - Howrah Vande Bharat Express,VB,ER,,,JMP,15:30,HWH,22:05,6h 35m,8,S M T W T S,CC Ex,440 km,67 km/hr,22309
12451,Shram Shakti Express (PT),SF,NCR,,,CNB,23:55,NDLS,5:55,6h 0m,1,S M T W T F S,SL 3A 2A 1A 3E,440 km,73 km/hr,12452
12452,Shram Shakti Express,SF,NCR,,,NDLS,23:55,CNB,6:20,6h 25m,1,S M T W T F S,SL 3A 2A 1A 3E,440 km,69 km/hr,12451
26901,Sabarmati BG - Veraval Vande Bharat Express,VB,WR,,,SBIB,6:00,VRL,12:55,6h 55m,8,S M T W F S,CC Ex,450 km,65 km/hr,26902
18012,Chakradharpur - Howrah Express,Exp,SER,,,CKP,17:35,HWH,5:35,12h 0m,38,S M T W T F S,SL 3A 2A 1A,439 km,37 km/hr,18011
11041,Dadar Central - Sainagar Shirdi Express (Via Daund Chord Line),Exp,CR,,,DR,23:55,SNSI,8:40,8h 45m,12,T W T S,SL 3A 2A,439 km,50 km/hr,11042
11042,Sainagar Shirdi - Dadar Central Express (via Daund Chord Line),Exp,CR,,,SNSI,21:25,DR,6:35,9h 10m,12,S W T F,SL 3A 2A,439 km,48 km/hr,11041
17062,Narasapur - Charlapalli Express (PT),Exp,SCR,26-Apr,,NS,20:00,CHZ,7:50,11h 50m,9,S,SL 3A 2A,439 km,37 km/hr,17061
17061,Charlapalli - Narasapur Express (PT),Exp,SCR,,,CHZ,19:50,NS,7:00,11h 10m,9,S,SL 3A 2A,439 km,39 km/hr,17062
18011,Howrah - Chakradharpur Express,Exp,SER,,,HWH,23:30,CKP,11:15,11h 45m,38,S M T W T F S,SL 3A 2A 1A,439 km,37 km/hr,18012
15055,Agra Fort - Ramnagar Express,Exp,NER,,,AF,20:50,RMR,8:35,11h 45m,21,S T F,SL 3A 2A,439 km,37 km/hr,15056
15056,Ramnagar - Agra Fort Express,Exp,NER,,,RMR,19:45,AF,6:55,11h 10m,21,M T S,SL 3A 2A,439 km,39 km/hr,15055
13064,Balurghat - Howrah Express (PT),Exp,ER,,,BLGT,20:30,HWH,5:25,8h 55m,13,M T W T F,SL 3A 2A,439 km,49 km/hr,13063
13063,Howrah - Balurghat Express,Exp,ER,,,HWH,7:50,BLGT,17:55,10h 5m,13,M T W T F,2S SL 3A 2A,439 km,43 km/hr,13064
16845,Erode - Sengottai Express (UnReserved),Exp,SR,,,ED,14:00,SCT,22:30,8h 30m,26,S M T W T F S,,438 km,52 km/hr,16846
16846,Sengottai - Erode Express (UnReserved),Exp,SR,,,SCT,5:20,ED,15:00,9h 40m,26,S M T W T F S,,438 km,45 km/hr,16845
22479,Sarbat Da Bhala Express,SF,NR,,,NDLS,7:00,LNK,14:50,7h 50m,15,S T W T S,2S CC,438 km,56 km/hr,22480
22480,Sarbat Da Bhala Express,SF,NR,,,LNK,15:35,NDLS,23:30,7h 55m,15,S T W T S,2S CC,438 km,55 km/hr,22479
14710,Jaipur - Hanumangarh Express,Exp,NWR,1-Jun,,JP,13:05,HMH,23:45,10h 40m,25,S M T W T F S,SL,460 km,43 km/hr,14709
14709,Hanumangarh - Jaipur Express,Exp,NWR,1-Jun,,HMH,1:25,JP,11:50,10h 25m,25,S M T W T F S,SL,460 km,44 km/hr,14710
12074,Bhubaneswar - Howrah Jan Shatabdi Express,JShtb,ECoR,,,BBS,6:00,HWH,12:40,6h 40m,9,S M T W T F S,2S CC,437 km,66 km/hr,12073
12073,Howrah - Bhubaneswar Jan Shatabdi Express,JShtb,ECoR,,,HWH,13:25,BBS,20:00,6h 35m,9,S M T W T F S,2S CC,437 km,66 km/hr,12074
19251,Veraval - Okha Express,Exp,WR,,,VRL,23:05,OKHA,8:15,9h 10m,15,S M T W T F S,SL 3A 2A 1A 3E,437 km,48 km/hr,19252
19252,Okha - Veraval Express,Exp,WR,,,OKHA,20:15,VRL,5:15,9h 0m,15,S M T W T F S,SL 3A 2A 1A 3E,437 km,49 km/hr,19251
13514,Hatia - Asansol Express (UnReserved),Exp,ER,,,HTE,14:45,ASN,23:45,9h 0m,15,S M W T S,,436 km,48 km/hr,13513
13513,Asansol - Hatia Express (UnReserved),Exp,ER,,,ASN,4:10,HTE,14:00,9h 50m,15,S M W T S,,436 km,44 km/hr,13514
12992,Jaipur - Udaipur City Intercity Express,SF,NWR,,,JP,14:10,UDZ,21:48,7h 38m,14,S M T W T F S,2S CC 3A 3E,435 km,57 km/hr,12991
12991,Udaipur City - Jaipur Intercity Express,SF,NWR,,,UDZ,6:00,JP,13:40,7h 40m,14,S M T W T F S,2S CC 3A 3E,435 km,57 km/hr,12992
14682,Jalandhar City - Delhi Intercity Express,Exp,NR,,,JUC,4:00,DLI,13:25,9h 25m,20,S M T W T F S,2S CC,433 km,46 km/hr,14681
14307,Prayagraj Sangam - Bareilly Express,Exp,NR,,,PYGS,1:20,BE,10:50,9h 30m,15,S M T W T F S,SL 3A 2A,433 km,46 km/hr,14308
17647,Hyderabad - Purna Express,Exp,SCR,,,HYB,8:40,PAU,20:40,12h 0m,33,S M T W T F S,SL 3A,433 km,36 km/hr,17648
17648,Purna - Hyderabad Express,Exp,SCR,,,PAU,7:40,HYB,19:10,11h 30m,33,S M T W T F S,SL 3A,433 km,38 km/hr,17647
14308,Bareilly - Prayagraj Sangam Express,Exp,NR,,,BE,17:45,PYGS,3:10,9h 25m,15,S M T W T F S,SL 3A 2A,433 km,46 km/hr,14307
14681,Delhi - Jalandhar City Intercity Express,Exp,NR,,,DLI,14:35,JUC,23:40,9h 5m,20,S M T W T F S,2S CC,433 km,48 km/hr,14682
22983,Kota - Indore Intercity SF Express,SF,WCR,,,KOTA,6:35,INDB,14:15,7h 40m,13,S M T W T F S,2S CC,433 km,56 km/hr,22984
22984,Indore - Kota InterCity SF Express,SF,WCR,,,INDB,15:35,KOTA,23:20,7h 45m,13,S M T W T F S,2S CC,433 km,56 km/hr,22983
11266,Ambikapur - Madan Mahal Intercity Express,Exp,WCR,,,ABKP,6:15,MML,15:20,9h 5m,13,S M T W T F S,2S CC 3A,432 km,48 km/hr,11265
12712,Pinakini SF Express,SF,SCoR,,,MAS,14:05,BZA,21:35,7h 30m,12,S M T W T F S,2S CC 3E,431 km,58 km/hr,12711
12711,Pinakini SF Express (PT),SF,SCoR,,,BZA,6:10,MAS,13:05,6h 55m,12,S M T W T F S,2S CC 3E,431 km,62 km/hr,12712
22959,Vadodara - Jamnagar Intercity Express,SF,WR,,,BRC,15:50,JAM,23:30,7h 40m,13,S M T W T F S,2S CC,431 km,56 km/hr,22960
22960,Jamnagar - Vadodara Intercity Express,SF,WR,,,JAM,4:45,BRC,12:25,7h 40m,13,S M T W T F S,2S CC,431 km,56 km/hr,22959
19342,Bina - Nagda Express (UnReserved),Exp,WR,,,BINA,7:20,NAD,17:30,10h 10m,41,S M T W T F S,,429 km,42 km/hr,19341
19341,Nagda - Bina Express (UnReserved),Exp,WR,,,NAD,11:10,BINA,21:40,10h 30m,41,S M T W T F S,,429 km,41 km/hr,19342
20994,Udaipur City - Jaipur SF Express,SF,NWR,,,UDZ,15:05,JP,22:25,7h 20m,11,S M T W T F S,2S SL CC 3A,429 km,58 km/hr,20993
20993,Jaipur - Udaipur City SF Express,SF,NWR,,,JP,6:10,UDZ,13:30,7h 20m,11,S M T W T F S,2S SL CC 3A,429 km,58 km/hr,20994
11265,Madan Mahal - Ambikapur Intercity Express,Exp,WCR,,,MML,12:25,ABKP,23:00,10h 35m,13,S M T W T F S,2S SL CC 3A,432 km,41 km/hr,11266
22156,SCSMT Kolhapur - Kalaburagi SF Express,SF,CR,,,KOP,15:05,KLBG,22:45,7h 40m,9,S M T W T F S,2S SL 3A,428 km,56 km/hr,22155
22155,Kalaburagi - SCSMT Kolhapur SF Express,SF,CR,,,KLBG,6:40,KOP,14:15,7h 35m,9,S M T W T F S,2S SL 3A,428 km,56 km/hr,22156
12058,Daulatpur Chowk - New Delhi Jan Shatabdi Express,JShtb,NR,,,DLPC,4:10,NDLS,11:45,7h 35m,16,S M T W T F S,2S CC,428 km,56 km/hr,12057
12057,New Delhi - Daulatpur Chowk Jan Shatabdi Express,JShtb,NR,,,NDLS,14:35,DLPC,22:15,7h 40m,16,S M T W T F S,2S CC,428 km,56 km/hr,12058
15611,Rangiya - Silchar Express (PT),Exp,NFR,,,RNY,19:00,SCL,8:30,13h 30m,16,S M T W T F S,SL 3A 2A,427 km,32 km/hr,15612
15612,Silchar - Rangiya Express (PT),Exp,NFR,,,SCL,23:00,RNY,12:40,13h 40m,16,S M T W T F S,SL 3A 2A,427 km,31 km/hr,15611
12606,Pallavan Superfast Express,SF,SR,,,KKDI,5:40,MS,12:15,6h 35m,12,S M T W T F S,2S CC,426 km,65 km/hr,12605
12605,Pallavan Superfast Express,SF,SR,,,MS,15:40,KKDI,22:30,6h 50m,12,S M T W T F S,2S CC,426 km,62 km/hr,12606
14053,Himachal Express,Exp,NR,,,DLI,22:50,KRTP,7:50,9h 0m,24,S M T W T F S,SL 3A 2A 1A,425 km,47 km/hr,14054
13034,Katihar - Howrah Express (PT),Exp,ER,,,KIR,15:30,HWH,2:40,11h 10m,42,S M T W T F S,SL 3A,424 km,38 km/hr,13033
13033,Howrah - Katihar Express (PT),Exp,ER,,,HWH,23:35,KIR,10:05,10h 30m,44,S M T W T F S,SL 3A,424 km,40 km/hr,13034
15712,Katihar - Howrah Weekly Express (PT),Exp,NFR,,,KIR,22:30,HWH,7:30,9h 0m,9,M,SL 3A 2A,424 km,47 km/hr,15711
15711,Howrah - Katihar Weekly Express,Exp,NFR,,,HWH,22:00,KIR,6:50,8h 50m,9,T,SL 3A 2A,424 km,48 km/hr,15712
16766,Tuticorin - Mettupalayam Express (PT),Exp,SR,,,TN,23:40,MTP,7:40,8h 0m,13,T S,SL 3A 2A,424 km,53 km/hr,16765
16765,Mettupalayam - Tuticorin Express (PT),Exp,SR,,,MTP,19:45,TN,4:15,8h 30m,13,S F,SL 3A 2A,424 km,50 km/hr,16766
12482,Shri Ganganagar - Delhi Intercity Express,SF,NWR,,,SGNR,6:10,DLI,13:35,7h 25m,15,S M T W T F S,2S SL CC 3E,423 km,57 km/hr,12481
14730,Fazilka - Rewari Express (UnReserved),Exp,NWR,,,FKA,8:45,RE,20:50,12h 5m,58,S M T W T F S,,423 km,35 km/hr,14729
14729,Rewari - Fazilka Express (UnReserved),Exp,NWR,,,RE,4:40,FKA,15:45,11h 5m,58,S M T W T F S,,423 km,38 km/hr,14730
20960,Vadnagar - Valsad Intercity SF Express,SF,WR,,,VDG,17:00,BL,0:38,7h 38m,13,S M T W T F S,2S CC,423 km,55 km/hr,20959
20959,Valsad - Vadnagar Intercity SF Express,SF,WR,,,BL,5:40,VDG,13:10,7h 30m,13,S M T W T F S,2S CC,423 km,56 km/hr,20960
12481,Delhi - Shri Ganganagar Intercity Express,SF,NWR,,,DLI,13:10,SGNR,20:35,7h 25m,15,S M T W T F S,2S SL CC 3E,423 km,57 km/hr,12482
15311,Aishbagh - Kasganj Intercity Express,Exp,NER,27-Jul,,ASH,14:00,KSJ,22:40,8h 40m,12,S M T W T F S,2S CC,421 km,49 km/hr,15312
15312,Kasganj - Aishbagh Intercity Express,Exp,NER,27-Jul,,KSJ,4:20,ASH,13:00,8h 40m,12,S M T W T F S,2S CC,421 km,49 km/hr,15311
12019,Howrah - Ranchi Shatabdi Express,Shtb,ER,,,HWH,6:05,RNC,13:15,7h 10m,7,M T W T F S,CC Ex,421 km,59 km/hr,12020
12020,Ranchi - Howrah Shatabdi Express,Shtb,ER,,,RNC,13:45,HWH,21:20,7h 35m,7,M T W T F S,CC Ex,421 km,55 km/hr,12019
22666,Coimbatore - KSR Bengaluru Uday Express,Udy,SR,,,CBE,5:45,SBC,12:40,6h 55m,6,S M T W T F S,2S CC,420 km,61 km/hr,22665
22665,KSR Bengaluru - Coimbatore Uday Express,Udy,SR,,,SBC,14:15,CBE,21:05,6h 50m,7,S M T W T F S,2S CC,420 km,61 km/hr,22666
22840,Bhubaneswar - Rourkela Intercity SF Express,SF,SER,,,BBS,13:40,ROU,21:15,7h 35m,14,S M T W T F S,2S CC 3A,419 km,55 km/hr,22839
22839,Rourkela - Bhubaneswar Intercity SF Express (PT),SF,SER,,,ROU,5:00,BBS,12:35,7h 35m,14,S M T W T F S,2S CC 3A,419 km,55 km/hr,22840
17688,Marathwada Express,Exp,SCR,,,DAB,4:00,MMR,13:40,9h 40m,21,S M T W T F S,2S CC,419 km,43 km/hr,17687
17687,Marathwada Express,Exp,SCR,,,MMR,15:00,DAB,1:05,10h 5m,21,S M T W T F S,2S CC,419 km,42 km/hr,17688
18616,Kriya Yoga Express,Exp,SER,,,HTE,21:20,HWH,7:20,10h 0m,14,S M T W T F S,SL 3A 2A 1A 3E,418 km,42 km/hr,18615
18615,Kriya Yoga Express (PT),Exp,SER,,,HWH,21:10,HTE,6:50,9h 40m,15,S M T W T F S,SL 3A 2A 1A 3E,418 km,43 km/hr,18616
13045,Mayurakshi Express,Exp,ER,,,HWH,16:25,DGHR,0:35,8h 10m,25,S M T W T F S,2S 3A,418 km,51 km/hr,13046
13046,Mayurakshi Express,Exp,ER,,,DGHR,3:15,HWH,11:35,8h 20m,25,S M T W T F S,2S 3A,418 km,50 km/hr,13045
15137,Budh Purnima Express,Exp,NER,,,RGD,21:30,BNRS,7:15,9h 45m,20,S M T W T F S,SL 3A 2A,418 km,43 km/hr,15138
15138,Budh Purnima Express,Exp,NER,,,BNRS,20:15,RGD,6:10,9h 55m,20,S M T W T F S,SL 3A 2A,418 km,42 km/hr,15137
12069,Raigarh - Gondia Jan Shatabdi Express,JShtb,SECR,,,RIG,6:10,G,13:40,7h 30m,13,M T W T F S,2S CC,415 km,55 km/hr,12070
12070,Gondia - Raigarh Jan Shatabdi Express,JShtb,SECR,,,G,14:30,RIG,22:00,7h 30m,13,S M T W T F,2S CC,415 km,55 km/hr,12069
14054,Himachal Express,Exp,NR,,,KRTP,20:55,DLI,5:00,8h 5m,22,S M T W T F S,SL 3A 2A 1A,425 km,53 km/hr,14053
17626,Delta Express (PT),Exp,SCR,,,RAL,22:40,VKB,9:20,10h 40m,20,S M T W T F S,SL 3A 2A,413 km,39 km/hr,17625
22447,New Delhi - Amb Andaura Vande Bharat Express,VB,NR,,,NDLS,5:50,AADR,11:10,5h 20m,5,S M W T F S,CC Ex,412 km,77 km/hr,22448
20872,Rourkela - Howrah Vande Bharat Express,VB,SER,,,ROU,13:30,HWH,19:50,6h 20m,3,S M W T F S,CC Ex,412 km,65 km/hr,20871
20825,Bilaspur - Nagpur Vande Bharat Express,VB,SECR,,,BSP,6:45,NGP,12:15,5h 30m,5,S M T W T F,CC Ex,412 km,75 km/hr,20826
20826,Nagpur - Bilaspur Vande Bharat Express,VB,SECR,,,NGP,14:05,BSP,19:25,5h 20m,5,S M T W T F,CC Ex,412 km,77 km/hr,20825
20871,Howrah - Rourkela Vande Bharat Express,VB,SER,,,HWH,6:00,ROU,12:05,6h 5m,3,S M W T F S,CC Ex,412 km,68 km/hr,20872
22448,Amb Andaura - New Delhi Vande Bharat Express,VB,NR,,,AADR,13:00,NDLS,18:25,5h 25m,5,S M W T F S,CC Ex,412 km,76 km/hr,22447
12280,Taj Express,SF,NR,,,NDLS,6:55,VGLJ,13:55,7h 0m,10,S M T W T F S,2S CC,411 km,59 km/hr,12279
12279,Taj Express,SF,NR,,,VGLJ,15:10,NDLS,21:35,6h 25m,10,S M T W T F S,2S CC,411 km,64 km/hr,12280
12365,Patna - Ranchi Jan Shatabdi Express,JShtb,ECR,,,PNBE,6:10,RNC,13:55,7h 45m,11,S M T W T F S,2S CC,410 km,53 km/hr,12366
15617,Guwahati - Dullabcherra Express (PT),Exp,NFR,,,GHY,22:15,DLCR,10:15,12h 0m,10,M W S,SL 3A 2A,410 km,34 km/hr,15618
15618,Dullabcherra - Guwahati Express (PT),Exp,NFR,,,DLCR,11:40,GHY,23:50,12h 10m,10,S T T,SL 3A 2A,410 km,34 km/hr,15617
16729,Madurai - Punalur Express (PT),Exp,SR,,,MDU,23:15,PUU,9:55,10h 40m,35,S M T W T F S,SL 3A,409 km,38 km/hr,16730
16730,Punalur - Madurai Express (PT),Exp,SR,,,PUU,17:15,MDU,3:35,10h 20m,36,S M T W T F S,SL 3A,409 km,40 km/hr,16729
12856,NSC Bose Itwari - Bilaspur InterCity Express,SF,SECR,,,NITR,7:00,BSP,14:15,7h 15m,14,S M T W T F S,SL 3A 2A 1A 3E,409 km,56 km/hr,12855
12855,Bilaspur - NSC Bose Itwari InterCity Express,SF,SECR,,,BSP,15:20,NITR,22:35,7h 15m,13,S M T W T F S,SL 3A 2A 1A 3E,409 km,56 km/hr,12856
11701,Mook Mati Express,Exp,WCR,,,R,14:35,JBP,22:45,8h 10m,7,S M T W T F S,2S SL CC 3A 2A,408 km,50 km/hr,11702
11702,Mook Mati Express,Exp,WCR,,,JBP,6:00,R,13:50,7h 50m,7,S M T W T F S,2S SL CC 3A 2A,408 km,52 km/hr,11701
22227,New Jalpaiguri - Guwahati Vande Bharat Express,VB,NFR,,,NJP,6:10,GHY,11:40,5h 30m,8,S M W T F S,CC Ex,407 km,74 km/hr,22228
12366,Ranchi - Patna Jan Shatabdi Express,JShtb,ECR,,,RNC,14:25,PNBE,22:30,8h 5m,11,S M T W T F S,2S CC,407 km,50 km/hr,12365
22622,Kanniyakumari - Rameswaram SF Express (PT),SF,SR,,,CAPE,23:00,RMM,6:15,7h 15m,8,S T T,SL 3A,407 km,56 km/hr,22621
22621,Rameswaram - Kanniyakumari SF Express,SF,SR,,,RMM,20:50,CAPE,4:05,7h 15m,7,M W S,SL 3A,407 km,56 km/hr,22622
22228,Guwahati - New Jalpaiguri Vande Bharat Express,VB,NFR,,,GHY,16:30,NJP,22:00,5h 30m,8,S M W T F S,CC Ex,407 km,74 km/hr,22227
16323,Coimbatore - Mangaluru Central Express (UnReserved),Exp,SR,,,CBE,7:50,MAQ,18:40,10h 50m,45,S M T W T F S,,407 km,38 km/hr,16324
15676,Guwahati - New Jalpaiguri Intercity Express (PT),Exp,NFR,,,GHY,21:15,NJP,6:40,9h 25m,18,S M T W T F S,SL 2A 3E,407 km,43 km/hr,15675
16324,Mangaluru Central - Coimbatore Express (UnReserved),Exp,SR,,,MAQ,9:00,CBE,20:00,11h 0m,45,S M T W T F S,,407 km,37 km/hr,16323
12054,Amritsar - Haridwar Jan Shatabdi Express,JShtb,NR,,,ASR,6:50,HW,13:50,7h 0m,9,S M T W F S,2S CC,407 km,58 km/hr,12053
12053,Haridwar - Amritsar Jan Shatabdi Express,JShtb,NR,,,HW,14:45,ASR,22:45,8h 0m,9,S M T W F S,2S CC,407 km,51 km/hr,12054
15675,New Jalpaiguri - Guwahati Intercity Express (PT),Exp,NFR,,,NJP,23:30,GHY,8:30,9h 0m,18,S M T W T F S,SL 2A 3E,407 km,45 km/hr,15676
22610,Coimbatore - Mangaluru Central Intercity SF Express,SF,SR,,,CBE,6:00,MAQ,13:15,7h 15m,13,S M T W T F S,2S CC,407 km,56 km/hr,22609
22609,Mangaluru Central - Coimbatore Intercity SF Express,SF,SR,,,MAQ,11:05,CBE,18:25,7h 20m,13,S M T W T F S,2S CC,407 km,56 km/hr,22610
15552,Varanasi City - Darbhanga Antyodaya Express,Ant,ECR,,,BCY,9:25,DBG,21:05,11h 40m,8,T,,405 km,35 km/hr,15551
15551,Darbhanga - Varanasi City Antyodaya Express,Ant,ECR,,,DBG,21:00,BCY,6:10,9h 10m,8,W,,405 km,44 km/hr,15552
15666,BG Express (PT),Exp,NFR,,,MXN,6:05,GHY,15:40,9h 35m,17,S M T W T F S,SL 3A 2A,404 km,42 km/hr,15665
15665,BG Express (PT),Exp,NFR,,,GHY,14:30,MXN,0:20,9h 50m,17,S M T W T F S,SL 3A 2A,404 km,41 km/hr,15666
13416,Patna - Malda Town Express,Exp,ER,,,PNBE,22:05,MLDT,7:45,9h 40m,17,M T S,SL 3A 2A,403 km,42 km/hr,13415
13415,Malda Town - Patna Express (PT),Exp,ER,,,MLDT,20:20,PNBE,5:45,9h 25m,17,S W F,SL 3A 2A,403 km,43 km/hr,13416
12050,Gatiman Express,Shtb,NR,,,NZM,8:10,VGLJ,12:35,4h 25m,2,S M T W T S,CC Ex,403 km,91 km/hr,12049
12049,Gatiman Express,Shtb,NR,,,VGLJ,15:00,NZM,19:30,4h 30m,2,S M T W T S,CC Ex,403 km,90 km/hr,12050
22675,Cholan SF Express (PT),SF,SR,,,MS,8:00,TPJ,15:15,7h 15m,18,S M T W T F S,2S SL 3A 2A 1A,401 km,55 km/hr,22676
22676,Cholan SF Express (PT),SF,SR,,,TPJ,12:10,MS,19:25,7h 15m,18,S M T W T F S,2S SL 3A 2A 1A,401 km,55 km/hr,22675
11752,Chirimiri - Rewa Express,Exp,WCR,,,CHRM,19:00,REWA,4:45,9h 45m,21,T T S,SL 3A,399 km,41 km/hr,11751
11751,Rewa - Chirimiri Express,Exp,WCR,,,REWA,19:10,CHRM,4:35,9h 25m,21,M W F,SL 3A,399 km,42 km/hr,11752
12075,Kozhikode - Thiruvananthapuram Central Jan Shatabdi Express (PT),JShtb,SR,,,CLT,13:45,TVC,21:25,7h 40m,10,S M T W T F S,2S CC,399 km,52 km/hr,12076
12076,Thiruvananthapuram Central - Kozhikode Jan Shatabdi Express,JShtb,SR,,,TVC,5:55,CLT,13:00,7h 5m,10,S M T W T F S,2S CC,399 km,56 km/hr,12075
18416,Puri - Barbil Express,Exp,ECoR,,,PURI,6:15,BBN,17:50,11h 35m,28,S M T W T F S,2S CC,398 km,34 km/hr,18415
18415,Barbil - Puri Express,Exp,ECoR,,,BBN,9:30,PURI,20:30,11h 0m,28,S M T W T F S,2S CC,398 km,36 km/hr,18416
12022,Barbil - Howrah Jan Shatabdi Express,JShtb,SER,,,BBN,13:45,HWH,21:00,7h 15m,10,S M T W T F S,2S CC,397 km,55 km/hr,12021
12021,Howrah - Barbil Jan Shatabdi Express,JShtb,SER,,,HWH,6:20,BBN,13:20,7h 0m,9,S M T W T F S,2S CC,397 km,57 km/hr,12022
15064,Chandigarh - Ramnagar Express,Exp,NER,,,CDG,16:00,RMR,23:35,7h 35m,9,M,2S SL CC 3A 2A,396 km,52 km/hr,15063
15063,Ramnagar - Chandigarh Express,Exp,NER,,,RMR,5:50,CDG,13:15,7h 25m,9,M,2S SL CC 3A 2A,396 km,53 km/hr,15064
13319,Dumka - Ranchi Intercity Express,Exp,ECR,,,DUMK,3:30,RNC,12:55,9h 25m,21,S M T W T F S,2S CC,395 km,42 km/hr,13320
13320,Ranchi - Dumka Intercity Express,Exp,ECR,,,RNC,12:55,DUMK,22:55,10h 0m,21,S M T W T F S,2S CC,395 km,39 km/hr,13319
19340,Bhopal - Dahod Intercity Express,Exp,WR,,,BPL,12:35,DHD,23:30,10h 55m,45,S M T W T F S,2S CC,394 km,36 km/hr,19339
19339,Dahod - Bhopal Intercity Express,Exp,WR,,,DHD,5:40,BPL,16:10,10h 30m,45,S M T W T F S,2S CC,394 km,38 km/hr,19340
22649,Yercaud SF Express (PT),SF,SR,,,MAS,23:00,ED,5:50,6h 50m,10,S M T W T F S,SL 3A 2A 1A,394 km,58 km/hr,22650
22650,Yercaud SF Express (PT),SF,SR,,,ED,21:45,MAS,4:25,6h 40m,11,S M T W T F S,SL 3A 2A 1A,394 km,59 km/hr,22649
15284,Janki Express,Exp,ECR,,,JYG,4:30,MHI,15:45,11h 15m,24,S M T W T F S,SL,393 km,35 km/hr,15283
15283,Janki Express (PT),Exp,ECR,,,MHI,22:15,JYG,10:20,12h 5m,24,S M T W T F S,SL,393 km,33 km/hr,15284
12036,Purnagiri Jan Shatabdi Express,JShtb,NER,,,DLI,6:25,TPU,16:10,9h 45m,25,S M T W T F S,2S CC,393 km,40 km/hr,12035
12035,Purnagiri Jan Shatabdi Express,JShtb,NER,,,TPU,11:20,DLI,21:35,10h 15m,25,S M T W T F S,2S CC,393 km,38 km/hr,12036
19701,Sainik Express,Exp,NWR,,,JP,20:45,DEC,5:15,8h 30m,21,S M T W T F S,SL 3A 2A 1A,392 km,46 km/hr,19702
19702,Sainik Express,Exp,NWR,,,DEC,0:07,JP,8:30,8h 23m,20,S M T W T F S,SL 3A 2A 1A,392 km,47 km/hr,19701
18631,Ranchi - Chopan Express (via Lohardaga),Exp,SER,,,RNC,9:50,CPU,17:40,7h 50m,12,S W F,2S SL CC 3A,386 km,49 km/hr,18632
11415,Solapur - Hosapete DEMU Express (UnReserved),Exp,CR,,,SUR,11:20,HPT,21:00,9h 40m,46,S M T W T F S,,386 km,40 km/hr,11416
18632,Chopan - Ranchi Express (via Lohardaga),Exp,SER,,,CPU,8:10,RNC,16:00,7h 50m,12,M T S,2S SL CC 3A,386 km,49 km/hr,18631
15463,Balurghat - Haldibari Intercity Express (UnReserved),Exp,NFR,,,BLGT,12:15,HDB,22:15,10h 0m,23,S M T W T F S,,386 km,39 km/hr,15464
11416,Hosapete - Solapur DEMU Express (UnReserved),Exp,CR,,,HPT,0:15,SUR,9:30,9h 15m,40,S M T W T F S,,386 km,42 km/hr,11415
68434,Gunupur - Cuttack MEMU,MEMU,ECoR,,,GNPR,2:45,CTC,11:20,8h 35m,41,S M T W T F S,,384 km,45 km/hr,68433
26502,Gorakhpur - Patliputra Vande Bharat Express,VB,NER,,,GKP,5:40,PPTA,12:45,7h 5m,8,S M T W T F,CC Ex,384 km,54 km/hr,26501
16349,Thiruvananthapuram North (Kochuveli) - Nilambur Road Rajya Rani Express (PT),Exp,SR,,,TVCN,21:00,NIL,6:05,9h 5m,20,S M T W T F S,SL 3A 2A,384 km,42 km/hr,16350
16350,Nilambur Road - Thiruvananthapuram North (Kochuveli) Rajya Rani Express (PT),Exp,SR,,,NIL,21:30,TVCN,5:35,8h 5m,20,S M T W T F S,SL 3A 2A,384 km,48 km/hr,16349
26501,Patliputra - Gorakhpur Vande Bharat Express,VB,NER,,,PPTA,15:30,GKP,22:30,7h 0m,8,S M T W T F,CC Ex,384 km,55 km/hr,26502
19425,Borivali - Nandurbar Express,Exp,WR,,,BVI,22:50,NDB,9:25,10h 35m,42,S M T W T F S,SL,383 km,36 km/hr,19426
11011,Mumbai CSMT - Dhule Express,Exp,CR,,,CSMT,12:00,DHI,20:25,8h 25m,12,S M T W T F S,2S CC,383 km,45 km/hr,11012
19426,Nandurbar - Borivali Express,Exp,WR,,,NDB,14:00,BVI,0:05,10h 5m,44,S M T W T F S,SL,383 km,38 km/hr,19425
11012,Dhule - Mumbai CSMT Express,Exp,CR,,,DHI,6:30,CSMT,14:15,7h 45m,12,S M T W T F S,2S CC,383 km,49 km/hr,11011
17033,Singareni MEMU Express (UnReserved),Exp,SCR,,,BDCR,6:00,BPQ,15:45,9h 45m,31,S M T W T F S,,382 km,39 km/hr,17034
17239,Simhadri Express,Exp,SCoR,,,GNT,7:55,VSKP,16:40,8h 45m,22,S M T W T F S,2S CC 3A,382 km,44 km/hr,17240
17240,Simhadri Express,Exp,SCoR,,,VSKP,7:10,GNT,15:55,8h 45m,22,S M T W T F S,2S CC 3A,382 km,44 km/hr,17239
18417,Puri - Gunupur Express (PT),Exp,ECoR,,,PURI,12:00,GNPR,20:25,8h 25m,35,S M T W T F S,2S SL CC 3A,381 km,45 km/hr,18418
18418,Gunupur - Puri Express,Exp,ECoR,,,GNPR,5:30,PURI,15:05,9h 35m,35,S M T W T F S,2S SL CC 3A,381 km,40 km/hr,18417
22876,Guntur - Visakhapatnam Uday Express,Udy,SCoR,,,GNT,16:00,VSKP,22:55,6h 55m,8,M T W F S,2S CC,381 km,55 km/hr,22875
22875,Visakhapatnam - Guntur Uday Express,Udy,SCoR,,,VSKP,5:20,GNT,13:00,7h 40m,8,M T W F S,2S CC,381 km,50 km/hr,22876
17202,Golconda Express,Exp,SCoR,,,SC,12:30,GNT,21:35,9h 5m,23,S M T W T F S,2S CC 3E,380 km,42 km/hr,17201
17201,Golconda Express,Exp,SCoR,,,GNT,6:00,SC,14:05,8h 5m,22,S M T W T F S,2S CC 3E,380 km,47 km/hr,17202
12706,Secunderabad - Guntur InterCity Superfast Express,SF,SCR,,,SC,7:45,GNT,14:43,6h 58m,14,S M T W T F S,2S CC 3E,380 km,55 km/hr,12705
12705,Guntur - Secunderabad Intercity Superfast Express,SF,SCR,,,GNT,15:35,SC,22:28,6h 53m,14,S M T W T F S,2S CC 3E,380 km,55 km/hr,12706
22350,Ranchi - Patna Vande Bharat Express,VB,ECR,,,RNC,16:15,PNBE,22:10,5h 55m,6,S M W T F S,CC Ex,379 km,64 km/hr,22349
15616,Silchar - Guwahati Express (PT),Exp,NFR,,,SCL,7:00,GHY,21:05,14h 5m,32,S M T W T F S,SL 3A,379 km,27 km/hr,15615
15615,Guwahati - Silchar Express (PT),Exp,NFR,,,GHY,23:55,SCL,13:50,13h 55m,32,S M T W T F S,SL 3A,379 km,27 km/hr,15616
22349,Patna - Ranchi Vande Bharat Express,VB,ECR,,,PNBE,7:00,RNC,13:05,6h 5m,6,S M W T F S,CC Ex,379 km,62 km/hr,22350
16808,Tiruchchirappalli - Tambaram InterCity Express,Exp,SR,,,TPJ,5:35,TBM,12:30,6h 55m,13,S M T F S,2S CC,377 km,54 km/hr,16807
16807,Tambaram - Tiruchchirappalli InterCity Express,Exp,SR,,,TBM,15:30,TPJ,22:40,7h 10m,13,S M T F S,2S CC,377 km,53 km/hr,16808
18402,Puri - Bangriposi Intercity Express,Exp,ECoR,,,PURI,16:00,BGY,23:15,7h 15m,21,S M T W T F S,2S CC,376 km,52 km/hr,18401
18401,Bangriposi - Puri Intercity Express (PT),Exp,ECoR,,,BGY,4:00,PURI,11:30,7h 30m,21,S M T W T F S,2S CC,376 km,50 km/hr,18402
12195,Agra Fort - Ajmer Intercity SF Express,SF,NCR,,,AF,6:00,AII,12:45,6h 45m,13,S M T W T F S,2S CC 3A 2A,375 km,56 km/hr,12196
12196,Ajmer - Agra Fort Intercity SF Express,SF,NCR,,,AII,14:55,AF,21:40,6h 45m,13,S M T W T F S,2S CC 3A 2A,375 km,56 km/hr,12195
22988,Agra Fort - Ajmer SF Express,SF,NWR,,,AF,14:35,AII,21:20,6h 45m,13,S M T W T F S,2S CC 3A,375 km,56 km/hr,22987
22987,Ajmer - Agra Fort SF Express,SF,NWR,,,AII,5:55,AF,12:40,6h 45m,13,S M T W T F S,2S CC 3A,375 km,56 km/hr,22988
12068,Jorhat Town - Guwahati Jan Shatabdi Express (PT),JShtb,NFR,,,JTTN,14:35,GHY,21:20,6h 45m,11,M T W T F S,2S CC EV,375 km,56 km/hr,12067
12067,Guwahati - Jorhat Town Jan Shatabdi Express (PT),JShtb,NFR,,,GHY,6:20,JTTN,13:05,6h 45m,11,M T W T F S,2S CC EV,375 km,56 km/hr,12068
20641,Bengaluru Cantt. - Coimbatore Vande Bharat Express,VB,SR,,,BNC,14:20,CBE,20:40,6h 20m,5,S M T W F S,CC Ex,374 km,59 km/hr,20642
20642,Coimbatore - Bengaluru Cantt. Vande Bharat Express,VB,SR,,,CBE,7:25,BNC,13:45,6h 20m,5,S M T W F S,CC Ex,374 km,59 km/hr,20641
12066,Delhi Sarai Rohilla - Ajmer Jan Shatabdi Express,JShtb,NWR,,,DEE,16:15,AII,22:20,6h 5m,9,M T W F S,2S CC,374 km,61 km/hr,12065
12065,Ajmer - Delhi Sarai Rohilla Jan Shatabdi Express,JShtb,NWR,,,AII,5:35,DEE,11:45,6h 10m,9,M T W F S,2S CC,374 km,61 km/hr,12066
16221,Kuvempu Express (UnReserved),Exp,SWR,,,TLGP,5:50,MYS,15:30,9h 40m,33,S M T W T F S,,373 km,39 km/hr,16222
16222,Kuvempu Express (UnReserved),Exp,SWR,,,MYS,14:00,TLGP,23:00,9h 0m,33,S M T W T F S,,373 km,41 km/hr,16221
16205,Talaguppa - Mysuru Intercity Express,Exp,SWR,,,TLGP,14:50,MYS,22:30,7h 40m,13,S M T W T F S,2S CC,373 km,49 km/hr,16206
16206,Mysuru - Talguppa Intercity Express,Exp,SWR,,,MYS,6:00,TLGP,13:25,7h 25m,13,S M T W T F S,2S CC,373 km,50 km/hr,16205
17220,Visakhapatnam - Machilipatnam Express (PT),Exp,SCoR,,,VSKP,22:10,MTM,9:10,11h 0m,24,S M T W T F S,SL 3A 2A 1A,372 km,34 km/hr,17219
17219,Machilipatnam - Visakhapatnam Express,Exp,SCoR,,,MTM,21:25,VSKP,8:20,10h 55m,23,S M T W T F S,SL 3A 2A 1A,372 km,34 km/hr,17220
13505,Digha - Asansol Express,Exp,ER,,,DGHA,14:20,ASN,22:30,8h 10m,17,S,2S CC,372 km,46 km/hr,13506
13506,Asansol - Digha Express,Exp,ER,,,ASN,5:40,DGHA,12:50,7h 10m,17,S,2S CC,372 km,52 km/hr,13505
20651,KSR Bengaluru - Talguppa InterCity Express,SF,SWR,,,SBC,15:00,TLGP,21:45,6h 45m,14,S M T W T F S,2S CC,371 km,55 km/hr,20652
20652,Talguppa - KSR Bengaluru InterCity Express,SF,SWR,,,TLGP,5:20,SBC,12:00,6h 40m,14,S M T W T F S,2S CC,371 km,56 km/hr,20651
13332,Patna - Dhanbad InterCity Express,Exp,ECR,,,PNBE,8:30,DHN,17:05,8h 35m,23,S M T W T F S,SL 3A 2A,369 km,43 km/hr,13331
13331,Dhanbad - Patna InterCity Express,Exp,ECR,,,DHN,8:05,PNBE,17:30,9h 25m,23,S M T W T F S,SL 3A 2A,369 km,39 km/hr,13332
14716,Jaipur - Hisar Express,Exp,NWR,,,JP,18:25,HSR,3:30,9h 5m,34,S M T W T F S,SL,368 km,41 km/hr,14715
14715,Hisar - Jaipur Express (UnReserved),Exp,NWR,,,HSR,15:25,JP,1:25,10h 0m,40,S M T W T F S,,368 km,37 km/hr,14716
26406,SMVD Katra - Amritsar Vande Bharat Express,VB,NR,,,SVDK,6:40,ASR,11:40,5h 0m,4,S M T W T F,CC Ex,284 km,57 km/hr,26405
26405,Amritsar - SMVD Katra Vande Bharat Express,VB,NR,,,ASR,16:40,SVDK,21:45,5h 5m,4,S M T W T F,CC Ex,284 km,56 km/hr,26406
18014,Bokaro Steel City - Howrah Express,Exp,SER,,,BKSC,19:25,HWH,5:35,10h 10m,30,S M T W T F S,SL 3A,367 km,36 km/hr,18013
18013,Howrah - Bokaro Steel City Express,Exp,SER,,,HWH,23:30,BKSC,9:05,9h 35m,30,S M T W T F S,SL 3A,367 km,38 km/hr,18014
22164,Khajuraho - Bhopal Mahamana SF Express,SF,WCR,,,KURJ,16:30,BPL,23:05,6h 35m,10,S M T W T F S,2S CC 3A,367 km,56 km/hr,22163
22163,Bhopal - Khajuraho Mahamana SF Express,SF,WCR,,,BPL,6:30,KURJ,12:55,6h 25m,10,S M T W T F S,2S CC 3A,367 km,57 km/hr,22164
12291,Yesvantpur - MGR Chennai Central Weekly SF Express (PT),SF,SWR,,,YPR,22:45,MAS,4:55,6h 10m,6,F,SL 3A 2A 1A,366 km,59 km/hr,12292
12292,MGR Chennai Central - Yesvantpur Weekly SF Express (PT),SF,SWR,,,MAS,23:30,YPR,6:00,6h 30m,5,S,SL 3A 2A 1A,366 km,56 km/hr,12291
16556,Talguppa - Yesvantpur Weekly Express,Exp,SWR,16-May,,TLGP,10:00,YPR,17:15,7h 15m,9,S,SL 3A 2A 1A,365 km,50 km/hr,16555
16555,Yesvantpur - Talguppa Weekly Express,Exp,SWR,15-May,,YPR,22:45,TLGP,5:30,6h 45m,9,F,SL 3A 2A 1A,365 km,54 km/hr,16556
19109,Kota - Deeg MEMU Express (UnReserved),Exp,WR,,,KOTA,15:55,DEEG,2:00,10h 5m,46,S M T W T F S,,365 km,36 km/hr,19110
18021,Kharagpur - Khurda Road Express,Exp,SER,,,KGP,4:40,KUR,13:50,9h 10m,33,S M T W T F S,2S CC,363 km,40 km/hr,18022
15094,Tanakpur - Achhnera Intercity Express,Exp,NER,31-Aug,,TPU,4:05,AH,12:20,8h 15m,15,S M T T F,CC,363 km,44 km/hr,15093
15093,Achhnera - Tanakpur Intercity Express,Exp,NER,31-Aug,,AH,15:30,TPU,23:45,8h 15m,15,S M T T F,CC,363 km,44 km/hr,15094
18022,Khurda Road - Kharagpur Express,Exp,SER,,,KUR,16:30,KGP,0:30,8h 0m,32,S M T W T F S,2S CC,363 km,45 km/hr,18021
12084,Coimbatore - Mayiladuthurai Jan Shatabdi Express,JShtb,SR,,,CBE,7:15,MV,13:45,6h 30m,8,S M W T F S,2S CC,362 km,56 km/hr,12083
12083,Mayiladuturai - Coimbatore Jan Shatabdi Express,JShtb,SR,,,MV,15:05,CBE,21:25,6h 20m,8,S M W T F S,2S CC,362 km,57 km/hr,12084
18636,Sasaram - Ranchi Intercity Express,Exp,SER,,,SSM,3:15,RNC,10:45,7h 30m,14,S T W T F S,CC,361 km,48 km/hr,18635
18635,Ranchi - Sasaram Intercity Express,Exp,SER,,,RNC,17:00,SSM,1:10,8h 10m,14,M T W T F S,CC,361 km,44 km/hr,18636
15304,New Delhi - Kasganj Intercity Express,Exp,NER,,,NDLS,16:35,KSJ,0:10,7h 35m,18,S M T W T F S,2S CC,359 km,47 km/hr,15303
15303,Kasganj - New Delhi Intercity Express,Exp,NER,,,KSJ,2:50,NDLS,10:20,7h 30m,18,S M T W T F S,2S CC,359 km,48 km/hr,15304
12608,Lalbagh SF Express,SF,SWR,,,SBC,6:25,MAS,12:20,5h 55m,11,S M T W T F S,2S CC,359 km,61 km/hr,12607
12607,Lalbagh SF Express,SF,SWR,,,MAS,15:30,SBC,21:55,6h 25m,11,S M T W T F S,2S CC,359 km,56 km/hr,12608
12639,Brindavan SF Express,SF,SR,,,MAS,7:40,SBC,14:00,6h 20m,11,S M T W T F S,2S CC,359 km,57 km/hr,12640
12640,Brindavan SF Express,SF,SR,,,SBC,15:15,MAS,21:15,6h 0m,12,S M T W T F S,2S CC,359 km,60 km/hr,12639
22626,KSR Bengaluru - MGR Chennai Central Double Decker Express,DD,SR,,,SBC,13:30,MAS,19:45,6h 15m,10,S M T W T F S,2S CC,359 km,57 km/hr,22625
22625,MGR Chennai Central - KSR Bengaluru Double Decker Express,DD,SR,,,MAS,7:25,SBC,13:10,5h 45m,10,S M T W T F S,2S CC,359 km,62 km/hr,22626
18511,Koraput - Vishakhapatnam InterCity Express,Exp,SCoR,,,KRPU,7:30,VSKP,14:45,7h 15m,9,T S,2S CC,359 km,50 km/hr,18512
18512,Visakhapatnam - Koraput Intercity Express,Exp,SCoR,,,VSKP,13:45,KRPU,21:00,7h 15m,9,M F,2S CC,359 km,50 km/hr,18511
12027,MGR Chennai Central - KSR Bengaluru Shatabdi Express,Shtb,SWR,,,MAS,17:30,SBC,22:25,4h 55m,3,S M W T F S,CC Ex,359 km,73 km/hr,12028
12028,KSR Bengaluru - MGR Chennai Central Shatabdi Express,Shtb,SWR,,,SBC,6:00,MAS,11:00,5h 0m,3,S M W T F S,CC Ex,359 km,72 km/hr,12027
16540,Mangaluru Jn. - Yesvantpur Weekly Express,Exp,SWR,,,MAJN,7:00,YPR,16:30,9h 30m,12,S,2S SL CC 3E EV,358 km,38 km/hr,16539
16539,Yesvantpur - Mangaluru Jn. Weekly Express,Exp,SWR,,,YPR,7:00,MAJN,16:40,9h 40m,12,S,2S SL CC 3E EV,358 km,37 km/hr,16540
16576,Gomteshwara Express,Exp,SWR,,,MAJN,7:00,YPR,16:30,9h 30m,12,M W F,2S SL CC 3E EV,358 km,38 km/hr,16575
16575,Gomteshwara Express,Exp,SWR,,,YPR,7:00,MAJN,16:40,9h 40m,12,S T T,2S SL CC 3E EV,358 km,37 km/hr,16576
16180,Mannai Express (PT),Exp,SR,,,MQ,22:50,MS,6:20,7h 30m,10,S M T W T F S,SL 3A 2A 1A,357 km,48 km/hr,16179
16179,Mannai Express (PT),Exp,SR,,,MS,22:55,MQ,6:20,7h 25m,9,S M T W T F S,SL 3A 2A 1A,357 km,48 km/hr,16180
12748,Palnadu SF Express,SF,SCoR,,,VKB,15:00,GNT,21:25,6h 25m,13,S M T W T F S,2S CC 3A,353 km,55 km/hr,12747
12747,Palnadu SF Express,SF,SCoR,,,GNT,5:45,VKB,12:20,6h 35m,13,S M T W T F S,2S CC 3A,353 km,54 km/hr,12748
13427,Howrah - Sahibganj Intercity Express,Exp,ER,,,HWH,13:45,SBG,20:35,6h 50m,8,S M T W T F S,2S CC,353 km,52 km/hr,13428
13428,Sahibganj - Howrah Intercity Express,Exp,ER,,,SBG,5:20,HWH,12:10,6h 50m,8,S M T W T F S,2S CC,353 km,52 km/hr,13427
22154,Salem - Chennai Egmore SF Express (PT),SF,CR,,,SA,21:30,MS,3:50,6h 20m,11,S M T W T F S,SL 3A 2A,352 km,56 km/hr,22153
22153,Chennai Egmore - Salem SF Express (PT),SF,CR,,,MS,23:55,SA,6:15,6h 20m,10,S M T W T F S,SL 3A 2A,352 km,56 km/hr,22154
11652,Singrauli - Madan Mahal Intercity Express,Exp,WCR,,,SGRL,4:40,MML,12:05,7h 25m,14,S M T W T F S,2S CC 3A,352 km,48 km/hr,11651
16610,Mangaluru Central - Palakkad Jn. Express (UnReserved),Exp,SR,,,MAQ,5:15,PGT,13:05,7h 50m,37,S M T W T F S,,351 km,45 km/hr,16611
16866,Uzhavan Express (PT),Exp,SR,,,TJ,21:50,MS,4:25,6h 35m,14,S M T W T F S,SL 3A 2A 1A,351 km,53 km/hr,16865
16865,Uzhavan Express (PT),Exp,SR,,,MS,22:25,TJ,5:45,7h 20m,14,S M T W T F S,SL 3A 2A 1A,351 km,48 km/hr,16866
13153,Gour Express (PT),Exp,ER,,,SDAH,22:05,MLDT,6:05,8h 0m,9,S M T W T F S,SL 3A 2A 1A,350 km,44 km/hr,13154
13154,Gour Express (PT),Exp,ER,,,MLDT,21:20,SDAH,4:40,7h 20m,10,S M T W T F S,SL 3A 2A 1A,350 km,48 km/hr,13153
12718,Ratnachal SF Express (PT),SF,SCoR,,,BZA,6:00,VSKP,12:20,6h 20m,11,S M T W T F S,2S CC,350 km,55 km/hr,12717
12717,Ratnachal SF Express,SF,SCoR,,,VSKP,12:55,BZA,19:15,6h 20m,11,S M T W T F S,2S CC,350 km,55 km/hr,12718
13503,Barddhaman - Hatia MEMU Express (UnReserved),Exp,ER,,,BWN,6:30,HTE,17:50,11h 20m,48,S M T W T F S,,349 km,31 km/hr,13504
11651,Madan Mahal - Singrauli Intercity Express,Exp,WCR,,,MML,16:05,SGRL,23:45,7h 40m,14,S M T W T F S,2S CC 3A,352 km,46 km/hr,11652
16175,Chennai Egmore - Velankanni Express (PT),Exp,SR,,,MS,21:00,VLNK,4:30,7h 30m,14,S M T W T F S,SL 3A 2A,348 km,46 km/hr,16176
15638,Khongsang - Agartala Express (PT),Exp,NFR,,,KGBP,14:45,AGTL,22:30,7h 45m,10,M W F,2S CC EV,348 km,45 km/hr,15637
15637,Agartala - Khongsang Express (PT),Exp,NFR,,,AGTL,6:00,KGBP,13:40,7h 40m,10,M W F,2S CC EV,348 km,45 km/hr,15638
16176,Velankanni - Chennai Egmore Express (PT),Exp,SR,,,VLNK,21:50,MS,5:15,7h 25m,12,S M T W T F S,SL 3A 2A,348 km,47 km/hr,16175
12714,Satavahana SF Express,SF,SCoR,,,SC,16:25,BZA,22:20,5h 55m,9,S M T W T F S,2S CC 3E,349 km,59 km/hr,12713
12713,Satavahana SF Express,SF,SCoR,,,BZA,6:25,SC,12:40,6h 15m,9,S M T W T F S,2S CC 3E,349 km,56 km/hr,12714
17625,Delta Express (PT),Exp,SCR,,,KCG,22:20,RAL,6:25,8h 5m,12,S M T W T F S,SL 3A 2A,347 km,43 km/hr,17626
14654,Amritsar - Hisar Express,Exp,NR,,,ASR,18:05,HSR,0:40,6h 35m,15,S M T W T F S,SL,346 km,53 km/hr,14653
14653,Hisar - Amritsar Express,Exp,NR,,,HSR,23:55,ASR,7:40,7h 45m,18,S M T W T F S,SL,346 km,45 km/hr,14654
13504,Hatia - Barddhaman MEMU Express (UnReserved),Exp,ER,,,HTE,8:10,BWN,21:00,12h 50m,48,S M T W T F S,,346 km,27 km/hr,13503
19011,Valsad - Dahod Intercity Express,Exp,WR,,,BL,5:15,DHD,11:05,5h 50m,12,S M T W T F S,2S CC,346 km,59 km/hr,19012
19012,Dahod - Valsad Intercity Express,Exp,WR,,,DHD,11:55,BL,20:05,8h 10m,12,S M T W T F S,2S CC,346 km,42 km/hr,19011
14341,Mussoorie Express,Exp,NR,,,SSB,21:20,DDN,9:05,11h 45m,18,S M T W T F S,SL 3A 2A 1A,345 km,29 km/hr,14342
14342,Mussoorie Express,Exp,NR,,,DDN,21:20,SSB,8:25,11h 5m,18,S M T W T F S,SL 3A 2A 1A,345 km,31 km/hr,14341
15814,Murkongselek - Dekargaon Express (UnReserved),Exp,NFR,,,MZS,15:00,DKGN,0:15,9h 15m,31,S M T W T F S,,345 km,37 km/hr,15813
15813,Dekargaon - Murkongselek Express (UnReserved),Exp,NFR,,,DKGN,4:45,MZS,13:35,8h 50m,31,S M T W T F S,,345 km,39 km/hr,15814
14894,Palanpur - Bhagat Ki Kothi DEMU Express (UnReserved),Exp,NWR,,,PNU,4:30,BGKT,12:40,8h 10m,34,S M T W T F S,,345 km,42 km/hr,14893
14893,Bhagat Ki Kothi - Palanpur DEMU Express (UnReserved),Exp,NWR,,,BGKT,19:00,PNU,4:15,9h 15m,34,S M T W T F S,,345 km,37 km/hr,14894
15070,Aishbagh - Gorakhpur Intercity Express,Exp,NER,,,ASH,16:30,GKP,23:35,7h 5m,13,S M T W T F S,2S CC,344 km,49 km/hr,15069
15069,Gorakhpur - Aishbagh Intercity Express,Exp,NER,,,GKP,3:45,ASH,10:35,6h 50m,13,S M T W T F S,2S CC,344 km,50 km/hr,15070
22223,Mumbai CSMT - Sainagar Shirdi Vande Bharat Express,VB,CR,,,CSMT,6:20,SNSI,11:30,5h 10m,4,S M W T F S,CC Ex,343 km,66 km/hr,22224
12048,North Lakhimpur - Guwahati Jan Shatabdi Express,JShtb,NFR,,,NLP,17:20,GHY,23:45,6h 25m,7,T W,2S EV,343 km,53 km/hr,12047
12047,Guwahati - North Lakhimpur Janshatabdi Express,JShtb,NFR,,,GHY,9:50,NLP,16:15,6h 25m,7,T W,2S EV,343 km,53 km/hr,12048
22224,Sainagar Shirdi - Mumbai CSMT Vande Bharat Express,VB,CR,,,SNSI,17:45,CSMT,22:50,5h 5m,4,S M W T F S,CC Ex,343 km,68 km/hr,22223
13011,Howrah - Malda Town Intercity Express (via Rampurhat) (PT),Exp,ER,,,HWH,15:25,MLDT,23:10,7h 45m,17,S M T W T F S,2S CC,343 km,44 km/hr,13012
13012,Malda Town - Howrah Intercity Express (via Rampurhat) (PT),Exp,ER,,,MLDT,4:30,HWH,11:25,6h 55m,17,S M T W T F S,2S CC,343 km,50 km/hr,13011
18303,Sambalpur - Puri Intercity Express,Exp,ECoR,,,SBP,6:00,PURI,13:30,7h 30m,13,S M T W T F S,2S CC,342 km,46 km/hr,18304
18017,Bhanjpur - Puri Express,Exp,SER,,,VZR,23:10,PURI,5:50,6h 40m,10,T S,2S SL,342 km,51 km/hr,18018
18304,Puri - Sambalpur Intercity Express,Exp,ECoR,,,PURI,15:45,SBP,22:55,7h 10m,13,S M T W T F S,2S CC,342 km,48 km/hr,18303
18018,Puri - Bhanjpur Express,Exp,SER,,,PURI,23:50,VZR,6:50,7h 0m,10,S F,2S SL,342 km,49 km/hr,18017
17645,Secunderabad - Repalle Express,Exp,SCR,,,SC,12:40,RAL,21:10,8h 30m,19,S M T W T F S,SL 3A 2A,341 km,40 km/hr,17646
17646,Repalle - Secunderabad Express,Exp,SCR,,,RAL,7:10,SC,15:55,8h 45m,20,S M T W T F S,SL 3A 2A,341 km,39 km/hr,17645
15044,Kathgodam - Lucknow Jn. Express,Exp,NER,,,KGM,11:15,LJN,19:20,8h 5m,9,M T T F S,SL 3A 2A 3E,341 km,42 km/hr,15043
15043,Lucknow Jn. - Kathgodam Express,Exp,NER,,,LJN,23:25,KGM,8:05,8h 40m,9,S M W T F,SL 3A 2A 3E,341 km,39 km/hr,15044
16307,Alappuzha - Kannur Executive Express,Exp,SR,,,ALLP,15:50,CAN,0:30,8h 40m,25,S M T W T F S,2S CC,340 km,39 km/hr,16308
16308,Kannur - Alappuzha Executive Express,Exp,SR,,,CAN,5:10,ALLP,13:30,8h 20m,26,S M T W T F S,2S CC,340 km,41 km/hr,16307
18035,Kharagpur - Hatia Express (UnReserved),Exp,SER,,,KGP,8:35,HTE,19:30,10h 55m,42,S M T W T F S,,338 km,31 km/hr,18036
22188,Adhartal - Rani Kamalapati Intercity SF Express,SF,WCR,,,ADTL,16:15,RKMP,22:23,6h 8m,10,S M T W T F S,2S CC 3A,338 km,55 km/hr,22187
22187,Rani Kamalapati - Adhartal Intercity SF Express,SF,WCR,,,RKMP,5:15,ADTL,11:00,5h 45m,10,S M T W T F S,2S CC 3A,338 km,59 km/hr,22188
13334,Patna - Dumka Express (PT),Exp,ECR,,,PNBE,6:35,DUMK,13:25,6h 50m,13,S M T W T F S,SL 3A 2A 1A 3E,337 km,49 km/hr,13333
12653,Rock Fort SF Express (PT),SF,SR,,,MS,23:30,TPJ,5:00,5h 30m,11,S M T W T F S,SL 3A 2A 1A,337 km,61 km/hr,12654
13333,Dumka - Patna Express,Exp,ECR,,,DUMK,14:05,PNBE,21:00,6h 55m,13,S M T W T F S,SL 3A 2A 1A 3E,337 km,49 km/hr,13334
12654,Rock Fort SF Express (PT),SF,SR,,,TPJ,22:35,MS,4:10,5h 35m,11,S M T W T F S,SL 3A 2A 1A,337 km,60 km/hr,12653
18050,Badampahar - Shalimar Weekly Express,Exp,SER,,,BMPR,22:00,SHM,6:15,8h 15m,8,S,SL 3A,336 km,41 km/hr,18049
12795,Vijayawada - Lingampalli InterCity Express (PT),SF,SCoR,,,BZA,17:30,LPI,23:35,6h 5m,5,S M T W T F S,2S CC 3E,336 km,55 km/hr,12796
12796,Lingampalli - Vijayawada InterCity Express (PT),SF,SCoR,,,LPI,4:40,BZA,10:35,5h 55m,5,S M T W T F S,2S CC 3E,336 km,57 km/hr,12795
18049,Shalimar - Badampahar Weekly Express,Exp,SER,,,SHM,22:45,BMPR,6:00,7h 15m,8,S,SL 3A,335 km,46 km/hr,18050
18036,Hatia - Kharagpur Express (UnReserved),Exp,SER,,,HTE,8:50,KGP,18:45,9h 55m,42,S M T W T F S,,335 km,34 km/hr,18035
19007,Surat - Bhusaval Express,Exp,WR,,,ST,17:00,BSL,1:25,8h 25m,26,S M T W T F S,SL,335 km,40 km/hr,19008
12091,Doon - Naini Jan Shatabdi Express,JShtb,NER,,,DDN,15:55,KGM,23:40,7h 45m,8,S M T T S,2S CC,335 km,43 km/hr,12092
12092,Naini - Doon Jan Shatabdi Express,JShtb,NER,,,KGM,5:25,DDN,12:40,7h 15m,8,S M T T S,2S CC,335 km,46 km/hr,12091
19008,Bhusaval - Surat Express,Exp,WR,,,BSL,20:15,ST,6:20,10h 5m,26,S M T W T F S,SL,335 km,33 km/hr,19007
19006,Bhusaval - Surat Express,Exp,WR,,,BSL,19:30,ST,5:00,9h 30m,29,S M T W T F S,SL 3A,335 km,35 km/hr,19005
19005,Surat - Bhusaval Express,Exp,WR,,,ST,23:10,BSL,8:00,8h 50m,29,S M T W T F S,SL 3A,335 km,38 km/hr,19006
14119,Kathgodam - Dehradun Express (PT),Exp,NCR,,,KGM,19:55,DDN,4:40,8h 45m,9,S M T W T F S,SL 3A 2A 1A,335 km,38 km/hr,14120
16615,Chemmozhi Express (PT),Exp,SR,,,MQ,20:25,CBE,4:45,8h 20m,8,S M T W T F S,SL 3A 2A 1A,335 km,40 km/hr,16616
16616,Chemmozhi Express (PT),Exp,SR,,,CBE,0:30,MQ,7:40,7h 10m,7,S M T W T F S,SL 3A 2A 1A,335 km,47 km/hr,16615
14120,Dehradun - Kathgodam Express,Exp,NCR,,,DDN,23:30,KGM,7:20,7h 50m,9,S M T W T F S,SL 3A 2A 1A,335 km,43 km/hr,14119
12132,Sainagar Shirdi - Dadar SF Express (via Manmad),SF,CR,,,SNSI,22:20,DR,4:30,6h 10m,5,S T T,SL 3A 2A,334 km,54 km/hr,12131
12131,Dadar - Sainagar Shirdi SF Express (via Manmad),SF,CR,,,DR,21:45,SNSI,3:45,6h 0m,6,M W S,SL 3A 2A,334 km,56 km/hr,12132
22147,Dadar Central - Sainagar Shirdi SF Express (via Manmad),SF,CR,,,DR,21:45,SNSI,3:45,6h 0m,5,F,SL 3A 2A,334 km,56 km/hr,22148
22148,Sainagar Shirdi - Dadar Central SF Express (via Manmad),SF,CR,,,SNSI,7:20,DR,13:25,6h 5m,5,S,SL 3A 2A,334 km,55 km/hr,22147
17228,Guntur - Dhone Express (UnReserved),Exp,SCoR,,,GNT,13:00,DHNE,20:45,7h 45m,17,S M T W T F S,,333 km,43 km/hr,17227
17227,Dhone - Guntur Express (UnReserved),Exp,SCoR,,,DHNE,6:30,GNT,14:00,7h 30m,18,S M T W T F S,,333 km,44 km/hr,17228
13431,Nabadwip Dham - Balurghat Express,Exp,ER,,,NDAE,5:20,BLGT,11:55,6h 35m,13,S T W F S,2S,333 km,51 km/hr,13432
13432,Balurghat - Nabadwip Dham Express,Exp,ER,,,BLGT,14:30,NDAE,21:15,6h 45m,13,S T W F S,2S,333 km,49 km/hr,13431
13212,Danapur - Jogbani Intercity Express,Exp,ECR,,,DNR,6:05,JBN,16:30,10h 25m,16,S M T W T F S,SL 3A 2A,332 km,32 km/hr,13211
11419,Pune - SCSMT Kolhapur Express,Exp,CR,20-Oct,,PUNE,21:40,KOP,5:08,7h 28m,20,S M T W T F S,SL 3A 2A,326 km,44 km/hr,11420
14332,Kalka - Delhi Express (via Saharanpur) (UnReserved),Exp,NR,,,KLK,7:40,DLI,15:40,8h 0m,28,S M T W T F S,,332 km,42 km/hr,14331
12087,Naharlagun - Guwahati Shatabdi Express,Shtb,NFR,,,NHLN,6:35,GHY,12:40,6h 5m,8,M T F,CC EV,332 km,55 km/hr,12088
14732,Kisan Express,Exp,NWR,,,BTI,5:00,DLI,12:25,7h 25m,18,S M T W T F S,2S SL CC 3E,332 km,45 km/hr,14731
14731,Kisan Express,Exp,NWR,,,DLI,14:00,BTI,21:15,7h 15m,18,S M T W T F S,2S SL CC 3E,332 km,46 km/hr,14732
13212,Danapur - Jogbani Intercity Express,Exp,ECR,,,DNR,6:05,JBN,16:30,10h 25m,16,S M T W T F S,SL 3A 2A,332 km,32 km/hr,13211
13211,Jogbani - Danapur Intercity Express,Exp,ECR,,,JBN,4:45,DNR,15:45,11h 0m,16,S M T W T F S,SL 3A 2A,332 km,30 km/hr,13212
13465,Howrah - Malda Town Intercity Express (via Azimganj) (PT),Exp,ER,,,HWH,14:00,MLDT,20:35,6h 35m,14,S M T W T F S,2S 3A,332 km,50 km/hr,13466
13466,Malda Town - Howrah Intercity Express (via Azimganj),Exp,ER,,,MLDT,6:05,HWH,12:40,6h 35m,14,S M T W T F S,2S 3A,332 km,50 km/hr,13465
15081,Gorakhpur - Gomti Nagar InterCity Express,Exp,NER,,,GKP,12:35,GTNR,20:45,8h 10m,16,S M T W T F S,2S CC,331 km,40 km/hr,15082
19106,Bhusaval - Udhna MEMU Express (UnReserved),Exp,WR,,,BSL,22:15,UDN,7:15,9h 0m,34,S M T W T F S,,331 km,37 km/hr,19105
19105,Udhna - Bhusaval MEMU Express (UnReserved),Exp,WR,,,UDN,12:45,BSL,21:50,9h 5m,34,S M T W T F S,,331 km,36 km/hr,19106
15082,Gomti Nagar - Gorakhpur InterCity Express,Exp,NER,,,GTNR,6:10,GKP,14:10,8h 0m,16,S M T W T F S,2S CC,331 km,41 km/hr,15081
17034,Singareni MEMU Express (UnReserved),Exp,SCR,,,SRUR,12:30,BDCR,20:20,7h 50m,28,S M T W T F S,,330 km,42 km/hr,17033
12746,Manuguru - Secunderabad SF Express,SF,SCR,,,MUGR,21:45,SC,3:52,6h 7m,9,S M T W T F S,SL 3A 2A,330 km,54 km/hr,12745
12745,Secunderabad - Manuguru SF Express,SF,SCR,,,SC,23:45,MUGR,5:52,6h 7m,9,S M T W T F S,SL 3A 2A,330 km,54 km/hr,12746
18085,Kharagpur - Ranchi MEMU Express (UnReserved),Exp,SER,,,KGP,4:30,RNC,12:40,8h 10m,28,S M T W T F S,,328 km,40 km/hr,18086
18086,Ranchi - Kharagpur MEMU Express (UnReserved),Exp,SER,,,RNC,15:40,KGP,23:45,8h 5m,28,S M T W T F S,,328 km,41 km/hr,18085
14735,Shri Ganganagar - Ambala Cantt Express (UnReserved),Exp,NWR,,,SGNR,11:20,UMB,19:30,8h 10m,41,S M T W T F S,,328 km,40 km/hr,14736
14736,Ambala Cantt - Shri Ganganagar Express (UnReserved),Exp,NWR,,,UMB,6:25,SGNR,14:20,7h 55m,23,S M T W T F S,,328 km,41 km/hr,14735
14525,Ambala Cantt - Shri Ganganagar Intercity Express,Exp,NR,,,UMB,5:05,SGNR,11:05,6h 0m,13,S M T W T F S,2S CC,328 km,55 km/hr,14526
14526,Shri Ganganagar - Ambala Cantt. Intercity Express,Exp,NR,,,SGNR,13:35,UMB,21:10,7h 35m,13,S M T W T F S,2S CC,328 km,43 km/hr,14525
12061,Rani Kamalapati - Madan Mahal Jan Shatabdi Express,JShtb,WCR,,,RKMP,17:40,MML,22:45,5h 5m,7,S M T W T F S,2S CC EV,327 km,64 km/hr,12062
12062,Madan Mahal - Rani Kamalapati Jan Shatabdi Express,JShtb,WCR,,,MML,5:40,RKMP,11:15,5h 35m,7,S M T W T F S,2S CC EV,327 km,59 km/hr,12061
20673,SCSMT Kolhapur - Pune Vande Bharat Express,VB,SWR,,,KOP,8:15,PUNE,13:30,5h 15m,5,M T S,CC Ex,326 km,62 km/hr,20674
12180,Agra Fort - Lucknow Jn. InterCity SF Express,SF,NCR,,,AF,6:31,LJN,12:25,5h 54m,12,S M T W T F S,2S CC 3A,326 km,55 km/hr,12179
12179,Lucknow Jn. - Agra Fort InterCity SF Express,SF,NCR,,,LJN,15:55,AF,21:49,5h 54m,12,S M T W T F S,2S CC 3A,326 km,55 km/hr,12180
11420,SCSMT Kolhapur - Pune Express,Exp,CR,20-Oct,,KOP,21:50,PUNE,5:10,7h 20m,20,S M T W T F S,SL 3A 2A,326 km,44 km/hr,11419
11425,Pune - SCSMT Kolhapur DEMU Express (UnReserved),Exp,CR,,,PUNE,10:50,KOP,19:25,8h 35m,23,S M T W T F S,,326 km,38 km/hr,11426
11426,SCSMT Kolhapur - Pune DEMU Express (UnReserved),Exp,CR,,,KOP,5:10,PUNE,13:00,7h 50m,23,S M T W T F S,,326 km,42 km/hr,11425
20674,Pune - SCSMT Kolhapur Vande Bharat Express,VB,SWR,,,PUNE,14:15,KOP,19:40,5h 25m,5,S W F,CC Ex,326 km,60 km/hr,20673
22617,Tirupati - SMVT Bengaluru Intercity SF Express,SF,SR,,,TPTY,14:55,SMVB,20:55,6h 0m,7,S T F,2S CC,325 km,54 km/hr,22618
22618,SMVT Bengaluru - Tirupati Intercity SF Express,SF,SR,,,SMVB,7:40,TPTY,13:25,5h 45m,7,M W S,2S CC,325 km,57 km/hr,22617
13229,Godda - Rajendra Nagar Terminal Weekly Express,Exp,ECR,,,GODA,7:15,RJPB,15:55,8h 40m,13,S,2S SL 3A 2A 1A 3E,325 km,37 km/hr,13230
13230,Rajendra Nagar Terminal - Godda Weekly Express,Exp,ECR,,,RJPB,22:15,GODA,6:20,8h 5m,13,F,SL 3A 2A 1A 3E,325 km,40 km/hr,13229
16302,Venad Express,Exp,SR,,,TVC,5:20,SRR,12:35,7h 15m,26,S M T W T F S,2S CC,325 km,45 km/hr,16301
16301,Venad Express,Exp,SR,,,SRR,14:35,TVC,22:00,7h 25m,26,S M T W T F S,2S CC,325 km,44 km/hr,16302
22441,Chitrakutdham Karwi - Kanpur Central InterCity Express (Via Prayagraj) (UnReserved),SF,NCR,,,CKTD,15:55,CNB,21:50,5h 55m,10,S M T W T F S,,325 km,55 km/hr,22442
22442,Kanpur Central - Chitrakutdham Karwi InterCity Express (Via Prayagraj) (UnReserved),SF,NCR,,,CNB,6:45,CKTD,12:40,5h 55m,10,S M T W T F S,,325 km,55 km/hr,22441
22330,Asansol - Haldia SF Express,SF,ER,,,ASN,5:40,HLZ,11:35,5h 55m,16,M T W T F S,2S CC,324 km,55 km/hr,22329
14226,Lucknow - Varanasi Intercity Express (via Ayodhya Cantt.) (UnReserved),Exp,NR,28-May,,LKO,16:20,BSB,22:20,6h 0m,11,S M T W T F S,,324 km,54 km/hr,14225
14225,Varanasi - Lucknow Intercity Express (via Ayodhya Cantt.) (UnReserved),Exp,NR,28-May,,BSB,6:20,LKO,12:20,6h 0m,11,S M T W T F S,,324 km,54 km/hr,14226
22329,Haldia - Asansol SF Express,SF,ER,,,HLZ,14:30,ASN,20:20,5h 50m,16,M T W T F S,2S CC,324 km,55 km/hr,22330
12827,Howrah - Purulia SF Express,SF,SER,,,HWH,16:50,PRR,22:40,5h 50m,12,S M T W T F S,2S CC 3A 3E,323 km,55 km/hr,12828
12828,Purulia - Howrah SF Express,SF,SER,,,PRR,5:30,HWH,11:22,5h 52m,13,S M T W T F S,2S CC 3A 3E,323 km,55 km/hr,12827
12884,Rupasi Bangla Express,SF,SER,,,PRR,15:25,HWH,21:15,5h 50m,11,S M T W T F S,2S CC 3A,323 km,55 km/hr,12883
15464,Haldibari - Balurghat Intercity Express (UnReserved),Exp,NFR,,,HDB,5:45,BLGT,15:15,9h 30m,23,S M T W T F S,,386 km,41 km/hr,15463
18302,Rayagada - Sambalpur Intercity Express,Exp,ECoR,,,RGDA,13:20,SBP,19:45,6h 25m,19,S M T W T F S,2S SL CC,322 km,50 km/hr,18301
18301,Sambalpur - Rayagada Intercity Express,Exp,ECoR,,,SBP,6:05,RGDA,12:40,6h 35m,19,S M T W T F S,2S SL CC,322 km,49 km/hr,18302
11430,Harangul - Hadapsar Express,Exp,CR,15-Aug,,HGL,15:00,HDP,20:45,5h 45m,10,S M T W T F S,SL 3A 2A,321 km,56 km/hr,11429
11429,Hadapsar - Harangul Express,Exp,CR,15-Aug,,HDP,6:20,HGL,13:00,6h 40m,10,S M T W T F S,SL 3A 2A,321 km,48 km/hr,11430
14703,Jaisalmer - Lalgarh Express (UnReserved),Exp,NWR,,,JSM,11:00,LGH,17:00,6h 0m,12,S M T W T F S,,321 km,54 km/hr,14704
14704,Lalgarh - Jaisalmer Express (UnReserved),Exp,NWR,,,LGH,7:40,JSM,13:40,6h 0m,12,S M T W T F S,,321 km,54 km/hr,14703
20645,Madgaon - Mangaluru Central Vande Bharat Express,VB,SR,,,MAO,17:35,MAQ,22:45,5h 10m,2,S M T W F S,CC Ex,319 km,62 km/hr,20646
20646,Mangaluru Central - Madgaon Vande Bharat Express,VB,SR,,,MAQ,8:30,MAO,14:10,5h 40m,2,S M T W F S,CC Ex,319 km,56 km/hr,20645
10108,Mangaluru Central - Madgaon MEMU Express (UnReserved),Exp,KR,,,MAQ,15:30,MAO,23:15,7h 45m,22,M T W T F S,,319 km,41 km/hr,10107
10107,Madgaon - Mangaluru Central MEMU Express (UnReserved),Exp,KR,,,MAO,4:40,MAQ,12:30,7h 50m,22,M T W T F S,,319 km,41 km/hr,10108
15515,Narkatiaganj - Danapur MEMU Express (UnReserved),Exp,ECR,,,NKE,3:25,DNR,12:50,9h 25m,26,S M T W T F S,,316 km,34 km/hr,15516
15516,Danapur - Narkatiaganj MEMU Express (UnReserved),Exp,ECR,,,DNR,14:30,NKE,0:45,10h 15m,26,S M T W T F S,,316 km,31 km/hr,15515
12883,Rupasi Bangla Express,SF,SER,,,SRC,6:30,PRR,12:05,5h 35m,10,S M T W T F S,2S CC 3A,315 km,56 km/hr,12884
14214,Bahraich - Varanasi Intercity Express,Exp,NR,,,BRK,5:10,BSB,13:35,8h 25m,13,S M T W T F S,CC 3A,315 km,37 km/hr,14213
14213,Varanasi - Bahraich Intercity Express,Exp,NR,,,BSB,14:00,BRK,21:50,7h 50m,13,S M T W T F S,CC 3A,315 km,40 km/hr,14214
15724,Siliguri Town - Jogbani Intercity Express,Exp,NFR,,,SGUT,19:00,JBN,2:45,7h 45m,12,M T T F S,2S CC,314 km,41 km/hr,15723
11122,Wardha - Bhusaval MEMU Express (UnReserved),Exp,CR,,,WR,0:05,BSL,7:45,7h 40m,26,S M T W T F S,,314 km,41 km/hr,11121
11121,Bhusaval - Wardha MEMU Express (UnReserved),Exp,CR,,,BSL,14:25,WR,21:15,6h 50m,26,S M T W T F S,,314 km,46 km/hr,11122
15723,Jogbani - Siliguri Town Intercity Express,Exp,NFR,,,JBN,5:00,SGUT,13:05,8h 5m,12,M T T F S,2S CC,314 km,39 km/hr,15724
12017,New Delhi - Dehradun Shatabdi Express,Shtb,NR,,,NDLS,6:45,DDN,12:55,6h 10m,6,S M T W T F S,CC Ex,314 km,51 km/hr,12018
12018,Dehradun - New Delhi Shatabdi Express,Shtb,NR,,,DDN,16:55,NDLS,22:50,5h 55m,6,S M T W T F S,CC Ex,314 km,53 km/hr,12017
15502,Jogbani - Raxaul Express,Exp,ECR,,,JBN,23:45,RXL,11:20,11h 35m,14,M T,SL 3A,313 km,27 km/hr,15501
15501,Raxaul - Jogbani Express,Exp,ECR,,,RXL,12:40,JBN,22:30,9h 50m,14,M T,SL 3A,313 km,32 km/hr,15502
15308,Haryana Express,Exp,NER,,,SSA,2:50,TKJ,10:25,7h 35m,21,S M T W T F S,CC,311 km,41 km/hr,15307
15307,Haryana Express,Exp,NER,,,TKJ,17:35,SSA,1:20,7h 45m,21,S M T W T F S,CC,311 km,40 km/hr,15308
12885,Aranyak Express,SF,SER,,,SHM,7:45,BJE,13:20,5h 35m,12,M T W T F S,2S CC,311 km,56 km/hr,12886
12886,Aranyak Express,SF,SER,,,BJE,14:00,SHM,19:40,5h 40m,12,M T W T F S,2S CC,311 km,55 km/hr,12885
22977,Jaipur - Jodhpur Intercity SF Express,SF,NWR,,,JP,6:00,JU,11:10,5h 10m,11,S M T W T F S,2S CC 3A 2A 1A,310 km,60 km/hr,22978
22978,Jodhpur - Jaipur Intercity SF Express,SF,NWR,,,JU,16:00,JP,21:15,5h 15m,11,S M T W T F S,2S CC 3A 2A 1A,310 km,59 km/hr,22977
13205,Purnia Court - Patliputra Janhit Express,Exp,ECR,,,PRNC,20:25,PPTA,4:50,8h 25m,14,S T W T S,SL 3A 2A 3E,309 km,37 km/hr,13206
13206,Patliputra - Purnia Court Janhit Express,Exp,ECR,,,PPTA,9:20,PRNC,18:00,8h 40m,14,S T W T S,SL 3A 2A 3E,309 km,36 km/hr,13205
11119,Igatpuri - Bhusaval MEMU Express (UnReserved),Exp,CR,,,IGP,9:55,BSL,17:10,7h 15m,27,S M T W T F S,,308 km,42 km/hr,11120
11120,Bhusaval - Igatpuri MEMU Express (UnReserved),Exp,CR,,,BSL,7:00,IGP,15:10,8h 10m,27,S M T W T F S,,308 km,38 km/hr,11119
14897,Bikaner - Hisar DEMU Express (UnReserved),Exp,NWR,,,BKN,18:00,HSR,0:35,6h 35m,26,S M T W T F S,,308 km,47 km/hr,14898
14898,Hisar - Bikaner DEMU Express (UnReserved),Exp,NWR,,,HSR,2:45,BKN,9:20,6h 35m,27,S M T W T F S,,308 km,47 km/hr,14897
19606,Udaipur City - Madar Jn (Ajmer) Express (UnReserved),Exp,NWR,,,UDZ,11:20,MDJN,19:15,7h 55m,37,S M T W T F S,,307 km,39 km/hr,19605
11116,Itarsi - Bhusaval MEMU Express (UnReserved),Exp,CR,,,ET,20:30,BSL,4:20,7h 50m,27,S M T W T F S,,307 km,39 km/hr,11115
19605,Madar Jn (Ajmer) - Udaipur City Express (UnReserved),Exp,NWR,,,MDJN,6:50,UDZ,16:35,9h 45m,37,S M T W T F S,,307 km,31 km/hr,19606
11115,Bhusaval - Itarsi MEMU Express (UnReserved),Exp,CR,,,BSL,20:40,ET,5:50,9h 10m,27,S M T W T F S,,307 km,33 km/hr,11116
17011,Hyderabad - Sirpur Kaghaznagar Intercity Express (PT),Exp,SCR,,,HYB,4:35,SKZR,11:20,6h 45m,20,S M T W T F S,2S CC,306 km,45 km/hr,17012
12056,Dehradun - New Delhi Jan Shatabdi Express,JShtb,NR,,,DDN,5:00,NDLS,11:05,6h 5m,8,S M T W T F S,2S CC,305 km,50 km/hr,12055
12055,New Delhi - Dehradun Jan Shatabdi Express,JShtb,NR,,,NDLS,15:20,DDN,21:05,5h 45m,7,S M T W T F S,2S CC,305 km,53 km/hr,12056
13236,Danapur - Sahibganj InterCity Express,Exp,ECR,,,DNR,5:15,SBG,13:45,8h 30m,29,M T W T F S,CC 3A,305 km,36 km/hr,13235
13235,Sahibganj - Danapur InterCity Express (PT),Exp,ECR,,,SBG,15:20,DNR,0:30,9h 10m,29,M T W T F S,CC 3A,305 km,33 km/hr,13236
16213,Arsikere - SSS Hubballi MEMU Express (UnReserved),Exp,SWR,,,ASK,5:45,UBL,12:35,6h 50m,34,S M T W T F S,,304 km,44 km/hr,16214
16214,SSS Hubballi - Arsikere MEMU Express (UnReserved),Exp,SWR,,,UBL,15:00,ASK,21:55,6h 55m,34,S M T W T F S,,304 km,44 km/hr,16213
12986,Delhi Sarai Rohilla - Jaipur AC Double Decker Express,DD,NWR,,,DEE,17:25,JP,22:00,4h 35m,5,S M T W T F S,CC Ex,304 km,66 km/hr,12985
12985,Jaipur - Delhi Sarai Rohilla AC Double Decker Express,DD,NWR,,,JP,5:45,DEE,10:25,4h 40m,5,S M T W T F S,CC Ex,304 km,65 km/hr,12986
11604,Bina - Kota MEMU Express (UnReserved),Exp,WCR,,,BINA,11:00,KOTA,18:50,7h 50m,37,S M T W T F S,,303 km,39 km/hr,11603
11603,Kota - Bina MEMU Express (UnReserved),Exp,WCR,,,KOTA,8:35,BINA,16:50,8h 15m,37,S M T W T F S,,303 km,37 km/hr,11604
16341,Guruvayur - Thiruvananthapuram Central InterCity Express,Exp,SR,,,GUV,3:25,TVC,9:40,6h 15m,20,S M T W T F S,2S CC,303 km,49 km/hr,16342
16342,Thiruvananthapuram Central - Guruvayur InterCity Express,Exp,SR,,,TVC,17:30,GUV,0:20,6h 50m,20,S M T W T F S,2S CC,303 km,44 km/hr,16341
22457,Anand Vihar Terminal - Dehradun Vande Bharat Express,VB,NR,,,ANVT,17:50,DDN,22:35,4h 45m,6,S M T W F S,CC Ex,302 km,64 km/hr,22458
22458,Dehradun - Anand Vihar Terminal Vande Bharat Express,VB,NR,,,DDN,7:00,ANVT,11:45,4h 45m,6,S M T W F S,CC Ex,302 km,64 km/hr,22457
16843,Tiruchchirappalli - Palakkad Town Express (UnReserved),Exp,SR,,,TPJ,13:00,PGTN,20:15,7h 15m,25,S M T W T F S,,302 km,42 km/hr,16844
16844,Palakkad Town - Tiruchchirappalli Express (UnReserved),Exp,SR,,,PGTN,6:30,TPJ,14:05,7h 35m,23,S M T W T F S,,302 km,40 km/hr,16843
19328,Udaipur City - Ratlam Express (UnReserved),Exp,WCR,,,UDZ,1:35,RTM,7:50,6h 15m,14,S M T W T F S,,302 km,48 km/hr,19327
19327,Ratlam - Udaipur City Express (UnReserved),Exp,WCR,,,RTM,17:10,UDZ,23:35,6h 25m,14,S M T W T F S,,302 km,47 km/hr,19328
15107,Banaras - Lucknow InterCity Express,Exp,NER,,,BNRS,4:55,LKO,11:05,6h 10m,10,M T W T F S,2S CC,302 km,49 km/hr,15108
15108,Lucknow - Banaras InterCity Express,Exp,NER,,,LKO,13:10,BNRS,20:15,7h 5m,10,M T W T F S,2S CC,302 km,43 km/hr,15107
13306,Sasaram - Dhanbad Intercity Express,Exp,ECR,,,SSM,15:30,DHN,22:30,7h 0m,28,S M T W T F S,CC,302 km,43 km/hr,13305
13305,Dhanbad - Sasaram Intercity Express,Exp,ECR,,,DHN,5:30,SSM,12:50,7h 20m,31,S M T W T F S,CC,302 km,41 km/hr,13306
24203,Varanasi - Lucknow Intercity SF Express (via Pratapgarh),SF,NR,,,BSB,17:50,LKO,22:50,5h 0m,13,S M T W T F S,CC 3A,301 km,60 km/hr,24204
24204,Lucknow - Varanasi Intercity SF Express (via Pratapgarh),SF,NR,,,LKO,6:35,BSB,11:55,5h 20m,13,S M T W T F S,CC 3A,301 km,56 km/hr,24203
19405,Palanpur - Gandhidham Express,Exp,WR,,,PNU,13:45,GIMB,20:40,6h 55m,31,S M T W T F S,SL,301 km,43 km/hr,19406
19406,Gandhidham - Palanpur Express,Exp,WR,,,GIMB,5:35,PNU,12:15,6h 40m,31,S M T W T F S,SL,301 km,45 km/hr,19405
15079,Patliputra - Gorakhpur InterCity Express,Exp,NER,,,PPTA,15:15,GKP,23:55,8h 40m,29,S M T W T F S,2S CC,300 km,35 km/hr,15080
15080,Gorakhpur - Patliputra InterCity Express,Exp,NER,,,GKP,3:30,PPTA,12:55,9h 25m,29,S M T W T F S,2S CC,300 km,32 km/hr,15079
20409,Delhi Cantt. - Bathinda SF Express,SF,NWR,,,DEC,7:40,BTI,12:30,4h 50m,7,S M T W T F S,SL 3A 2A 1A,299 km,62 km/hr,20410
19034,Gujarat Queen,Exp,WR,,,ADI,18:10,BL,0:50,6h 40m,24,S M T W T F S,2S CC,299 km,45 km/hr,19033
19033,Gujarat Queen,Exp,WR,,,BL,4:05,ADI,10:35,6h 30m,24,S M T W T F S,2S CC,299 km,46 km/hr,19034
20410,Bathinda - Delhi Cantt. SF Express,SF,NWR,,,BTI,15:55,DEC,20:45,4h 50m,7,S M T W T F S,SL 3A 2A 1A,299 km,62 km/hr,20409
14795,Ekta Express,Exp,NWR,,,BNW,4:20,KLK,11:00,6h 40m,13,S M T W T F S,SL,299 km,45 km/hr,14796
14796,Ekta Express,Exp,NWR,,,KLK,16:55,BNW,23:25,6h 30m,14,S M T W T F S,SL,299 km,46 km/hr,14795
17233,Bhagyanagar Express,Exp,SCoR,,,SC,15:35,SKZR,22:30,6h 55m,26,S M T W T F S,2S CC 3E,297 km,43 km/hr,17234
15509,Lalitgram - Patna Rajya Rani Express,Exp,ECR,,,LLP,4:45,PNBE,11:30,6h 45m,13,S T W T S,CC 3E,297 km,44 km/hr,15510
15510,Patna - Lalitgram Rajya Rani Express,Exp,ECR,,,PNBE,12:20,LLP,19:00,6h 40m,13,M T W F S,CC 3E,297 km,45 km/hr,15509
12758,Kaghaznagar SF Express,SF,SCR,,,SKZR,14:50,SC,20:18,5h 28m,14,S M T W T F S,2S CC 3E,297 km,54 km/hr,12757
12757,Kaghaznagar SF Express,SF,SCR,,,SC,8:10,SKZR,13:37,5h 27m,14,S M T W T F S,2S CC 3E,297 km,54 km/hr,12758
17234,Bhagyanagar Express,Exp,SCoR,,,SKZR,3:35,SC,10:55,7h 20m,26,S M T W T F S,2S CC 3E,297 km,40 km/hr,17233
15310,Ramnagar - Dehradun Intercity Express,Exp,NER,5-Aug,,RMR,5:50,DDN,12:40,6h 50m,6,W F,2S SL CC 3A 2A,296 km,43 km/hr,15309
15309,Dehradun - Ramnagar Intercity Express,Exp,NER,5-Aug,,DDN,15:55,RMR,23:30,7h 35m,6,W F,2S SL CC 3A 2A,296 km,39 km/hr,15310
26964,Asarva (Ahmedabad) - Udaipur City Vande Bharat Express,VB,NWR,,,ASV,17:45,UDZ,22:00,4h 15m,4,S M W T F S,CC Ex,296 km,70 km/hr,26963
26963,Udaipur City - Asarva (Ahmedabad) Vande Bharat Express,VB,NWR,,,UDZ,6:10,ASV,10:25,4h 15m,4,S M W T F S,CC Ex,296 km,70 km/hr,26964
20988,Asarva (Ahmedabad) - Udaipur City Intercity SF Express,SF,NWR,,,ASV,6:50,UDZ,12:20,5h 30m,14,S M T W T F S,2S SL CC 3A,296 km,54 km/hr,20987
20987,Udaipur City - Asarva (Ahmedabad) Intercity SF Express,SF,NWR,,,UDZ,16:05,ASV,21:30,5h 25m,14,S M T W T F S,2S SL CC 3A,296 km,55 km/hr,20988
16208,Mysuru - Yesvantpur Express (Via Hassan) (UnReserved),Exp,SWR,,,MYS,7:15,YPR,15:00,7h 45m,30,S M T W T F S,,295 km,38 km/hr,16207
16207,Yesvantpur - Mysuru Express (via Hassan) (UnReserved),Exp,SWR,,,YPR,12:15,MYS,20:10,7h 55m,30,S M T W T F S,,295 km,37 km/hr,16208
18019,Jhargram - Dhanbad MEMU Express (UnReserved),Exp,SER,,,JGM,5:25,DHN,13:45,8h 20m,45,S M T W T F,,295 km,35 km/hr,18020
18020,Dhanbad - Jhargram MEMU Express (UnReserved),Exp,SER,,,DHN,14:15,JGM,22:15,8h 0m,45,S M T W T F,,295 km,37 km/hr,18019
18044,Bagha Jatin Express (UnReserved),Exp,SER,,,BHC,4:45,HWH,12:30,7h 45m,38,S M T W T F S,,294 km,38 km/hr,18043
18043,Bagha Jatin Express (UnReserved),Exp,SER,,,HWH,15:25,BHC,23:20,7h 55m,38,S M T W T F S,,294 km,37 km/hr,18044
12744,Vikramasimhapuri Amaravati Intercity Express,SF,SCoR,,,BZA,18:00,GDR,22:45,4h 45m,7,S M T W T F S,2S CC 3E,294 km,62 km/hr,12743
12743,Vikramasimhapuri Amaravati Intercity Express,SF,SCoR,,,GDR,6:00,BZA,10:45,4h 45m,7,S M T W T F S,2S CC 3E,294 km,62 km/hr,12744
17260,Vijayawada - Gudur MEMU Express (UnReserved),Exp,SCoR,,,BZA,5:10,GDR,13:25,8h 15m,38,S M T W T F S,,294 km,36 km/hr,17259
11109,Virangana Lakshmibai Jhansi - Lucknow Jn. Intercity Express,Exp,NCR,,,VGLJ,6:05,LJN,12:00,5h 55m,9,S M T W T F S,2S CC 3A 2A,292 km,49 km/hr,11110
11110,Lucknow Jn. - Virangana Lakshmibai Jhansi InterCity Express,Exp,NCR,,,LJN,16:40,VGLJ,22:35,5h 55m,9,S M T W T F S,2S CC 3A 2A,292 km,49 km/hr,11109
13330,Ganga Damodar Express,Exp,ECR,,,PNBE,23:20,DHN,5:20,6h 0m,9,S M T W T F S,SL 3A 2A 1A 3E,292 km,49 km/hr,13329
13329,Ganga Damodar Express,Exp,ECR,,,DHN,23:20,PNBE,5:15,5h 55m,9,S M T W T F S,SL 3A 2A 1A 3E,292 km,49 km/hr,13330
14713,Sikar - Delhi Sarai Rohilla Express,Exp,NWR,,,SIKR,14:25,DEE,20:25,6h 0m,11,W F,SL 3A 2A,291 km,49 km/hr,14714
14714,Delhi Sarai Rohilla - Sikar Express,Exp,NWR,,,DEE,6:35,SIKR,12:50,6h 15m,11,W F,SL 3A 2A,291 km,47 km/hr,14713
22162,Damoh - Bhopal Rajya Rani SF Express,SF,WCR,,,DMO,5:30,BPL,10:45,5h 15m,9,S M T W T F S,2S CC 3A,290 km,55 km/hr,22161
22161,Bhopal - Damoh Rajya Rani SF Express,SF,WCR,,,BPL,17:50,DMO,23:00,5h 10m,9,S M T W T F S,2S CC 3A,290 km,56 km/hr,22162
19617,Madar - Rewari Express (UnReserved),Exp,NWR,,,MDJN,17:10,RE,23:50,6h 40m,30,S M T W T F S,,289 km,43 km/hr,19618
19618,Rewari - Madar Express (UnReserved),Exp,NWR,,,RE,9:10,MDJN,16:25,7h 15m,30,S M T W T F S,,289 km,40 km/hr,19617
15714,Patna - Katihar InterCity Express,Exp,NFR,,,PNBE,14:10,KIR,21:25,7h 15m,19,S M T W T F S,2S CC 3A,289 km,40 km/hr,15713
15713,Katihar - Patna InterCity Express,Exp,NFR,,,KIR,6:15,PNBE,13:20,7h 5m,19,S M T W T F S,2S CC 3A,289 km,41 km/hr,15714
14706,Dahar Ka Balaji - Bhiwani Express (UnReserved),Exp,NWR,,,DKBJ,15:30,BNW,21:50,6h 20m,21,S M T W T F S,,288 km,46 km/hr,14705
14705,Bhiwani - Dahar Ka Balaji Express (UnReserved),Exp,NWR,,,BNW,4:00,DKBJ,11:00,7h 0m,21,S M T W T F S,,288 km,41 km/hr,14706
16111,Tirupati - Puducherry MEMU Express (UnReserved),Exp,SR,,,TPTY,4:10,PDY,12:35,8h 25m,29,S M T W T F S,,287 km,34 km/hr,16112
16112,Puducherry - Tirupati MEMU Express (UnReserved),Exp,SR,,,PDY,14:40,TPTY,23:10,8h 30m,32,S M T W T F S,,287 km,34 km/hr,16111
14505,Amritsar - Nangal Dam Express,Exp,NR,,,ASR,14:00,NLDM,19:45,5h 45m,10,S M T W T F S,2S SL CC 3E,287 km,50 km/hr,14506
14506,Nangal Dam - Amritsar Express,Exp,NR,,,NLDM,7:20,ASR,13:05,5h 45m,10,S M T W T F S,2S SL CC 3E,287 km,50 km/hr,14505
15602,Guwahati - Dhubri Express (UnReserved),Exp,NFR,,,GHY,22:50,DBB,6:00,7h 10m,16,S M T W T F S,,287 km,40 km/hr,15601
15601,Dhubri - Guwahati Express (UnReserved),Exp,NFR,,,DBB,7:20,GHY,15:00,7h 40m,16,S M T W T F S,,287 km,37 km/hr,15602
18003,Rani Shiromoni Express (UnReserved),Exp,SER,,,HWH,17:45,ADRA,23:55,6h 10m,26,S M T W T F S,,283 km,46 km/hr,18004
14089,Anand Vihar Terminal - Kotdwar Express,Exp,NR,,,ANVT,21:45,KTW,3:55,6h 10m,9,S M T W T F S,SL 3A,283 km,46 km/hr,14090
14090,Kotdwar - Anand Vihar Terminal Express,Exp,NR,,,KTW,21:50,ANVT,4:35,6h 45m,9,S M T W T F S,SL 3A,283 km,42 km/hr,14089
20401,Varanasi - Lucknow SF Shuttle Express,SF,NR,,,BSB,5:40,LKO,10:10,4h 30m,10,S M T W T F S,2S SL CC 3A,283 km,63 km/hr,20402
20402,Lucknow - Varanasi SF Shuttle Express,SF,NR,,,LKO,18:00,BSB,22:40,4h 40m,10,S M T W T F S,2S SL CC 3A,283 km,61 km/hr,20401
18004,Rani Shiromoni Express (UnReserved),Exp,SER,,,ADRA,4:30,HWH,10:25,5h 55m,26,S M T W T F S,,283 km,48 km/hr,18003
16812,Salem - Mayiladuthurai MEMU Express (UnReserved),Exp,SR,,,SA,14:05,MV,21:30,7h 25m,43,S M T W T F S,,282 km,38 km/hr,16811
16811,Mayiladuturai - Salem MEMU Express (UnReserved),Exp,SR,,,MV,6:15,SA,13:45,7h 30m,43,S M T W T F S,,282 km,38 km/hr,16812
12039,Kathgodam - New Delhi Shatabdi Express,Shtb,NR,,,KGM,15:15,NDLS,20:55,5h 40m,7,S M T W T F S,CC Ex,282 km,50 km/hr,12040
12040,New Delhi - Kathgodam Shatabdi Express,Shtb,NR,,,NDLS,6:20,KGM,11:55,5h 35m,7,S M T W T F S,CC Ex,282 km,50 km/hr,12039
16305,Ernakulam Jn. - Kannur Intercity Express,Exp,SR,,,ERS,6:00,CAN,11:50,5h 50m,15,S M T W T F S,2S CC,282 km,48 km/hr,16306
16306,Kannur - Ernakulam Jn. Intercity Express,Exp,SR,,,CAN,14:50,ERS,20:50,6h 0m,16,S M T W T F S,2S CC,282 km,47 km/hr,16305
17660,Kakatiya Express,Exp,SCR,,,BDCR,5:10,SC,11:40,6h 30m,26,S M T W T F S,2S CC,281 km,43 km/hr,17659
14726,Mathura - Bhiwani Express,Exp,NWR,,,MTJ,12:35,BNW,20:30,7h 55m,33,S M T W T F S,SL,281 km,35 km/hr,14725
14725,Bhiwani - Mathura Express,Exp,NWR,,,BNW,5:50,MTJ,13:50,8h 0m,35,S M T W T F S,SL,281 km,35 km/hr,14726
17659,Kakatiya Express,Exp,SCR,,,SC,17:00,BDCR,23:45,6h 45m,23,S M T W T F S,2S CC,281 km,42 km/hr,17660
17331,Miraj - SSS Hubballi Express (UnReserved),Exp,SWR,,,MRJ,6:15,UBL,13:30,7h 15m,27,S M T W T F S,,280 km,39 km/hr,17332
17332,SSS Hubballi - Miraj Express (UnReserved),Exp,SWR,,,UBL,11:45,MRJ,18:30,6h 45m,28,S M T W T F S,,280 km,41 km/hr,17331
13410,Kiul - Malda Town Intercity Express (UnReserved),Exp,ER,,,KIUL,14:00,MLDT,20:50,6h 50m,19,S M T W T F S,,280 km,41 km/hr,13409
13409,Malda Town - Kiul Intercity Express (UnReserved),Exp,ER,,,MLDT,5:50,KIUL,12:45,6h 55m,19,S M T W T F S,,280 km,40 km/hr,13410
13018,Ganadevta Express,Exp,ER,,,AZ,16:00,HWH,21:50,5h 50m,13,S M T W T F S,2S SL CC 3A,279 km,48 km/hr,13017
13017,Ganadevta Express,Exp,ER,,,HWH,6:05,AZ,12:15,6h 10m,13,S M T W T F S,2S SL CC 3A,279 km,45 km/hr,13018
13028,Azimganj - Howrah Kaviguru Express,Exp,ER,,,AZ,8:10,HWH,13:55,5h 45m,9,S M T W T F S,SL,279 km,49 km/hr,13027
13027,Howrah - Azimganj Kaviguru Express,Exp,ER,,,HWH,22:40,AZ,4:15,5h 35m,7,S M T W T F S,SL 3A,279 km,50 km/hr,13028
18526,Visakhapatnam - Brahmapur Express,Exp,SCoR,,,VSKP,15:00,BAM,20:25,5h 25m,12,S M T W T F S,CC,278 km,51 km/hr,18525
18525,Brahmapur - Visakhapatnam Express,Exp,SCoR,,,BAM,6:45,VSKP,12:00,5h 15m,12,S M T W T F S,CC,278 km,53 km/hr,18526
13226,Ara - Jaynagar InterCity Express,Exp,ECR,,,ARA,5:30,JYG,15:00,9h 30m,21,S M T W T F S,CC 3E,277 km,29 km/hr,13225
13225,Jaynagar - Ara InterCity Express,Exp,ECR,,,JYG,10:50,ARA,21:20,10h 30m,21,S M T W T F S,CC 3E,277 km,26 km/hr,13226
15032,Lucknow Jn. - Gorakhpur Intercity Express,Exp,NER,,,LJN,16:05,GKP,21:30,5h 25m,9,S M T W T F S,2S CC,277 km,51 km/hr,15031
15035,Uttaranchal Sampark Kranti Express,SKr,NER,,,DLI,16:00,KGM,22:45,6h 45m,8,S M T W T F S,2S CC,277 km,41 km/hr,15036
15036,Uttaranchal Sampark Kranti Express,SKr,NER,,,KGM,8:40,DLI,15:25,6h 45m,8,S M T W T F S,2S CC,277 km,41 km/hr,15035
15031,Gorakhpur - Lucknow Jn. Intercity Express,Exp,NER,,,GKP,5:45,LJN,11:25,5h 40m,9,S M T W T F S,2S CC,277 km,49 km/hr,15032
19815,Mandsor - Kota InterCity Express,Exp,WCR,,,MDS,12:05,KOTA,17:15,5h 10m,9,S M T W T F S,SL CC,276 km,53 km/hr,19816
16226,Shivamogga Town - Mysuru Express (UnReserved),Exp,SWR,,,SMET,11:25,MYS,17:05,5h 40m,14,S M T W T F S,,276 km,49 km/hr,16225
16225,Mysuru - Shivamogga Town Express (UnReserved),Exp,SWR,,,MYS,10:15,SMET,16:40,6h 25m,14,S M T W T F S,,276 km,43 km/hr,16226
15202,Bagaha - Patliputra Intercity MEMU Express (UnReserved),Exp,ECR,,,BUG,4:00,PPTA,11:55,7h 55m,22,S M T W T F S,,276 km,35 km/hr,15201
15201,Patliputra - Bagaha Intercity MEMU Express (UnReserved),Exp,ECR,,,PPTA,17:05,BUG,1:50,8h 45m,22,S M T W T F S,,276 km,32 km/hr,15202
19816,Kota - Mandsor InterCity Express,Exp,WCR,,,KOTA,5:45,MDS,11:00,5h 15m,9,S M T W T F S,SL CC,276 km,53 km/hr,19815
16608,Coimbatore - Kannur Express (UnReserved),Exp,SR,,,CBE,13:50,CAN,20:56,7h 6m,31,S M T W T F S,,275 km,39 km/hr,16607
16607,Kannur - Coimbatore Express (UnReserved),Exp,SR,,,CAN,6:00,CBE,13:45,7h 45m,31,S M T W T F S,,275 km,36 km/hr,16608
19736,Marwar Jn - Jaipur Express (UnReserved),Exp,NWR,,,MJ,14:30,JP,22:35,8h 5m,32,S M T W T F S,,275 km,34 km/hr,19735
19735,Jaipur - Marwar Jn Express (UnReserved),Exp,NWR,,,JP,5:30,MJ,13:15,7h 45m,31,S M T W T F S,,275 km,35 km/hr,19736
12090,Shivamogga Town - KSR Bengaluru Janshatabdi Express,JShtb,SWR,,,SMET,5:15,SBC,9:50,4h 35m,8,S M T W T F S,2S CC,274 km,60 km/hr,12089
12089,KSR Bengaluru - Shivamogga Town Janshatabdi Express,JShtb,SWR,,,SBC,17:15,SMET,21:40,4h 25m,8,S M T W T F S,2S CC,274 km,62 km/hr,12090
19722,Bayana - Jaipur Express,Exp,NWR,,,BXN,14:10,JP,20:15,6h 5m,21,S M T W T F S,SL,273 km,45 km/hr,19721
19721,Jaipur - Bayana Express,Exp,NWR,,,JP,6:20,BXN,12:20,6h 0m,21,S M T W T F S,SL,273 km,45 km/hr,19722
22930,Vadodara - Dahanu Road SF Express,SF,WR,,,BRC,6:20,DRD,11:10,4h 50m,14,S M T W T F S,2S,273 km,57 km/hr,22929
22929,Dahanu Road - Vadodara SF Express,SF,WR,,,DRD,15:45,BRC,20:40,4h 55m,14,S M T W T F S,2S,273 km,56 km/hr,22930
13242,Rajendra Nagar Terminal - Banka Intercity Express,Exp,ECR,,,RJPB,23:55,BAKA,6:40,6h 45m,14,S M T W T S,SL 3A 2A 1A 3E,272 km,40 km/hr,13241
13241,Banka - Rajendra Nagar Terminal Intercity Express,Exp,ECR,,,BAKA,8:45,RJPB,15:55,7h 10m,17,S M T W T F,2S SL 3A 2A 1A 3E,272 km,38 km/hr,13242
16868,Dindigul - Villupuram Intercity Express (UnReserved),Exp,SR,,,DG,5:30,VM,11:15,5h 45m,23,S M T W T F S,,272 km,47 km/hr,16867
16867,Villupuram - Dindigul Intercity Express (UnReserved),Exp,SR,,,VM,16:30,DG,22:15,5h 45m,23,S M T W T F S,,272 km,47 km/hr,16868
22387,Black Diamond Express,SF,ECR,,,HWH,6:15,DHN,11:18,5h 3m,14,S M T W T F S,2S CC,271 km,54 km/hr,22388
22388,Black Diamond Express (PT),SF,ECR,,,DHN,16:20,HWH,21:30,5h 10m,14,S M T W T F S,2S CC,271 km,53 km/hr,22387
15553,Bhagalpur - Jaynagar Express,Exp,ECR,,,BGP,7:50,JYG,16:05,8h 15m,14,S M T W T F S,SL 3A 2A,269 km,33 km/hr,15554
15554,Jaynagar - Bhagalpur Express,Exp,ECR,,,JYG,20:05,BGP,5:15,9h 10m,14,S M T W T F S,SL 3A 2A,269 km,29 km/hr,15553
12012,Kalka - New Delhi Shatabdi Express,Shtb,NR,,,KLK,17:45,NDLS,21:50,4h 5m,5,S M T W T F S,CC Ex,269 km,66 km/hr,12011
12011,New Delhi - Kalka Shatabdi Express,Shtb,NR,,,NDLS,7:40,KLK,11:40,4h 0m,5,S M T W T F S,CC Ex,269 km,67 km/hr,12012
12006,Kalka - New Delhi Shatabdi Express,Shtb,NR,,,KLK,6:15,NDLS,10:15,4h 0m,4,S M T W T F S,CC Ex,269 km,67 km/hr,12005
12005,New Delhi - Kalka Shatabdi Express,Shtb,NR,,,NDLS,17:15,KLK,21:15,4h 0m,4,S M T W T F S,CC Ex,269 km,67 km/hr,12006
16581,Yesvantpur - Shivamogga Town Express,Exp,SWR,,,YPR,0:15,SMET,6:00,5h 45m,9,S T T,SL 3A 2A 1A,268 km,47 km/hr,16582
16582,Shivamogga Town - Yesvantpur Express,Exp,SWR,,,SMET,23:55,YPR,4:45,4h 50m,9,S T T,SL 3A 2A 1A,268 km,56 km/hr,16581
20690,Shivamogga Town - Yesvantpur Intercity SF Express,SF,SWR,,,SMET,15:50,YPR,20:35,4h 45m,8,S M T W T F S,2S CC EV,268 km,57 km/hr,20689
20689,Yesvantpur - Shivamogga Town Intercity SF Express,SF,SWR,,,YPR,9:15,SMET,14:05,4h 50m,8,S M T W T F S,2S CC EV,268 km,56 km/hr,20690
26402,Srinagar - Jammu Tawi Vande Bharat Express,VB,NR,,,SINA,14:00,JAT,18:50,4h 50m,4,S M W T F S,CC Ex,267 km,55 km/hr,26401
19104,Kota - Ratlam MEMU Express (UnReserved),Exp,WR,,,KOTA,13:30,RTM,20:45,7h 15m,28,S M T W T F S,,267 km,37 km/hr,19103
19103,Ratlam - Kota MEMU Express (UnReserved),Exp,WR,,,RTM,7:05,KOTA,13:25,6h 20m,28,S M T W T F S,,267 km,42 km/hr,19104
26401,Jammu Tawi - Srinagar Vande Bharat Express,VB,NR,,,JAT,6:20,SINA,11:10,4h 50m,4,S M W T F S,CC Ex,267 km,55 km/hr,26402
26403,Jammu Tawi - Srinagar Vande Bharat Express,VB,NR,,,JAT,13:20,SINA,18:05,4h 45m,3,S M T T F S,CC Ex,267 km,56 km/hr,26404
19101,Virar - Bharuch MEMU Express (UnReserved),Exp,WR,,,VR,4:35,BH,11:10,6h 35m,39,S M T W T F S,,267 km,41 km/hr,
26404,Srinagar - Jammu Tawi Vande Bharat Express,VB,NR,,,SINA,8:00,JAT,12:40,4h 40m,3,S M T T F S,CC Ex,267 km,57 km/hr,26403
14331,Delhi - Kalka Express (via Panipat) (UnReserved),Exp,NR,,,DLI,16:15,KLK,21:40,5h 25m,15,S M T W T F S,,267 km,49 km/hr,14332
15528,Kamla Ganga Express,Exp,ECR,,,PNBE,16:55,JYG,4:10,11h 15m,42,S M T W T F S,CC,266 km,24 km/hr,15527
15527,Kamla Ganga Express,Exp,ECR,,,JYG,3:15,PNBE,14:30,11h 15m,42,S M T W T F S,CC,266 km,24 km/hr,15528
18015,Shalimar - Bhanjpur Express,Exp,SER,,,SHM,16:25,VZR,21:45,5h 20m,13,T S,2S SL,266 km,50 km/hr,18016
18016,Bhanjpur - Shalimar Express,Exp,SER,,,VZR,9:15,SHM,15:30,6h 15m,13,M S,2S SL,266 km,43 km/hr,18015
15753,Sifhung Express (UnReserved),Exp,NFR,,,APDJ,4:05,GHY,11:30,7h 25m,29,S M T W T F S,,266 km,36 km/hr,15754
18175,Hatia - Jharsuguda MEMU Express (UnReserved),Exp,SER,,,HTE,13:00,JSG,21:30,8h 30m,31,S M T W T F S,,266 km,31 km/hr,18176
18176,Jharsuguda - Hatia MEMU Express (UnReserved),Exp,SER,,,JSG,8:00,HTE,17:40,9h 40m,31,S M T W T F S,,266 km,27 km/hr,18175
15754,Sifhung Express (UnReserved),Exp,NFR,,,GHY,15:20,APDJ,23:00,7h 40m,29,S M T W T F S,,266 km,35 km/hr,15753
16088,Salem - Arakkonam MEMU Express (UnReserved),Exp,SR,,,SA,15:30,AJJ,20:50,5h 20m,19,M T W T F,,266 km,50 km/hr,16087
16087,Arakkonam - Salem MEMU Express (UnReserved),Exp,SR,,,AJJ,5:15,SA,10:50,5h 35m,19,M T W T F,,266 km,48 km/hr,16088
18008,Simlipal Intercity Express (UnReserved),Exp,SER,,,VZR,6:15,SHM,13:15,7h 0m,13,T W T,,266 km,38 km/hr,18007
18007,Simlipal Intercity Express (UnReserved),Exp,SER,,,SHM,16:15,VZR,21:45,5h 30m,13,M T W,,266 km,48 km/hr,18008
16870,Villupuram - Tirupati MEMU Express (UnReserved),Exp,SR,,,VM,17:40,TPTY,23:10,5h 30m,15,S M T W T F S,,265 km,48 km/hr,
16854,Villupuram - Tirupati Intercity Express (UnReserved),Exp,SR,,,VM,5:40,TPTY,11:25,5h 45m,14,S M T W T F S,,265 km,46 km/hr,16853
16853,Tirupati - Villupuram Intercity Express (UnReserved),Exp,SR,,,TPTY,13:40,VM,20:35,6h 55m,14,S M T W T F S,,265 km,38 km/hr,16854
16849,Tiruchchirappalli - Rameswaram Express (UnReserved),Exp,SR,,,TPJ,7:05,RMM,12:35,5h 30m,16,S M T W T F S,,264 km,48 km/hr,16850
16850,Rameswaram - Tiruchchirappalli Express (UnReserved),Exp,SR,,,RMM,14:50,TPJ,20:05,5h 15m,16,S M T W T F S,,264 km,50 km/hr,16849
11114,Bhusaval - Devlali MEMU Express (UnReserved),Exp,CR,,,BSL,17:30,DVL,23:15,5h 45m,21,S M T W T F S,,263 km,46 km/hr,11113
11113,Devlali - Bhusaval MEMU Express (UnReserved),Exp,CR,,,DVL,7:20,BSL,12:35,5h 15m,21,S M T W T F S,,263 km,50 km/hr,11114
19304,Bhopal - Indore Express,Exp,WR,,,BPL,23:10,INDB,4:45,5h 35m,12,S M T W T F S,SL 3A,263 km,47 km/hr,19303
19303,Indore - Bhopal Express,Exp,WR,,,INDB,23:15,BPL,5:10,5h 55m,12,S M T W T F S,SL 3A,263 km,44 km/hr,19304
14522,Ambala Cantt. - Delhi Intercity Express,Exp,NR,,,UMB,6:40,DLI,12:20,5h 40m,14,S M T W T F S,SL CC 3A,263 km,46 km/hr,14521
14521,Delhi - Ambala Cantt. Intercity Express,Exp,NR,,,DLI,13:10,UMB,18:40,5h 30m,14,S M T W T F S,SL CC 3A,263 km,48 km/hr,14522
12158,Hutatma Superfast Express,SF,CR,,,SUR,6:30,PUNE,10:30,4h 0m,2,S M T W T F S,2S SL CC 3E,262 km,66 km/hr,12157
12157,Hutatma Superfast Express,SF,CR,,,PUNE,17:50,SUR,21:30,3h 40m,2,S M T W T F S,2S SL CC 3E,262 km,72 km/hr,12158
12169,Pune - Solapur Intercity SF Express,SF,CR,,,PUNE,9:25,SUR,13:15,3h 50m,3,S M T W T F S,2S CC,262 km,68 km/hr,12170
12170,Solapur - Pune Intercity SF Express,SF,CR,,,SUR,14:00,PUNE,18:05,4h 5m,3,S M T W T F S,2S CC,262 km,64 km/hr,12169
15105,Chhapra - Nautanwa InterCity Express (UnReserved),Exp,NER,,,CPR,6:00,NTV,12:25,6h 25m,14,M T W T F S,,262 km,41 km/hr,15106
11601,Bina - Katni MEMU Express (UnReserved),Exp,WCR,,,BINA,5:00,KTE,12:00,7h 0m,29,S M T W T F S,,262 km,37 km/hr,11602
11602,Katni - Bina MEMU Express (UnReserved),Exp,WCR,,,KTE,12:10,BINA,20:00,7h 50m,29,S M T W T F S,,262 km,34 km/hr,11601
11417,Pune - Solapur DEMU Express (UnReserved),Exp,CR,,,PUNE,23:00,SUR,7:45,8h 45m,25,S M T W T F S,,262 km,30 km/hr,11418
11418,Solapur - Pune DEMU Express (UnReserved),Exp,CR,,,SUR,11:40,PUNE,19:25,7h 45m,26,S M T W T F S,,262 km,34 km/hr,11417
11422,Solapur - Pune DEMU Express (UnReserved),Exp,CR,,,SUR,23:45,PUNE,6:00,6h 15m,22,S M T W T F S,,262 km,42 km/hr,11421
15060,Anand Vihar Terminal - Lalkuan Express,Exp,NER,,,ANVT,14:15,LKU,21:10,6h 55m,10,T T,2S SL CC 3A 2A,262 km,38 km/hr,15059
15059,Lalkuan - Anand Vihar Terminal Express,Exp,NER,,,LKU,4:25,ANVT,10:40,6h 15m,10,T T,2S SL CC 3A 2A,262 km,42 km/hr,15060
15106,Nautanwa - Chhapra InterCity Express (UnReserved),Exp,NER,,,NTV,15:10,CPR,21:40,6h 30m,20,M T W T F S,,262 km,40 km/hr,15105
20966,Bhavnagar Terminus - Sabarmati SF Intercity Express,SF,WR,,,BVC,6:00,SBIB,10:30,4h 30m,9,S M T W T F S,2S SL CC,261 km,58 km/hr,20965
75742,Dhubri - Siliguri DEMU InterCity Express (UnReserved),Exp,NFR,,,DBB,12:20,SGUJ,21:00,8h 40m,19,S M T W T F S,,261 km,30 km/hr,75741
75741,Siliguri - Dhubri DEMU InterCity Express (UnReserved),Exp,NFR,,,SGUJ,5:00,DBB,12:00,7h 0m,19,S M T W T F S,,261 km,37 km/hr,75742
14232,Manwar Sangam Express,Exp,NR,,,BST,13:45,PYGS,20:05,6h 20m,10,M T W F S,2S SL 3A 2A,260 km,41 km/hr,14231
14231,Manwar Sangam Express,Exp,NR,,,PYGS,4:50,BST,11:35,6h 45m,10,M T W F S,2S SL 3A 2A,260 km,38 km/hr,14232
13233,Koderma - Danapur Intercity Express,Exp,ECR,,,KQR,14:40,DNR,21:45,7h 5m,20,S M T W T F S,CC 3A,259 km,37 km/hr,13234
13234,Danapur - Koderma Intercity Express,Exp,ECR,,,DNR,6:40,KQR,14:10,7h 30m,20,S M T W T F S,CC 3A,259 km,35 km/hr,13233
12340,Coalfield Express,SF,ER,,,DHN,5:50,HWH,10:25,4h 35m,11,S M T W T F S,2S CC,259 km,56 km/hr,12339
12339,Coalfield Express,SF,ER,,,HWH,17:20,DHN,21:55,4h 35m,11,S M T W T F S,2S CC,259 km,56 km/hr,12340
12110,Panchavati Express,SF,CR,,,MMR,6:02,CSMT,10:45,4h 43m,7,S M T W T F S,2S CC,259 km,55 km/hr,12109
13178,Jangipur Road - Sealdah Express (UnReserved),Exp,ER,,,JRLE,13:20,SDAH,20:20,7h 0m,52,M T W T F S,,259 km,37 km/hr,13177
13177,Sealdah - Jangipur Road Express (UnReserved),Exp,ER,,,SDAH,5:35,JRLE,11:55,6h 20m,50,M T W T F S,,259 km,41 km/hr,13178
13545,Asansol - Gaya MEMU Express (UnReserved),Exp,ER,,,ASN,13:45,GAYA,21:50,8h 5m,47,S M T W T F S,,258 km,32 km/hr,13546
14028,Firozpur Cantt - Jind Express (UnReserved),Exp,NR,,,FZR,15:00,JIND,20:10,5h 10m,13,S M T W T F S,,258 km,50 km/hr,14027
14027,Jind - Firozpur Cantt Express (UnReserved),Exp,NR,,,JIND,7:40,FZR,12:40,5h 0m,13,S M T W T F S,,258 km,52 km/hr,14028
13546,Gaya - Asansol MEMU Express (UnReserved),Exp,ER,,,GAYA,5:45,ASN,13:00,7h 15m,45,S M T W T F S,,258 km,36 km/hr,13545
12109,Panchavati Express,SF,CR,,,CSMT,18:15,MMR,22:50,4h 35m,7,S M T W T F S,2S CC,257 km,56 km/hr,12110
11421,Hadapsar - Solapur DEMU Express (UnReserved),Exp,CR,,,HDP,8:10,SUR,15:00,6h 50m,21,S M T W T F S,,257 km,38 km/hr,11422
11424,Sainagar Shirdi - Pune Intercity Express,Exp,CR,22-Jun,,SNSI,18:10,PUNE,23:55,5h 45m,5,S M T W T F S,2S CC,256 km,45 km/hr,11423
11423,Pune - Sainagar Shirdi Intercity Express,Exp,CR,22-Jun,,PUNE,6:55,SNSI,12:00,5h 5m,5,S M T W T F S,2S CC,256 km,50 km/hr,11424
17259,Nellore - Vijayawada MEMU Express (UnReserved),Exp,SCoR,,,NLR,14:00,BZA,20:35,6h 35m,29,S M T W T F S,,255 km,39 km/hr,17260
15703,New Jalpaiguri - Bongaigaon Intercity Express (UnReserved),Exp,NFR,,,NJP,6:25,BNGN,15:30,9h 5m,29,S M T W T F S,,253 km,28 km/hr,15704
15704,Bongaigaon - New Jalpaiguri Intercity Express (UnReserved),Exp,NFR,,,BNGN,6:15,NJP,16:20,10h 5m,29,S M T W T F S,,253 km,25 km/hr,15703
15663,Agartala - Silchar Express (PT),Exp,NFR,,,AGTL,11:15,SCL,19:45,8h 30m,21,S M T W T F S,2S SL CC 3A,253 km,30 km/hr,15664
15664,Silchar - Agartala Express (PT),Exp,NFR,,,SCL,8:40,AGTL,17:20,8h 40m,21,S M T W T F S,2S SL CC 3A,253 km,29 km/hr,15663
17027,Hundry Express,Exp,SCR,,,HYB,16:20,KRNT,21:35,5h 15m,13,S M T W T F S,2S CC,253 km,48 km/hr,17028
17028,Hundry Express,Exp,SCR,,,KRNT,5:30,HYB,11:40,6h 10m,13,S M T W T F S,2S CC,253 km,41 km/hr,17027
12935,Bandra Terminus - Surat InterCity Express,SF,WR,,,BDTS,6:35,ST,10:40,4h 5m,10,S M T W T F S,2S CC,252 km,62 km/hr,12936
18052,Rourkela - Badampahar Express,Exp,SER,,,ROU,14:20,BMPR,20:00,5h 40m,9,S,SL 3A,252 km,45 km/hr,18051
18051,Badampahar - Rourkela Express,Exp,SER,,,BMPR,6:30,ROU,12:20,5h 50m,9,S,SL 3A,252 km,43 km/hr,18052
12936,Surat - Bandra Terminus InterCity Express,SF,WR,,,ST,16:25,BDTS,20:45,4h 20m,10,S M T W T F S,2S CC,252 km,58 km/hr,12935
14601,Firozpur Cantt - Hanumangarh Express (UnReserved),Exp,NR,,,FZR,5:05,HMH,10:25,5h 20m,10,S M T W T F S,,251 km,47 km/hr,14602
14602,Hanumangarh - Firozpur Cantt Express (UnReserved),Exp,NR,,,HMH,11:30,FZR,16:25,4h 55m,10,S M T W T F S,,251 km,51 km/hr,14601
18023,Kharagpur - NSCB Jn. Gomoh Express (UnReserved),Exp,SER,,,KGP,14:00,GMO,22:20,8h 20m,38,S M T W T F S,,250 km,30 km/hr,18024
18024,NSCB Jn. Gomoh - Kharagpur Express (UnReserved),Exp,SER,,,GMO,6:25,KGP,14:35,8h 10m,38,S M T W T F S,,250 km,31 km/hr,18023
14304,Haridwar - Delhi Express (via Meerut) (UnReserved),Exp,NR,,,HW,9:00,DLI,14:40,5h 40m,16,S M T W T F S,,249 km,44 km/hr,14303
14303,Delhi - Haridwar Express (via Meerut) (UnReserved),Exp,NR,,,DLI,17:45,HW,23:30,5h 45m,16,S M T W T F S,,249 km,43 km/hr,14304
12813,Steel Express (PT),SF,SER,,,HWH,17:10,TATA,21:25,4h 15m,6,S M T W T F S,2S CC Ex 3E,249 km,58 km/hr,12814
12814,Steel Express (PT),SF,SER,,,TATA,6:05,HWH,10:35,4h 30m,7,S M T W T F S,2S CC Ex 3E,249 km,55 km/hr,12813
19056,Udhna - Bandra Terminus Intercity Express,Exp,WR,1-Aug,,UDN,15:45,BDTS,21:35,5h 50m,25,S M T W T F S,2S SL CC,248 km,43 km/hr,19055
19055,Bandra Terminus - Udhna Intercity Express,Exp,WR,2-Aug,,BDTS,9:00,UDN,15:05,6h 5m,23,S M T W T F S,2S SL CC,248 km,41 km/hr,19056
20965,Sabarmati - Bhavnagar Terminus SF Intercity Express,SF,WR,,,SBIB,16:15,BVC,20:55,4h 40m,9,S M T W T F S,2S SL CC,261 km,56 km/hr,20966
13180,Siuri - Sealdah MEMU Express (UnReserved),Exp,ER,,,SURI,5:05,SDAH,9:57,4h 52m,10,S M T W T F S,,248 km,51 km/hr,13179
13179,Sealdah - Siuri MEMU Express (UnReserved),Exp,ER,,,SDAH,17:17,SURI,22:17,5h 0m,10,S M T W T F S,,248 km,50 km/hr,13180
12411,Chandigarh - Amritsar Intercity Express,SF,NR,,,CDG,6:55,ASR,11:24,4h 29m,8,S M T W T F S,2S SL CC 3E,248 km,55 km/hr,12412
12412,Amritsar - Chandigarh Intercity Express,SF,NR,,,ASR,17:05,CDG,21:15,4h 10m,8,S M T W T F S,2S SL CC 3E,248 km,59 km/hr,12411
14541,Chandigarh - Amritsar Express,Exp,NR,,,CDG,16:40,ASR,21:25,4h 45m,5,S M T W T F S,2S CC,248 km,52 km/hr,14542
14542,Amritsar - Chandigarh Express,Exp,NR,,,ASR,5:10,CDG,9:45,4h 35m,5,S M T W T F S,2S CC,248 km,54 km/hr,14541
14024,Kurukshetra - Delhi DEMU Express (UnReserved),Exp,NR,,,KKDE,6:00,DLI,11:00,5h 0m,12,M T W T F S,,247 km,49 km/hr,14023
14023,Delhi - Kurukshetra DEMU Express (UnReserved),Exp,NR,,,DLI,17:55,KKDE,23:25,5h 30m,12,S M T W T F,,247 km,45 km/hr,14024
14124,Kanpur Central - MBDD Pratapgarh InterCity Express (UnReserved),Exp,NCR,,,CNB,17:30,MBDP,22:55,5h 25m,13,S M T W T F S,,245 km,45 km/hr,14123
15039,Kanpur Anwarganj - Kasganj Express (UnReserved),Exp,NER,,,CPA,15:10,KSJ,20:55,5h 45m,17,S M T W T F S,,245 km,43 km/hr,15040
15037,Kanpur Anwarganj - Kasganj Express (UnReserved),Exp,NER,,,CPA,11:40,KSJ,16:45,5h 5m,17,S M T W T F S,,245 km,48 km/hr,15038
15038,Kasganj - Kanpur Anwarganj Express (UnReserved),Exp,NER,,,KSJ,12:55,CPA,18:30,5h 35m,17,S M T W T F S,,245 km,44 km/hr,15037
14123,MBDD Pratapgarh - Kanpur Central InterCity Express (UnReserved),Exp,NCR,,,MBDP,4:25,CNB,9:40,5h 15m,13,S M T W T F S,,245 km,47 km/hr,14124
15040,Kasganj - Kanpur Anwarganj Express (UnReserved),Exp,NER,,,KSJ,9:10,CPA,14:30,5h 20m,16,S M T W T F S,,245 km,46 km/hr,15039
15550,Patna - Jaynagar Intercity Express,Exp,ECR,,,PNBE,15:10,JYG,22:00,6h 50m,11,S M T W T F,CC 3E,244 km,36 km/hr,15549
15549,Jaynagar - Patna Intercity Express,Exp,ECR,,,JYG,5:20,PNBE,13:15,7h 55m,11,S M T W T F,CC 3E,244 km,31 km/hr,15550
16240,Yesvantpur - Chikkamagaluru Express (UnReserved),Exp,SWR,,,YPR,15:40,CMGR,21:05,5h 25m,23,S M T W T F S,,244 km,45 km/hr,16239
16239,Chikkamagaluru - Yesvantpur Express (UnReserved),Exp,SWR,,,CMGR,8:00,YPR,14:30,6h 30m,23,S M T W T F S,,244 km,38 km/hr,16240
12046,Chandigarh - New Delhi Shatabdi Express,Shtb,NR,,,CDG,12:05,NDLS,15:20,3h 15m,2,S M T T F S,CC Ex,244 km,75 km/hr,12045
12045,New Delhi - Chandigarh Shatabdi Express,Shtb,NR,,,NDLS,19:15,CDG,22:35,3h 20m,2,S M T T F S,CC Ex,244 km,73 km/hr,12046
13243,Patna - Bhabua Road InterCity Express (via Gaya),Exp,ECR,,,PNBE,17:45,BBU,23:55,6h 10m,24,S M T W T F S,CC,243 km,39 km/hr,13244
13244,Bhabua Road - Patna InterCity Express (via Gaya),Exp,ECR,,,BBU,4:00,PNBE,10:15,6h 15m,24,S M T W T F S,CC,243 km,39 km/hr,13243
19346,Bhilwara - Ratlam DEMU Express (UnReserved),Exp,WR,,,BHL,3:35,RTM,9:15,5h 40m,21,S M T W T F S,,243 km,43 km/hr,19345
19345,Ratlam - Bhilwara DEMU Express (UnReserved),Exp,WR,,,RTM,18:30,BHL,0:25,5h 55m,21,S M T W T F S,,243 km,41 km/hr,19346
22322,Hool Express,SF,ER,,,SURI,13:40,HWH,18:00,4h 20m,9,S M T W T F S,2S CC 3A,242 km,56 km/hr,22321
22190,Rewa - Madan Mahal InterCity Express,SF,WCR,,,REWA,5:45,MML,10:07,4h 22m,11,S M T W T F S,2S CC 3A,242 km,55 km/hr,22189
22321,Hool Express,SF,ER,,,HWH,6:55,SURI,11:15,4h 20m,9,S M T W T F S,2S CC 3A,242 km,56 km/hr,22322
13420,Muzaffarpur - Bhagalpur Jansewa Express,Exp,ER,,,MFP,23:05,BGP,6:00,6h 55m,16,S M T W T F S,SL 3A,240 km,35 km/hr,13419
13419,Bhagalpur - Muzaffarpur Jansewa Express,Exp,ER,,,BGP,14:05,MFP,20:45,6h 40m,17,S M T W T F S,SL 3A,240 km,36 km/hr,13420
12037,Siddhabali Jan Shatabdi Express,JShtb,NR,,,KTW,15:35,DLI,22:20,6h 45m,10,S M T W T F S,2S CC,239 km,35 km/hr,12038
12038,Siddhabali Jan Shatabdi Express,JShtb,NR,,,DLI,7:00,KTW,13:50,6h 50m,10,S M T W T F S,2S CC,239 km,35 km/hr,12037
15035-Slip,Uttarakhand Sampark Kranti Express Slip,SKr,NER,,,DLI,16:00,RMR,20:55,4h 55m,5,S M T W T F S,2S CC,238 km,48 km/hr,25036
11706,Rewa - Jabalpur Express,Exp,WCR,,,REWA,14:00,JBP,21:05,7h 5m,24,S M T W T F S,2S CC,238 km,34 km/hr,11705
11705,Jabalpur - Rewa Express,Exp,WCR,,,JBP,7:10,REWA,12:45,5h 35m,24,S M T W T F S,2S CC,238 km,43 km/hr,11706
18258,Chirimiri - Bilaspur Express,Exp,SECR,,,CHRM,22:00,BSP,4:30,6h 30m,11,S M T W T F S,SL 3A,238 km,37 km/hr,18257
18257,Bilaspur - Chirimiri Express,Exp,SECR,,,BSP,23:40,CHRM,6:00,6h 20m,11,S M T W T F S,SL 3A,238 km,38 km/hr,18258
17694,Raichur - Kacheguda MEMU Express (UnReserved),Exp,SCR,,,RC,17:00,KCG,22:35,5h 35m,17,S M T W T F,,238 km,43 km/hr,17693
22189,Madan Mahal - Rewa InterCity Express,SF,WCR,,,MML,17:00,REWA,21:22,4h 22m,11,S M T W T F S,2S CC 3A,242 km,55 km/hr,22190
17693,Kacheguda - Raichur MEMU Express (UnReserved),Exp,SCR,,,KCG,5:25,RC,12:30,7h 5m,18,S M T W T F,,238 km,34 km/hr,17694
19324,Bhopal - Dr. Ambedkar Nagar Intercity Express,Exp,WR,,,BPL,17:10,DADN,22:05,4h 55m,8,S M T W T F S,2S CC,238 km,48 km/hr,19323
19323,Dr. Ambedkar Nagar - Bhopal Intercity Express,Exp,WR,,,DADN,6:25,BPL,10:55,4h 30m,8,S M T W T F S,2S CC,238 km,53 km/hr,19324
18116,Chakradharpur - NSCB Jn. Gomoh MEMU Express (UnReserved),Exp,SER,,,CKP,5:30,GMO,13:30,8h 0m,37,S M T W T F S,,237 km,30 km/hr,18115
18115,NSCB Jn. Gomoh - Chakradharpur MEMU Express (UnReserved),Exp,SER,,,GMO,15:00,CKP,23:20,8h 20m,37,S M T W T F S,,237 km,28 km/hr,18116
17435,Kacheguda - Kurnool City Express (UnReserved),Exp,SCR,,,KCG,18:10,KRNT,23:40,5h 30m,17,S M T W T F S,,236 km,43 km/hr,17436
17436,Kurnool City - Kacheguda Express (UnReserved),Exp,SCR,,,KRNT,7:00,KCG,12:55,5h 55m,33,S M T W T F S,,236 km,40 km/hr,17435
17619,Chhatrapati Sambhaji Nagar - Hazur Sahib Nanded Weekly Express,Exp,SCR,,,CPSN,23:30,NED,4:30,5h 0m,3,S,SL 3A 2A,236 km,47 km/hr,17620
17620,Hazur Sahib Nanded - Chhatrapati Sambhaji Nagar Weekly Express,Exp,SCR,,,NED,11:50,CPSN,16:50,5h 0m,6,F,SL 3A 2A,236 km,47 km/hr,17619
17024,Tungabhadra Express,Exp,SCR,,,KRNT,15:00,KCG,19:55,4h 55m,11,S M T W T F S,2S 3A,236 km,48 km/hr,17023
17023,Tungabhadra Express,Exp,SCR,,,KCG,7:55,KRNT,12:30,4h 35m,13,S M T W T F S,2S 3A,236 km,52 km/hr,17024
14630,Sutlej Express (UnReserved),Exp,NR,,,FZR,17:30,CDG,22:40,5h 10m,10,S M T W T F S,,236 km,46 km/hr,14629
14629,Sutlej Express (UnReserved),Exp,NR,,,CDG,4:55,FZR,9:50,4h 55m,10,S M T W T F S,,236 km,48 km/hr,14630
17004,Ramgiri MEMU Express (UnReserved),Exp,SCR,,,BPQ,16:00,KZJ,21:00,5h 0m,18,S M T W T F S,,235 km,47 km/hr,17003
17036,Balharshah - Kazipet Express (UnReserved),Exp,SCR,,,BPQ,3:50,KZJ,8:50,5h 0m,14,S M T W T F S,,235 km,47 km/hr,17035
17035,Kazipet - Balharshah Express (UnReserved),Exp,SCR,,,KZJ,22:50,BPQ,3:10,4h 20m,13,S M T W T F S,,235 km,54 km/hr,17036
15710,New Jalpaiguri - Malda Town Intercity Express (UnReserved),Exp,NFR,,,NJP,6:30,MLDT,13:00,6h 30m,27,S M T W T F S,,235 km,36 km/hr,15709
15709,Malda Town - New Jalpaiguri Intercity Express (UnReserved),Exp,NFR,,,MLDT,14:30,NJP,22:10,7h 40m,27,S M T W T F S,,235 km,31 km/hr,15710
15103,Gorakhpur - Banaras InterCity Express,Exp,NER,,,GKP,16:15,BNRS,22:00,5h 45m,15,S M T W T F S,2S CC,234 km,41 km/hr,15104
15104,Banaras - Gorakhpur InterCity Express,Exp,NER,,,BNRS,5:30,GKP,11:10,5h 40m,16,S M T W T F S,2S CC,234 km,41 km/hr,15103
15125,Kashi Patna Jan Shatabdi Express,JShtb,NER,,,BNRS,6:15,PNBE,11:20,5h 5m,9,S M T W T F S,2S CC,233 km,46 km/hr,15126
15126,Patna Kashi Jan Shatabdi Express,JShtb,NER,,,PNBE,16:40,BNRS,22:25,5h 45m,9,S M T W T F S,2S CC,233 km,41 km/hr,15125
14305,Delhi - Haridwar Express (via Shamli) (UnReserved),Exp,NR,,,DLI,10:20,HW,17:55,7h 35m,33,S M T W T F S,,232 km,31 km/hr,14306
14306,Haridwar - Delhi Express (via Shamli) (UnReserved),Exp,NR,,,HW,7:30,DLI,15:05,7h 35m,33,S M T W T F S,,232 km,31 km/hr,14305
16366,Nagercoil - Kottayam Express (UnReserved),Exp,SR,,,NCJ,13:00,KTYM,19:45,6h 45m,30,S M T W T F S,,232 km,34 km/hr,56311
16325,Nilambur Road - Kottayam Express,Exp,SR,,,NIL,15:15,KTYM,21:50,6h 35m,27,S M T W T F S,2S,231 km,35 km/hr,16326
16326,Kottayam - Nilambur Road Express,Exp,SR,,,KTYM,5:15,NIL,11:50,6h 35m,26,S M T W T F S,2S,231 km,35 km/hr,16325
13401,Bhagalpur - Danapur Intercity Express,Exp,ER,,,BGP,5:25,DNR,12:35,7h 10m,28,S M T W T F S,2S CC 3A,231 km,32 km/hr,13402
13402,Danapur - Bhagalpur Intercity Express,Exp,ER,,,DNR,16:15,BGP,22:30,6h 15m,28,S M T W T F S,2S CC 3A,231 km,37 km/hr,13401
16722,Madurai - Coimbatore Intercity Express (UnReserved),Exp,SR,,,MDU,7:10,CBE,12:15,5h 5m,19,S M T W T F S,,229 km,45 km/hr,16721
15702,Siliguri - Katihar Intercity Express (via Purnea) (UnReserved),Exp,NFR,,,SGUJ,12:45,KIR,18:15,5h 30m,20,S M T W T F S,,229 km,42 km/hr,15701
15701,Katihar - Siliguri Intercity Express (via Purnea) (UnReserved),Exp,NFR,,,KIR,4:45,SGUJ,10:15,5h 30m,20,S M T W T F S,,229 km,42 km/hr,15702
16721,Coimbatore - Madurai Intercity Express (UnReserved),Exp,SR,,,CBE,14:30,MDU,19:35,5h 5m,19,S M T W T F S,,229 km,45 km/hr,16722
13343,Varanasi - Shaktinagar Intercity MEMU Express (UnReserved),Exp,ECR,,,BSB,14:00,SKTN,22:10,8h 10m,10,T F S,,229 km,28 km/hr,13344
13344,Shaktinagar - Varanasi Intercity MEMU Express (UnReserved),Exp,ECR,,,SKTN,5:00,BSB,12:45,7h 45m,10,S F S,,229 km,30 km/hr,13343
13104,Bhagirathi Express (PT),Exp,ER,,,LGL,6:00,SDAH,10:25,4h 25m,12,S M T W T F S,2S CC,228 km,52 km/hr,13103
13103,Bhagirathi Express,Exp,ER,,,SDAH,18:20,LGL,22:40,4h 20m,12,S M T W T F S,2S CC,228 km,53 km/hr,13104
15132,Varanasi City - Gorakhpur Express,Exp,NER,,,BCY,22:20,GKP,4:25,6h 5m,13,S M T W T F S,SL 3A 2A 3E,228 km,37 km/hr,15131
15131,Gorakhpur - Varanasi City Express,Exp,NER,,,GKP,22:55,BCY,5:05,6h 10m,13,S M T W T F S,SL 3A 2A 3E,228 km,37 km/hr,15132
14501,Ambala Cantt. - Kartoli Punjab Intercity Express,Exp,NR,19-Jul,,UMB,16:00,KRTP,20:25,4h 25m,10,S M T W T F S,SL 3A 2A 1A,227 km,51 km/hr,14502
14502,Kartoli Punjab - Ambala Cantt. Intercity Express,Exp,NR,19-Jul,,KRTP,8:30,UMB,13:20,4h 50m,10,S M T W T F S,SL 3A 2A 1A,227 km,47 km/hr,14501
13421,Nabadwip Dham - Malda Town Express (UnReserved),Exp,ER,,,NDAE,5:20,MLDT,9:30,4h 10m,9,M T,,227 km,55 km/hr,13422
13422,Malda Town - Nabadwip Dham Express (UnReserved),Exp,ER,,,MLDT,17:00,NDAE,21:15,4h 15m,9,M T,,227 km,53 km/hr,13421
13187,Maa Tara Express,Exp,ER,,,SDAH,7:20,RPH,11:55,4h 35m,8,S M T W T F S,2S CC 3A,226 km,49 km/hr,13188
13188,Maa Tara Express,Exp,ER,,,RPH,14:10,SDAH,18:45,4h 35m,8,S M T W T F S,2S CC 3A,226 km,49 km/hr,13187
16211,Yesvantpur - Salem Express (UnReserved),Exp,SWR,,,YPR,15:55,SA,21:45,5h 50m,20,S M T W T F S,,225 km,39 km/hr,16212
16212,Salem - Yesvantpur Express (UnReserved),Exp,SWR,,,SA,5:20,YPR,11:15,5h 55m,20,S M T W T F S,,225 km,38 km/hr,16211
13118,Dhano Dhanye Express,Exp,ER,,,LGL,7:20,KOAA,11:20,4h 0m,9,M W F S,2S CC,225 km,56 km/hr,13117
13117,Dhano Dhanye Express,Exp,ER,,,KOAA,16:10,LGL,20:30,4h 20m,9,S T T F,2S CC,225 km,52 km/hr,13118
13113,Hazarduari Express (PT),Exp,ER,,,KOAA,6:50,LGL,11:05,4h 15m,12,S M T W T F S,2S CC 3A,225 km,53 km/hr,13114
13114,Hazarduari Express (PT),Exp,ER,,,LGL,16:50,KOAA,21:25,4h 35m,12,S M T W T F S,2S CC 3A,225 km,49 km/hr,13113
14613,SAS Nagar Mohali - Firozpur Cantt Express (UnReserved),Exp,NR,,,SASN,17:35,FZR,22:30,4h 55m,6,S M T W T F S,,225 km,46 km/hr,14614
14614,Firozpur Cantt - SAS Nagar Mohali Express (UnReserved),Exp,NR,,,FZR,5:00,SASN,9:55,4h 55m,6,S M T W T F S,,225 km,46 km/hr,14613
15112,Varanasi City - Chhapra InterCity Express (UnReserved),Exp,NER,,,BCY,18:45,CPR,23:50,5h 5m,14,S M T W T F S,,225 km,44 km/hr,15111
15111,Chhapra - Varanasi City InterCity Express (UnReserved),Exp,NER,,,CPR,5:30,BCY,10:30,5h 0m,14,S M T W T F S,,225 km,45 km/hr,15112
17348,Chitradurga - SSS Hubballi MEMU Express (UnReserved),Exp,SWR,,,CTA,13:35,UBL,18:35,5h 0m,25,S M T W T F S,,224 km,45 km/hr,17347
17347,SSS Hubballi - Chitradurga MEMU Express (UnReserved),Exp,SWR,,,UBL,7:20,CTA,13:25,6h 5m,25,S M T W T F S,,224 km,37 km/hr,17348
15130,Varanasi City - Gorakhpur Cantt InterCity Express (UnReserved),Exp,NER,,,BCY,11:50,GKC,17:00,5h 10m,15,S M T W T F S,,224 km,43 km/hr,15129
15129,Gorakhpur Cantt - Varanasi City InterCity Express (UnReserved),Exp,NER,,,GKC,10:30,BCY,16:00,5h 30m,15,S M T W T F S,,224 km,41 km/hr,15130
13309,Chopan - Prayagraj Express (UnReserved),Exp,ECR,,,CPU,6:00,PRYJ,13:00,7h 0m,21,S M T W T F S,,223 km,32 km/hr,13310
13310,Prayagraj - Chopan Express (UnReserved),Exp,ECR,,,PRYJ,14:50,CPU,23:25,8h 35m,21,S M T W T F S,,223 km,26 km/hr,13309
15912,Naharlagun - Tinsukia Express,Exp,NFR,,,NHLN,7:40,TSK,14:00,6h 20m,9,M T F,2S CC,223 km,35 km/hr,15911
15911,Tinsukia - Naharlagun Express,Exp,NFR,,,TSK,15:35,NHLN,21:50,6h 15m,9,S W T,2S CC,223 km,36 km/hr,15912
15908,Naharlagun - Tinsukia Express,Exp,NFR,,,NHLN,5:45,TSK,11:30,5h 45m,10,S M W T S,CC,223 km,39 km/hr,15907
15907,Tinsukia - Naharlagun Express,Exp,NFR,,,TSK,13:35,NHLN,19:30,5h 55m,9,S T W F S,CC,223 km,38 km/hr,15908
18037,Kharagpur - Jajpur Keonjhar Road Express (UnReserved),Exp,SER,,,KGP,16:15,JJKR,22:15,6h 0m,34,S M T W T F S,,222 km,37 km/hr,18038
18038,Jajpur Keonjhar Road - Kharagpur Express (UnReserved),Exp,SER,,,JJKR,6:20,KGP,12:20,6h 0m,34,S M T W T F S,,222 km,37 km/hr,18037
13207,Jasidih - Patna MEMU Express (UnReserved),Exp,ECR,,,JSME,17:10,PNBE,1:10,8h 0m,51,S M T W T F S,,221 km,28 km/hr,13208
13208,Patna - Jasidih MEMU Express (UnReserved),Exp,ECR,,,PNBE,8:55,JSME,16:52,7h 57m,52,S M T W T F S,,221 km,28 km/hr,13207
16304,Vanchinad Express,Exp,SR,,,TVC,17:45,ERS,22:55,5h 10m,17,S M T W T F S,2S CC,220 km,43 km/hr,16303
16303,Vanchinad Express,Exp,SR,,,ERS,5:10,TVC,10:00,4h 50m,17,S M T W T F S,2S CC,220 km,46 km/hr,16304
12384,Asansol - Sealdah SF InterCity Express,SF,ER,,,ASN,6:40,SDAH,10:45,4h 5m,8,M T W T F S,2S 3A,220 km,54 km/hr,12383
12383,Sealdah - Asansol SF InterCity Express,SF,ER,,,SDAH,17:07,ASN,21:10,4h 3m,8,M T W T F S,2S 3A,220 km,54 km/hr,12384
16611,Palakkad - Kannur Express (UnReserved),Exp,SR,16-Mar,,PGT,13:50,CAN,19:25,5h 35m,14,S M T W T F S,,219 km,39 km/hr,16610
18601,Tatanagar - Hatia Express (UnReserved),Exp,SER,,,TATA,11:50,HTE,18:50,7h 0m,27,S M T W T F S,,219 km,31 km/hr,18602
75705,Radhikapur - Siliguri DEMU Intercity Express (UnReserved),Exp,NFR,,,RDP,17:30,SGUJ,23:00,5h 30m,14,S M T W T F S,,218 km,40 km/hr,75706
75706,Siliguri - Radhikapur DEMU Intercity Express (UnReserved),Exp,NFR,,,SGUJ,6:00,RDP,10:55,4h 55m,14,S M T W T F S,,218 km,44 km/hr,75705
18602,Hatia - Tatanagar Express (UnReserved),Exp,SER,,,HTE,3:45,TATA,11:00,7h 15m,27,S M T W T F S,,216 km,30 km/hr,18601
19621,Phulera - Rewari Express (UnReserved),Exp,NWR,,,FL,2:40,RE,7:35,4h 55m,24,S M T W T F S,,216 km,44 km/hr,19622
19622,Rewari - Phulera Express (UnReserved),Exp,NWR,,,RE,19:35,FL,0:40,5h 5m,26,S M T W T F S,,216 km,42 km/hr,19621
19620,Rewari - Phulera Express (UnReserved),Exp,NWR,,,RE,4:15,FL,9:20,5h 5m,26,S M T W T F S,,216 km,42 km/hr,19619
11901,Virangana Lakshmibai Jhansi - Agra Cantt. Express,Exp,NCR,,,VGLJ,16:00,AGC,21:40,5h 40m,23,S M T W T F S,SL,216 km,38 km/hr,11902
11808,Agra Cantt - VGL Jhansi MEMU Express (UnReserved),Exp,NCR,,,AGC,14:40,VGLJ,20:05,5h 25m,12,S M T W T F S,,216 km,40 km/hr,11807
11902,Agra Cantt. - Virangana Lakshmibai Jhansi Express,Exp,NCR,,,AGC,6:30,VGLJ,12:50,6h 20m,23,S M T W T F S,SL,216 km,34 km/hr,11901
11807,VGL Jhansi - Agra Cantt MEMU Express (UnReserved),Exp,NCR,,,VGLJ,6:20,AGC,11:05,4h 45m,12,S M T W T F S,,216 km,45 km/hr,11808
11904,Etawah - Virangana Lakshmibai Jhansi Intercity Express,Exp,NCR,,,ETW,5:00,VGLJ,10:15,5h 15m,7,S M T W T F S,SL,216 km,41 km/hr,11903
11903,Virangana Lakshmibai Jhansi - Etawah Intercity Express,Exp,NCR,,,VGLJ,17:15,ETW,22:00,4h 45m,7,S M T W T F S,SL,216 km,45 km/hr,11904
19619,Phulera - Rewari Express (UnReserved),Exp,NWR,,,FL,12:40,RE,17:40,5h 0m,26,S M T W T F S,,216 km,43 km/hr,19620
15506,Patliputra - Saharsa Janhit Express,Exp,ECR,,,PPTA,9:20,SHC,15:00,5h 40m,9,M F,SL 3A 2A 3E,215 km,38 km/hr,15505
15505,Saharsa - Patliputra Janhit Express,Exp,ECR,,,SHC,23:15,PPTA,4:50,5h 35m,9,M F,SL 3A 2A 3E,215 km,38 km/hr,15506
18756,Ambikapur - Shahdol Express,Exp,SECR,,,ABKP,9:00,SDL,13:30,4h 30m,11,S M T W T F S,SL,214 km,48 km/hr,18755
18755,Shahdol - Ambikapur Express,Exp,SECR,,,SDL,14:30,ABKP,20:15,5h 45m,11,S M T W T F S,SL,214 km,37 km/hr,18756
17257,Vijayawada - Kakinada Port MEMU Express (UnReserved),Exp,SCoR,,,BZA,18:15,COA,23:35,5h 20m,18,S M T W T F S,,214 km,40 km/hr,17258
16089,Yelagiri Express,Exp,SR,,,MAS,17:55,JTJ,22:30,4h 35m,15,S M T W T F S,CC,214 km,47 km/hr,16090
16090,Yelagiri Express,Exp,SR,,,JTJ,5:00,MAS,9:10,4h 10m,14,S M T W T F S,CC,214 km,51 km/hr,16089
17258,Kakinada Port - Vijayawada MEMU Express (UnReserved),Exp,SCoR,,,COA,4:10,BZA,9:30,5h 20m,19,S M T W T F S,,214 km,40 km/hr,17257
15504,Patna - Saharsa Rajya Rani Express,Exp,ECR,,,PNBE,12:20,SHC,16:35,4h 15m,7,S T,CC 3E,214 km,50 km/hr,15503
15503,Saharsa - Patna Rajya Rani Express,Exp,ECR,,,SHC,7:15,PNBE,11:30,4h 15m,7,M F,CC 3E,214 km,50 km/hr,15504
14110,Kanpur Central - Chitrakutdham Karwi InterCity Express (Via Banda) (UnReserved),Exp,NCR,,,CNB,11:05,CKTD,15:30,4h 25m,10,S M T W T F S,,213 km,48 km/hr,14109
14109,Chitrakutdham Karwi - Kanpur Central InterCity Express (Via Banda) (UnReserved),Exp,NCR,,,CKTD,14:40,CNB,19:55,5h 15m,10,S M T W T F S,,213 km,41 km/hr,14110
17333,Miraj - Castle Rock Express (UnReserved),Exp,SWR,,,MRJ,11:55,CLR,17:45,5h 50m,19,S M T W T F S,,213 km,37 km/hr,17334
17334,Castle Rock - Miraj Express (UnReserved),Exp,SWR,,,CLR,18:45,MRJ,0:30,5h 45m,19,S M T W T F S,,213 km,37 km/hr,17333
18312,Boudh - Sambalpur Express,Exp,ECoR,,,BOUH,12:45,SBP,18:00,5h 15m,9,T,SL 3A 2A,212 km,40 km/hr,18311
18311,Sambalpur - Boudh Express,Exp,ECoR,,,SBP,19:25,BOUH,0:40,5h 15m,9,S,SL 3A 2A,212 km,40 km/hr,18312
14102,Kanpur Central - Prayagraj Sangam InterCity Express (UnReserved),Exp,NCR,,,CNB,9:40,PYGS,14:45,5h 5m,12,S M T W T F S,,212 km,42 km/hr,14101
14101,Prayagraj Sangam - Kanpur Central InterCity Express (UnReserved),Exp,NCR,,,PYGS,16:20,CNB,21:05,4h 45m,12,S M T W T F S,,212 km,45 km/hr,14102
13227,Saharsa - Rajendra Nagar Terminal InterCity Express,Exp,ECR,,,SHC,15:05,RJPB,21:35,6h 30m,14,S M T W T F S,CC 3E,212 km,33 km/hr,13228
13228,Rajendra Nagar Terminal - Saharsa InterCity Express,Exp,ECR,,,RJPB,7:15,SHC,13:30,6h 15m,14,S M T W T F S,CC 3E,212 km,34 km/hr,13227
18034,Ghatsila - Howrah MEMU Express (UnReserved),Exp,SER,,,GTS,14:35,HWH,19:20,4h 45m,20,S M T W T F,,212 km,45 km/hr,18033
18033,Howrah - Ghatsila MEMU Express (UnReserved),Exp,SER,,,HWH,10:10,GTS,14:25,4h 15m,20,S M T W T F,,212 km,50 km/hr,18034
13209,Patna - Pt. Deen Dayal Upadhyaya Jn. MEMU Express (UnReserved),Exp,ECR,,,PNBE,7:30,DDU,14:40,7h 10m,42,S M T W T F S,,211 km,29 km/hr,13210
13210,Pt. Deen Dayal Upadhyaya Jn. - Patna MEMU Express (UnReserved),Exp,ECR,,,DDU,15:35,PNBE,22:00,6h 25m,39,S M T W T F S,,211 km,33 km/hr,13209
17304,Sindhanur - SSS Hubballi Express (UnReserved),Exp,SWR,,,SNNR,5:15,UBL,9:50,4h 35m,15,S M T W T F S,,211 km,46 km/hr,17303
17303,SSS Hubballi - Sindhanur Express (UnReserved),Exp,SWR,,,UBL,18:00,SNNR,22:45,4h 45m,15,S M T W T F S,,211 km,44 km/hr,17304
18028,Asansol - Kharagpur MEMU Express (UnReserved),Exp,SER,,,ASN,17:05,KGP,22:45,5h 40m,29,S M T W T F S,,210 km,37 km/hr,18027
18027,Kharagpur - Asansol MEMU Express (UnReserved),Exp,SER,,,KGP,6:10,ASN,11:35,5h 25m,29,S M T W T F S,,210 km,39 km/hr,18028
17238,Chennai Central Suburban - Bitragunta MEMU Express,Exp,SCoR,,,MASS,16:30,BTTR,20:55,4h 25m,11,M T W T F,2S,210 km,48 km/hr,17237
17237,Bitragunta - MGR Chennai Central MEMU Express,Exp,SCoR,,,BTTR,4:25,MAS,9:05,4h 40m,12,M T W T F,2S,210 km,45 km/hr,17238
13346,Singrauli - Varanasi MEMU Intercity Express (UnReserved),Exp,ECR,,,SGRL,5:30,BSB,12:45,7h 15m,8,M T W T,,210 km,29 km/hr,13345
13345,Varanasi - Singrauli MEMU Intercity Express (UnReserved),Exp,ECR,,,BSB,14:00,SGRL,22:00,8h 0m,8,S M T W,,210 km,26 km/hr,13346
17683,Akola - Purna Express (UnReserved),Exp,SCR,,,AK,22:15,PAU,2:00,3h 45m,3,S M T W T F S,,208 km,55 km/hr,17684
17684,Purna - Akola Express (UnReserved),Exp,SCR,,,PAU,23:50,AK,4:20,4h 30m,3,S M T W T F S,,208 km,46 km/hr,17683
19002,Surat - Virar Intercity Express (UnReserved),Exp,WR,,,ST,4:15,VR,10:10,5h 55m,28,S M T W T F S,,208 km,35 km/hr,19001
19001,Virar - Surat Intercity Express (UnReserved),Exp,WR,,,VR,17:00,ST,23:20,6h 20m,27,S M T W T F S,,208 km,33 km/hr,19002
19102,Surat - Virar MEMU Express (UnReserved),Exp,WR,,,ST,16:45,VR,22:22,5h 37m,30,S M T W T F S,,208 km,37 km/hr,
16609,Thrissur - Kannur Express (UnReserved),Exp,SR,,,TCR,6:45,CAN,12:30,5h 45m,25,S M T W T F S,,208 km,36 km/hr,
12347,Sahid Express,SF,ER,,,HWH,12:15,RPH,15:50,3h 35m,7,S M T W T F S,2S SL CC 3A,207 km,58 km/hr,12348
12348,Sahid Express,SF,ER,,,RPH,16:40,HWH,20:15,3h 35m,7,S M T W T F S,2S SL CC 3A,207 km,58 km/hr,12347
15507,Darbhanga - Patliputra MEMU Intercity Express (UnReserved),Exp,ECR,,,DBG,2:40,PPTA,8:00,5h 20m,11,S M T W T F S,,207 km,39 km/hr,15508
15508,Patliputra - Darbhanga MEMU Intercity Express (UnReserved),Exp,ECR,,,PPTA,19:30,DBG,1:30,6h 0m,11,S M T W T F S,,207 km,35 km/hr,15507
16567,Tumakuru - Shivamogga Town Express (UnReserved),Exp,SWR,,,TK,18:40,SMET,23:50,5h 10m,26,S M T W T F S,,205 km,40 km/hr,16568
16568,Shivamogga Town - Tumakuru Express (UnReserved),Exp,SWR,,,SMET,4:00,TK,9:10,5h 10m,26,S M T W T F S,,205 km,40 km/hr,16567
14895,Bhagat Ki Kothi - Barmer DEMU Express (UnReserved),Exp,NWR,,,BGKT,4:15,BME,9:20,5h 5m,21,S M T W T F S,,205 km,40 km/hr,14896
14896,Barmer - Bhagat Ki Kothi DEMU Express (UnReserved),Exp,NWR,,,BME,10:00,BGKT,15:40,5h 40m,21,S M T W T F S,,205 km,36 km/hr,14895
15719,Katihar - Siliguri Intercity Express (via Barsoi) (UnReserved),Exp,NFR,,,KIR,6:05,SGUJ,11:05,5h 0m,17,S M T W T F S,,203 km,41 km/hr,15720
15720,Siliguri - Katihar Intercity Express (via Barsoi) (UnReserved),Exp,NFR,,,SGUJ,14:00,KIR,19:15,5h 15m,17,S M T W T F S,,203 km,39 km/hr,15719
19208,Rajkot - Porbandar Express (UnReserved),Exp,WR,,,RJT,16:00,PBR,21:15,5h 15m,16,S M T W T F S,,202 km,38 km/hr,19207
19205,Bhavnagar Para - Mahuva Express (UnReserved),Exp,WR,,,BVP,9:40,MHV,14:35,4h 55m,22,S M T W T F S,,199 km,41 km/hr,19206
19207,Porbandar - Rajkot Express (UnReserved),Exp,WR,,,PBR,5:45,RJT,10:20,4h 35m,16,S M T W T F S,,202 km,44 km/hr,19208
14201,Jaunpur Jn. - Rae Bareli Express (UnReserved),Exp,NR,,,JNU,16:30,RBL,21:55,5h 25m,11,S M T W T F S,,202 km,37 km/hr,14202
14202,Rae Bareli - Jaunpur Jn. Express (UnReserved),Exp,NR,,,RBL,7:35,JNU,12:20,4h 45m,11,S M T W T F S,,202 km,43 km/hr,14201
19571,Rajkot - Porbandar Express (UnReserved),Exp,WR,,,RJT,7:25,PBR,11:55,4h 30m,16,S M T W T F S,,202 km,45 km/hr,19572
19572,Porbandar - Rajkot Express (UnReserved),Exp,WR,,,PBR,16:20,RJT,21:20,5h 0m,16,S M T W T F S,,202 km,40 km/hr,19571
14510,Bathinda - Ambala Cantt Express (UnReserved),Exp,NR,,,BTI,18:00,UMB,22:30,4h 30m,17,S M T W T F S,,201 km,45 km/hr,14509
14688,Badgam - SMVD Katra DEMU Express,Exp,NR,19-Oct,,BDGM,7:20,SVDK,13:00,5h 40m,12,M T W T F S,EV,200 km,35 km/hr,14687
14687,SMVD Katra - Badgam DEMU Express,Exp,NR,19-Oct,,SVDK,13:45,BDGM,20:00,6h 15m,12,M T W T F S,EV,200 km,32 km/hr,14688
12341,Agnibina Express,SF,ER,,,HWH,18:20,ASN,21:30,3h 10m,6,S M T W T F S,2S CC,200 km,63 km/hr,12342
12342,Agnibina Express,SF,ER,,,ASN,5:30,HWH,9:00,3h 30m,6,S M T W T F S,2S CC,200 km,57 km/hr,12341
19206,Mahuva - Bhavnagar Para Express (UnReserved),Exp,WR,,,MHV,15:10,BVP,20:00,4h 50m,22,S M T W T F S,,199 km,41 km/hr,19205
18250,Hasdeo Express,Exp,SECR,,,KRBA,6:30,R,10:35,4h 5m,7,S M T W T F S,2S CC 3A,199 km,49 km/hr,18249
18249,Hasdeo Express,Exp,SECR,,,R,18:00,KRBA,21:50,3h 50m,7,S M T W T F S,2S CC 3A,199 km,52 km/hr,18250
14234,Saryu Express,Exp,NR,,,MUR,2:50,PYGS,8:25,5h 35m,13,S M T W T F S,CC,199 km,36 km/hr,14233
12930,Vadodara - Valsad Intercity SF Express,SF,WR,,,BJW,16:45,BL,20:45,4h 0m,12,S M T W T F S,2S CC,206 km,51 km/hr,12929
12929,Valsad - Vadodara Intercity SF Express,SF,WR,,,BL,7:15,BRC,10:40,3h 25m,11,S M T W T F S,2S CC,199 km,58 km/hr,12930
14233,Saryu Express,Exp,NR,,,PYGS,18:50,MUR,0:55,6h 5m,13,S M T W T F S,CC,199 km,33 km/hr,14234
14215,Ganga Gomti Express,Exp,NR,,,PYGS,5:40,LKO,9:55,4h 15m,10,S M T W T F S,CC,198 km,47 km/hr,14216
14216,Ganga Gomti Express,Exp,NR,,,LKO,18:15,PYGS,22:25,4h 10m,10,S M T W T F S,CC,198 km,47 km/hr,14215
14210,Lucknow - Prayagraj Sangam Intercity Express,Exp,NR,,,LKO,7:35,PYGS,11:45,4h 10m,9,S M T W T F S,CC,198 km,47 km/hr,14209
14209,Prayagraj Sangam - Lucknow Intercity Express,Exp,NR,,,PYGS,15:20,LKO,19:35,4h 15m,9,S M T W T F S,CC,198 km,47 km/hr,14210
16115,Chennai Egmore - Puducherry Express,Exp,SR,,,MS,18:10,PDY,22:15,4h 5m,11,S M T W T F S,2S,196 km,48 km/hr,16116
16116,Puducherry - Chennai Egmore Express,Exp,SR,,,PDY,5:35,MS,9:30,3h 55m,10,S M T W T F S,2S,196 km,50 km/hr,16115
14211,Gwalior - New Delhi Intercity Express,Exp,NR,,,AGC,5:45,NDLS,10:00,4h 15m,16,S M T W T F S,2S CC 2A 1A,195 km,46 km/hr,14212
14212,New Delhi - Agra Cantt Intercity Express,Exp,NR,,,NDLS,17:40,AGC,22:05,4h 25m,16,S M T W T F S,2S CC 2A 1A,195 km,44 km/hr,14211
13250,Bhabua Road - Patna Intercity Express (via Ara),Exp,ECR,,,BBU,11:10,PNBE,16:30,5h 20m,12,S M T W T F S,CC,194 km,36 km/hr,13249
13249,Patna - Bhabua Road Intercity Express (via Ara),Exp,ECR,,,PNBE,5:15,BBU,10:10,4h 55m,12,S M T W T F S,CC,194 km,39 km/hr,13250
11010,Sinhagad Express,Exp,CR,,,PUNE,6:05,CSMT,9:55,3h 50m,8,S M T W T F S,2S CC,192 km,50 km/hr,11009
11009,Sinhagad Express,Exp,CR,,,CSMT,17:50,PUNE,21:50,4h 0m,9,S M T W T F S,2S CC,192 km,48 km/hr,11010
22106,Indrayani SF Express,SF,CR,,,PUNE,18:35,CSMT,22:00,3h 25m,6,S M T W T F S,2S CC,192 km,56 km/hr,22105
22105,Indrayani SF Express,SF,CR,,,CSMT,5:40,PUNE,9:05,3h 25m,6,S M T W T F S,2S CC,192 km,56 km/hr,22106
11007,Deccan Express,Exp,CR,,,CSMT,7:00,PUNE,11:05,4h 5m,9,S M T W T F S,2S CC EV,192 km,47 km/hr,11008
11008,Deccan Express,Exp,CR,,,PUNE,15:27,CSMT,19:15,3h 48m,9,S M T W T F S,2S CC EV,192 km,50 km/hr,11007
12128,Pune - Mumbai CSMT Intercity SF Express,SF,CR,,,PUNE,17:50,CSMT,21:05,3h 15m,4,S M T W T F S,2S CC,192 km,59 km/hr,12127
12127,Mumbai CSMT - Pune Intercity SF Express,SF,CR,,,CSMT,6:40,PUNE,10:00,3h 20m,4,S M T W T F S,2S CC,192 km,57 km/hr,12128
15815,Guwahati - Dekargaon Intercity Express (UnReserved),Exp,NFR,,,GHY,16:55,DKGN,22:50,5h 55m,12,S M T W T F S,,190 km,32 km/hr,15816
15816,Dekargaon - Guwahati Intercity Express (UnReserved),Exp,NFR,,,DKGN,5:10,GHY,11:05,5h 55m,12,S M T W T F S,,190 km,32 km/hr,15815
12125,Pragati Express,SF,CR,,,CSMT,16:25,PUNE,19:50,3h 25m,6,S M T W T F S,2S CC EV,188 km,55 km/hr,12126
12126,Pragati Express,SF,CR,,,PUNE,7:45,CSMT,11:25,3h 40m,5,S M T W T F S,2S CC EV,188 km,51 km/hr,12125
15062,Lal Kuan - Kasganj Express (UnReserved),Exp,NER,,,LKU,20:00,KSJ,0:45,4h 45m,11,S M T W T F S,,188 km,39 km/hr,15061
15061,Kasganj - Lal Kuan Express (UnReserved),Exp,NER,,,KSJ,17:10,LKU,21:55,4h 45m,13,S M T W T F S,,188 km,39 km/hr,15062
22898,Kandari Express,SF,SER,,,DGHA,19:20,HWH,22:40,3h 20m,6,S M T W T F S,2S SL CC 3A 3E,185 km,56 km/hr,22897
22897,Kandari Express,SF,SER,,,HWH,15:00,DGHA,18:20,3h 20m,6,S M T W T F S,2S SL CC 3A 3E,185 km,56 km/hr,22898
12858,Tamralipta Express (PT),SF,SER,,,DGHA,10:35,HWH,13:55,3h 20m,6,S M T W T F S,2S SL CC 3A 3E,185 km,56 km/hr,12857
12857,Tamralipta Express (PT),SF,SER,,,HWH,6:45,DGHA,10:05,3h 20m,6,S M T W T F S,2S SL CC 3A 3E,185 km,56 km/hr,12858
17410,Hazur Sahib Nanded - Adilabad Intercity Express,Exp,SCoR,,,NED,15:05,ADB,18:55,3h 50m,7,S M T W T F S,SL 3A,185 km,48 km/hr,17409
17409,Adilabad - Hazur Sahib Nanded Intercity Express,Exp,SCoR,,,ADB,8:00,NED,11:55,3h 55m,7,S M T W T F S,SL 3A,185 km,47 km/hr,17410
17003,Ramgiri MEMU Express (UnReserved),Exp,SCR,,,KZJ,5:25,SRUR,9:45,4h 20m,14,S M T W T F S,,183 km,42 km/hr,17004
20950,Ekta Nagar - Ahmedabad Jan Shatabdi Express,JShtb,WR,,,EKNR,20:55,ADI,23:55,3h 0m,3,S M T W T F S,2S CC Ex EV,182 km,61 km/hr,20947
20947,Ahmedabad - Ekta Nagar Jan Shatabdi Express,JShtb,WR,,,ADI,7:55,EKNR,10:50,2h 55m,3,S M T W T F S,2S CC Ex EV,182 km,62 km/hr,20950
13302,Swarna Rekha Express,Exp,ECR,,,ADTP,15:35,DHN,22:25,6h 50m,8,S M T W T F S,2S CC,182 km,27 km/hr,13301
13301,Swarna Rekha Express,Exp,ECR,,,DHN,5:30,ADTP,12:05,6h 35m,8,S M T W T F S,2S CC,182 km,28 km/hr,13302
20412,Saharanpur - Delhi MEMU SF Express (UnReserved),SF,NR,,,SRE,19:15,DLI,22:10,2h 55m,4,S M T W T F S,,181 km,62 km/hr,20411
20411,Delhi - Saharanpur MEMU SF Express (UnReserved),SF,NR,,,DLI,9:40,SRE,12:55,3h 15m,4,S M T W T F S,,181 km,56 km/hr,20412
12119,Amravati - Ajni (Nagpur) Intercity SF Express (UnReserved),SF,CR,,,AMI,5:30,AJNI,8:25,2h 55m,6,S M T W T F S,,178 km,61 km/hr,12120
12120,Ajni (Nagpur) - Amravati Intercity SF Express (UnReserved),SF,CR,,,AJNI,18:20,AMI,21:35,3h 15m,6,S M T W T F S,,178 km,55 km/hr,12119
22680,Hassan - Yesvantpur MEMU InterCity SF Express (UnReserved),SF,SWR,,,HAS,7:00,YPR,10:05,3h 5m,8,S M T W T F S,,174 km,57 km/hr,22679
22679,Yesvantpur - Hassan MEMU InterCity SF Express (UnReserved),SF,SWR,,,YPR,18:00,HAS,21:05,3h 5m,8,S M T W T F S,,174 km,57 km/hr,22680
18414,Puri - Paradeep Intercity Express (UnReserved),Exp,ECoR,,,PURI,6:15,PRDP,10:30,4h 15m,11,S M T W T F S,,173 km,41 km/hr,18413
18413,Paradeep - Puri Intercity Express (UnReserved),Exp,ECoR,,,PRDP,18:00,PURI,22:25,4h 25m,11,S M T W T F S,,173 km,39 km/hr,18414
17281,Guntur - Narasapur Express,Exp,SCoR,,,GNT,17:45,NS,22:35,4h 50m,21,S M T W T F S,2S,171 km,35 km/hr,17282
17282,Narasapur - Guntur Express,Exp,SCoR,,,NS,6:15,GNT,12:00,5h 45m,20,S M T W T F S,2S,171 km,30 km/hr,17281
15778,Alipurduar Jn. - New Jalpaiguri Tourist Express,Exp,NFR,,,APDJ,14:00,NJP,20:25,6h 25m,13,S M T W T F S,CC EV,168 km,26 km/hr,15777
15777,New Jalpaiguri - Alipurduar Jn. Tourist Express,Exp,NFR,,,NJP,7:05,APDJ,13:05,6h 0m,13,S M T W T F S,2S CC EV,168 km,28 km/hr,15778
17268,Visakhapatnam - Kakinada Port MEMU Express (UnReserved),Exp,SCoR,,,VSKP,17:00,COA,22:10,5h 10m,16,S M T W T F S,,165 km,32 km/hr,17267
17267,Kakinada Port - Visakhapatnam MEMU Express (UnReserved),Exp,SCoR,,,COA,4:50,VSKP,9:40,4h 50m,16,S M T W T F S,,165 km,34 km/hr,17268
14545,Delhi - Saharanpur MEMU Express (Via Shamli) (UnReserved),Exp,NR,,,DLI,17:15,SRE,21:40,4h 25m,20,S M T W T F S,,165 km,37 km/hr,14546
14546,Saharanpur - Delhi MEMU Express (Via Shamli) (UnReserved),Exp,NR,,,SRE,6:15,DLI,10:30,4h 15m,20,S M T W T F S,,165 km,39 km/hr,14545
17009,Bidar - Hyderabad Intercity Express (UnReserved),Exp,SCR,,,BIDR,6:15,HYB,10:15,4h 0m,8,S M T W T F S,,164 km,41 km/hr,17012
13303,Dhanbad - Ranchi Intercity Express,Exp,ECR,,,DHN,5:40,RNC,10:00,4h 20m,6,S M T W T F S,CC,162 km,37 km/hr,13304
13304,Ranchi - Dhanbad Intercity Express,Exp,ECR,,,RNC,17:05,DHN,21:30,4h 25m,6,S M T W T F S,CC,162 km,37 km/hr,13303
15767,Siliguri - Alipurduar Jn. Intercity Express (UnReserved),Exp,NFR,,,SGUJ,17:00,APDJ,23:15,6h 15m,19,S M T W T F S,,161 km,26 km/hr,15768
15768,Alipurduar Jn. - Siliguri Intercity Express (UnReserved),Exp,NFR,,,APDJ,5:45,SGUJ,10:40,4h 55m,19,S M T W T F S,,161 km,33 km/hr,15767
15215,Muzaffarpur - Narkatiaganj MEMU Intercity Express (UnReserved),Exp,ECR,,,MFP,7:35,NKE,11:45,4h 10m,12,S M T W T F S,,160 km,38 km/hr,15216
15216,Narkatiaganj - Muzaffarpur MEMU Intercity Express (UnReserved),Exp,ECR,,,NKE,13:55,MFP,17:55,4h 0m,12,S M T W T F S,,160 km,40 km/hr,15215
13511,Adityapur - Asansol Express,Exp,ER,,,ADTP,13:25,ASN,17:55,4h 30m,7,S T F,2S CC,160 km,36 km/hr,13512
13512,Asansol - Adityapur Express,Exp,ER,,,ASN,9:00,ADTP,12:50,3h 50m,7,S T F,2S CC,160 km,42 km/hr,13511
15555,Patliputra - Bapudham Motihari MEMU Intercity Express (UnReserved),Exp,ECR,,,PPTA,19:00,BMKI,22:50,3h 50m,9,S M T W T F S,,155 km,40 km/hr,15556
15556,Bapudham Motihari - Patliputra MEMU Intercity Express (UnReserved),Exp,ECR,,,BMKI,5:55,PPTA,9:35,3h 40m,9,S M T W T F S,,155 km,42 km/hr,15555
17328,Kushtagi - SSS Hubballi Express (UnReserved),Exp,SWR,,,KHTI,6:45,UBL,10:40,3h 55m,17,S M T W T F S,,154 km,39 km/hr,17327
17327,SSS Hubballi - Kushtagi Express (UnReserved),Exp,SWR,,,UBL,17:00,KHTI,21:00,4h 0m,17,S M T W T F S,,154 km,38 km/hr,17328
16550,Kolar - KSR Bengaluru MEMU Express (UnReserved),Exp,SWR,,,KQZ,6:15,SBC,9:35,3h 20m,22,M T W T F S,,149 km,45 km/hr,16549
16549,KSR Bengaluru - Kolar MEMU Express (UnReserved),Exp,SWR,,,SBC,18:20,KQZ,21:43,3h 23m,22,M T W T F S,,149 km,44 km/hr,16550
16204,Tirupati - M.G.R Chennai Central Express,Exp,SWR,,,TPTY,6:30,MAS,10:10,3h 40m,9,S M T W T F S,SL 3A 2A 1A,147 km,40 km/hr,16203
16054,Tirupati - MGR Chennai Central Express,Exp,SR,,,TPTY,10:10,MAS,13:30,3h 20m,7,S M T W T F S,2S CC,147 km,44 km/hr,16053
16203,M.G.R Chennai Central - Tirupati Express,Exp,SWR,,,MAS,16:35,TPTY,20:45,4h 10m,8,S M T W T F S,SL 3A 2A 1A,147 km,35 km/hr,16204
16053,MGR Chennai Central - Tirupati Express,Exp,SR,,,MAS,14:40,TPTY,17:50,3h 10m,6,S M T W T F S,2S CC,147 km,46 km/hr,16054
16058,Sapthagiri Express,Exp,SR,,,TPTY,18:05,MAS,22:15,4h 10m,8,S M T W T F S,2S CC,147 km,35 km/hr,16057
16057,Sapthagiri Express,Exp,SR,,,MAS,6:30,TPTY,9:50,3h 20m,7,S M T W T F S,2S CC,147 km,44 km/hr,16058
12338,Shantiniketan Express,SF,ER,,,BHP,13:15,HWH,16:00,2h 45m,2,S M T W T F S,2S CC,146 km,53 km/hr,12337
12337,Shantiniketan Express,SF,ER,,,HWH,10:00,BHP,12:15,2h 15m,2,S M T W T F S,2S CC,146 km,65 km/hr,12338
16520,KSR Bengaluru - Jolarpettai MEMU Express (UnReserved),Exp,SWR,,,SBC,17:30,JTJ,21:00,3h 30m,15,S M T W T F S,,145 km,41 km/hr,16519
16519,Jolarpettai - KSR Bengaluru MEMU Express (UnReserved),Exp,SWR,,,JTJ,4:30,SBC,7:50,3h 20m,16,S M T W T F S,,145 km,43 km/hr,16520
16086,Jolarpettai - Arakkonam MEMU Express (UnReserved),Exp,SR,,,JTJ,6:55,AJJ,9:45,2h 50m,13,S M T W T F S,,145 km,51 km/hr,16085
16085,Arakkonam - Jolarpettai MEMU Express (UnReserved),Exp,SR,,,AJJ,18:05,JTJ,21:15,3h 10m,14,S M T W T F S,,145 km,46 km/hr,16086
20624,Malgudi SF Express,SF,SR,,,SBC,13:50,AP,17:00,3h 10m,8,S M T W T F S,CC,143 km,45 km/hr,20623
20623,Malgudi SF Express,SF,SR,,,AP,8:20,SBC,11:05,2h 45m,8,S M T W T F S,CC,143 km,52 km/hr,20624
17269,Vijayawada - Narasapur MEMU Express (UnReserved),Exp,SCoR,,,BZA,17:15,NS,21:05,3h 50m,15,S M T W T F S,,139 km,36 km/hr,17264
17270,Narasapur - Vijayawada MEMU Express (UnReserved),Exp,SCoR,,,NS,9:45,BZA,13:35,3h 50m,16,S M T W T F S,,139 km,36 km/hr,67258
11605,Bhopal - Bina MEMU Express (UnReserved),Exp,WCR,,,BPL,14:15,BINA,16:55,2h 40m,5,S M T W T F S,,139 km,52 km/hr,11606
11606,Bina - Bhopal MEMU Express (UnReserved),Exp,WCR,,,BINA,11:15,BPL,13:40,2h 25m,5,S M T W T F S,,139 km,57 km/hr,11605
16216,Chamundi Express,Exp,SWR,,,SBC,18:25,MYS,21:10,2h 45m,8,S M T W T F S,2S CC,138 km,50 km/hr,16215
12614,Wodeyar SF Express,SF,SWR,,,SBC,15:15,MYS,17:45,2h 30m,3,S M T W T F S,2S CC,138 km,55 km/hr,12613
12613,Wodeyar SF Express,SF,SWR,,,MYS,11:30,SBC,14:00,2h 30m,3,S M T W T F S,2S CC,138 km,55 km/hr,12614
20659,Mysuru - KSR Bengaluru Rajya Rani SF Express,SF,SWR,,,MYS,14:50,SBC,17:20,2h 30m,6,S M T W T F S,2S CC,138 km,55 km/hr,20660
20660,KSR Bengaluru - Mysuru Rajya Rani SF Express,SF,SWR,,,SBC,11:30,MYS,14:00,2h 30m,6,S M T W T F S,2S CC,138 km,55 km/hr,20659
16215,Chamundi Express,Exp,SWR,,,MYS,6:45,SBC,9:35,2h 50m,8,S M T W T F S,2S CC,138 km,49 km/hr,16216
14527,Bathinda - Shri Ganganagar Express (UnReserved),Exp,NR,,,BTI,17:15,SGNR,19:45,2h 30m,5,S M T W T S,,126 km,50 km/hr,14528
14528,Shri Ganganagar - Bathinda Express (UnReserved),Exp,NR,,,SGNR,20:45,BTI,23:20,2h 35m,5,S M T W T S,,126 km,49 km/hr,14527
18424,Daspalla - Bhubaneswar Seva MEMU Express (UnReserved),Exp,ECoR,,,DSPL,6:00,BBS,9:00,3h 0m,13,S M T W T F S,,126 km,42 km/hr,18423
18423,Bhubaneswar - Daspalla Seva MEMU Express (UnReserved),Exp,ECoR,,,BBS,18:40,DSPL,21:45,3h 5m,13,S M T W T F S,,126 km,41 km/hr,18424
13213,Jogbani - Saharsa Express,Exp,ECR,,,JBN,17:00,SHC,21:35,4h 35m,7,S M T W T F S,SL 3A 2A,125 km,27 km/hr,13214
13214,Saharsa - Jogbani Express,Exp,ECR,,,SHC,22:55,JBN,3:55,5h 0m,7,S M T W T F S,SL 3A 2A,125 km,25 km/hr,13213
14737,Bhiwani - Tilak Bridge Express (UnReserved),Exp,NWR,,,BNW,4:40,TKJ,8:41,4h 1m,24,S M T W T F S,,123 km,31 km/hr,14738
14738,Tilak Bridge - Bhiwani Express (UnReserved),Exp,NWR,,,TKJ,18:35,BNW,22:50,4h 15m,24,S M T W T F S,,123 km,29 km/hr,14737
16834,Tiruchchirappalli - Mayiladuturai MEMU Express (UnReserved),Exp,SR,,,TPJ,16:20,MV,18:50,2h 30m,6,S M T W T F S,,120 km,48 km/hr,16833
16833,Mayiladuturai - Tiruchchirappalli MEMU Express (UnReserved),Exp,SR,,,MV,7:50,TPJ,10:15,2h 25m,6,S M T W T F S,,120 km,50 km/hr,16834
16309,Ernakulam Jn. - Kayamkulam MEMU Express (UnReserved),Exp,SR,,,ERS,8:45,KYJ,11:35,2h 50m,7,S M T W T F S,,115 km,41 km/hr,16310
16310,Kayamkulam - Ernakulam Jn. MEMU Express (UnReserved),Exp,SR,,,KYJ,15:20,ERS,17:50,2h 30m,7,S M T W T F S,,115 km,46 km/hr,16309
15041,Farrukhabad - Kasganj Express (UnReserved),Exp,NER,,,FBD,7:15,KSJ,9:45,2h 30m,6,S M T W T F S,,107 km,43 km/hr,15042
14633,Ravi Express (UnReserved),Exp,NR,,,ASR,9:25,PTK,13:00,3h 35m,5,S M T W T F S,,107 km,30 km/hr,14634
15042,Kasganj - Farrukhabad Express (UnReserved),Exp,NER,,,KSJ,21:00,FBD,23:20,2h 20m,7,S M T W T F S,,107 km,46 km/hr,15041
14634,Ravi Express (UnReserved),Exp,NR,,,PTK,13:55,ASR,16:30,2h 35m,5,S M T W T F S,,107 km,41 km/hr,14633
56104,Mettur Dam - Erode Passenger (UnReserved),Pass,SR,,,MTDM,19:25,ED,22:05,2h 40m,9,S M T W T F S,,100 km,37 km/hr,56103
13353,Rajgir - Patna Intercity Express,Exp,ECR,,,RGD,15:10,PNBE,19:05,3h 55m,12,S M T W T F S,SL 3A 2A,99 km,25 km/hr,13354
13354,Patna - Rajgir Intercity Express,Exp,ECR,,,PNBE,9:20,RGD,12:45,3h 25m,12,S M T W T F S,SL 3A 2A,99 km,29 km/hr,13353
19036,Maninagar - Vadodara Intercity Express (UnReserved),Exp,WR,,,MAN,14:10,BRC,16:50,2h 40m,8,S M T W T F S,,97 km,36 km/hr,19035
14509,Dhuri - Bathinda Express (UnReserved),Exp,NR,,,DUI,6:20,BTI,8:05,1h 45m,6,S M T W T F S,,95 km,55 km/hr,14510
52460,Him Darshan Express,Toy,NR,,,SML,15:50,KLK,21:05,5h 15m,5,S M T W T F S,EV,94 km,18 km/hr,52459
52459,Him Darshan Express,Toy,NR,,,KLK,7:00,SML,12:20,5h 20m,5,S M T W T F S,EV,94 km,18 km/hr,52460
52457,Kalka - Shimla Express,Toy,NR,,,KLK,3:30,SML,8:50,5h 20m,16,S M T W T F S,CC FC,94 km,18 km/hr,52458
52458,Shimla - Kalka Express,Toy,NR,,,SML,10:55,KLK,16:15,5h 20m,10,S M T W T F S,CC FC,94 km,18 km/hr,52457
52452,Shivalik Deluxe Express,Toy,NR,,,SML,14:15,KLK,19:30,5h 15m,6,S M T W T F S,FC,94 km,18 km/hr,52451
52451,Shivalik Deluxe Express,Toy,NR,,,KLK,5:45,SML,10:40,4h 55m,5,S M T W T F S,FC,94 km,19 km/hr,52452
52454,Shimla - Kalka Express,Toy,NR,,,SML,17:45,KLK,23:00,5h 15m,12,S M T W T F S,2S FC VS,94 km,18 km/hr,52453
52453,Kalka - Shimla Express,Toy,NR,,,KLK,6:20,SML,11:50,5h 30m,11,S M T W T F S,2S FC VS,94 km,17 km/hr,52454
19035,Vadodara - Vatva InterCity Express (UnReserved),Exp,WR,,,BRC,18:15,VTA,20:35,2h 20m,7,S M T W T F S,,92 km,39 km/hr,19036
65310,Ramnagar - Moradabad MEMU,MEMU,NER,,,RMR,21:00,MB,23:35,2h 35m,5,S M T W T F S,,77 km,30 km/hr,65309
25036,Uttarakhand Sampark Kranti Express Slip,SKr,NER,,,RMR,9:50,MB,11:45,1h 55m,2,S M T W T F S,2S CC,77 km,40 km/hr,15035-Slip
50107,Sawantwadi Road - Madgaon Express,Exp,KR,,,SWV,18:50,MAO,21:30,2h 40m,7,S M T W T F S,3E,76 km,28 km/hr,50108
50108,Madgaon - Sawantwadi Road Express,Exp,KR,,,MAO,6:20,SWV,8:35,2h 15m,7,S M T W T F S,3E,76 km,34 km/hr,50107
15305,New Delhi - Rohtak Intercity Express,Exp,NER,,,NDLS,10:45,ROK,12:20,1h 35m,4,S M T W T F S,CC,71 km,45 km/hr,15306
15306,Rohtak - New Delhi Intercity Express,Exp,NER,,,ROK,14:00,NDLS,15:45,1h 45m,4,S M T W T F S,CC,71 km,41 km/hr,15305
16521,Bangarapet - KSR Bengaluru MEMU Express (UnReserved),Exp,SWR,,,BWT,21:30,SBC,23:45,2h 15m,7,S M T W T F S,,70 km,31 km/hr,16522
16522,KSR Bengaluru - Bangarapet MEMU Express (UnReserved),Exp,SWR,,,SBC,19:40,BWT,21:15,1h 35m,6,S M T W T F S,,70 km,44 km/hr,16521
66573,Yesvantpur - Tumakuru MEMU,MEMU,SWR,,,YPR,5:00,TK,6:10,1h 10m,3,S M T W T F S,,64 km,55 km/hr,66574
10109,Madgaon - Karwar Express,Exp,SWR,11-Jun,,MAO,16:30,KAWR,17:45,1h 15m,1,S M T W T F S,SL 3A 2A 1A 3E,60 km,48 km/hr,10110
10110,Karwar - Madgaon Express,Exp,SWR,12-Jun,,KAWR,8:50,MAO,10:25,1h 35m,1,S M T W T F S,SL 3A 2A 1A 3E,60 km,38 km/hr,10109
56136,Mettupalayam - Udagamandalam MG Passenger,Toy,SR,,,MTP,7:10,UAM,11:55,4h 45m,9,S M T W T F S,2S FC,46 km,10 km/hr,56137
56137,Udagamandalam - Mettupalayam MG Passenger,Toy,SR,,,UAM,14:00,MTP,17:30,3h 30m,5,S M T W T F S,2S FC,46 km,13 km/hr,56136
17264,Narasapur - Bhimavaram MEMU Express (UnReserved),Exp,SCoR,,,NS,22:45,BVRM,23:30,0h 45m,2,S M T W T F S,,30 km,39 km/hr,17263
17263,Bhimavaram - Narasapur MEMU Express (UnReserved),Exp,SCoR,,,BVRM,5:40,NS,6:25,0h 45m,2,S M T W T F S,,30 km,39 km/hr,17264
11304,Solapur - Mumbai LTT Weekly Express,Exp,CR,18-Aug,,SUR,9:20,LTT,4:00,18h 40m,17,T,SL 3A 2A,890 km,48 km/hr,11303
11303,Mumbai LTT - Solapur Weekly Express,Exp,CR,19-Aug,,LTT,12:50,SUR,9:15,20h 25m,17,W,SL 3A 2A,890 km,44 km/hr,11304
