Train No,Name,Type,Zone,Date From,Date To,From,Dep,To,Arr,Duration,Halts,Dep Days,Classes,Distance,Speed,Return
06126,Mangaluru Central - Chennai Egmore Special Fare Special (PT),Exp,SR,13-Jul,28-Sep,MAQ,16:00,MS,10:55,18h 55m,18,M,SL 3A 2A,895 km,47 km/hr,6125
06125,Chennai Egmore - Mangaluru Central Special Fare Special (PT),Exp,SR,14-Jul,29-Sep,MS,14:00,MAQ,8:40,18h 40m,17,T,SL 3A 2A,895 km,48 km/hr,6126
06030,Tirunelveli - Mettupalayam Special Fare Special (PT),Exp,SR,7-Sep,27-Sep,TEN,19:00,MTP,7:30,12h 30m,21,S,SL 3A 2A,503 km,40 km/hr,6029
06029,Mettupalayam - Tirunelveli Special Fare Special (PT),Exp,SR,8-Sep,28-Sep,MTP,19:45,TEN,8:05,12h 20m,21,M,SL 3A 2A,503 km,41 km/hr,6030
06166,Tirunelveli - Tambaram Special Fare Summer Special (PT),Exp,SR,12-Apr,27-Sep,TEN,23:45,TBM,11:35,11h 50m,15,S,SL 3A 2A 3E,643 km,54 km/hr,6165
06165,Tambaram - Tirunelveli Special Fare Summer Special (PT),Exp,SR,13-Apr,28-Sep,TBM,13:55,TEN,2:00,12h 5m,15,M,SL 3A 2A 3E,643 km,53 km/hr,6166
06070,Tirunelveli - Tambaram Special Fare Special (PT),Exp,SR,13-Aug,24-Sep,TEN,23:35,TBM,10:15,10h 40m,13,T,SL 3A 2A 3E,626 km,59 km/hr,6069
06069,Tambaram - Tirunelveli Special Fare Special (PT),Exp,SR,14-Aug,25-Sep,TBM,13:55,TEN,1:00,11h 5m,13,F,SL 3A 2A 3E,626 km,56 km/hr,6070
02158,Hazrat Nizamuddin - Rani Kamalapati Special Fare Rakshabandhan Special,Exp,WCR,31-Aug,31-Aug,NZM,12:10,RKMP,23:15,11h 5m,5,M,SL 3A 2A,702 km,63 km/hr,2157
02157,Rani Kamalapati - Hazrat Nizamuddin Special Fare Rakshabandhan Special,SF,WCR,30-Aug,30-Aug,RKMP,21:20,NZM,10:30,13h 10m,5,S,SL 3A 2A,702 km,53 km/hr,2158
15301,KSR Bengaluru - Lal Kuan Weekly Express,Exp,NER,22-Sep,,SBC,7:15,LKU,9:05,49h 50m,40,T,SL 3A 2A 3E,2634 km,53 km/hr,15302
08311,Sambalpur - Ernakulam Jn. Special Fare Special,Exp,ECoR,1-Jul,2-Sep,SBP,11:35,ERS,5:40,42h 5m,35,W,SL 3A 2A 1A,1983 km,47 km/hr,8312
09804,Hazrat Nizamuddin - Kota Special Fare Rakshabandan Special,Exp,WCR,23-Aug,31-Aug,NZM,9:00,KOTA,19:35,10h 35m,8,M T T,SL 3A 2A 1A 3E,458 km,43 km/hr,9803
09803,Kota - Hazrat Nizamuddin Special Fare Rakshabandan Special,Exp,WCR,22-Aug,30-Aug,KOTA,22:15,NZM,7:00,8h 45m,8,S M W,SL 3A 2A 1A 3E,458 km,52 km/hr,9804
09208,Bhavnagar Terminus - Bandra Terminus Special Fare Special,Exp,WR,9-Nov,26-Nov,BVC,14:50,BDTS,6:00,15h 10m,12,T,SL 3A 2A,780 km,51 km/hr,9207
09207,Bandra Terminus - Bhavnagar Terminus Special Fare Special,Exp,WR,10-Nov,27-Nov,BDTS,9:30,BVC,23:45,14h 15m,12,F,SL 3A 2A,780 km,55 km/hr,9208
05931,Kolkata - Dibrugarh Special Fare Special,Exp,NFR,6-Apr,30-Nov,KOAA,2:30,DBRG,6:30,28h 0m,23,M,SL 3A 2A,1356 km,48 km/hr,5932
05932,Dibrugarh - Kolkata Special Fare Special,Exp,NFR,4-Apr,28-Nov,DBRG,17:00,KOAA,0:30,31h 30m,23,S,SL 3A 2A,1356 km,43 km/hr,5931
01926,Madurai - Kanpur Central Special Fare Special (PT),Exp,NCR,4-Jul,28-Nov,MDU,2:30,CNB,4:30,50h 0m,26,S,SL 3A 2A,2489 km,50 km/hr,1925
01925,Kanpur Central - Madurai Special Fare Special,Exp,NCR,1-Jul,25-Nov,CNB,8:10,MDU,7:15,47h 5m,26,W,SL 3A 2A,2489 km,53 km/hr,1926
09523,Okha - Shakur Basti Special Fare SF Special (PT),SF,WR,20-Oct,24-Nov,OKHA,10:20,SSB,10:35,24h 15m,25,T,SL 3A 2A 3E,1364 km,56 km/hr,9524
09524,Shakur Basti - Okha Special Fare SF Special,SF,WR,21-Oct,25-Nov,SSB,13:15,OKHA,13:00,23h 45m,25,W,SL 3A 2A 3E,1364 km,57 km/hr,9523
09425,Sabarmati - Haridwar Special Fare Special,Exp,WR,19-Oct,23-Nov,SBIB,21:35,HW,20:40,23h 5m,23,M,SL,1148 km,50 km/hr,9426
09426,Haridwar - Sabarmati Special Fare Special,Exp,WR,20-Oct,24-Nov,HW,21:30,SBIB,22:30,25h 0m,23,T,SL,1148 km,46 km/hr,9425
09298,Shakur Basti - Bhavnagar Terminus Special Fare Special,Exp,WR,17-Oct,28-Nov,SSB,13:15,BVC,8:50,19h 35m,23,S,SL 3A 2A 3E,1118 km,57 km/hr,9297
09297,Bhavnagar Terminus - Shakur Basti Special Fare Special,Exp,WR,16-Oct,27-Nov,BVC,14:20,SSB,10:55,20h 35m,23,F,SL 3A 2A 3E,1118 km,54 km/hr,9298
02812,Yesvantpur - Bhubaneswar Special Fare AC Special,Exp,ECoR,15-Sep,30-Nov,YPR,4:30,BBS,6:00,25h 30m,21,M,3A,1476 km,58 km/hr,2811
02811,Bhubaneswar - Yesvantpur Special Fare AC Special,Exp,ECoR,13-Sep,28-Nov,BBS,19:15,YPR,0:15,29h 0m,21,S,3A,1476 km,51 km/hr,2812
15094,Tanakpur - Achhnera Intercity Express,Exp,NER,31-Aug,,TPU,4:05,AH,12:20,8h 15m,15,S M T T F,CC,363 km,44 km/hr,15093
15093,Achhnera - Tanakpur Intercity Express,Exp,NER,31-Aug,,AH,15:30,TPU,23:45,8h 15m,15,S M T T F,CC,363 km,44 km/hr,15094
15085,Gorakhpur - Bandra Terminus Amrit Bharat Express,AB,NER,28-Aug,,GKP,7:50,BDTS,17:45,33h 55m,20,F,SL,1842 km,54 km/hr,15086
06081,Thiruvananthapuram North - Santragachi Special Fare AC Special (PT),ACExp,SR,3-Apr,4-Sep,TVCN,14:15,SRC,13:45,47h 30m,33,F,3A,2491 km,52 km/hr,6082
06082,Santragachi - Thiruvananthapuram North Special Fare AC Special (PT),ACExp,SR,6-Apr,7-Sep,SRC,14:15,TVCN,9:55,43h 40m,33,M,3A,2491 km,57 km/hr,6081
07540,Katihar - Manihari Shravani Mela Special (UnReserved),Pass,NFR,25-Jul,30-Aug,KIR,19:00,MHI,19:45,0h 45m,2,S T W F S,,24 km,32 km/hr,7539
04125,Subedarganj - Bandra Terminus Special Fare SF Summer Special,SF,NCR,2-Mar,31-Aug,SFG,5:50,BDTS,9:30,27h 40m,16,M,SL 3A 2A 3E,1685 km,61 km/hr,4126
02276,Shakur Basti - Subedarganj Special Fare Special,Exp,NCR,26-Aug,31-Aug,SSB,12:00,SFG,22:30,10h 30m,6,M W S,SL 3A,637 km,61 km/hr,2275
02275,Subedarganj - Shakur Basti Special Fare Special,Exp,NCR,25-Aug,30-Aug,SFG,20:10,SSB,10:00,13h 50m,6,S T F,SL 3A,637 km,46 km/hr,2276
07539,Manihari - Katihar Shravani Mela Special (UnReserved),Pass,NFR,26-Jul,31-Aug,MHI,3:30,KIR,4:15,0h 45m,2,S M W T S,,24 km,32 km/hr,7540
19526,Naharlagun - Hapa Weekly Express,Exp,WR,26-Sep,,NHLN,9:40,HAPA,0:15,62h 35m,47,S,2S SL 3A 2A,3187 km,51 km/hr,19525
19525,Hapa - Naharlagun Weekly Express,Exp,WR,23-Sep,,HAPA,0:40,NHLN,16:00,63h 20m,47,W,2S SL 3A 2A,3187 km,50 km/hr,19526
04079,Thiruvananthapuram Central - Hazrat Nizamuddin Special Fare SF Special,SF,NR,27-Aug,27-Aug,TVC,5:00,NZM,6:40,49h 40m,29,T,SL 3A,2857 km,58 km/hr,4080
07356,Rameswaram - SSS Hubballi Special Fare Special (PT),Exp,SWR,6-Apr,28-Sep,RMM,20:00,UBL,19:40,23h 40m,21,M,SL 3A 2A 1A,1111 km,47 km/hr,7355
07355,SSS Hubballi - Rameswaram Special Fare Special,Exp,SWR,5-Apr,27-Sep,UBL,6:50,RMM,5:20,22h 30m,21,S,SL 3A 2A 1A,1111 km,49 km/hr,7356
11666,Agartala - Rani Kamalapati Weekly Express,Exp,WCR,25-Oct,,AGTL,17:20,RKMP,16:40,47h 20m,38,S,SL 3A 2A,2482 km,52 km/hr,11665
01666,Agartala - Rani Kamalapati Special Fare Special,Exp,WCR,,18-Oct,AGTL,17:20,RKMP,16:35,47h 15m,38,S,SL 3A 2A,2482 km,53 km/hr,1665
01665,Rani Kamalapati - Agartala Special Fare Special,Exp,WCR,,15-Oct,RKMP,15:20,AGTL,19:25,52h 5m,38,T,SL 3A 2A,2482 km,48 km/hr,1666
11665,Rani Kamalapati - Agartala Weekly Express,Exp,WCR,22-Oct,,RKMP,15:20,AGTL,19:25,52h 5m,38,T,SL 3A 2A,2482 km,48 km/hr,11666
06020,Narasapur - Tuticorin Special Fare Special,Exp,SR,9-Sep,30-Sep,NS,4:00,TN,4:30,24h 30m,27,W,SL 3A 2A,1291 km,53 km/hr,6019
06019,Tuticorin - Narasapur Special Fare Special (PT),Exp,SR,7-Sep,28-Sep,TN,23:30,NS,0:20,24h 50m,27,M,SL 3A 2A,1291 km,52 km/hr,6020
15302,Lal Kuan - KSR Bengaluru Weekly Express,Exp,NER,19-Sep,,LKU,17:45,SBC,15:25,45h 40m,40,S,SL 3A 2A 3E,2634 km,58 km/hr,15301
15086,Bandra Terminus - Gorakhpur Amrit Bharat Express,AB,NER,29-Aug,,BDTS,21:20,GKP,6:45,33h 25m,20,S,SL,1842 km,55 km/hr,15085
19424,Bhagalpur - Ahmedabad Amrit Bharat Express,AB,WR,28-Aug,,BGP,16:45,ADI,5:25,36h 40m,27,F,SL,1981 km,54 km/hr,19423
06038,Velankanni - Tambaram Special Fare Special (PT),Exp,SR,26-Aug,9-Sep,VLNK,0:45,TBM,7:30,6h 45m,9,W,SL,324 km,48 km/hr,6037
06037,Tambaram - Velankanni Special Fare Special (PT),Exp,SR,24-Aug,7-Sep,TBM,23:50,VLNK,7:45,7h 55m,9,M,SL,324 km,41 km/hr,6038
06116,Velankanni - Thiruvananthapuram North Special Fare Special (PT),Exp,SR,30-Aug,6-Sep,VLNK,19:30,TVCN,7:30,12h 0m,16,S,SL 3A,601 km,50 km/hr,6115
09526,Naharlagun - Hapa Special Fare Special,Exp,WR,11-Jan,19-Sep,NHLN,9:40,HAPA,0:30,62h 50m,47,S,2S SL 3A 2A,3187 km,51 km/hr,9525
09525,Hapa - Naharlagun Special Fare Special,Exp,WR,8-Jan,16-Sep,HAPA,0:40,NHLN,16:00,63h 20m,47,W,2S SL 3A 2A,3187 km,50 km/hr,9526
04175,Subedarganj - Dadar Western Special Fare Special,SF,NCR,21-Jun,27-Sep,SFG,16:10,DDR,22:40,30h 30m,16,S,SL 3A 2A,1690 km,55 km/hr,4176
04176,Dadar Western - Subedarganj Special Fare Special,SF,NCR,23-Jun,29-Sep,DDR,0:15,SFG,5:00,28h 45m,16,T,SL 3A 2A,1690 km,59 km/hr,4175
02199,VGL Jhansi - Bandra Terminus Special Fare SF Special (PT),SF,NCR,5-Mar,24-Sep,VGLJ,16:50,BDTS,16:10,23h 20m,19,T,SL 3A 2A 3E,1319 km,57 km/hr,2200
02200,Bandra Terminus - VGL Jhansi Special Fare SF Special,SF,NCR,7-Mar,26-Sep,BDTS,5:10,VGLJ,5:00,23h 50m,19,S,SL 3A 2A 3E,1319 km,55 km/hr,2199
01907,Agra Cantt. - Udhna Special Fare Special,Exp,NCR,7-Apr,29-Sep,AGC,18:45,UDN,13:25,18h 40m,7,T,SL 3A 2A,993 km,53 km/hr,1908
01908,Udhna - Agra Cantt. Special Fare Special,Exp,NCR,11-Mar,30-Sep,UDN,15:25,AGC,8:30,17h 5m,7,W,SL 3A 2A,993 km,58 km/hr,1907
01909,Asarva - Agra Cantt. Special Fare Special,Exp,NCR,9-Jun,29-Sep,ASV,15:00,AGC,7:45,16h 45m,16,T,SL 3A 2A,892 km,53 km/hr,1910
01910,Agra Cantt. - Asarva Special Fare Special,Exp,NCR,8-Jun,28-Sep,AGC,18:10,ASV,11:10,17h 0m,16,M,SL 3A 2A,892 km,52 km/hr,1909
05073,KSR Bengaluru - Lal Kuan Special Fare Special,Exp,NER,,15-Sep,SBC,7:15,LKU,9:05,49h 50m,40,T,SL 3E,2634 km,53 km/hr,5074
15096,Delhi - Gorakhpur Amrit Bharat Express,AB,NER,28-Aug,,DLI,14:00,GKP,6:30,16h 30m,8,F,SL,724 km,44 km/hr,15095
05074,Lal Kuan - KSR Bengaluru Special Fare Special,Exp,NER,,12-Sep,LKU,17:45,SBC,15:25,45h 40m,40,S,SL 3E,2634 km,58 km/hr,5073
06120,Kollam - MGR Chennai Central Special Fare AC Festival Special (PT),ACExp,SR,13-Aug,3-Sep,QLN,10:40,MAS,3:30,16h 50m,20,T,3E,841 km,50 km/hr,6119
06119,MGR Chennai Central - Kollam Special Fare AC Festival Special (PT),ACExp,SR,12-Aug,2-Sep,MAS,15:10,QLN,7:20,16h 10m,19,W,3E,841 km,52 km/hr,6120
08312,Ernakulam Jn. - Sambalpur Special Fare Special (PT),Exp,ECoR,3-Jul,4-Sep,ERS,8:40,SBP,23:15,38h 35m,34,F,SL 3A 2A 1A,1983 km,51 km/hr,8311
09029,Ratnagiri - Valsad Special Fare Ganapati Special,Exp,WR,8-Sep,15-Sep,RN,3:10,BL,16:15,13h 5m,15,T,SL 3A,490 km,37 km/hr,9030
09030,Valsad - Ratnagiri Special Fare Ganapati Special,Exp,WR,7-Sep,14-Sep,BL,14:50,RN,2:30,11h 40m,15,M,SL 3A,490 km,42 km/hr,9029
09113,Ratnagiri - Vadodara Special Fare Ganpati Special,Exp,WR,9-Sep,23-Sep,RN,1:30,BRC,17:30,16h 0m,18,W,SL 3A 2A 1A 3E,689 km,43 km/hr,9114
09114,Vadodara - Ratnagiri Special Fare Ganpati Special,Exp,WR,8-Sep,22-Sep,BRC,11:15,RN,0:30,13h 15m,18,T,SL 3A 2A 1A 3E,689 km,52 km/hr,9113
09036,Ratnagiri - Bandra Terminus Ganpati Special (UnReserved),Exp,WR,11-Sep,25-Sep,RN,1:30,BDTS,12:30,11h 0m,13,F,,379 km,34 km/hr,9035
09035,Bandra Terminus - Ratnagiri Ganpati Special (UnReserved),Exp,WR,10-Sep,24-Sep,BDTS,14:20,RN,0:30,10h 10m,13,T,,379 km,37 km/hr,9036
01024,SCSMT Kolhapur - Pune Special Fare Special,Exp,CR,,19-Oct,KOP,23:30,PUNE,7:05,7h 35m,20,S M T W T F S,SL 3A 2A,326 km,43 km/hr,1023
01023,Pune - SCSMT Kolhapur Special Fare Special,Exp,CR,,19-Oct,PUNE,21:40,KOP,5:08,7h 28m,20,S M T W T F S,SL 3A 2A,326 km,44 km/hr,1024
11420,SCSMT Kolhapur - Pune Express,Exp,CR,20-Oct,,KOP,21:50,PUNE,5:10,7h 20m,20,S M T W T F S,SL 3A 2A,326 km,44 km/hr,11419
11419,Pune - SCSMT Kolhapur Express,Exp,CR,20-Oct,,PUNE,21:40,KOP,5:08,7h 28m,20,S M T W T F S,SL 3A 2A,326 km,44 km/hr,11420
22076,Gorakhpur - Charlapalli Amrit Bharat Express,AB,SCR,4-Oct,,GKP,8:30,CHZ,17:00,32h 30m,19,S,SL,1811 km,56 km/hr,22075
22075,Charlapalli - Gorakhpur Amrit Bharat Express,AB,SCR,2-Oct,,CHZ,21:45,GKP,6:25,32h 40m,19,F,SL,1811 km,55 km/hr,22076
09706,Bandra Terminus - Jaipur Special Fare SF Non-Stop Special,SF,NWR,5-Jan,7-Sep,BDTS,14:40,JP,8:45,18h 5m,0,M,SL 3A 2A 1A 3E,1147 km,63 km/hr,9705
09705,Jaipur - Bandra Terminus Special Fare SF Non-Stop Special,SF,NWR,4-Jan,6-Sep,JP,18:40,BDTS,11:20,16h 40m,0,S,SL 3A 2A 1A 3E,1147 km,69 km/hr,9706
04160,Visakhapatnam - Prayagraj Special Fare Special,Exp,NCR,15-Aug,28-Nov,VSKP,15:40,PRYJ,17:30,25h 50m,20,S,SL 3A 2A 3E,1353 km,52 km/hr,4159
04159,Prayagraj - Visakhapatnam Special Fare Special,Exp,NCR,14-Aug,27-Nov,PRYJ,10:15,VSKP,13:30,27h 15m,20,F,SL 3A 2A 3E,1353 km,50 km/hr,4160
06182,Jaipur - Coimbatore Special Fare AC Special,ACExp,SR,16-Aug,6-Sep,JP,22:05,CBE,8:30,58h 25m,43,S,3E,3007 km,51 km/hr,6181
02179,Bhopal - Rewa SF Special Fare Rakshabandhan Special,SF,WCR,31-Aug,31-Aug,BPL,22:25,REWA,7:20,8h 55m,7,M,SL 3A 2A 3E,549 km,62 km/hr,2180
02878,Anand Vihar Terminal - Ranchi Special Fare Special,Exp,SER,9-Aug,27-Sep,ANVT,19:30,RNC,18:35,23h 5m,18,S,SL 3A 2A 1A,1236 km,54 km/hr,2877
02877,Ranchi - Anand Vihar Terminal Special Fare Special (PT),Exp,SER,8-Aug,26-Sep,RNC,17:40,ANVT,18:00,24h 20m,18,S,SL 3A 2A 1A,1236 km,51 km/hr,2878
02180,Rewa - Bhopal Special Fare SF Rakshabandhan Special,SF,WCR,30-Aug,30-Aug,REWA,18:35,BPL,4:30,9h 55m,7,S,SL 3A 2A 3E,549 km,55 km/hr,2179
07076,Gorakhpur - Hyderabad Special Fare Special,Exp,SCR,17-Dec,27-Sep,GKP,8:30,HYB,17:25,32h 55m,20,S,SL 3A 2A,1832 km,56 km/hr,7075
07075,Hyderabad - Gorakhpur Special Fare Special,Exp,SCR,15-Dec,25-Sep,HYB,21:00,GKP,6:30,33h 30m,20,F,SL 3A 2A,1832 km,55 km/hr,7076
06181,Coimbatore - Jaipur Special Fare AC Special (PT),ACExp,SR,13-Aug,3-Sep,CBE,2:30,JP,13:25,58h 55m,42,T,3E,3007 km,51 km/hr,6182
01186,Madgaon - Mumbai LTT Special Fare Ganpati Special,Exp,CR,16-Sep,23-Sep,MAO,16:30,LTT,7:10,14h 40m,20,W,SL 3A 2A 1A,564 km,38 km/hr,1185
01168,Ratnagiri - Mumbai LTT Special Fare Ganpati Special,Exp,CR,13-Sep,27-Sep,RN,8:40,LTT,17:15,8h 35m,12,S M W T F,SL 3A,328 km,38 km/hr,1167
06017,Tambaram - Tuticorin Special Fare Summer Special (PT),Exp,SR,21-Apr,1-Sep,TBM,15:40,TN,4:30,12h 50m,19,T,SL 3A 2A,692 km,54 km/hr,6018
06018,Tuticorin - Tambaram Special Fare Summer Special,Exp,SR,20-Apr,31-Aug,TN,23:30,TBM,12:30,13h 0m,19,M,SL 3A 2A,692 km,53 km/hr,6017
05505,Purnia Court - Saharsa Special Fare Summer Special,Exp,ECR,,2-Sep,PRNC,15:00,SHC,18:30,3h 30m,3,M W,SL 3E,94 km,27 km/hr,5506
05506,Saharsa - Purnia Court Special Fare Summer Special,Exp,ECR,,30-Aug,SHC,13:20,PRNC,15:30,2h 10m,3,S F,SL 3E,94 km,43 km/hr,5505
05576,Anand Vihar Terminal - Saharsa Special Fare Summer Special,Exp,ECR,30-Apr,27-Aug,ANVT,5:15,SHC,10:30,29h 15m,24,T,SL 3E,1189 km,41 km/hr,5575
05580,Anand Vihar Terminal - Purnia Court Special Fare Summer Special,Exp,ECR,28-Apr,1-Sep,ANVT,5:15,PRNC,11:30,30h 15m,28,S T,SL 3E,1283 km,42 km/hr,5579
05579,Purnia Court - Anand Vihar Terminal Special Fare Summer Special,Exp,ECR,26-Apr,30-Aug,PRNC,19:00,ANVT,1:05,30h 5m,28,S F,SL 3E,1283 km,43 km/hr,5580
02570,New Delhi - Darbhanga Special Fare Clone Special,SF,ECR,,1-Sep,NDLS,12:15,DBG,10:00,21h 45m,9,S M T W T F S,SL 3A 3E,1168 km,54 km/hr,2569
02569,Darbhanga - New Delhi Special Fare Clone Special,SF,ECR,21-Sep,31-Aug,DBG,6:30,NDLS,4:30,22h 0m,9,S M T W T F S,SL 3A 3E,1168 km,53 km/hr,2570
02564,New Delhi - Barauni Special Fare Clone Special,Exp,ECR,,1-Sep,NDLS,17:55,BJU,15:10,21h 15m,8,S M T W T F S,SL 3A 3E,1182 km,56 km/hr,2563
02563,Barauni - New Delhi Special Fare Clone Special,Exp,ECR,,31-Aug,BJU,7:40,NDLS,5:10,21h 30m,8,S M T W T F S,SL 3A 3E,1182 km,55 km/hr,2564
03640,Shakur Basti - Dhanbad Special Fare Special,Exp,ECR,7-Mar,1-Sep,SSB,21:10,DHN,23:45,26h 35m,13,T S,SL 3A 3E,1195 km,45 km/hr,3639
03639,Dhanbad - Shakur Basti Special Fare Special,Exp,ECR,6-Mar,31-Aug,DHN,18:30,SSB,18:10,23h 40m,13,M F,SL 3A 3E,1195 km,50 km/hr,3640
01167,Mumbai LTT - Ratnagiri Special Fare Ganpati Special,Exp,CR,12-Sep,26-Sep,LTT,21:00,RN,5:00,8h 0m,11,S T W T S,SL 3A,328 km,41 km/hr,1168
01165,Mumbai LTT - Madgaon Special Fare AC Ganpati Special,ACExp,CR,15-Sep,22-Sep,LTT,0:45,MAO,14:30,13h 45m,20,T,3A 2A 1A,564 km,41 km/hr,1166
01166,Madgaon - Mumbai LTT Special Fare AC Ganpati Special,ACExp,CR,15-Sep,22-Sep,MAO,16:30,LTT,7:10,14h 40m,20,T,3A 2A 1A,564 km,38 km/hr,1165
05557,Raxaul - Mumbai LTT Special Fare SF Summer Special,SF,ECR,21-Apr,15-Sep,RXL,19:15,LTT,5:50,34h 35m,18,T,SL 3A 2A 1A,1907 km,55 km/hr,5558
05558,Mumbai LTT - Raxaul Special Fare SF Summer Special,SF,ECR,23-Apr,17-Sep,LTT,7:55,RXL,16:50,32h 55m,18,T,SL 3A 2A 1A,1907 km,58 km/hr,5557
05735,Amritsar - Katihar Special Fare Summer Special,Exp,NFR,17-Jul,4-Sep,ASR,13:25,KIR,23:45,34h 20m,30,F,SL 3A 2A,1667 km,49 km/hr,5736
05736,Katihar - Amritsar Special Fare Summer Special,Exp,NFR,15-Jul,2-Sep,KIR,21:00,ASR,9:45,36h 45m,30,W,SL 3A 2A,1667 km,45 km/hr,5735
03297,Patna - Islampur Special Fare Shravani Mela Special,Exp,WR,26-Jul,29-Sep,PNBE,16:10,IPR,19:00,2h 50m,6,S T T,SL 3A 2A 1A 3E,64 km,23 km/hr,3298
03298,Islampur - Patna Special Fare Shravani Mela Special,Exp,WR,27-Jul,30-Sep,IPR,7:45,PNBE,11:00,3h 15m,6,M W F,SL 3A 2A 1A 3E,64 km,20 km/hr,3297
01185,Mumbai LTT - Madgaon Special Fare Ganpati Special,Exp,CR,16-Sep,23-Sep,LTT,0:45,MAO,14:30,13h 45m,20,W,SL 3A 2A 1A,564 km,41 km/hr,1186
01446,Ratnagiri - Pune AC Special Fare Ganpati Special,ACExp,CR,15-Sep,22-Sep,RN,17:50,PUNE,5:00,11h 10m,15,T,3A 2A,451 km,40 km/hr,1445
01445,Pune - Ratnagiri AC Special Fare Ganpati Special,ACExp,CR,15-Sep,22-Sep,PUNE,0:25,RN,11:50,11h 25m,16,T,3A 2A,451 km,39 km/hr,1446
01448,Ratnagiri - Pune Special Fare Ganpati Special,Exp,CR,12-Sep,26-Sep,RN,17:50,PUNE,5:00,11h 10m,15,S,SL 3A 2A,451 km,40 km/hr,1447
01447,Pune - Ratnagiri Special Fare Ganpati Special,Exp,CR,12-Sep,26-Sep,PUNE,0:25,RN,11:50,11h 25m,15,S,SL 3A 2A,451 km,39 km/hr,1448
09184,Banaras - Mumbai Central Special Fare AC Special,ACExp,WR,22-May,2-Oct,BNRS,14:30,MMCT,4:20,37h 50m,24,F,3A 2A 1A 3E,1944 km,51 km/hr,9183
09183,Mumbai Central - Banaras Special Fare AC Special (PT),ACExp,WR,20-May,30-Sep,MMCT,22:30,BNRS,10:30,36h 0m,24,W,3A 2A 1A 3E,1944 km,54 km/hr,9184
09120,Lalkuan - Pratapnagar Special Fare SF Summer Special,SF,WR,4-May,28-Sep,LKU,15:50,PRTN,11:30,19h 40m,16,M,SL 3A 2A 3E,1151 km,59 km/hr,9119
09119,Pratapnagar - Lal Kuan Special Fare SF Summer Special (PT),SF,WR,3-May,27-Sep,PRTN,17:00,LKU,12:45,19h 45m,16,S,SL 3A 2A 3E,1151 km,58 km/hr,9120
09046,Madhubani - Udhna Special Fare Summer Special,Exp,WR,25-May,14-Sep,MBI,18:15,UDN,13:15,43h 0m,21,M,SL 3A,1793 km,42 km/hr,9045
09045,Udhna - Madhubani Special Fare Summer Special (PT),Exp,WR,24-May,13-Sep,UDN,1:30,MBI,16:15,38h 45m,21,S,SL 3A,1793 km,46 km/hr,9046
09032,Hasanpur Road - Udhna Special Fare Special,Exp,WR,16-Feb,15-Sep,HPO,4:00,UDN,21:40,41h 40m,24,T,SL 3A,1972 km,47 km/hr,9031
09031,Udhna - Hasanpur Road Special Fare Special,Exp,WR,15-Feb,13-Sep,UDN,11:25,HPO,2:30,39h 5m,24,S,SL 3A,1972 km,50 km/hr,9032
09152,Madhubani - Udhna Special Fare Special,Exp,WR,2-May,13-Sep,MBI,6:30,UDN,3:00,44h 30m,26,S F,SL 3A,2001 km,45 km/hr,9151
09151,Udhna - Madhubani Special Fare Special (PT),Exp,WR,1-May,11-Sep,UDN,8:35,MBI,4:30,43h 55m,26,W F,SL 3A,2001 km,46 km/hr,9152
09048,Jhanjharpur - Udhna Special Fare Summer Special,Exp,WR,11-May,14-Sep,JJP,22:30,UDN,13:45,39h 15m,21,M,SL 3A,1795 km,46 km/hr,9047
09047,Udhna - Jhanjharpur Special Fare Summer Special (PT),Exp,WR,10-May,13-Sep,UDN,5:30,JJP,20:30,39h 0m,21,S,SL 3A,1795 km,46 km/hr,9048
09344,Patna - Dr. Ambedkar Nagar Special Fare Special,Exp,WR,27-Feb,2-Oct,PNBE,21:30,DADN,23:55,26h 25m,18,F,SL 3A 2A 3E,1289 km,49 km/hr,9343
09343,Dr. Ambedkar Nagar - Patna Special Fare Special (PT),Exp,WR,26-Feb,1-Oct,DADN,18:00,PNBE,18:30,24h 30m,18,T,SL 3A 2A 3E,1289 km,53 km/hr,9344
09079,Mumbai Central - Indore Special Fare AC SF Summer Special,ACSF,WR,3-May,30-Aug,MMCT,23:20,INDB,13:00,13h 40m,7,S T,3A,830 km,61 km/hr,9080
09088,Ahmedabad - Mumbai Central Special Fare AC SF Summer Special,ACSF,WR,23-Apr,27-Aug,ADI,22:40,MMCT,7:10,8h 30m,4,T,3A 2A 1A,493 km,58 km/hr,9087
09086,Indore - Mumbai Central Special Fare AC Superfast Special,ACSF,WR,21-Apr,29-Aug,INDB,17:00,MMCT,7:10,14h 10m,7,T S,3A 2A 1A,830 km,59 km/hr,9085
09466,Darbhanga - Ahmedabad Special Fare Special,Exp,WR,18-May,14-Sep,DBG,3:00,ADI,16:35,37h 35m,16,M,SL 3A,1918 km,51 km/hr,9465
09465,Ahmedabad - Darbhanga Special Fare Special,Exp,WR,3-Jul,11-Sep,ADI,20:25,DBG,10:30,38h 5m,16,F,2S SL 3A,1918 km,50 km/hr,9466
09196,Mau - Pratapnagar Special Fare SF Summer Special,SF,WR,22-Feb,27-Sep,MAU,23:25,PRTN,3:15,27h 50m,18,S,SL 3A 2A 1A,1550 km,56 km/hr,9195
09195,Pratapnagar - Mau Special Fare SF Summer Special (PT),SF,WR,21-Feb,26-Sep,PRTN,16:00,MAU,18:00,26h 0m,18,S,SL 3A 2A 1A,1550 km,60 km/hr,9196
09112,Gorakhpur - Vadodara Special Fare Special,Exp,WR,25-Feb,30-Sep,GKP,5:00,BRC,8:35,27h 35m,16,W,SL 3A 2A 1A,1518 km,55 km/hr,9111
09111,Vadodara - Gorakhpur Special Fare Special (PT),Exp,WR,23-Feb,28-Sep,BRC,19:00,GKP,23:30,28h 30m,16,M,SL 3A 2A 1A,1518 km,53 km/hr,9112
09080,Indore - Mumbai Central Special Fare AC SF Summer Special,ACSF,WR,4-May,31-Aug,INDB,17:00,MMCT,7:10,14h 10m,7,M W,3A,830 km,59 km/hr,9079
09087,Mumbai Central - Ahmedabad Special Fare AC SF Summer Special,ACSF,WR,22-Apr,26-Aug,MMCT,23:20,ADI,7:20,8h 0m,4,W,3A 2A 1A,493 km,62 km/hr,9088
09085,Mumbai Central - Indore Special Fare AC Superfast Special,ACSF,WR,20-Apr,28-Aug,MMCT,23:20,INDB,13:00,13h 40m,7,M F,3A 2A 1A,830 km,61 km/hr,9086
06148,SMVT Bengaluru - Ernakulam Jn. Special Fare Onam Special,Exp,SWR,10-Aug,7-Sep,SMVB,16:00,ERS,5:45,13h 45m,10,M,SL 3A 2A 3E,603 km,44 km/hr,6147
03229,Khurda Road - Patna Special Fare Summer Special,Exp,ECR,10-Apr,28-Aug,KUR,15:45,PNBE,10:45,19h 0m,19,F,SL 3A 3E,977 km,51 km/hr,3230
03230,Patna - Khurda Road Special Fare Summer Special,Exp,ECR,9-Apr,27-Aug,PNBE,8:45,KUR,3:55,19h 10m,19,T,SL 3A 3E,977 km,51 km/hr,3229
03255,Charlapalli - Patna Special Fare Summer Special (PT),Exp,ECR,10-Apr,18-Sep,CHZ,21:00,PNBE,9:30,36h 30m,21,F,SL 3A 3E,1858 km,51 km/hr,3253
03254,Charlapalli - Patna Special Fare Summer Special (PT),Exp,ECR,15-Apr,16-Sep,CHZ,23:00,PNBE,11:30,36h 30m,21,W,SL 3A 3E,1858 km,51 km/hr,3253
03253,Patna - Charlapalli Special Fare Summer Special,Exp,ECR,8-Apr,16-Sep,PNBE,15:00,CHZ,3:30,36h 30m,21,M W,SL 3A 3E,1858 km,51 km/hr,3254
09602,Patna - Madar (Ajmer) Special Fare Summer Special,Exp,NWR,24-Apr,25-Sep,PNBE,10:15,MDJN,13:20,27h 5m,16,F,SL 3A 2A 3E,1179 km,44 km/hr,9601
09601,Madar (Ajmer) - Patna Special Fare Summer Special,Exp,NWR,23-Apr,24-Sep,MDJN,6:40,PNBE,8:15,25h 35m,16,T,SL 3A 2A 3E,1179 km,46 km/hr,9602
05544,Narkatiaganj - Raxaul Special Fare Summer Special,Exp,ER,16-May,26-Sep,NKE,19:40,RXL,20:50,1h 10m,1,T S,SL 3A 2A,41 km,35 km/hr,5543
05543,Raxaul - Narkatiaganj Special Fare Summer Special,Exp,ER,16-May,26-Sep,RXL,14:15,NKE,15:35,1h 20m,1,T S,SL 3A 2A,41 km,30 km/hr,5544
05183,Azamgarh - Bandra Terminus Special Fare SF Special,SF,NER,4-Apr,26-Sep,AMH,22:30,BDTS,8:10,33h 40m,17,S,SL 3E,1949 km,58 km/hr,5184
05184,Bandra Terminus - Azamgarh Special Fare Special,Exp,NER,6-Apr,28-Sep,BDTS,10:45,AMH,0:25,37h 40m,17,M,SL 3E,1949 km,52 km/hr,5183
07604,Tiruchanur - Hazur Sahib Nanded Special Fare Special (Via Karimnagar),Exp,SCR,22-Jul,26-Aug,TCNR,13:20,NED,9:30,20h 10m,20,W,SL 3A,959 km,48 km/hr,7603
03236,Danapur - Sahibganj Special Fare Shravani Mela Special,Exp,ECR,2-Aug,30-Aug,DNR,5:15,SBG,13:45,8h 30m,29,S,CC 3A,305 km,36 km/hr,3235
03235,Sahibganj - Danapur Special Fare Shravani Mela Special,Exp,ECR,2-Aug,30-Aug,SBG,15:20,DNR,0:30,9h 10m,29,S,CC 3A,305 km,33 km/hr,3236
06147,Ernakulam Jn. - SMVT Bengaluru Special Fare Onam Special,Exp,SR,9-Aug,6-Sep,ERS,23:10,SMVB,12:45,13h 35m,10,S,SL 3A 2A 3E,603 km,44 km/hr,6148
05194,Pathankot - Chhapra Special Fare Special,Exp,NER,8-Apr,30-Sep,PTK,0:30,CPR,9:15,32h 45m,20,W,SL 3A 2A 3E,1361 km,42 km/hr,5193
05193,Chhapra - Pathankot Special Fare Special,Exp,NER,6-Apr,28-Sep,CPR,14:00,PTK,22:15,32h 15m,20,M,SL 3A 2A 3E,1361 km,42 km/hr,5194
06109,Tambaram - Thiruvananthapuram Special Fare Special,Exp,SR,13-Aug,3-Sep,TBM,14:00,TVC,7:15,17h 15m,23,T,SL 3A 2A 3E,801 km,46 km/hr,6110
06110,Thiruvananthapuram - Tambaram Special Fare Special,Exp,SR,12-Aug,2-Sep,TVC,15:45,TBM,10:00,18h 15m,23,T,SL 3A 2A 3E,801 km,44 km/hr,6109
07426,Srikakulam Road - Secunderabad Special Fare Summer Special,Exp,SCR,,28-Sep,CHE,19:30,SC,12:00,16h 30m,20,M,SL 3A 2A,806 km,49 km/hr,7425
07425,Secunderabad - Srikakulam Road Special Fare Summer Special,Exp,SCR,,27-Sep,SC,23:15,CHE,17:30,18h 15m,20,S,SL 3A 2A,806 km,44 km/hr,7426
04126,Bandra Terminus - Subedarganj Special Fare SF Summer Special,SF,NCR,3-Mar,1-Sep,BDTS,11:15,SFG,17:00,29h 45m,16,T,SL 3A 2A 3E,1685 km,57 km/hr,4125
02023,Howrah - Patna Special Fare SF Special,SF,ECR,8-Mar,27-Sep,HWH,14:15,PNBE,22:30,8h 15m,14,S,2S CC,530 km,64 km/hr,2024
02024,Patna - Howrah Special Fare SF Special,SF,ECR,8-Mar,27-Sep,PNBE,5:30,HWH,13:25,7h 55m,14,S,2S CC,530 km,67 km/hr,2023
09822,Dhanbad - Sogaria (Kota) Special Fare Special,Exp,WCR,18-Apr,28-Nov,DHN,5:15,SGAC,7:35,26h 20m,23,S,SL 3A 2A 3E,1376 km,52 km/hr,9821
09821,Sogaria (Kota) - Dhanbad Special Fare Special,Exp,WCR,16-Apr,26-Nov,SGAC,23:10,DHN,3:45,28h 35m,23,T,SL 3A 2A 3E,1376 km,48 km/hr,9822
08507,Shalimar - Visakhapatnam Special Fare Summer Special (PT),Exp,SCoR,8-Apr,30-Sep,SHM,5:00,VSKP,20:50,15h 50m,15,W,SL 3A 2A,879 km,55 km/hr,8508
08508,Visakhapatnam - Shalimar Special Fare Special,Exp,SCoR,7-Apr,29-Sep,VSKP,11:20,SHM,3:00,15h 40m,15,T,SL 3A 2A,879 km,56 km/hr,8507
08582,SMVT Bengaluru - Visakhapatnam Special Fare Summer Special,Exp,SCoR,23-May,26-Sep,SMVB,15:50,VSKP,13:30,21h 40m,16,S,SL 3A 2A,1072 km,49 km/hr,8581
08581,Visakhapatnam - SMVT Bengaluru Special Fare Summer Special,Exp,SCoR,22-May,25-Sep,VSKP,15:20,SMVB,13:50,22h 30m,16,F,SL 3A 2A,1072 km,48 km/hr,8582
07047,Naharlagun - Secunderabad Special Fare AC Special,ACExp,SCR,13-Apr,28-Sep,NHLN,13:00,SC,22:00,57h 0m,44,M,3A,2750 km,48 km/hr,7046
07046,Secunderabad - Naharlagun Special Fare AC Special,ACExp,SCR,10-Apr,25-Sep,SC,8:30,NHLN,16:00,55h 30m,44,F,3A,2750 km,50 km/hr,7047
20854,MGR Chennai Central - Bhubaneswar SF Express (PT),SF,ECoR,,,MAS,10:00,BBS,6:15,20h 15m,19,F,SL 3A 2A,1225 km,60 km/hr,20853
12145,Mumbai LTT - Puri SF Express (via Titlagarh) (PT),SF,CR,,,LTT,20:35,PURI,6:35,34h 0m,22,S,SL 3A 2A 1A,1878 km,55 km/hr,12146
15708,Amrapali Express,Exp,NFR,,,ASR,7:40,KIR,22:10,38h 30m,55,S M T W T F S,SL 3A 2A 3E,1805 km,47 km/hr,15707
13025,Howrah - Bhopal Weekly Express (PT),Exp,ER,,,HWH,12:35,BPL,18:20,29h 45m,26,M,SL 3A 2A 3E,1454 km,49 km/hr,13026
12156,Shaan-E-Bhopal SF Express,SF,WCR,,,NZM,20:40,RKMP,6:20,9h 40m,8,S M T W T F S,SL 3A 2A 1A 3E,702 km,73 km/hr,12155
14632,Amritsar - Dehradun Express,Exp,NR,,,ASR,21:35,DDN,9:45,12h 10m,25,S M T W T F S,SL 3A,505 km,42 km/hr,14631
14234,Saryu Express,Exp,NR,,,MUR,2:50,PYGS,8:25,5h 35m,13,S M T W T F S,CC,199 km,36 km/hr,14233
12155,Shaan-E-Bhopal SF Express (PT),SF,WCR,,,RKMP,22:40,NZM,8:00,9h 20m,8,S M T W T F S,SL 3A 2A 1A 3E,702 km,75 km/hr,12156
22192,Jabalpur - Indore SF Express (PT),SF,WCR,,,JBP,23:30,INDB,9:38,10h 8m,18,S M T W T F S,SL 3A 2A 1A 3E,554 km,55 km/hr,22191
12942,Parasnath Express (PT),SF,WR,,,ASN,19:45,BVC,9:25,37h 40m,31,T,SL 3A 2A,2311 km,61 km/hr,12941
12755,Kakinada Port - Bhavnagar Terminus SF Express (PT),SF,SCoR,,,COA,5:40,BVC,18:55,37h 15m,31,T,SL 3A 2A 1A 3E,2051 km,55 km/hr,12756
12971,Bandra Terminus - Bhavnagar Terminus SF Express (PT),SF,WR,,,BDTS,19:10,BVC,8:05,12h 55m,19,S M T W T F S,SL 3A 2A 1A,780 km,60 km/hr,12972
12916,Ashram Express (PT),SF,WR,,,DLI,14:55,SBIB,5:45,14h 50m,18,S M T W T F S,SL 3A 2A 1A 3E,930 km,63 km/hr,12915
14230,Yog Nagri Rishikesh - Prayagraj Sangam Express,Exp,NR,,,YNRK,15:20,PYGS,7:10,15h 50m,16,M W F,SL 3A 2A,744 km,47 km/hr,14229
17064,Ajanta Express (PT),Exp,SCR,,,KCG,18:30,MMR,8:30,14h 0m,20,S M T W T F S,SL 3A 2A 1A,626 km,45 km/hr,17063
14804,Jammu Tawi - Bhagat Ki Kothi Express,Exp,NWR,,,JAT,8:40,BGKT,9:30,24h 50m,36,S M T W T F S,SL 3A 2A 3E,1094 km,44 km/hr,14803
17234,Bhagyanagar Express,Exp,SCoR,,,SKZR,3:35,SC,10:55,7h 20m,26,S M T W T F S,2S CC 3E,297 km,40 km/hr,17233
12915,Ashram Express (PT),SF,WR,,,SBIB,19:45,DLI,10:00,14h 15m,18,S M T W T F S,SL 3A 2A 1A 3E,930 km,65 km/hr,12916
17233,Bhagyanagar Express,Exp,SCoR,,,SC,15:35,SKZR,22:30,6h 55m,26,S M T W T F S,2S CC 3E,297 km,43 km/hr,17234
22947,Surat - Bhagalpur SF Express (PT),SF,WR,,,UDN,10:20,BGP,18:30,32h 10m,34,T S,SL 3A 2A,1818 km,57 km/hr,22948
12356,Archana Express,SF,ECR,,,JAT,17:35,PNBE,20:55,27h 20m,18,S W,SL 3A 2A 1A 3E,1508 km,55 km/hr,12355
12404,Lalgarh - Prayagraj SF Express (Via Fatehpur Shekhawati),SF,NCR,,,LGH,7:35,PRYJ,4:50,21h 15m,30,S T W F,SL 3A 2A 1A 3E,1183 km,56 km/hr,12403
12350,New Delhi - Godda Weekly Humsafar Express,Hms,ER,,,NDLS,23:45,GODA,22:55,23h 10m,17,T,SL 3A,1326 km,57 km/hr,12349
12336,Mumbai LTT - Bhagalpur SF Express (PT),SF,ER,,,LTT,8:05,BGP,17:55,33h 50m,36,S T,SL 3A 2A,1911 km,56 km/hr,12335
12355,Archana Express (PT),SF,ECR,,,PNBE,7:20,JAT,10:20,27h 0m,18,T S,SL 3A 2A 1A 3E,1508 km,56 km/hr,12356
22948,Bhagalpur - Surat SF Express (PT),SF,WR,,,BGP,6:50,UDN,15:23,32h 33m,34,M T,SL 3A 2A,1818 km,56 km/hr,22947
12335,Bhagalpur - Mumbai LTT SF Express (PT),SF,ER,,,BGP,8:55,LTT,17:50,32h 55m,37,T F,SL 3A 2A,1911 km,58 km/hr,12336
14701,Amrapur Aravali Express (PT),Exp,NWR,,,SGNR,23:00,BDTS,6:15,31h 15m,55,S M T W T F S,SL 3A 2A 3E,1613 km,52 km/hr,14702
22129,Tulsi SF Express (PT),SF,CR,,,LTT,6:00,AYC,12:15,30h 15m,28,S T,SL 3A 2A,1663 km,55 km/hr,22130
12990,Ajmer - Dadar Western SF Express (PT),SF,NWR,,,AII,20:45,DDR,12:50,16h 5m,20,S W F,SL 3A 2A 3E,980 km,61 km/hr,12989
22186,Ahimsa SF Express (PT),SF,CR,,,PUNE,20:10,ADI,7:35,11h 25m,15,W,SL 3A 2A,629 km,55 km/hr,22185
18204,Betwa Express (PT),Exp,SECR,,,CNB,17:40,DURG,13:00,19h 20m,19,M W,SL 3A 2A 1A 3E,875 km,45 km/hr,18203
16613,Rajkot - Coimbatore Express (PT),Exp,SR,,,RJT,5:30,CBE,20:05,38h 35m,31,S,SL 3A 2A,2221 km,58 km/hr,16614
12970,Jaipur - Coimbatore SF Express (PT),SF,NWR,,,JP,19:35,CBE,16:50,45h 15m,37,T,SL 3A 2A 1A 3E,2679 km,59 km/hr,12969
18203,Betwa Express (PT),Exp,SECR,,,DURG,20:05,CNB,13:20,17h 15m,19,S T,SL 3A 2A 1A 3E,875 km,51 km/hr,18204
14702,Amrapur Aravali Express (PT),Exp,NWR,,,BDTS,21:00,SGNR,4:15,31h 15m,55,S M T W T F S,SL 3A 2A 3E,1613 km,52 km/hr,14701
12681,MGR Chennai Central - Coimbatore Weekly SF Express (PT),SF,SR,,,MAS,22:30,CBE,6:30,8h 0m,6,S,SL 3A 2A,495 km,62 km/hr,12682
12841,Coromandel Express (PT),SF,SER,,,HWH,15:10,MAS,17:00,25h 50m,14,S M T W T F S,SL 3A 2A 1A 3E,1662 km,64 km/hr,12842
12842,Coromandel Express (PT),SF,SER,,,MAS,7:00,HWH,11:00,28h 0m,15,S M T W T F S,SL 3A 2A 1A 3E,1662 km,59 km/hr,12841
15084,Utsarg Express,Exp,NER,,,FBD,14:30,CPR,8:25,17h 55m,33,S M T W T F S,SL 3A 2A 1A 3E,682 km,38 km/hr,15083
18182,Thawe - Tatanagar Express,Exp,SER,,,THE,10:10,TATA,7:00,20h 50m,37,S W T S,SL 3A 2A 3E,718 km,34 km/hr,18181
22159,Mumbai CSMT - MGR Chennai Central SF Express (PT),SF,CR,,,CSMT,12:45,MAS,10:45,22h 0m,30,S M T W T F S,SL 2A 3E,1280 km,58 km/hr,22160
11058,Amritsar - Mumbai CSMT Express,Exp,CR,,,ASR,8:50,CSMT,0:05,39h 15m,82,S M T W T F S,SL 2A 3E,2045 km,52 km/hr,11057
12164,MGR Chennai Central - Mumbai LTT SF Express (PT),SF,CR,,,MAS,18:25,LTT,15:55,21h 30m,23,S M T W T F S,SL 3A 2A,1263 km,59 km/hr,12163
12721,Dakshin SF Express (PT),SF,SCR,,,HYB,23:00,NZM,3:45,28h 45m,42,S M T W T F S,SL 3A 2A,1670 km,58 km/hr,12722
12722,Dakshin SF Express (PT),SF,SCR,,,NZM,22:50,HYB,3:50,29h 0m,43,S M T W T F S,SL 3A 2A,1670 km,58 km/hr,12721
12351,Howrah - Rajendra Nagar Terminal SF Express (PT),SF,ECR,,,HWH,20:35,RJPB,6:10,9h 35m,20,S M T W T F S,SL 3A 2A 1A 3E,529 km,55 km/hr,12352
13233,Koderma - Danapur Intercity Express,Exp,ECR,,,KQR,14:40,DNR,21:45,7h 5m,20,S M T W T F S,CC 3A,259 km,37 km/hr,13234
18183,Tatanagar - Buxar Express,Exp,SER,,,TATA,7:55,BXR,22:55,15h 0m,39,S M T W T F S,2S CC 3A 3E,614 km,41 km/hr,18184
12133,Mumbai CSMT - Mangaluru Jn. SF Express (PT),SF,CR,,,CSMT,21:54,MAJN,15:40,17h 46m,14,S M T W T F S,SL 3A 2A,893 km,50 km/hr,12134
12343,Darjeeling Mail (PT),SF,ER,,,SDAH,22:15,HDB,9:40,11h 25m,6,S M T W T F S,SL 3A 2A 1A,630 km,55 km/hr,12344
12344,Darjeeling Mail (PT),SF,ER,,,HDB,18:15,SDAH,5:35,11h 20m,6,S M T W T F S,SL 3A 2A 1A,630 km,56 km/hr,12343
12181,Dayodaya SF Express,SF,WCR,,,JBP,20:35,AII,14:00,17h 25m,23,S M T W T F S,SL 3A 2A 1A 3E,1026 km,59 km/hr,12182
12182,Dayodaya SF Express,SF,WCR,,,AII,15:20,JBP,8:45,17h 25m,23,S M T W T F S,SL 3A 2A 1A 3E,1026 km,59 km/hr,12181
14631,Dehradun - Amritsar Express,Exp,NR,,,DDN,19:30,ASR,8:20,12h 50m,22,S M T W T F S,SL 3A,505 km,39 km/hr,14632
14120,Dehradun - Kathgodam Express,Exp,NCR,,,DDN,23:30,KGM,7:20,7h 50m,9,S M T W T F S,SL 3A 2A 1A,335 km,43 km/hr,14119
15002,Dehradun - Muzaffarpur Rapti Ganga Express,Exp,NER,,,DDN,15:15,MFP,16:30,25h 15m,25,S,SL 3A 2A 1A,1124 km,45 km/hr,15001
11007,Deccan Express,Exp,CR,,,CSMT,7:00,PUNE,11:05,4h 5m,9,S M T W T F S,2S CC EV,192 km,47 km/hr,11008
11008,Deccan Express,Exp,CR,,,PUNE,15:27,CSMT,19:15,3h 48m,9,S M T W T F S,2S CC EV,192 km,50 km/hr,11007
12123,Deccan Queen,SF,CR,,,CSMT,17:10,PUNE,20:25,3h 15m,3,S M T W T F S,2S CC EV,192 km,59 km/hr,12124
12124,Deccan Queen,SF,CR,,,PUNE,7:15,CSMT,10:25,3h 10m,2,S M T W T F S,2S CC EV,192 km,60 km/hr,12123
12143,Mumbai LTT - Sultanpur SF Express (PT),SF,CR,,,LTT,15:45,SLN,17:30,25h 45m,12,S,SL 3A 2A,1546 km,60 km/hr,12144
12144,Sultanpur - Mumbai LTT SF Express,SF,CR,,,SLN,4:05,LTT,7:25,27h 20m,13,T,SL 3A 2A,1546 km,57 km/hr,12143
15119,Banaras - Dehradun Janta Express (PT),Exp,NER,,,BNRS,8:20,DDN,6:35,22h 15m,43,S M T W T F S,SL 3A 2A 1A 3E,847 km,38 km/hr,15120
14317,Laxmi Bai Nagar - Yog Nagari Rishikesh Express (PT),Exp,NR,,,LMNR,15:25,YNRK,18:45,27h 20m,27,S S,SL 3A 2A 3E,1147 km,42 km/hr,14318
15001,Muzaffarpur - Dehradun Rapti Ganga Express,Exp,NER,,,MFP,14:00,DDN,14:15,24h 15m,25,M,SL 3A 2A 1A,1124 km,46 km/hr,15002
15005,Gorakhpur - Dehradun Rapti Ganga Express (PT),Exp,NER,,,GKP,21:15,DDN,14:15,17h 0m,14,W F,SL 3A 2A 1A,814 km,48 km/hr,15006
19020,Haridwar - Bandra Terminus Express,Exp,WR,,,HW,13:30,BDTS,22:30,33h 0m,70,S M T W T F S,SL 3A 2A 1A 3E,1619 km,49 km/hr,19019
12055,New Delhi - Dehradun Jan Shatabdi Express,JShtb,NR,,,NDLS,15:20,DDN,21:05,5h 45m,7,S M T W T F S,2S CC,305 km,53 km/hr,12056
12056,Dehradun - New Delhi Jan Shatabdi Express,JShtb,NR,,,DDN,5:00,NDLS,11:05,6h 5m,8,S M T W T F S,2S CC,305 km,50 km/hr,12055
14205,Ayodhya Cantt. - Delhi Express,Exp,NR,,,AYC,17:25,DLI,4:20,10h 55m,9,S M T W T F S,SL 3A 2A 1A 3E,614 km,56 km/hr,14206
11013,Mumbai LTT - Coimbatore Express (PT),Exp,CR,,,LTT,22:35,CBE,6:50,32h 15m,31,S M T W T F S,SL 3A 2A 1A,1496 km,46 km/hr,11014
14314,Bareilly - Mumbai LTT Weekly Express,Exp,NR,,,BE,11:25,LTT,16:15,28h 50m,25,S,SL 3A 2A,1597 km,55 km/hr,14313
12340,Coalfield Express,SF,ER,,,DHN,5:50,HWH,10:25,4h 35m,11,S M T W T F S,2S CC,259 km,56 km/hr,12339
12339,Coalfield Express,SF,ER,,,HWH,17:20,DHN,21:55,4h 35m,11,S M T W T F S,2S CC,259 km,56 km/hr,12340
14236,Bareilly - Varanasi Express,Exp,NR,,,BE,16:45,BSB,7:00,14h 15m,25,S M T W T F S,SL 3A 2A 1A,558 km,39 km/hr,14235
12886,Aranyak Express,SF,SER,,,BJE,14:00,SHM,19:40,5h 40m,12,M T W T F S,2S CC,311 km,55 km/hr,12885
15661,Ranchi - Kamakhya Express (PT),Exp,NFR,,,RNC,20:25,KYQ,23:55,27h 30m,24,W,SL 3A 2A,1192 km,43 km/hr,15662
16856,Mangaluru Central - Puducherry Express (via Salem) (PT),Exp,SR,,,MAQ,16:35,PDY,10:15,17h 40m,20,F,SL 3A 2A,799 km,45 km/hr,16855
16855,Puducherry - Mangaluru Central Express (Via Salem) (PT),Exp,SR,,,PDY,16:45,MAQ,9:30,16h 45m,20,T,SL 3A 2A,799 km,48 km/hr,16856
12935,Bandra Terminus - Surat InterCity Express,SF,WR,,,BDTS,6:35,ST,10:40,4h 5m,10,S M T W T F S,2S CC,252 km,62 km/hr,12936
15206,Chitrakoot Express (PT),Exp,ECR,,,JBP,20:50,LJN,9:20,12h 30m,18,S M T W T F S,SL 3A 2A 1A 3E,578 km,46 km/hr,15205
15205,Chitrakoot Express,Exp,ECR,,,LJN,17:30,JBP,5:40,12h 10m,18,S M T W T F S,SL 3A 2A 1A 3E,578 km,48 km/hr,15206
12146,Puri - Mumbai LTT SF Express (via Titlagarh) (PT),SF,CR,,,PURI,21:40,LTT,7:25,33h 45m,22,T,SL 3A 2A 1A,1878 km,56 km/hr,12145
12885,Aranyak Express,SF,SER,,,SHM,7:45,BJE,13:20,5h 35m,12,M T W T F S,2S CC,311 km,56 km/hr,12886
18238,Chhattisgarh Express (PT),Exp,SECR,,,ASR,15:55,BSP,10:55,43h 0m,83,S M T W T F S,SL 3A 2A 1A 3E,2011 km,47 km/hr,18237
18237,Chhattisgarh Express (PT),Exp,SECR,,,KRBA,11:33,ASR,6:55,43h 22m,90,S M T W T F S,SL 3A 2A 1A 3E,2101 km,48 km/hr,18238
18402,Puri - Bangriposi Intercity Express,Exp,ECoR,,,PURI,16:00,BGY,23:15,7h 15m,21,S M T W T F S,2S CC,376 km,52 km/hr,18401
18181,Tatanagar - Thawe Express (PT),Exp,SER,,,TATA,20:45,THE,17:20,20h 35m,37,M T T F,SL 3A 2A 3E,718 km,35 km/hr,18182
12674,Cheran SF Express (PT),SF,SR,,,CBE,22:50,MAS,7:00,8h 10m,7,S M T W T F S,SL 3A 2A 1A,495 km,61 km/hr,12673
15304,New Delhi - Kasganj Intercity Express,Exp,NER,,,NDLS,16:35,KSJ,0:10,7h 35m,18,S M T W T F S,2S CC,359 km,47 km/hr,15303
12708,Andhra Pradesh Sampark Kranti Express (PT),SKr,SCoR,,,NZM,5:20,TPTY,21:00,39h 40m,20,S W F,SL 3A 2A 1A,2303 km,58 km/hr,12707
12403,Prayagraj - Lalgarh SF Express (via Fatehpur Shekhawati) (PT),SF,NCR,,,PRYJ,23:05,LGH,20:25,21h 20m,30,M T T S,SL 3A 2A 1A 3E,1183 km,55 km/hr,12404
19224,Jammu Tawi - Sabarmati Express,Exp,WR,,,JAT,6:05,SBIB,14:05,32h 0m,52,S M T W T F S,SL 3A 2A,1491 km,47 km/hr,19223
12673,Cheran SF Express (PT),SF,SR,,,MAS,22:00,CBE,6:00,8h 0m,7,S M T W T F S,SL 3A 2A 1A,495 km,62 km/hr,12674
12604,Charlapalli - MGR Chennai Central SF Express (PT),SF,SR,,,CHZ,17:25,MAS,5:40,12h 15m,17,S M T W T F S,SL 3A 2A 1A,694 km,57 km/hr,12603
14313,Mumbai LTT - Bareilly Weekly Express (PT),Exp,NR,,,LTT,8:05,BE,15:20,31h 15m,24,M,SL 3A 2A,1597 km,51 km/hr,14314
12603,MGR Chennai Central - Charlapalli SF Express (PT),SF,SR,,,MAS,16:45,CHZ,5:10,12h 25m,17,S M T W T F S,SL 3A 2A 1A,694 km,56 km/hr,12604
22157,Mumbai CSMT - Chennai Egmore SF Mail (PT),SF,CR,,,CSMT,22:52,MS,22:15,23h 23m,34,S M T W T F S,SL 3A 2A,1286 km,55 km/hr,22158
14307,Prayagraj Sangam - Bareilly Express,Exp,NR,,,PYGS,1:20,BE,10:50,9h 30m,15,S M T W T F S,SL 3A 2A,433 km,46 km/hr,14308
12707,Andhra Pradesh Sampark Kranti Express (PT),SKr,SCoR,,,TPTY,6:00,NZM,18:35,36h 35m,20,M W F,SL 3A 2A 1A,2304 km,63 km/hr,12708
22697,SSS Hubballi - MGR Chennai Central Weekly SF Express (via SMVT Bengaluru) (PT),SF,SWR,,,UBL,20:30,MAS,11:10,14h 40m,16,S,SL 3A 2A 1A 3E,826 km,56 km/hr,22698
20680,SSS Hubballi - MGR Chennai Central Weekly SF Express (via SMVT Bengaluru) (PT),SF,SWR,,,UBL,20:30,MAS,11:10,14h 40m,16,T,SL 3A 2A 1A 3E,826 km,56 km/hr,20679
15204,Lucknow Jn. - Barauni Express,Exp,ECR,,,LJN,15:15,BJU,8:00,16h 45m,35,S M T W T F S,SL 3A 2A 1A 3E,673 km,40 km/hr,15203
16094,Lucknow Jn. - MGR Chennai Central Express (PT),Exp,SR,,,LJN,16:20,MAS,7:00,38h 40m,44,M T,SL 3A 2A,2088 km,54 km/hr,16093
16054,Tirupati - MGR Chennai Central Express,Exp,SR,,,TPTY,10:10,MAS,13:30,3h 20m,7,S M T W T F S,2S CC,147 km,44 km/hr,16053
15098,Jammu Tawi - Bhagalpur Amarnath Express,Exp,NER,,,JAT,22:45,BGP,9:55,35h 10m,30,T,SL 3A 2A 1A,1780 km,51 km/hr,15097
12724,Telangana Express (PT),SF,SCR,,,NDLS,16:00,HYB,17:10,25h 10m,14,S M T W T F S,SL 3A 2A 1A,1677 km,67 km/hr,12723
22639,MGR Chennai Central - Alappuzha SF Express (PT),SF,SR,,,MAS,20:55,ALLP,10:40,13h 45m,22,S M T W T F S,SL 3A 2A 1A,757 km,55 km/hr,22640
22640,Alappuzha - MGR Chennai Central SF Express (PT),SF,SR,,,ALLP,15:20,MAS,5:15,13h 55m,23,S M T W T F S,SL 3A 2A 1A,757 km,54 km/hr,22639
12968,Jaipur - MGR Chennai Central SF Express (PT),SF,NWR,,,JP,19:35,MAS,8:20,36h 45m,31,S F,SL 3A 2A 1A 3E,2184 km,59 km/hr,12967
14111,Bapudham Express,Exp,NCR,,,MFP,19:30,PRYJ,8:55,13h 25m,21,M W,SL 3A 2A 1A 3E,665 km,50 km/hr,14112
12851,Bilaspur - MGR Chennai Central Weekly SF Express (PT),SF,SECR,,,BSP,8:45,MAS,8:00,23h 15m,14,S,SL 3A 2A 1A 3E,1413 km,61 km/hr,12852
20853,Bhubaneswar - MGR Chennai Central SF Express (PT),SF,ECoR,,,BBS,12:10,MAS,8:20,20h 10m,19,T,SL 3A 2A,1225 km,61 km/hr,20854
12658,KSR Bengaluru - MGR Chennai Central SF Mail (PT),SF,SWR,,,SBC,22:40,MAS,4:05,5h 25m,6,S M T W T F S,SL 3A 2A 1A,359 km,66 km/hr,12657
12723,Telangana Express (PT),SF,SCR,,,HYB,6:00,NDLS,8:00,26h 0m,16,S M T W T F S,SL 3A 2A 1A,1677 km,64 km/hr,12724
12698,Thiruvananthapuram Central - MGR Chennai Central Weekly SF Express (PT),SF,SR,,,TVC,19:15,MAS,10:25,15h 10m,11,S,SL 3A 2A 3E,893 km,59 km/hr,12697
12696,Thiruvananthapuram Central - M.G.R Chennai Central SF Express (PT),SF,SR,,,TVC,17:15,MAS,10:00,16h 45m,21,S M T W T F S,SL 3A 2A 1A,918 km,55 km/hr,12695
12657,MGR Chennai Central - KSR Bengaluru SF Mail (PT),SF,SWR,,,MAS,22:50,SBC,4:35,5h 45m,6,S M T W T F S,SL 3A 2A 1A,359 km,62 km/hr,12658
12692,Shivamogga Town - MGR Chennai Central Weekly SF Express,SF,SR,,,SMET,17:40,MAS,4:55,11h 15m,18,S,SL 3A 2A 1A 3E,631 km,56 km/hr,12691
12686,Mangaluru Central - MGR Chennai Central SF Express (PT),SF,SR,,,MAQ,16:55,MAS,8:05,15h 10m,19,S M T W T F S,SL 3A 2A 1A 3E,889 km,59 km/hr,12685
16525,Kanniyakumari - KSR Bengaluru Express (PT),Exp,SWR,,,CAPE,10:10,SBC,7:00,20h 50m,44,S M T W T F S,SL 3A 2A 1A 3E,929 km,45 km/hr,16526
16032,Andaman Express,Exp,SR,,,SVDK,22:30,MAS,7:00,56h 30m,72,T F S,SL 3A 2A,2877 km,51 km/hr,16031
13351,Dhanbad - Alappuzha Express (PT),Exp,ECR,,,DHN,11:35,ALLP,15:15,51h 40m,85,S M T W T F S,SL 3A 2A 1A,2530 km,49 km/hr,13352
20861,Puri - Ahmedabad SF Express (via Sambalpur) (PT),SF,ECoR,,,PURI,19:25,ADI,6:25,35h 0m,37,W,SL 3A 2A,1994 km,57 km/hr,20862
22185,Ahimsa SF Express (PT),SF,CR,,,ADI,20:15,PUNE,7:30,11h 15m,15,T,SL 3A 2A,625 km,56 km/hr,22186
12342,Agnibina Express,SF,ER,,,ASN,5:30,HWH,9:00,3h 30m,6,S M T W T F S,2S CC,200 km,57 km/hr,12341
12682,Coimbatore - MGR Chennai Central Weekly SF Express (PT),SF,SR,,,CBE,23:30,MAS,7:35,8h 5m,6,F,SL 3A 2A,495 km,61 km/hr,12681
16552,Ashokapuram - MGR Chennai Central Express,Exp,SWR,,,AP,4:45,MAS,14:35,9h 50m,25,S M T W T F S,2S CC,502 km,51 km/hr,16551
20693,Jodhpur - KSR Bengaluru SF Express (via Davangere) (PT),SF,SWR,,,JU,6:15,SBC,20:30,38h 15m,43,T S,SL 3A 2A 1A,2115 km,55 km/hr,20694
12602,Mangaluru Central - MGR Chennai Central Mail (PT),SF,SR,,,MAQ,13:55,MAS,6:10,16h 15m,31,S M T W T F S,SL 3A 2A 1A,889 km,55 km/hr,12601
12291,Yesvantpur - MGR Chennai Central Weekly SF Express (PT),SF,SWR,,,YPR,22:45,MAS,4:55,6h 10m,6,F,SL 3A 2A 1A,366 km,59 km/hr,12292
20685,Gandhidham - KSR Bengaluru SF Express (PT),SF,SWR,,,GIMB,9:25,SBC,20:40,35h 15m,31,T,SL 3A 2A 1A,1958 km,56 km/hr,20686
16031,Andaman Express (PT),Exp,SR,,,MAS,5:10,SVDK,10:45,53h 35m,72,S W T,SL 3A 2A,2877 km,54 km/hr,16032
22664,Jodhpur - Tambaram Weekly SF Express (PT),SF,SR,,,JU,0:15,TBM,17:10,40h 55m,29,T,SL 3A 2A,2378 km,58 km/hr,22663
15930,New Tinsukia - Tambaram Express (PT),Exp,NFR,,,NTSK,6:30,TBM,20:35,62h 5m,44,M,SL 3A 2A 1A,3218 km,52 km/hr,15929
22689,Ahmedabad - Yesvantpur Weekly SF Express (PT),SF,SWR,,,ADI,19:00,YPR,2:30,31h 30m,22,T,SL 3A 2A 1A,1781 km,57 km/hr,22690
15630,Nagaon Express (PT),Exp,NFR,,,SHTT,10:50,TBM,20:35,57h 45m,48,F,SL 3A 2A,2970 km,51 km/hr,15629
12668,Kanniyakumari - Tambaram Weekly SF Express (PT),SF,SR,,,CAPE,16:35,TBM,4:10,11h 35m,10,F,SL 3A 2A,715 km,62 km/hr,12667
16316,Thiruvananthapuram North (Kochuveli) - Mysuru Express (PT),Exp,SR,,,TVCN,16:45,MYS,11:45,19h 0m,25,S M T W T F S,SL 3A 2A 3E,961 km,51 km/hr,16315
12316,Ananya Express,SF,ER,,,UDZ,0:50,KOAA,14:50,38h 0m,20,M,SL 3A 2A 1A 3E,2132 km,56 km/hr,12315
14322,Ala Hazrat Express (via Bhildi) (PT),Exp,NR,,,BHUJ,18:15,BE,20:35,26h 20m,46,S M T S,SL 3A 2A 3E,1411 km,54 km/hr,14321
12634,Kanniyakumari - Chennai Egmore SF Express (PT),SF,SWR,,,CAPE,18:00,MS,6:35,12h 35m,16,S M T W T F S,SL 3A 2A 1A 3E,739 km,59 km/hr,12633
12163,Mumbai LTT - MGR Chennai Central SF Express (PT),SF,CR,,,LTT,18:30,MAS,16:10,21h 40m,24,S M T W T F S,SL 3A 2A,1263 km,58 km/hr,12164
12785,Kacheguda - Ashokapuram SF Express (PT),SF,SCR,,,KCG,19:05,AP,9:55,14h 50m,20,S M T W T F S,SL CC 3A 2A 1A,769 km,52 km/hr,12786
15004,Chauri Chaura Express,Exp,NER,,,GKP,23:15,CPA,12:20,13h 5m,27,S M T W T F S,SL 3A 2A 1A,552 km,42 km/hr,15003
15003,Chauri Chaura Express,Exp,NER,,,CPA,16:40,GKP,6:10,13h 30m,27,S M T W T F S,SL 3A 2A 1A,552 km,41 km/hr,15004
12691,MGR Chennai Central - Shivamogga Town Weekly SF Express (PT),SF,SR,,,MAS,23:30,SMET,10:55,11h 25m,15,F,SL 3A 2A 1A 3E,631 km,55 km/hr,12692
12315,Ananya Express (PT),SF,ER,,,KOAA,13:10,UDZ,0:48,35h 38m,20,T,SL 3A 2A 1A 3E,2132 km,60 km/hr,12316
12824,Chhattisgarh Sampark Kranti Express,SKr,SECR,,,NZM,17:55,DURG,14:55,21h 0m,10,S T F,SL 3A 2A 1A 3E,1273 km,61 km/hr,12823
12823,Chhattisgarh Sampark Kranti Express (PT),SKr,SECR,,,DURG,12:15,NZM,7:50,19h 35m,10,M T S,SL 3A 2A 1A 3E,1273 km,65 km/hr,12824
12683,Ernakulam Jn. - SMVT Bengaluru SF Express (PT),SF,SR,,,ERS,16:50,SMVB,3:55,11h 5m,11,S M W,SL 3A 2A,603 km,54 km/hr,12684
12148,Hazrat Nizamuddin - SCSMT Kolhapur SF Express,SF,CR,,,NZM,5:10,KOP,13:30,32h 20m,19,T,SL 3A 2A,1913 km,59 km/hr,12147
12760,Charminar Express (PT),SF,SCR,,,HYB,18:00,MSB,6:40,12h 40m,15,S M T W T F S,SL 3A 2A 1A,789 km,62 km/hr,12759
16551,MGR Chennai Central - Ashokapuram Express,Exp,SWR,,,MAS,13:35,AP,23:25,9h 50m,25,S M T W T F S,2S CC,502 km,51 km/hr,16552
13006,Amritsar - Howrah Mail,Exp,ER,,,ASR,18:25,HWH,7:25,37h 0m,58,S M T W T F S,SL 3A 2A 1A,1911 km,52 km/hr,13005
14321,Ala Hazrat Express (via Bhildi),Exp,NR,,,BE,6:35,BHUJ,8:50,26h 15m,46,S M W F,SL 3A 2A 3E,1411 km,54 km/hr,14322
22690,Yesvantpur - Ahmedabad Weekly SF Express (PT),SF,SWR,,,YPR,16:45,ADI,1:00,32h 15m,23,S,SL 3A 2A 1A,1781 km,55 km/hr,22689
12759,Charminar Express (PT),SF,SCR,,,MSB,18:20,HYB,8:10,13h 50m,15,S M T W T F S,SL 3A 2A 1A,789 km,57 km/hr,12760
11056,Godan Express (PT),Exp,CR,,,GKP,6:35,LTT,15:30,32h 55m,21,S T W F,SL 3A 2A,1726 km,52 km/hr,11055
11055,Godan Express (PT),Exp,CR,,,LTT,10:55,GKP,20:35,33h 40m,21,S M W F,SL 3A 2A,1726 km,51 km/hr,11056
15083,Utsarg Express,Exp,NER,,,CPR,18:00,FBD,12:45,18h 45m,34,S M T W T F S,SL 3A 2A 1A 3E,682 km,36 km/hr,15084
12591,Gorakhpur - Yesvantpur SF Express (PT),SF,NER,,,GKP,6:33,YPR,2:30,43h 57m,35,S,SL 3A 2A 1A,2512 km,57 km/hr,12592
12450,Goa Sampark Kranti Express,SKr,NR,,,CDG,2:17,MAO,13:30,35h 13m,14,M S,SL 3A 2A 1A 3E,2162 km,61 km/hr,12449
12449,Goa Sampark Kranti Express,SKr,NR,,,MAO,10:00,CDG,18:25,32h 25m,14,T W,SL 3A 2A 1A 3E,2162 km,67 km/hr,12450
11059,Mumbai LTT - Chhapra Express (PT),Exp,CR,,,LTT,10:55,CPR,21:05,34h 10m,24,T T S,SL 3A 2A,1766 km,52 km/hr,11060
11060,Chhapra - Mumbai LTT Express (PT),Exp,CR,,,CPR,5:45,LTT,15:30,33h 45m,24,M T S,SL 3A 2A,1766 km,52 km/hr,11059
12727,Visakhapatnam - Hyderabad Godavari SF Express (PT),SF,SCR,,,VSKP,17:20,HYB,6:15,12h 55m,19,S M T W T F S,SL 3A 2A 1A,708 km,55 km/hr,12728
12728,Hyderabad - Visakhapatnam Godavari SF Express (PT),SF,SCR,,,HYB,17:05,VSKP,5:55,12h 50m,19,S M T W T F S,SL 3A 2A 1A,708 km,55 km/hr,12727
17201,Golconda Express,Exp,SCoR,,,GNT,6:00,SC,14:05,8h 5m,22,S M T W T F S,2S CC 3E,380 km,47 km/hr,17202
17202,Golconda Express,Exp,SCoR,,,SC,12:30,GNT,21:35,9h 5m,23,S M T W T F S,2S CC 3E,380 km,42 km/hr,17201
12903,Golden Temple Mail (PT),SF,WR,,,BDTS,18:45,ASR,23:45,29h 0m,32,S M T W T F S,SL 3A 2A 1A,1882 km,65 km/hr,12904
12904,Golden Temple Mail (PT),SF,WR,,,ASR,18:55,BDTS,23:55,29h 0m,32,S M T W T F S,SL 3A 2A 1A,1882 km,65 km/hr,12903
12419,Gomti Express,SF,NR,,,LKO,5:45,NDLS,15:00,9h 15m,15,S M T W T F S,2S CC 2A 1A,512 km,55 km/hr,12420
12420,Gomti Express,SF,NR,,,NDLS,12:55,LKO,21:30,8h 35m,15,S M T W T F S,2S CC 2A 1A,512 km,60 km/hr,12419
12405,Bhusaval - Hazrat Nizamuddin Gondwana SF Express (PT),SF,NR,,,BSL,6:00,NZM,5:00,23h 0m,27,S T,SL 3A 2A 1A 3E,1478 km,64 km/hr,12406
12406,Hazrat Nizamuddin - Bhusaval Gondwana SF Express,SF,NR,,,NZM,15:05,BSL,15:05,24h 0m,27,S F,SL 3A 2A 1A 3E,1478 km,62 km/hr,12405
12409,Raigarh - Hazrat Nizamuddin Gondwana Express (PT),SF,NR,,,RIG,3:25,NZM,5:00,25h 35m,34,M W T F S,SL 3A 2A 1A 3E,1629 km,64 km/hr,12410
12410,Hazrat Nizamuddin - Raigarh Gondwana Express,SF,NR,,,NZM,15:05,RIG,18:05,27h 0m,34,M T W T S,SL 3A 2A 1A 3E,1629 km,60 km/hr,12409
12411,Chandigarh - Amritsar Intercity Express,SF,NR,,,CDG,6:55,ASR,11:24,4h 29m,8,S M T W T F S,2S SL CC 3E,248 km,55 km/hr,12412
12412,Amritsar - Chandigarh Intercity Express,SF,NR,,,ASR,17:05,CDG,21:15,4h 10m,8,S M T W T F S,2S SL CC 3E,248 km,59 km/hr,12411
12555,Gorakhdham SF Express (PT),SF,NER,,,GKP,16:20,BTI,12:25,20h 5m,21,S M T W T F S,SL 3A 2A 1A,1124 km,56 km/hr,12556
12556,Gorakhdham SF Express (PT),SF,NER,,,BTI,14:15,GKP,10:00,19h 45m,20,S M T W T F S,SL 3A 2A 1A,1120 km,57 km/hr,12555
11037,Pune - Gorakhpur Express (Via Prayagraj) (PT),Exp,CR,,,PUNE,16:15,GKP,0:40,32h 25m,17,T,SL 3A 2A,1765 km,54 km/hr,11038
12590,Charlapalli - Gorakhpur SF Express (PT),SF,NER,,,CHZ,21:45,GKP,6:45,33h 0m,27,T,SL 3A 2A 1A,1811 km,55 km/hr,12589
12592,Yesvantpur - Gorakhpur SF Express (PT),SF,NER,,,YPR,17:30,GKP,15:10,45h 40m,35,M,SL 3A 2A 1A,2512 km,55 km/hr,12591
15006,Dehradun - Gorakhpur Rapti Ganga Express,Exp,NER,,,DDN,15:15,GKP,7:50,16h 35m,14,T T,SL 3A 2A 1A,814 km,49 km/hr,15005
22534,Yesvantpur - Gorakhpur SF Express (PT),SF,NER,,,YPR,23:40,GKP,18:55,43h 15m,23,W,SL 3A 2A 1A,2512 km,58 km/hr,22533
15046,Okha - Gorakhpur Express (PT),Exp,NER,,,OKHA,23:35,GKP,18:55,43h 20m,37,S,SL 3A 2A 1A,2291 km,53 km/hr,15045
15049,Purvanchal Express (Via Mau) (PT),Exp,NER,,,KOAA,14:35,GKP,9:25,18h 50m,24,S W,SL 3A 2A 1A,883 km,47 km/hr,15050
15051,Purvanchal Express (via Narkatiaganj) (PT),Exp,NER,,,KOAA,14:35,GKP,8:15,17h 40m,21,F,SL 3A 2A 1A,877 km,50 km/hr,15052
15104,Banaras - Gorakhpur InterCity Express,Exp,NER,,,BNRS,5:30,GKP,11:10,5h 40m,16,S M T W T F S,2S CC,234 km,41 km/hr,15103
18201,Durg - Nautanwa Express (via Varanasi) (PT),Exp,SECR,,,DURG,20:05,NTV,21:55,25h 50m,24,W F,SL 3A 2A 1A 3E,1197 km,46 km/hr,18202
18205,Durg - Nautanwa Express (via Ayodhya Cantt.) (PT),Exp,SECR,,,DURG,20:05,NTV,21:55,25h 50m,25,T,SL 3A 2A 1A 3E,1144 km,44 km/hr,18206
13153,Gour Express (PT),Exp,ER,,,SDAH,22:05,MLDT,6:05,8h 0m,9,S M T W T F S,SL 3A 2A 1A,350 km,44 km/hr,13154
13154,Gour Express (PT),Exp,ER,,,MLDT,21:20,SDAH,4:40,7h 20m,10,S M T W T F S,SL 3A 2A 1A,350 km,48 km/hr,13153
12615,Grand Trunk Express (PT),SF,SR,,,MAS,18:15,NDLS,5:10,34h 55m,37,S M T W T F S,SL 3A 2A 1A,2182 km,63 km/hr,12616
12616,Grand Trunk Express (PT),SF,SR,,,NDLS,16:10,MAS,4:40,36h 30m,36,S M T W T F S,SL 3A 2A 1A,2182 km,60 km/hr,12615
12917,Ahmedabad - Hazrat Nizamuddin Gujarat Sampark Kranti Express (PT),SKr,WR,,,ADI,15:30,NZM,5:50,14h 20m,8,M,SL 3A 2A 1A 3E,1074 km,75 km/hr,12918
12918,Hazrat Nizamuddin - Ahmedabad Gujarat Sampark Kranti Express,SKr,WR,,,NZM,13:25,ADI,3:25,14h 0m,8,T,SL 3A 2A 1A 3E,1074 km,77 km/hr,12917
12901,Gujarat Mail (PT),SF,WR,,,DDR,21:40,ADI,5:40,8h 0m,11,S M T W T F S,SL 3A 2A 1A 3E,487 km,61 km/hr,12902
12902,Gujarat Mail (PT),SF,WR,,,ADI,22:50,DDR,6:15,7h 25m,11,S M T W T F S,SL 3A 2A 1A 3E,487 km,66 km/hr,12901
12009,Mumbai Central - Ahmedabad Shatabdi Express,Shtb,WR,,,MMCT,6:20,ADI,12:40,6h 20m,7,M T W T F S,CC Ex EA EV,493 km,78 km/hr,12010
12010,Ahmedabad - Mumbai Central Shatabdi Express,Shtb,WR,,,ADI,15:10,MMCT,21:45,6h 35m,7,M T W T F S,CC Ex EA EV,493 km,75 km/hr,12009
12659,Gurudev SF Express (PT),SF,SR,,,NCJ,14:45,SHM,12:30,45h 45m,42,S,SL 3A 2A,2579 km,56 km/hr,12660
12660,Gurudev SF Express (PT),SF,SR,,,SHM,23:45,NCJ,21:40,45h 55m,42,W,SL 3A 2A,2579 km,56 km/hr,12659
15607,Aronai Express (PT),Exp,NFR,,,TVC,16:55,SCL,16:45,71h 50m,55,T,SL 3A 2A 3E,3916 km,55 km/hr,15608
12509,SMVT Bengaluru - Guwahati SF Express (PT),SF,NFR,,,SMVB,23:40,GHY,4:50,53h 10m,39,W T F,SL 3A 2A,2968 km,56 km/hr,12510
15645,Charlapalli - Silchar Express (PT),Exp,NFR,,,CHZ,16:25,SCL,23:55,55h 30m,35,S,SL 3A 2A 3E,2863 km,52 km/hr,15646
15627,Coimbatore - Silchar Express (PT),Exp,NFR,,,CBE,22:00,SCL,16:45,66h 45m,44,S,SL 3A 2A 3E,3493 km,52 km/hr,15628
15629,Nagaon Express (PT),Exp,NFR,,,TBM,18:40,SHTT,3:15,56h 35m,49,M,SL 3A 2A,2969 km,52 km/hr,15630
15631,Barmer - Guwahati Express (PT),Exp,NFR,,,BME,23:45,GHY,23:35,47h 50m,32,S,SL 3A 2A,2470 km,52 km/hr,15632
15639,Puri - Kamakhya Express (via Adra) (PT),Exp,NFR,,,PURI,14:55,KYQ,21:15,30h 20m,25,T,SL 3A 2A,1520 km,50 km/hr,15640
15945,Mumbai LTT - Dibrugarh Express (PT),Exp,NFR,,,LTT,8:05,DBRG,20:20,60h 15m,52,W S,SL 3A 2A,3127 km,52 km/hr,15946
15647,Mumbai LTT - Guwahati Express (PT),Exp,NFR,,,LTT,8:05,GHY,12:45,52h 40m,51,F,SL 3A 2A,2735 km,52 km/hr,15648
12987,Sealdah - Ajmer SF Express (PT),SF,NWR,,,SDAH,22:55,AII,1:40,26h 45m,21,S M T W T F S,SL 3A 2A 1A 3E,1644 km,61 km/hr,12988
11124,Barauni - Gwalior Mail,Exp,NCR,,,BJU,18:45,GWL,20:30,25h 45m,41,S M T W T F S,SL 3A 2A 3E,1055 km,41 km/hr,11123
14816,Rishikesh - Shri Ganganagar Intercity Express,Exp,NWR,,,RKSH,12:45,SGNR,0:10,11h 25m,21,S M T W T F S,SL 3A 2A,508 km,44 km/hr,14815
14815,Shri Ganganagar - Rishikesh Intercity Express,Exp,NWR,,,SGNR,4:10,RKSH,15:10,11h 0m,20,S M T W T F S,SL 3A 2A,508 km,46 km/hr,14816
15713,Katihar - Patna InterCity Express,Exp,NFR,,,KIR,6:15,PNBE,13:20,7h 5m,19,S M T W T F S,2S CC 3A,289 km,41 km/hr,15714
13227,Saharsa - Rajendra Nagar Terminal InterCity Express,Exp,ECR,,,SHC,15:05,RJPB,21:35,6h 30m,14,S M T W T F S,CC 3E,212 km,33 km/hr,13228
13228,Rajendra Nagar Terminal - Saharsa InterCity Express,Exp,ECR,,,RJPB,7:15,SHC,13:30,6h 15m,14,S M T W T F S,CC 3E,212 km,34 km/hr,13227
12871,Howrah - Junagarh Road Ispat Express,SF,SER,,,HWH,6:30,JNRD,22:35,16h 5m,33,M W S,2S CC 3A,844 km,53 km/hr,12872
11449,Jabalpur - Shri Mata Vaishno Devi Katra Express (PT),Exp,WCR,,,JBP,6:00,SVDK,10:45,28h 45m,30,T,SL 3A 2A 1A 3E,1582 km,55 km/hr,11450
11465,Veraval - Jabalpur Express (via Bina) (PT),Exp,WCR,,,VRL,10:10,JBP,16:15,30h 5m,47,M S,SL 3A 2A 1A 3E,1552 km,52 km/hr,11466
22191,Indore - Jabalpur SF Express,SF,WCR,,,INDB,19:35,JBP,5:35,10h 0m,18,S M T W T F S,SL 3A 2A 1A 3E,554 km,55 km/hr,22192
12159,Amravati - Jabalpur SF Express,SF,WCR,,,AMI,16:45,JBP,5:50,13h 5m,20,S M T W T F S,SL 3A 2A 1A 3E,724 km,55 km/hr,12160
12414,Galta Dham Pooja SF Express,SF,NR,,,JAT,18:15,AII,12:15,18h 0m,20,S M T W T F S,SL 3A 2A 1A 3E,1018 km,57 km/hr,12413
12955,Mumbai Central - Jaipur SF Express (PT),SF,WR,,,MMCT,19:05,JP,12:00,16h 55m,18,S M T W T F S,SL 3A 2A 1A,1160 km,69 km/hr,12956
19666,Udaipur City - Khajuraho Express (PT),Exp,NWR,,,UDZ,21:50,KURJ,19:05,21h 15m,33,S M T W T F S,SL 3A 2A 1A 3E,1090 km,51 km/hr,19665
12967,MGR Chennai Central - Jaipur SF Express (PT),SF,NWR,,,MAS,17:40,JP,6:45,37h 5m,31,S T,SL 3A 2A 1A 3E,2184 km,59 km/hr,12968
12973,Indore - Jaipur SF Express,SF,NWR,,,INDB,22:20,JP,8:00,9h 40m,7,M S,SL 3A 2A 1A 3E,600 km,62 km/hr,12974
12979,Bandra Terminus - Jaipur SF Express (PT),SF,NWR,,,BDTS,17:05,JP,10:05,17h 0m,16,T T S,SL 3A 2A 1A 3E,1149 km,68 km/hr,12980
12988,Ajmer - Sealdah SF Express (PT),SF,NWR,,,AII,12:50,SDAH,15:50,27h 0m,21,S M T W T F S,SL 3A 2A 1A 3E,1644 km,61 km/hr,12987
19612,Amritsar - Ajmer Express (via Firozpur Cantt.),Exp,NWR,,,ASR,13:25,AII,9:00,19h 35m,29,T T,SL 3A 2A 3E,1008 km,51 km/hr,19611
19436,Asansol - Ahmedabad Weekly Express,Exp,WR,,,ASN,19:35,ADI,12:00,40h 25m,28,S,SL 3A 2A 3E,2326 km,58 km/hr,19435
14681,Delhi - Jalandhar City Intercity Express,Exp,NR,,,DLI,14:35,JUC,23:40,9h 5m,20,S M T W T F S,2S CC,433 km,48 km/hr,14682
18103,Tatanagar - Amritsar Jallianwala Bagh Express,Exp,SER,,,TATA,20:30,ASR,6:30,34h 0m,26,M W,SL 3A 2A 3E,1747 km,51 km/hr,18104
18104,Amritsar - Tatanagar Jallianwala Bagh Express,Exp,SER,,,ASR,12:45,TATA,22:00,33h 15m,26,W F,SL 3A 2A 3E,1747 km,53 km/hr,18103
20433,Jammu Mail (PT),SF,NCR,,,SFG,10:35,SVDK,9:20,22h 45m,27,S M T W T F S,SL 3A 2A 1A 3E,1277 km,56 km/hr,20434
20434,Jammu Mail,SF,NCR,,,SVDK,15:15,SFG,12:35,21h 20m,27,S M T W T F S,SL 3A 2A 1A 3E,1277 km,60 km/hr,20433
11450,Shri Mata Vaishno Devi Katra - Jabalpur Express,Exp,WCR,,,SVDK,22:30,JBP,4:45,30h 15m,27,W,SL 3A 2A 1A 3E,1582 km,52 km/hr,11449
12413,Galta Dham Pooja SF Express (PT),SF,NR,,,AII,14:10,JAT,7:30,17h 20m,19,S M T W T F S,SL 3A 2A 1A 3E,1018 km,59 km/hr,12414
12475,Hapa - Shri Mata Vaishno Devi Katra SF Express (PT),SF,NR,,,HAPA,8:45,SVDK,17:50,33h 5m,32,T,SL 3A 2A 1A 3E,2059 km,62 km/hr,12476
12477,Jamnagar - Shri Mata Vaishno Devi Katra SF Express (PT),SF,NR,,,JAM,8:30,SVDK,17:50,33h 20m,32,W,SL 3A 2A 1A 3E,2068 km,62 km/hr,12478
13151,Kolkata - Jammu Tawi Express (PT),Exp,ER,,,KOAA,11:45,JAT,8:50,45h 5m,84,S M T W T F S,SL 3A 2A 3E,1986 km,44 km/hr,13152
18101,Tatanagar - Jammu Tawi Express (PT),Exp,SER,,,TATA,16:55,JAT,15:00,46h 5m,59,S W F,SL 3A 2A 3E,2069 km,45 km/hr,18102
14803,Bhagat Ki Kothi - Jammu Tawi Express,Exp,NWR,,,BGKT,7:00,JAT,6:20,23h 20m,36,S M T W T F S,SL 3A 2A 3E,1094 km,47 km/hr,14804
12478,Shri Mata Vaishno Devi Katra - Jamnagar SF Express,SF,NR,,,SVDK,9:40,JAM,18:45,33h 5m,32,S,SL 3A 2A 1A 3E,2068 km,62 km/hr,12477
22960,Jamnagar - Vadodara Intercity Express,SF,WR,,,JAM,4:45,BRC,12:25,7h 40m,13,S M T W T F S,2S CC,431 km,56 km/hr,22959
15211,Jan Nayak Express (UnReserved),Exp,ECR,,,DBG,17:15,ASR,1:55,32h 40m,43,S M T W T F S,,1486 km,45 km/hr,15212
15212,Jan Nayak Express (UnReserved),Exp,ECR,,,ASR,19:20,DBG,3:10,31h 50m,43,S M T W T F S,,1486 km,47 km/hr,15211
13257,Danapur - Anand Vihar Terminal Jan Sadharan Express (UnReserved),Exp,ECR,,,DNR,15:50,ANVT,10:25,18h 35m,8,S M T W T F S,,999 km,54 km/hr,13258
13258,Anand Vihar Terminal - Danapur Jan Sadharan Express (UnReserved),Exp,ECR,,,ANVT,13:35,DNR,7:30,17h 55m,8,S M T W T F S,,999 km,56 km/hr,13257
15268,Mumbai LTT - Raxaul Antyodaya Express (Via Chhapra),Ant,ECR,,,LTT,16:35,RXL,7:50,39h 15m,23,M,,1915 km,49 km/hr,15267
15270,Sabarmati - Muzaffarpur Jan Sadharan Express (UnReserved),Exp,ECR,,,SBIB,17:55,MFP,3:50,33h 55m,24,S,,1751 km,52 km/hr,15269
15271,Howrah - Muzaffarpur Jan Sadharan Express (UnReserved),Exp,ECR,,,HWH,11:15,MFP,23:15,12h 0m,10,W,,551 km,46 km/hr,15272
15272,Muzaffarpur - Howrah Jan Sadharan Express (UnReserved),Exp,ECR,,,MFP,14:40,HWH,3:05,12h 25m,10,T,,551 km,44 km/hr,15271
13419,Bhagalpur - Muzaffarpur Jansewa Express,Exp,ER,,,BGP,14:05,MFP,20:45,6h 40m,17,S M T W T F S,SL 3A,240 km,36 km/hr,13420
13420,Muzaffarpur - Bhagalpur Jansewa Express,Exp,ER,,,MFP,23:05,BGP,6:00,6h 55m,16,S M T W T F S,SL 3A,240 km,35 km/hr,13419
14618,Amritsar - Purnia Court Jan Sewa Express (UnReserved),Exp,NR,,,ASR,6:35,PRNC,18:45,36h 10m,50,S M T W T F S,,1614 km,45 km/hr,14617
12021,Howrah - Barbil Jan Shatabdi Express,JShtb,SER,,,HWH,6:20,BBN,13:20,7h 0m,9,S M T W T F S,2S CC,397 km,57 km/hr,12022
12022,Barbil - Howrah Jan Shatabdi Express,JShtb,SER,,,BBN,13:45,HWH,21:00,7h 15m,10,S M T W T F S,2S CC,397 km,55 km/hr,12021
12023,Howrah - Patna Jan Shatabdi Express (PT),JShtb,ECR,,,HWH,14:05,PNBE,22:20,8h 15m,14,M T W T F S,2S CC,532 km,64 km/hr,12024
12024,Patna - Howrah Jan Shatabdi Express,JShtb,ECR,,,PNBE,5:30,HWH,13:25,7h 55m,14,M T W T F S,2S CC,532 km,67 km/hr,12023
12051,Mumbai CSMT - Madgaon Jan Shatabdi Express (PT),JShtb,CR,,,CSMT,5:10,MAO,16:40,11h 30m,9,S M T W T F S,2S CC EV,581 km,50 km/hr,12052
12052,Madgaon - Mumbai CSMT Jan Shatabdi Express,JShtb,CR,,,MAO,12:00,CSMT,0:10,12h 10m,9,S M T W T F S,2S CC EV,581 km,48 km/hr,12051
18029,Mumbai LTT - Shalimar Express (PT),Exp,SER,,,LTT,22:00,SHM,13:00,39h 0m,70,S M T W T F S,SL 3A 2A,1943 km,50 km/hr,18030
18616,Kriya Yoga Express,Exp,SER,,,HTE,21:20,HWH,7:20,10h 0m,14,S M T W T F S,SL 3A 2A 1A 3E,418 km,42 km/hr,18615
12809,Mumbai CSMT - Howrah Mail (Via Nagpur) (PT),SF,SER,,,CSMT,21:10,HWH,6:45,33h 35m,43,S M T W T F S,SL 3A 2A 1A 3E,1964 km,58 km/hr,12810
12810,Howrah - Mumbai CSMT Mail (Via Nagpur) (PT),SF,SER,,,HWH,19:30,CSMT,4:25,32h 55m,41,S M T W T F S,SL 3A 2A 1A 3E,1964 km,60 km/hr,12809
12840,MGR Chennai Central - Howrah Mail (PT),SF,SER,,,MAS,19:00,HWH,23:20,28h 20m,34,S M T W T F S,SL 3A 2A 1A,1663 km,59 km/hr,12839
22698,MGR Chennai Central - SSS Hubballi Weekly SF Express (via SMVT Bengaluru) (PT),SF,SWR,,,MAS,15:00,UBL,5:00,14h 0m,15,S,SL 3A 2A 1A 3E,826 km,59 km/hr,22697
12701,Hussain Sagar SF Express (PT),SF,SCR,,,CSMT,21:50,HYB,12:05,14h 15m,14,S M T W T F S,SL 3A 2A,789 km,55 km/hr,12702
12702,Hussain Sagar SF Express (PT),SF,SCR,,,HYB,14:55,CSMT,4:55,14h 0m,15,S M T W T F S,SL 3A 2A,789 km,56 km/hr,12701
12157,Hutatma Superfast Express,SF,CR,,,PUNE,17:50,SUR,21:30,3h 40m,2,S M T W T F S,2S SL CC 3E,262 km,72 km/hr,12158
12158,Hutatma Superfast Express,SF,CR,,,SUR,6:30,PUNE,10:30,4h 0m,2,S M T W T F S,2S SL CC 3E,262 km,66 km/hr,12157
12870,Howrah - Mumbai CSMT Weekly SF Express (PT),SF,SER,,,HWH,13:55,CSMT,23:45,33h 50m,16,F,SL 3A 2A 1A 3E,1964 km,58 km/hr,12869
18005,Samaleswari Express (PT),Exp,SER,,,HWH,22:10,JDB,22:30,24h 20m,38,S M T W T F S,SL 3A 2A 1A,1162 km,48 km/hr,18006
12839,Howrah - M.G.R Chennai Central Mail (PT),SF,SER,,,HWH,23:45,MAS,3:20,27h 35m,33,S M T W T F S,SL 3A 2A 1A 3E,1663 km,60 km/hr,12840
12357,Durgiana Express (PT),SF,ER,,,KOAA,12:10,ASR,17:20,29h 10m,17,T S,SL 3A 2A 1A 3E,1835 km,63 km/hr,12358
12663,Howrah - Tiruchchirappalli SF Express (PT),SF,SR,,,HWH,17:35,TPJ,2:50,33h 15m,22,S T,SL 3A 2A 1A 3E,2003 km,60 km/hr,12664
12307,Howrah - Jodhpur Superfast Express (PT),SF,ER,,,HWH,23:30,JU,5:15,29h 45m,28,S T W S,SL 3A 2A 1A,1814 km,61 km/hr,12308
22872,Tirupati - Bhubaneswar SF Express,SF,ECoR,,,TPTY,10:25,BBS,6:15,19h 50m,17,M,SL 3A 2A 1A,1181 km,60 km/hr,22871
22732,Mumbai CSMT - Hyderabad SF Express (PT),SF,SCR,,,CSMT,14:10,HYB,4:30,14h 20m,20,S M T W T F S,SL 3A 2A,789 km,55 km/hr,22731
12395,Ziyarat Express (PT),SF,ECR,,,RJPB,18:00,AII,15:35,21h 35m,16,W,SL 3A 2A 1A 3E,1305 km,60 km/hr,12396
12416,New Delhi - Indore Intercity SF Express (PT),SF,NR,,,NDLS,21:50,INDB,10:05,12h 15m,19,S M T W T F S,SL 3A 2A 1A 3E,826 km,67 km/hr,12415
12924,Nagpur - Dr. Ambedkar Nagar SF Express,SF,WR,,,NGP,19:00,DADN,5:45,10h 45m,12,W,SL 3A 2A 3E,629 km,58 km/hr,12923
12974,Jaipur - Indore SF Express (PT),SF,NWR,,,JP,21:00,INDB,6:25,9h 25m,7,S F,SL 3A 2A 1A 3E,600 km,64 km/hr,12973
14318,Yog Nagari Rishikesh - Laxmi Bai Nagar Express,Exp,NR,,,YNRK,6:15,LMNR,6:05,23h 50m,28,F S,SL 3A 2A 3E,1147 km,48 km/hr,14317
22943,Daund - Indore SF Express (PT),SF,WR,,,DD,14:10,INDB,8:25,18h 15m,17,S M T W T F S,SL 3A 2A 1A,1041 km,57 km/hr,22944
19314,Patna - Indore Express (via Sultanpur) (PT),Exp,WR,,,PNBE,11:25,INDB,14:25,27h 0m,16,W F,SL 3A 2A 1A 3E,1357 km,50 km/hr,19313
19322,Patna - Indore Express (via Ayodhya Cantt) (PT),Exp,WR,,,PNBE,11:25,INDB,14:25,27h 0m,14,M,SL 3A 2A 1A 3E,1398 km,52 km/hr,19321
12481,Delhi - Shri Ganganagar Intercity Express,SF,NWR,,,DLI,13:10,SGNR,20:35,7h 25m,15,S M T W T F S,2S SL CC 3E,423 km,57 km/hr,12482
14211,Gwalior - New Delhi Intercity Express,Exp,NR,,,AGC,5:45,NDLS,10:00,4h 15m,16,S M T W T F S,2S CC 2A 1A,195 km,46 km/hr,14212
14212,New Delhi - Agra Cantt Intercity Express,Exp,NR,,,NDLS,17:40,AGC,22:05,4h 25m,16,S M T W T F S,2S CC 2A 1A,195 km,44 km/hr,14211
22195,Virangana Lakshmibai Jhansi - Bandra Terminus SF Express (PT),SF,NCR,,,VGLJ,16:50,BDTS,16:10,23h 20m,20,S M,SL 3A 2A 3E,1319 km,57 km/hr,22196
22196,Bandra Terminus - Virangana Lakshmibai Jhansi SF Express (PT),SF,NCR,,,BDTS,5:10,VGLJ,5:00,23h 50m,20,T W,SL 3A 2A 3E,1319 km,55 km/hr,22195
12127,Mumbai CSMT - Pune Intercity SF Express,SF,CR,,,CSMT,6:40,PUNE,10:00,3h 20m,4,S M T W T F S,2S CC,192 km,57 km/hr,12128
12128,Pune - Mumbai CSMT Intercity SF Express,SF,CR,,,PUNE,17:50,CSMT,21:05,3h 15m,4,S M T W T F S,2S CC,192 km,59 km/hr,12127
15031,Gorakhpur - Lucknow Jn. Intercity Express,Exp,NER,,,GKP,5:45,LJN,11:25,5h 40m,9,S M T W T F S,2S CC,277 km,49 km/hr,15032
16377,KSR Bengaluru - Ernakulam Jn. Intercity Express,Exp,SR,,,SBC,6:10,ERS,17:10,11h 0m,12,S M T W T F S,2S CC,584 km,53 km/hr,16378
16378,Ernakulam Jn. - KSR Bengaluru Intercity Express,Exp,SR,,,ERS,9:05,SBC,21:00,11h 55m,12,S M T W T F S,2S CC,584 km,49 km/hr,16377
12679,MGR Chennai Central - Coimbatore InterCity SF Express,SF,SR,,,MAS,14:30,CBE,22:20,7h 50m,11,S M T W T F S,2S CC,495 km,63 km/hr,12680
12680,Coimbatore - M.G.R Chennai Central InterCity SF Express,SF,SR,,,CBE,6:20,MAS,13:45,7h 25m,11,S M T W T F S,2S CC,495 km,67 km/hr,12679
12855,Bilaspur - NSC Bose Itwari InterCity Express,SF,SECR,,,BSP,15:20,NITR,22:35,7h 15m,13,S M T W T F S,SL 3A 2A 1A 3E,409 km,56 km/hr,12856
12856,NSC Bose Itwari - Bilaspur InterCity Express,SF,SECR,,,NITR,7:00,BSP,14:15,7h 15m,14,S M T W T F S,SL 3A 2A 1A 3E,409 km,56 km/hr,12855
13011,Howrah - Malda Town Intercity Express (via Rampurhat) (PT),Exp,ER,,,HWH,15:25,MLDT,23:10,7h 45m,17,S M T W T F S,2S CC,343 km,44 km/hr,13012
13012,Malda Town - Howrah Intercity Express (via Rampurhat) (PT),Exp,ER,,,MLDT,4:30,HWH,11:25,6h 55m,17,S M T W T F S,2S CC,343 km,50 km/hr,13011
13235,Sahibganj - Danapur InterCity Express (PT),Exp,ECR,,,SBG,15:20,DNR,0:30,9h 10m,29,M T W T F S,CC 3A,305 km,33 km/hr,13236
13236,Danapur - Sahibganj InterCity Express,Exp,ECR,,,DNR,5:15,SBG,13:45,8h 30m,29,M T W T F S,CC 3A,305 km,36 km/hr,13235
13305,Dhanbad - Sasaram Intercity Express,Exp,ECR,,,DHN,5:30,SSM,12:50,7h 20m,31,S M T W T F S,CC,302 km,41 km/hr,13306
13306,Sasaram - Dhanbad Intercity Express,Exp,ECR,,,SSM,15:30,DHN,22:30,7h 0m,28,S M T W T F S,CC,302 km,43 km/hr,13305
13401,Bhagalpur - Danapur Intercity Express,Exp,ER,,,BGP,5:25,DNR,12:35,7h 10m,28,S M T W T F S,2S CC 3A,231 km,32 km/hr,13402
13402,Danapur - Bhagalpur Intercity Express,Exp,ER,,,DNR,16:15,BGP,22:30,6h 15m,28,S M T W T F S,2S CC 3A,231 km,37 km/hr,13401
13409,Malda Town - Kiul Intercity Express (UnReserved),Exp,ER,,,MLDT,5:50,KIUL,12:45,6h 55m,19,S M T W T F S,,280 km,40 km/hr,13410
13410,Kiul - Malda Town Intercity Express (UnReserved),Exp,ER,,,KIUL,14:00,MLDT,20:50,6h 50m,19,S M T W T F S,,280 km,41 km/hr,13409
14209,Prayagraj Sangam - Lucknow Intercity Express,Exp,NR,,,PYGS,15:20,LKO,19:35,4h 15m,9,S M T W T F S,CC,198 km,47 km/hr,14210
14210,Lucknow - Prayagraj Sangam Intercity Express,Exp,NR,,,LKO,7:35,PYGS,11:45,4h 10m,9,S M T W T F S,CC,198 km,47 km/hr,14209
14816,Rishikesh - Shri Ganganagar Intercity Express,Exp,NWR,,,RKSH,12:45,SGNR,0:10,11h 25m,21,S M T W T F S,SL 3A 2A,508 km,44 km/hr,14815
14815,Shri Ganganagar - Rishikesh Intercity Express,Exp,NWR,,,SGNR,4:10,RKSH,15:10,11h 0m,20,S M T W T F S,SL 3A 2A,508 km,46 km/hr,14816
15713,Katihar - Patna InterCity Express,Exp,NFR,,,KIR,6:15,PNBE,13:20,7h 5m,19,S M T W T F S,2S CC 3A,289 km,41 km/hr,15714
15714,Patna - Katihar InterCity Express,Exp,NFR,,,PNBE,14:10,KIR,21:25,7h 15m,19,S M T W T F S,2S CC 3A,289 km,40 km/hr,15713
13227,Saharsa - Rajendra Nagar Terminal InterCity Express,Exp,ECR,,,SHC,15:05,RJPB,21:35,6h 30m,14,S M T W T F S,CC 3E,212 km,33 km/hr,13228
13228,Rajendra Nagar Terminal - Saharsa InterCity Express,Exp,ECR,,,RJPB,7:15,SHC,13:30,6h 15m,14,S M T W T F S,CC 3E,212 km,34 km/hr,13227
12871,Howrah - Junagarh Road Ispat Express,SF,SER,,,HWH,6:30,JNRD,22:35,16h 5m,33,M W S,2S CC 3A,844 km,53 km/hr,12872
12872,Junagarh Road - Howrah Ispat Express,SF,SER,,,JNRD,2:15,HWH,18:30,16h 15m,33,S T T,2S CC 3A,844 km,52 km/hr,12871
12231,Lucknow - Chandigarh SF Express,SF,NR,,,LKO,22:25,CDG,10:05,11h 40m,14,S M T W T F S,SL 3A 2A 1A 3E,644 km,55 km/hr,12232
12780,Goa Express (PT),SF,SWR,,,NZM,15:15,VSG,7:00,39h 45m,31,S M T W T F S,SL 3A 2A 1A 3E,2163 km,54 km/hr,12779
12779,Goa Express (PT),SF,SWR,,,VSG,15:10,NZM,6:25,39h 15m,31,S M T W T F S,SL 3A 2A 1A 3E,2163 km,55 km/hr,12780
16216,Chamundi Express,Exp,SWR,,,SBC,18:25,MYS,21:10,2h 45m,8,S M T W T F S,2S CC,138 km,50 km/hr,16215
12510,Guwahati - SMVT Bengaluru SF Express (PT),SF,NFR,,,GHY,6:15,SMVB,10:00,51h 45m,38,S M T,SL 3A 2A,2969 km,57 km/hr,12509
13005,Howrah - Amritsar Mail (PT),Exp,ER,,,HWH,19:20,ASR,8:40,37h 20m,59,S M T W T F S,SL 3A 2A 1A,1911 km,51 km/hr,13006
15052,Purvanchal Express (via Narkatiaganj),Exp,NER,,,GKP,10:05,KOAA,4:40,18h 35m,22,T,SL 3A 2A 1A,877 km,47 km/hr,15051
15050,Purvanchal Express (Via Mau) (PT),Exp,NER,,,GKP,8:35,KOAA,4:40,20h 5m,24,W S,SL 3A 2A 1A,883 km,44 km/hr,15049
16215,Chamundi Express,Exp,SWR,,,MYS,6:45,SBC,9:35,2h 50m,8,S M T W T F S,2S CC,138 km,49 km/hr,16216
12860,Gitanjali Express (PT),SF,SER,,,HWH,13:40,CSMT,21:20,31h 40m,24,S M T W T F S,SL 3A 2A 3E,1964 km,62 km/hr,12859
12859,Gitanjali Express (PT),SF,SER,,,CSMT,6:00,HWH,13:50,31h 50m,25,S M T W T F S,SL 3A 2A 3E,1964 km,62 km/hr,12860
12178,Mathura - Howrah Chambal Express (PT),SF,NCR,,,MTJ,5:00,HWH,6:55,25h 55m,33,M,SL 3A 2A 1A 3E,1459 km,56 km/hr,12177
22972,Patna - Bandra Terminus SF Express (PT),SF,WR,,,PNBE,23:20,BDTS,4:45,29h 25m,13,W,SL 3A 2A 1A 3E,1841 km,63 km/hr,22971
15628,Silchar - Coimbatore Express (PT),Exp,NFR,,,SCL,19:10,CBE,12:05,64h 55m,43,T,SL 3A 2A 3E,3493 km,54 km/hr,15627
15946,Dibrugarh - Mumbai LTT Express (PT),Exp,NFR,,,DBRG,5:00,LTT,17:50,60h 50m,54,S W,SL 3A 2A,3127 km,51 km/hr,15945
12177,Howrah - Mathura Chambal Express (PT),SF,NCR,,,HWH,17:45,MTJ,19:45,26h 0m,33,F,SL 3A 2A 1A 3E,1459 km,56 km/hr,12178
15648,Guwahati - Mumbai LTT Express (PT),Exp,NFR,,,GHY,15:00,LTT,17:50,50h 50m,52,T,SL 3A 2A,2735 km,54 km/hr,15647
13023,Howrah - Gaya Express (PT),Exp,ER,,,HWH,20:00,GAYA,10:55,14h 55m,34,S M T W T F S,SL 3A 2A,654 km,44 km/hr,13024
12176,Gwalior - Howrah Chambal Express,SF,NCR,,,GWL,7:40,HWH,6:55,23h 15m,29,T S,SL 3A 2A 1A 3E,1288 km,55 km/hr,12175
19019,Bandra Terminus - Haridwar Express (PT),Exp,WR,,,BDTS,0:20,HW,7:50,31h 30m,74,S M T W T F S,SL 3A 2A 1A 3E,1619 km,51 km/hr,19020
19611,Ajmer - Amritsar Express (via Firozpur Cantt.),Exp,NWR,,,AII,17:50,ASR,14:40,20h 50m,29,T S,SL 3A 2A 3E,1008 km,48 km/hr,19612
14312,Ala Hazrat Express (via Mahesana) (PT),Exp,NR,,,BHUJ,16:15,BE,20:35,28h 20m,47,T W F,SL 3A 2A 3E,1528 km,54 km/hr,14311
12738,Gowthami SF Express (PT),SF,SCoR,,,LPI,20:30,COA,7:08,10h 38m,20,S M T W T F S,SL 3A 2A 1A 3E,582 km,55 km/hr,12737
12737,Gowthami SF Express (PT),SF,SCoR,,,COA,19:15,LPI,5:55,10h 40m,19,S M T W T F S,SL 3A 2A 1A 3E,582 km,55 km/hr,12738
12175,Howrah - Gwalior Chambal Express (PT),SF,NCR,,,HWH,17:45,GWL,17:05,23h 20m,29,S W,SL 3A 2A 1A 3E,1288 km,55 km/hr,12176
12910,Hazrat Nizamuddin - Bandra Terminus Garib Rath Express (PT),GR,WR,,,NZM,16:30,BDTS,9:15,16h 45m,6,S W F,3A,1367 km,82 km/hr,12909
12909,Bandra Terminus - Hazrat Nizamuddin Garib Rath Express (PT),GR,WR,,,BDTS,17:30,NZM,10:15,16h 45m,6,T T S,3A,1367 km,82 km/hr,12910
11018,Karaikal - Mumbai LTT Weekly Express (PT),Exp,CR,,,KIK,14:20,LTT,20:30,30h 10m,29,M,SL 3A 2A,1628 km,54 km/hr,11017
12980,Jaipur - Bandra Terminus SF Express (PT),SF,NWR,,,JP,20:20,BDTS,13:15,16h 55m,16,M W F,SL 3A 2A 1A 3E,1149 km,68 km/hr,12979
18403,Bhubaneswar - Dhanbad Express,Exp,ECoR,,,BBS,20:25,DHN,11:00,14h 35m,13,S M T W T F S,SL 3A 2A,776 km,53 km/hr,18404
18404,Dhanbad - Bhubaneswar Express (PT),Exp,ECoR,,,DHN,16:00,BBS,8:15,16h 15m,13,S M T W T F S,SL 3A 2A,779 km,48 km/hr,18403
11017,Mumbai LTT - Karaikal Weekly Express (PT),Exp,CR,,,LTT,13:15,KIK,18:55,29h 40m,30,S,SL 3A 2A,1628 km,55 km/hr,11018
12736,Yesvantpur - Charlapalli Garib Rath Express,GR,SCR,,,YPR,16:15,CHZ,5:00,12h 45m,11,M T S,CC 3A,713 km,56 km/hr,12735
12735,Charlapalli - Yesvantpur Garib Rath Express (PT),GR,SCR,,,CHZ,19:45,YPR,8:20,12h 35m,11,S W F,3A,713 km,57 km/hr,12736
12232,Chandigarh - Lucknow SF Express,SF,NR,,,CDG,21:05,LKO,8:30,11h 25m,14,S M T W T F S,SL 3A 2A 1A,644 km,56 km/hr,12231
12972,Bhavnagar Terminus - Bandra Terminus SF Express (PT),SF,WR,,,BVC,18:30,BDTS,8:20,13h 50m,19,S M T W T F S,SL 3A 2A 1A,780 km,56 km/hr,12971
15933,New Tinsukia - Amritsar Express (PT),Exp,NFR,,,NTSK,9:45,ASR,21:05,59h 20m,40,T,SL 3A 2A 1A,2812 km,47 km/hr,15934
12612,Hazrat Nizamuddin - M.G.R.Chennai Central Garib Rath Express,GR,SR,,,NZM,15:35,MAS,21:00,29h 25m,9,M,3A,2175 km,74 km/hr,12611
12611,M.G.R. Chennai Central - Hazrat Nizamuddin Garib Rath Express (PT),GR,SR,,,MAS,6:00,NZM,10:30,28h 30m,10,S,3A,2175 km,76 km/hr,12612
17206,Kakinada Port - Sainagar Shirdi Express (PT),Exp,SCoR,,,COA,5:05,SNSI,9:10,28h 5m,33,M W S,SL 3A 2A 1A 3E,1340 km,48 km/hr,17205
12536,Raipur - Lucknow Jn. Garib Rath Express,GR,NER,,,R,12:05,LJN,5:10,17h 5m,12,T F,3A,910 km,53 km/hr,12535
12535,Lucknow Jn. - Raipur Garib Rath Express,GR,NER,,,LJN,14:10,R,7:15,17h 5m,12,M T,3A,911 km,53 km/hr,12536
13248,Ara - Kamakhya Capital Express (PT),Exp,ECR,,,ARA,21:05,KYQ,22:20,25h 15m,48,S M T W,SL 3A 2A 1A 3E,1005 km,40 km/hr,13247
12936,Surat - Bandra Terminus InterCity Express,SF,WR,,,ST,16:25,BDTS,20:45,4h 20m,10,S M T W T F S,2S CC,252 km,58 km/hr,12935
12518,Guwahati - Kolkata Garib Rath Express (PT),GR,NFR,,,GHY,21:00,KOAA,14:35,17h 35m,14,S,3A,1004 km,57 km/hr,12517
12517,Kolkata - Guwahati Garib Rath Express,GR,NFR,,,KOAA,21:45,GHY,15:55,18h 10m,14,T,3A,1004 km,55 km/hr,12518
13247,Kamakhya - Ara Capital Express (PT),Exp,ECR,,,KYQ,5:35,ARA,5:45,24h 10m,45,T W T F,SL 3A 2A 1A 3E,1005 km,42 km/hr,13248
13128,Ara - Kolkata Garib Rath Express,GR,ER,,,ARA,18:30,KOAA,5:30,11h 0m,13,S W F,3A,585 km,53 km/hr,13127
13127,Kolkata - Ara Garib Rath Express,GR,ER,,,KOAA,20:05,ARA,7:45,11h 40m,13,T T S,3A,585 km,50 km/hr,13128
13246,Ara - New Jalpaiguri Capital Express (PT),Exp,ECR,,,ARA,21:05,NJP,12:45,15h 40m,41,T F S,SL 3A 2A 1A 3E,567 km,36 km/hr,13245
13105,Sealdah - Ballia Express (PT),Exp,ER,,,SDAH,13:40,BUI,5:30,15h 50m,32,S M T W T F S,SL 3A 2A 1A,680 km,43 km/hr,13106
15707,Amrapali Express (PT),Exp,NFR,,,KIR,22:45,ASR,12:40,37h 55m,55,S M T W T F S,SL 3A 2A 3E,1805 km,48 km/hr,15708
14311,Ala Hazrat Express (via Mahesana),Exp,NR,,,BE,6:35,BHUJ,10:50,28h 15m,47,T T S,SL 3A 2A 3E,1528 km,54 km/hr,14312
12843,Puri - Ahmedabad SF Express (via Brahmapur) (PT),SF,ECoR,,,PURI,17:30,ADI,6:25,36h 55m,45,T T F S,SL 3A 2A,2135 km,58 km/hr,12844
22646,Ahilya Nagari SF Express (PT),SF,SR,,,TVCN,6:35,INDB,5:05,46h 30m,47,S,SL 3A 2A 3E,2642 km,57 km/hr,22645
12354,Lal Kuan - Howrah Weekly SF Express (PT),SF,ER,,,LKU,18:50,HWH,18:25,23h 35m,17,S,SL 3A 2A 3E,1300 km,55 km/hr,12353
12353,Howrah - Lal Kuan Weekly SF Express (PT),SF,ER,,,HWH,8:15,LKU,6:55,22h 40m,17,F,SL 3A 2A 3E,1301 km,57 km/hr,12354
13245,New Jalpaiguri - Ara Capital Express (PT),Exp,ECR,,,NJP,15:15,ARA,5:45,14h 30m,38,S M S,SL 3A 2A 1A 3E,567 km,39 km/hr,13246
12402,Nanda Devi AC SF Express,ACSF,NR,,,DDN,22:45,KOTA,10:35,11h 50m,12,S M T W T F S,3A 2A 1A,731 km,62 km/hr,12401
12401,Nanda Devi AC SF Express,ACSF,NR,,,KOTA,17:50,DDN,5:50,12h 0m,12,S M T W T F S,3A 2A 1A,731 km,61 km/hr,12402
16382,Kanniyakumari - Pune Express (PT),Exp,SR,,,CAPE,8:40,PUNE,21:40,37h 0m,56,S M T W T F S,SL 3A 2A 3E,1941 km,52 km/hr,16381
18450,Baidyanathdham Express (PT),Exp,ECoR,,,PNBE,8:45,PURI,2:55,18h 10m,25,W,SL 3A 2A,931 km,51 km/hr,18449
12204,Amritsar - Saharsa Garib Rath Express (PT),GR,NR,,,ASR,4:00,SHC,11:20,31h 20m,23,S W S,3A,1705 km,54 km/hr,12203
12203,Saharsa - Amritsar Garib Rath Express,GR,NR,,,SHC,14:30,ASR,22:05,31h 35m,23,S M T,3A,1705 km,54 km/hr,12204
17208,Machilipatnam - Sainagar Shirdi Weekly Express (PT),Exp,SCoR,,,MTM,6:50,SNSI,9:10,26h 20m,30,T,SL 3A 2A 1A,1206 km,46 km/hr,17207
12202,Thiruvananthapuram North (Kochuveli) - Mumbai LTT Garib Rath Express (PT),GR,SR,,,TVCN,7:45,LTT,14:40,30h 55m,23,S T,CC 3A,1503 km,49 km/hr,12201
12201,Mumbai LTT - Thiruvananthapuram North (Kochuveli) Garib Rath Express (PT),GR,SR,,,LTT,16:45,TVCN,22:45,30h 0m,23,M F,CC 3A,1503 km,50 km/hr,12202
12756,Bhavnagar Terminus - Kakinada Port Superfast Express (PT),SF,SCoR,,,BVC,4:25,COA,17:25,37h 0m,30,S,SL 3A 2A 1A 3E,2051 km,55 km/hr,12755
18449,Baidyanathdham Express (PT),Exp,ECoR,,,PURI,14:55,PNBE,9:35,18h 40m,25,M,SL 3A 2A,931 km,50 km/hr,18450
14679,Delhi - Amritsar Intercity Express,Exp,NR,,,DLI,13:45,ASR,22:25,8h 40m,13,S M T W T F S,2S CC,447 km,52 km/hr,14680
16532,KSR Bengaluru - Ajmer Garib Nawaz Express (PT),Exp,SWR,,,SBC,17:00,AII,14:25,45h 25m,35,F,SL 3A 2A 1A,2221 km,49 km/hr,16531
16531,Ajmer - KSR Bengaluru Garib Nawaz Express (PT),Exp,SWR,,,AII,6:15,SBC,2:30,44h 15m,35,M,SL 3A 2A 1A,2221 km,50 km/hr,16532
11108,Bundelkhand Express,Exp,NCR,,,BNRS,16:30,GWL,8:15,15h 45m,33,S M T W T F S,SL 3A 2A 1A 3E,624 km,40 km/hr,11107
15716,Ajmer - Kishanganj Garib Nawaz Express (PT),Exp,NFR,,,AII,12:05,KNE,3:15,39h 10m,33,M T T,SL 3A 2A 1A 3E,1839 km,47 km/hr,15715
15715,Kishanganj - Ajmer Garib Nawaz Express (PT),Exp,NFR,,,KNE,5:50,AII,21:30,39h 40m,33,S T F,SL 3A 2A 1A 3E,1839 km,46 km/hr,15716
11107,Bundelkhand Express (PT),Exp,NCR,,,GWL,21:05,BNRS,11:05,14h 0m,27,S M T W T F S,SL 3A 2A 1A 3E,624 km,45 km/hr,11108
13020,Bagh Express,Exp,ER,,,KGM,21:50,HWH,11:15,37h 25m,64,S M T W T F S,SL 3A 2A,1512 km,40 km/hr,13019
13308,Ganga Sutlej Express,Exp,ECR,,,FZR,16:40,DHN,4:55,36h 15m,66,S M T W T F S,SL 3A 2A 1A 3E,1602 km,44 km/hr,13307
13307,Ganga Sutlej Express (PT),Exp,ECR,,,DHN,21:50,FZR,10:00,36h 10m,69,S M T W T F S,SL 3A 2A 1A 3E,1602 km,44 km/hr,13308
15138,Budh Purnima Express,Exp,NER,,,BNRS,20:15,RGD,6:10,9h 55m,20,S M T W T F S,SL 3A 2A,418 km,42 km/hr,15137
13186,Gangasagar Express (PT),Exp,ER,,,JYG,16:10,SDAH,7:00,14h 50m,19,S M T W T F S,SL 3A 2A 1A,623 km,42 km/hr,13185
13185,Gangasagar Express (PT),Exp,ER,,,SDAH,17:50,JYG,8:55,15h 5m,20,S M T W T F S,SL 3A 2A 1A,623 km,41 km/hr,13186
15137,Budh Purnima Express,Exp,NER,,,RGD,21:30,BNRS,7:15,9h 45m,20,S M T W T F S,SL 3A 2A,418 km,43 km/hr,15138
13019,Bagh Express (PT),Exp,ER,,,HWH,21:40,KGM,9:30,35h 50m,67,S M T W T F S,SL 3A 2A,1512 km,42 km/hr,13020
11057,Mumbai CSMT - Amritsar Express (PT),Exp,CR,,,CSMT,23:30,ASR,16:15,40h 45m,78,S M T W T F S,SL 2A 3E,2045 km,50 km/hr,11058
12318,Akal Takht Express,SF,ER,,,ASR,5:55,KOAA,14:50,32h 55m,22,T F,SL 3A 2A 1A 3E,1897 km,58 km/hr,12317
12670,Ganga Kaveri Express (PT),SF,SR,,,CPR,21:00,MAS,12:10,39h 10m,21,M W,SL 3A 2A 1A 3E,2339 km,60 km/hr,12669
17604,Yelahanka - Kacheguda Express (PT),Exp,SCR,,,YNK,16:20,KCG,5:00,12h 40m,14,S M T W T F S,SL 3A 2A 1A 3E,653 km,52 km/hr,17603
12786,Ashokapuram - Kacheguda SF Express (PT),SF,SCR,,,AP,14:55,KCG,5:40,14h 45m,19,S M T W T F S,SL 3A 2A 1A,769 km,52 km/hr,12785
12669,Ganga Kaveri Express (PT),SF,SR,,,MAS,17:40,CPR,9:35,39h 55m,21,M S,SL 3A 2A 1A 3E,2339 km,59 km/hr,12670
22871,Bhubaneswar - Tirupati Weekly SF Express,SF,ECoR,,,BBS,12:10,TPTY,8:30,20h 20m,17,S,SL 3A 2A 1A,1181 km,58 km/hr,22872
12976,Jaipur - Mysuru SF Express (PT),SF,NWR,,,JP,19:35,MYS,16:00,44h 25m,41,M W,SL CC 3A 2A 1A 3E,2480 km,56 km/hr,12975
22884,Yesvantpur - Puri Garib Rath Express,GR,ECoR,,,YPR,22:40,PURI,3:55,29h 15m,23,S,3A,1505 km,51 km/hr,22883
13330,Ganga Damodar Express,Exp,ECR,,,PNBE,23:20,DHN,5:20,6h 0m,9,S M T W T F S,SL 3A 2A 1A 3E,292 km,49 km/hr,13329
12225,Kaifiyaat SF Express (PT),SF,NR,,,AMH,16:30,DLI,7:05,14h 35m,17,S M T W T F S,SL 3A 2A 1A,800 km,55 km/hr,12226
12226,Kaifiyaat SF Express (PT),SF,NR,,,DLI,20:25,AMH,10:55,14h 30m,17,S M T W T F S,SL 3A 2A 1A,800 km,55 km/hr,12225
14117,Kalindi Express (PT),Exp,NCR,,,PRYJ,15:50,BNW,9:25,17h 35m,31,S M T W T F S,SL 3A 2A 3E,800 km,46 km/hr,14118
14118,Kalindi Express,Exp,NCR,,,BNW,19:35,PRYJ,12:50,17h 15m,31,S M T W T F S,SL 3A 2A 3E,800 km,46 km/hr,14117
18478,Kalinga Utkal Express (PT),Exp,ECoR,,,YNRK,5:35,PURI,3:25,45h 50m,79,S M T W T F S,SL 3A 2A 1A 3E,2390 km,52 km/hr,18477
13051,Netaji Express (PT),Exp,ER,,,HWH,21:55,KLK,3:00,29h 5m,39,S M T W T F S,SL 3A 2A 1A,1714 km,59 km/hr,13052
13052,Netaji Express,Exp,ER,,,KLK,23:55,HWH,8:05,32h 10m,40,S M T W T F S,SL 3A 2A 1A,1714 km,53 km/hr,13051
11071,Kamayani Express (PT),Exp,CR,,,LTT,13:50,BUI,22:35,32h 45m,49,S M T W T F S,SL 3A 2A,1773 km,54 km/hr,11072
11072,Kamayani Express,Exp,CR,,,BUI,12:45,LTT,23:10,34h 25m,46,S M T W T F S,SL 3A 2A,1773 km,52 km/hr,11071
15959,Kamrup Express (via Guwahati) (PT),Exp,NFR,,,HWH,18:35,DBRG,4:25,33h 50m,59,S T W T S,SL 3A 2A,1532 km,45 km/hr,15960
15960,Kamrup Express (via Guwahati) (PT),Exp,NFR,,,DBRG,19:45,HWH,4:40,32h 55m,59,M T W F S,SL 3A 2A,1532 km,47 km/hr,15959
13149,Kanchankanya Express (PT),Exp,ER,,,SDAH,20:30,APDJ,12:40,16h 10m,28,S M T W T F S,SL 3A 2A 1A 3E,753 km,47 km/hr,13150
13150,Kanchankanya Express (PT),Exp,ER,,,APDJ,15:40,SDAH,8:20,16h 40m,28,S M T W T F S,SL 3A 2A 1A 3E,753 km,45 km/hr,13149
13173,Sealdah - Sabroom Kanchanjungha Express (PT),Exp,ER,,,SDAH,6:50,SBRM,21:10,38h 20m,49,S T T F,SL 3A 2A,1665 km,43 km/hr,13174
13174,Sabroom - Sealdah Kanchanjungha Express (PT),Exp,ER,,,SBRM,6:10,SDAH,19:20,37h 10m,49,S T T S,SL 3A 2A,1665 km,45 km/hr,13173
12665,Howrah - Kanniyakumari SF Express (PT),SF,SR,,,HWH,16:00,CAPE,9:45,41h 45m,28,M,SL 3A 2A,2406 km,58 km/hr,12666
12633,Chennai Egmore - Kanniyakumari SF Express (PT),SF,SWR,,,MS,17:20,CAPE,5:30,12h 10m,14,S M T W T F S,SL 3A 2A 1A 3E,739 km,61 km/hr,12634
16381,Pune - Kanniyakumari Express (PT),Exp,SR,,,PUNE,23:45,CAPE,11:55,36h 10m,55,S M T W T F S,SL 3A 2A 3E,1941 km,54 km/hr,16382
16526,KSR Bengaluru - Kanniyakumari Express (PT),Exp,SWR,,,SBC,20:10,CAPE,14:50,18h 40m,44,S M T W T F S,SL 3A 2A 1A 3E,929 km,50 km/hr,16525
12627,Karnataka Express (PT),SF,SWR,,,SBC,19:20,NDLS,9:00,37h 40m,33,S M T W T F S,SL 3A 2A 1A,2392 km,64 km/hr,12628
12628,Karnataka Express (PT),SF,SWR,,,NDLS,20:20,SBC,12:00,39h 40m,32,S M T W T F S,SL 3A 2A 1A,2392 km,60 km/hr,12627
12629,Karnataka Sampark Kranti Express (Via Pune) (PT),SKr,SWR,,,YPR,15:00,NZM,11:40,44h 40m,15,T T,SL 3A 2A 1A,2610 km,58 km/hr,12630
12630,Karnataka Sampark Kranti Express (Via Pune) (PT),SKr,SWR,,,NZM,8:30,YPR,5:25,44h 55m,14,W F,SL 3A 2A 1A,2610 km,58 km/hr,12629
12649,Karnataka Sampark Kranti Express (Via Ballari) (PT),SKr,SWR,,,YPR,13:30,NZM,8:10,42h 40m,18,S M W F S,SL 3A 2A 1A,2747 km,64 km/hr,12650
12650,Karnataka Sampark Kranti Express (Via Ballari) (PT),SKr,SWR,,,NZM,8:20,YPR,4:15,43h 55m,18,S M T T S,SL 3A 2A 1A,2746 km,63 km/hr,12649
12933,Karnavati Express (PT),SF,WR,,,BDTS,13:55,VTA,20:50,6h 55m,9,S M T W T F S,2S CC,474 km,68 km/hr,12934
12934,Karnavati Express (PT),SF,WR,,,ADI,5:00,BDTS,12:30,7h 30m,9,S M T W T F S,2S CC,482 km,64 km/hr,12933
15017,Kashi Express (PT),Exp,NER,,,LTT,6:35,GKP,18:55,36h 20m,67,S M T W T F S,SL 3A 2A 1A,1707 km,47 km/hr,15018
15018,Kashi Express (PT),Exp,NER,,,GKP,5:45,LTT,17:30,35h 45m,68,S M T W T F S,SL 3A 2A 1A,1707 km,48 km/hr,15017
15127,Kashi Vishwanath Express (PT),Exp,NER,,,BNRS,13:30,NDLS,5:45,16h 15m,30,S M T W T F S,SL 3A 2A 1A 3E,793 km,49 km/hr,15128
15128,Kashi Vishwanath Express,Exp,NER,,,NDLS,11:35,BNRS,4:40,17h 5m,33,S M T W T F S,SL 3A 2A 1A 3E,793 km,46 km/hr,15127
16021,Kaveri Express (PT),Exp,SR,,,MAS,21:15,AP,7:00,9h 45m,22,S M T W T F S,SL 3A 2A 1A,502 km,51 km/hr,16022
12625,Kerala Express (PT),SF,SR,,,TVC,12:15,NDLS,13:30,49h 15m,42,S M T W T F S,SL 3A 2A 3E,3031 km,62 km/hr,12626
12626,Kerala Express (PT),SF,SR,,,NDLS,20:10,TVC,21:50,49h 40m,41,S M T W T F S,SL 3A 2A 3E,3031 km,61 km/hr,12625
14119,Kathgodam - Dehradun Express (PT),Exp,NCR,,,KGM,19:55,DDN,4:40,8h 45m,9,S M T W T F S,SL 3A 2A 1A,335 km,38 km/hr,14120
14731,Kisan Express,Exp,NWR,,,DLI,14:00,BTI,21:15,7h 15m,18,S M T W T F S,2S SL CC 3E,332 km,46 km/hr,14732
14732,Kisan Express,Exp,NWR,,,BTI,5:00,DLI,12:25,7h 25m,18,S M T W T F S,2S SL CC 3E,332 km,45 km/hr,14731
16315,Mysuru - Thiruvananthapuram North (Kochuveli) Express,Exp,SR,,,MYS,13:15,TVCN,9:15,20h 0m,25,S M T W T F S,SL 3A 2A 3E,961 km,48 km/hr,16316
13161,Tebhaga Express,Exp,ER,,,KOAA,12:55,BLGT,22:00,9h 5m,14,S M T W T F,2S SL CC 3A,441 km,49 km/hr,13162
11049,Ahmedabad - SCSMT Kolhapur Express (PT),Exp,CR,,,ADI,20:15,KOP,14:40,18h 25m,16,S,SL 3A 2A,955 km,52 km/hr,11050
12358,Durgiana Express,SF,ER,,,ASR,5:55,KOAA,11:35,29h 40m,17,M T,SL 3A 2A 1A,1834 km,62 km/hr,12357
11019,Konark Express (PT),Exp,CR,,,CSMT,14:00,BBSN,0:20,34h 20m,42,S M T W T F S,SL 3A 2A,1945 km,57 km/hr,11020
11020,Konark Express (PT),Exp,CR,,,BBSN,14:40,CSMT,4:15,37h 35m,43,S M T W T F S,SL 3A 2A,1943 km,52 km/hr,11019
12647,Kongu SF Express (PT),SF,SR,,,CBE,16:30,NZM,14:15,45h 45m,23,S,SL 3A 2A,2687 km,59 km/hr,12648
12648,Kongu SF Express,SF,SR,,,NZM,7:00,CBE,6:30,47h 30m,24,W,SL 3A 2A,2686 km,57 km/hr,12647
20111,Konkan Kanya SF Express (PT),SF,KR,,,CSMT,23:02,MAO,11:40,12h 38m,17,S M T W T F S,SL 3A 2A 1A 3E,581 km,46 km/hr,20112
20112,Konkan Kanya SF Express (PT),SF,KR,,,MAO,18:00,CSMT,5:40,11h 40m,17,S M T W T F S,SL 3A 2A 1A 3E,581 km,50 km/hr,20111
22648,Thiruvananthapuram North (Kochuveli) - Korba SF Express (PT),SF,SR,,,TVCN,6:15,KRBA,3:00,44h 45m,51,M T,SL 3A 2A 3E,2501 km,56 km/hr,22647
12675,Kovai SF Express,SF,SR,,,MAS,6:10,CBE,14:05,7h 55m,10,S M T W T F S,2S CC,495 km,63 km/hr,12676
12676,Kovai SF Express,SF,SR,,,CBE,15:15,MAS,22:45,7h 30m,11,S M T W T F S,2S CC,495 km,66 km/hr,12675
16857,Puducherry - Mangaluru Central Express (Via Tiruchchirappalli) (PT),Exp,SR,,,PDY,16:45,MAQ,9:50,17h 5m,17,S,SL 3A 2A,865 km,51 km/hr,16858
16858,Mangaluru Central - Puducherry Express (Via Tiruchchirappalli) (PT),Exp,SR,,,MAQ,16:35,PDY,10:15,17h 40m,17,S,SL 3A 2A,865 km,49 km/hr,16857
22647,Korba - Thiruvananthapuram North (Kochuveli) SF Express (PT),SF,SR,,,KRBA,19:40,TVCN,15:40,44h 0m,51,W S,SL 3A 2A 3E,2503 km,57 km/hr,22648
15007,Krishak Express,Exp,NER,,,BCY,17:00,LJN,5:50,12h 50m,30,S M T W T F S,SL 3A 2A 1A 3E,504 km,39 km/hr,15008
15008,Krishak Express,Exp,NER,,,LJN,23:10,BCY,12:15,13h 5m,32,S M T W T F S,SL 3A 2A 1A 3E,504 km,39 km/hr,15007
22538,Kushinagar SF Express (PT),SF,NER,,,LTT,0:35,GKP,7:10,30h 35m,45,S M T W T F S,SL 3A 2A 1A,1680 km,55 km/hr,22537
22537,Kushinagar SF Express (PT),SF,NER,,,GKP,17:35,LTT,0:20,30h 45m,43,S M T W T F S,SL 3A 2A 1A,1680 km,55 km/hr,22538
12607,Lalbagh SF Express,SF,SWR,,,MAS,15:30,SBC,21:55,6h 25m,11,S M T W T F S,2S CC,359 km,56 km/hr,12608
12608,Lalbagh SF Express,SF,SWR,,,SBC,6:25,MAS,12:20,5h 55m,11,S M T W T F S,2S CC,359 km,61 km/hr,12607
12161,Lashkar SF Express (PT),SF,CR,,,LTT,16:25,AGC,15:20,22h 55m,17,F,SL 3A 2A,1330 km,58 km/hr,12162
12162,Lashkar SF Express (PT),SF,CR,,,AGC,19:45,LTT,16:05,20h 20m,17,S,SL 3A 2A,1330 km,65 km/hr,12161
14005,Lichchavi Express (PT),Exp,NR,,,SMI,2:30,ANVT,4:15,25h 45m,40,S M T W T F S,SL 3A 2A 1A 3E,1195 km,46 km/hr,14006
14006,Lichchavi Express,Exp,NR,,,ANVT,18:00,SMI,20:20,26h 20m,40,S M T W T F S,SL 3A 2A 1A 3E,1195 km,45 km/hr,14005
12861,Visakhapatnam - Mahbubnagar SF Express (PT),SF,SCoR,,,VSKP,18:40,MBNR,9:20,14h 40m,20,S M T W T F S,SL 3A 2A 1A 3E,808 km,55 km/hr,12862
12862,Mahbubnagar - Visakhapatnam SF Express (PT),SF,SCoR,,,MBNR,16:10,VSKP,6:50,14h 40m,21,S M T W T F S,SL 3A 2A 1A 3E,808 km,55 km/hr,12861
13349,Singrauli - Patna Express,Exp,ECR,,,SGRL,20:15,PNBE,9:00,12h 45m,26,S M T W T F S,SL 3A 2A,478 km,37 km/hr,13350
13350,Patna - Singrauli Express,Exp,ECR,,,PNBE,19:15,SGRL,7:15,12h 0m,26,S M T W T F S,SL 3A 2A,478 km,40 km/hr,13349
14114,Dehradun - Subedarganj Express,Exp,NCR,,,DDN,13:05,SFG,5:55,16h 50m,21,S M T W T F S,SL 3A 2A 1A,861 km,51 km/hr,14113
14887,Rishikesh - Barmer Express,Exp,NWR,,,RKSH,19:40,BME,19:50,24h 10m,42,S M T W T F S,SL 3A 2A,1190 km,49 km/hr,14888
14888,Barmer - Rishikesh Express,Exp,NWR,,,BME,8:00,RKSH,9:40,25h 40m,42,S M T W T F S,SL 3A 2A,1190 km,46 km/hr,14887
16594,Hazur Sahib Nanded - KSR Bengaluru Express (PT),Exp,SWR,,,NED,6:30,SBC,4:10,21h 40m,34,S M T W T F S,SL 3A 2A,1039 km,48 km/hr,16593
16593,KSR Bengaluru - Hazur Sahib Nanded Express,Exp,SWR,,,SBC,23:20,NED,23:10,23h 50m,35,S M T W T F S,SL 3A 2A,1039 km,44 km/hr,16594
18189,Tatanagar - Ernakulam Jn. Express (PT),Exp,SER,,,TATA,5:00,ERS,1:55,44h 55m,50,S M T W T F S,SL 3A 2A 3E,2296 km,51 km/hr,18190
18309,Sambalpur - Jammu Tawi Express (PT),Exp,ECoR,,,SBP,10:40,JAT,15:00,52h 20m,69,M T T S,SL 3A 2A,2348 km,45 km/hr,18310
18310,Jammu Tawi - Sambalpur Express,Exp,ECoR,,,JAT,14:20,SBP,16:30,50h 10m,70,S T T F,SL 3A 2A,2348 km,47 km/hr,18309
12108,Sitapur Jn. - Mumbai LTT SF Express (PT),SF,CR,,,STP,20:45,LTT,21:50,25h 5m,12,S T T,SL 3A 2A,1493 km,60 km/hr,12107
15651,Lohit Express (PT),Exp,NFR,,,GHY,14:00,JAT,13:00,47h 0m,41,M,SL 3A 2A,2346 km,50 km/hr,15652
15652,Lohit Express (PT),Exp,NFR,,,JAT,22:45,GHY,22:55,48h 10m,42,W,SL 3A 2A,2346 km,49 km/hr,15651
22102,Madurai - Mumbai LTT Weekly SF Express (PT),SF,CR,,,MDU,16:00,LTT,20:30,28h 30m,23,F,SL 3A 2A,1695 km,59 km/hr,22101
18609,Ranchi - Mumbai LTT Express (PT),Exp,SER,,,RNC,20:45,LTT,7:25,34h 40m,26,W,SL 3A 2A 1A,2004 km,58 km/hr,18610
18610,Mumbai LTT - Ranchi Express (PT),Exp,SER,,,LTT,16:35,RNC,6:50,38h 15m,26,F,SL 3A 2A 1A,2007 km,52 km/hr,18609
11014,Coimbatore - Mumbai LTT Express (PT),Exp,CR,,,CBE,8:50,LTT,13:55,29h 5m,31,S M T W T F S,SL 3A 2A 1A,1496 km,51 km/hr,11013
22927,Lokshakti Express (PT),SF,WR,,,BDTS,19:40,VDG,6:40,11h 0m,22,S M T W T F S,SL 3A 2A 1A 3E,584 km,53 km/hr,22928
22928,Lokshakti Express (PT),SF,WR,,,VDG,18:20,BDTS,5:25,11h 5m,18,S M T W T F S,SL 3A 2A 1A 3E,584 km,53 km/hr,22927
16093,MGR Chennai Central - Lucknow Jn.Express (PT),Exp,SR,,,MAS,5:10,LJN,20:20,39h 10m,44,T S,SL 3A 2A,2088 km,53 km/hr,16094
12229,Lucknow Mail (PT),SF,NR,,,LKO,22:00,NDLS,6:55,8h 55m,7,S M T W T F S,SL 3A 2A 1A 3E,491 km,55 km/hr,12230
12230,Lucknow Mail (PT),SF,NR,,,NDLS,22:00,LKO,6:40,8h 40m,8,S M T W T F S,SL 3A 2A 1A 3E,491 km,57 km/hr,12229
12107,Mumbai LTT - Sitapur Jn. SF Express (PT),SF,CR,,,LTT,16:25,STP,17:35,25h 10m,12,M W S,SL 3A 2A,1493 km,59 km/hr,12108
12750,Bidar - Machilipatnam SF Express (PT),SF,SCoR,,,BIDR,19:35,MTM,6:20,10h 45m,15,S M T W T F S,SL 3A 2A 1A,592 km,55 km/hr,12749
12121,Madhya Pradesh Sampark Kranti Express (PT),SKr,WCR,,,JBP,19:20,NZM,7:50,12h 30m,5,S W F,SL 3A 2A 1A 3E,904 km,72 km/hr,12122
12122,Madhya Pradesh Sampark Kranti Express,SKr,WCR,,,NZM,17:55,JBP,7:45,13h 50m,5,M T S,SL 3A 2A 1A 3E,904 km,65 km/hr,12121
22101,Mumbai LTT - Madurai Weekly SF Express (PT),SF,CR,,,LTT,13:15,MDU,18:30,29h 15m,24,W,SL 3A 2A,1695 km,58 km/hr,22102
20801,Magadh Express,SF,SER,,,IPR,15:30,NDLS,12:00,20h 30m,27,S M T W T F S,SL 3A 2A 1A 3E,1063 km,52 km/hr,20802
20802,Magadh Express,SF,SER,,,NDLS,21:05,IPR,15:25,18h 20m,27,S M T W T F S,SL 3A 2A 1A 3E,1063 km,58 km/hr,20801
12397,Mahabodhi Express (PT),SF,ECR,,,GAYA,14:00,NDLS,4:10,14h 10m,14,S M T W T F S,SL 3A 2A 1A 3E,992 km,70 km/hr,12398
12398,Mahabodhi Express,SF,ECR,,,NDLS,12:25,GAYA,2:55,14h 30m,14,S M T W T F S,SL 3A 2A 1A 3E,992 km,68 km/hr,12397
12189,Mahakoshal Express (PT),SF,WCR,,,JBP,18:10,NZM,11:00,16h 50m,27,S M T W T F S,SL 3A 2A 1A 3E,957 km,57 km/hr,12190
12190,Mahakoshal Express,SF,WCR,,,NZM,12:53,JBP,5:55,17h 2m,26,S M T W T F S,SL 3A 2A 1A 3E,957 km,56 km/hr,12189
17412,Mahalaxmi Express (PT),Exp,SCoR,,,KOP,20:55,CSMT,7:25,10h 30m,15,S M T W T F S,SL 2A 1A 3E,518 km,49 km/hr,17411
22177,Mahanagari SF Express (PT),SF,CR,,,CSMT,0:15,BNRS,3:45,27h 30m,29,S M T W T F S,SL 3A 2A 1A,1513 km,55 km/hr,22178
22178,Mahanagari SF Express,SF,CR,,,BNRS,9:35,CSMT,11:40,26h 5m,27,S M T W T F S,SL 3A 2A 1A,1511 km,58 km/hr,22177
11039,Maharashtra Express (PT),Exp,CR,,,KOP,14:50,G,18:35,27h 45m,53,S M T W T F S,SL 3A 2A,1341 km,48 km/hr,11040
11040,Maharashtra Express (PT),Exp,CR,,,G,8:10,KOP,11:25,27h 15m,52,S M T W T F S,SL 3A 2A,1341 km,49 km/hr,11039
12907,Maharashtra Sampark Kranti Express (PT),SKr,WR,,,BDTS,17:30,NZM,10:15,16h 45m,5,S W,SL 3A 2A 1A 3E,1367 km,82 km/hr,12908
12908,Maharashtra Sampark Kranti Express (PT),SKr,WR,,,NZM,16:30,BDTS,9:15,16h 45m,5,M T,SL 3A 2A 1A 3E,1367 km,82 km/hr,12907
16232,Mysuru - Cuddalore Port Express,Exp,SWR,,,MYS,16:15,CUPJ,8:35,16h 20m,25,S M T W T F S,SL CC 3A 2A,753 km,46 km/hr,16231
12919,Malwa SF Express (PT),SF,WR,,,DADN,11:50,SVDK,16:30,28h 40m,48,S M T W T F S,SL 3A 2A 1A 3E,1641 km,57 km/hr,12920
12920,Malwa SF Express,SF,WR,,,SVDK,8:35,DADN,14:25,29h 50m,48,S M T W T F S,SL 3A 2A 1A 3E,1641 km,55 km/hr,12919
22492,Mandore Superfast Express,SF,NWR,,,DLI,21:20,JU,7:30,10h 10m,18,S M T W T F S,SL 3A 2A 1A 3E,618 km,61 km/hr,22491
22491,Mandore Superfast Express (PT),SF,NWR,,,JU,20:30,DLI,6:45,10h 15m,16,S M T W T F S,SL 3A 2A 1A 3E,618 km,60 km/hr,22492
10103,Mandovi Express,Exp,KR,,,CSMT,7:10,MAO,21:55,14h 45m,18,S M T W T F S,SL 3A 2A 1A 3E,581 km,39 km/hr,10104
10104,Mandovi Express (PT),Exp,KR,,,MAO,8:30,CSMT,21:45,13h 15m,18,S M T W T F S,SL 3A 2A 1A 3E,581 km,44 km/hr,10103
12617,Mangala Lakshadweep SF Express (PT),SF,SR,,,ERS,10:30,NZM,13:35,51h 5m,47,S M T W T F S,SL 3A 2A 3E,2761 km,54 km/hr,12618
12618,Mangala Lakshadweep Express (PT),SF,SR,,,NZM,5:35,ERS,8:00,50h 25m,41,S M T W T F S,SL 3A 2A 3E,2761 km,55 km/hr,12617
12685,MGR Chennai Central - Mangaluru Central SF Express (PT),SF,SR,,,MAS,16:20,MAQ,7:20,15h 0m,19,S M T W T F S,SL 3A 2A 1A 3E,889 km,59 km/hr,12686
16347,Thiruvananthapuram Central - Mangaluru Central Express (PT),Exp,SR,,,TVC,20:55,MAQ,11:20,14h 25m,46,S M T W T F S,SL 3A 2A 3E,632 km,44 km/hr,16348
12601,MGR Chennai Central - Mangaluru Central Mail (PT),SF,SR,,,MAS,20:10,MAQ,12:06,15h 56m,29,S M T W T F S,SL 3A 2A 1A,889 km,56 km/hr,12602
14853,Marudhar Express (via Ayodhya Cantt),Exp,NWR,,,BCY,16:40,JU,17:30,24h 50m,37,M W S,SL 3A 2A 3E,1203 km,48 km/hr,14854
14854,Marudhar Express (via Ayodhya Cantt),Exp,NWR,,,JU,8:35,BCY,10:00,25h 25m,38,M T S,SL 3A 2A 3E,1203 km,47 km/hr,14853
14863,Marudhar Express (Via Sultanpur),Exp,NWR,,,BCY,16:40,JU,17:30,24h 50m,33,S T F,SL 3A 2A 3E,1163 km,47 km/hr,14864
14864,Marudhar Express (Via Sultanpur),Exp,NWR,,,JU,8:35,BCY,7:00,22h 25m,34,S T F,SL 3A 2A 3E,1163 km,52 km/hr,14863
12977,Marusagar SF Express (PT),SF,NWR,,,ERS,18:50,AII,15:25,44h 35m,31,S,SL 3A 2A 1A 3E,2556 km,57 km/hr,12978
12978,Marusagar SF Express (PT),SF,NWR,,,AII,10:15,ERS,5:45,43h 30m,31,F,SL 3A 2A 1A 3E,2556 km,59 km/hr,12977
12619,Matsyagandha Express (PT),SF,SR,,,LTT,15:10,MAQ,10:20,19h 10m,21,S M T W T F S,SL 3A 2A 3E,883 km,46 km/hr,12620
12620,Matsyagandha Express (PT),SF,SR,,,MAQ,12:45,LTT,6:35,17h 50m,19,S M T W T F S,SL 3A 2A 3E,883 km,49 km/hr,12619
15027,Maurya Express (PT),Exp,NER,,,SBP,9:20,GKP,16:35,31h 15m,54,S M T W T F S,SL 3A 2A,1164 km,37 km/hr,15028
15028,Maurya Express,Exp,NER,,,GKP,7:15,SBP,14:40,31h 25m,53,S M T W T F S,SL 3A 2A,1164 km,37 km/hr,15027
16733,Rameswaram - Okha Weekly Express (PT),Exp,SR,,,RMM,22:50,OKHA,10:20,59h 30m,45,F,SL 3A 2A,3153 km,53 km/hr,16734
12963,Mewar SF Express,SF,NWR,,,NZM,18:25,UDZ,7:30,13h 5m,16,S M T W T F S,SL 3A 2A 1A 3E,743 km,57 km/hr,12964
12964,Mewar SF Express (PT),SF,NWR,,,UDZ,18:30,NZM,6:50,12h 20m,16,S M T W T F S,SL 3A 2A 1A 3E,743 km,60 km/hr,12963
11062,Pawan Express (PT),Exp,CR,,,JYG,13:10,LTT,0:30,35h 20m,41,S M T W T F S,SL 3A 2A,1942 km,55 km/hr,11061
12645,Millennium SF Express (PT),SF,SR,,,ERS,19:10,NZM,18:45,47h 35m,26,S,SL 3A 2A,2806 km,59 km/hr,12646
12646,Millennium SF Express (PT),SF,SR,,,NZM,5:10,ERS,3:10,46h 0m,25,T,SL 3A 2A 3E,2806 km,61 km/hr,12645
13021,Mithila Express (PT),Exp,ER,,,HWH,15:50,RXL,9:15,17h 25m,43,S M T W T F S,SL 3A 2A,693 km,40 km/hr,13022
13022,Mithila Express (PT),Exp,ER,,,RXL,10:10,HWH,4:00,17h 50m,40,S M T W T F S,SL 3A 2A,693 km,39 km/hr,13021
13155,Mithilanchal Express (PT),Exp,ER,,,KOAA,20:55,SMI,11:15,14h 20m,18,S T,SL 3A 2A 3E,620 km,43 km/hr,13156
13156,Mithilanchal Express,Exp,ER,,,SMI,12:35,KOAA,3:00,14h 25m,18,M F,SL 3A 2A 3E,620 km,43 km/hr,13155
17207,Sainagar Shirdi - Machilipatnam Weekly Express (PT),Exp,SCoR,,,SNSI,17:00,MTM,17:35,24h 35m,34,W,SL 3A 2A 1A,1206 km,49 km/hr,17208
17205,Sainagar Shirdi - Kakinada Port Express (PT),Exp,SCoR,,,SNSI,17:00,COA,19:45,26h 45m,37,S T T,SL 3A 2A 1A 3E,1340 km,50 km/hr,17206
16734,Okha - Rameswaram Express (PT),Exp,SR,,,OKHA,8:40,RMM,19:10,58h 30m,46,T,SL 3A 2A,3153 km,54 km/hr,16733
17001,Sainagar Shirdi - Secunderabad Express (PT),Exp,SCR,,,SNSI,17:00,SC,8:55,15h 55m,20,M S,SL 3A 2A,777 km,49 km/hr,17002
22663,Tambaram - Jodhpur Weekly SF Express (PT),SF,SR,,,TBM,14:50,JU,8:05,41h 15m,29,S,SL 3A 2A,2378 km,58 km/hr,22664
13238,Kota - Patna Express (via Ayodhya Cantt) (PT),Exp,ECR,,,KOTA,18:10,PNBE,19:30,25h 20m,28,S T F,SL 3A 2A 1A 3E,1279 km,50 km/hr,13237
22731,Hyderabad - Mumbai CSMT SF Express (PT),SF,SCR,,,HYB,22:40,CSMT,13:05,14h 25m,20,S M T W T F S,SL 3A 2A,789 km,55 km/hr,22732
22160,MGR Chennai Central - Mumbai CSMT SF Express (PT),SF,CR,,,MAS,13:15,CSMT,12:30,23h 15m,29,S M T W T F S,SL 2A 3E,1280 km,55 km/hr,22159
16332,Thiruvananthapuram Central - Mumbai LTT Express (PT),Exp,SR,,,TVC,4:25,LTT,18:50,38h 25m,38,S,SL 3A 2A 3E,1911 km,50 km/hr,16331
16340,Nagercoil - Mumbai LTT Express (Via Katpadi) (PT),Exp,SR,,,NCJ,6:45,LTT,18:50,36h 5m,37,M T W F,SL 3A 2A,1863 km,52 km/hr,16339
22158,Chennai Egmore - Mumbai CSMT SF Mail (PT),SF,CR,,,MS,6:35,CSMT,5:50,23h 15m,32,S M T W T F S,SL 3A 2A,1286 km,55 km/hr,22157
12321,Howrah - Mumbai CSMT Mail (Via Gaya) (PT),SF,ER,,,HWH,23:40,CSMT,13:15,37h 35m,44,S M T W T F S,SL 3A 2A 1A,2160 km,57 km/hr,12322
12322,Mumbai CSMT - Howrah Mail (Via Gaya) (PT),SF,ER,,,CSMT,22:15,HWH,11:10,36h 55m,45,S M T W T F S,SL 3A 2A 1A,2160 km,59 km/hr,12321
14341,Mussoorie Express,Exp,NR,,,SSB,21:20,DDN,9:05,11h 45m,18,S M T W T F S,SL 3A 2A 1A,345 km,29 km/hr,14342
14342,Mussoorie Express,Exp,NR,,,DDN,21:20,SSB,8:25,11h 5m,18,S M T W T F S,SL 3A 2A 1A,345 km,31 km/hr,14341
14112,Bapudham Express,Exp,NCR,,,PRYJ,4:50,MFP,18:10,13h 20m,21,M W,SL 3A 2A 1A 3E,665 km,50 km/hr,14111
11061,Pawan Express (PT),Exp,CR,,,LTT,11:30,JYG,2:10,38h 40m,43,S M T W T F S,SL 3A 2A,1942 km,50 km/hr,11062
15227,SMVT Bengaluru - Muzaffarpur Express (PT),Exp,ECR,,,SMVB,0:30,MFP,1:50,49h 20m,33,T,SL 3A 2A 1A 3E,2701 km,55 km/hr,15228
20651,KSR Bengaluru - Talguppa InterCity Express,SF,SWR,,,SBC,15:00,TLGP,21:45,6h 45m,14,S M T W T F S,2S CC,371 km,55 km/hr,20652
16235,Tuticorin - Mysuru Express (PT),Exp,SWR,,,TN,17:30,MYS,10:20,16h 50m,32,S M T W T F S,SL CC 3A 2A,776 km,46 km/hr,16236
16231,Cuddalore Port - Mysuru Express (PT),Exp,SWR,,,CUPJ,16:30,MYS,8:35,16h 5m,25,S M T W T F S,SL CC 3A 2A,753 km,47 km/hr,16232
16339,Mumbai LTT - Nagercoil Express (via Katpadi) (PT),Exp,SR,,,LTT,20:55,NCJ,9:45,36h 50m,38,T W T S,SL 3A 2A,1863 km,51 km/hr,16340
16351,Mumbai LTT - Nagercoil Express (Via Renigunta) (PT),Exp,SR,,,LTT,20:55,NCJ,7:00,34h 5m,42,M F,SL 3A 2A,1930 km,57 km/hr,16352
16335,Gandhidham - Nagercoil Weekly Express (PT),Exp,SR,,,GIMB,10:40,NCJ,9:40,47h 0m,56,F,SL 3A 2A,2343 km,50 km/hr,16336
12667,Tambaram - Kanniyakumari Weekly SF Express (PT),SF,SR,,,TBM,19:30,CAPE,7:15,11h 45m,10,T,SL 3A 2A,715 km,61 km/hr,12668
12135,Pune - Nagpur SF Express (PT),SF,CR,,,PUNE,17:35,NGP,9:10,15h 35m,17,S T T,SL 3A 2A,885 km,57 km/hr,12136
12160,Jabalpur - Amravati SF Express,SF,WCR,,,JBP,21:20,AMI,9:50,12h 30m,20,S M T W T F S,SL 3A 2A 1A 3E,724 km,58 km/hr,12159
12923,Dr. Ambedkar Nagar - Nagpur SF Express,SF,WR,,,DADN,21:00,NGP,8:20,11h 20m,11,T,SL 3A 2A 3E,629 km,55 km/hr,12924
18239,Shivnath Express,Exp,SECR,,,KRBA,18:13,NITR,5:30,11h 17m,28,S M T W T F S,SL 3A 2A 1A 3E,498 km,44 km/hr,18240
18240,Shivnath Express,Exp,SECR,,,NITR,23:55,KRBA,9:20,9h 25m,20,S M T W T F S,SL 3A 2A 1A 3E,498 km,53 km/hr,18239
17629,Hadapsar - Hazur Sahib Nanded Express,Exp,SCR,,,HDP,21:50,NED,10:20,12h 30m,11,S M T W T F S,SL 3A 2A,652 km,52 km/hr,17630
11001,Nandigram Express (PT),Exp,CR,,,CSMT,16:35,BPQ,13:25,20h 50m,27,S M T W T F S,SL 3A 2A 1A,939 km,45 km/hr,11002
11002,Nandigram Express (PT),Exp,CR,,,BPQ,9:15,CSMT,5:35,20h 20m,28,S M T W T F S,SL 3A 2A 1A,939 km,46 km/hr,11001
12733,Narayanadri SF Express (PT),SF,SCoR,,,TPTY,18:20,LPI,6:45,12h 25m,20,S M T W T F S,SL 3A 2A 1A 3E,685 km,55 km/hr,12734
12734,Narayanadri SF Express (PT),SF,SCoR,,,LPI,17:30,TPTY,5:55,12h 25m,20,S M T W T F S,SL 3A 2A 1A 3E,685 km,55 km/hr,12733
18233,Narmada Express (PT),Exp,SECR,,,INDB,16:10,BSP,13:50,21h 40m,50,S M T W T F S,SL 3A 2A 1A,1007 km,46 km/hr,18234
18234,Narmada Express,Exp,SECR,,,BSP,11:35,INDB,10:55,23h 20m,51,S M T W T F S,SL 3A 2A 1A,1007 km,43 km/hr,18233
11025,Pune - Amravati Express (via Manmad),Exp,CR,,,PUNE,11:05,AMI,1:05,14h 0m,18,S M T W T F S,2S SL CC 3E,720 km,51 km/hr,11026
14241,Nauchandi Express,Exp,NR,,,PYGS,17:50,SRE,10:40,16h 50m,28,S M T W T F S,SL 3A 2A 1A,771 km,46 km/hr,14242
14242,Nauchandi Express,Exp,NR,,,SRE,17:15,PYGS,9:20,16h 5m,27,S M T W T F S,SL 3A 2A 1A,771 km,48 km/hr,14241
12656,Navjeevan SF Express (PT),SF,SR,,,MAS,10:10,ADI,18:00,31h 50m,43,S M T W T F S,SL 3A 2A 1A,1892 km,59 km/hr,12655
12655,Navjeevan SF Express (PT),SF,SR,,,ADI,21:25,MAS,5:10,31h 45m,42,S M T W T F S,SL 3A 2A 1A,1892 km,60 km/hr,12656
16352,Nagercoil - Mumbai LTT Express (via Renigunta) (PT),Exp,SR,,,NCJ,6:15,LTT,18:50,36h 35m,40,S T,SL 3A 2A,1930 km,53 km/hr,16351
12191,Shridham SF Express,SF,WCR,,,NZM,14:05,JBP,8:20,18h 15m,23,S M T W T F S,SL 3A 2A 1A 3E,1032 km,57 km/hr,12192
15305,New Delhi - Rohtak Intercity Express,Exp,NER,,,NDLS,10:45,ROK,12:20,1h 35m,4,S M T W T F S,CC,71 km,45 km/hr,15306
12875,Neelachal Express (PT),SF,ECoR,,,PURI,11:00,ANVT,21:20,34h 20m,42,S T F,SL 3A 2A 1A 3E,1897 km,55 km/hr,12876
12876,Neelachal Express (PT),SF,ECoR,,,ANVT,7:30,PURI,17:55,34h 25m,41,S T F,SL 3A 2A 1A 3E,1896 km,55 km/hr,12875
12631,Nellai SF Express (PT),SF,SR,,,MS,20:50,TEN,7:00,10h 10m,13,S M T W T F S,SL 3A 2A 1A,650 km,64 km/hr,12632
12632,Nellai SF Express (PT),SF,SR,,,TEN,20:50,MS,7:10,10h 20m,14,S M T W T F S,SL 3A 2A 1A,650 km,63 km/hr,12631
16346,Netravati Express (PT),Exp,SR,,,TVC,9:15,LTT,17:05,31h 50m,47,S M T W T F S,SL 3A 2A 3E,1498 km,47 km/hr,16345
16345,Netravati Express (PT),Exp,SR,,,LTT,11:40,TVC,19:35,31h 55m,47,S M T W T F S,SL 3A 2A 3E,1498 km,47 km/hr,16346
13147,Uttarbanga Express (PT),Exp,ER,,,SDAH,19:40,BXT,10:45,15h 5m,26,S M T W T F S,SL 3A 2A 1A,749 km,50 km/hr,13148
12323,Howrah - Barmer SF Express (PT),SF,ER,,,HWH,18:50,BME,6:30,35h 40m,24,T F,SL 3A 2A 1A,2279 km,64 km/hr,12324
12349,Godda - New Delhi Weekly Humsafar Express,Hms,ER,,,GODA,14:05,NDLS,12:50,22h 45m,17,M,SL 3A,1326 km,58 km/hr,12350
12427,Rewa - Anand Vihar Terminal SF Express (PT),SF,NR,,,REWA,16:20,ANVT,6:40,14h 20m,11,S M T W T F S,SL 3A 2A 1A 3E,849 km,59 km/hr,12428
14680,Amritsar - Delhi Intercity Express,Exp,NR,,,ASR,6:15,DLI,14:15,8h 0m,15,S M T W T F S,2S CC,447 km,56 km/hr,14679
12482,Shri Ganganagar - Delhi Intercity Express,SF,NWR,,,SGNR,6:10,DLI,13:35,7h 25m,15,S M T W T F S,2S SL CC 3E,423 km,57 km/hr,12481
12815,Nandan Kanan Express (PT),SF,ECoR,,,PURI,11:00,ANVT,15:10,28h 10m,27,M W T S,SL 3A 2A 1A 3E,1790 km,64 km/hr,12816
15303,Kasganj - New Delhi Intercity Express,Exp,NER,,,KSJ,2:50,NDLS,10:20,7h 30m,18,S M T W T F S,2S CC,359 km,48 km/hr,15304
14682,Jalandhar City - Delhi Intercity Express,Exp,NR,,,JUC,4:00,DLI,13:25,9h 25m,20,S M T W T F S,2S CC,433 km,46 km/hr,14681
12671,Nilgiri SF Express (PT),SF,SR,,,MAS,21:05,MTP,6:20,9h 15m,7,S M T W T F S,SL 3A 2A 1A 3E,531 km,57 km/hr,12672
12672,Nilgiri SF Express (PT),SF,SR,,,MTP,21:20,MAS,6:25,9h 5m,7,S M T W T F S,SL 3A 2A 1A 3E,531 km,58 km/hr,12671
20811,Visakhapatnam - Hazur Sahib Nanded SF Express (PT),SF,SCoR,,,VSKP,20:00,NED,13:40,17h 40m,11,T W S,SL 3A 2A 3E,959 km,54 km/hr,20812
12147,SCSMT Kolhapur - Hazrat Nizamuddin SF Express (PT),SF,CR,,,KOP,9:35,NZM,18:45,33h 10m,19,T,SL 3A 2A,1913 km,58 km/hr,12148
12415,Indore - New Delhi Intercity SF Express (PT),SF,NR,,,INDB,17:10,NDLS,6:20,13h 10m,20,S M T W T F S,SL 3A 2A 1A 3E,826 km,63 km/hr,12416
12643,Thiruvananthapuram Central - Hazrat Nizamuddin Swarna Jayanti SF Express (PT),SF,SR,,,TVC,14:15,NZM,18:45,52h 30m,30,T,SL 3A 2A 3E,3012 km,57 km/hr,12644
12505,North East Express (PT),SF,NFR,,,KYQ,12:40,ANVT,21:50,33h 10m,32,S M T W T F S,SL 3A 2A 1A,1856 km,56 km/hr,12506
12506,North East Express,SF,NFR,,,ANVT,7:40,KYQ,16:25,32h 45m,31,S M T W T F S,SL 3A 2A 1A,1856 km,57 km/hr,12505
15045,Gorakhpur - Okha Express (PT),Exp,NER,,,GKP,4:55,OKHA,3:10,46h 15m,38,T,SL 3A 2A 1A,2291 km,50 km/hr,15046
16338,Ernakulam - Okha Express (PT),Exp,SR,,,ERS,20:25,OKHA,16:30,44h 5m,47,W F,SL 3A 2A,2252 km,51 km/hr,16337
20819,Puri - Okha Dwarka SF Express (PT),SF,ECoR,,,PURI,9:50,OKHA,10:10,48h 20m,39,S,SL 3A 2A,2778 km,57 km/hr,20820
22970,Banaras - Okha SF Express,SF,WR,,,BNRS,21:45,OKHA,7:45,34h 0m,21,S,SL 3A 2A 1A 3E,2030 km,60 km/hr,22969
12103,Pune - Lucknow Jn. SF Express (PT),SF,CR,,,PUNE,11:20,LJN,13:20,26h 0m,12,T,SL 3A 2A,1475 km,57 km/hr,12104
12763,Padmavathi SF Express (PT),SF,SCoR,,,TPTY,16:55,SC,6:15,13h 20m,14,M T W F S,SL 3A 2A 1A 3E,735 km,55 km/hr,12764
12764,Padmavathi SF Express (PT),SF,SCoR,,,SC,18:40,TPTY,6:55,12h 15m,17,S M T T F,SL 3A 2A 1A 3E,735 km,60 km/hr,12763
13348,Palamu Express,Exp,ECR,,,PNBE,20:20,BRKA,8:05,11h 45m,31,S M T W T F S,SL 3A 2A,492 km,42 km/hr,13347
13347,Palamu Express,Exp,ECR,,,BRKA,18:30,PNBE,6:50,12h 20m,31,S M T W T F S,SL 3A 2A,492 km,40 km/hr,13348
12605,Pallavan Superfast Express,SF,SR,,,MS,15:40,KKDI,22:30,6h 50m,12,S M T W T F S,2S CC,426 km,62 km/hr,12606
12606,Pallavan Superfast Express,SF,SR,,,KKDI,5:40,MS,12:15,6h 35m,12,S M T W T F S,2S CC,426 km,65 km/hr,12605
12747,Palnadu SF Express,SF,SCoR,,,GNT,5:45,VKB,12:20,6h 35m,13,S M T W T F S,2S CC 3A,353 km,54 km/hr,12748
12748,Palnadu SF Express,SF,SCoR,,,VKB,15:00,GNT,21:25,6h 25m,13,S M T W T F S,2S CC 3A,353 km,55 km/hr,12747
12109,Panchavati Express,SF,CR,,,CSMT,18:15,MMR,22:50,4h 35m,7,S M T W T F S,2S CC,257 km,56 km/hr,12110
12110,Panchavati Express,SF,CR,,,MMR,6:02,CSMT,10:45,4h 43m,7,S M T W T F S,2S CC,259 km,55 km/hr,12109
12637,Pandian SF Express (PT),SF,SR,,,MS,21:40,MDU,5:25,7h 45m,9,S M T W T F S,SL 3A 2A 1A,493 km,64 km/hr,12638
12638,Pandian SF Express (PT),SF,SR,,,MDU,21:25,MS,5:20,7h 55m,10,S M T W T F S,SL 3A 2A 1A,493 km,62 km/hr,12637
12925,Paschim SF Express (PT),SF,WR,,,BDTS,11:30,ASR,20:10,32h 40m,39,S M T W T F S,SL 3A 2A 1A,1866 km,57 km/hr,12926
12926,Paschim SF Express (PT),SF,WR,,,ASR,7:20,BDTS,14:40,31h 20m,38,S M T W T F S,SL 3A 2A 1A,1866 km,60 km/hr,12925
18621,Patliputra Express,Exp,SER,,,PNBE,14:50,HTE,5:30,14h 40m,43,S M T W T F S,SL 3A,538 km,37 km/hr,18622
18622,Patliputra Express,Exp,SER,,,HTE,22:00,PNBE,13:35,15h 35m,43,S M T W T F S,SL 3A,538 km,35 km/hr,18621
11401,Pune - Supaul Express (PT),Exp,CR,,,PUNE,21:05,SOU,13:15,40h 10m,32,S M T W T F S,SL 3A 2A,1996 km,50 km/hr,11402
22643,Ernakulam Jn. - Patna SF Express (via Asansol) (PT),SF,SR,,,ERS,17:20,PNBE,20:00,50h 40m,43,M T,SL 3A 2A,2788 km,55 km/hr,22644
22669,Ernakulam Junction - Patna SF Express (via Nagpur) (PT),SF,SR,,,ERS,23:55,PNBE,6:25,54h 30m,34,S,SL 3A 2A,3047 km,56 km/hr,22670
17610,Purna - Patna Express (PT),Exp,SCR,,,PAU,14:25,PNBE,23:15,32h 50m,17,T,SL 3A 2A,1734 km,53 km/hr,17609
22971,Bandra Terminus - Patna Weekly SF Express (PT),SF,WR,,,BDTS,19:25,PNBE,1:40,30h 15m,14,M,SL 3A 2A 1A 3E,1841 km,61 km/hr,22972
19269,Porbandar - Muzaffarpur Express (PT),Exp,WR,,,PBR,19:40,MFP,19:25,47h 45m,37,T F,SL 3A 2A 1A,2444 km,51 km/hr,19270
12693,Pearl City Superfast Express (PT),SF,SR,,,MS,19:15,TN,5:55,10h 40m,18,S M T W T F S,SL 3A 2A 1A,652 km,61 km/hr,12694
12694,Pearl City Superfast Express (PT),SF,SR,,,TN,21:05,MS,7:35,10h 30m,19,S M T W T F S,SL 3A 2A 1A,652 km,62 km/hr,12693
12711,Pinakini SF Express (PT),SF,SCoR,,,BZA,6:10,MAS,13:05,6h 55m,12,S M T W T F S,2S CC 3E,431 km,62 km/hr,12712
12712,Pinakini SF Express,SF,SCoR,,,MAS,14:05,BZA,21:35,7h 30m,12,S M T W T F S,2S CC 3E,431 km,58 km/hr,12711
15280,Poorabiya Express (PT),Exp,ECR,,,ANVT,17:10,SHC,19:25,26h 15m,22,M F,SL 3A 2A 1A 3E,1181 km,45 km/hr,15279
15279,Poorabiya Express (PT),Exp,ECR,,,SHC,11:30,ANVT,12:00,24h 30m,22,S T,SL 3A 2A 1A 3E,1181 km,48 km/hr,15280
11098,Poorna Express,Exp,CR,,,ERS,18:50,PUNE,23:00,28h 10m,31,M,SL 3A 2A,1281 km,45 km/hr,11097
12303,Poorva Express (via Patna) (PT),SF,ER,,,HWH,8:00,NDLS,6:05,22h 5m,23,M T F S,SL 3A 2A 1A,1531 km,69 km/hr,12304
12304,Poorva Express (Via Patna) (PT),SF,ER,,,NDLS,17:40,HWH,17:00,23h 20m,23,S W T S,SL 3A 2A 1A,1531 km,66 km/hr,12303
12381,Poorva Express (Via Gaya) (PT),SF,ER,,,HWH,8:15,NDLS,6:05,21h 50m,20,S W T,SL 3A 2A 1A,1451 km,66 km/hr,12382
12382,Poorva Express (Via Gaya) (PT),SF,ER,,,NDLS,17:40,HWH,17:00,23h 20m,20,M T F,SL 3A 2A 1A,1451 km,62 km/hr,12381
22449,Guwahati - New Delhi Poorvottar Sampark Kranti Express (PT),SKr,NR,,,GHY,6:10,NDLS,12:50,30h 40m,12,W S,SL 3A 2A 1A 3E,1898 km,62 km/hr,22450
22450,New Delhi - Guwahati Poorvottar Sampark Kranti Express,SKr,NR,,,NDLS,23:45,GHY,8:00,32h 15m,12,S W,SL 3A 2A 1A 3E,1898 km,59 km/hr,22449
20938,Delhi Sarai Rohilla - Porbandar SF Express,SF,WR,,,DEE,8:10,PBR,8:40,24h 30m,29,M T,SL 3A 2A 1A,1374 km,56 km/hr,20937
19270,Muzaffarpur - Porbandar Express (PT),Exp,WR,,,MFP,15:15,PBR,13:35,46h 20m,37,S M,SL 3A 2A 1A,2444 km,53 km/hr,19269
12125,Pragati Express,SF,CR,,,CSMT,16:25,PUNE,19:50,3h 25m,6,S M T W T F S,2S CC EV,188 km,55 km/hr,12126
12126,Pragati Express,SF,CR,,,PUNE,7:45,CSMT,11:25,3h 40m,5,S M T W T F S,2S CC EV,188 km,51 km/hr,12125
18463,Prashanti Express (PT),Exp,ECoR,,,BBS,5:40,SBC,11:45,30h 5m,45,S M T W T F S,SL 3A 2A 1A,1548 km,51 km/hr,18464
18464,Prashanti Express (PT),Exp,ECoR,,,SBC,13:40,BBS,18:50,29h 10m,44,S M T W T F S,SL 3A 2A 1A,1548 km,53 km/hr,18463
22197,Pratham Swatantrata Sangram Express (PT),SF,NCR,,,KOAA,7:25,VGLJ,7:20,23h 55m,17,S,SL 3A 2A 3E,1324 km,55 km/hr,22198
12417,Prayagraj Express (PT),SF,NCR,,,PRYJ,22:10,NDLS,7:00,8h 50m,4,S M T W T F S,SL 3A 2A 1A,635 km,72 km/hr,12418
12418,Prayagraj Express,SF,NCR,,,NDLS,22:10,PRYJ,7:00,8h 50m,4,S M T W T F S,SL 3A 2A 1A,635 km,72 km/hr,12417
22138,Prerna Express (PT),SF,CR,,,ADI,18:30,NGP,10:25,15h 55m,14,S M T,SL 3A 2A,957 km,60 km/hr,22137
22137,Prerna Express (PT),SF,CR,,,NGP,8:15,ADI,0:45,16h 30m,14,S W S,SL 3A 2A,957 km,58 km/hr,22138
20851,Bhubaneswar - Puducherry SF Express,SF,ECoR,,,BBS,12:10,PDY,12:00,23h 50m,17,T,SL 3A 2A,1425 km,60 km/hr,20852
11026,Amravati - Pune Express (via Manmad),Exp,CR,,,AMI,22:50,PUNE,11:35,12h 45m,18,S M T W T F S,2S SL CC 3E,720 km,56 km/hr,11025
22132,Gyan Ganga SF Express (PT),SF,CR,,,BNRS,4:25,PUNE,7:15,26h 50m,17,W,SL 3A 2A,1531 km,57 km/hr,22131
11038,Gorakhpur - Pune Express (via Prayagraj) (PT),Exp,CR,,,GKP,15:50,PUNE,2:15,34h 25m,17,S,SL 3A 2A,1765 km,51 km/hr,11037
11089,Bhagat Ki Kothi - Pune Express,Exp,CR,,,BGKT,12:15,PUNE,7:35,19h 20m,25,T,SL 3A 2A,1082 km,56 km/hr,11090
11091,Bhuj - Pune Express (PT),Exp,CR,,,BHUJ,13:15,PUNE,7:35,18h 20m,24,W,SL 3A 2A,988 km,54 km/hr,11092
12104,Lucknow Jn. - Pune SF Express (PT),SF,CR,,,LJN,16:20,PUNE,17:50,25h 30m,12,W,SL 3A 2A,1475 km,58 km/hr,12103
12136,Nagpur - Pune SF Express (PT),SF,CR,,,NGP,18:00,PUNE,9:30,15h 30m,17,M W S,SL 3A 2A,885 km,57 km/hr,12135
11402,Supaul - Pune Express (PT),Exp,CR,,,SOU,14:30,PUNE,4:00,37h 30m,31,S M T W T F S,SL 3A 2A,1996 km,53 km/hr,11401
17630,Hazur Sahib Nanded - Hadapsar Express (PT),Exp,SCR,,,NED,15:30,HDP,4:35,13h 5m,11,S M T W T F S,SL 3A 2A,652 km,50 km/hr,17629
22944,Indore - Daund SF Express (PT),SF,WR,,,INDB,16:30,DD,10:30,18h 0m,17,S M T W T F S,SL 3A 2A 1A,1041 km,58 km/hr,22943
11090,Pune - Bhagat Ki Kothi Express (PT),Exp,CR,,,PUNE,20:10,BGKT,16:00,19h 50m,25,S,SL 3A 2A,1082 km,55 km/hr,11089
12137,Punjab Mail (PT),SF,CR,,,CSMT,19:35,FZR,5:15,33h 40m,53,S M T W T F S,SL 3A 2A 1A,1930 km,57 km/hr,12138
12138,Punjab Mail,SF,CR,,,FZR,21:50,CSMT,7:35,33h 45m,50,S M T W T F S,SL 3A 2A 1A,1928 km,57 km/hr,12137
12816,Nandan Kanan Express,SF,ECoR,,,ANVT,7:30,PURI,14:15,30h 45m,27,M W T S,SL 3A 2A 1A 3E,1790 km,58 km/hr,12815
12837,Howrah - Puri Superfast Express (PT),SF,SER,,,HWH,22:30,PURI,7:30,9h 0m,11,S M T W T F S,SL 3A 2A 1A 3E,500 km,56 km/hr,12838
12844,Ahmedabad - Puri SF Express (via Brahmapur) (PT),SF,ECoR,,,ADI,19:00,PURI,8:05,37h 5m,45,S M T S,SL 3A 2A,2135 km,58 km/hr,12843
12887,Shalimar - Puri Weekly SF Express (PT),SF,ECoR,,,SHM,20:35,PURI,5:20,8h 45m,8,M,SL 3A 2A,497 km,57 km/hr,12888
12895,Shalimar - Puri Weekly SF Express (PT),SF,ECoR,,,SHM,20:35,PURI,5:20,8h 45m,9,F,SL 3A 2A,497 km,57 km/hr,12896
15640,Kamakhya - Puri Express (via Adra) (PT),Exp,NFR,,,KYQ,20:10,PURI,2:55,30h 45m,25,S,SL 3A 2A,1520 km,49 km/hr,15639
17480,Tirupati - Puri Express (PT),Exp,SCoR,,,TPTY,11:05,PURI,14:50,27h 45m,59,M T W F S,SL 3A 2A,1233 km,44 km/hr,17479
18303,Sambalpur - Puri Intercity Express,Exp,ECoR,,,SBP,6:00,PURI,13:30,7h 30m,13,S M T W T F S,2S CC,342 km,46 km/hr,18304
20820,Okha - Puri Dwarka SF Express (PT),SF,ECoR,,,OKHA,19:05,PURI,18:55,47h 50m,39,W,SL 3A 2A,2778 km,58 km/hr,20819
20862,Ahmedabad - Puri Weekly SF Express (via Sambalpur) (PT),SF,ECoR,,,ADI,19:00,PURI,6:40,35h 40m,37,F,SL 3A 2A,1994 km,56 km/hr,20861
20814,Jodhpur - Puri SF Express (PT),SF,ECoR,,,JU,15:00,PURI,10:00,43h 0m,40,S,SL 3A 2A 1A 3E,2431 km,57 km/hr,20813
20813,Puri - Jodhpur SF Express (PT),SF,ECoR,,,PURI,15:50,JU,11:25,43h 35m,40,W,SL 3A 2A 1A 3E,2431 km,56 km/hr,20814
17609,Patna - Purna Express (PT),Exp,SCR,,,PNBE,7:00,PAU,15:15,32h 15m,17,S,SL 3A 2A,1734 km,54 km/hr,17610
12827,Howrah - Purulia SF Express,SF,SER,,,HWH,16:50,PRR,22:40,5h 50m,12,S M T W T F S,2S CC 3A 3E,323 km,55 km/hr,12828
12801,Purushottam Express (PT),SF,ECoR,,,PURI,21:55,ANVT,3:50,29h 55m,31,S M T W T F S,SL 3A 2A 1A 3E,1845 km,62 km/hr,12802
12802,Purushottam Express (PT),SF,ECoR,,,ANVT,22:45,PURI,5:35,30h 50m,30,S M T W T F S,SL 3A 2A 1A 3E,1845 km,60 km/hr,12801
15047,Purvanchal Express (via Siwan) (PT),Exp,NER,,,KOAA,14:35,GKP,7:55,17h 20m,18,M T T S,SL 3A 2A 1A,860 km,50 km/hr,15048
15048,Purvanchal Express (via Siwan) (PT),Exp,NER,,,GKP,11:10,KOAA,4:40,17h 30m,18,S M T F,SL 3A 2A 1A,860 km,49 km/hr,15047
12533,Pushpak Express (PT),SF,NER,,,GTNR,20:45,CSMT,22:45,26h 0m,17,S M T W T F S,SL 3A 2A 1A 3E,1438 km,55 km/hr,12534
12534,Pushpak Express (PT),SF,NER,,,CSMT,8:25,GTNR,8:00,23h 35m,16,S M T W T F S,SL 3A 2A 1A 3E,1438 km,61 km/hr,12533
13145,Kolkata - Radhikapur Express,Exp,ER,,,KOAA,20:40,RDP,7:40,11h 0m,20,S M T W T F S,SL 3A 2A 1A 3E,479 km,44 km/hr,13146
13146,Radhikapur - Kolkata Express (PT),Exp,ER,,,RDP,20:45,KOAA,6:35,9h 50m,18,S M T W T F S,SL 3A 2A 1A 3E,479 km,49 km/hr,13145
14208,Padmavat Express,Exp,NR,,,DLI,19:50,MBDP,8:20,12h 30m,16,S M T W T F S,SL 3A 2A 1A 3E,659 km,53 km/hr,14207
18425,Puri - Durg Express (PT),Exp,ECoR,,,PURI,19:10,DURG,11:55,16h 45m,28,S M T W T F S,SL 3A 2A 1A 3E,797 km,48 km/hr,18426
12463,Delhi Sarai Rohilla - Jodhpur Rajasthan Sampark Kranti Express,SKr,NWR,,,DEE,21:25,JU,6:40,9h 15m,6,W,SL 3A 2A,614 km,66 km/hr,12464
12464,Jodhpur - Delhi Sarai Rohilla Rajasthan Sampark Kranti Express,SKr,NWR,,,JU,20:15,DEE,5:50,9h 35m,6,T,SL 3A 2A,614 km,64 km/hr,12463
12301,Howrah - New Delhi Rajdhani Express (Via Gaya),Raj,ER,,,HWH,16:50,NDLS,10:05,17h 15m,7,M T W T F S,3A 2A 1A,1451 km,84 km/hr,12302
12302,New Delhi - Howrah Rajdhani Express (Via Gaya),Raj,ER,,,NDLS,16:50,HWH,9:55,17h 5m,7,S M T W T S,3A 2A 1A,1451 km,85 km/hr,12301
12305,Howrah - New Delhi Rajdhani Express (Via Patna),Raj,ER,,,HWH,14:05,NDLS,10:05,20h 0m,7,S,3A 2A 1A,1531 km,77 km/hr,12306
12306,New Delhi - Howrah Rajdhani Express (Via Patna),Raj,ER,,,NDLS,16:50,HWH,12:15,19h 25m,7,F,3A 2A 1A,1531 km,79 km/hr,12305
12309,Rajendra Nagar Terminal - New Delhi Tejas Rajdhani Express,Raj,ECR,,,RJPB,19:10,NDLS,7:40,12h 30m,5,S M T W T F S,3A 2A 1A,1001 km,80 km/hr,12310
12310,New Delhi - Rajendra Nagar Terminal Tejas Rajdhani Express,Raj,ECR,,,NDLS,17:10,RJPB,5:15,12h 5m,5,S M T W T F S,3A 2A 1A,1001 km,83 km/hr,12309
12313,Sealdah - New Delhi Rajdhani Express,Raj,ER,,,SDAH,16:50,NDLS,10:50,18h 0m,6,S M T W T F S,3A 2A 1A,1458 km,81 km/hr,12314
12314,New Delhi - Sealdah Rajdhani Express,Raj,ER,,,NDLS,16:30,SDAH,10:10,17h 40m,6,S M T W T F S,3A 2A 1A,1458 km,83 km/hr,12313
22811,Bhubaneswar - New Delhi Tejas Rajdhani Express (via Adra),Raj,ECoR,,,BBS,10:35,NDLS,9:55,23h 20m,13,S W,3A 2A 1A,1730 km,74 km/hr,22812
22812,New Delhi - Bhubaneswar Tejas Rajdhani Express (via Adra) (PT),Raj,ECoR,,,NDLS,17:00,BBS,16:15,23h 15m,13,M F,3A 2A 1A,1730 km,74 km/hr,22811
12423,Dibrugarh - New Delhi Rajdhani Express (via New Tinsukia) (PT),Raj,NR,,,DBRG,20:35,NDLS,10:30,37h 55m,23,S M T W T F S,3A 2A 1A,2432 km,64 km/hr,12424
12424,New Delhi - Dibrugarh Rajdhani Express (via New Tinsukia),Raj,NR,,,NDLS,16:20,DBRG,6:20,38h 0m,23,S M T W T F S,3A 2A 1A,2432 km,64 km/hr,12423
12425,New Delhi - Jammu Tawi Rajdhani Express,Raj,NR,,,NDLS,20:40,JAT,5:00,8h 20m,3,S M T W T F S,3A 2A 1A,577 km,69 km/hr,12426
12426,Jammu Tawi - New Delhi Rajdhani Express,Raj,NR,,,JAT,21:25,NDLS,5:55,8h 30m,3,S M T W T F S,3A 2A 1A,577 km,68 km/hr,12425
22691,K.S.R. Bengaluru - Hazrat Nizamuddin Rajdhani Express,Raj,SWR,,,SBC,20:00,NZM,5:30,33h 30m,14,S M T W T F S,3A 2A 1A,2376 km,71 km/hr,22692
22692,Hazrat Nizamuddin - K S R Bengaluru Rajdhani Express,Raj,SWR,,,NZM,19:50,SBC,5:20,33h 30m,14,S M T W T F S,3A 2A 1A,2376 km,71 km/hr,22691
12431,Thiruvananthapuram Central - Hazrat Nizamuddin Rajdhani Express,Raj,NR,,,TVC,14:40,NZM,12:30,45h 50m,20,T T F,3A 2A 1A,2845 km,62 km/hr,12432
12432,Hazrat Nizamuddin - Thiruvananthapuram Central Rajdhani Express,Raj,NR,,,NZM,6:16,TVC,1:50,43h 34m,20,S T W,3A 2A 1A,2845 km,65 km/hr,12431
12433,M G R Chennai Central - Hazrat Nizamuddin Rajdhani Express,Raj,NR,,,MAS,6:05,NZM,10:30,28h 25m,8,S F,3A 2A 1A,2175 km,77 km/hr,12434
12434,Hazrat Nizamuddin - M.G.R.Chennai Central Rajdhani Express,Raj,NR,,,NZM,15:35,MAS,20:50,29h 15m,8,W F,3A 2A 1A,2175 km,74 km/hr,12433
20505,Dibrugarh - New Delhi Rajdhani Express (Via Rangapara North),Raj,NFR,,,DBRG,21:45,NDLS,13:38,39h 53m,26,M F,3A 2A 1A,2294 km,58 km/hr,20506
20506,New Delhi - Dibrugarh Rajdhani Express (Via Rangapara North),Raj,NFR,,,NDLS,11:25,DBRG,3:10,39h 45m,26,S T,3A 2A 1A,2294 km,58 km/hr,20505
12437,Secunderabad - Hazrat Nizamuddin Rajdhani Express,Raj,NR,,,SC,12:50,NZM,10:30,21h 40m,5,W,3A 2A 1A,1660 km,77 km/hr,12438
12438,Hazrat Nizamuddin - Secunderabad Rajdhani Express,Raj,NR,,,NZM,15:35,SC,13:40,22h 5m,5,S,3A 2A 1A,1660 km,75 km/hr,12437
20839,Ranchi - New Delhi Rajdhani Express (via Bokaro Steel City),Raj,SER,,,RNC,18:00,NDLS,11:10,17h 10m,6,W S,3A 2A 1A,1307 km,76 km/hr,20840
20840,New Delhi - Ranchi Rajdhani Express (Via Bokaro Steel City),Raj,SER,,,NDLS,16:10,RNC,9:05,16h 55m,6,M F,3A 2A 1A,1307 km,77 km/hr,20839
12441,Bilaspur - New Delhi Rajdhani Express,Raj,NR,,,BSP,14:00,NDLS,10:40,20h 40m,8,M T,3A 2A 1A,1504 km,73 km/hr,12442
12442,New Delhi - Bilaspur Rajdhani Express,Raj,NR,,,NDLS,15:25,BSP,12:00,20h 35m,8,T S,3A 2A 1A,1504 km,73 km/hr,12441
12443,Haldia - Anand Vihar Terminal SF Express (PT),SF,NR,,,HLZ,9:30,ANVT,8:50,23h 20m,12,T,SL 3A 1A 3E,1576 km,68 km/hr,12444
12444,Anand Vihar Terminal - Haldia SF Express,SF,NR,,,ANVT,20:20,HLZ,21:15,24h 55m,12,T,SL 3A 1A 3E,1576 km,63 km/hr,12443
12453,Ranchi - New Delhi Rajdhani Express (via Chopan),Raj,NR,,,RNC,17:15,NDLS,11:10,17h 55m,10,S,3A 2A 1A,1244 km,69 km/hr,12454
12454,New Delhi - Ranchi Rajdhani Express (via Chopan),Raj,NR,,,NDLS,16:10,RNC,9:45,17h 35m,10,S,3A 2A 1A,1244 km,71 km/hr,12453
12951,Mumbai Central - New Delhi Tejas Rajdhani Express,Raj,WR,,,MMCT,17:00,NDLS,8:32,15h 32m,6,S M T W T F S,3A 2A 1A,1386 km,89 km/hr,12952
12952,New Delhi - Mumbai Central Tejas Rajdhani Express,Raj,WR,,,NDLS,16:55,MMCT,8:35,15h 40m,6,S M T W T F S,3A 2A 1A,1386 km,88 km/hr,12951
12141,Mumbai LTT - Patliputra SF Express (PT),SF,CR,,,LTT,23:35,PPTA,3:50,28h 15m,15,S M T W T F S,SL 3A 2A 1A,1686 km,60 km/hr,12142
13202,Mumbai LTT - Rajgir Janta Express,Exp,ECR,,,LTT,14:45,RGD,3:25,36h 40m,63,S M T W T F S,SL 3A 2A 1A 3E,1788 km,49 km/hr,13201
13237,Patna - Kota Express (via Ayodhya Cantt) (PT),Exp,ECR,,,PNBE,11:45,KOTA,11:55,24h 10m,28,S T S,SL 3A 2A 1A 3E,1279 km,53 km/hr,13238
13241,Banka - Rajendra Nagar Terminal Intercity Express,Exp,ECR,,,BAKA,8:45,RJPB,15:55,7h 10m,17,S M T W T F,2S SL 3A 2A 1A 3E,272 km,38 km/hr,13242
13242,Rajendra Nagar Terminal - Banka Intercity Express,Exp,ECR,,,RJPB,23:55,BAKA,6:40,6h 45m,14,S M T W T S,SL 3A 2A 1A 3E,272 km,40 km/hr,13241
18624,Hatia - Islampur Express (PT),Exp,SER,,,HTE,19:10,IPR,9:15,14h 5m,33,S M T W T F S,SL 3A 2A 1A 3E,478 km,34 km/hr,18623
18626,Kosi Super Express (PT),Exp,SER,,,HTE,5:45,PRNC,0:20,18h 35m,48,S M T W T F S,2S SL 3A 2A 3E,723 km,39 km/hr,18625
19313,Indore - Patna Express (via Sultanpur) (PT),Exp,WR,,,INDB,13:55,PNBE,15:00,25h 5m,16,M W,SL 3A 2A 1A 3E,1357 km,54 km/hr,19314
19321,Indore - Patna Express (via Ayodhya Cantt) (PT),Exp,WR,,,INDB,13:55,PNBE,15:55,26h 0m,14,S,SL 3A 2A 1A 3E,1398 km,54 km/hr,19322
13234,Danapur - Koderma Intercity Express,Exp,ECR,,,DNR,6:40,KQR,14:10,7h 30m,20,S M T W T F S,CC 3A,259 km,35 km/hr,13233
16614,Coimbatore - Rajkot Express (PT),Exp,SR,,,CBE,0:45,RJT,17:50,41h 5m,32,F,SL 3A 2A,2221 km,54 km/hr,16613
22718,Secunderabad - Rajkot SF Express (PT),SF,SCR,,,SC,15:10,RJT,17:50,26h 40m,26,M T S,SL 3A 2A,1473 km,55 km/hr,22717
20849,Bhubaneswar - Rameswaram Weekly SF Express (PT),SF,ECoR,,,BBS,12:10,RMM,22:30,34h 20m,25,F,SL 3A 2A,1895 km,55 km/hr,20850
14707,Ranakpur Express (PT),Exp,NWR,,,HMH,5:25,DDR,7:10,25h 45m,38,S M T W T F S,SL 3A 2A,1452 km,56 km/hr,14708
14708,Ranakpur Express (PT),Exp,NWR,,,DDR,12:35,HMH,15:55,27h 20m,38,S M T W T F S,SL 3A 2A,1452 km,53 km/hr,14707
16589,Rani Chennamma Express (PT),Exp,SWR,,,SBC,23:00,SLI,13:05,14h 5m,25,S M T W T F S,SL 3A 2A 1A 3E,757 km,54 km/hr,16590
16590,Rani Chennamma Express (PT),Exp,SWR,,,SLI,15:05,SBC,6:20,15h 15m,25,S M T W T F S,SL 3A 2A 1A 3E,757 km,50 km/hr,16589
12347,Sahid Express,SF,ER,,,HWH,12:15,RPH,15:50,3h 35m,7,S M T W T F S,2S SL CC 3A,207 km,58 km/hr,12348
12465,Ranthambhore SF Express,SF,NWR,,,INDB,6:00,BGKT,22:30,16h 30m,34,S M T W T F S,SL 3A,914 km,55 km/hr,12466
12466,Ranthambhore SF Express,SF,NWR,,,BGKT,4:40,INDB,21:05,16h 25m,34,S M T W T F S,SL 3A,914 km,56 km/hr,12465
12511,Gorakhpur - Thiruvananthapuram North Rapti Sagar SF Express (PT),SF,NER,,,GKP,6:33,TVCN,15:40,57h 7m,58,S T F,SL 3A 2A 1A,3236 km,57 km/hr,12512
12512,Thiruvananthapuram North - Gorakhpur Rapti Sagar SF Express (PT),SF,NER,,,TVCN,6:35,GKP,15:15,56h 40m,57,S T W,SL 3A 2A 1A,3236 km,57 km/hr,12511
12521,Barauni - Ernakulam Junction. Rapti Sagar Express (PT),SF,ECR,,,BJU,22:50,ERS,11:30,60h 40m,58,M,SL 3A 2A 1A 3E,3434 km,57 km/hr,12522
12522,Ernakulam Junction. - Barauni Rapti Sagar Express (PT),SF,ECR,,,ERS,10:50,BJU,0:10,61h 20m,57,F,SL 3A 2A 1A 3E,3434 km,56 km/hr,12521
12717,Ratnachal SF Express,SF,SCoR,,,VSKP,12:55,BZA,19:15,6h 20m,11,S M T W T F S,2S CC,350 km,55 km/hr,12718
12718,Ratnachal SF Express (PT),SF,SCoR,,,BZA,6:00,VSKP,12:20,6h 20m,11,S M T W T F S,2S CC,350 km,55 km/hr,12717
18301,Sambalpur - Rayagada Intercity Express,Exp,ECoR,,,SBP,6:05,RGDA,12:40,6h 35m,19,S M T W T F S,2S SL CC,322 km,49 km/hr,18302
12794,Rayalaseema SF Express (PT),SF,SCoR,,,NZB,14:15,TPTY,6:15,16h 0m,27,S M T W T F S,SL 3A 2A,893 km,56 km/hr,12793
12793,Rayalaseema SF Express (PT),SF,SCoR,,,TPTY,17:25,NZB,9:20,15h 55m,26,S M T W T F S,SL 3A 2A,893 km,56 km/hr,12794
12428,Anand Vihar Terminal - Rewa SF Express,SF,NR,,,ANVT,22:05,REWA,11:10,13h 5m,12,S M T W T F S,SL 3A 2A 1A 3E,849 km,65 km/hr,12427
12185,Rewanchal Express (PT),SF,WCR,,,RKMP,21:55,REWA,7:55,10h 0m,14,S M T W T F S,SL 3A 2A 1A,555 km,55 km/hr,12186
12186,Rewanchal Express (PT),SF,WCR,,,REWA,19:50,RKMP,5:35,9h 45m,14,S M T W T F S,SL 3A 2A 1A,555 km,57 km/hr,12185
12187,Jabalpur - Mumbai CSMT Garib Rath Express,GR,WCR,,,JBP,19:50,CSMT,12:20,16h 30m,14,M W S,3A,992 km,60 km/hr,12188
12188,Mumbai CSMT - Jabalpur Garib Rath Express,GR,WCR,,,CSMT,13:30,JBP,5:05,15h 35m,14,S T T,3A,992 km,64 km/hr,12187
13201,Rajgir - Mumbai LTT Janta Express (PT),Exp,ECR,,,RGD,20:45,LTT,10:50,38h 5m,66,S M T W T F S,SL 3A 2A 1A 3E,1788 km,47 km/hr,13202
12142,Patliputra - Mumbai LTT SF Express (PT),SF,CR,,,PPTA,10:45,LTT,14:10,27h 25m,14,S M T W T F S,SL 3A 2A 1A,1686 km,61 km/hr,12141
12654,Rock Fort SF Express (PT),SF,SR,,,TPJ,22:35,MS,4:10,5h 35m,11,S M T W T F S,SL 3A 2A 1A,337 km,60 km/hr,12653
15306,Rohtak - New Delhi Intercity Express,Exp,NER,,,ROK,14:00,NDLS,15:45,1h 45m,4,S M T W T F S,CC,71 km,41 km/hr,15305
12883,Rupasi Bangla Express,SF,SER,,,SRC,6:30,PRR,12:05,5h 35m,10,S M T W T F S,2S CC 3A,315 km,56 km/hr,12884
12884,Rupasi Bangla Express,SF,SER,,,PRR,15:25,HWH,21:15,5h 50m,11,S M T W T F S,2S CC 3A,323 km,55 km/hr,12883
20630,Sabari SF Express (PT),SF,SR,,,TVC,6:45,SC,11:02,28h 17m,40,S M T W T F S,SL 3A 2A 1A,1555 km,55 km/hr,20629
20629,Sabari Superfast Express (PT),SF,SR,,,SC,14:25,TVC,18:20,27h 55m,40,S M T W T F S,SL 3A 2A 1A,1555 km,56 km/hr,20630
19165,Ahmedabad - Darbhanga Sabarmati Express (PT),Exp,WR,,,ADI,23:10,DBG,19:25,44h 15m,63,S W F,SL 3A 2A 1A 3E,1935 km,44 km/hr,19166
19166,Darbhanga - Ahmedabad Sabarmati Express (PT),Exp,WR,,,DBG,4:20,ADI,0:55,44h 35m,63,M W S,SL 3A 2A 1A 3E,1935 km,43 km/hr,19165
19167,Ahmedabad - Varanasi City Sabarmati Express (PT),Exp,WR,,,ADI,23:10,BCY,10:00,34h 50m,51,M T T S,SL 3A 2A 1A 3E,1592 km,46 km/hr,19168
19168,Varanasi City - Ahmedabad Sabarmati Express,Exp,WR,,,BCY,14:00,ADI,0:55,34h 55m,51,S T T F,SL 3A 2A 1A 3E,1592 km,46 km/hr,19167
12715,Sachkhand Express (PT),SF,SCR,,,NED,9:30,ASR,21:45,36h 15m,37,S M T W T F S,SL 3A 2A 1A,2081 km,57 km/hr,12716
12716,Sachkhand Express,SF,SCR,,,ASR,5:30,NED,14:35,33h 5m,36,S M T W T F S,SL 3A 2A 1A,2081 km,63 km/hr,12715
14007,Raxaul - Anand Vihar Terminal Sadbhavana Express (via Sitamarhi) (PT),Exp,NR,,,RXL,23:45,ANVT,4:45,29h 0m,35,W F,SL 3A 2A 1A 3E,1246 km,43 km/hr,14008
14008,Anand Vihar Terminal - Raxaul Sadbhavana Express (via Sitamarhi),Exp,NR,,,ANVT,16:30,RXL,22:05,29h 35m,36,T T,SL 3A 2A 1A 3E,1246 km,42 km/hr,14007
14013,Sultanpur - Anand Vihar Terminal Sadbhavana Express,Exp,NR,,,SLN,15:30,ANVT,4:45,13h 15m,13,S T,SL 3A 2A 1A 3E,636 km,48 km/hr,14014
14014,Anand Vihar Terminal - Sultanpur Sadbhavana Express,Exp,NR,,,ANVT,16:30,SLN,5:55,13h 25m,13,M S,SL 3A 2A 1A 3E,636 km,47 km/hr,14013
14015,Raxaul - Anand Vihar Terminal Sadbhavana Express (Via Sagauli) (PT),Exp,NR,,,RXL,22:55,ANVT,4:45,29h 50m,35,S T,SL 3A 2A 1A 3E,1229 km,41 km/hr,14016
14016,Anand Vihar Terminal - Raxaul Sadbhavana Express (Via Sagauli),Exp,NR,,,ANVT,16:30,RXL,22:10,29h 40m,36,S F,SL 3A 2A 1A 3E,1229 km,41 km/hr,14015
14017,Raxaul - Anand Vihar Terminal Sadbhavana Express (Via Ayodhya Cantt) (PT),Exp,NR,,,RXL,23:45,ANVT,4:45,29h 0m,35,T,SL 3A 2A 1A 3E,1286 km,44 km/hr,14018
14018,Anand Vihar Terminal - Raxaul Sadbhavana Express (via Ayodhya Cantt),Exp,NR,,,ANVT,16:30,RXL,22:05,29h 35m,35,W,SL 3A 2A 1A 3E,1286 km,43 km/hr,14017
15011,Lucknow Jn. - Chandigarh Express,Exp,NER,,,LJN,23:55,CDG,15:00,15h 5m,18,S M T W T F S,SL 3A 2A 3E,702 km,47 km/hr,15012
22183,Saket SF Express (PT),SF,CR,,,LTT,6:00,AYC,8:00,26h 0m,18,W S,SL 3A 2A,1500 km,58 km/hr,22184
22184,Saket SF Express,SF,CR,,,AYC,14:00,LTT,16:05,26h 5m,17,S T,SL 3A 2A,1500 km,57 km/hr,22183
12151,Samarsata SF Express (PT),SF,CR,,,LTT,20:35,SHM,7:45,35h 10m,21,W T,SL 3A 2A 1A,2070 km,59 km/hr,12152
12152,Samarsata SF Express (PT),SF,CR,,,SHM,19:25,LTT,5:30,34h 5m,21,F S,SL 3A 2A 1A,2070 km,61 km/hr,12151
12807,Samata Express (PT),SF,SCoR,,,VSKP,9:20,NZM,18:10,32h 50m,37,S T W T S,SL 3A 2A 1A,1916 km,58 km/hr,12808
12808,Samata Express,SF,SCoR,,,NZM,7:00,VSKP,16:30,33h 30m,36,M T T F S,SL 3A 2A 1A,1916 km,57 km/hr,12807
12893,Bhubaneswar - Purunakatak Intercity SF Express,SF,ECoR,,,BBS,6:35,PUKK,17:00,10h 25m,23,S M T W T F S,2S CC,517 km,50 km/hr,12894
20694,KSR Bengaluru - Jodhpur SF Express (via Davangere) (PT),SF,SWR,,,SBC,23:50,JU,13:50,38h 0m,42,M W,SL 3A 2A 1A,2115 km,56 km/hr,20693
12102,Jnaneswari Express (PT),SF,CR,,,SHM,20:15,LTT,4:10,31h 55m,16,S M W T,SL 3A 2A 1A,1945 km,61 km/hr,12101
12393,Sampoorna Kranti Express (PT),SF,ECR,,,RJPB,19:20,NDLS,7:55,12h 35m,6,S M T W T F S,SL 3A 2A 1A 3E,1001 km,80 km/hr,12394
12394,Sampoorna Kranti Express (PT),SF,ECR,,,NDLS,17:30,RJPB,7:15,13h 45m,6,S M T W T F S,SL 3A 2A 1A 3E,1001 km,73 km/hr,12393
14163,Sangam Express,Exp,NCR,,,SFG,17:50,MTC,6:25,12h 35m,22,S M T W T F S,SL 3A 2A 3E,637 km,51 km/hr,14164
14164,Sangam Express,Exp,NCR,,,MTC,19:00,SFG,8:25,13h 25m,18,S M T W T F S,SL 3A 2A 3E,637 km,47 km/hr,14163
12295,Sanghamitra SF Express (PT),SF,SWR,,,SMVB,9:15,DNR,7:40,46h 25m,34,S M T W T F S,SL 3A 2A 1A,2681 km,58 km/hr,12296
12296,Sanghamitra SF Express (PT),SF,SWR,,,DNR,20:15,SMVB,16:10,43h 55m,34,S M T W T F S,SL 3A 2A 1A,2681 km,61 km/hr,12295
12557,Sapt Kranti SF Express (PT),SF,ECR,,,MFP,11:35,ANVT,7:40,20h 5m,17,S M T W T F S,SL 3A 2A 1A 3E,1058 km,53 km/hr,12558
12558,Sapt Kranti SF Express (PT),SF,ECR,,,ANVT,14:35,MFP,11:05,20h 30m,17,S M T W T F S,SL 3A 2A 1A 3E,1058 km,52 km/hr,12557
16057,Sapthagiri Express,Exp,SR,,,MAS,6:30,TPTY,9:50,3h 20m,7,S M T W T F S,2S CC,147 km,44 km/hr,16058
16058,Sapthagiri Express,Exp,SR,,,TPTY,18:05,MAS,22:15,4h 10m,8,S M T W T F S,2S CC,147 km,35 km/hr,16057
12345,Saraighat Express (PT),SF,ER,,,HWH,16:05,GHY,9:40,17h 35m,16,S M T W T F S,SL 3A 2A 1A,999 km,57 km/hr,12346
12346,Saraighat Express (PT),SF,ER,,,GHY,12:40,HWH,5:20,16h 40m,16,S M T W T F S,SL 3A 2A 1A,999 km,60 km/hr,12345
15159,Sarnath Express,Exp,NER,,,CPR,7:10,DURG,7:05,23h 55m,45,S M T W T F S,SL 3A 2A 1A 3E,1076 km,45 km/hr,15160
15160,Sarnath Express (PT),Exp,NER,,,DURG,20:30,CPR,21:35,25h 5m,45,S M T W T F S,SL 3A 2A 1A 3E,1076 km,43 km/hr,15159
12473,Sarvodaya SF Express (PT),SF,NR,,,GIMB,9:35,SVDK,17:50,32h 15m,29,S,SL 3A 2A 1A 3E,2037 km,63 km/hr,12474
12474,Sarvodaya SF Express,SF,NR,,,SVDK,9:40,GIMB,17:30,31h 50m,29,T,SL 3A 2A 1A 3E,2037 km,64 km/hr,12473
14649,Saryu Yamuna Express (PT),Exp,NR,,,JYG,7:15,ASR,17:50,34h 35m,53,S T F,SL 3A 2A 1A 3E,1586 km,46 km/hr,14650
14650,Saryu Yamuna Express,Exp,NR,,,ASR,13:05,JYG,0:45,35h 40m,51,M W S,SL 3A 2A 1A 3E,1586 km,44 km/hr,14649
12713,Satavahana SF Express,SF,SCoR,,,BZA,6:25,SC,12:40,6h 15m,9,S M T W T F S,2S CC 3E,349 km,56 km/hr,12714
12714,Satavahana SF Express,SF,SCoR,,,SC,16:25,BZA,22:20,5h 55m,9,S M T W T F S,2S CC 3E,349 km,59 km/hr,12713
15273,Satyagrah Express (PT),Exp,ECR,,,RXL,8:40,ANVT,9:10,24h 30m,45,S M T W T F S,SL 3A 2A 1A,955 km,39 km/hr,15274
15274,Satyagrah Express,Exp,ECR,,,ANVT,17:30,RXL,17:35,24h 5m,45,S M T W T F S,SL 3A 2A 1A,955 km,40 km/hr,15273
20694,KSR Bengaluru - Jodhpur SF Express (via Davangere) (PT),SF,SWR,,,SBC,23:50,JU,13:50,38h 0m,42,M W,SL 3A 2A 1A,2115 km,56 km/hr,20693
12102,Jnaneswari Express (PT),SF,CR,,,SHM,20:15,LTT,4:10,31h 55m,16,S M W T,SL 3A 2A 1A,1945 km,61 km/hr,12101
13329,Ganga Damodar Express,Exp,ECR,,,DHN,23:20,PNBE,5:15,5h 55m,9,S M T W T F S,SL 3A 2A 1A 3E,292 km,49 km/hr,13330
12166,Gorakhpur - Mumbai LTT SF Express (Via Prayagraj) (PT),SF,CR,,,GKP,15:25,LTT,20:50,29h 25m,16,T F S,SL 3A 2A,1707 km,58 km/hr,12165
12948,Azimabad SF Express (PT),SF,WR,,,RGD,21:00,ADI,3:50,30h 50m,23,W F,SL 3A 2A 3E,1861 km,60 km/hr,12947
12101,Jnaneswari Express (PT),SF,CR,,,LTT,20:35,SHM,4:35,32h 0m,16,M T F S,SL 3A 2A 1A,1945 km,61 km/hr,12102
11078,Jhelum Express,Exp,CR,,,JAT,23:35,PUNE,16:00,40h 25m,64,S M T W T F S,SL 3A 2A,2171 km,54 km/hr,11077
20686,KSR Bengaluru - Gandhidham SF Express (PT),SF,SWR,,,SBC,23:50,GIMB,10:55,35h 5m,30,S,SL 3A 2A 1A,1958 km,56 km/hr,20685
11077,Jhelum Express (PT),Exp,CR,,,PUNE,17:20,JAT,9:45,40h 25m,64,S M T W T F S,SL 3A 2A,2171 km,54 km/hr,11078
12874,Jharkhand Swarna Jayanti Express (via Barkakana),SF,SER,,,ANVT,20:45,HTE,20:00,23h 15m,20,T W F,SL 3A 2A 1A 3E,1332 km,57 km/hr,12873
16336,Nagercoil - Gandhidham Weekly Express (PT),Exp,SR,,,NCJ,14:45,GIMB,12:05,45h 20m,55,T,SL 3A 2A,2343 km,52 km/hr,16335
14235,Varanasi - Bareilly Express,Exp,NR,,,BSB,23:05,BE,11:55,12h 50m,28,S M T W T F S,SL 3A 2A 1A,558 km,44 km/hr,14236
12873,Jharkhand Swarna Jayanti Express (via Barkakana) (PT),SF,SER,,,HTE,13:40,ANVT,13:10,23h 30m,20,M T T,SL 3A 2A 1A 3E,1329 km,57 km/hr,12874
12818,Jharkhand Swarna Jayanti Express (via Gomoh),SF,SER,,,ANVT,20:45,HTE,17:15,20h 30m,17,M T S,SL 3A 2A 1A 3E,1302 km,64 km/hr,12817
13018,Ganadevta Express,Exp,ER,,,AZ,16:00,HWH,21:50,5h 50m,13,S M T W T F S,2S SL CC 3A,279 km,48 km/hr,13017
12817,Jharkhand Swarna Jayanti Express (via Gomoh) (PT),SF,SER,,,HTE,14:25,ANVT,13:10,22h 45m,17,S W F,SL 3A 2A 1A 3E,1302 km,57 km/hr,12818
12826,Jharkhand Sampark Kranti Express,SKr,SER,,,ANVT,8:00,RNC,5:15,21h 15m,7,W S,SL 3A 2A 1A 3E,1295 km,61 km/hr,12825
13017,Ganadevta Express,Exp,ER,,,HWH,6:05,AZ,12:15,6h 10m,13,S M T W T F S,2S SL CC 3A,279 km,45 km/hr,13018
12640,Brindavan SF Express,SF,SR,,,SBC,15:15,MAS,21:15,6h 0m,12,S M T W T F S,2S CC,359 km,60 km/hr,12639
12947,Azimabad SF Express (PT),SF,WR,,,ADI,21:50,RGD,7:25,33h 35m,23,M W,SL 3A 2A 3E,1861 km,55 km/hr,12948
15654,Jammu Tawi - Guwahati Amarnath Express (PT),Exp,NFR,,,JAT,22:45,GHY,22:55,48h 10m,44,F,SL 3A 2A,2432 km,50 km/hr,15653
12825,Jharkhand Sampark Kranti Express (PT),SKr,SER,,,RNC,23:55,ANVT,19:35,19h 40m,7,M T,SL 3A 2A 1A 3E,1295 km,66 km/hr,12826
12192,Shridham SF Express (PT),SF,WCR,,,JBP,17:30,NZM,12:00,18h 30m,23,S M T W T F S,SL 3A 2A 1A 3E,1032 km,56 km/hr,12191
12922,Flying Ranee,SF,WR,,,ST,5:10,MMCT,9:50,4h 40m,13,S M T W T F S,2S CC,263 km,56 km/hr,12921
12806,Lingampalli - Visakhapatnam Janmabhoomi SF Express (PT),SF,SCoR,,,LPI,6:55,VSKP,19:50,12h 55m,23,S M T W T F S,2S CC 3E,711 km,55 km/hr,12805
12805,Visakhapatnam - Lingampalli Janmabhoomi SF Express (PT),SF,SCoR,,,VSKP,6:20,LPI,19:40,13h 20m,23,S M T W T F S,2S CC 3E,711 km,53 km/hr,12806
12921,Flying Ranee,SF,WR,,,MMCT,17:55,ST,22:35,4h 40m,13,S M T W T F S,2S CC,263 km,56 km/hr,12922
12639,Brindavan SF Express,SF,SR,,,MAS,7:40,SBC,14:00,6h 20m,11,S M T W T F S,2S CC,359 km,57 km/hr,12640
12084,Coimbatore - Mayiladuthurai Jan Shatabdi Express,JShtb,SR,,,CBE,7:15,MV,13:45,6h 30m,8,S M W T F S,2S CC,362 km,56 km/hr,12083
12083,Mayiladuturai - Coimbatore Jan Shatabdi Express,JShtb,SR,,,MV,15:05,CBE,21:25,6h 20m,8,S M W T F S,2S CC,362 km,57 km/hr,12084
15744,Farakka Express (via Ayodhya Cantt),Exp,NFR,,,BTI,16:25,BLGT,12:55,44h 30m,76,S T T F,SL 3A 2A,1867 km,42 km/hr,15743
12080,SSS Hubballi - K.S.R. Bengaluru Jan Shatabdi Express,JShtb,SWR,,,UBL,14:10,SBC,21:15,7h 5m,10,S M T W T F S,2S CC,470 km,66 km/hr,12079
12079,K.S.R Bengaluru - SSS Hubballi Jan Shatabdi Express,JShtb,SWR,,,SBC,6:00,UBL,12:50,6h 50m,10,S M T W T F S,2S CC,470 km,69 km/hr,12080
15743,Farakka Express (via Ayodhya Cantt) (PT),Exp,NFR,,,BLGT,17:00,BTI,11:50,42h 50m,77,S T W F,SL 3A 2A,1867 km,44 km/hr,15744
15657,Brahmaputra Mail (PT),Exp,NFR,,,DLI,23:40,KYQ,13:25,37h 45m,45,S M T W T F S,SL 3A 2A 1A,2033 km,54 km/hr,15658
12130,Azad Hind Express (PT),SF,CR,,,HWH,21:40,PUNE,7:00,33h 20m,31,S M T W T F S,SL 3A 2A,2013 km,60 km/hr,12129
12078,Vijayawada - MGR Chennai Central Jan Shatabdi Express,JShtb,SR,,,BZA,15:30,MAS,23:00,7h 30m,9,S M W T F S,2S CC,455 km,61 km/hr,12077
12077,MGR Chennai Central - Vijayawada Jan Shatabdi Express,JShtb,SR,,,MAS,7:25,BZA,15:00,7h 35m,9,S M W T F S,2S CC,455 km,60 km/hr,12078
15734,Farakka Express (via Sultanpur),Exp,NFR,,,BTI,15:00,BLGT,12:55,45h 55m,79,M W S,SL 3A 2A,1832 km,40 km/hr,15733
12076,Thiruvananthapuram Central - Kozhikode Jan Shatabdi Express,JShtb,SR,,,TVC,5:55,CLT,13:00,7h 5m,10,S M T W T F S,2S CC,399 km,56 km/hr,12075
12075,Kozhikode - Thiruvananthapuram Central Jan Shatabdi Express (PT),JShtb,SR,,,CLT,13:45,TVC,21:25,7h 40m,10,S M T W T F S,2S CC,399 km,52 km/hr,12076
15733,Farakka Express (via Sultanpur) (PT),Exp,NFR,,,BLGT,17:00,BTI,13:05,44h 5m,81,M T S,SL 3A 2A,1832 km,42 km/hr,15734
15658,Brahmaputra Mail (PT),Exp,NFR,,,KYQ,16:55,DLI,4:50,35h 55m,46,S M T W T F S,SL 3A 2A 1A,2033 km,57 km/hr,15657
12074,Bhubaneswar - Howrah Jan Shatabdi Express,JShtb,ECoR,,,BBS,6:00,HWH,12:40,6h 40m,9,S M T W T F S,2S CC,437 km,66 km/hr,12073
12073,Howrah - Bhubaneswar Jan Shatabdi Express,JShtb,ECoR,,,HWH,13:25,BBS,20:00,6h 35m,9,S M T W T F S,2S CC,437 km,66 km/hr,12074
12704,Falaknuma Express (PT),SF,SCR,,,SC,15:55,HWH,18:10,26h 15m,25,S M T W T F S,SL 2A 1A 3E,1544 km,59 km/hr,12703
12072,Hingoli (Deccan) - Mumbai CSMT Jan Shatabdi Express (PT),JShtb,CR,,,HNL,4:15,CSMT,16:50,12h 35m,14,S M T W T F S,2S CC,658 km,52 km/hr,12071
12070,Gondia - Raigarh Jan Shatabdi Express,JShtb,SECR,,,G,14:30,RIG,22:00,7h 30m,13,S M T W T F,2S CC,415 km,55 km/hr,12069
12703,Falaknuma Express (PT),SF,SCR,,,HWH,8:25,SC,10:30,26h 5m,24,S M T W T F S,SL 2A 1A 3E,1544 km,59 km/hr,12704
13162,Tebhaga Express (PT),Exp,ER,,,BLGT,5:30,KOAA,14:15,8h 45m,14,M T W T F S,2S SL CC 3A,441 km,50 km/hr,13161
12129,Azad Hind Express (PT),SF,CR,,,PUNE,18:35,HWH,5:25,34h 50m,31,S M T W T F S,SL 3A 2A,2013 km,58 km/hr,12130
15653,Guwahati - Jammu Tawi Amarnath Express (PT),Exp,NFR,,,GHY,14:00,JAT,13:00,47h 0m,44,W,SL 3A 2A,2432 km,52 km/hr,15654
12317,Akal Takht Express (PT),SF,ER,,,KOAA,7:40,ASR,17:20,33h 40m,22,S W,SL 3A 2A 1A 3E,1897 km,56 km/hr,12318
12834,Howrah - Ahmedabad SF Express (PT),SF,SER,,,HWH,23:05,ADI,12:15,37h 10m,59,S M T W T F S,SL 3A 2A,2085 km,56 km/hr,12833
12069,Raigarh - Gondia Jan Shatabdi Express,JShtb,SECR,,,RIG,6:10,G,13:40,7h 30m,13,M T W T F S,2S CC,415 km,55 km/hr,12070
12068,Jorhat Town - Guwahati Jan Shatabdi Express (PT),JShtb,NFR,,,JTTN,14:35,GHY,21:20,6h 45m,11,M T W T F S,2S CC EV,375 km,56 km/hr,12067
14206,Delhi - Ayodhya Cantt. Express,Exp,NR,,,DLI,18:20,AYC,6:20,12h 0m,9,S M T W T F S,SL 3A 2A 1A 3E,614 km,51 km/hr,14205
12067,Guwahati - Jorhat Town Jan Shatabdi Express (PT),JShtb,NFR,,,GHY,6:20,JTTN,13:05,6h 45m,11,M T W T F S,2S CC EV,375 km,56 km/hr,12068
12062,Madan Mahal - Rani Kamalapati Jan Shatabdi Express,JShtb,WCR,,,MML,5:40,RKMP,11:15,5h 35m,7,S M T W T F S,2S CC EV,327 km,59 km/hr,12061
14233,Saryu Express,Exp,NR,,,PYGS,18:50,MUR,0:55,6h 5m,13,S M T W T F S,CC,199 km,33 km/hr,14234
16311,Shri Ganganagar - Thiruvananthapuram North (Kochuveli) Express (PT),Exp,SR,,,SGNR,14:10,TVCN,22:45,56h 35m,51,T,SL 3A 2A 3E,3017 km,53 km/hr,16312
12061,Rani Kamalapati - Madan Mahal Jan Shatabdi Express,JShtb,WCR,,,RKMP,17:40,MML,22:45,5h 5m,7,S M T W T F S,2S CC EV,327 km,64 km/hr,12062
12059,Kota - Hazrat Nizamuddin Jan Shatabdi Express,JShtb,WCR,,,KOTA,6:10,NZM,12:10,6h 0m,9,S M T W T F S,2S CC,458 km,76 km/hr,12060
22670,Patna - Ernakulam Junction SF Express (via Nagpur) (PT),SF,SR,,,PNBE,16:30,ERS,21:40,53h 10m,36,T,SL 3A 2A,3047 km,57 km/hr,22669
12058,Daulatpur Chowk - New Delhi Jan Shatabdi Express,JShtb,NR,,,DLPC,4:10,NDLS,11:45,7h 35m,16,S M T W T F S,2S CC,428 km,56 km/hr,12057
12057,New Delhi - Daulatpur Chowk Jan Shatabdi Express,JShtb,NR,,,NDLS,14:35,DLPC,22:15,7h 40m,16,S M T W T F S,2S CC,428 km,56 km/hr,12058
16342,Thiruvananthapuram Central - Guruvayur InterCity Express,Exp,SR,,,TVC,17:30,GUV,0:20,6h 50m,20,S M T W T F S,2S CC,303 km,44 km/hr,16341
15633,Bikaner - Guwahati Express,Exp,NFR,,,BKN,2:30,GHY,23:45,45h 15m,31,W,SL 3A 2A,2330 km,51 km/hr,15634
12962,Avantika SF Express (PT),SF,WR,,,INDB,17:45,MMCT,6:40,12h 55m,17,S M T W T F S,SL 3A 2A 1A 3E,830 km,64 km/hr,12961
12054,Amritsar - Haridwar Jan Shatabdi Express,JShtb,NR,,,ASR,6:50,HW,13:50,7h 0m,9,S M T W F S,2S CC,407 km,58 km/hr,12053
12053,Haridwar - Amritsar Jan Shatabdi Express,JShtb,NR,,,HW,14:45,ASR,22:45,8h 0m,9,S M T W F S,2S CC,407 km,51 km/hr,12054
16337,Okha - Ernakulam Express (PT),Exp,SR,,,OKHA,6:45,ERS,2:50,44h 5m,48,M S,SL 3A 2A,2252 km,51 km/hr,16338
12052,Madgaon - Mumbai CSMT Jan Shatabdi Express,JShtb,CR,,,MAO,12:00,CSMT,0:10,12h 10m,9,S M T W T F S,2S CC EV,581 km,48 km/hr,12051
12051,Mumbai CSMT - Madgaon Jan Shatabdi Express (PT),JShtb,CR,,,CSMT,5:10,MAO,16:40,11h 30m,9,S M T W T F S,2S CC EV,581 km,50 km/hr,12052
22644,Patna - Ernakulam Jn. SF Express (via Asansol) (PT),SF,SR,,,PNBE,14:00,ERS,15:20,49h 20m,41,T F,SL 3A 2A,2788 km,57 km/hr,22643
15203,Barauni - Lucknow Jn. Express,Exp,ECR,,,BJU,20:25,LJN,13:10,16h 45m,34,S M T W T F S,SL 3A 2A 1A 3E,673 km,40 km/hr,15204
14122,Mumbai LTT - Subedarganj Amrit Bharat Express,AB,NCR,28-Aug,,LTT,22:55,SFG,7:30,32h 35m,18,F,SL,1670 km,51 km/hr,14121
14121,Subedarganj - Mumbai LTT Amrit Bharat Express,AB,NCR,27-Aug,,SFG,12:10,LTT,20:50,32h 40m,18,T,SL,1670 km,51 km/hr,14122
12684,SMVT Bengaluru - Ernakulam Jn. SF Express,SF,SR,,,SMVB,19:00,ERS,6:00,11h 0m,11,M T T,SL 3A 2A,603 km,55 km/hr,12683
12022,Barbil - Howrah Jan Shatabdi Express,JShtb,SER,,,BBN,13:45,HWH,21:00,7h 15m,10,S M T W T F S,2S CC,397 km,55 km/hr,12021
12021,Howrah - Barbil Jan Shatabdi Express,JShtb,SER,,,HWH,6:20,BBN,13:20,7h 0m,9,S M T W T F S,2S CC,397 km,57 km/hr,12022
15608,Aronai Express (PT),Exp,NFR,,,SCL,19:10,TVC,20:45,73h 35m,54,T,SL 3A 2A 3E,3916 km,53 km/hr,15607
17482,Tirupati - Bilaspur Express (PT),Exp,SCoR,,,TPTY,11:05,BSP,17:25,30h 20m,59,S T,SL 3A 2A,1403 km,46 km/hr,17481
12961,Avantika SF Express (PT),SF,WR,,,MMCT,20:55,INDB,9:05,12h 10m,18,S M T W T F S,SL 3A 2A 1A 3E,830 km,68 km/hr,12962
12588,Jammu Tawi - Gorakhpur Amarnath Express,SF,NER,,,JAT,22:45,GKP,20:30,21h 45m,16,S,SL 3A 2A 1A,1247 km,57 km/hr,12587
12071,Mumbai CSMT - Hingoli (Deccan) Jan Shatabdi Express,JShtb,CR,,,CSMT,12:10,HNL,0:30,12h 20m,14,S M T W T F S,2S CC,658 km,53 km/hr,12072
12781,Mysuru - Hazrat Nizamuddin Swarna Jayanti SF Express (PT),SF,SWR,,,MYS,19:30,NZM,18:45,47h 15m,30,F,SL 3A 2A 1A,2617 km,55 km/hr,12782
12472,Swaraj Express,SF,NR,,,SVDK,9:40,BDTS,16:10,30h 30m,29,T W F S,SL 3A 2A 1A 3E,2029 km,67 km/hr,12471
14618,Amritsar - Purnia Court Jan Sewa Express (UnReserved),Exp,NR,,,ASR,6:35,PRNC,18:45,36h 10m,50,S M T W T F S,,1614 km,45 km/hr,14617
11097,Poorna Express (PT),Exp,CR,,,PUNE,22:25,ERS,3:15,28h 50m,32,S,SL 3A 2A,1281 km,44 km/hr,11098
12471,Swaraj Express (PT),SF,NR,,,BDTS,11:00,SVDK,17:50,30h 50m,29,S M T F,SL 3A 2A 1A 3E,2029 km,66 km/hr,12472
13302,Swarna Rekha Express,Exp,ECR,,,ADTP,15:35,DHN,22:25,6h 50m,8,S M T W T F S,2S CC,182 km,27 km/hr,13301
14617,Purnia Court - Amritsar Jan Sewa Express (UnReserved),Exp,NR,,,PRNC,5:35,ASR,16:55,35h 20m,51,S M T W T F S,,1614 km,46 km/hr,14618
13301,Swarna Rekha Express,Exp,ECR,,,DHN,5:30,ADTP,12:05,6h 35m,8,S M T W T F S,2S CC,182 km,28 km/hr,13302
12782,Hazrat Nizamuddin - Mysuru Swarna Jayanti SF Express,SF,SWR,,,NZM,5:10,MYS,2:20,45h 10m,30,M,SL 3A 2A 1A,2617 km,58 km/hr,12781
12803,Visakhapatnam - Hazrat Nizamuddin Swarna Jayanti Express (PT),SF,SCoR,,,VSKP,8:15,NZM,18:45,34h 30m,18,M F,SL 3A 2A 1A,2093 km,61 km/hr,12804
12804,Hazrat Nizamuddin - Visakhapatnam Swarna Jayanti Express,SF,SCoR,,,NZM,5:10,VSKP,14:45,33h 35m,18,S W,SL 3A 2A 1A,2093 km,62 km/hr,12803
12957,Swarna Jayanti Rajdhani Express,Raj,WR,,,SBIB,19:20,NDLS,7:30,12h 10m,8,S M T W T F S,3A 2A 1A,931 km,77 km/hr,12958
12958,Swarna Jayanti Rajdhani Express,Raj,WR,,,NDLS,19:55,SBIB,8:05,12h 10m,8,S M T W T F S,3A 2A 1A,931 km,77 km/hr,12957
12029,New Delhi - Amritsar Swarna Jayanti Shatabdi Express,Shtb,NR,,,NDLS,7:20,ASR,13:30,6h 10m,6,S M T W F S,CC Ex,448 km,73 km/hr,12030
12030,Amritsar - New Delhi Swarna Jayanti Shatabdi Express,Shtb,NR,,,ASR,16:50,NDLS,22:50,6h 0m,6,S M T W F S,CC Ex,448 km,75 km/hr,12029
12561,Swatantrata Senani Express (PT),SF,ECR,,,JYG,17:20,NDLS,15:45,22h 25m,19,S M T W T F S,SL 3A 2A 1A 3E,1235 km,55 km/hr,12562
12562,Swatantrata Senani Express (PT),SF,ECR,,,NDLS,21:15,JYG,19:25,22h 10m,18,S M T W T F S,SL 3A 2A 1A 3E,1235 km,56 km/hr,12561
12279,Taj Express,SF,NR,,,VGLJ,15:10,NDLS,21:35,6h 25m,10,S M T W T F S,2S CC,411 km,64 km/hr,12280
12280,Taj Express,SF,NR,,,NDLS,6:55,VGLJ,13:55,7h 0m,10,S M T W T F S,2S CC,411 km,59 km/hr,12279
12621,Tamil Nadu Express (PT),SF,SR,,,MAS,22:00,NDLS,6:30,32h 30m,11,S M T W T F S,SL 3A 2A 1A,2182 km,67 km/hr,12622
12622,Tamil Nadu Express (PT),SF,SR,,,NDLS,21:05,MAS,6:35,33h 30m,10,S M T W T F S,SL 3A 2A 1A,2182 km,65 km/hr,12621
12651,Tamil Nadu Sampark Kranti Express (PT),SKr,SR,,,MDU,1:05,NZM,18:35,41h 30m,13,S T,SL 3A 2A,2672 km,64 km/hr,12652
12652,Tamil Nadu Sampark Kranti Express,SKr,SR,,,NZM,5:20,MDU,0:05,42h 45m,13,T T,SL 3A 2A,2672 km,63 km/hr,12651
18451,Tapaswini Express (PT),Exp,ECoR,,,HTE,14:30,PURI,6:55,16h 25m,22,S M T W T F S,SL 3A 2A 1A,689 km,42 km/hr,18452
18452,Tapaswini Express (PT),Exp,ECoR,,,PURI,20:00,HTE,12:00,16h 0m,22,S M T W T F S,SL 3A 2A 1A,689 km,43 km/hr,18451
19045,Tapti Ganga Express (PT),Exp,WR,,,UDN,10:20,THE,20:55,34h 35m,37,S M W T F,SL 3A 2A,1828 km,53 km/hr,19046
19046,Tapti Ganga Express (PT),Exp,WR,,,THE,5:40,UDN,15:23,33h 43m,37,S T W F S,SL 3A 2A,1828 km,54 km/hr,19045
12757,Kaghaznagar SF Express,SF,SCR,,,SC,8:10,SKZR,13:37,5h 27m,14,S M T W T F S,2S CC 3E,297 km,54 km/hr,12758
12758,Kaghaznagar SF Express,SF,SCR,,,SKZR,14:50,SC,20:18,5h 28m,14,S M T W T F S,2S CC 3E,297 km,54 km/hr,12757
12661,Pothigai SF Express (PT),SF,SR,,,MS,19:35,SCT,6:40,11h 5m,16,S M T W T F S,SL 3A 2A 1A,667 km,60 km/hr,12662
12641,Thirukkural SF Express (PT),SF,SR,,,CAPE,20:30,NZM,18:35,46h 5m,21,W F,SL 3A 2A,2919 km,63 km/hr,12642
12642,Thirukkural SF Express (PT),SF,SR,,,NZM,5:20,CAPE,4:05,46h 45m,21,M S,SL 3A 2A,2919 km,62 km/hr,12641
18522,Tirumala Express (PT),Exp,SCoR,,,GTL,13:30,VSKP,11:30,22h 0m,41,S M T W T F S,SL 3A 2A 1A 3E,1056 km,48 km/hr,18521
18521,Tirumala Express (PT),Exp,SCoR,,,VSKP,14:00,GTL,11:30,21h 30m,38,S M T W T F S,SL 3A 2A 1A 3E,1056 km,49 km/hr,18522
12623,MGR Chennai Central - Thiruvananthapuram Central Mail (PT),SF,SR,,,MAS,19:30,TVC,11:20,15h 50m,19,S M T W T F S,SL 3A 2A 1A,918 km,58 km/hr,12624
12624,Thiruvananthapuram Central - MGR Chennai Central Mail (PT),SF,SR,,,TVC,15:00,MAS,7:45,16h 45m,20,S M T W T F S,SL 3A 2A 1A,918 km,55 km/hr,12623
17023,Tungabhadra Express,Exp,SCR,,,KCG,7:55,KRNT,12:30,4h 35m,13,S M T W T F S,2S 3A,236 km,52 km/hr,17024
17024,Tungabhadra Express,Exp,SCR,,,KRNT,15:00,KCG,19:55,4h 55m,11,S M T W T F S,2S 3A,236 km,48 km/hr,17023
12613,Wodeyar SF Express,SF,SWR,,,MYS,11:30,SBC,14:00,2h 30m,3,S M T W T F S,2S CC,138 km,55 km/hr,12614
12614,Wodeyar SF Express,SF,SWR,,,SBC,15:15,MYS,17:45,2h 30m,3,S M T W T F S,2S CC,138 km,55 km/hr,12613
12480,Suryanagari SF Express (PT),SF,NWR,,,BDTS,13:25,JU,5:15,15h 50m,15,S M T W T F S,SL 3A 2A 1A 3E,939 km,59 km/hr,12479
13420,Muzaffarpur - Bhagalpur Jansewa Express,Exp,ER,,,MFP,23:05,BGP,6:00,6h 55m,16,S M T W T F S,SL 3A,240 km,35 km/hr,13419
16053,MGR Chennai Central - Tirupati Express,Exp,SR,,,MAS,14:40,TPTY,17:50,3h 10m,6,S M T W T F S,2S CC,147 km,46 km/hr,16054
17479,Puri - Tirupati Express (PT),Exp,SCoR,,,PURI,18:30,TPTY,20:05,25h 35m,58,S M W T F,SL 3A 2A,1233 km,48 km/hr,17480
17481,Bilaspur - Tirupati Express (PT),Exp,SCoR,,,BSP,15:35,TPTY,20:05,28h 30m,58,T S,SL 3A 2A,1403 km,49 km/hr,17482
15073,Singrauli - Tanakpur Triveni Express,Exp,NER,,,SGRL,16:15,TPU,15:35,23h 20m,40,T T S,SL 2A 3E,842 km,36 km/hr,15074
12913,Trishatabdi Express (PT),SF,WR,,,INDB,20:35,NGP,8:20,11h 45m,11,S,SL 3A 2A 1A 3E,653 km,56 km/hr,12914
12914,Trishatabdi Express,SF,WR,,,NGP,19:00,INDB,6:30,11h 30m,11,M,SL 3A 2A 1A 3E,653 km,57 km/hr,12913
16331,Mumbai LTT - Thiruvananthapuram Central Express (PT),Exp,SR,,,LTT,20:55,TVC,7:00,34h 5m,39,S,SL 3A 2A 3E,1911 km,56 km/hr,16332
12695,M.G.R Chennai Central - Thiruvananthapuram Central SF Express (PT),SF,SR,,,MAS,15:20,TVC,7:45,16h 25m,20,S M T W T F S,SL 3A 2A 1A,918 km,56 km/hr,12696
12697,MGR Chennai Central - Thiruvananthapuram Central Weekly SF Express (PT),SF,SR,,,MAS,15:10,TVC,6:40,15h 30m,11,S,SL 3A 2A 3E,893 km,58 km/hr,12698
16341,Guruvayur - Thiruvananthapuram Central InterCity Express,Exp,SR,,,GUV,3:25,TVC,9:40,6h 15m,20,S M T W T F S,2S CC,303 km,49 km/hr,16342
16348,Mangaluru Central - Thiruvananthapuram Central Express (PT),Exp,SR,,,MAQ,14:25,TVC,4:15,13h 50m,45,S M T W T F S,SL 3A 2A 3E,632 km,46 km/hr,16347
15074,Tanakpur - Singrauli Triveni Express,Exp,NER,,,TPU,8:10,SGRL,7:55,23h 45m,40,M W F,SL 2A 3E,842 km,35 km/hr,15073
15076,Tanakpur - Shaktinagar Triveni Express,Exp,NER,,,TPU,8:10,SKTN,8:35,24h 25m,41,S T T S,SL 2A 3E,861 km,35 km/hr,15075
12662,Pothigai SF Express (PT),SF,SR,,,SCT,18:50,MS,5:55,11h 5m,16,S M T W T F S,SL 3A 2A 1A,667 km,60 km/hr,12661
22130,Tulsi SF Express,SF,CR,,,AYC,14:50,LTT,20:50,30h 0m,27,M W,SL 3A 2A,1663 km,55 km/hr,22129
16236,Mysuru - Tuticorin Express,Exp,SWR,,,MYS,18:20,TN,10:25,16h 5m,29,S M T W T F S,SL CC 3A 2A,776 km,48 km/hr,16235
19665,Khajuraho - Udaipur City Express (PT),Exp,NWR,,,KURJ,9:25,UDZ,6:55,21h 30m,33,S M T W T F S,SL 3A 2A 1A 3E,1090 km,51 km/hr,19666
12992,Jaipur - Udaipur City Intercity Express,SF,NWR,,,JP,14:10,UDZ,21:48,7h 38m,14,S M T W T F S,2S CC 3A 3E,435 km,57 km/hr,12991
12944,Udyogkarmi SF Express (PT),SF,WR,,,CNB,8:00,BL,6:00,22h 0m,11,F,SL 3A 2A,1304 km,59 km/hr,12943
11302,Udyan Express (PT),Exp,CR,,,SBC,20:40,CSMT,20:15,23h 35m,31,S M T W T F S,SL 3A 2A 1A 3E,1136 km,48 km/hr,11301
12173,Udyog Nagri Express (PT),SF,CR,,,LTT,16:25,MBDP,19:10,26h 45m,12,S T,SL 3A 2A,1580 km,59 km/hr,12174
12174,Udyog Nagri Express,SF,CR,,,MBDP,2:00,LTT,5:30,27h 30m,12,T T,SL 3A 2A,1580 km,57 km/hr,12173
12943,Udyogkarmi SF Express (PT),SF,WR,,,BL,22:20,CNB,18:25,20h 5m,11,W,SL 3A 2A,1304 km,65 km/hr,12944
12996,Ajmer - Bandra Terminus SF Express (PT),SF,NWR,,,AII,20:30,BDTS,14:15,17h 45m,17,T T S,SL 3A 2A 3E,1017 km,57 km/hr,12995
14309,Ujjaini Express (PT),Exp,NR,,,LMNR,15:25,YNRK,18:45,27h 20m,28,W T,SL 3A 2A 3E,1147 km,42 km/hr,14310
14310,Ujjaini Express,Exp,NR,,,YNRK,6:15,LMNR,6:05,23h 50m,29,T W,SL 3A 2A 3E,1147 km,48 km/hr,14309
14217,Unchahar Express (PT),Exp,NR,,,PYGS,14:00,CDG,9:15,19h 15m,39,S M T W T F S,SL 3A 2A 1A 3E,890 km,46 km/hr,14218
14218,Unchahar Express,Exp,NR,,,CDG,16:45,PYGS,11:05,18h 20m,39,S M T W T F S,SL 3A 2A 1A 3E,890 km,49 km/hr,14217
12329,West Bengal Sampark Kranti Express (PT),SKr,ER,,,SDAH,13:10,ANVT,8:50,19h 40m,7,T,SL 3A 2A 1A 3E,1443 km,73 km/hr,12330
12330,West Bengal Sampark Kranti Express,SKr,ER,,,ANVT,20:20,SDAH,16:35,20h 15m,7,W,SL 3A 2A 1A,1443 km,71 km/hr,12329
13035,Upasana Express (PT),Exp,ER,,,HWH,13:00,DDN,18:10,29h 10m,19,T F,SL 3A 2A 1A 3E,1589 km,54 km/hr,13036
13036,Upasana Express (PT),Exp,ER,,,DDN,21:45,HWH,3:15,29h 30m,19,W S,SL 3A 2A 1A 3E,1589 km,54 km/hr,13035
18477,Kalinga Utkal Express (PT),Exp,ECoR,,,PURI,20:45,YNRK,21:50,49h 5m,78,S M T W T F S,SL 3A 2A 1A 3E,2389 km,49 km/hr,18478
13148,Uttarbanga Express (PT),Exp,ER,,,BXT,14:05,SDAH,4:50,14h 45m,25,S M T W T F S,SL 3A 2A 1A,749 km,51 km/hr,13147
12928,Ekta Nagar (Kevadiya) - Dadar Western SF Express (PT),SF,WR,,,EKNR,21:25,DDR,5:30,8h 5m,5,S M T W T F S,SL 3A 2A 1A 3E,469 km,58 km/hr,12927
12927,Dadar Western - Ekta Nagar (Kevadiya) SF Express (PT),SF,WR,,,DDR,23:50,EKNR,7:30,7h 40m,6,S M T W T F S,SL 3A 2A 1A 3E,469 km,61 km/hr,12928
12929,Valsad - Vadodara Intercity SF Express,SF,WR,,,BL,7:15,BRC,10:40,3h 25m,11,S M T W T F S,2S CC,199 km,58 km/hr,12930
12635,Vaigai SF Express,SF,SR,,,MS,13:15,MDU,20:35,7h 20m,10,S M T W T F S,2S CC,493 km,67 km/hr,12636
12636,Vaigai SF Express,SF,SR,,,MDU,6:45,MS,14:15,7h 30m,11,S M T W T F S,2S CC,493 km,66 km/hr,12635
15565,Vaishali Express (PT),Exp,ECR,,,LLP,4:00,NDLS,6:30,26h 30m,28,S M T W T F S,SL 3A 2A 1A 3E,1371 km,52 km/hr,15566
15566,Vaishali Express (PT),Exp,ECR,,,NDLS,20:40,LLP,22:45,26h 5m,28,S M T W T F S,SL 3A 2A 1A 3E,1371 km,53 km/hr,15565
12930,Vadodara - Valsad Intercity SF Express,SF,WR,,,BJW,16:45,BL,20:45,4h 0m,12,S M T W T F S,2S CC,206 km,51 km/hr,12929
13403,Vananchal Express (PT),Exp,ER,,,RNC,19:10,BGP,9:00,13h 50m,27,S M T W T F S,SL 3A 2A 1A,553 km,40 km/hr,13404
13404,Vananchal Express (PT),Exp,ER,,,BGP,19:05,RNC,8:40,13h 35m,27,S M T W T F S,SL 3A 2A 1A,553 km,41 km/hr,13403
22131,Gyan Ganga SF Express (PT),SF,CR,,,PUNE,16:15,BNRS,20:00,27h 45m,17,M,SL 3A 2A,1531 km,55 km/hr,22132
12165,Mumbai LTT - Gorakhpur SF Express (Via Prayagraj) (PT),SF,CR,,,LTT,6:00,GKP,12:00,30h 0m,16,M T F,SL 3A 2A,1707 km,57 km/hr,12166
24204,Lucknow - Varanasi Intercity SF Express (via Pratapgarh),SF,NR,,,LKO,6:35,BSB,11:55,5h 20m,13,S M T W T F S,CC 3A,301 km,56 km/hr,24203
15120,Dehradun - Banaras Janta Express,Exp,NER,,,DDN,18:30,BNRS,15:25,20h 55m,45,S M T W T F S,SL 3A 2A 1A 3E,847 km,40 km/hr,15119
12480,Suryanagari SF Express (PT),SF,NWR,,,BDTS,13:25,JU,5:15,15h 50m,15,S M T W T F S,SL 3A 2A 1A 3E,939 km,59 km/hr,12479
13420,Muzaffarpur - Bhagalpur Jansewa Express,Exp,ER,,,MFP,23:05,BGP,6:00,6h 55m,16,S M T W T F S,SL 3A,240 km,35 km/hr,13419
20679,MGR Chennai Central - SSS Hubballi Weekly SF Express (via SMVT Bengaluru) (PT),SF,SWR,,,MAS,15:00,UBL,5:00,14h 0m,15,F,SL 3A 2A 1A 3E,826 km,59 km/hr,20680
16301,Venad Express,Exp,SR,,,SRR,14:35,TVC,22:00,7h 25m,26,S M T W T F S,2S CC,325 km,44 km/hr,16302
16302,Venad Express,Exp,SR,,,TVC,5:20,SRR,12:35,7h 15m,26,S M T W T F S,2S CC,325 km,45 km/hr,16301
12797,Venkatadri SF Express (PT),SF,SCR,,,KCG,20:05,CTO,8:52,12h 47m,19,S M T W T F S,SL 3A 2A 1A 3E,709 km,55 km/hr,12798
12798,Venkatadri SF Express (PT),SF,SCR,,,CTO,17:35,KCG,6:20,12h 45m,19,S M T W T F S,SL 3A 2A 1A 3E,709 km,56 km/hr,12797
11464,Jabalpur - Veraval Express (Via Itarsi) (PT),Exp,WCR,,,JBP,14:00,VRL,17:25,27h 25m,50,S T W T S,SL 3A 2A 1A 3E,1398 km,51 km/hr,11463
11466,Jabalpur - Veraval Express (via Bina) (PT),Exp,WCR,,,JBP,12:30,VRL,17:25,28h 55m,48,M F,SL 3A 2A 1A 3E,1552 km,54 km/hr,11465
16334,Thiruvananthapuram Central - Veraval Express (PT),Exp,SR,,,TVC,15:45,VRL,15:35,47h 50m,55,M,SL 3A 2A 3E,2404 km,50 km/hr,16333
13047,Vibhuti Express (PT),Exp,ER,,,HWH,19:55,PRRB,12:00,16h 5m,31,S M T W T F S,SL 3A 2A,883 km,55 km/hr,13048
13048,Vibhuti Express (PT),Exp,ER,,,PRRB,15:40,HWH,7:35,15h 55m,31,S M T W T F S,SL 3A 2A,882 km,55 km/hr,13047
12105,Vidarbha SF Express (PT),SF,CR,,,CSMT,19:05,G,11:15,16h 10m,25,S M T W T F S,SL 3A 2A 1A 3E,965 km,60 km/hr,12106
12106,Vidarbha SF Express (PT),SF,CR,,,G,14:30,CSMT,6:50,16h 20m,25,S M T W T F S,SL 3A 2A 1A 3E,965 km,59 km/hr,12105
12706,Secunderabad - Guntur InterCity Superfast Express,SF,SCR,,,SC,7:45,GNT,14:43,6h 58m,14,S M T W T F S,2S CC 3E,380 km,55 km/hr,12705
12367,Vikramshila Express (PT),SF,ER,,,BGP,11:55,ANVT,7:20,19h 25m,21,S M T W T F S,SL 3A 2A 1A 3E,1208 km,62 km/hr,12368
12368,Vikramshila Express (PT),SF,ER,,,ANVT,13:15,BGP,8:15,19h 0m,21,S M T W T F S,SL 3A 2A 1A 3E,1208 km,64 km/hr,12367
17016,Visakha Express (PT),Exp,SCR,,,SC,16:50,BBSN,16:25,23h 35m,41,S M T W T F S,SL 3A 2A 1A,1148 km,49 km/hr,17015
17015,Visakha Express (PT),Exp,SCR,,,BBSN,8:00,SC,7:45,23h 45m,41,S M T W T F S,SL 3A 2A 1A,1148 km,48 km/hr,17016
20812,Hazur Sahib Nanded - Visakhapatnam SF Express (PT),SF,SCoR,,,NED,16:30,VSKP,9:20,16h 50m,11,S W T,SL 3A 2A 3E,959 km,57 km/hr,20811
18517,Korba - Visakhapatnam Express (PT),Exp,SCoR,,,KRBA,16:10,VSKP,6:45,14h 35m,28,S M T W T F S,SL 3A 2A 1A 3E,729 km,50 km/hr,18518
16333,Veraval - Thiruvananthapuram Central Express (PT),Exp,SR,,,VRL,6:55,TVC,7:15,48h 20m,57,T,SL 3A 2A 3E,2404 km,50 km/hr,16334
18518,Visakhapatnam - Korba Express (PT),Exp,SCoR,,,VSKP,21:00,KRBA,11:15,14h 15m,28,S M T W T F S,SL 3A 2A 1A 3E,729 km,51 km/hr,18517
22637,West Coast SF Express (PT),SF,SR,,,MAS,13:25,MAQ,5:50,16h 25m,27,S M T W T F S,SL 3A 2A 1A,902 km,55 km/hr,22638
22638,West Coast SF Express (PT),SF,SR,,,MAQ,23:45,MAS,16:00,16h 15m,28,S M T W T F S,SL 3A 2A 1A,902 km,56 km/hr,22637
22650,Yercaud SF Express (PT),SF,SR,,,ED,21:45,MAS,4:25,6h 40m,11,S M T W T F S,SL 3A 2A 1A,394 km,59 km/hr,22649
22649,Yercaud SF Express (PT),SF,SR,,,MAS,23:00,ED,5:50,6h 50m,10,S M T W T F S,SL 3A 2A 1A,394 km,58 km/hr,22650
12292,MGR Chennai Central - Yesvantpur Weekly SF Express (PT),SF,SWR,,,MAS,23:30,YPR,6:00,6h 30m,5,S,SL 3A 2A 1A,366 km,56 km/hr,12291
12835,Hatia - SMVT Bengaluru SF Express (PT),SF,SER,,,HTE,17:25,SMVB,3:15,33h 50m,24,S T,SL 3A 2A 1A 3E,1884 km,56 km/hr,12836
12845,Bhubaneswar - SMVT Bengaluru SF Express (PT),SF,ECoR,,,BBS,7:30,SMVB,8:35,25h 5m,18,S,SL 3A 2A,1506 km,60 km/hr,12846
12863,Howrah - SMVT Bengaluru SF Express (PT),SF,SER,,,HWH,22:45,SMVB,7:00,32h 15m,31,S M T W T F S,SL 3A 2A 1A 3E,1942 km,60 km/hr,12864
12889,Tatanagar - SMVT Bengaluru SF Express (PT),SF,SER,,,TATA,17:45,SMVB,3:15,33h 30m,23,F,SL 3A 2A 3E,1883 km,56 km/hr,12890
22533,Gorakhpur - Yesvantpur SF Express (PT),SF,NER,,,GKP,6:33,YPR,2:45,44h 12m,22,M,SL 3A 2A 1A,2512 km,57 km/hr,22534
15228,Muzaffarpur - SMVT Bengaluru Express (PT),Exp,ECR,,,MFP,7:25,SMVB,9:45,50h 20m,33,M,SL 3A 2A 1A 3E,2701 km,54 km/hr,15227
16516,Karwar - Yesvantpur Express,Exp,SWR,,,KAWR,5:30,YPR,20:50,15h 20m,23,T T S,2S SL CC 3E EV,611 km,40 km/hr,16515
16528,Kannur - Yesvantpur Express (PT),Exp,SWR,,,CAN,18:05,YPR,7:50,13h 45m,17,S M T W T F S,SL 3A 2A,660 km,48 km/hr,16527
17310,Vasco da Gama - Yesvantpur Express (PT),Exp,SWR,,,VSG,22:55,YPR,12:35,13h 40m,19,S M T W T F S,SL 3A 2A,664 km,49 km/hr,17309
12890,SMVT Bengaluru - Tatanagar SF Express,SF,SER,,,SMVB,8:50,TATA,18:10,33h 20m,23,M,SL 3A 2A 3E,1883 km,56 km/hr,12889
12396,Ziyarat Express (PT),SF,ECR,,,AII,0:45,RJPB,23:30,22h 45m,16,F,SL 3A 2A 1A 3E,1293 km,57 km/hr,12395
12956,Jaipur - Mumbai Central SF Express (PT),SF,WR,,,JP,14:00,MMCT,6:55,16h 55m,18,S M T W T F S,SL 3A 2A 1A,1160 km,69 km/hr,12955
22153,Chennai Egmore - Salem SF Express (PT),SF,CR,,,MS,23:55,SA,6:15,6h 20m,10,S M T W T F S,SL 3A 2A,352 km,56 km/hr,22154
22154,Salem - Chennai Egmore SF Express (PT),SF,CR,,,SA,21:30,MS,3:50,6h 20m,11,S M T W T F S,SL 3A 2A,352 km,56 km/hr,22153
12480,Suryanagari SF Express (PT),SF,NWR,,,BDTS,13:25,JU,5:15,15h 50m,15,S M T W T F S,SL 3A 2A 1A 3E,939 km,59 km/hr,12479
13420,Muzaffarpur - Bhagalpur Jansewa Express,Exp,ER,,,MFP,23:05,BGP,6:00,6h 55m,16,S M T W T F S,SL 3A,240 km,35 km/hr,13419
22189,Madan Mahal - Rewa InterCity Express,SF,WCR,,,MML,17:00,REWA,21:22,4h 22m,11,S M T W T F S,2S CC 3A,242 km,55 km/hr,22190
22190,Rewa - Madan Mahal InterCity Express,SF,WCR,,,REWA,5:45,MML,10:07,4h 22m,11,S M T W T F S,2S CC 3A,242 km,55 km/hr,22189
16209,Ajmer - Mysuru Express (PT),Exp,SWR,,,AII,6:15,MYS,0:05,41h 50m,45,S F,SL 3A 2A 1A,2288 km,55 km/hr,16210
16210,Mysuru - Ajmer Express (PT),Exp,SWR,,,MYS,20:30,AII,14:25,41h 55m,44,T T,SL CC 3A 2A 1A,2288 km,55 km/hr,16209
19325,Indore - Amritsar Express (PT),Exp,WR,,,INDB,20:15,ASR,22:05,25h 50m,24,T F,SL 3A 2A 1A 3E,1336 km,52 km/hr,19326
19326,Amritsar - Indore SF Express,SF,WR,,,ASR,1:50,INDB,0:55,23h 5m,24,S T,SL 3A 2A 1A 3E,1336 km,58 km/hr,19325
18046,East Coast Express (PT),Exp,SER,,,CHZ,8:40,SHM,15:35,30h 55m,55,S M T W T F S,SL 3A 2A 3E,1565 km,51 km/hr,18045
12852,MGR Chennai Central - Bilaspur Weekly SF Express (PT),SF,SECR,,,MAS,15:40,BSP,14:30,22h 50m,14,M,SL 3A 2A 1A 3E,1414 km,62 km/hr,12851
18046,East Coast Express (PT),Exp,SER,,,CHZ,8:40,SHM,15:35,30h 55m,55,S M T W T F S,SL 3A 2A 3E,1565 km,51 km/hr,18045
12986,Delhi Sarai Rohilla - Jaipur AC Double Decker Express,DD,NWR,,,DEE,17:25,JP,22:00,4h 35m,5,S M T W T F S,CC Ex,304 km,66 km/hr,12985
15077,Kamakhya - Gomti Nagar Express (PT),Exp,NER,,,KYQ,21:20,GTNR,1:40,28h 20m,14,T,SL 3A 2A,1379 km,49 km/hr,15078
15078,Gomti Nagar - Kamakhya Express,Exp,NER,,,GTNR,10:30,KYQ,14:00,27h 30m,13,M,SL 3A 2A,1379 km,50 km/hr,15077
22991,Valsad - Bhagat Ki Kothi SF Express,SF,WR,,,BL,18:30,BGKT,8:00,13h 30m,16,T,SL 3A 2A,752 km,56 km/hr,22992
12446,Uttar Sampark Kranti Express (PT),SKr,NR,,,SVDK,19:50,NDLS,6:55,11h 5m,10,S M T W T F S,SL 3A 2A 1A 3E,655 km,59 km/hr,12445
12445,Uttar Sampark Kranti Express (PT),SKr,NR,,,NDLS,20:50,SVDK,7:55,11h 5m,10,S M T W T F S,SL 3A 2A 1A 3E,655 km,59 km/hr,12446
12820,Odisha Sampark Kranti Express,SKr,ECoR,,,ANVT,8:00,BBS,12:20,28h 20m,11,T F,SL 3A 2A 1A,1784 km,63 km/hr,12819
12819,Odisha Sampark Kranti Express,SKr,ECoR,,,BBS,16:17,ANVT,19:35,27h 18m,11,S W,SL 3A 2A 1A,1784 km,65 km/hr,12820
12448,Uttar Pradesh Sampark Kranti Express,SKr,NR,,,NZM,20:00,MKP,7:30,11h 30m,10,S M T W T F S,SL 3A 2A 1A 3E,694 km,60 km/hr,12447
12447,Uttar Pradesh Sampark Kranti Express (PT),SKr,NR,,,MKP,18:00,NZM,5:22,11h 22m,10,S M T W T F S,SL 3A 2A 1A 3E,694 km,61 km/hr,12448
12644,Hazrat Nizamuddin - Thiruvananthapuram Central Swarna Jayanti SF Express (PT),SF,SR,,,NZM,5:10,TVC,7:00,49h 50m,29,F,SL 3A 2A 3E,3012 km,60 km/hr,12643
15032,Lucknow Jn. - Gorakhpur Intercity Express,Exp,NER,,,LJN,16:05,GKP,21:30,5h 25m,9,S M T W T F S,2S CC,277 km,51 km/hr,15031
12812,Hatia - Mumbai LTT SF Express (PT),SF,SER,,,HTE,9:00,LTT,13:00,28h 0m,16,F S,SL 3A 2A 1A 3E,1697 km,61 km/hr,12811
13159,Kolkata - Jogbani Express (PT),Exp,ER,,,KOAA,21:45,JBN,11:00,13h 15m,16,M W F,SL 3A 2A 3E,547 km,41 km/hr,13160
13160,Jogbani - Kolkata Express (PT),Exp,ER,,,JBN,14:45,KOAA,2:35,11h 50m,16,T T S,SL 3A 2A 3E,547 km,46 km/hr,13159
13243,Patna - Bhabua Road InterCity Express (via Gaya),Exp,ECR,,,PNBE,17:45,BBU,23:55,6h 10m,24,S M T W T F S,CC,243 km,39 km/hr,13244
13244,Bhabua Road - Patna InterCity Express (via Gaya),Exp,ECR,,,BBU,4:00,PNBE,10:15,6h 15m,24,S M T W T F S,CC,243 km,39 km/hr,13243
24203,Varanasi - Lucknow Intercity SF Express (via Pratapgarh),SF,NR,,,BSB,17:50,LKO,22:50,5h 0m,13,S M T W T F S,CC 3A,301 km,60 km/hr,24204
14308,Bareilly - Prayagraj Sangam Express,Exp,NR,,,BE,17:45,PYGS,3:10,9h 25m,15,S M T W T F S,SL 3A 2A,433 km,46 km/hr,14307
16527,Yesvantpur - Kannur Express (PT),Exp,SWR,,,YPR,20:00,CAN,9:45,13h 45m,17,S M T W T F S,SL 3A 2A,660 km,48 km/hr,16528
18241,Durg - Ambikapur Express (PT),Exp,SECR,,,DURG,21:05,ABKP,8:00,10h 55m,19,S M T W T F S,SL 3A 2A 1A,467 km,43 km/hr,18242
12251,Wainganga SF Express,SF,SWR,,,YPR,23:40,KRBA,4:30,28h 50m,20,T F,SL 3A 2A 1A,1606 km,56 km/hr,12252
12469,Kanpur Central - Jammu Tawi SF Express (PT),SF,NR,,,CNB,14:05,JAT,8:30,18h 25m,12,W F,SL 3A 1A 3E,1026 km,56 km/hr,12470
12470,Jammu Tawi - Kanpur Central SF Express,SF,NR,,,JAT,17:38,CNB,12:15,18h 37m,12,T T,SL 3A 1A 3E,1026 km,55 km/hr,12469
17301,Mysuru - Belagavi Express (Via Hassan),Exp,SWR,,,MYS,22:45,BGM,9:55,11h 10m,18,S M T W T F S,SL 3A 2A,614 km,55 km/hr,17302
17302,Belagavi - Mysuru Express (Via Hassan),Exp,SWR,,,BGM,19:40,MYS,7:10,11h 30m,18,S M T W T F S,SL 3A 2A,614 km,53 km/hr,17301
17639,Kacheguda - Akola InterCity Express,Exp,SCR,,,KCG,7:10,AK,18:30,11h 20m,18,M,2S 3A,515 km,45 km/hr,17640
17640,Akola - Kacheguda Intercity Express,Exp,SCR,,,AK,9:30,KCG,20:35,11h 5m,18,T,2S 3A,515 km,46 km/hr,17639
18047,Shalimar - Vasco-da-Gama Amaravati Express (PT),Exp,SER,,,SHM,23:10,VSG,16:10,41h 0m,41,M T T S,SL 3A 2A,2119 km,52 km/hr,18048
18048,Vasco-da-Gama - Shalimar Amaravati Express (PT),Exp,SER,,,VSG,6:30,SHM,23:45,41h 15m,41,S T T F,SL 3A 2A,2119 km,51 km/hr,18047
22955,Kutch SF Express (PT),SF,WR,,,BDTS,17:45,BHUJ,8:30,14h 45m,20,S M T W T F S,SL 3A 2A 1A,840 km,57 km/hr,22956
22956,Kutch SF Express (PT),SF,WR,,,BHUJ,20:25,BDTS,11:30,15h 5m,20,S M T W T F S,SL 3A 2A 1A,840 km,56 km/hr,22955
11034,Darbhanga - Pune Express (PT),Exp,CR,,,DBG,16:35,PUNE,7:15,38h 40m,28,F,SL 3A 2A,1943 km,50 km/hr,11033
11087,Veraval - Pune Express (PT),Exp,CR,,,VRL,11:05,PUNE,7:35,20h 30m,24,S,SL 3A 2A,1061 km,52 km/hr,11088
11088,Pune - Veraval Express (PT),Exp,CR,,,PUNE,20:10,VRL,16:25,20h 15m,23,T,SL 3A 2A,1061 km,52 km/hr,11087
11125,Ratlam - Gwalior InterCity Express (PT),Exp,NCR,,,RTM,17:25,GWL,7:37,14h 12m,16,S M W T,SL 3A 2A 1A 3E,680 km,48 km/hr,11126
11126,Gwalior - Ratlam InterCity Express (PT),Exp,NCR,,,GWL,19:50,RTM,10:00,14h 10m,16,M T T F,SL 3A 2A 1A 3E,680 km,48 km/hr,11125
12849,Bilaspur - Pune SF Express (PT),SF,SECR,,,BSP,11:20,PUNE,9:30,22h 10m,16,T,SL 3A 2A 1A 3E,1297 km,59 km/hr,12850
12850,Pune - Bilaspur SF Express (PT),SF,SECR,,,PUNE,17:35,BSP,15:50,22h 15m,16,F,SL 3A 2A 1A 3E,1297 km,58 km/hr,12849
16533,Jodhpur - KSR Bengaluru Express (Via Guntakal) (PT),Exp,SWR,,,JU,6:15,SBC,2:30,44h 15m,32,W,SL 3A 2A 1A,2185 km,49 km/hr,16534
16534,KSR Bengaluru - Jodhpur Express (Via Guntakal) (PT),Exp,SWR,,,SBC,17:00,JU,13:50,44h 50m,32,S,SL 3A 2A 1A,2185 km,49 km/hr,16533
19315,Veer Bhumi Express,Exp,WR,,,INDB,18:20,ASV,10:15,15h 55m,31,S M T W T F S,SL 3A 2A 1A,774 km,49 km/hr,19316
19316,Veer Bhumi Express,Exp,WR,,,ASV,14:10,INDB,7:00,16h 50m,31,S M T W T F S,SL 3A 2A 1A,774 km,46 km/hr,19315
16546,Sindhanur - Yesvantpur Express,Exp,SWR,,,SNNR,17:00,YPR,8:05,15h 5m,41,S M T W T F S,SL 3A,623 km,41 km/hr,16545
16730,Punalur - Madurai Express (PT),Exp,SR,,,PUU,17:15,MDU,3:35,10h 20m,36,S M T W T F S,SL 3A,409 km,40 km/hr,16729
17625,Delta Express (PT),Exp,SCR,,,KCG,22:20,RAL,6:25,8h 5m,12,S M T W T F S,SL 3A 2A,347 km,43 km/hr,17626
12111,Mumbai CSMT - Amravati SF Express (PT),SF,CR,,,CSMT,20:50,AMI,8:35,11h 45m,14,S M T W T F S,SL 3A 2A 1A,671 km,57 km/hr,12112
12852,MGR Chennai Central - Bilaspur Weekly SF Express (PT),SF,SECR,,,MAS,15:40,BSP,14:30,22h 50m,14,M,SL 3A 2A 1A 3E,1414 km,62 km/hr,12851
12479,Suryanagari SF Express (PT),SF,NWR,,,JU,19:40,BDTS,11:45,16h 5m,15,S M T W T F S,SL 3A 2A 1A 3E,939 km,58 km/hr,12480
15131,Gorakhpur - Varanasi City Express,Exp,NER,,,GKP,22:55,BCY,5:05,6h 10m,13,S M T W T F S,SL 3A 2A 3E,228 km,37 km/hr,15132
11033,Pune - Darbhanga Express (PT),Exp,CR,,,PUNE,16:15,DBG,7:10,38h 55m,28,W,SL 3A 2A,1943 km,50 km/hr,11034
22676,Cholan SF Express (PT),SF,SR,,,TPJ,12:10,MS,19:25,7h 15m,18,S M T W T F S,2S SL 3A 2A 1A,401 km,55 km/hr,22675
58501,Visakhapatnam - Kirandul Passenger,Pass,SCoR,,,VSKP,7:00,KRDL,21:00,14h 0m,47,S M T W T F S,2S SL EV,471 km,34 km/hr,58502
12119,Amravati - Ajni (Nagpur) Intercity SF Express (UnReserved),SF,CR,,,AMI,5:30,AJNI,8:25,2h 55m,6,S M T W T F S,,178 km,61 km/hr,12120
14692,Mour Dhwaj Express,Exp,NR,,,JAT,17:35,BJU,22:45,29h 10m,21,F,SL 3A 1A 3E,1611 km,55 km/hr,14691
12209,Kanpur Central - Kathgodam Garib Rath Express,GR,NR,,,CNB,6:05,KGM,15:50,9h 45m,8,T,3A,459 km,47 km/hr,12210
17626,Delta Express (PT),Exp,SCR,,,RAL,22:40,VKB,9:20,10h 40m,20,S M T W T F S,SL 3A 2A,413 km,39 km/hr,17625
12435,Jaynagar - Anand Vihar Terminal Garib Rath Express (PT),GR,NR,,,JYG,12:10,ANVT,9:00,20h 50m,20,M F,3A,1252 km,60 km/hr,12436
12436,Anand Vihar Terminal - Jaynagar Garib Rath Express (PT),GR,NR,,,ANVT,17:20,JYG,13:50,20h 30m,20,T S,3A,1252 km,61 km/hr,12435
17330,Vijayawada - SSS Hubballi Express,Exp,SWR,,,BZA,13:10,UBL,5:35,16h 25m,40,S M T W T F S,SL 3A 2A,691 km,42 km/hr,17329
17329,SSS Hubballi - Vijayawada Express,Exp,SWR,,,UBL,19:30,BZA,12:00,16h 30m,40,S M T W T F S,SL 3A 2A,691 km,42 km/hr,17330
12252,Wainganga SF Express (PT),SF,SWR,,,KRBA,8:05,YPR,13:15,29h 10m,21,S T,SL 3A 2A 1A,1605 km,55 km/hr,12251
12210,Kathgodam - Kanpur Central Garib Rath Express,GR,NR,,,KGM,18:15,CNB,4:35,10h 20m,8,M,3A,459 km,44 km/hr,12209
18242,Ambikapur - Durg Express (PT),Exp,SECR,,,ABKP,22:30,DURG,9:55,11h 25m,19,S M T W T F S,SL 3A 2A 1A,468 km,41 km/hr,18241
14691,Mour Dhwaj Express (PT),Exp,NR,,,BJU,5:05,JAT,11:45,30h 40m,21,S,SL 3A 1A 3E,1611 km,53 km/hr,14692
22429,Delhi - Pathankot SF Express,SF,NR,,,DLI,8:15,PTK,18:18,10h 3m,13,S M T W F S,2S CC,554 km,55 km/hr,22430
22430,Pathankot - Delhi SF Express,SF,NR,,,PTK,7:00,DLI,16:55,9h 55m,15,S M T W T S,2S CC,554 km,56 km/hr,22429
10215,Madgaon - Ernakulam Jn. SF Express,SF,KR,,,MAO,21:00,ERS,11:00,14h 0m,12,S,SL 3A 2A 3E,729 km,52 km/hr,10216
10216,Ernakulam Jn. - Madgaon SF Express,SF,KR,,,ERS,13:25,MAO,3:30,14h 5m,12,M,SL CC 3A 2A 3E,729 km,52 km/hr,10215
12739,Visakhapatnam - Secunderabad Garib Rath Express (PT),GR,SCR,,,VSKP,20:40,SC,8:20,11h 40m,9,S M T W T F S,3A,698 km,60 km/hr,12740
12740,Secunderabad - Visakhapatnam Garib Rath Express (PT),GR,SCR,,,SC,20:30,VSKP,7:50,11h 20m,9,S M T W T F S,3A,698 km,62 km/hr,12739
19053,Surat - Muzaffarpur Express (PT),Exp,WR,,,ST,7:35,MFP,4:30,44h 55m,27,F,SL 3A 2A 1A,2140 km,48 km/hr,19054
19054,Muzaffarpur - Surat Express (PT),Exp,WR,,,MFP,20:10,ST,16:55,44h 45m,27,S,SL 3A 2A 1A,2140 km,48 km/hr,19053
17211,Kondaveedu Express (PT),Exp,SCoR,,,MTM,15:55,YPR,9:55,18h 0m,18,M W F,SL 3A 2A 1A,778 km,43 km/hr,17212
17212,Kondaveedu Express (PT),Exp,SCoR,,,YPR,12:45,MTM,5:15,16h 30m,18,T T S,SL 3A 2A 1A,778 km,47 km/hr,17211
18420,Jaynagar - Puri Weekly Express (PT),Exp,ECoR,,,JYG,5:20,PURI,2:55,21h 35m,22,S,SL 3A 2A 3E,1003 km,46 km/hr,18419
18419,Puri - Jaynagar Weekly Express,Exp,ECoR,,,PURI,14:55,JYG,12:50,21h 55m,22,T,SL 3A 2A 3E,1003 km,46 km/hr,18420
12486,Shri Ganganagar - Hazur Sahib Nanded SF Express (via Abohar),SF,NWR,,,SGNR,14:30,NED,21:40,31h 10m,27,T S,SL 3A 2A 3E,1960 km,63 km/hr,12485
12485,Hazur Sahib Nanded - Shri Ganganagar SF Express (via Abohar) (PT),SF,NWR,,,NED,11:05,SGNR,19:15,32h 10m,27,M T,SL 3A 2A 3E,1960 km,61 km/hr,12486
12742,Patna - Vasco-da-Gama SF Express (PT),SF,SWR,,,PNBE,14:05,VSG,5:45,39h 40m,19,S,SL 3A 2A,2228 km,56 km/hr,12741
12741,Vasco-da-Gama - Patna SF Express (PT),SF,SWR,,,VSG,19:00,PNBE,10:10,39h 10m,19,W,SL 3A 2A,2228 km,57 km/hr,12742
12254,Anga Express (PT),SF,SWR,,,BGP,13:55,SMVB,7:30,41h 35m,29,W,SL 3A 2A 1A,2449 km,59 km/hr,12253
13239,Patna - Kota Express (via Sultanpur) (PT),Exp,ECR,,,PNBE,11:45,KOTA,11:55,24h 10m,24,M W T F,SL 3A 2A 1A 3E,1238 km,51 km/hr,13240
12253,Anga Express (PT),SF,SWR,,,SMVB,13:50,BGP,9:20,43h 30m,29,S,SL 3A 2A 1A,2448 km,56 km/hr,12254
12881,Shalimar - Puri Garib Rath Express (PT),GR,ECoR,,,SHM,20:35,PURI,5:20,8h 45m,8,T T,3A,497 km,57 km/hr,12882
12882,Puri - Shalimar Garib Rath Express (PT),GR,ECoR,,,PURI,22:10,SHM,7:10,9h 0m,8,M W,3A,497 km,55 km/hr,12881
21126,Bhind - Ratlam Express (PT),Exp,NCR,,,BIX,17:20,RTM,10:00,16h 40m,21,S W S,SL 3A 2A 1A 3E,762 km,46 km/hr,21125
14866,Marudhar Express (Via MBDD Pratapgarh) (PT),Exp,NWR,,,JU,8:35,BCY,7:40,23h 5m,35,W,SL 3A 2A 3E,1181 km,51 km/hr,14865
12487,Seemanchal Express (PT),SF,NR,,,JBN,20:35,ANVT,20:50,24h 15m,19,S M T W T F S,SL 3A 2A 3E,1380 km,57 km/hr,12488
12488,Seemanchal Express,SF,NR,,,ANVT,8:10,JBN,8:00,23h 50m,19,S M T W T F S,SL 3A 2A 3E,1380 km,58 km/hr,12487
14865,Marudhar Express (Via MBDD Pratapgarh),Exp,NWR,,,BCY,16:40,JU,17:30,24h 50m,34,T,SL 3A 2A 3E,1181 km,48 km/hr,14866
12113,Pune - Nagpur Garib Rath Express (PT),GR,CR,,,PUNE,17:35,NGP,9:10,15h 35m,12,M W S,3A,885 km,57 km/hr,12114
17646,Repalle - Secunderabad Express,Exp,SCR,,,RAL,7:10,SC,15:55,8h 45m,20,S M T W T F S,SL 3A 2A,341 km,39 km/hr,17645
12720,Hyderabad - Jaipur SF Express (PT),SF,SCR,,,HYB,20:25,JP,5:25,33h 0m,26,M W,SL 3A 2A,1843 km,56 km/hr,12719
17645,Secunderabad - Repalle Express,Exp,SCR,,,SC,12:40,RAL,21:10,8h 30m,19,S M T W T F S,SL 3A 2A,341 km,40 km/hr,17646
16090,Yelagiri Express,Exp,SR,,,JTJ,5:00,MAS,9:10,4h 10m,14,S M T W T F S,CC,214 km,51 km/hr,16089
16089,Yelagiri Express,Exp,SR,,,MAS,17:55,JTJ,22:30,4h 35m,15,S M T W T F S,CC,214 km,47 km/hr,16090
12852,MGR Chennai Central - Bilaspur Weekly SF Express (PT),SF,SECR,,,MAS,15:40,BSP,14:30,22h 50m,14,M,SL 3A 2A 1A 3E,1414 km,62 km/hr,12851
12479,Suryanagari SF Express (PT),SF,NWR,,,JU,19:40,BDTS,11:45,16h 5m,15,S M T W T F S,SL 3A 2A 1A 3E,939 km,58 km/hr,12480
22930,Vadodara - Dahanu Road SF Express,SF,WR,,,BRC,6:20,DRD,11:10,4h 50m,14,S M T W T F S,2S,273 km,57 km/hr,22929
53048,Viswabharati Fast Passenger,Pass,ER,,,RPH,5:10,HWH,10:10,5h 0m,21,S M T W T F S,2S CC,219 km,44 km/hr,53047
53047,Viswabharati Fast Passenger,Pass,ER,,,HWH,16:40,RPH,21:30,4h 50m,21,S M T W T F S,2S CC,219 km,45 km/hr,53048
22198,Pratham Swatantrata Sangram Express (PT),SF,NCR,,,VGLJ,21:20,KOAA,20:35,23h 15m,17,F,SL 3A 2A 3E,1324 km,57 km/hr,22197
12114,Nagpur - Pune Garib Rath Express (PT),GR,CR,,,NGP,18:00,PUNE,9:30,15h 30m,12,S T F,3A,885 km,57 km/hr,12113
11266,Ambikapur - Madan Mahal Intercity Express,Exp,WCR,,,ABKP,6:15,MML,15:20,9h 5m,13,S M T W T F S,2S CC 3A,432 km,48 km/hr,11265
14813,Jodhpur - Bhopal Express,Exp,NWR,,,JU,10:00,BPL,9:20,23h 20m,72,S M T W T F S,SL 3A 2A 3E,992 km,42 km/hr,14814
74951,Jaijon Doaba - Phagwara Passenger (UnReserved),Pass,NR,,,JJJ,13:45,PGW,17:00,3h 15m,13,M T W F S,,81 km,25 km/hr,74954
14027,Jind - Firozpur Cantt Express (UnReserved),Exp,NR,,,JIND,7:40,FZR,12:40,5h 0m,13,S M T W T F S,,258 km,52 km/hr,14028
20410,Bathinda - Delhi Cantt. SF Express,SF,NWR,,,BTI,15:55,DEC,20:45,4h 50m,7,S M T W T F S,SL 3A 2A 1A,299 km,62 km/hr,20409
14028,Firozpur Cantt - Jind Express (UnReserved),Exp,NR,,,FZR,15:00,JIND,20:10,5h 10m,13,S M T W T F S,,258 km,50 km/hr,14027
14814,Bhopal - Jodhpur Express,Exp,NWR,,,BPL,16:40,JU,18:20,25h 40m,72,S M T W T F S,SL 3A 2A 3E,992 km,39 km/hr,14813
17661,Kacheguda - Nagarsol Express,Exp,SCR,,,KCG,4:50,NSL,21:05,16h 15m,79,S M T W T F S,2S 3A,602 km,37 km/hr,17662
22464,Bikaner - Delhi Sarai Rohilla Rajasthan Sampark Kranti Express,SKr,NWR,,,BKN,18:10,DEE,5:50,11h 40m,9,T S,SL 3A 2A,682 km,58 km/hr,22463
53214,Gaya - Patna Passenger (UnReserved),Pass,ECR,,,GAYA,13:45,PNBE,17:00,3h 15m,29,S M T W T F S,,92 km,28 km/hr,53213
22586,Gandhinagar Capital - Banaras SF Express (PT),SF,NER,,,GNC,23:15,BNRS,23:30,24h 15m,12,T,SL 3A 2A 1A 3E,1496 km,62 km/hr,22585
15129,Gorakhpur Cantt - Varanasi City InterCity Express (UnReserved),Exp,NER,,,GKC,10:30,BCY,16:00,5h 30m,15,S M T W T F S,,224 km,41 km/hr,15130
15075,Shaktinagar - Tanakpur Triveni Express,Exp,NER,,,SKTN,15:45,TPU,15:35,23h 50m,41,S M W F,SL 2A 3E,861 km,36 km/hr,15076
14603,Narpatganj - Amritsar Jansadharan Express (UnReserved),Exp,NR,,,NPV,13:15,ASR,2:20,37h 5m,37,F,,1663 km,45 km/hr,14604
58502,Kirandul - Visakhapatnam Passenger,Pass,SCoR,,,KRDL,6:00,VSKP,21:00,15h 0m,47,S M T W T F S,2S SL EV,471 km,31 km/hr,58501
50104,Ratnagiri - Diva Passenger (UnReserved),Pass,KR,,,RN,5:50,DIVA,13:25,7h 35m,27,S M T W T F S,,304 km,40 km/hr,50103
50103,Diva - Ratnagiri Passenger (UnReserved),Pass,KR,,,DIVA,17:50,RN,2:00,8h 10m,27,S M T W T F S,,304 km,37 km/hr,50104
15130,Varanasi City - Gorakhpur Cantt InterCity Express (UnReserved),Exp,NER,,,BCY,11:50,GKC,17:00,5h 10m,15,S M T W T F S,,224 km,43 km/hr,15129
55121,Samastipur - Siwan Passenger (UnReserved),Pass,NER,,,SPJ,15:55,SV,23:45,7h 50m,38,S M T W T F S,,227 km,29 km/hr,55122
74954,Phagwara - Jaijon Doaba Passenger (UnReserved),Pass,NR,,,PGW,10:20,JJJ,13:20,3h 0m,13,M T W F S,,81 km,27 km/hr,74951
55122,Siwan - Samastipur Passenger (UnReserved),Pass,NER,,,SV,4:00,SPJ,12:30,8h 30m,38,S M T W T F S,,227 km,27 km/hr,55121
56310,Thiruvananthapuram North (Kochuveli) - Nagercoil Passenger (UnReserved),Pass,SCoR,,,TVCN,13:25,NCJ,16:25,3h 0m,14,S M T W T F S,,78 km,26 km/hr,56305
17057,Devagiri Express (PT),Exp,SCoR,,,CSMT,21:30,LPI,16:20,18h 50m,28,S M T W T F S,SL 3A 2A 1A 3E,901 km,48 km/hr,17058
10106,Sindhudurg Express,Exp,KR,,,SWV,8:40,DIVA,20:10,11h 30m,34,S M T W T F S,2S 3E,464 km,40 km/hr,10105
10105,Sindhudurg Express,Exp,KR,,,DIVA,6:25,SWV,18:45,12h 20m,34,S M T W T F S,2S 3E,464 km,38 km/hr,10106
53213,Patna - Gaya Passenger (UnReserved),Pass,ECR,,,PNBE,16:30,GAYA,20:00,3h 30m,29,S M T W T F S,,92 km,26 km/hr,53214
20407,Ranchi - New Delhi Rajdhani Express (Via Japla),Raj,NR,,,RNC,18:25,NDLS,11:10,16h 45m,6,T,3A 2A 1A,1251 km,75 km/hr,20408
20408,New Delhi - Ranchi Rajdhani Express (Via Japla),Raj,NR,,,NDLS,16:10,RNC,8:25,16h 15m,6,W,3A 2A 1A,1251 km,77 km/hr,20407
22585,Banaras - Gandhinagar Capital SF Express,SF,NER,,,BNRS,15:10,GNC,15:20,24h 10m,12,W,SL 3A 2A 1A 3E,1496 km,62 km/hr,22586
58210,Bilaspur - Gevra Road Passenger (UnReserved),Pass,SECR,,,BSP,7:35,GAD,10:15,2h 40m,13,S M T W T F S,,98 km,37 km/hr,
16861,Puducherry - Kanniyakumari Express,Exp,SR,,,PDY,13:10,CAPE,3:15,14h 5m,20,S,SL 3A 2A,700 km,50 km/hr,16862
21125,Ratlam - Bhind Express (PT),Exp,NCR,,,RTM,17:25,BIX,9:50,16h 25m,21,T F S,SL 3A 2A 1A 3E,762 km,46 km/hr,21126
12483,Thiruvananthapuram North (Kochuveli) - Amritsar SF Express (PT),SF,NR,,,TVCN,4:50,ASR,13:50,57h 0m,26,W,SL 3A 2A 1A,3294 km,58 km/hr,12484
12484,Amritsar - Thiruvananthapuram North (Kochuveli) Weekly SF Express,SF,NR,,,ASR,5:55,TVCN,14:30,56h 35m,26,S,SL 3A 2A 1A,3294 km,58 km/hr,12483
12878,New Delhi - Ranchi Garib Rath Express,GR,SER,,,NDLS,16:10,RNC,11:30,19h 20m,15,S T T,3A,1341 km,69 km/hr,12877
14604,Amritsar - Narpatganj Jansadharan Express (UnReserved),Exp,NR,,,ASR,13:25,NPV,23:25,34h 0m,37,W,,1663 km,49 km/hr,14603
12877,Ranchi - New Delhi Garib Rath Express (PT),GR,SER,,,RNC,16:25,NDLS,11:10,18h 45m,15,M T F,3A,1341 km,72 km/hr,12878
55042,Gorakhpur Cantt.- Siwan Passenger (via Deoria Sadar) (UnReserved),Pass,NER,,,GKC,18:50,SV,21:55,3h 5m,15,S M T W T F S,,115 km,37 km/hr,55041
11045,Deekshabhoomi SF Express (PT),SF,CR,,,KOP,4:35,DHN,8:45,52h 10m,39,F,SL 3A 2A,2504 km,48 km/hr,11046
22536,Banaras - Rameswaram Weekly SF Express,SF,NER,,,BNRS,20:00,RMM,22:30,50h 30m,34,S,SL 3A 2A 1A 3E,2789 km,55 km/hr,22535
12212,Anand Vihar Terminal - Muzaffarpur Garib Rath Express,GR,NR,,,ANVT,20:55,MFP,18:15,21h 20m,13,W,3A,1058 km,50 km/hr,12211
12211,Muzaffarpur - Anand Vihar Terminal Garib Rath Express,GR,NR,,,MFP,15:15,ANVT,12:25,21h 10m,13,F,3A,1058 km,50 km/hr,12212
12852,MGR Chennai Central - Bilaspur Weekly SF Express (PT),SF,SECR,,,MAS,15:40,BSP,14:30,22h 50m,14,M,SL 3A 2A 1A 3E,1414 km,62 km/hr,12851
12479,Suryanagari SF Express (PT),SF,NWR,,,JU,19:40,BDTS,11:45,16h 5m,15,S M T W T F S,SL 3A 2A 1A 3E,939 km,58 km/hr,12480
12814,Steel Express (PT),SF,SER,,,TATA,6:05,HWH,10:35,4h 30m,7,S M T W T F S,2S CC Ex 3E,249 km,55 km/hr,12813
22308,Bikaner - Howrah SF Express (PT),SF,ER,,,BKN,22:30,HWH,4:55,30h 25m,30,S W S,SL 3A 2A 1A,1883 km,62 km/hr,22307
22535,Rameswaram - Banaras Weekly SF Express (PT),SF,NER,,,RMM,23:55,BNRS,1:10,49h 15m,33,W,SL 3A 2A 1A 3E,2789 km,57 km/hr,22536
20926,Amravati - Surat SF Express,SF,WR,,,AMI,9:05,ST,19:15,10h 10m,19,M F S,2S SL CC,563 km,55 km/hr,20925
20925,Surat - Amravati SF Express,SF,WR,,,ST,12:20,AMI,22:25,10h 5m,19,S T F,2S SL CC,563 km,56 km/hr,20926
15016,Lalkuan - Amritsar Express (via Rudrapur City),Exp,NER,,,LKU,13:40,ASR,2:20,12h 40m,7,T,SL 2A 1A 3E,617 km,49 km/hr,15015
11265,Madan Mahal - Ambikapur Intercity Express,Exp,WCR,,,MML,12:25,ABKP,23:00,10h 35m,13,S M T W T F S,2S SL CC 3A,432 km,41 km/hr,11266
20409,Delhi Cantt. - Bathinda SF Express,SF,NWR,,,DEC,7:40,BTI,12:30,4h 50m,7,S M T W T F S,SL 3A 2A 1A,299 km,62 km/hr,20410
19307,Indore - Una Himachal Express,Exp,WR,,,INDB,5:30,UHL,8:35,27h 5m,26,T F,SL 3A 2A 1A 3E,1319 km,49 km/hr,19308
12258,Thiruvananthapuram North (Kochuveli) - Yesvantpur Garib Rath Express (PT),GR,SWR,,,TVCN,17:00,YPR,9:45,16h 45m,17,M W F,3A,801 km,48 km/hr,12257
12880,Bhubaneswar - Mumbai LTT SF Express (PT),SF,ECoR,,,BBS,7:20,LTT,13:00,29h 40m,19,M T,SL 3A 2A 1A,1780 km,60 km/hr,12879
13331,Dhanbad - Patna InterCity Express,Exp,ECR,,,DHN,8:05,PNBE,17:30,9h 25m,23,S M T W T F S,SL 3A 2A,369 km,39 km/hr,13332
13332,Patna - Dhanbad InterCity Express,Exp,ECR,,,PNBE,8:30,DHN,17:05,8h 35m,23,S M T W T F S,SL 3A 2A,369 km,43 km/hr,13331
12257,Yesvantpur - Thiruvananthapuram North (Kochuveli) Garib Rath Express,GR,SWR,,,YPR,20:45,TVCN,13:20,16h 35m,17,S T T,3A,801 km,48 km/hr,12258
12879,Mumbai LTT - Bhubaneswar SF Express (PT),SF,ECoR,,,LTT,0:15,BBS,7:00,30h 45m,19,W S,SL 3A 2A 1A,1782 km,58 km/hr,12880
18523,Visakhapatnam - Banaras Express (PT),Exp,SCoR,,,VSKP,4:15,BNRS,9:25,29h 10m,43,S W,SL 3A 2A 1A 3E,1405 km,48 km/hr,18524
22659,Thiruvananthapuram North (Kochuveli) - Yog Nagari Rishikesh SF Express (PT),SF,SR,,,TVCN,4:50,YNRK,13:40,56h 50m,27,F,SL 3A 2A 3E,3112 km,55 km/hr,22660
18503,Visakhapatnam - Sainagar Shirdi Weekly Express (PT),Exp,SCoR,,,VSKP,8:20,SNSI,10:45,26h 25m,22,T,SL 3A 2A,1394 km,53 km/hr,18504
15667,Gandhidham - Kamakhya Express (PT),Exp,NFR,,,GIMB,14:05,KYQ,5:20,63h 15m,34,S,SL 3A 2A 1A,3123 km,49 km/hr,15668
22660,Yog Nagari Rishikesh - Thiruvananthapuram North (Kochuveli) SF Express,SF,SR,,,YNRK,6:15,TVCN,14:30,56h 15m,28,M,SL 3A 2A 3E,3112 km,55 km/hr,22659
12390,MGR Chennai Central - Gaya Weekly SF Express (PT),SF,ECR,,,MAS,9:15,GAYA,22:50,37h 35m,19,T,SL 3A 2A 1A 3E,2075 km,55 km/hr,12389
15620,Kamakhya - Gaya Express (PT),Exp,NFR,,,KYQ,7:00,GAYA,6:10,23h 10m,21,M,SL 3A 2A 1A,1070 km,46 km/hr,15619
15668,Kamakhya - Gandhidham Express (PT),Exp,NFR,,,KYQ,11:00,GIMB,21:20,58h 20m,34,W,SL 3A 2A 1A,3123 km,54 km/hr,15667
12389,Gaya - MGR Chennai Central Weekly SF Express (PT),SF,ECR,,,GAYA,5:30,MAS,16:20,34h 50m,18,S,SL 3A 2A 1A 3E,2075 km,60 km/hr,12390
18755,Shahdol - Ambikapur Express,Exp,SECR,,,SDL,14:30,ABKP,20:15,5h 45m,11,S M T W T F S,SL,214 km,37 km/hr,18756
20810,Nagawali SF Express (PT),SF,ECoR,,,NED,16:30,SBP,18:45,26h 15m,21,M T S,SL 3A 2A 1A,1467 km,56 km/hr,20809
20809,Nagawali SF Express (PT),SF,ECoR,,,SBP,10:50,NED,13:40,26h 50m,21,S M F,SL 3A 2A 1A,1467 km,55 km/hr,20810
22358,Gaya - Mumbai LTT SF Express (PT),SF,ECR,,,GAYA,19:05,LTT,5:50,34h 45m,21,W,SL 3A 2A 1A 3E,1990 km,57 km/hr,22357
20473,Chetak Express,SF,NWR,,,DEE,19:40,UDZ,7:48,12h 8m,23,S M T W T F S,SL 3A 2A 1A,674 km,56 km/hr,20474
20474,Chetak Express (PT),SF,NWR,,,UDZ,17:00,DEE,5:05,12h 5m,23,S M T W T F S,SL 3A 2A 1A,674 km,56 km/hr,20473
12479,Suryanagari SF Express (PT),SF,NWR,,,JU,19:40,BDTS,11:45,16h 5m,15,S M T W T F S,SL 3A 2A 1A 3E,939 km,58 km/hr,12480
12814,Steel Express (PT),SF,SER,,,TATA,6:05,HWH,10:35,4h 30m,7,S M T W T F S,2S CC Ex 3E,249 km,55 km/hr,12813
22357,Mumbai LTT - Gaya SF Express,SF,ECR,,,LTT,13:15,GAYA,22:00,32h 45m,21,F,SL 3A 2A 1A 3E,1990 km,61 km/hr,22358
15619,Gaya - Kamakhya Express (PT),Exp,NFR,,,GAYA,12:35,KYQ,12:00,23h 25m,21,T,SL 3A 2A 1A,1070 km,46 km/hr,15620
19435,Ahmedabad - Asansol Weekly Express (PT),Exp,WR,,,ADI,0:35,ASN,20:45,44h 10m,28,T,SL 3A 2A 3E,2326 km,53 km/hr,19436
13419,Bhagalpur - Muzaffarpur Jansewa Express,Exp,ER,,,BGP,14:05,MFP,20:45,6h 40m,17,S M T W T F S,SL 3A,240 km,36 km/hr,13420
12361,Asansol - Mumbai CSMT SF Express (PT),SF,ER,,,ASN,19:35,CSMT,6:00,34h 25m,19,S,SL 3A 2A,2040 km,59 km/hr,12362
12362,Mumbai CSMT - Asansol SF Express (PT),SF,ER,,,CSMT,11:05,ASN,20:45,33h 40m,19,W,SL 3A 2A,2040 km,61 km/hr,12361
11801,Gwalior - Prayagraj Express,Exp,NCR,,,GWL,5:00,PRYJ,18:30,13h 30m,44,S M T W T F S,SL 3A,488 km,36 km/hr,11802
22675,Cholan SF Express (PT),SF,SR,,,MS,8:00,TPJ,15:15,7h 15m,18,S M T W T F S,2S SL 3A 2A 1A,401 km,55 km/hr,22676
16862,Kanniyakumari - Puducherry Express,Exp,SR,,,CAPE,14:30,PDY,4:25,13h 55m,19,M,SL 3A 2A,700 km,50 km/hr,16861
18504,Sainagar Shirdi - Visakhapatnam Weekly Express (PT),Exp,SCoR,,,SNSI,19:35,VSKP,21:50,26h 15m,22,F,SL 3A 2A,1396 km,53 km/hr,18503
17317,SSS Hubballi - Dadar Central Express,Exp,SWR,,,UBL,16:30,DR,7:00,14h 30m,19,S M T W T F S,SL 3A 2A,736 km,51 km/hr,17318
18524,Banaras - Visakhapatnam Express (PT),Exp,SCoR,,,BNRS,14:50,VSKP,19:45,28h 55m,43,M T,SL 3A 2A 1A 3E,1405 km,49 km/hr,18523
20493,Madurai - Chandigarh SF Express (PT),SF,NR,,,MDU,23:40,CDG,3:30,51h 50m,29,S W,SL 3A 2A 3E,3074 km,59 km/hr,20494
22307,Howrah - Bikaner SF Express (PT),SF,ER,,,HWH,6:45,BKN,6:15,47h 30m,30,M T F,SL 3A 2A 1A,1882 km,40 km/hr,22308
16788,Shri Mata Vaishno Devi Katra - Tirunelveli Express (PT),Exp,SR,,,SVDK,22:30,TEN,18:45,68h 15m,61,T,SL 3A 2A 3E,3633 km,53 km/hr,16787
18190,Ernakulam Jn. - Tatanagar Express (PT),Exp,SER,,,ERS,7:15,TATA,5:00,45h 45m,50,S M T W T F S,SL 3A 2A 3E,2296 km,50 km/hr,18189
12995,Bandra Terminus - Ajmer SF Express (PT),SF,NWR,,,BDTS,17:05,AII,10:05,17h 0m,17,S W F,SL 3A 2A 3E,1017 km,60 km/hr,12996
12813,Steel Express (PT),SF,SER,,,HWH,17:10,TATA,21:25,4h 15m,6,S M T W T F S,2S CC Ex 3E,249 km,58 km/hr,12814
18410,Sri Jagannath Express (PT),Exp,ECoR,,,PURI,22:40,SHM,8:30,9h 50m,15,S M T W T F S,SL 3A 2A 1A,497 km,51 km/hr,18409
12857,Tamralipta Express (PT),SF,SER,,,HWH,6:45,DGHA,10:05,3h 20m,6,S M T W T F S,2S SL CC 3A 3E,185 km,56 km/hr,12858
12858,Tamralipta Express (PT),SF,SER,,,DGHA,10:35,HWH,13:55,3h 20m,6,S M T W T F S,2S SL CC 3A 3E,185 km,56 km/hr,12857
22897,Kandari Express,SF,SER,,,HWH,15:00,DGHA,18:20,3h 20m,6,S M T W T F S,2S SL CC 3A 3E,185 km,56 km/hr,22898
22898,Kandari Express,SF,SER,,,DGHA,19:20,HWH,22:40,3h 20m,6,S M T W T F S,2S SL CC 3A 3E,185 km,56 km/hr,22897
12813,Steel Express (PT),SF,SER,,,HWH,17:10,TATA,21:25,4h 15m,6,S M T W T F S,2S CC Ex 3E,249 km,58 km/hr,12814
22473,Bikaner - Bandra Terminus SF Express (via Jodhpur),SF,NWR,,,BKN,15:30,BDTS,12:00,20h 30m,21,M,SL 3A 2A 3E,1214 km,59 km/hr,22474
18756,Ambikapur - Shahdol Express,Exp,SECR,,,ABKP,9:00,SDL,13:30,4h 30m,11,S M T W T F S,SL,214 km,48 km/hr,18755
15081,Gorakhpur - Gomti Nagar InterCity Express,Exp,NER,,,GKP,12:35,GTNR,20:45,8h 10m,16,S M T W T F S,2S CC,331 km,40 km/hr,15082
15132,Varanasi City - Gorakhpur Express,Exp,NER,,,BCY,22:20,GKP,4:25,6h 5m,13,S M T W T F S,SL 3A 2A 3E,228 km,37 km/hr,15131
15106,Nautanwa - Chhapra InterCity Express (UnReserved),Exp,NER,,,NTV,15:10,CPR,21:40,6h 30m,20,M T W T F S,,262 km,40 km/hr,15105
15080,Gorakhpur - Patliputra InterCity Express,Exp,NER,,,GKP,3:30,PPTA,12:55,9h 25m,29,S M T W T F S,2S CC,300 km,32 km/hr,15079
15103,Gorakhpur - Banaras InterCity Express,Exp,NER,,,GKP,16:15,BNRS,22:00,5h 45m,15,S M T W T F S,2S CC,234 km,41 km/hr,15104
18247,Bilaspur - Rewa Express,Exp,SECR,,,BSP,19:20,REWA,6:05,10h 45m,26,S M T W T F S,SL 3A,467 km,43 km/hr,18248
55041,Siwan - Gorakhpur Cantt. Passenger (via Deoria Sadar) (UnReserved),Pass,NER,,,SV,5:40,GKC,9:25,3h 45m,15,S M T W T F S,,115 km,31 km/hr,55042
15105,Chhapra - Nautanwa InterCity Express (UnReserved),Exp,NER,,,CPR,6:00,NTV,12:25,6h 25m,14,M T W T F S,,262 km,41 km/hr,15106
14012,Anand Vihar Terminal - Radhikapur Express,Exp,NR,,,ANVT,23:45,RDP,7:10,31h 25m,27,S,SL 3A 2A 1A,1421 km,45 km/hr,14011
14011,Radhikapur - Anand Vihar Terminal Express (PT),Exp,NR,,,RDP,11:00,ANVT,18:50,31h 50m,27,T,SL 3A 2A 1A,1421 km,45 km/hr,14012
57606,Vikarabad - Kacheguda Passenger (UnReserved),Pass,SCR,,,VKB,10:55,KCG,13:45,2h 50m,10,S M T W T F S,,79 km,28 km/hr,57605
16515,Yesvantpur - Karwar Express,Exp,SWR,,,YPR,7:00,KAWR,23:10,16h 10m,23,M W F,2S SL CC 3E EV,611 km,38 km/hr,16516
22981,Kota - Shri Ganganagar SF Express,SF,WCR,,,KOTA,17:40,SGNR,10:10,16h 30m,25,M T F S,SL 3A 2A 1A 3E,917 km,56 km/hr,22982
15724,Siliguri Town - Jogbani Intercity Express,Exp,NFR,,,SGUT,19:00,JBN,2:45,7h 45m,12,M T T F S,2S CC,314 km,41 km/hr,15723
18627,Howrah - Ranchi Intercity Express (Via Adra),Exp,SER,,,HWH,12:50,RNC,22:55,10h 5m,12,S M T,2S CC 3A 3E,480 km,48 km/hr,18628
12218,Kerala Sampark Kranti Express,SKr,NR,,,CDG,9:30,TVCN,14:30,53h 0m,24,W F,SL 3A 2A 1A 3E,3090 km,58 km/hr,12217
12198,Gwalior - Bhopal InterCity Express,SF,NCR,,,GWL,6:20,BPL,14:35,8h 15m,13,S M T W T F S,SL 3A,484 km,59 km/hr,12197
12197,Bhopal - Gwalior Intercity Express,SF,NCR,,,BPL,15:10,GWL,23:55,8h 45m,13,S M T W T F S,SL 3A,484 km,55 km/hr,12198
12269,M.G.R Chennai Central - Hazrat Nizamuddin Duronto Express,Drnt,SR,,,MAS,6:35,NZM,10:40,28h 5m,6,M F,2S SL 3A 2A 1A,2175 km,77 km/hr,12270
12270,Hazrat Nizamuddin - MGR Chennai Central Duronto Express,Drnt,SR,,,NZM,15:55,MAS,20:50,28h 55m,6,T S,2S SL 3A 2A 1A,2175 km,75 km/hr,12269
22891,Howrah - Ranchi Intercity SF Express (via Tatanagar),SF,SER,,,HWH,12:50,RNC,21:14,8h 24m,11,W T S,2S CC 3A 3E,458 km,55 km/hr,22892
12259,Sealdah - Bikaner AC Duronto Express,Drnt,ER,,,SDAH,17:00,BKN,18:35,25h 35m,10,S M W T,3A 2A 1A,1920 km,75 km/hr,12260
12260,Bikaner - Sealdah AC Duronto Express,Drnt,ER,,,BKN,12:10,SDAH,13:30,25h 20m,10,M T T F,3A 2A 1A,1920 km,76 km/hr,12259
18628,Ranchi - Howrah Intercity Express (Via Adra),Exp,SER,,,RNC,5:20,HWH,15:50,10h 30m,12,S M T,2S CC 3A 3E,480 km,46 km/hr,18627
22892,Ranchi - Howrah Intercity SF Express (via Tatanagar),SF,SER,,,RNC,6:55,HWH,15:15,8h 20m,11,W T S,2S CC 3A 3E,458 km,55 km/hr,22891
12262,Howrah - Mumbai CSMT AC Duronto Express,Drnt,SER,,,HWH,5:35,CSMT,8:15,26h 40m,8,M T W F,3A 2A 1A,1964 km,74 km/hr,12261
12263,Pune - Hazrat Nizamuddin AC Duronto Express,Drnt,NR,,,PUNE,11:10,NZM,7:00,19h 50m,5,T F,3A 2A 1A,1515 km,76 km/hr,12264
12261,Mumbai CSMT - Howrah AC Duronto Express,Drnt,SER,,,CSMT,17:15,HWH,20:40,27h 25m,9,S T W T,3A 2A 1A,1964 km,72 km/hr,12262
12264,Hazrat Nizamuddin - Pune AC Duronto Express,Drnt,NR,,,NZM,6:16,PUNE,2:10,19h 54m,5,M T,3A 2A 1A,1515 km,76 km/hr,12263
12216,Bandra Terminus - Delhi Sarai Rohilla Garib Rath Express (PT),GR,NR,,,BDTS,12:00,DEE,11:00,23h 0m,22,S T W F,3A,1436 km,62 km/hr,12215
12215,Delhi Sarai Rohilla - Bandra Terminus Garib Rath Express (PT),GR,NR,,,DEE,8:55,BDTS,7:35,22h 40m,22,M T T S,3A,1436 km,63 km/hr,12216
18410,Sri Jagannath Express (PT),Exp,ECoR,,,PURI,22:40,SHM,8:30,9h 50m,15,S M T W T F S,SL 3A 2A 1A,497 km,51 km/hr,18409
12377,Padatik Express (PT),SF,ER,,,SDAH,23:20,NOQ,12:25,13h 5m,12,S M T W T F S,SL 3A 2A 1A,719 km,55 km/hr,12378
12378,Padatik Express (PT),SF,ER,,,NOQ,17:40,SDAH,6:45,13h 5m,12,S M T W T F S,SL 3A 2A 1A,719 km,55 km/hr,12377
15722,Paharia Express (PT),Exp,NFR,,,NJP,19:50,DGHA,11:55,16h 5m,20,F,SL 3A 2A 1A 3E,779 km,48 km/hr,15721
15272,Muzaffarpur - Howrah Jan Sadharan Express (UnReserved),Exp,ECR,,,MFP,14:40,HWH,3:05,12h 25m,10,T,,551 km,44 km/hr,15271
15721,Paharia Express (PT),Exp,NFR,,,DGHA,17:05,NJP,9:30,16h 25m,20,S,SL 3A 2A 1A 3E,779 km,47 km/hr,15722
12791,Secunderabad - Danapur SF Express (PT),SF,SCR,,,SC,9:25,DNR,18:15,32h 50m,27,S M T W T F S,SL 3A 2A,1829 km,56 km/hr,12792
17307,Basava Express,Exp,SWR,,,MYS,13:25,BGK,10:55,21h 30m,37,S M T W T F S,SL CC 3A 2A,1018 km,47 km/hr,17308
17308,Basava Express,Exp,SWR,,,BGK,14:50,MYS,11:15,20h 25m,37,S M T W T F S,SL 3A 2A,1018 km,50 km/hr,17307
12792,Danapur - Secunderabad SF Express (PT),SF,SCR,,,DNR,12:15,SC,21:30,33h 15m,28,S M T W T F S,SL 3A 2A,1829 km,55 km/hr,12791
18045,East Coast Express (PT),Exp,SER,,,SHM,11:15,CHZ,17:20,30h 5m,54,S M T W T F S,SL 3A 2A 3E,1565 km,52 km/hr,18046
18409,Sri Jagannath Express (PT),Exp,ECoR,,,SHM,18:55,PURI,4:35,9h 40m,15,S M T W T F S,SL 3A 2A 1A,497 km,51 km/hr,18410
12170,Solapur - Pune Intercity SF Express,SF,CR,,,SUR,14:00,PUNE,18:05,4h 5m,3,S M T W T F S,2S CC,262 km,64 km/hr,12169
12289,Mumbai CSMT - Nagpur Duronto Express,Drnt,CR,,,CSMT,20:35,NGP,8:25,11h 50m,5,S M T W T F S,SL 3A 2A 1A,835 km,71 km/hr,12290
12169,Pune - Solapur Intercity SF Express,SF,CR,,,PUNE,9:25,SUR,13:15,3h 50m,3,S M T W T F S,2S CC,262 km,68 km/hr,12170
22905,Okha - Shalimar Weekly SF Express,SF,WR,,,OKHA,8:40,SHM,4:35,43h 55m,31,S,SL 3A 2A 1A,2581 km,59 km/hr,22906
12778,Thiruvananthapuram North (Kochuveli) - SSS Hubballi Weekly SF Express (PT),SF,SWR,,,TVCN,12:50,UBL,12:15,23h 25m,21,T,SL 3A 2A 3E,1290 km,55 km/hr,12777
12777,SSS Hubballi - Thiruvananthapuram North (Kochuveli) Weekly SF Express,SF,SWR,,,UBL,7:05,TVCN,6:35,23h 30m,22,W,SL 3A 2A 3E,1290 km,55 km/hr,12778
22966,Bhagat Ki Kothi - Bandra Terminus SF Express,SF,WR,,,BGKT,19:30,BDTS,11:20,15h 50m,9,S,SL 3A 2A 1A 3E,935 km,59 km/hr,22965
16535,Gol Gumbaz Express,Exp,SWR,,,MYS,15:45,PVR,12:25,20h 40m,31,S M T W T F S,SL 3A 2A 1A,1098 km,53 km/hr,16536
22965,Bandra Terminus - Bhagat Ki Kothi SF Express (PT),SF,WR,,,BDTS,23:55,BGKT,15:25,15h 30m,9,F,SL 3A 2A 1A 3E,935 km,60 km/hr,22966
16536,Gol Gumbaz Express (PT),Exp,SWR,,,PVR,13:00,MYS,10:45,21h 45m,31,S M T W T F S,SL 3A 2A 1A,1098 km,50 km/hr,16535
15903,Dibrugarh - Chandigarh Express (PT),Exp,NFR,,,DBRG,9:00,CDG,13:15,52h 15m,34,M F,SL 3A 2A,2639 km,51 km/hr,15904
15904,Chandigarh - Dibrugarh Express (PT),Exp,NFR,,,CDG,23:35,DBRG,5:20,53h 45m,34,S W,SL 3A 2A,2639 km,49 km/hr,15903
12379,Sealdah - Amritsar Jallianwala Bagh Express (PT),SF,ER,,,SDAH,13:10,ASR,15:50,26h 40m,15,F,SL 3A 2A 1A 3E,1898 km,71 km/hr,12380
22621,Rameswaram - Kanniyakumari SF Express,SF,SR,,,RMM,20:50,CAPE,4:05,7h 15m,7,M W S,SL 3A,407 km,56 km/hr,22622
22620,Tirunelveli - Bilaspur SF Express (PT),SF,SR,,,TEN,1:25,BSP,21:35,44h 10m,30,S,SL 3A 2A 3E,2491 km,56 km/hr,22619
22622,Kanniyakumari - Rameswaram SF Express (PT),SF,SR,,,CAPE,23:00,RMM,6:15,7h 15m,8,S T T,SL 3A,407 km,56 km/hr,22621
12267,Mumbai Central - Hapa Duronto Express,Drnt,WR,,,MMCT,22:50,HAPA,10:10,11h 20m,3,S M T W T F S,2S 3A 2A 1A 3E,815 km,72 km/hr,12268
12268,Hapa - Mumbai Central Duronto Express,Drnt,WR,,,HAPA,20:05,MMCT,8:05,12h 0m,3,S M T W T F S,2S 3A 2A 1A 3E,815 km,68 km/hr,12267
22619,Bilaspur - Tirunelveli SF Express (PT),SF,SR,,,BSP,8:15,TEN,3:15,43h 0m,30,T,SL 3A 2A 3E,2491 km,58 km/hr,22620
12167,Mumbai LTT - Banaras SF Express (PT),SF,CR,,,LTT,22:45,BNRS,1:55,27h 10m,13,S M T W T F S,SL 3A 2A 1A,1494 km,55 km/hr,12168
12168,Banaras - Mumbai LTT SF Express (PT),SF,CR,,,BNRS,10:10,LTT,12:45,26h 35m,13,S M T W T F S,SL 3A 2A 1A,1494 km,56 km/hr,12167
22502,New Tinsukia - SMVT Bengaluru SF Express (PT),SF,NFR,,,NTSK,17:30,SMVB,9:45,64h 15m,38,F,SL 3A 2A 1A,3543 km,55 km/hr,22501
13037,Kumbh Express (PT),Exp,ER,,,HWH,13:00,DDN,18:10,29h 10m,23,S M W T S,SL 3A 2A 1A 3E,1589 km,54 km/hr,13038
12496,Pratap SF Express (PT),SF,NWR,,,KOAA,22:45,BKN,5:30,30h 45m,19,F,SL 3A 2A 3E,1887 km,61 km/hr,12495
12495,Pratap SF Express,SF,NWR,,,BKN,6:00,KOAA,13:05,31h 5m,19,T,SL 3A 2A 3E,1887 km,61 km/hr,12496
13038,Kumbh Express,Exp,ER,,,DDN,21:45,HWH,3:15,29h 30m,23,S M T T F,SL 3A 2A 1A 3E,1589 km,54 km/hr,13037
12380,Amritsar - Sealdah Jallianwala Bagh Express,SF,ER,,,ASR,13:25,SDAH,16:35,27h 10m,15,S,SL 3A 2A 1A,1898 km,70 km/hr,12379
12246,SMVT Bengaluru - Howrah Duronto Express,Drnt,SER,,,SMVB,11:15,HWH,17:05,29h 50m,5,S M T T F,2S SL 3A 2A 1A,1937 km,65 km/hr,12245
12245,Howrah - SMVT Bengaluru Duronto Express,Drnt,SER,,,HWH,10:40,SMVB,15:45,29h 5m,5,S T W F S,2S SL 3A 2A 1A,1937 km,67 km/hr,12246
22501,SMVT Bengaluru - New Tinsukia SF Express (PT),SF,NFR,,,SMVB,3:30,NTSK,16:25,60h 55m,40,T,SL 3A 2A 1A,3543 km,58 km/hr,22502
12365,Patna - Ranchi Jan Shatabdi Express,JShtb,ECR,,,PNBE,6:10,RNC,13:55,7h 45m,11,S M T W T F S,2S CC,410 km,53 km/hr,12366
12366,Ranchi - Patna Jan Shatabdi Express,JShtb,ECR,,,RNC,14:25,PNBE,22:30,8h 5m,11,S M T W T F S,2S CC,407 km,50 km/hr,12365
12247,Bandra Terminus - Hazrat Nizamuddin Yuva Express (PT),ACSF,WR,,,BDTS,17:30,NZM,10:15,16h 45m,5,F,CC 3E,1367 km,82 km/hr,12248
12248,Hazrat Nizamuddin - Bandra Terminus Yuva Express (PT),ACSF,WR,,,NZM,16:30,BDTS,9:15,16h 45m,5,S,CC 3E,1367 km,82 km/hr,12247
15662,Kamakhya - Ranchi Express (PT),Exp,NFR,,,KYQ,12:00,RNC,14:35,26h 35m,25,T,SL 3A 2A,1192 km,45 km/hr,15661
13319,Dumka - Ranchi Intercity Express,Exp,ECR,,,DUMK,3:30,RNC,12:55,9h 25m,21,S M T W T F S,2S CC,395 km,42 km/hr,13320
18207,Durg - Ajmer Weekly Express,Exp,SECR,,,DURG,16:00,AII,17:25,25h 25m,22,M,SL 3A 2A 1A 3E,1393 km,55 km/hr,18208
12196,Ajmer - Agra Fort Intercity SF Express,SF,NCR,,,AII,14:55,AF,21:40,6h 45m,13,S M T W T F S,2S CC 3A 2A,375 km,56 km/hr,12195
12195,Agra Fort - Ajmer Intercity SF Express,SF,NCR,,,AF,6:00,AII,12:45,6h 45m,13,S M T W T F S,2S CC 3A 2A,375 km,56 km/hr,12196
12237,Begampura Express,SF,NR,,,BSB,12:40,JAT,10:50,22h 10m,15,S M T W T F S,SL 3A 2A 1A,1260 km,57 km/hr,12238
12193,Yesvantpur - Jabalpur SF Express,SF,WCR,,,YPR,15:45,JBP,23:10,31h 25m,17,S,SL 3A 2A 1A 3E,1736 km,55 km/hr,12194
12238,Begampura Express,SF,NR,,,JAT,13:45,BSB,12:30,22h 45m,15,S M T W T F S,SL 3A 2A 1A,1260 km,55 km/hr,12237
12033,Kanpur Central - New Delhi Shatabdi Express,Shtb,NCR,,,CNB,6:00,NDLS,11:20,5h 20m,3,M T W T F S,CC Ex,440 km,83 km/hr,12034
12034,New Delhi - Kanpur Central Shatabdi Express,Shtb,NCR,,,NDLS,15:40,CNB,20:50,5h 10m,3,M T W T F S,CC Ex,440 km,85 km/hr,12033
12179,Lucknow Jn. - Agra Fort InterCity SF Express,SF,NCR,,,LJN,15:55,AF,21:49,5h 54m,12,S M T W T F S,2S CC 3A,326 km,55 km/hr,12180
12180,Agra Fort - Lucknow Jn. InterCity SF Express,SF,NCR,,,AF,6:31,LJN,12:25,5h 54m,12,S M T W T F S,2S CC 3A,326 km,55 km/hr,12179
12194,Jabalpur - Yesvantpur SF Express,SF,WCR,,,JBP,6:50,YPR,13:15,30h 25m,17,S,SL 3A 2A 1A 3E,1735 km,57 km/hr,12193
19566,Uttaranchal Express,Exp,WR,,,DDN,5:55,OKHA,12:40,30h 45m,33,S,SL 3A 2A 3E,1672 km,54 km/hr,19565
18045,East Coast Express (PT),Exp,SER,,,SHM,11:15,CHZ,17:20,30h 5m,54,S M T W T F S,SL 3A 2A 3E,1565 km,52 km/hr,18046
18409,Sri Jagannath Express (PT),Exp,ECoR,,,SHM,18:55,PURI,4:35,9h 40m,15,S M T W T F S,SL 3A 2A 1A,497 km,51 km/hr,18410
12276,New Delhi - Prayagraj Humsafar Express,Hms,NCR,,,NDLS,22:30,PRYJ,6:20,7h 50m,1,M W F S,SL 3A,632 km,81 km/hr,12275
20104,Gorakhpur - Mumbai LTT SF Express (via Kanpur) (PT),SF,CR,,,GKP,22:30,LTT,4:35,30h 5m,15,S M T W T F S,SL 3A 2A,1680 km,56 km/hr,20103
20103,Mumbai LTT - Gorakhpur SF Express (via Kanpur) (PT),SF,CR,,,LTT,5:23,GKP,11:45,30h 22m,16,S M T W T F S,SL 3A 2A,1680 km,55 km/hr,20104
15109,Chhapra - Mathura Express,Exp,NER,,,CPR,5:20,MTJ,21:35,16h 15m,22,M W F,SL 3A 2A 1A 3E,878 km,54 km/hr,15110
15110,Mathura - Chhapra Express (PT),Exp,NER,,,MTJ,23:50,CPR,17:05,17h 15m,22,M W F,SL 3A 2A 1A 3E,878 km,51 km/hr,15109
22839,Rourkela - Bhubaneswar Intercity SF Express (PT),SF,SER,,,ROU,5:00,BBS,12:35,7h 35m,14,S M T W T F S,2S CC 3A,419 km,55 km/hr,22840
22840,Bhubaneswar - Rourkela Intercity SF Express,SF,SER,,,BBS,13:40,ROU,21:15,7h 35m,14,S M T W T F S,2S CC 3A,419 km,55 km/hr,22839
12283,Ernakulam Junction. - Hazrat Nizamuddin Duronto Express,Drnt,NR,,,ERS,23:25,NZM,17:20,41h 55m,10,T,2S SL 3A 2A 1A,2639 km,63 km/hr,12284
12284,Hazrat Nizamuddin - Ernakulam Jn. Duronto Express,Drnt,NR,,,NZM,21:40,ERS,18:15,44h 35m,10,S,2S SL 3A 2A 1A,2639 km,59 km/hr,12283
12285,Secunderabad - Hazrat Nizamuddin Duronto Express,Drnt,SCR,,,SC,12:50,NZM,10:40,21h 50m,4,S T,2S SL 3A 2A 1A,1660 km,76 km/hr,12286
12286,Hazrat Nizamuddin - Secunderabad Duronto Express,Drnt,SCR,,,NZM,15:55,SC,14:35,22h 40m,4,M F,2S SL 3A 2A 1A,1660 km,73 km/hr,12285
12938,Garba SF Express (PT),SF,WR,,,HWH,23:00,GIMB,14:15,39h 15m,18,M,SL 3A 2A,2514 km,64 km/hr,12937
12277,Howrah - Puri Shatabdi Express,Shtb,ECoR,,,HWH,14:15,PURI,22:10,7h 55m,6,S M T W T F S,CC Ex,500 km,63 km/hr,12278
12278,Puri - Howrah Shatabdi Express,Shtb,ECoR,,,PURI,5:45,HWH,13:40,7h 55m,6,S M T W T F S,CC Ex,500 km,63 km/hr,12277
12937,Garba SF Express (PT),SF,WR,,,GIMB,18:25,HWH,12:55,42h 30m,19,S,SL 3A 2A,2514 km,59 km/hr,12938
20504,New Delhi - Dibrugarh Rajdhani Express (via Moranhat),Raj,NFR,,,NDLS,11:25,DBRG,5:00,41h 35m,24,M T W F S,3A 2A 1A,2471 km,59 km/hr,20503
20503,Dibrugarh - New Delhi Rajdhani Express (via Moranhat),Raj,NFR,,,DBRG,19:40,NDLS,13:38,41h 58m,24,S T W T S,3A 2A 1A,2471 km,59 km/hr,20504
14004,New Delhi - Malda Town Express,Exp,NR,,,NDLS,18:00,MLDT,23:35,29h 35m,22,S T,SL 3A 2A 1A,1424 km,48 km/hr,14003
14003,Malda Town - New Delhi Express (PT),Exp,NR,,,MLDT,9:30,NDLS,14:30,29h 0m,22,T S,SL 3A 2A 1A,1424 km,49 km/hr,14004
15644,Kamakhya - Puri Express (via Howrah) (PT),Exp,NFR,,,KYQ,22:40,PURI,7:45,33h 5m,27,T,SL 3A 2A,1520 km,46 km/hr,15643
15643,Puri - Kamakhya Express (via Howrah) (PT),Exp,NFR,,,PURI,22:10,KYQ,5:20,31h 10m,27,S,SL 3A 2A,1520 km,49 km/hr,15644
15725,New Jalpaiguri - Anand Vihar Terminal Express (PT),Exp,NFR,,,NJP,8:30,ANVT,12:00,27h 30m,16,T S,SL 3A 2A 1A 3E,1488 km,54 km/hr,15726
15726,Anand Vihar Terminal - New Jalpaiguri Express,Exp,NFR,,,ANVT,15:20,NJP,18:45,27h 25m,16,S W,SL 3A 2A 1A 3E,1488 km,54 km/hr,15725
12281,Bhubaneswar - New Delhi Duronto Express,Drnt,ECoR,,,BBS,7:35,NDLS,6:40,23h 5m,5,W,2S SL 3A 2A 1A,1730 km,75 km/hr,12282
12273,Howrah - New Delhi Duronto Express,Drnt,ER,,,HWH,8:45,NDLS,6:40,21h 55m,5,M F,2S SL 3A 2A 1A 3E,1531 km,70 km/hr,12274
12282,New Delhi - Bhubaneswar Duronto Express,Drnt,ECoR,,,NDLS,12:35,BBS,11:40,23h 5m,4,T,2S SL 3A 2A 1A,1730 km,75 km/hr,12281
12274,New Delhi - Howrah Duronto Express,Drnt,ER,,,NDLS,12:35,HWH,10:35,22h 0m,5,T S,2S SL 3A 2A 1A 3E,1531 km,70 km/hr,12273
12265,Delhi Sarai Rohilla - Jammu Tawi Duronto Express,Drnt,NR,,,DEE,22:30,JAT,7:10,8h 40m,1,S T F,2S SL 3A 2A 1A,576 km,66 km/hr,12266
12266,Jammu Tawi - Delhi Sarai Rohilla Duronto Express,Drnt,NR,,,JAT,19:15,DEE,3:55,8h 40m,1,M W S,2S SL 3A 2A 1A,576 km,66 km/hr,12265
22623,Mahal SF Express (PT),SF,SR,,,TBM,22:30,MDU,7:55,9h 25m,8,S F,SL 3A 2A,533 km,57 km/hr,22624
22624,Mahal SF Express (PT),SF,SR,,,MDU,20:40,TBM,6:15,9h 35m,8,T S,SL 3A 2A,533 km,56 km/hr,22623
20404,Lalgarh - Prayagraj SF Express (Via Loharu),SF,NCR,,,LGH,4:50,PRYJ,4:50,24h 0m,33,M T S,SL 3A 2A 1A 3E,1322 km,55 km/hr,20403
15269,Muzaffarpur - Sabarmati Jan Sadharan Express (UnReserved),Exp,ECR,,,MFP,21:20,SBIB,7:25,34h 5m,24,T,,1751 km,51 km/hr,15270
22542,Anand Vihar Terminal - Banaras Garib Rath Express,GR,NER,,,ANVT,18:15,BNRS,8:10,13h 55m,7,M F,3A,781 km,56 km/hr,22541
22541,Banaras - Anand Vihar Terminal Garib Rath Express,GR,NER,,,BNRS,19:20,ANVT,9:30,14h 10m,7,S T,3A,781 km,55 km/hr,22542
12217,Kerala Sampark Kranti Express (PT),SKr,NR,,,TVCN,4:50,CDG,9:50,53h 0m,24,M S,SL 3A 2A 1A 3E,3090 km,58 km/hr,12218
11046,Deekshabhoomi SF Express (PT),SF,CR,,,DHN,10:20,KOP,12:20,50h 0m,38,M,SL 3A 2A,2504 km,50 km/hr,11045
22906,Shalimar - Okha Weekly SF Express (PT),SF,WR,,,SHM,20:15,OKHA,16:00,43h 45m,30,T,SL 3A 2A 1A,2581 km,59 km/hr,22905
16729,Madurai - Punalur Express (PT),Exp,SR,,,MDU,23:15,PUU,9:55,10h 40m,35,S M T W T F S,SL 3A,409 km,38 km/hr,16730
12539,Yesvantpur - Lucknow SF Express (via Perambur),SF,SWR,,,YPR,13:30,LKO,10:55,45h 25m,17,W,SL 3A 2A,2591 km,57 km/hr,12540
12940,Jaipur - Pune SF Express (PT),SF,NWR,,,JP,12:25,PUNE,8:05,19h 40m,12,T S,SL 3A 2A 1A 3E,1296 km,66 km/hr,12939
12939,Pune - Jaipur SF Express (PT),SF,NWR,,,PUNE,17:30,JP,14:40,21h 10m,12,S W,SL 3A 2A 1A 3E,1296 km,61 km/hr,12940
12540,Lucknow - Yesvantpur SF Express (via Perambur),SF,SWR,,,LKO,20:25,YPR,15:45,43h 20m,16,F,SL 3A 2A,2591 km,60 km/hr,12539
22193,Daund - Gwalior Weekly SF Express (PT),SF,NCR,,,DD,23:10,GWL,0:55,25h 45m,22,S,SL 3A 2A 3E,1445 km,56 km/hr,22194
22194,Gwalior - Daund Weekly SF Express (PT),SF,NCR,,,GWL,17:15,DD,19:10,25h 55m,22,S,SL 3A 2A 3E,1445 km,56 km/hr,22193
18045,East Coast Express (PT),Exp,SER,,,SHM,11:15,CHZ,17:20,30h 5m,54,S M T W T F S,SL 3A 2A 3E,1565 km,52 km/hr,18046
12549,Durg - MCTM Udhampur SF Express (via Delhi Safdarjung) (PT),SF,SECR,,,DURG,12:15,MCTM,20:05,31h 50m,18,T,SL 3A 2A 1A 3E,1919 km,60 km/hr,12550
12550,MCTM Udhampur - Durg SF Express (via Delhi Safdarjung),SF,SECR,,,MCTM,3:15,DURG,11:05,31h 50m,18,T,SL 3A 2A 1A 3E,1919 km,60 km/hr,12549
18409,Sri Jagannath Express (PT),Exp,ECoR,,,SHM,18:55,PURI,4:35,9h 40m,15,S M T W T F S,SL 3A 2A 1A,497 km,51 km/hr,18410
15012,Chandigarh - Lucknow Jn. Express,Exp,NER,,,CDG,17:15,LJN,9:10,15h 55m,18,S M T W T F S,SL 3A 2A 3E,702 km,44 km/hr,15011
15012,Chandigarh - Lucknow Jn. Express,Exp,NER,,,CDG,17:15,LJN,9:10,15h 55m,18,S M T W T F S,SL 3A 2A 3E,702 km,44 km/hr,15011
12222,Howrah - Pune AC Duronto Express,Drnt,SER,,,HWH,5:35,PUNE,9:45,28h 10m,7,T S,3A 2A 1A,2014 km,72 km/hr,12221
12221,Pune - Howrah AC Duronto Express,Drnt,SER,,,PUNE,15:15,HWH,20:40,29h 25m,7,M S,3A 2A 1A,2013 km,68 km/hr,12222
12325,Gurumukhi SF Express (PT),SF,ER,,,KOAA,7:40,AADR,17:10,33h 30m,18,T,SL 3A 2A 3E,1848 km,55 km/hr,12326
12326,Gurumukhi SF Express,SF,ER,,,AADR,6:10,KOAA,14:50,32h 40m,18,S,SL 3A 2A 3E,1848 km,57 km/hr,12325
12489,Shri Ganganagar - Dadar Western SF Express (PT),SF,NWR,,,SGNR,9:45,DDR,12:50,27h 5m,26,T S,SL 3A 2A 3E,1545 km,57 km/hr,12490
15271,Howrah - Muzaffarpur Jan Sadharan Express (UnReserved),Exp,ECR,,,HWH,11:15,MFP,23:15,12h 0m,10,W,,551 km,46 km/hr,15272
12490,Dadar Western - Shri Ganganagar SF Express (PT),SF,NWR,,,DDR,15:00,SGNR,17:55,26h 55m,26,S W,SL 3A 2A 3E,1545 km,57 km/hr,12489
22483,Bhagat Ki Kothi - Gandhidham SF Express,SF,NWR,,,BGKT,23:00,GIMB,8:50,9h 50m,13,S M T W T F S,SL 3A 2A 3E,555 km,56 km/hr,22484
22484,Gandhidham - Bhagat Ki Kothi SF Express,SF,NWR,,,GIMB,21:30,BGKT,7:15,9h 45m,13,S M T W T F S,SL 3A 2A 3E,555 km,57 km/hr,22483
12223,Mumbai LTT - Ernakulam Jn. Duronto Express,Drnt,CR,,,LTT,20:50,ERS,19:40,22h 50m,5,T S,2S SL 3A 2A 1A,1292 km,57 km/hr,12224
12224,Ernakulam Jn. - Mumbai LTT Duronto Express,Drnt,CR,,,ERS,21:30,LTT,21:55,24h 25m,5,S W,2S SL CC 3A 2A 1A,1292 km,53 km/hr,12223
12244,Coimbatore - MGR Chennai Central Shatabdi Express,Shtb,SR,,,CBE,15:05,MAS,21:50,6h 45m,5,S M W T F S,CC Ex,495 km,73 km/hr,12243
12243,MGR Chennai Central - Coimbatore Shatabdi Express,Shtb,SR,,,MAS,7:15,CBE,14:15,7h 0m,5,S M W T F S,CC Ex,495 km,71 km/hr,12244
55519,Samastipur - Jaynagar Passenger (UnReserved),Pass,ECR,,,SPJ,5:50,JYG,9:55,4h 5m,19,S M T W T F S,,105 km,26 km/hr,55520
55520,Jaynagar - Samastipur Passenger (UnReserved),Pass,ECR,,,JYG,16:30,SPJ,20:50,4h 20m,19,S M T W T F S,,105 km,24 km/hr,55519
15501,Raxaul - Jogbani Express,Exp,ECR,,,RXL,12:40,JBN,22:30,9h 50m,14,M T,SL 3A,313 km,32 km/hr,15502
15502,Jogbani - Raxaul Express,Exp,ECR,,,JBN,23:45,RXL,11:20,11h 35m,14,M T,SL 3A,313 km,27 km/hr,15501
05131,Gorakhpur - Bahraich Special (UnReserved),Exp,NER,,,GKP,5:25,BRK,12:55,7h 30m,27,S M T W T F S,,282 km,38 km/hr,5132
22511,Mumbai LTT - Kamakhya Karmabhoomi Express (PT),SF,NFR,,,LTT,13:15,KYQ,15:35,50h 20m,29,T,SL 3A 2A 1A,2952 km,59 km/hr,22512
22512,Kamakhya - Mumbai LTT Karmabhoomi Express (PT),SF,NFR,,,KYQ,18:00,LTT,21:30,51h 30m,29,S,SL 3A 2A 1A,2952 km,57 km/hr,22511
12545,Raxaul - Mumbai LTT Karmabhumi Express (UnReserved),SF,ECR,,,RXL,16:55,LTT,5:30,36h 35m,18,T,,2038 km,56 km/hr,12546
12546,Mumbai LTT - Raxaul Karmabhumi Express (UnReserved),SF,ECR,,,LTT,16:35,RXL,7:50,39h 15m,18,S,,2038 km,52 km/hr,12545
12134,Mangaluru Junction - Mumbai CSMT SF Express (PT),SF,CR,,,MAJN,16:35,CSMT,10:32,17h 57m,14,S M T W T F S,SL 3A 2A,893 km,50 km/hr,12133
13288,South Bihar Express (PT),Exp,ECR,,,ARA,18:45,DURG,20:40,25h 55m,55,S M T W T F S,SL 3A 2A 1A 3E,1161 km,45 km/hr,13287
13287,South Bihar Express (PT),Exp,ECR,,,DURG,6:50,ARA,9:30,26h 40m,54,S M T W T F S,SL 3A 2A 1A 3E,1161 km,44 km/hr,13288
15079,Patliputra - Gorakhpur InterCity Express,Exp,NER,,,PPTA,15:15,GKP,23:55,8h 40m,29,S M T W T F S,2S CC,300 km,35 km/hr,15080
15660,Agartala - Mumbai LTT AC Express (PT),ACExp,NFR,,,AGTL,7:00,LTT,16:15,57h 15m,36,T,3A 2A 1A,3127 km,55 km/hr,15659
15659,Mumbai LTT - Agartala AC Express (PT),ACExp,NFR,,,LTT,7:50,AGTL,18:45,58h 55m,36,S,3A 2A 1A,3127 km,53 km/hr,15660
82501,Lucknow Jn. - New Delhi IRCTC Tejas Express,Tjs,NER,,,LJN,6:10,NDLS,12:40,6h 30m,3,S M W T F S,CC Ex,512 km,79 km/hr,82502
22889,Samudra Kanya Express,SF,ECoR,,,DGHA,17:05,PURI,2:55,9h 50m,11,S,SL 3A 2A,547 km,56 km/hr,22890
15021,Shalimar - Gorakhpur Express (PT),Exp,NER,,,SHM,19:50,GKP,19:50,24h 0m,21,T,SL 3A 2A 1A,1132 km,47 km/hr,15022
15233,Maithili Express,Exp,ECR,,,KOAA,10:45,DBG,23:35,12h 50m,9,M T,SL 3A 2A 1A 3E,540 km,42 km/hr,15234
82502,New Delhi - Lucknow Jn. IRCTC Tejas Express,Tjs,NER,,,NDLS,15:30,LJN,22:05,6h 35m,3,S M W T F S,CC Ex,512 km,78 km/hr,82501
22890,Samudra Kanya Express,SF,ECoR,,,PURI,21:05,DGHA,6:45,9h 40m,11,S,SL 3A 2A,547 km,57 km/hr,22889
22618,SMVT Bengaluru - Tirupati Intercity SF Express,SF,SR,,,SMVB,7:40,TPTY,13:25,5h 45m,7,M W S,2S CC,325 km,57 km/hr,22617
22617,Tirupati - SMVT Bengaluru Intercity SF Express,SF,SR,,,TPTY,14:55,SMVB,20:55,6h 0m,7,S T F,2S CC,325 km,54 km/hr,22618
15022,Gorakhpur - Shalimar Express,Exp,NER,,,GKP,11:00,SHM,10:05,23h 5m,21,M,SL 3A 2A 1A,1132 km,49 km/hr,15021
15234,Maithili Express (PT),Exp,ECR,,,DBG,15:30,KOAA,3:30,12h 0m,9,S W,SL 3A 2A 1A 3E,540 km,45 km/hr,15233
19714,Kurnool City - Jaipur Express (PT),Exp,NWR,,,KRNT,16:20,JP,6:45,38h 25m,34,M,SL 3A 2A 1A 3E,1977 km,51 km/hr,19713
19713,Jaipur - Kurnool City Express (PT),Exp,NWR,,,JP,22:35,KRNT,11:10,36h 35m,35,S,SL 3A 2A 1A 3E,1977 km,54 km/hr,19714
17019,Hisar - Hyderabad Weekly Express (PT),Exp,SCR,,,HSR,7:15,HYB,7:30,48h 15m,43,T,SL 3A 2A 1A,2357 km,49 km/hr,17020
16542,Pandharpur - Yesvantpur Weekly Express,Exp,SWR,,,PVR,13:35,YPR,5:25,15h 50m,13,F,SL 3A 2A 1A,880 km,56 km/hr,16541
20494,Chandigarh - Madurai SF Express,SF,NR,,,CDG,8:05,MDU,13:40,53h 35m,29,M F,SL 3A 2A 3E,3075 km,57 km/hr,20493
13226,Ara - Jaynagar InterCity Express,Exp,ECR,,,ARA,5:30,JYG,15:00,9h 30m,21,S M T W T F S,CC 3E,277 km,29 km/hr,13225
13225,Jaynagar - Ara InterCity Express,Exp,ECR,,,JYG,10:50,ARA,21:20,10h 30m,21,S M T W T F S,CC 3E,277 km,26 km/hr,13226
12577,Bagmati Express (PT),SF,ECR,,,DBG,15:30,MYS,20:00,52h 30m,36,T,SL 3A 2A 1A 3E,3036 km,58 km/hr,12578
12578,Bagmati Express (PT),SF,ECR,,,MYS,10:30,DBG,16:10,53h 40m,35,F,SL 3A 2A 1A 3E,3036 km,57 km/hr,12577
15270,Sabarmati - Muzaffarpur Jan Sadharan Express (UnReserved),Exp,ECR,,,SBIB,17:55,MFP,3:50,33h 55m,24,S,,1751 km,52 km/hr,15269
15636,Guwahati - Okha Dwarka Express (PT),Exp,NFR,,,GHY,10:45,OKHA,23:05,60h 20m,42,M,SL 3A 2A,3226 km,53 km/hr,15635
16541,Yesvantpur - Pandharpur Weekly Express,Exp,SWR,,,YPR,18:15,PVR,11:35,17h 20m,13,T,SL 3A 2A 1A,880 km,51 km/hr,16542
15270,Sabarmati - Muzaffarpur Jan Sadharan Express (UnReserved),Exp,ECR,,,SBIB,17:55,MFP,3:50,33h 55m,24,S,,1751 km,52 km/hr,15269
15636,Guwahati - Okha Dwarka Express (PT),Exp,NFR,,,GHY,10:45,OKHA,23:05,60h 20m,42,M,SL 3A 2A,3226 km,53 km/hr,15635
12912,Haridwar - Valsad SF Express,SF,WR,,,HW,17:20,BL,14:20,21h 0m,14,W,SL 3A 2A,1435 km,68 km/hr,12911
12911,Valsad - Haridwar SF Express (PT),SF,WR,,,BL,15:05,HW,14:30,23h 25m,15,T,SL 3A 2A,1435 km,61 km/hr,12912
12455,Delhi Sarai Rohilla - Bikaner SF Express (via Shri Ganganagar),SF,NR,,,DEE,22:45,BKN,13:20,14h 35m,20,S M T W T F S,SL 3A 2A 1A,802 km,55 km/hr,12456
12456,Bikaner - Delhi Sarai Rohilla SF Express (via Sri Ganganagar),SF,NR,,,BKN,16:45,DEE,7:20,14h 35m,20,S M T W T F S,SL 3A 2A 1A,802 km,55 km/hr,12455
12228,Indore - Mumbai Central Duronto Express,Drnt,WR,,,INDB,21:00,MMCT,8:20,11h 20m,3,S F,2S 3A 2A 1A 3E,830 km,73 km/hr,12227
12227,Mumbai Central - Indore Duronto Express,Drnt,WR,,,MMCT,23:10,INDB,10:20,11h 10m,3,T S,2S 3A 2A 1A 3E,830 km,74 km/hr,12228
15082,Gomti Nagar - Gorakhpur InterCity Express,Exp,NER,,,GTNR,6:10,GKP,14:10,8h 0m,16,S M T W T F S,2S CC,331 km,41 km/hr,15081
13053,Kulik Express (PT),Exp,ER,,,HWH,8:55,RDP,19:00,10h 5m,19,S M T W T F S,2S CC 3E EV,487 km,48 km/hr,13054
13054,Kulik Express,Exp,ER,,,RDP,5:30,HWH,15:20,9h 50m,19,S M T W T F S,2S CC 3E EV,487 km,50 km/hr,13053
56210,Mysuru - Chamarajanagar Passenger (UnReserved),Pass,SWR,,,MYS,8:00,CMNR,10:10,2h 10m,12,S M T W T F S,,60 km,28 km/hr,56207
28182,Katihar - Tatanagar Express (PT),Exp,SER,,,KIR,15:00,TATA,7:00,16h 0m,28,M T F,SL 3A 2A 3E,591 km,37 km/hr,28181
22584,Mumbai LTT - Chhapra Antyodaya SF Express,Ant,NER,,,LTT,16:35,CPR,5:25,36h 50m,22,T,,2033 km,55 km/hr,22583
56207,Chamarajanagar- Mysuru Passenger (UnReserved),Pass,SWR,,,CMNR,10:40,MYS,12:30,1h 50m,12,S M T W T F S,,60 km,33 km/hr,56210
22737,Secunderabad - Hisar SF Express (PT),SF,SCR,,,SC,23:35,HSR,18:45,43h 10m,35,T W,SL 3A 2A,2418 km,56 km/hr,22738
16206,Mysuru - Talguppa Intercity Express,Exp,SWR,,,MYS,6:00,TLGP,13:25,7h 25m,13,S M T W T F S,2S CC,373 km,50 km/hr,16205
16205,Talaguppa - Mysuru Intercity Express,Exp,SWR,,,TLGP,14:50,MYS,22:30,7h 40m,13,S M T W T F S,2S CC,373 km,49 km/hr,16206
22583,Chhapra - Mumbai LTT Antyodaya SF Express,Ant,NER,,,CPR,17:35,LTT,5:50,36h 15m,23,T,,2033 km,56 km/hr,22584
12082,Thiruvananthapuram Central - Kannur Jan Shatabdi Express,JShtb,SR,,,TVC,14:50,CAN,0:50,10h 0m,15,S M W T F,2S CC,500 km,50 km/hr,12081
12081,Kannur - Thiruvananthapuram Central Jan Shatabdi Express (PT),JShtb,SR,,,CAN,4:50,TVC,14:10,9h 20m,15,M T T F S,2S CC,500 km,54 km/hr,12082
18106,Jaynagar - Rourkela Express,Exp,SER,,,JYG,19:30,ROU,15:00,19h 30m,14,S W F,SL 3A 2A,774 km,40 km/hr,18105
18105,Rourkela - Jaynagar Express (PT),Exp,SER,,,ROU,16:35,JYG,11:35,19h 0m,14,T T S,SL 3A 2A,774 km,41 km/hr,18106
14213,Varanasi - Bahraich Intercity Express,Exp,NR,,,BSB,14:00,BRK,21:50,7h 50m,13,S M T W T F S,CC 3A,315 km,40 km/hr,14214
22615,Tirupati - Coimbatore Intercity SF Express (PT),SF,SR,,,TPTY,14:55,CBE,22:50,7h 55m,9,M W T S,2S CC,470 km,59 km/hr,22616
22616,Coimbatore - Tirupati Intercity SF Express (PT),SF,SR,,,CBE,6:10,TPTY,13:25,7h 15m,8,S T T F,2S CC,470 km,65 km/hr,22615
14214,Bahraich - Varanasi Intercity Express,Exp,NR,,,BRK,5:10,BSB,13:35,8h 25m,13,S M T W T F S,CC 3A,315 km,37 km/hr,14213
12732,Secunderabad - Tirupati SF Express (PT),SF,SCoR,,,SC,16:15,TPTY,6:25,14h 10m,14,W S,SL 3A 2A 1A 3E,800 km,56 km/hr,12731
12731,Tirupati - Secunderabad SF Express (PT),SF,SCoR,,,TPTY,17:00,SC,7:24,14h 24m,15,S T,SL 3A 2A 1A 3E,800 km,56 km/hr,12732
12745,Secunderabad - Manuguru SF Express,SF,SCR,,,SC,23:45,MUGR,5:52,6h 7m,9,S M T W T F S,SL 3A 2A,330 km,54 km/hr,12746
12746,Manuguru - Secunderabad SF Express,SF,SCR,,,MUGR,21:45,SC,3:52,6h 7m,9,S M T W T F S,SL 3A 2A,330 km,54 km/hr,12745
11905,Agra Cantt - Hoshiarpur Express,Exp,NCR,,,AGC,19:10,HSX,9:15,14h 5m,12,S M T W T F S,SL 3A 2A 3E,651 km,46 km/hr,11906
11906,Hoshiarpur - Agra Cantt Express,Exp,NCR,,,HSX,22:30,AGC,11:00,12h 30m,12,S M T W T F S,SL 3A 2A 3E,651 km,52 km/hr,11905
22103,Mumbai LTT - Ayodhya Cantt. SF Express (PT),SF,CR,,,LTT,13:35,AYC,17:30,27h 55m,15,M,SL 3A 2A,1594 km,57 km/hr,22104
22187,Rani Kamalapati - Adhartal Intercity SF Express,SF,WCR,,,RKMP,5:15,ADTL,11:00,5h 45m,10,S M T W T F S,2S CC 3A,338 km,59 km/hr,22188
22188,Adhartal - Rani Kamalapati Intercity SF Express,SF,WCR,,,ADTL,16:15,RKMP,22:23,6h 8m,10,S M T W T F S,2S CC 3A,338 km,55 km/hr,22187
22104,Ayodhya Cantt. - Mumbai LTT SF Express,SF,CR,,,AYC,23:10,LTT,3:45,28h 35m,15,T,SL 3A 2A,1594 km,56 km/hr,22103
18208,Ajmer - Durg Weekly Express,Exp,SECR,,,AII,19:20,DURG,22:10,26h 50m,22,T,SL 3A 2A 1A 3E,1393 km,52 km/hr,18207
12172,Haridwar - Mumbai LTT AC SF Express,ACSF,CR,,,HW,17:20,LTT,21:30,28h 10m,11,T F,3A 2A 1A,1769 km,63 km/hr,12171
12171,Mumbai LTT - Haridwar AC SF Express (PT),ACSF,CR,,,LTT,7:55,HW,12:35,28h 40m,11,M T,3A 2A 1A,1769 km,62 km/hr,12172
12507,New Jalpaiguri - Amritsar Karmabhoomi Express (UnReserved),SF,NFR,,,NJP,8:30,ASR,17:35,33h 5m,18,W,,1826 km,55 km/hr,12508
12508,Amritsar - New Jalpaiguri Karmabhoomi Express (UnReserved),SF,NFR,,,ASR,9:30,NJP,18:35,33h 5m,18,F,,1826 km,55 km/hr,12507
22612,New Jalpaiguri - MGR Chennai Central SF Express (PT),SF,SR,,,NJP,22:05,MAS,14:05,40h 0m,24,F,SL 3A 2A 3E,2281 km,57 km/hr,22611
22611,MGR Chennai Central - New Jalpaiguri SF Express (PT),SF,SR,,,MAS,10:45,NJP,3:30,40h 45m,24,W,SL 3A 2A 3E,2281 km,56 km/hr,22612
12214,Delhi Sarai Rohilla - Yesvantpur AC Duronto Express,Drnt,SWR,,,DEE,22:10,YPR,8:20,34h 10m,7,M,3A 2A 1A,2362 km,69 km/hr,12213
12213,Yesvantpur - Delhi Sarai Rohilla AC Duronto Express,Drnt,SWR,,,YPR,23:40,DEE,7:50,32h 10m,6,S,3A 2A 1A,2362 km,73 km/hr,12214
12547,Agra Cantt. - Gandhigram SF Express (PT),SF,NCR,,,AGC,22:00,GG,12:00,14h 0m,14,M T T F,SL 3A 2A 3E,867 km,62 km/hr,12548
19038,Avadh Express (PT),Exp,WR,,,BJU,7:20,BDTS,4:05,44h 45m,85,S M T W T F S,SL 3A 2A 1A 3E,2255 km,50 km/hr,19037
22958,Somnath SF Express,SF,WR,,,VRL,21:50,GNC,5:50,8h 0m,15,S M T W T F S,SL 3A 2A,443 km,55 km/hr,22957
22958,Somnath SF Express,SF,WR,,,VRL,21:50,GNC,5:50,8h 0m,15,S M T W T F S,SL 3A 2A,443 km,55 km/hr,22957
19108,MCTM Udhampur - Bhavnagar Terminus Janmabhoomi Express,Exp,WR,,,MCTM,21:50,BVC,9:25,35h 35m,27,M,SL 3A 2A,1845 km,52 km/hr,19107
19107,Bhavnagar Terminus - MCTM Udhampur Janmabhoomi Express (PT),Exp,WR,,,BVC,4:25,MCTM,15:00,34h 35m,27,S,SL 3A 2A,1845 km,53 km/hr,19108
22909,Valsad - Puri Weekly SF Express (PT),SF,WR,,,BL,20:15,PURI,9:45,37h 30m,24,T,SL 3A 2A,2065 km,55 km/hr,22910
22910,Puri - Valsad Weekly SF Express (PT),SF,WR,,,PURI,0:30,BL,12:35,36h 5m,24,S,SL 3A 2A,2065 km,57 km/hr,22909
22831,Howrah - Yesvantpur Superfast Express (PT),SF,SER,,,HWH,14:45,YPR,0:55,34h 10m,20,W,SL 3A 2A,1913 km,56 km/hr,22832
12220,Secunderabad - Mumbai LTT AC Duronto Express,Drnt,SCR,,,SC,23:05,LTT,11:15,12h 10m,5,T F,3A 2A 1A,770 km,63 km/hr,12219
22832,Yesvantpur - Howrah Superfast Express (PT),SF,SER,,,YPR,4:30,HWH,14:05,33h 35m,22,F,SL 3A 2A,1913 km,57 km/hr,22831
22957,Somnath SF Express,SF,WR,,,GNC,21:45,VRL,5:45,8h 0m,15,S M T W T F S,SL 3A 2A,443 km,55 km/hr,22958
22894,Howrah - Sainagar Shirdi SF Express (PT),SF,SER,,,HWH,13:55,SNSI,19:10,29h 15m,15,T,SL 3A 2A,1789 km,61 km/hr,22893
22893,Sainagar Shirdi - Howrah SF Express (PT),SF,SER,,,SNSI,14:10,HWH,20:50,30h 40m,15,S,SL 3A 2A,1788 km,58 km/hr,22894
12219,Mumbai LTT - Secunderabad AC Duronto Express,Drnt,SCR,,,LTT,23:05,SC,11:30,12h 25m,5,W S,3A 2A 1A,770 km,62 km/hr,12220
50108,Madgaon - Sawantwadi Road Express,Exp,KR,,,MAO,6:20,SWV,8:35,2h 15m,7,S M T W T F S,3E,76 km,34 km/hr,50107
50107,Sawantwadi Road - Madgaon Express,Exp,KR,,,SWV,18:50,MAO,21:30,2h 40m,7,S M T W T F S,3E,76 km,28 km/hr,50108
22882,Bhubaneswar - Pune Superfast Express (PT),SF,ECoR,,,BBS,21:20,PUNE,3:40,30h 20m,12,T,SL 3A 2A 1A,1704 km,56 km/hr,22881
22881,Pune - Bhubaneswar Superfast Express (PT),SF,ECoR,,,PUNE,11:20,BBS,17:00,29h 40m,12,T,SL 3A 2A 1A,1704 km,57 km/hr,22882
19602,New Jalpaiguri - Udaipur City Weekly Express (PT),Exp,NWR,,,NJP,8:30,UDZ,4:00,43h 30m,29,M,SL 3A 2A 3E,2232 km,51 km/hr,19601
19601,Udaipur City - New Jalpaiguri Weekly Express (PT),Exp,NWR,,,UDZ,0:50,NJP,18:45,41h 55m,29,S,SL 3A 2A 3E,2232 km,53 km/hr,19602
20939,Sabarmati - Sultanpur SF Express (PT),SF,WR,,,SBIB,8:50,SLN,12:00,27h 10m,17,T,SL 3A 2A,1556 km,57 km/hr,20940
12239,Mumbai Central - Hisar Duronto Express,Drnt,WR,,,MMCT,23:10,HSR,20:20,21h 10m,10,S T,2S 3A 2A 1A 3E,1512 km,71 km/hr,12240
12240,Hisar - Mumbai Central Duronto Express,Drnt,WR,,,HSR,10:10,MMCT,8:20,22h 10m,10,T T,2S 3A 2A 1A 3E,1512 km,68 km/hr,12239
20940,Sultanpur - Sabarmati SF Express,SF,WR,,,SLN,18:05,SBIB,21:20,27h 15m,17,W,SL 3A 2A,1556 km,57 km/hr,20939
16780,Rameswaram - Tirupati Express (PT),Exp,SR,,,RMM,16:55,TPTY,10:10,17h 15m,22,S T T F,SL 3A,826 km,48 km/hr,16779
16779,Tirupati - Rameswaram Express (PT),Exp,SR,,,TPTY,11:55,RMM,4:35,16h 40m,22,M W F S,SL 3A,826 km,50 km/hr,16780
22937,Rajkot - Rewa SF Express (PT),SF,WR,,,RJT,13:55,REWA,17:30,27h 35m,22,S,SL 3A 2A 1A 3E,1601 km,58 km/hr,22938
22855,Santragachi - Tirupati Weekly SF Express (PT),SF,SER,,,SRC,14:55,TPTY,16:25,25h 30m,16,S,SL 3A 2A,1610 km,63 km/hr,22856
22856,Tirupati - Santragachi Weekly SF Express (PT),SF,SER,,,TPTY,19:50,SRC,23:45,27h 55m,17,M,SL 3A 2A,1610 km,58 km/hr,22855
22870,MGR Chennai Central - Visakhapatnam Weekly SF Express (PT),SF,SCoR,,,MAS,10:00,VSKP,22:30,12h 30m,11,T,SL 3A 2A,781 km,62 km/hr,22869
22869,Visakhapatnam - MGR Chennai Central Weekly SF Express (PT),SF,SCoR,,,VSKP,19:00,MAS,8:00,13h 0m,11,M,SL 3A 2A,781 km,60 km/hr,22870
15268,Mumbai LTT - Raxaul Antyodaya Express (Via Chhapra),Ant,ECR,,,LTT,16:35,RXL,7:50,39h 15m,23,M,,1915 km,49 km/hr,15267
22405,Bhagalpur - Anand Vihar Terminal Garib Rath Express (PT),GR,NR,,,BGP,13:55,ANVT,9:00,19h 5m,18,T T S,3A,1208 km,63 km/hr,22406
22406,Anand Vihar Terminal - Bhagalpur Garib Rath Express,GR,NR,,,ANVT,17:20,BGP,11:00,17h 40m,18,M W F,3A,1208 km,68 km/hr,22405
11403,Nagpur - SCSMT Kolhapur Express (PT),Exp,CR,,,NGP,15:15,KOP,13:30,22h 15m,22,T S,SL 3A 2A,1038 km,47 km/hr,11404
11404,SCSMT Kolhapur - Nagpur Express,Exp,CR,,,KOP,12:45,NGP,12:00,23h 15m,22,M F,SL 3A 2A,1038 km,45 km/hr,11403
22404,New Delhi - Puducherry SF Express,SF,NR,,,NDLS,23:15,PDY,13:35,38h 20m,13,S,SL 3A 2A 1A,2383 km,62 km/hr,22403
22403,Puducherry - New Delhi SF Express,SF,NR,,,PDY,9:55,NDLS,0:20,38h 25m,13,W,SL 3A 2A 1A,2383 km,62 km/hr,22404
17614,Hazur Sahib Nanded - Panvel Express (PT),Exp,SCR,,,NED,18:20,PNVL,8:35,14h 15m,14,S M T W T F S,SL 3A 2A,675 km,47 km/hr,17613
22601,MGR Chennai Central - Sainagar Shirdi SF Express (PT),SF,SR,,,MAS,10:25,SNSI,10:50,24h 25m,21,W,SL 3A 2A,1388 km,57 km/hr,22602
17005,Hyderabad - Raxaul Express (PT),Exp,SCR,,,HYB,23:10,RXL,17:00,41h 50m,29,T,SL 3A 2A,2070 km,49 km/hr,17006
17613,Panvel - Hazur Sahib Nanded Express,Exp,SCR,,,PNVL,16:00,NED,8:45,16h 45m,15,S M T W T F S,SL 3A 2A,675 km,40 km/hr,17614
22682,MGR Chennai Central - Mysuru Weekly SF Express (PT),SF,SWR,,,MAS,23:30,MYS,7:45,8h 15m,9,T,SL CC 3A 2A 1A,497 km,60 km/hr,22681
22681,Mysuru - MGR Chennai Central Weekly SF Express,SF,SWR,,,MYS,20:15,MAS,4:55,8h 40m,10,W,SL 3A 2A 1A,497 km,57 km/hr,22682
22410,Anand Vihar Terminal - Gaya Garib Rath Express,GR,NR,,,ANVT,20:20,GAYA,9:45,13h 25m,8,S,3A,980 km,73 km/hr,22409
22824,New Delhi - Bhubaneswar Tejas Rajdhani Express (via Tatanagar),Raj,ECoR,,,NDLS,17:00,BBS,17:30,24h 30m,13,T W T S,3A 2A 1A,1802 km,74 km/hr,22823
22823,Bhubaneswar - New Delhi Tejas Rajdhani Express (via Tatanagar),Raj,ECoR,,,BBS,9:30,NDLS,9:55,24h 25m,13,M T T F,3A 2A 1A,1802 km,74 km/hr,22824
22836,Puri - Shalimar Weekly SF Express (PT),SF,ECoR,,,PURI,22:10,SHM,7:10,9h 0m,9,T,SL 3A 2A,497 km,55 km/hr,22835
22409,Gaya - Anand Vihar Terminal Garib Rath Express (PT),GR,NR,,,GAYA,19:35,ANVT,8:50,13h 15m,8,S,3A,980 km,74 km/hr,22410
22853,Shalimar - Visakhapatnam SF Express,SF,SER,,,SHM,18:15,VSKP,8:15,14h 0m,14,T,SL 3A 2A 1A 3E,879 km,63 km/hr,22854
11010,Sinhagad Express,Exp,CR,,,PUNE,6:05,CSMT,9:55,3h 50m,8,S M T W T F S,2S CC,192 km,50 km/hr,11009
11009,Sinhagad Express,Exp,CR,,,CSMT,17:50,PUNE,21:50,4h 0m,9,S M T W T F S,2S CC,192 km,48 km/hr,11010
19712,Bhopal - Khatipura (Jaipur) Express (PT),Exp,NWR,,,BPL,16:30,KWP,10:35,18h 5m,36,S M T W T F S,SL 3A 2A 1A 3E,806 km,45 km/hr,19711
22835,Shalimar - Puri Weekly SF Express,SF,ECoR,,,SHM,20:35,PURI,5:20,8h 45m,9,W,SL 3A 2A,497 km,57 km/hr,22836
20660,KSR Bengaluru - Mysuru Rajya Rani SF Express,SF,SWR,,,SBC,11:30,MYS,14:00,2h 30m,6,S M T W T F S,2S CC,138 km,55 km/hr,20659
20659,Mysuru - KSR Bengaluru Rajya Rani SF Express,SF,SWR,,,MYS,14:50,SBC,17:20,2h 30m,6,S M T W T F S,2S CC,138 km,55 km/hr,20660
22602,Sainagar Shirdi - MGR Chennai Central SF Express,SF,SR,,,SNSI,8:55,MAS,9:25,24h 30m,22,F,SL 3A 2A,1388 km,57 km/hr,22601
17006,Raxaul - Hyderabad Express (PT),Exp,SCR,,,RXL,3:15,HYB,19:40,40h 25m,29,S,SL 3A 2A,2073 km,51 km/hr,17005
22539,Mau - Anand Vihar Terminal SF Express (Via Sultanpur),SF,NER,,,MAU,20:50,ANVT,11:30,14h 40m,6,T F,SL 3A 2A 1A 3E,851 km,58 km/hr,22540
28181,Tatanagar - Katihar Express (PT),Exp,SER,,,TATA,20:45,KIR,14:55,18h 10m,29,S W S,SL 3A 2A 3E,591 km,33 km/hr,28182
12319,Kolkata - Gwalior SF Express (PT),SF,ER,,,KOAA,13:10,GWL,13:10,24h 0m,16,W,SL 3A 2A 1A 3E,1539 km,64 km/hr,12320
12320,Gwalior - Kolkata SF Express,SF,ER,,,GWL,15:15,KOAA,16:40,25h 25m,16,T,SL 3A 2A 1A 3E,1539 km,61 km/hr,12319
19711,Khatipura (Jaipur) - Bhopal Express,Exp,NWR,,,KWP,17:35,BPL,11:20,17h 45m,36,S M T W T F S,SL 3A 2A 1A 3E,806 km,45 km/hr,19712
17662,Nagarsol - Kacheguda Express,Exp,SCR,,,NSL,5:15,KCG,22:45,17h 30m,79,S M T W T F S,2S 3A,602 km,34 km/hr,17661
11010,Sinhagad Express,Exp,CR,,,PUNE,6:05,CSMT,9:55,3h 50m,8,S M T W T F S,2S CC,192 km,50 km/hr,11009
11009,Sinhagad Express,Exp,CR,,,CSMT,17:50,PUNE,21:50,4h 0m,9,S M T W T F S,2S CC,192 km,48 km/hr,11010
15267,Raxaul - Mumbai LTT Antyodaya Express (Via Chhapra),Ant,ECR,,,RXL,15:45,LTT,5:50,38h 5m,24,S,,1915 km,50 km/hr,15268
15635,Okha - Guwahati Dwarka Express (PT),Exp,NFR,,,OKHA,12:15,GHY,6:10,65h 55m,42,F,SL 3A 2A,3226 km,49 km/hr,15636
19301,Dr Ambedkar Nagar - Yesvantpur Weekly Express (PT),Exp,WR,,,DADN,20:00,YPR,11:25,39h 25m,30,S,SL 3A 2A 3E,1932 km,49 km/hr,19302
14661,Shalimar Malani Express,Exp,NR,,,BME,0:05,JAT,5:40,29h 35m,60,S M T W T F S,SL 3A 2A 1A,1467 km,50 km/hr,14662
14542,Amritsar - Chandigarh Express,Exp,NR,,,ASR,5:10,CDG,9:45,4h 35m,5,S M T W T F S,2S CC,248 km,54 km/hr,14541
14541,Chandigarh - Amritsar Express,Exp,NR,,,CDG,16:40,ASR,21:25,4h 45m,5,S M T W T F S,2S CC,248 km,52 km/hr,14542
12710,Simhapuri SF Express (PT),SF,SCR,,,SC,22:05,GDR,8:55,10h 50m,14,S M T W T F S,SL 2A 1A 3E,642 km,59 km/hr,12709
17315,Vasco-Da-Gama - Velankanni Weekly Express,Exp,SWR,,,VSG,8:40,VLNK,12:25,27h 45m,25,M,SL 3A 2A 3E,1264 km,46 km/hr,17316
17316,Velankanni - Vasco-Da-Gama Weekly Express (PT),Exp,SWR,,,VLNK,23:55,VSG,2:50,26h 55m,25,T,SL 3A 2A 3E,1264 km,47 km/hr,17315
20423,Patalkot Express (PT),SF,NR,,,SEY,8:20,FZR,11:25,27h 5m,41,S M T W T F S,SL 3A 2A 3E,1494 km,55 km/hr,20424
20424,Patalkot Express (PT),SF,NR,,,FZR,4:10,SEY,6:20,26h 10m,41,S M T W T F S,SL 3A 2A 3E,1494 km,57 km/hr,20423
17249,Tirupati - Kakinada Town Express (PT),Exp,SCoR,,,TPTY,22:35,CCT,11:40,13h 5m,34,S M T W T F S,SL 3A 2A,599 km,46 km/hr,17250
17250,Kakinada Town - Tirupati Express (PT),Exp,SCoR,,,CCT,15:15,TPTY,5:25,14h 10m,30,S M T W T F S,SL 3A 2A,599 km,42 km/hr,17249
13509,Asansol - Gonda Express,Exp,ER,,,ASN,16:05,GD,13:10,21h 5m,20,T,SL 3A 2A,861 km,41 km/hr,13510
13507,Asansol - Gorakhpur Express,Exp,ER,,,ASN,16:05,GKP,5:45,13h 40m,13,F,SL 3A 2A,643 km,47 km/hr,13508
15235,Howrah - Darbhanga Weekly Express,Exp,ECR,,,HWH,11:15,DBG,23:35,12h 20m,9,S,SL 3A 2A 1A 3E,536 km,43 km/hr,15236
15236,Darbhanga - Howrah Weekly Express (PT),Exp,ECR,,,DBG,15:30,HWH,3:05,11h 35m,9,F,SL 3A 2A 1A 3E,536 km,46 km/hr,15235
13508,Gorakhpur - Asansol Express,Exp,ER,,,GKP,20:50,ASN,11:25,14h 35m,13,S,SL 3A 2A,643 km,44 km/hr,13507
13510,Gonda - Asansol Express,Exp,ER,,,GD,14:55,ASN,11:25,20h 30m,20,W,SL 3A 2A,861 km,42 km/hr,13509
12709,Simhapuri SF Express (PT),SF,SCR,,,GDR,18:35,SC,5:45,11h 10m,14,S M T W T F S,SL 2A 1A 3E,642 km,58 km/hr,12710
13258,Anand Vihar Terminal - Danapur Jan Sadharan Express (UnReserved),Exp,ECR,,,ANVT,13:35,DNR,7:30,17h 55m,8,S M T W T F S,,999 km,56 km/hr,13257
17240,Simhadri Express,Exp,SCoR,,,VSKP,7:10,GNT,15:55,8h 45m,22,S M T W T F S,2S CC 3A,382 km,44 km/hr,17239
17239,Simhadri Express,Exp,SCoR,,,GNT,7:55,VSKP,16:40,8h 45m,22,S M T W T F S,2S CC 3A,382 km,44 km/hr,17240
22815,Bilaspur - Ernakulam Jn. SF Express,SF,SECR,,,BSP,8:15,ERS,20:15,36h 0m,21,M,SL 3A 2A 1A 3E,2142 km,59 km/hr,22816
12594,Bhopal - Lucknow Jn. Garib Rath Express,GR,NER,,,BPL,23:50,LJN,9:45,9h 55m,5,S,3A,584 km,59 km/hr,12593
22471,Lalgarh - Delhi Sarai Rohilla Intercity SF Express,SF,NWR,,,LGH,9:00,DEE,17:20,8h 20m,13,S M T W T F S,SL 3A 2A 1A,461 km,55 km/hr,22472
22472,Delhi Sarai Rohilla - Lalgarh Intercity SF Express,SF,NWR,,,DEE,8:40,LGH,16:40,8h 0m,13,S M T W T F S,SL 3A 2A 1A,461 km,58 km/hr,22471
22816,Ernakulam Jn. - Bilaspur SF Express (PT),SF,SECR,,,ERS,8:40,BSP,21:35,36h 55m,21,W,SL 3A 2A 1A 3E,2142 km,58 km/hr,22815
19259,Thiruvananthapuram North (Kochuveli) - Bhavnagar Terminus Express (PT),Exp,WR,,,TVCN,15:45,BVC,12:25,44h 40m,40,T,SL 3A 2A,2263 km,51 km/hr,19260
12994,Puri - Gandhidham Weekly SF Express (via Bhubaneswar) (PT),SF,WR,,,PURI,19:45,GIMB,11:25,39h 40m,23,M,SL 3A 2A,2286 km,58 km/hr,12993
18118,Gunupur - Rourkela Rajya Rani Express,Exp,SER,,,GNPR,15:45,ROU,8:30,16h 45m,24,S M T W T F S,SL 3A 2A,799 km,48 km/hr,18117
18117,Rourkela - Gunupur Rajya Rani Express (PT),Exp,SER,,,ROU,21:20,GNPR,13:25,16h 5m,24,S M T W T F S,SL 3A 2A,799 km,50 km/hr,18118
15023,Gorakhpur - Yesvantpur Express (via Ayodhya Cantt) (PT),Exp,NER,,,GKP,8:50,YPR,10:30,49h 40m,23,T,SL 3A 2A 1A,2463 km,50 km/hr,15024
19615,Udaipur City - Kamakhya Kavi Guru Express (PT),Exp,NWR,,,UDZ,16:05,KYQ,0:20,56h 15m,43,M,SL 3A 2A 3E,2610 km,46 km/hr,19616
13257,Danapur - Anand Vihar Terminal Jan Sadharan Express (UnReserved),Exp,ECR,,,DNR,15:50,ANVT,10:25,18h 35m,8,S M T W T F S,,999 km,54 km/hr,13258
22883,Puri - Yesvantpur Garib Rath Express,GR,ECoR,,,PURI,15:15,YPR,19:45,28h 30m,23,F,3A,1505 km,53 km/hr,22884
22481,Jodhpur - Delhi Sarai Rohilla SF Express,SF,NWR,,,JU,18:30,DEE,5:20,10h 50m,19,S M T W T F S,SL 3A 2A 1A 3E,619 km,57 km/hr,22482
19260,Bhavnagar Terminus - Thiruvananthapuram North (Kochuveli) Express (PT),Exp,WR,,,BVC,10:15,TVCN,7:10,44h 55m,40,T,SL 3A 2A,2263 km,50 km/hr,19259
19616,Kamakhya - Udaipur City Kavi Guru Express (PT),Exp,NWR,,,KYQ,18:00,UDZ,0:48,54h 48m,43,T,SL 3A 2A 3E,2610 km,48 km/hr,19615
12993,Gandhidham - Puri Weekly SF Express (via Bhubaneswar) (PT),SF,WR,,,GIMB,23:10,PURI,14:40,39h 30m,24,F,SL 3A 2A,2286 km,58 km/hr,12994
12959,Bandra Terminus - Bhuj Weekly SF Express (PT),SF,WR,,,BDTS,16:45,BHUJ,9:50,17h 5m,17,S,SL 3A 2A,976 km,57 km/hr,12960
12960,Bhuj - Bandra Terminus Weekly SF Express (PT),SF,WR,,,BHUJ,18:00,BDTS,11:20,17h 20m,17,M,SL 3A 2A,976 km,56 km/hr,12959
19568,Okha - Tuticorin Vivek Express (PT),Exp,WR,,,OKHA,0:55,TN,1:15,48h 20m,40,F,SL 3A 2A 3E,2715 km,56 km/hr,19567
22846,Hatia - Pune SF Express (PT),SF,SER,,,HTE,20:00,PUNE,2:15,30h 15m,18,M F,SL 3A 2A 1A,1766 km,58 km/hr,22845
15024,Yesvantpur - Gorakhpur Express (Via Ayodhya Cantt) (PT),Exp,NER,,,YPR,23:40,GKP,19:35,43h 55m,23,T,SL 3A 2A 1A,2464 km,56 km/hr,15023
19567,Tuticorin - Okha Vivek Express (PT),Exp,WR,,,TN,23:40,OKHA,3:35,51h 55m,40,S,SL 2A 3E,2715 km,52 km/hr,19568
22845,Pune - Hatia SF Express (PT),SF,SER,,,PUNE,10:45,HTE,17:25,30h 40m,18,S W,SL 3A 2A 1A,1766 km,58 km/hr,22846
13015,Howrah - Jamalpur Kavi Guru Express,Exp,ER,,,HWH,10:55,JMP,21:15,10h 20m,18,S M T W T F S,2S SL CC 3A,453 km,44 km/hr,13016
13016,Jamalpur - Howrah Kavi Guru Express,Exp,ER,,,JMP,6:25,HWH,16:30,10h 5m,18,S M T W T F S,2S SL CC 3A,453 km,45 km/hr,13015
22504,Dibrugarh - Kanniyakumari Vivek SF Express (PT),SF,NFR,,,DBRG,19:00,CAPE,21:45,74h 45m,58,S M T W T F S,SL 3A 2A,4155 km,56 km/hr,22503
22503,Kanniyakumari - Dibrugarh Vivek SF Express (PT),SF,NFR,,,CAPE,17:25,DBRG,21:00,75h 35m,58,S M T W T F S,SL 3A 2A,4154 km,55 km/hr,22504
12766,Amravati - Tirupati SF Express (PT),SF,SCoR,,,AMI,6:45,TPTY,6:25,23h 40m,22,M T,SL 3A 2A,1309 km,55 km/hr,12765
12765,Tirupati - Amravati SF Express (PT),SF,SCoR,,,TPTY,15:45,AMI,15:10,23h 25m,22,T S,SL 3A 2A,1309 km,56 km/hr,12766
22540,Anand Vihar Terminal - Mau SF Express (Via Sultanpur),SF,NER,,,ANVT,16:45,MAU,6:20,13h 35m,6,W S,SL 3A 2A 1A 3E,851 km,63 km/hr,22539
12298,Pune - Ahmedabad Duronto Express,Drnt,CR,,,PUNE,21:00,ADI,6:40,9h 40m,3,M T S,2S 3A 2A 1A,629 km,65 km/hr,12297
12297,Ahmedabad - Pune Duronto Express,Drnt,CR,,,ADI,22:30,PUNE,7:40,9h 10m,3,S T F,2S 3A 2A 1A,629 km,69 km/hr,12298
22149,Ernakulam Jn. - Pune SF Express (PT),SF,CR,,,ERS,2:15,PUNE,5:50,27h 35m,18,T F,SL 3A 2A,1363 km,49 km/hr,22150
22150,Pune - Ernakulam Jn. SF Express (PT),SF,CR,,,PUNE,18:45,ERS,21:55,27h 10m,18,S W,SL 3A 2A,1363 km,50 km/hr,22149
22105,Indrayani SF Express,SF,CR,,,CSMT,5:40,PUNE,9:05,3h 25m,6,S M T W T F S,2S CC,192 km,56 km/hr,22106
22106,Indrayani SF Express,SF,CR,,,PUNE,18:35,CSMT,22:00,3h 25m,6,S M T W T F S,2S CC,192 km,56 km/hr,22105
22201,Sealdah - Puri Duronto Express,Drnt,ER,,,SDAH,20:00,PURI,4:10,8h 10m,2,M W F,2S SL 3A 2A 1A,519 km,64 km/hr,22202
22202,Puri - Sealdah Duronto Express,Drnt,ER,,,PURI,19:25,SDAH,4:15,8h 50m,2,T T S,2S SL 3A 2A 1A,518 km,59 km/hr,22201
22874,Visakhapatnam - Digha SF Express,SF,SCoR,,,VSKP,15:35,DGHA,6:45,15h 10m,15,T,SL 3A 2A,929 km,61 km/hr,22873
22877,Howrah - Ernakulam Antyodaya Express,Ant,SER,,,HWH,14:45,ERS,3:30,36h 45m,23,S,,2288 km,62 km/hr,22878
22878,Ernakulam - Howrah Antyodaya Express,Ant,SER,,,ERS,23:25,HWH,14:05,38h 40m,23,M,,2288 km,59 km/hr,22877
22873,Digha - Vishakapatnam SF Express (PT),SF,SCoR,,,DGHA,17:05,VSKP,8:15,15h 10m,15,F,SL 3A 2A,929 km,61 km/hr,22874
22603,Kharagpur - Villupuram SF Express (PT),SF,SR,,,KGP,14:00,VM,19:05,29h 5m,18,T,SL 3A 2A,1832 km,63 km/hr,22604
22604,Villupuram - Kharagpur SF Express (PT),SF,SR,,,VM,11:05,KGP,18:35,31h 30m,18,T,SL 3A 2A,1832 km,58 km/hr,22603
19092,Gorakhpur - Bandra Terminus Humsafar Express,Hms,WR,,,GKP,21:20,BDTS,8:30,35h 10m,23,T,SL 3A,1977 km,56 km/hr,19091
19091,Bandra Terminus - Gorakhpur Humsafar Express,Hms,WR,,,BDTS,5:10,GKP,18:15,37h 5m,23,M,SL 3A,1977 km,53 km/hr,19092
19484,Saharsa - Ahmedabad Express (PT),Exp,WR,,,SHC,16:40,ADI,12:00,43h 20m,34,S M T W T F,SL 3A 2A 3E,2275 km,52 km/hr,19483
12035,Purnagiri Jan Shatabdi Express,JShtb,NER,,,TPU,11:20,DLI,21:35,10h 15m,25,S M T W T F S,2S CC,393 km,38 km/hr,12036
19483,Ahmedabad - Saharsa Express (PT),Exp,WR,,,ADI,0:35,SHC,23:00,46h 25m,34,S M T W F S,SL 3A 2A 3E,2275 km,49 km/hr,19484
22213,Shalimar - Patna Duronto Express,Drnt,SER,,,SHM,21:50,PNBE,6:15,8h 25m,2,M W F,2S 3A 2A 1A,536 km,64 km/hr,22214
22817,Howrah - Mysuru Weekly SF Express (PT),SF,SER,,,HWH,16:00,MYS,3:35,35h 35m,19,F,SL 3A 2A 1A 3E,2100 km,59 km/hr,22818
20972,Shalimar - Udaipur City SF Express (PT),SF,NWR,,,SHM,19:50,UDZ,5:40,33h 50m,25,S,SL 3A 2A 3E,1871 km,55 km/hr,20971
22851,Santragachi - Mangaluru Central Vivek Express (PT),SF,SER,,,SRC,14:55,MAQ,8:50,41h 55m,38,T,SL 3A 2A,2488 km,59 km/hr,22852
12768,Santragachi - Hazur Sahib Nanded SF Express (PT),SF,SCR,,,SRC,14:05,NED,18:25,28h 20m,17,W,SL 3A 2A,1567 km,55 km/hr,12767
22849,Shalimar - Secunderabad Weekly SF Express (PT),SF,SER,,,SHM,12:10,SC,14:35,26h 25m,18,W,SL 3A 2A 1A 3E,1574 km,60 km/hr,22850
19607,Kolkata - Madar (Ajmer) Express (PT),Exp,NWR,,,KOAA,11:25,MDJN,5:00,41h 35m,31,T,SL 3A 2A 3E,1978 km,48 km/hr,19608
22214,Patna - Shalimar Duronto Express,Drnt,SER,,,PNBE,20:45,SHM,5:45,9h 0m,2,T T S,2S 3A 2A 1A,536 km,60 km/hr,22213
22818,Mysuru - Howrah Weekly SF Express (PT),SF,SER,,,MYS,23:55,HWH,11:10,35h 15m,20,S,SL 3A 2A 1A 3E,2100 km,60 km/hr,22817
20971,Udaipur City - Shalimar SF Express,SF,NWR,,,UDZ,1:05,SHM,10:05,33h 0m,25,S,SL 3A 2A 3E,1871 km,57 km/hr,20972
12767,Hazur Sahib Nanded - Santragachi SF Express (PT),SF,SCR,,,NED,15:40,SRC,19:45,28h 5m,17,M,SL 3A 2A,1567 km,56 km/hr,12768
13257,Danapur - Anand Vihar Terminal Jan Sadharan Express (UnReserved),Exp,ECR,,,DNR,15:50,ANVT,10:25,18h 35m,8,S M T W T F S,,999 km,54 km/hr,13258
22883,Puri - Yesvantpur Garib Rath Express,GR,ECoR,,,PURI,15:15,YPR,19:45,28h 30m,23,F,3A,1505 km,53 km/hr,22884
19608,Madar (Ajmer) - Kolkata Express,Exp,NWR,,,MDJN,23:15,KOAA,16:40,41h 25m,31,M,SL 3A 2A 3E,1978 km,48 km/hr,19607
22908,Hapa - Madgaon Weekly SF Express,SF,WR,,,HAPA,21:40,MAO,22:50,25h 10m,16,W,SL 3A 2A 3E,1348 km,54 km/hr,22907
22907,Madgaon - Hapa Weekly SF Express,SF,WR,,,MAO,10:00,HAPA,9:30,23h 30m,16,F,SL 3A 2A 3E,1348 km,57 km/hr,22908
13423,Bhagalpur - Ajmer Weekly Humsafar Express (PT),Hms,ER,,,BGP,13:25,AII,22:55,33h 30m,20,T,SL 3A,1747 km,52 km/hr,13424
12293,Mumbai LTT - Prayagraj AC Duronto Express,Drnt,CR,,,LTT,17:20,PRYJ,12:40,19h 20m,4,M F,3A 2A 1A,1342 km,69 km/hr,12294
12294,Prayagraj - Mumbai LTT AC Duronto Express,Drnt,CR,,,PRYJ,18:10,LTT,14:55,20h 45m,4,T S,3A 2A 1A,1342 km,65 km/hr,12293
12371,Howrah - Bikaner Weekly SF Express (Via Lucknow) (PT),SF,ER,,,HWH,8:15,BKN,17:50,33h 35m,28,M,SL 3A 2A 1A,1930 km,57 km/hr,12372
12372,Bikaner - Howrah Weekly SF Express (Via Lucknow),SF,ER,,,BKN,6:20,HWH,16:50,34h 30m,28,T,SL 3A 2A 1A,1930 km,56 km/hr,12371
22451,Bandra Terminus - Chandigarh SF Express (PT),SF,NR,,,BDTS,12:00,CDG,14:15,26h 15m,26,M T,SL 3A 2A 1A 3E,1588 km,60 km/hr,22452
22452,Chandigarh - Bandra Terminus SF Express,SF,NR,,,CDG,5:40,BDTS,7:35,25h 55m,26,S W,SL 3A 2A 1A 3E,1588 km,61 km/hr,22451
13424,Ajmer - Bhagalpur Weekly Humsafar Express,Hms,ER,,,AII,6:20,BGP,15:00,32h 40m,20,S,SL 3A,1747 km,53 km/hr,13423
19027,Bandra Terminus - Jammu Tawi Vivek Express (PT),Exp,WR,,,BDTS,12:00,JAT,23:25,35h 25m,32,S,SL 3A 2A 1A 3E,1883 km,53 km/hr,19028
19028,Jammu Tawi - Bandra Terminus Vivek Express,SF,WR,,,JAT,5:45,BDTS,15:00,33h 15m,32,M,SL 3A 2A 1A 3E,1883 km,57 km/hr,19027
22901,Bandra Terminus - Udaipur City SF Express (PT),SF,WR,,,BDTS,23:25,UDZ,14:40,15h 15m,14,T T S,SL 3A 2A 1A 3E,945 km,62 km/hr,22902
22902,Udaipur City - Bandra Terminus SF Express,SF,WR,,,UDZ,20:50,BDTS,13:35,16h 45m,14,S W F,SL 3A 2A 1A 3E,945 km,56 km/hr,22901
20910,Porbandar - Thiruvananthapuram North (Kochuveli) Weekly SF Express (PT),SF,WR,,,PBR,18:40,TVCN,18:00,47h 20m,30,T,SL 3A 2A,2412 km,51 km/hr,20909
20909,Thiruvananthapuram North (Kochuveli) - Porbandar Weekly SF Express (PT),SF,WR,,,TVCN,9:10,PBR,7:15,46h 5m,30,S,SL 3A 2A,2412 km,52 km/hr,20910
22209,Mumbai Central - Hazrat Nizamuddin Duronto Express,Drnt,WR,,,MMCT,23:10,NZM,15:50,16h 40m,3,M F,2S 3A 2A 1A 3E,1378 km,83 km/hr,22210
22210,Hazrat Nizamuddin - Mumbai Central Duronto Express,Drnt,WR,,,NZM,22:15,MMCT,15:50,17h 35m,3,T S,2S 3A 2A 1A 3E,1378 km,78 km/hr,22209
15503,Saharsa - Patna Rajya Rani Express,Exp,ECR,,,SHC,7:15,PNBE,11:30,4h 15m,7,M F,CC 3E,214 km,50 km/hr,15504
15504,Patna - Saharsa Rajya Rani Express,Exp,ECR,,,PNBE,12:20,SHC,16:35,4h 15m,7,S T,CC 3E,214 km,50 km/hr,15503
20963,Sabarmati - Varanasi Weekly SF Express (PT),SF,WR,,,SBIB,22:55,BSB,5:30,30h 35m,19,T,SL 3A 2A,1699 km,56 km/hr,20964
12040,New Delhi - Kathgodam Shatabdi Express,Shtb,NR,,,NDLS,6:20,KGM,11:55,5h 35m,7,S M T W T F S,CC Ex,282 km,50 km/hr,12039
12039,Kathgodam - New Delhi Shatabdi Express,Shtb,NR,,,KGM,15:15,NDLS,20:55,5h 40m,7,S M T W T F S,CC Ex,282 km,50 km/hr,12040
20964,Varanasi - Sabarmati Weekly SF Express,SF,WR,,,BSB,15:35,SBIB,21:20,29h 45m,19,S,SL 3A 2A,1699 km,57 km/hr,20963
22992,Bhagat Ki Kothi - Valsad SF Express,SF,WR,,,BGKT,19:30,BL,8:30,13h 0m,16,W,SL 3A 2A,752 km,58 km/hr,22991
22605,Purulia - Tirunelveli SF Express (PT),SF,SR,,,PRR,10:00,TEN,3:55,41h 55m,35,M F,SL 3A 2A,2536 km,61 km/hr,22606
22606,Tirunelveli - Purulia SF Express (PT),SF,SR,,,TEN,3:15,PRR,23:15,44h 0m,35,W S,SL 3A 2A,2536 km,58 km/hr,22605
22803,Shalimar - Sambalpur SF Express (via Talcher Road),SF,ECoR,,,SHM,20:35,SBP,7:35,11h 0m,9,S,SL 3A 2A,657 km,60 km/hr,22804
22804,Sambalpur - Shalimar SF Express (via Talcher Road),SF,ECoR,,,SBP,19:25,SHM,7:10,11h 45m,9,F,SL 3A 2A,657 km,56 km/hr,22803
22827,Puri - Surat Weekly SF Express (PT),SF,ECoR,,,PURI,19:45,ST,2:35,30h 50m,16,S,SL 3A 2A 3E,1755 km,57 km/hr,22828
22828,Surat - Puri Weekly SF Express (PT),SF,ECoR,,,ST,8:05,PURI,14:40,30h 35m,16,T,SL 3A 2A 3E,1755 km,57 km/hr,22827
22865,Mumbai LTT - Puri SF Express (via Jharsuguda Road) (PT),SF,ECoR,,,LTT,0:15,PURI,8:35,32h 20m,17,T,SL 3A 2A 1A 3E,1844 km,57 km/hr,22866
22866,Puri - Mumbai LTT SF Express (via Jharsuguda Road),SF,ECoR,,,PURI,6:00,LTT,13:00,31h 0m,17,T,SL 3A 2A 1A 3E,1843 km,59 km/hr,22865
13257,Danapur - Anand Vihar Terminal Jan Sadharan Express (UnReserved),Exp,ECR,,,DNR,15:50,ANVT,10:25,18h 35m,8,S M T W T F S,,999 km,54 km/hr,13258
22883,Puri - Yesvantpur Garib Rath Express,GR,ECoR,,,PURI,15:15,YPR,19:45,28h 30m,23,F,3A,1505 km,53 km/hr,22884
18009,Santragachi - Ajmer Weekly Express (PT),Exp,SER,,,SRC,13:00,AII,4:35,39h 35m,22,F,SL 3A 2A,1984 km,50 km/hr,18010
18010,Ajmer - Santragachi Weekly Express,Exp,SER,,,AII,23:40,SRC,15:00,39h 20m,22,S,SL 3A 2A,1984 km,50 km/hr,18009
22825,Shalimar - MGR Chennai Central Weekly SF Express (PT),SF,SER,,,SHM,12:10,MAS,14:05,25h 55m,22,T,SL 3A 2A,1659 km,64 km/hr,22826
22826,MGR Chennai Central - Shalimar Weekly SF Express (PT),SF,SER,,,MAS,19:50,SHM,0:05,28h 15m,22,W,SL 3A 2A,1659 km,59 km/hr,22825
14113,Subedarganj - Dehradun Express (PT),Exp,NCR,,,SFG,20:30,DDN,12:20,15h 50m,21,S M T W T F S,SL 3A 2A 1A,861 km,54 km/hr,14114
13425,Malda Town - Surat Express (PT),Exp,ER,,,MLDT,12:55,ST,4:00,39h 5m,28,S,SL 3A 2A,2119 km,54 km/hr,13426
13135,Kolkata - Jaynagar Weekly Express (PT),Exp,ER,,,KOAA,20:55,JYG,10:45,13h 50m,15,S,SL 3A 2A 1A 3E,620 km,45 km/hr,13136
13136,Jaynagar - Kolkata Weekly Express,Exp,ER,,,JYG,12:35,KOAA,3:00,14h 25m,15,S,SL 3A 2A 1A,620 km,43 km/hr,13135
17407,Pamani Express (PT),Exp,SCoR,,,TPTY,11:55,MQ,22:20,10h 25m,18,S T T,2S SL 3A,464 km,45 km/hr,17408
17408,Pamani Express,Exp,SCoR,,,MQ,5:10,TPTY,15:30,10h 20m,18,M W F,2S SL 3A,464 km,45 km/hr,17407
22627,Tiruchchirappalli - Thiruvananthapuram Central InterCity SF Express,SF,SR,,,TPJ,7:15,TVC,15:20,8h 5m,10,S M T W T F S,2S CC,457 km,56 km/hr,22628
22204,Secunderabad - Visakhapatnam AC Duronto Express,Drnt,SCR,,,SC,20:15,VSKP,6:30,10h 15m,2,M W S,3A 2A 1A,663 km,65 km/hr,22203
16312,Thiruvananthapuram North (Kochuveli) - Shri Ganganagar Express (PT),Exp,SR,,,TVCN,15:45,SGNR,2:05,58h 20m,50,S,SL 3A 2A 3E,3017 km,52 km/hr,16311
15484,Sikkim Mahananda Express,Exp,NFR,,,DLI,7:35,APDJ,20:50,37h 15m,59,S M T W T F S,SL 3A 2A 1A 3E,1666 km,45 km/hr,15483
11651,Madan Mahal - Singrauli Intercity Express,Exp,WCR,,,MML,16:05,SGRL,23:45,7h 40m,14,S M T W T F S,2S CC 3A,352 km,46 km/hr,11652
17020,Hyderabad - Hisar Weekly Express (PT),Exp,SCR,,,HYB,15:10,HSR,13:40,46h 30m,44,S,SL 3A 2A 1A,2357 km,51 km/hr,17019
17007,Charlapalli - Darbhanga Express (PT),Exp,SCR,,,CHZ,22:50,DBG,13:40,38h 50m,25,T S,SL 3A 2A,1898 km,49 km/hr,17008
22628,Thiruvananthapuram Central - Tiruchchirappalli SF InterCity Express,SF,SR,,,TVC,11:35,TPJ,19:45,8h 10m,10,S M T W T F S,2S CC,457 km,56 km/hr,22627
17008,Darbhanga - Charlapalli Express (PT),Exp,SCR,,,DBG,7:05,CHZ,20:00,36h 55m,25,T F,SL 3A 2A,1898 km,51 km/hr,17007
13426,Surat - Malda Town Express (PT),Exp,ER,,,ST,14:20,MLDT,6:30,40h 10m,28,M,SL 3A 2A,2119 km,53 km/hr,13425
22843,Bilaspur - Buxar SF Express,SF,SECR,,,BSP,20:30,BXR,16:10,19h 40m,27,F,SL 3A 2A 1A 3E,1082 km,55 km/hr,22844
16217,Mysuru - Sainagar Shirdi Weekly Express,Exp,SWR,,,MYS,5:40,SNSI,10:50,29h 10m,25,M,SL CC 3A 2A 1A,1424 km,49 km/hr,16218
22844,Buxar - Bilaspur SF Express,SF,SECR,,,BXR,21:40,BSP,17:20,19h 40m,27,S,SL 3A 2A 1A 3E,1082 km,55 km/hr,22843
20951,Okha - Jaipur Weekly SF Express (PT),SF,WR,,,OKHA,21:30,JP,15:20,17h 50m,19,M,SL 3A 2A 1A 3E,1058 km,59 km/hr,20952
20952,Jaipur - Okha Weekly SF Express,SF,WR,,,JP,17:40,OKHA,11:50,18h 10m,19,T,SL 3A 2A 1A 3E,1058 km,58 km/hr,20951
16218,Sainagar Shirdi - Mysuru Weekly Express,Exp,SWR,,,SNSI,0:25,MYS,3:35,27h 10m,25,W,SL 3A 2A 1A,1424 km,52 km/hr,16217
12041,Howrah - New Jalpaiguri Shatabdi Express,Shtb,NFR,,,HWH,14:25,NJP,22:50,8h 25m,8,M T W T F S,CC Ex EV,566 km,67 km/hr,12042
12042,New Jalpaiguri - Howrah Shatabdi Express,Shtb,NFR,,,NJP,5:30,HWH,13:45,8h 15m,8,M T W T F S,CC Ex EV,566 km,69 km/hr,12041
22952,Gandhidham - Bandra Terminus Weekly SF Express,SF,WR,,,GIMB,21:00,BDTS,12:00,15h 0m,12,T,SL 3A 2A,859 km,57 km/hr,22951
22951,Bandra Terminus - Gandhidham Weekly SF Express,SF,WR,,,BDTS,14:40,GIMB,5:55,15h 15m,12,F,SL 3A 2A,859 km,56 km/hr,22952
22474,Bandra Terminus - Bikaner SF Express (via Jodhpur) (PT),SF,NWR,,,BDTS,14:40,BKN,10:25,19h 45m,21,T,SL 3A 2A 3E,1214 km,61 km/hr,22473
22949,Bandra Terminus - Delhi Sarai Rohilla SF Express (PT),SF,WR,,,BDTS,14:40,DEE,11:45,21h 5m,25,W,SL 3A 2A 1A 3E,1348 km,64 km/hr,22950
22950,Delhi Sarai Rohilla - Bandra Terminus SF Express,SF,WR,,,DEE,16:15,BDTS,15:10,22h 55m,25,T,SL 3A 2A 1A 3E,1348 km,59 km/hr,22949
22847,Visakhapatnam - Mumbai LTT SF Express (via Nagpur),SF,SCoR,,,VSKP,8:20,LTT,13:00,28h 40m,22,S,SL 3A 2A,1647 km,57 km/hr,22848
22848,Mumbai LTT - Visakhapatnam SF Express (via Nagpur) (PT),SF,SCoR,,,LTT,0:15,VSKP,5:20,29h 5m,22,T,SL 3A 2A 1A,1647 km,57 km/hr,22847
22859,Puri - MGR Chennai Central SF Express (PT),SF,ECoR,,,PURI,17:30,MAS,14:05,20h 35m,19,S,SL 3A 2A 3E,1250 km,61 km/hr,22860
22860,MGR Chennai Central - Puri SF Express (PT),SF,ECoR,,,MAS,16:25,PURI,13:55,21h 30m,19,M,SL 3A 2A,1250 km,58 km/hr,22859
12376,Jasidih - Tambaram Weekly SF Express (PT),SF,ER,,,JSME,13:10,TBM,22:25,33h 15m,29,W,SL 3A 2A,1872 km,56 km/hr,12375
12375,Tambaram - Jasidih Weekly SF Express (PT),SF,ER,,,TBM,13:00,JSME,22:40,33h 40m,29,S,SL 3A 2A,1872 km,56 km/hr,12376
20838,Junagarh Road - Bhubaneswar SF Express (PT),SF,ECoR,,,JNRD,17:30,BBS,5:20,11h 50m,17,S M T W T F S,SL 3A 2A,655 km,55 km/hr,20837
20837,Bhubaneswar - Junagarh Road SF Express,SF,ECoR,,,BBS,21:35,JNRD,9:15,11h 40m,17,S M T W T F S,SL 3A 2A,655 km,56 km/hr,20838
12985,Jaipur - Delhi Sarai Rohilla AC Double Decker Express,DD,NWR,,,JP,5:45,DEE,10:25,4h 40m,5,S M T W T F S,CC Ex,304 km,65 km/hr,12986
22625,MGR Chennai Central - KSR Bengaluru Double Decker Express,DD,SR,,,MAS,7:25,SBC,13:10,5h 45m,10,S M T W T F S,2S CC,359 km,62 km/hr,22626
22626,KSR Bengaluru - MGR Chennai Central Double Decker Express,DD,SR,,,SBC,13:30,MAS,19:45,6h 15m,10,S M T W T F S,2S CC,359 km,57 km/hr,22625
19302,Yesvantpur - Dr. Ambedkar Nagar Weekly Express,Exp,WR,,,YPR,15:45,DADN,7:05,39h 20m,31,T,SL 3A 2A 3E,1932 km,49 km/hr,19301
22475,Hisar - Coimbatore AC SF Express (PT),ACSF,NWR,,,HSR,13:50,CBE,17:10,51h 20m,40,W,3A 2A 1A,2787 km,54 km/hr,22476
22476,Coimbatore - Hisar AC SF Express (PT),ACSF,NWR,,,CBE,13:30,HSR,16:05,50h 35m,40,S,3A 2A 1A,2787 km,55 km/hr,22475
16561,Yesvantpur - Thiruvananthapuram North (Kochuveli) AC SF Express,ACSF,SWR,,,YPR,15:20,TVCN,6:45,15h 25m,12,T,3A 2A 1A,843 km,55 km/hr,16562
16562,Thiruvananthapuram North (Kochuveli) - Yesvantpur AC SF Express,ACSF,SWR,,,TVCN,12:50,YPR,4:45,15h 55m,12,F,3A 2A 1A,843 km,53 km/hr,16561
20472,Puri - Shri Ganganagar SF Express,SF,NWR,,,PURI,6:35,SGNR,2:05,43h 30m,37,W,SL 3A 2A 3E,2407 km,55 km/hr,20471
12932,Ahmedabad - Mumbai Central AC Double Decker Express,DD,WR,,,ADI,5:45,MMCT,13:05,7h 20m,9,M T W T F S,CC,493 km,67 km/hr,12931
12931,Mumbai Central - Ahmedabad AC Double Decker Express,DD,WR,,,MMCT,14:30,ADI,21:40,7h 10m,9,M T W T F S,CC,493 km,69 km/hr,12932
22903,Bandra Terminus - Bhuj AC SF Express (PT),ACSF,WR,,,BDTS,23:45,BHUJ,12:50,13h 5m,7,S W F,3A 2A 1A 3E,840 km,64 km/hr,22904
22904,Bhuj - Bandra Terminus AC SF Express (PT),ACSF,WR,,,BHUJ,16:10,BDTS,4:55,12h 45m,7,M T S,3A 2A 1A 3E,840 km,66 km/hr,22903
12773,Shalimar - Secunderabad AC SF Express (PT),ACSF,SCR,,,SHM,15:55,SC,18:00,26h 5m,14,W,3A 2A 1A,1574 km,60 km/hr,12774
12774,Secunderabad - Shalimar AC SF Express (PT),ACSF,SCR,,,SC,3:55,SHM,6:50,26h 55m,14,T,3A 2A 1A,1574 km,58 km/hr,12773
19409,Sabarmati - Gorakhpur Express (PT),Exp,WR,,,SBIB,10:35,GKP,16:45,30h 10m,28,T S,SL 3A 2A,1563 km,52 km/hr,19410
19410,Gorakhpur - Sabarmati Express,Exp,WR,,,GKP,4:55,SBIB,9:55,29h 0m,28,M S,SL 3A 2A,1563 km,54 km/hr,19409
20471,Shri Ganganagar - Puri SF Express (PT),SF,NWR,,,SGNR,14:10,PURI,9:50,43h 40m,37,S,SL 3A 2A 3E,2407 km,55 km/hr,20472
20623,Malgudi SF Express,SF,SR,,,AP,8:20,SBC,11:05,2h 45m,8,S M T W T F S,CC,143 km,52 km/hr,20624
20624,Malgudi SF Express,SF,SR,,,SBC,13:50,AP,17:00,3h 10m,8,S M T W T F S,CC,143 km,45 km/hr,20623
19609,Udaipur City - Yog Nagari Rishikesh Express (PT),Exp,NWR,,,UDZ,13:45,YNRK,10:15,20h 30m,36,M T S,SL 3A 2A 3E,998 km,49 km/hr,19610
16312,Thiruvananthapuram North (Kochuveli) - Shri Ganganagar Express (PT),Exp,SR,,,TVCN,15:45,SGNR,2:05,58h 20m,50,S,SL 3A 2A 3E,3017 km,52 km/hr,16311
15484,Sikkim Mahananda Express,Exp,NFR,,,DLI,7:35,APDJ,20:50,37h 15m,59,S M T W T F S,SL 3A 2A 1A 3E,1666 km,45 km/hr,15483
11311,Solapur - Hassan Superfast Express (PT),SF,CR,,,SUR,19:20,HAS,10:56,15h 36m,18,S M T W T F S,SL 3A 2A 1A 3E,830 km,53 km/hr,11312
20929,Udhna - Banaras Weekly SF Express (via Jabalpur) (PT),SF,WR,,,UDN,20:35,BNRS,21:00,24h 25m,13,F,SL 3A 2A,1401 km,57 km/hr,20930
20930,Banaras - Udhna Weekly SF Express (via Jabalpur),SF,WR,,,BNRS,4:45,UDN,5:15,24h 30m,12,S,SL 3A 2A,1401 km,57 km/hr,20929
16312,Thiruvananthapuram North (Kochuveli) - Shri Ganganagar Express (PT),Exp,SR,,,TVCN,15:45,SGNR,2:05,58h 20m,50,S,SL 3A 2A 3E,3017 km,52 km/hr,16311
15484,Sikkim Mahananda Express,Exp,NFR,,,DLI,7:35,APDJ,20:50,37h 15m,59,S M T W T F S,SL 3A 2A 1A 3E,1666 km,45 km/hr,15483
22686,Chandigarh - Yesvantpur Karnataka Sampark Kranti Express,SKr,SWR,,,CDG,3:35,YPR,5:25,49h 50m,17,T S,SL 3A 2A 1A,2861 km,57 km/hr,22685
12761,Tirupati - Karimnagar SF Express (PT),SF,SCR,,,TPTY,20:05,KRMR,8:40,12h 35m,10,W S,SL 3A 2A,712 km,57 km/hr,12762
12762,Karimnagar - Tirupati SF Express (PT),SF,SCR,,,KRMR,19:15,TPTY,8:05,12h 50m,10,S T,SL 3A 2A,712 km,55 km/hr,12761
15483,Sikkim Mahananda Express (PT),Exp,NFR,,,APDJ,10:30,DLI,21:45,35h 15m,59,S M T W T F S,SL 3A 2A 1A 3E,1666 km,47 km/hr,15484
11704,Dr. Ambedkar Nagar - Rewa Express (PT),Exp,WCR,,,DADN,20:00,REWA,11:35,15h 35m,19,M W F,SL 3A 2A 1A 3E,830 km,53 km/hr,11703
15111,Chhapra - Varanasi City InterCity Express (UnReserved),Exp,NER,,,CPR,5:30,BCY,10:30,5h 0m,14,S M T W T F S,,225 km,45 km/hr,15112
15112,Varanasi City - Chhapra InterCity Express (UnReserved),Exp,NER,,,BCY,18:45,CPR,23:50,5h 5m,14,S M T W T F S,,225 km,44 km/hr,15111
12775,Cocanada SF Express (PT),SF,SCoR,,,CCT,20:20,LPI,7:30,11h 10m,12,S M T W T F S,SL 3A 2A 1A 3E,608 km,54 km/hr,12776
12776,Cocanada SF Express (PT),SF,SCoR,,,LPI,19:00,CCT,6:03,11h 3m,12,S M T W T F S,SL 3A 2A 1A 3E,608 km,55 km/hr,12775
22629,Mumbai LTT - Tirunelveli SF Express (via Konkan) (PT),SF,SR,,,LTT,20:45,TEN,9:00,36h 15m,26,T,SL 3A 2A 3E,1744 km,48 km/hr,22630
22630,Tirunelveli - Mumbai LTT SF Express (via Konkan) (PT),SF,SR,,,TEN,7:30,LTT,17:20,33h 50m,26,W,SL 3A 2A 3E,1744 km,52 km/hr,22629
12770,Seven Hills SF Express (PT),SF,SCR,,,SC,17:40,TPTY,6:25,12h 45m,15,T F,SL 3A 2A,713 km,56 km/hr,12769
12769,Seven Hills SF Express (PT),SF,SCR,,,TPTY,15:45,SC,4:25,12h 40m,15,M F,SL 3A 2A,713 km,56 km/hr,12770
22207,MGR Chennai Central - Thiruvananthapuram Central SUPER AC Express,Raj,SR,,,MAS,16:00,TVC,7:00,15h 0m,9,T F,3A 2A 1A,906 km,60 km/hr,22208
22208,Thiruvananthapuram Central - MGR Chennai Central SUPER AC Express,Raj,SR,,,TVC,19:15,MAS,10:25,15h 10m,9,S W,3A 2A 1A,906 km,60 km/hr,22207
11703,Rewa - Dr. Ambedkar Nagar Express,Exp,WCR,,,REWA,23:05,DADN,15:00,15h 55m,19,S T T,SL 3A 2A 1A 3E,830 km,52 km/hr,11704
12045,New Delhi - Chandigarh Shatabdi Express,Shtb,NR,,,NDLS,19:15,CDG,22:35,3h 20m,2,S M T T F S,CC Ex,244 km,73 km/hr,12046
12046,Chandigarh - New Delhi Shatabdi Express,Shtb,NR,,,CDG,12:05,NDLS,15:20,3h 15m,2,S M T T F S,CC Ex,244 km,75 km/hr,12045
22716,Madurai - Kacheguda Weekly Superfast Express (PT),SF,SCR,,,MDU,13:15,KCG,12:40,23h 25m,21,S,SL 3A 2A 1A,1289 km,55 km/hr,22715
12025,Pune - Hyderabad Shatabdi Express,Shtb,CR,,,PUNE,6:00,HYB,14:20,8h 20m,7,S M W T F S,CC Ex EV,598 km,72 km/hr,12026
12026,Hyderabad - Pune Shatabdi Express,Shtb,CR,,,HYB,14:40,PUNE,23:10,8h 30m,7,S M W T F S,CC Ex EV,598 km,70 km/hr,12025
22181,Jabalpur - Hazrat Nizamuddin Gondwana SF Express (PT),SF,WCR,,,JBP,15:15,NZM,4:10,12h 55m,13,S M T W T F S,SL 3A 2A 1A 3E,904 km,70 km/hr,22182
13138,Azamgarh - Kolkata Weekly Express (PT),Exp,ER,,,AMH,8:00,KOAA,3:00,19h 0m,20,T,SL 3A 2A 3E,789 km,42 km/hr,13137
13137,Kolkata - Azamgarh Weekly Express,Exp,ER,,,KOAA,11:25,AMH,6:00,18h 35m,20,M,SL 3A 2A 3E,789 km,42 km/hr,13138
22182,Hazrat Nizamuddin - Jabalpur Gondwana SF Express,SF,WCR,,,NZM,17:45,JBP,7:25,13h 40m,13,S M T W T F S,SL 3A 2A 1A 3E,904 km,66 km/hr,22181
19413,Ahmedabad - Kolkata Weekly Express (PT),Exp,WR,,,ADI,21:05,KOAA,15:15,42h 10m,27,W,SL 3A 2A,2085 km,49 km/hr,19414
19414,Kolkata - Ahmedabad Weekly Express (PT),Exp,WR,,,KOAA,13:10,ADI,7:25,42h 15m,27,S,SL 3A 2A,2085 km,49 km/hr,19413
19613,Ajmer - Amritsar Express (via Dhuri),Exp,NWR,,,AII,17:50,ASR,10:30,16h 40m,23,M W,SL 3A 2A 3E,849 km,51 km/hr,19614
13240,Kota - Patna Express (via Sultanpur) (PT),Exp,ECR,,,KOTA,18:10,PNBE,19:30,25h 20m,24,M T W S,SL 3A 2A 1A 3E,1238 km,49 km/hr,13239
12772,Raipur - Secunderabad SF Express (PT),SF,SCR,,,R,16:45,SC,8:30,15h 45m,15,T T S,SL 3A 2A 3E,877 km,56 km/hr,12771
12771,Secunderabad - Raipur SF Express (PT),SF,SCR,,,SC,22:40,R,13:20,14h 40m,15,M W F,SL 3A 2A 3E,877 km,60 km/hr,12772
12060,Hazrat Nizamuddin - Kota Jan Shatabdi Express,JShtb,WCR,,,NZM,12:45,KOTA,18:55,6h 10m,9,S M T W T F S,2S CC,458 km,74 km/hr,12059
22982,Shri Ganganagar - Kota SF Express,SF,WCR,,,SGNR,17:30,KOTA,10:05,16h 35m,25,S M T F,SL 3A 2A 1A 3E,917 km,55 km/hr,22981
19252,Okha - Veraval Express,Exp,WR,,,OKHA,20:15,VRL,5:15,9h 0m,15,S M T W T F S,SL 3A 2A 1A 3E,437 km,49 km/hr,19251
19251,Veraval - Okha Express,Exp,WR,,,VRL,23:05,OKHA,8:15,9h 10m,15,S M T W T F S,SL 3A 2A 1A 3E,437 km,48 km/hr,19252
22402,MCTM Udhampur - Delhi Sarai Rohilla AC SF Express,ACSF,NR,,,MCTM,18:10,DEE,3:55,9h 45m,6,S T T,3A 2A 1A,629 km,65 km/hr,22401
22401,Delhi Sarai Rohilla - MCTM Udhampur AC SF Express,ACSF,NR,,,DEE,22:30,MCTM,8:40,10h 10m,6,M W S,3A 2A 1A,629 km,62 km/hr,22402
22830,Shalimar - Bhuj SF Express (PT),SF,SER,,,SHM,19:50,BHUJ,14:45,42h 55m,30,S,SL 3A 2A,2419 km,56 km/hr,22829
15212,Jan Nayak Express (UnReserved),Exp,ECR,,,ASR,19:20,DBG,3:10,31h 50m,43,S M T W T F S,,1486 km,47 km/hr,15211
22829,Bhuj - Shalimar SF Express (PT),SF,SER,,,BHUJ,15:15,SHM,10:05,42h 50m,30,T,SL 3A 2A,2419 km,56 km/hr,22830
12421,Hazur Sahib Nanded - Amritsar SF Express (PT),SF,NR,,,NED,11:05,ASR,18:35,31h 30m,23,W,SL 3A 2A 3E,1936 km,61 km/hr,12422
15107,Banaras - Lucknow InterCity Express,Exp,NER,,,BNRS,4:55,LKO,11:05,6h 10m,10,M T W T F S,2S CC,302 km,49 km/hr,15108
15108,Lucknow - Banaras InterCity Express,Exp,NER,,,LKO,13:10,BNRS,20:15,7h 5m,10,M T W T F S,2S CC,302 km,43 km/hr,15107
12116,Siddheshwar SF Express,SF,CR,,,SUR,22:30,CSMT,6:30,8h 0m,10,S M T W T F S,SL 3A 2A 1A 3E,454 km,57 km/hr,12115
12115,Siddheshwar SF Express (PT),SF,CR,,,CSMT,22:40,SUR,6:45,8h 5m,10,S M T W T F S,SL 3A 2A 1A 3E,454 km,56 km/hr,12116
22985,Rajasthan Humsafar Express,Hms,NWR,,,UDZ,0:50,DEE,11:45,10h 55m,8,S,SL 3A,668 km,61 km/hr,22986
22709,Hazur Sahib Nanded - Amb Andaura SF Express (PT),SF,SCR,,,NED,11:05,AADR,18:10,31h 5m,24,T,SL 3A 2A 1A,1884 km,61 km/hr,22710
22917,Bandra Terminus - Haridwar SF Express (PT),SF,WR,,,BDTS,12:45,HW,14:30,25h 45m,24,W,SL 3A 2A 1A 3E,1619 km,63 km/hr,22918
22918,Haridwar - Bandra Terminus SF Express,SF,WR,,,HW,17:20,BDTS,17:00,23h 40m,24,T,SL 3A 2A 1A 3E,1619 km,68 km/hr,22917
20843,Bilaspur - Bhagat Ki Kothi SF Express (PT),SF,SECR,,,BSP,18:25,BGKT,2:30,32h 5m,34,M T,SL 3A 2A 1A 3E,1820 km,57 km/hr,20844
20844,Bhagat Ki Kothi - Bilaspur SF Express,SF,SECR,,,BGKT,2:20,BSP,10:25,32h 5m,34,T S,SL 3A 2A 1A 3E,1820 km,57 km/hr,20843
18573,Visakhapatnam - Bhagat Ki Kothi Weekly Express (PT),Exp,SCoR,,,VSKP,5:20,BGKT,19:20,38h 0m,35,T,SL 3A 2A 3E,2065 km,54 km/hr,18574
18574,Bhagat Ki Kothi - Visakhapatnam Weekly Express (PT),Exp,SCoR,,,BGKT,20:40,VSKP,10:30,37h 50m,35,S,SL 3A 2A 3E,2065 km,55 km/hr,18573
22807,Santragachi - MGR Chennai Central AC SF Express (PT),ACSF,SER,,,SRC,17:55,MAS,20:20,26h 25m,16,T F,3A 2A 1A,1655 km,63 km/hr,22808
18637,Hatia - SMVT Bengaluru Weekly Express (PT),Exp,SER,,,HTE,17:25,SMVB,3:15,33h 50m,26,S,SL 3A 2A,1884 km,56 km/hr,18638
22685,Yesvantpur - Chandigarh Karnataka Sampark Kranti Express,SKr,SWR,,,YPR,15:00,CDG,15:45,48h 45m,17,W S,SL CC 3A 2A 1A,2861 km,59 km/hr,22686
12789,Kacheguda - Kumta SF Express (PT),SF,SCR,,,KCG,6:05,KT,14:40,32h 35m,35,T F,SL 3A 2A 1A,1728 km,53 km/hr,12790
12790,Kumta - Kacheguda SF Express (PT),SF,SCR,,,KT,15:25,KCG,23:40,32h 15m,35,W S,SL 3A 2A 1A,1728 km,54 km/hr,12789
22113,Mumbai LTT - Thiruvananthapuram North (Kochuveli) SF Express (PT),SF,CR,,,LTT,16:45,TVCN,22:45,30h 0m,26,T S,SL 3A 2A,1503 km,50 km/hr,22114
22114,Thiruvananthapuram North (Kochuveli) - Mumbai LTT SF Express (PT),SF,CR,,,TVCN,0:55,LTT,8:00,31h 5m,26,M T,SL 3A 2A,1503 km,48 km/hr,22113
22808,MGR Chennai Central - Santragachi AC SF Express (PT),ACSF,SER,,,MAS,8:15,SRC,10:55,26h 40m,16,S T,3A 2A 1A,1655 km,62 km/hr,22807
17221,Kakinada Port - Mumbai LTT Express (PT),Exp,SCoR,,,COA,9:00,LTT,11:15,26h 15m,22,W S,SL 3A 2A 1A,1296 km,49 km/hr,17222
15115,Loknayak Express,Exp,NER,,,CPR,11:25,DLI,11:20,23h 55m,20,S,SL 3A 2A 1A 3E,1000 km,42 km/hr,15116
19716,Gomti Nagar - Jaipur Express (PT),Exp,NWR,,,GTNR,16:55,JP,7:30,14h 35m,19,M W S,SL 3A 2A 1A 3E,684 km,47 km/hr,19715
22932,Jaisalmer - Bandra Terminus SF Express,SF,WR,,,JSM,18:10,BDTS,15:50,21h 40m,28,S,SL 3A 2A 1A,1238 km,57 km/hr,22931
20492,Sabarmati - Jaisalmer SF Express (PT),SF,NWR,,,SBIB,22:05,JSM,11:50,13h 45m,21,S M T W T F S,SL 3A 2A,757 km,55 km/hr,20491
19715,Jaipur - Gomti Nagar Express,Exp,NWR,,,JP,21:05,GTNR,11:35,14h 30m,19,S T F,SL 3A 2A 1A 3E,684 km,47 km/hr,19716
15623,Bhagat ki Kothi - Kamakhya Express (PT),Exp,NFR,,,BGKT,16:30,KYQ,22:00,53h 30m,43,T,SL 3A 2A 1A,2540 km,47 km/hr,15624
15116,Loknayak Express,Exp,NER,,,DLI,14:00,CPR,13:10,23h 10m,20,S,SL 3A 2A 1A 3E,1000 km,43 km/hr,15115
22978,Jodhpur - Jaipur Intercity SF Express,SF,NWR,,,JU,16:00,JP,21:15,5h 15m,11,S M T W T F S,2S CC 3A 2A 1A,310 km,59 km/hr,22977
22977,Jaipur - Jodhpur Intercity SF Express,SF,NWR,,,JP,6:00,JU,11:10,5h 10m,11,S M T W T F S,2S CC 3A 2A 1A,310 km,60 km/hr,22978
22915,Bandra Terminus - Hisar SF Express (PT),SF,WR,,,BDTS,12:15,HSR,12:20,24h 5m,29,M,SL 3A 2A,1409 km,59 km/hr,22916
22931,Bandra Terminus - Jaisalmer SF Express (PT),SF,WR,,,BDTS,12:15,JSM,9:40,21h 25m,28,F,SL 3A 2A 1A,1238 km,58 km/hr,22932
20491,Jaisalmer - Sabarmati SF Express,SF,NWR,,,JSM,15:30,SBIB,5:15,13h 45m,21,S M T W T F S,SL 3A 2A,757 km,55 km/hr,20492
22916,Hisar - Bandra Terminus SF Express (PT),SF,WR,,,HSR,16:10,BDTS,15:50,23h 40m,29,T,SL 3A 2A,1409 km,60 km/hr,22915
22684,Lucknow - Yesvantpur SF Express (via Kacheguda),SF,SWR,,,LKO,18:40,YPR,13:15,42h 35m,29,T,SL 3A 2A,2335 km,55 km/hr,22683
22975,Bandra Terminus - Ramnagar SF Express (PT),SF,WR,,,BDTS,5:10,RMR,8:35,27h 25m,28,T,SL 3A 2A,1640 km,60 km/hr,22976
22976,Ramnagar - Bandra Terminus SF Express (PT),SF,WR,,,RMR,16:25,BDTS,20:55,28h 30m,28,F,SL 3A 2A,1640 km,58 km/hr,22975
22631,Anuvrat AC SF Express (PT),ACSF,SR,,,MDU,12:10,BKN,14:50,50h 40m,40,T,3A 2A 1A,3060 km,60 km/hr,22632
22632,Anuvrat AC SF Express (PT),ACSF,SR,,,BKN,15:30,MDU,18:30,51h 0m,40,S,3A 2A 1A,3060 km,60 km/hr,22631
17222,Mumbai LTT - Kakinada Port Express (PT),Exp,SCoR,,,LTT,13:15,COA,14:20,25h 5m,22,S T,SL 3A 2A 1A,1296 km,52 km/hr,17221
22805,Bhubaneswar - Anand Vihar Terminal Weekly SF Express,SF,ECoR,,,BBS,12:30,ANVT,19:35,31h 5m,16,S,SL 3A 2A 1A,1885 km,61 km/hr,22806
22806,Anand Vihar Terminal - Bhubaneswar Weekly SF Express,SF,ECoR,,,ANVT,8:00,BBS,14:45,30h 45m,16,M,SL 3A 2A 1A,1885 km,61 km/hr,22805
12552,Kamakhya - SMVT Bengaluru AC SF Express (PT),ACSF,NFR,,,KYQ,14:00,SMVB,16:35,50h 35m,29,W,3A 2A 1A,3011 km,60 km/hr,12551
12551,SMVT Bengaluru - Kamakhya AC SF Express (PT),ACSF,NFR,,,SMVB,9:30,KYQ,13:45,52h 15m,29,S,3A 2A 1A,3011 km,58 km/hr,12552
20815,Adityapur - Visakhapatnam SF Express,SF,SCoR,,,ADTP,7:30,VSKP,22:45,15h 15m,20,M,SL 3A 2A 3E,860 km,56 km/hr,20816
20816,Visakhapatnam - Adityapur SF Express,SF,SCoR,,,VSKP,15:35,ADTP,6:35,15h 0m,18,S,SL 3A 2A 3E,860 km,57 km/hr,20815
17318,Dadar Central - SSS Hubballi Express (PT),Exp,SWR,,,DR,20:05,UBL,10:45,14h 40m,19,S M T W T F S,SL 3A 2A,736 km,50 km/hr,17317
20914,Delhi Sarai Rohilla - Rajkot Weekly SF Express,SF,WR,,,DEE,13:20,RJT,7:50,18h 30m,22,F,SL 3A 2A 1A 3E,1109 km,60 km/hr,20913
16618,Coimbatore - Rameswaram Express,Exp,SR,,,CBE,19:45,RMM,5:20,9h 35m,12,T,SL 3A 2A,506 km,53 km/hr,16617
16617,Rameswaram - Coimbatore Express,Exp,SR,,,RMM,20:15,CBE,6:30,10h 15m,13,W,SL 3A 2A,506 km,49 km/hr,16618
12116,Siddheshwar SF Express,SF,CR,,,SUR,22:30,CSMT,6:30,8h 0m,10,S M T W T F S,SL 3A 2A 1A 3E,454 km,57 km/hr,12115
12115,Siddheshwar SF Express (PT),SF,CR,,,CSMT,22:40,SUR,6:45,8h 5m,10,S M T W T F S,SL 3A 2A 1A 3E,454 km,56 km/hr,12116
15211,Jan Nayak Express (UnReserved),Exp,ECR,,,DBG,17:15,ASR,1:55,32h 40m,43,S M T W T F S,,1486 km,45 km/hr,15212
14122,Mumbai LTT - Subedarganj Amrit Bharat Express,AB,NCR,28-Aug,,LTT,22:55,SFG,7:30,32h 35m,18,F,SL,1670 km,51 km/hr,14121
12726,Siddhaganga SF Express,SF,SWR,,,DWR,5:35,SBC,14:15,8h 40m,16,S M T W T F S,2S CC,490 km,57 km/hr,12725
12725,Siddhaganga SF Express,SF,SWR,,,SBC,13:00,DWR,21:40,8h 40m,16,S M T W T F S,2S CC,490 km,57 km/hr,12726
22960,Jamnagar - Vadodara Intercity Express,SF,WR,,,JAM,4:45,BRC,12:25,7h 40m,13,S M T W T F S,2S CC,431 km,56 km/hr,22959
12392,Shramjeevi SF Express (PT),SF,ECR,,,NDLS,13:10,RGD,10:40,21h 30m,32,S M T W T F S,SL 3A 2A 1A,1102 km,51 km/hr,12391
12391,Shramjeevi SF Express (PT),SF,ECR,,,RGD,7:45,NDLS,4:40,20h 55m,32,S M T W T F S,SL 3A 2A 1A,1102 km,53 km/hr,12392
12478,Shri Mata Vaishno Devi Katra - Jamnagar SF Express,SF,NR,,,SVDK,9:40,JAM,18:45,33h 5m,32,S,SL 3A 2A 1A 3E,2068 km,62 km/hr,12477
18202,Nautanwa - Durg Express (via Varanasi),Exp,SECR,,,NTV,11:35,DURG,13:00,25h 25m,24,S F,SL 3A 2A 1A 3E,1197 km,47 km/hr,18201
12566,Bihar Sampark Kranti Express (PT),SKr,ECR,,,NDLS,12:45,DBG,9:35,20h 50m,14,S M T W T F S,SL 3A 2A 1A 3E,1168 km,56 km/hr,12565
19037,Avadh Express (PT),Exp,WR,,,BDTS,22:00,BJU,23:10,49h 10m,85,S M T W T F S,SL 3A 2A 1A 3E,2255 km,46 km/hr,19038
12587,Gorakhpur - Jammu Tawi Amarnath Express (PT),SF,NER,,,GKP,14:20,JAT,12:30,22h 10m,16,M,SL 3A 2A 1A,1247 km,56 km/hr,12588
12991,Udaipur City - Jaipur Intercity Express,SF,NWR,,,UDZ,6:00,JP,13:40,7h 40m,14,S M T W T F S,2S CC 3A 3E,435 km,57 km/hr,12992
19052,Shramik Express (PT),Exp,WR,,,MFP,20:10,BL,7:05,34h 55m,17,M,SL 3A 2A,1859 km,53 km/hr,19051
19051,Shramik Express (PT),Exp,WR,,,BL,22:20,MFP,7:10,32h 50m,17,S,SL 3A 2A,1859 km,57 km/hr,19052
14803,Bhagat Ki Kothi - Jammu Tawi Express,Exp,NWR,,,BGKT,7:00,JAT,6:20,23h 20m,36,S M T W T F S,SL 3A 2A 3E,1094 km,47 km/hr,14804
12452,Shram Shakti Express,SF,NCR,,,NDLS,23:55,CNB,6:20,6h 25m,1,S M T W T F S,SL 3A 2A 1A 3E,440 km,69 km/hr,12451
12451,Shram Shakti Express (PT),SF,NCR,,,CNB,23:55,NDLS,5:55,6h 0m,1,S M T W T F S,SL 3A 2A 1A 3E,440 km,73 km/hr,12452
19223,Sabarmati - Jammu Tawi Express (PT),Exp,WR,,,SBIB,10:25,JAT,18:40,32h 15m,50,S M T W T F S,SL 3A 2A,1491 km,46 km/hr,19224
13010,Doon Express (PT),Exp,ER,,,YNRK,20:55,HWH,7:00,34h 5m,72,S M T W T F S,SL 3A 2A 1A,1533 km,45 km/hr,13009
22642,Shalimar - Thiruvananthapuram Central SF Express (PT),SF,SR,,,SHM,23:45,TVC,19:55,44h 10m,35,S T,SL 3A 2A 3E,2560 km,58 km/hr,22641
18030,Shalimar - Mumbai LTT Express (PT),Exp,SER,,,SHM,15:00,LTT,4:20,37h 20m,68,S M T W T F S,SL 3A 2A,1943 km,52 km/hr,18029
18101,Tatanagar - Jammu Tawi Express (PT),Exp,SER,,,TATA,16:55,JAT,15:00,46h 5m,59,S W F,SL 3A 2A 3E,2069 km,45 km/hr,18102
12560,Shiv Ganga Express,SF,NER,,,NDLS,20:05,BNRS,6:10,10h 5m,3,S M T W T F S,SL 3A 2A 1A 3E,755 km,75 km/hr,12559
12559,Shiv Ganga Express (PT),SF,NER,,,BNRS,22:15,NDLS,8:30,10h 15m,3,S M T W T F S,SL 3A 2A 1A 3E,755 km,74 km/hr,12560
15097,Bhagalpur - Jammu Tawi Amarnath Express (PT),Exp,NER,,,BGP,23:55,JAT,13:00,37h 5m,30,T,SL 3A 2A 1A,1780 km,48 km/hr,15098
13009,Doon Express (PT),Exp,ER,,,HWH,20:25,YNRK,7:10,34h 45m,71,S M T W T F S,SL 3A 2A 1A,1533 km,44 km/hr,13010
12565,Bihar Sampark Kranti Express (PT),SKr,ECR,,,DBG,8:15,NDLS,5:05,20h 50m,14,S M T W T F S,SL 3A 2A 1A 3E,1168 km,56 km/hr,12566
22912,Shipra Express (PT),SF,WR,,,HWH,17:45,INDB,0:15,30h 30m,35,M T S,SL 3A 2A 1A 3E,1737 km,57 km/hr,22911
22911,Shipra Express (PT),SF,WR,,,INDB,23:30,HWH,6:55,31h 25m,35,T T S,SL 3A 2A 1A 3E,1737 km,55 km/hr,22912
13151,Kolkata - Jammu Tawi Express (PT),Exp,ER,,,KOAA,11:45,JAT,8:50,45h 5m,84,S M T W T F S,SL 3A 2A 3E,1986 km,44 km/hr,13152
17210,Seshadri Express (PT),Exp,SCoR,,,CCT,17:25,SMVB,12:25,19h 0m,33,S M T W T F S,SL 3A 2A,951 km,50 km/hr,17209
17209,Seshadri Express (PT),Exp,SCoR,,,SMVB,11:30,CCT,6:30,19h 0m,33,S M T W T F S,SL 3A 2A,951 km,50 km/hr,17210
12477,Jamnagar - Shri Mata Vaishno Devi Katra SF Express (PT),SF,NR,,,JAM,8:30,SVDK,17:50,33h 20m,32,W,SL 3A 2A 1A 3E,2068 km,62 km/hr,12478
18184,Buxar - Tatanagar Express,Exp,SER,,,BXR,3:30,TATA,18:00,14h 30m,38,S M T W T F S,2S CC 3A 3E,614 km,42 km/hr,18183
12032,Amritsar - New Delhi Shatabdi Express,Shtb,NR,,,ASR,16:50,NDLS,22:50,6h 0m,6,T,CC Ex,448 km,75 km/hr,12031
12031,New Delhi - Amritsar Shatabdi Express,Shtb,NR,,,NDLS,7:20,ASR,13:30,6h 10m,6,T,CC Ex,448 km,73 km/hr,12032
12475,Hapa - Shri Mata Vaishno Devi Katra SF Express (PT),SF,NR,,,HAPA,8:45,SVDK,17:50,33h 5m,32,T,SL 3A 2A 1A 3E,2059 km,62 km/hr,12476
12028,KSR Bengaluru - MGR Chennai Central Shatabdi Express,Shtb,SWR,,,SBC,6:00,MAS,11:00,5h 0m,3,S M W T F S,CC Ex,359 km,72 km/hr,12027
12027,MGR Chennai Central - KSR Bengaluru Shatabdi Express,Shtb,SWR,,,MAS,17:30,SBC,22:25,4h 55m,3,S M W T F S,CC Ex,359 km,73 km/hr,12028
12413,Galta Dham Pooja SF Express (PT),SF,NR,,,AII,14:10,JAT,7:30,17h 20m,19,S M T W T F S,SL 3A 2A 1A 3E,1018 km,59 km/hr,12414
12867,Howrah - Puducherry SF Express (PT),SF,SER,,,HWH,23:20,PDY,8:30,33h 10m,16,S,SL 3A 2A 1A 3E,1921 km,58 km/hr,12868
11092,Pune - Bhuj Express (PT),Exp,CR,,,PUNE,20:10,BHUJ,14:30,18h 20m,23,M,SL 3A 2A,988 km,54 km/hr,11091
15910,Avadh Assam Express (PT),Exp,NFR,,,LGH,19:50,DBRG,14:15,66h 25m,95,S M T W T F S,SL 3A 2A 1A,3117 km,47 km/hr,15909
12020,Ranchi - Howrah Shatabdi Express,Shtb,ER,,,RNC,13:45,HWH,21:20,7h 35m,7,M T W T F S,CC Ex,421 km,55 km/hr,12019
12019,Howrah - Ranchi Shatabdi Express,Shtb,ER,,,HWH,6:05,RNC,13:15,7h 10m,7,M T W T F S,CC Ex,421 km,59 km/hr,12020
11450,Shri Mata Vaishno Devi Katra - Jabalpur Express,Exp,WCR,,,SVDK,22:30,JBP,4:45,30h 15m,27,W,SL 3A 2A 1A 3E,1582 km,52 km/hr,11449
12018,Dehradun - New Delhi Shatabdi Express,Shtb,NR,,,DDN,16:55,NDLS,22:50,5h 55m,6,S M T W T F S,CC Ex,314 km,53 km/hr,12017
12017,New Delhi - Dehradun Shatabdi Express,Shtb,NR,,,NDLS,6:45,DDN,12:55,6h 10m,6,S M T W T F S,CC Ex,314 km,51 km/hr,12018
20434,Jammu Mail,SF,NCR,,,SVDK,15:15,SFG,12:35,21h 20m,27,S M T W T F S,SL 3A 2A 1A 3E,1277 km,60 km/hr,20433
14122,Mumbai LTT - Subedarganj Amrit Bharat Express,AB,NCR,28-Aug,,LTT,22:55,SFG,7:30,32h 35m,18,F,SL,1670 km,51 km/hr,14121
14121,Subedarganj - Mumbai LTT Amrit Bharat Express,AB,NCR,27-Aug,,SFG,12:10,LTT,20:50,32h 40m,18,T,SL,1670 km,51 km/hr,14122
12015,New Delhi - Daurai (Ajmer) Shatabdi Express,Shtb,NR,,,NDLS,6:10,DOZ,13:35,7h 25m,9,S M T W T F S,CC Ex,451 km,61 km/hr,12016
20433,Jammu Mail (PT),SF,NCR,,,SFG,10:35,SVDK,9:20,22h 45m,27,S M T W T F S,SL 3A 2A 1A 3E,1277 km,56 km/hr,20434
12014,Amritsar - New Delhi Shatabdi Express,Shtb,NR,,,ASR,4:55,NDLS,11:02,6h 7m,6,S M T W T F S,CC Ex,448 km,73 km/hr,12013
12013,New Delhi - Amritsar Shatabdi Express,Shtb,NR,,,NDLS,16:30,ASR,23:05,6h 35m,6,S M T W T F S,CC Ex,448 km,68 km/hr,12014
13071,Howrah - Jamalpur Express (PT),Exp,ER,,,HWH,21:30,JMP,7:15,9h 45m,19,S M T W T F S,SL 3A 2A 1A 3E,467 km,48 km/hr,13072
15929,Tambaram - New Tinsukia Express (PT),Exp,NFR,,,TBM,18:40,NTSK,7:10,60h 30m,44,T,SL 3A 2A 1A,3218 km,53 km/hr,15930
20850,Rameswaram - Bhubaneswar Weekly SF Express (PT),SF,ECoR,,,RMM,9:45,BBS,18:25,32h 40m,25,S,SL 3A 2A,1895 km,58 km/hr,20849
12012,Kalka - New Delhi Shatabdi Express,Shtb,NR,,,KLK,17:45,NDLS,21:50,4h 5m,5,S M T W T F S,CC Ex,269 km,66 km/hr,12011
12011,New Delhi - Kalka Shatabdi Express,Shtb,NR,,,NDLS,7:40,KLK,11:40,4h 0m,5,S M T W T F S,CC Ex,269 km,67 km/hr,12012
18104,Amritsar - Tatanagar Jallianwala Bagh Express,Exp,SER,,,ASR,12:45,TATA,22:00,33h 15m,26,W F,SL 3A 2A 3E,1747 km,53 km/hr,18103
12008,Mysuru - MGR Chennai Central Shatabdi Express,Shtb,SR,,,MYS,14:15,MAS,21:25,7h 10m,2,S M T W F S,CC Ex EA,497 km,69 km/hr,12007
12007,M.G.R Chennai Central - Mysuru Shatabdi Express,Shtb,SR,,,MAS,6:00,MYS,13:00,7h 0m,2,S M T W F S,CC Ex EA,497 km,71 km/hr,12008
18103,Tatanagar - Amritsar Jallianwala Bagh Express,Exp,SER,,,TATA,20:30,ASR,6:30,34h 0m,26,M W,SL 3A 2A 3E,1747 km,51 km/hr,18104
12822,Dhauli Express,SF,ECoR,,,PURI,10:25,HWH,19:30,9h 5m,16,S M T W T F S,2S CC 3E,500 km,55 km/hr,12821
17050,Hyderabad - SSS Hubballi Express (PT),Exp,SCR,,,HYB,15:50,UBL,5:55,14h 5m,21,S M T W T F S,SL 3A 2A 1A,664 km,47 km/hr,17049
17049,SSS Hubballi - Hyderabad Express,Exp,SCR,,,UBL,21:00,HYB,10:00,13h 0m,21,S M T W T F S,SL 3A 2A 1A,664 km,51 km/hr,17050
12006,Kalka - New Delhi Shatabdi Express,Shtb,NR,,,KLK,6:15,NDLS,10:15,4h 0m,4,S M T W T F S,CC Ex,269 km,67 km/hr,12005
16566,Mangaluru Central - Yesvantpur Weekly Express,Exp,SWR,,,MAQ,20:00,YPR,12:50,16h 50m,18,M,SL 3A 2A,834 km,50 km/hr,16565
16565,Yesvantpur - Mangaluru Central Weekly Express,Exp,SWR,,,YPR,23:55,MAQ,16:00,16h 5m,18,S,SL 3A 2A,834 km,52 km/hr,16566
12005,New Delhi - Kalka Shatabdi Express,Shtb,NR,,,NDLS,17:15,KLK,21:15,4h 0m,4,S M T W T F S,CC Ex,269 km,67 km/hr,12006
14681,Delhi - Jalandhar City Intercity Express,Exp,NR,,,DLI,14:35,JUC,23:40,9h 5m,20,S M T W T F S,2S CC,433 km,48 km/hr,14682
12065,Ajmer - Delhi Sarai Rohilla Jan Shatabdi Express,JShtb,NWR,,,AII,5:35,DEE,11:45,6h 10m,9,M T W F S,2S CC,374 km,61 km/hr,12066
12066,Delhi Sarai Rohilla - Ajmer Jan Shatabdi Express,JShtb,NWR,,,DEE,16:15,AII,22:20,6h 5m,9,M T W F S,2S CC,374 km,61 km/hr,12065
22446,Amritsar - Kanpur Central SF Express,SF,NCR,,,ASR,12:45,CNB,4:50,16h 5m,13,T,SL 3A 2A 3E,898 km,56 km/hr,22445
22445,Kanpur Central - Amritsar SF Express (PT),SF,NCR,,,CNB,17:45,ASR,9:30,15h 45m,13,M,SL 3A 2A 3E,898 km,57 km/hr,22446
19578,Jamnagar - Tirunelveli Express (PT),Exp,WR,,,JAM,21:25,TEN,22:05,48h 40m,32,F S,SL 3A 2A 3E,2434 km,50 km/hr,19577
19577,Tirunelveli - Jamnagar Express (PT),Exp,WR,,,TEN,5:10,JAM,4:25,47h 15m,32,M T,SL 3A 2A 3E,2434 km,52 km/hr,19578
13281,Dibrugarh - Rajendra Nagar Terminal Express (PT),Exp,ECR,,,DBRG,5:00,RJPB,12:45,31h 45m,31,M,SL 3A 2A 1A 3E,1462 km,46 km/hr,13282
15231,Barauni - Gondia Express (PT),Exp,ECR,,,BJU,10:10,G,18:05,31h 55m,36,S M T W T F S,SL 3A 2A 1A 3E,1522 km,48 km/hr,15232
15232,Gondia - Barauni Express (PT),Exp,ECR,,,G,21:25,BJU,8:30,35h 5m,36,S M T W T F S,SL 3A 2A 1A 3E,1522 km,43 km/hr,15231
17236,Nagercoil - SMVT Bengaluru Express (PT),Exp,SCoR,,,NCJ,19:15,SMVB,9:30,14h 15m,13,S M T W T F S,SL 3A 2A,661 km,46 km/hr,17235
18213,Durg - Ajmer Weekly Express,Exp,SECR,,,DURG,16:00,AII,17:25,25h 25m,19,S,SL 3A 2A 1A 3E,1393 km,55 km/hr,18214
18214,Ajmer - Durg Weekly Express,Exp,SECR,,,AII,19:20,DURG,22:10,26h 50m,19,M,SL 3A 2A 1A 3E,1393 km,52 km/hr,18213
15711,Howrah - Katihar Weekly Express,Exp,NFR,,,HWH,22:00,KIR,6:50,8h 50m,9,T,SL 3A 2A,424 km,48 km/hr,15712
15712,Katihar - Howrah Weekly Express (PT),Exp,NFR,,,KIR,22:30,HWH,7:30,9h 0m,9,M,SL 3A 2A,424 km,47 km/hr,15711
18638,SMVT Bengaluru - Hatia Weekly Express (PT),Exp,SER,,,SMVB,0:30,HTE,12:20,35h 50m,26,T,SL 3A 2A,1884 km,53 km/hr,18637
15624,Kamakhya - Bhagat ki Kothi Express (PT),Exp,NFR,,,KYQ,17:30,BGKT,20:30,51h 0m,43,F,SL 3A 2A 1A,2540 km,50 km/hr,15623
16573,Yesvantpur - Puducherry Weekly Express,Exp,SWR,,,YPR,20:45,PDY,7:15,10h 30m,8,F,SL 3A 2A 1A,456 km,43 km/hr,16574
16574,Puducherry - Yesvantpur Weekly Express,Exp,SWR,,,PDY,22:25,YPR,8:20,9h 55m,8,S,SL 3A 2A 1A,456 km,46 km/hr,16573
13043,Howrah - Raxaul Express (PT),Exp,ER,,,HWH,23:00,RXL,14:05,15h 5m,19,W F,SL 3A 2A,699 km,46 km/hr,13044
13044,Raxaul - Howrah Express (PT),Exp,ER,,,RXL,21:00,HWH,12:15,15h 15m,19,T S,SL 3A 2A,699 km,46 km/hr,13043
12429,Lucknow - New Delhi AC SF Express,ACSF,NR,,,LKO,23:30,NDLS,7:30,8h 0m,4,S M T W T F S,3A 2A 1A 3E,491 km,61 km/hr,12430
12430,New Delhi - Lucknow AC SF Express,ACSF,NR,,,NDLS,23:25,LKO,7:25,8h 0m,4,S M T W T F S,3A 2A 1A 3E,491 km,61 km/hr,12429
12004,New Delhi - Lucknow Jn. Swarn Shatabdi Express,Shtb,NR,,,NDLS,6:10,LJN,13:00,6h 50m,7,S M T W T F S,CC Ex,512 km,75 km/hr,12003
16327,Madurai - Guruvayur Express,Exp,SR,,,MDU,11:35,GUV,2:10,14h 35m,52,S M T W T F S,SL 3A,518 km,36 km/hr,16328
13063,Howrah - Balurghat Express,Exp,ER,,,HWH,7:50,BLGT,17:55,10h 5m,13,M T W T F,2S SL 3A 2A,439 km,43 km/hr,13064
13064,Balurghat - Howrah Express (PT),Exp,ER,,,BLGT,20:30,HWH,5:25,8h 55m,13,M T W T F,SL 3A 2A,439 km,49 km/hr,13063
22411,Arunachal AC SF Express (PT),ACSF,NR,,,NHLN,22:00,ANVT,11:30,37h 30m,19,T S,3A 2A 1A,2106 km,56 km/hr,22412
16328,Guruvayur - Madurai Express,Exp,SR,,,GUV,5:50,MDU,19:10,13h 20m,58,S M T W T F S,SL 3A,518 km,39 km/hr,16327
12003,Lucknow Jn - New Delhi Swarn Shatabdi Express,Shtb,NR,,,LJN,15:30,NDLS,22:35,7h 5m,7,S M T W T F S,CC Ex,512 km,72 km/hr,12004
15818,Donyi Polo Express (PT),Exp,NFR,,,NHLN,21:15,SKHV,11:45,14h 30m,21,S M T W T F S,2S SL 3A 2A 1A,578 km,40 km/hr,15817
12504,Agartala - SMVT Bengaluru Humsafar Express (PT),Hms,NFR,,,AGTL,5:30,SMVB,20:10,62h 40m,31,T S,3A,3555 km,57 km/hr,12503
12503,SMVT Bengaluru - Agartala Humsafar Express (PT),Hms,NFR,,,SMVB,10:15,AGTL,2:55,64h 40m,31,T F,3A,3555 km,55 km/hr,12504
22863,Howrah - SMVT Bengaluru AC SF Express (PT),ACSF,SER,,,HWH,10:30,SMVB,15:45,29h 15m,11,M,3A 2A 1A,1937 km,66 km/hr,22864
18111,Tatanagar - Yesvantpur Weekly Express (PT),Exp,SER,,,TATA,17:45,YPR,13:40,43h 55m,39,T,SL 3A 2A 3E,2438 km,56 km/hr,18112
20985,Kota - MCTM Udhampur Weekly SF Express (PT),SF,WCR,,,KOTA,16:35,MCTM,12:10,19h 35m,18,W,SL 3A 2A 1A 3E,1112 km,57 km/hr,20986
20986,MCTM Udhampur - Kota Weekly SF Express,SF,WCR,,,MCTM,18:45,KOTA,12:40,17h 55m,18,T,SL 3A 2A 1A 3E,1112 km,62 km/hr,20985
14320,Bareilly - Indore Weekly Express,Exp,NR,,,BE,11:25,INDB,8:55,21h 30m,18,W,SL 3A 2A,1035 km,48 km/hr,14319
14319,Indore - Bareilly Weekly Express,Exp,NR,,,INDB,16:45,BE,15:20,22h 35m,18,T,SL 3A 2A,1035 km,46 km/hr,14320
22938,Rewa - Rajkot SF Express,SF,WR,,,REWA,20:45,RJT,22:20,25h 35m,22,M,SL 3A 2A 1A 3E,1601 km,63 km/hr,22937
12595,Gorakhpur - Anand Vihar Terminal Humsafar Express (via Basti),Hms,NER,,,GKP,20:00,ANVT,8:25,12h 25m,4,M T T,3A,769 km,62 km/hr,12596
22122,Lucknow - Mumbai LTT AC SF Express,ACSF,CR,,,LKO,16:00,LTT,16:30,24h 30m,9,S,3A 2A 1A,1407 km,57 km/hr,22121
12597,Gorakhpur - Mumbai CSMT Antyodaya Express,Ant,NER,,,GKP,8:30,CSMT,12:20,27h 50m,11,T,,1695 km,61 km/hr,12598
15029,Gorakhpur - Pune Weekly Express (Via Lucknow) (PT),Exp,NER,,,GKP,17:10,PUNE,2:15,33h 5m,18,T,SL 3A 2A 1A,1745 km,53 km/hr,15030
11407,Pune - Lucknow Jn. Express (PT),Exp,CR,,,PUNE,22:00,LJN,0:50,26h 50m,15,T,SL 3A 2A,1475 km,55 km/hr,11408
11408,Lucknow Jn - Pune Express (PT),Exp,CR,,,LJN,6:30,PUNE,10:50,28h 20m,15,T,SL 3A 2A,1475 km,52 km/hr,11407
22121,Mumbai LTT - Lucknow AC SF Express,ACSF,CR,,,LTT,13:35,LKO,13:20,23h 45m,9,S,3A 2A 1A,1407 km,59 km/hr,22122
12596,Anand Vihar Terminal - Gorakhpur Humsafar Express (via Basti),Hms,NER,,,ANVT,20:00,GKP,7:40,11h 40m,4,T W F,3A,769 km,66 km/hr,12595
22360,Mumbai CSMT - Patna Superfast Express (PT),SF,ECR,,,CSMT,11:05,PNBE,13:40,26h 35m,10,T F,SL 3A 2A 1A 3E,1708 km,64 km/hr,22359
22359,Patna - Mumbai CSMT Superfast Express (PT),SF,ECR,,,PNBE,13:00,CSMT,14:50,25h 50m,8,S W,SL 3A 2A 1A 3E,1706 km,66 km/hr,22360
22674,Mannargudi - Jodhpur SF Express (PT),SF,SR,,,MQ,13:15,JU,14:30,49h 15m,40,M,SL 3A 2A,2855 km,58 km/hr,22673
22967,Ahmedabad - Prayagraj Weekly SF Express (PT),SF,WR,,,ADI,16:35,PRYJ,16:50,24h 15m,19,T,SL 3A 2A,1483 km,61 km/hr,22968
22968,Prayagraj - Ahmedabad Weekly SF Express (PT),SF,WR,,,PRYJ,18:50,ADI,18:10,23h 20m,19,F,SL 3A 2A,1483 km,64 km/hr,22967
22443,Kanpur Central - Bandra Terminus SF Express (PT),SF,NCR,,,CNB,17:50,BDTS,20:55,27h 5m,20,W,SL 3A 2A 3E,1612 km,60 km/hr,22444
12581,Banaras - New Delhi SF Express (PT),SF,NER,,,BNRS,23:10,NDLS,9:45,10h 35m,5,S M T F S,SL 3A 2A 1A 3E,753 km,71 km/hr,12582
12582,New Delhi - Banaras SF Express,SF,NER,,,NDLS,22:50,BNRS,10:00,11h 10m,5,S W T F S,SL 3A 2A 1A 3E,753 km,67 km/hr,12581
20954,Ahmedabad - MGR Chennai Central SF Express (PT),SF,WR,,,ADI,9:40,MAS,15:25,29h 45m,26,S,SL 3A 2A 3E,1718 km,58 km/hr,20953
20953,MGR Chennai Central - Ahmedabad SF Express (PT),SF,WR,,,MAS,22:40,ADI,3:20,28h 40m,25,S,SL 3A 2A 3E,1718 km,60 km/hr,20954
22125,Nagpur - Amritsar AC SF Express,ACSF,CR,,,NGP,17:50,ASR,19:00,25h 10m,9,S,2S 3A 2A 1A,1541 km,61 km/hr,22126
22126,Amritsar - Nagpur AC SF Express,ACSF,CR,,,ASR,4:00,NGP,3:45,23h 45m,9,M,3A 2A 1A,1541 km,65 km/hr,22125
22444,Bandra Terminus - Kanpur Central SF Express (PT),SF,NCR,,,BDTS,5:10,CNB,7:10,26h 0m,20,F,SL 3A 2A 3E,1613 km,62 km/hr,22443
22431,Subedarganj - MCTM Udhampur SF Express (PT),SF,NCR,,,SFG,16:10,MCTM,12:45,20h 35m,16,T S,SL 3A 2A 1A 3E,1263 km,61 km/hr,22432
22432,MCTM Udhampur - Subedarganj SF Express,SF,NCR,,,MCTM,16:05,SFG,12:55,20h 50m,16,S W,SL 3A 2A 1A 3E,1263 km,61 km/hr,22431
20921,Bandra Terminus - Lucknow Jn. Weekly SF Express (PT),SF,WR,,,BDTS,12:15,LJN,14:20,26h 5m,20,S,SL 3A 2A 1A 3E,1684 km,65 km/hr,20922
20922,Lucknow Jn. - Bandra Terminus Weekly SF Express (PT),SF,WR,,,LJN,17:50,BDTS,20:55,27h 5m,20,S,SL 3A 2A 1A 3E,1684 km,62 km/hr,20921
15053,Chhapra - Gomti Nagar Express (Via Varanasi),Exp,NER,,,CPR,19:35,GTNR,7:50,12h 15m,12,S M T W T F S,SL 3A 2A 1A 3E,521 km,43 km/hr,15054
15054,Gomti Nagar - Chhapra Express (Via Varanasi),Exp,NER,,,GTNR,21:45,CPR,11:00,13h 15m,12,S M T W T F S,SL 3A 2A 1A 3E,521 km,39 km/hr,15053
15058,Anand Vihar Terminal - Gorakhpur Weekly Express,Exp,NER,,,ANVT,17:10,GKP,7:20,14h 10m,6,W,SL 3A 2A 1A 3E,748 km,53 km/hr,15057
15057,Gorakhpur - Anand Vihar Terminal Weekly Express,Exp,NER,,,GKP,20:55,ANVT,10:40,13h 45m,6,T,SL 3A 2A 1A 3E,748 km,54 km/hr,15058
15033,Patliputra - Lucknow Jn. Express,Exp,NER,,,PPTA,16:30,LJN,2:35,10h 5m,9,M T W F S,2S CC 3A 2A 3E,521 km,52 km/hr,15034
15034,Lucknow Jn. - Patliputra Express,Exp,NER,,,LJN,5:00,PPTA,14:55,9h 55m,9,M T W F S,2S CC 3A 2A 3E,521 km,52 km/hr,15033
22412,Arunachal AC SF Express,ACSF,NR,,,ANVT,16:45,NHLN,5:30,36h 45m,19,S T,3A 2A 1A,2106 km,57 km/hr,22411
15030,Pune - Gorakhpur Weekly Express (Via Lucknow) (PT),Exp,NER,,,PUNE,11:20,GKP,18:55,31h 35m,18,S,SL 3A 2A 1A,1745 km,55 km/hr,15029
15063,Ramnagar - Chandigarh Express,Exp,NER,,,RMR,5:50,CDG,13:15,7h 25m,9,M,2S SL CC 3A 2A,396 km,53 km/hr,15064
15064,Chandigarh - Ramnagar Express,Exp,NER,,,CDG,16:00,RMR,23:35,7h 35m,9,M,2S SL CC 3A 2A,396 km,52 km/hr,15063
15043,Lucknow Jn. - Kathgodam Express,Exp,NER,,,LJN,23:25,KGM,8:05,8h 40m,9,S M W T F,SL 3A 2A 3E,341 km,39 km/hr,15044
15044,Kathgodam - Lucknow Jn. Express,Exp,NER,,,KGM,11:15,LJN,19:20,8h 5m,9,M T T F S,SL 3A 2A 3E,341 km,42 km/hr,15043
19401,Sabarmati - Lucknow Express (PT),Exp,WR,,,SBIB,10:35,LKO,10:55,24h 20m,24,M,SL 3A 2A,1294 km,53 km/hr,19402
16328,Guruvayur - Madurai Express,Exp,SR,,,GUV,5:50,MDU,19:10,13h 20m,58,S M T W T F S,SL 3A,518 km,39 km/hr,16327
12003,Lucknow Jn - New Delhi Swarn Shatabdi Express,Shtb,NR,,,LJN,15:30,NDLS,22:35,7h 5m,7,S M T W T F S,CC Ex,512 km,72 km/hr,12004
22423,Gorakhpur - Amritsar Jansadharan SF Express (UnReserved),SF,NR,,,GKP,10:50,ASR,6:30,19h 40m,14,M,,1086 km,55 km/hr,22424
22857,Santragachi - Anand Vihar Terminal Weekly SF Express (PT),SF,SER,,,SRC,10:00,ANVT,8:50,22h 50m,10,M,SL 3A 2A,1572 km,69 km/hr,22858
12796,Lingampalli - Vijayawada InterCity Express (PT),SF,SCoR,,,LPI,4:40,BZA,10:35,5h 55m,5,S M T W T F S,2S CC 3E,336 km,57 km/hr,12795
12795,Vijayawada - Lingampalli InterCity Express (PT),SF,SCoR,,,BZA,17:30,LPI,23:35,6h 5m,5,S M T W T F S,2S CC 3E,336 km,55 km/hr,12796
22801,Visakhapatnam - MGR Chennai Central Weekly SF Express (PT),SF,SCoR,,,VSKP,19:00,MAS,8:00,13h 0m,13,F,SL 3A 2A,781 km,60 km/hr,22802
15656,Shri Mata Vaishno Devi Katra - Kamakhya Weekly Express,Exp,NFR,,,SVDK,3:50,KYQ,10:20,54h 30m,38,W,SL 3A 2A 1A,2560 km,47 km/hr,15655
15056,Ramnagar - Agra Fort Express,Exp,NER,,,RMR,19:45,AF,6:55,11h 10m,21,M T S,SL 3A 2A,439 km,39 km/hr,15055
15055,Agra Fort - Ramnagar Express,Exp,NER,,,AF,20:50,RMR,8:35,11h 45m,21,S T F,SL 3A 2A,439 km,37 km/hr,15056
22179,Mumbai LTT - MGR Chennai Central Weekly SF Express (PT),SF,CR,,,LTT,13:15,MAS,10:55,21h 40m,18,M,SL 3A 2A,1261 km,58 km/hr,22180
22180,MGR Chennai Central - Mumbai LTT Weekly SF Express (PT),SF,CR,,,MAS,15:50,LTT,14:30,22h 40m,15,T,SL 3A 2A,1261 km,56 km/hr,22179
22124,Ajni (Nagpur) - Pune AC SF Express,ACSF,CR,,,AJNI,19:50,PUNE,11:25,15h 35m,9,T,2S 3A 2A 1A,882 km,57 km/hr,22123
22123,Pune - Ajni (Nagpur) AC SF Express,ACSF,CR,,,PUNE,15:15,AJNI,4:50,13h 35m,9,F,2S 3A 2A 1A,882 km,65 km/hr,22124
12598,Mumbai CSMT - Gorakhpur Antyodaya Express,Ant,NER,,,CSMT,13:30,GKP,18:20,28h 50m,11,W,,1695 km,59 km/hr,12597
22842,Tambaram - Santragachi Antyodaya Express,Ant,SER,,,TBM,7:15,SRC,10:55,27h 40m,27,W,,1684 km,61 km/hr,22841
12493,Darshan SF Express (PT),SF,NR,,,MRJ,5:25,NZM,7:00,25h 35m,13,S,SL 3A 2A 1A,1794 km,70 km/hr,12494
12494,Darshan SF Express,SF,NR,,,NZM,21:40,MRJ,0:40,27h 0m,13,F,SL 3A 2A 1A,1794 km,66 km/hr,12493
22653,Thiruvananthapuram Central - Hazrat Nizamuddin SF Express (via Kottayam) (PT),SF,SR,,,TVC,22:00,NZM,22:40,48h 40m,29,F,SL 3A 2A 3E,2857 km,59 km/hr,22654
22655,Ernakulam Jn. - Hazrat Nizamuddin SF Express (PT),SF,SR,,,ERS,2:15,NZM,22:40,44h 25m,24,W,SL 3A 2A 3E,2639 km,59 km/hr,22656
22654,Hazrat Nizamuddin - Thiruvananthapuram Central SF Express (Via Kottayam),SF,SR,,,NZM,5:00,TVC,6:50,49h 50m,29,M,SL 3A 2A 3E,2857 km,57 km/hr,22653
22656,Hazrat Nizamuddin - Ernakulam Jn. SF Express,SF,SR,,,NZM,5:00,ERS,2:35,45h 35m,24,F,SL 3A 2A 3E,2639 km,58 km/hr,22655
20689,Yesvantpur - Shivamogga Town Intercity SF Express,SF,SWR,,,YPR,9:15,SMET,14:05,4h 50m,8,S M T W T F S,2S CC EV,268 km,56 km/hr,20690
22687,Mysuru - Varanasi SF Express (PT),SF,SWR,,,MYS,8:00,BSB,8:25,48h 25m,32,T T,SL CC 3A 2A,2707 km,56 km/hr,22688
22688,Varanasi - Mysuru SF Express,SF,SWR,,,BSB,21:10,MYS,21:30,48h 20m,32,T S,SL 3A 2A,2707 km,56 km/hr,22687
20690,Shivamogga Town - Yesvantpur Intercity SF Express,SF,SWR,,,SMET,15:50,YPR,20:35,4h 45m,8,S M T W T F S,2S CC EV,268 km,57 km/hr,20689
18112,Yesvantpur - Tatanagar Weekly Express (PT),Exp,SER,,,YPR,12:30,TATA,11:40,47h 10m,38,S,SL 3A 2A 3E,2438 km,52 km/hr,18111
16575,Gomteshwara Express,Exp,SWR,,,YPR,7:00,MAJN,16:40,9h 40m,12,S T T,2S SL CC 3E EV,358 km,37 km/hr,16576
16576,Gomteshwara Express,Exp,SWR,,,MAJN,7:00,YPR,16:30,9h 30m,12,M W F,2S SL CC 3E EV,358 km,38 km/hr,16575
22115,Mumbai LTT - Karmali AC SF Express,ACSF,CR,,,LTT,0:50,KRMI,12:40,11h 50m,6,T,3A 2A 1A,535 km,45 km/hr,22116
22116,Karmali - Mumbai LTT AC SF Express,ACSF,CR,,,KRMI,13:40,LTT,0:10,10h 30m,6,T,3A 2A 1A,535 km,51 km/hr,22115
22723,Hazur Sahib Nanded - Shri Ganganagar SF Express (Via Ahmedabad),SF,SCR,,,NED,6:50,SGNR,19:00,36h 10m,34,T,SL 3A 2A 1A,1994 km,55 km/hr,22724
22724,Shri Ganganagar - Hazur Sahib Nanded SF Express (via Ahmedabad) (PT),SF,SCR,,,SGNR,14:10,NED,2:20,36h 10m,34,S,SL 3A 2A 1A,1994 km,55 km/hr,22723
20667,Yesvantpur - Khatipura (Jaipur) SF Express,SF,SWR,,,YPR,12:00,KWP,6:05,42h 5m,26,T,SL 3A 2A,2467 km,59 km/hr,20668
22414,Hazrat Nizamuddin - Madgaon Rajdhani Express,Raj,NR,,,NZM,6:16,MAO,8:35,26h 19m,9,F S,3A 2A 1A,1911 km,73 km/hr,22413
22413,Madgaon - Hazrat Nizamuddin Rajdhani Express,Raj,NR,,,MAO,8:00,NZM,12:30,28h 30m,9,S M,3A 2A 1A,1911 km,67 km/hr,22414
22841,Santragachi - Tambaram Antyodaya Express,Ant,SER,,,SRC,17:55,TBM,21:30,27h 35m,27,M,,1684 km,61 km/hr,22842
22974,Puri - Gandhidham Weekly SF Express (via Vizianagaram) (PT),SF,WR,,,PURI,11:15,GIMB,5:55,42h 40m,35,S,SL 3A 2A,2435 km,57 km/hr,22973
22935,Bandra Terminus - Palitana Weekly SF Express,SF,WR,,,BDTS,16:45,PIT,6:00,13h 15m,10,T,SL 3A 2A 1A,787 km,59 km/hr,22936
19411,Gandhinagar Capital - Daulatpur Chowk Express (PT),Exp,WR,,,GNC,10:00,DLPC,12:20,26h 20m,43,S M T W T F S,SL 3A 2A,1376 km,52 km/hr,19412
19412,Daulatpur Chowk - Gandhinagar Capital Express,Exp,WR,,,DLPC,14:25,GNC,15:05,24h 40m,43,S M T W T F S,SL 3A 2A,1376 km,56 km/hr,19411
11080,Gorakhpur - Mumbai LTT Express (via Barhni),Exp,CR,,,GKP,5:05,LTT,15:10,34h 5m,26,S,SL 3A 2A,1746 km,51 km/hr,11079
11081,Mumbai LTT - Gorakhpur Weekly Express (Via Varanasi) (PT),Exp,CR,,,LTT,16:35,GKP,5:45,37h 10m,20,W,SL 3A 2A,1802 km,48 km/hr,11082
11079,Mumbai LTT - Gorakhpur Express (via Barhni) (PT),Exp,CR,,,LTT,15:45,GKP,23:10,31h 25m,26,T,SL 3A 2A,1746 km,56 km/hr,11080
11082,Gorakhpur - Mumbai LTT Weekly Express (via Varanasi) (PT),Exp,CR,,,GKP,14:20,LTT,23:55,33h 35m,20,F,SL 3A 2A,1802 km,54 km/hr,11081
12783,Visakhapatnam - Secunderabad AC SF Express (PT),ACSF,SCR,,,VSKP,19:00,SC,7:04,12h 4m,10,S,3A 2A 1A,663 km,55 km/hr,12784
12784,Secunderabad - Visakhapatnam AC SF Express (PT),ACSF,SCR,,,SC,21:40,VSKP,9:45,12h 5m,10,S,3A 2A 1A,663 km,55 km/hr,12783
17620,Hazur Sahib Nanded - Chhatrapati Sambhaji Nagar Weekly Express,Exp,SCR,,,NED,11:50,CPSN,16:50,5h 0m,6,F,SL 3A 2A,236 km,47 km/hr,17619
17619,Chhatrapati Sambhaji Nagar - Hazur Sahib Nanded Weekly Express,Exp,SCR,,,CPSN,23:30,NED,4:30,5h 0m,3,S,SL 3A 2A,236 km,47 km/hr,17620
17621,Chhatrapati Sambhajinagar - Tirupati Weekly Express,Exp,SCR,,,CPSN,20:50,TPTY,20:30,23h 40m,24,F,SL 3A 2A,1169 km,49 km/hr,17622
16328,Guruvayur - Madurai Express,Exp,SR,,,GUV,5:50,MDU,19:10,13h 20m,58,S M T W T F S,SL 3A,518 km,39 km/hr,16327
12003,Lucknow Jn - New Delhi Swarn Shatabdi Express,Shtb,NR,,,LJN,15:30,NDLS,22:35,7h 5m,7,S M T W T F S,CC Ex,512 km,72 km/hr,12004
22963,Bandra Terminus - Bhavnagar Terminus Weekly SF Express (PT),SF,WR,,,BDTS,16:45,BVC,5:45,13h 0m,16,M,SL 3A 2A,780 km,60 km/hr,22964
22964,Bhavnagar Terminus - Bandra Terminus Weekly SF Express (PT),SF,WR,,,BVC,17:45,BDTS,7:25,13h 40m,16,S,SL 3A 2A,780 km,57 km/hr,22963
22317,Sealdah - Jammu Tawi Humsafar Express,Hms,ER,,,SDAH,13:10,JAT,23:25,34h 15m,11,M,SL 3A,1948 km,57 km/hr,22318
22318,Jammu Tawi - Sealdah Humsafar Express,Hms,ER,,,JAT,7:20,SDAH,17:30,34h 10m,11,W,SL 3A,1948 km,57 km/hr,22317
19421,Ahmedabad - Patna Weekly Express (PT),Exp,WR,,,ADI,21:50,PNBE,4:10,30h 20m,27,S,SL 3A 2A,1658 km,55 km/hr,19422
22939,Okha - Bilaspur SF Express (PT),SF,WR,,,OKHA,19:05,BSP,3:00,31h 55m,25,S,SL 3A 2A 1A 3E,1867 km,58 km/hr,22940
22940,Bilaspur - Okha SF Express (PT),SF,WR,,,BSP,10:45,OKHA,18:50,32h 5m,25,M,SL 3A 2A 1A 3E,1867 km,58 km/hr,22939
19422,Patna - Ahmedabad Weekly Express (PT),Exp,WR,,,PNBE,10:15,ADI,17:45,31h 30m,27,T,SL 3A 2A,1658 km,53 km/hr,19421
16328,Guruvayur - Madurai Express,Exp,SR,,,GUV,5:50,MDU,19:10,13h 20m,58,S M T W T F S,SL 3A,518 km,39 km/hr,16327
22933,Bandra Terminus - Jaipur Weekly SF Express (PT),SF,WR,,,BDTS,17:05,JP,10:05,17h 0m,13,M,SL 3A 2A 1A,1149 km,68 km/hr,22934
22936,Palitana - Bandra Terminus Weekly SF Express (PT),SF,WR,,,PIT,20:00,BDTS,9:30,13h 30m,10,W,SL 3A 2A 1A,787 km,58 km/hr,22935
20668,Khatipura (Jaipur) - Yesvantpur Superfast Express (PT),SF,SWR,,,KWP,21:20,YPR,16:50,43h 30m,26,S,SL 3A 2A,2467 km,57 km/hr,20667
16588,Bikaner - Yesvantpur Express (PT),Exp,SWR,,,BKN,19:00,YPR,16:00,45h 0m,36,S T,SL 3A 2A,2447 km,54 km/hr,16587
16587,Yesvantpur - Bikaner Express,Exp,SWR,,,YPR,12:00,BKN,8:45,44h 45m,35,S F,SL CC 3A 2A,2447 km,55 km/hr,16588
22934,Jaipur - Bandra Terminus Weekly SF Express,SF,WR,,,JP,13:10,BDTS,6:30,17h 20m,13,T,SL 3A 2A 1A,1149 km,66 km/hr,22933
22941,Indore - MCTM Udhampur Weekly SF Express (PT),SF,WR,,,INDB,23:30,MCTM,22:20,22h 50m,17,M,SL 3A 2A 1A 3E,1476 km,65 km/hr,22942
22942,MCTM Udhampur - Indore Weekly SF Express,SF,WR,,,MCTM,11:20,INDB,11:15,23h 55m,17,W,SL 3A 2A 1A 3E,1476 km,62 km/hr,22941
22199,Sushasan Express,SF,NCR,,,GWL,14:45,BLP,6:50,16h 5m,10,W,SL 3A 2A 3E,953 km,59 km/hr,22200
22200,Sushasan Express,SF,NCR,,,BLP,12:10,GWL,5:10,17h 0m,10,T,SL 3A 2A 3E,953 km,56 km/hr,22199
13429,Malda Town - Anand Vihar Terminal Weekly Express (PT),Exp,ER,,,MLDT,9:30,ANVT,14:25,28h 55m,24,F,SL 3A 2A,1412 km,49 km/hr,13430
12049,Gatiman Express,Shtb,NR,,,VGLJ,15:00,NZM,19:30,4h 30m,2,S M T W T S,CC Ex,403 km,90 km/hr,12050
12050,Gatiman Express,Shtb,NR,,,NZM,8:10,VGLJ,12:35,4h 25m,2,S M T W T S,CC Ex,403 km,91 km/hr,12049
13430,Anand Vihar Terminal - Malda Town Weekly Express,Exp,ER,,,ANVT,17:10,MLDT,23:35,30h 25m,24,S,SL 3A 2A,1412 km,46 km/hr,13429
22858,Anand Vihar Terminal - Santragachi Weekly SF Express,SF,SER,,,ANVT,13:25,SRC,17:40,28h 15m,10,T,SL 3A 2A,1572 km,56 km/hr,22857
22802,MGR Chennai Central - Visakhapatnam Weekly SF Express (PT),SF,SCoR,,,MAS,10:00,VSKP,22:30,12h 30m,13,S,SL 3A 2A,781 km,62 km/hr,22801
19415,Sabarmati - Shri Mata Vaishno Devi Katra Express (PT),Exp,WR,,,SBIB,21:35,SVDK,6:35,33h 0m,32,S,SL 3A 2A,1716 km,52 km/hr,19416
19416,Shri Mata Vaishno Devi Katra - Sabarmati Express,Exp,WR,,,SVDK,10:50,SBIB,21:20,34h 30m,32,T,SL 3A 2A,1716 km,50 km/hr,19415
15560,Ahmedabad - Darbhanga Antyodaya Express,Ant,ECR,,,ADI,21:05,DBG,8:40,35h 35m,26,F,,1837 km,52 km/hr,15559
15559,Darbhanga - Ahmedabad Antyodaya Express,Ant,ECR,,,DBG,16:35,ADI,7:25,38h 50m,26,W,,1837 km,47 km/hr,15560
22353,Patna - SMVT Bengaluru Humsafar Express,Hms,ECR,,,PNBE,20:20,SMVB,16:35,44h 15m,20,T,3A,2691 km,61 km/hr,22354
22354,SMVT Bengaluru - Patna Humsafar Express,Hms,ECR,,,SMVB,13:50,PNBE,10:25,44h 35m,21,S,3A,2691 km,60 km/hr,22353
14714,Delhi Sarai Rohilla - Sikar Express,Exp,NWR,,,DEE,6:35,SIKR,12:50,6h 15m,11,W F,SL 3A 2A,291 km,47 km/hr,14713
14713,Sikar - Delhi Sarai Rohilla Express,Exp,NWR,,,SIKR,14:25,DEE,20:25,6h 0m,11,W F,SL 3A 2A,291 km,49 km/hr,14714
22553,Raxaul - Mumbai LTT Antyodaya SF Express (via Patliputra),Ant,ECR,,,RXL,19:10,LTT,5:50,34h 40m,16,M,,1907 km,55 km/hr,22554
22554,Mumbai LTT - Raxaul Antyodaya SF Express (via Patliputra),Ant,ECR,,,LTT,7:55,RXL,16:50,32h 55m,16,W,,1907 km,58 km/hr,22553
22810,Visakhapatnam - Paradeep Weekly SF Express,SF,SCoR,,,VSKP,23:45,PRDP,9:30,9h 45m,13,S,SL 3A 2A,554 km,57 km/hr,22809
22673,Jodhpur - Mannargudi SF Express (PT),SF,SR,,,JU,16:50,MQ,16:35,47h 45m,40,T,SL 3A 2A,2855 km,60 km/hr,22674
22809,Paradeep - Visakhapatnam Weekly SF Express,SF,SCoR,,,PRDP,22:15,VSKP,8:15,10h 0m,13,M,SL 3A 2A,554 km,55 km/hr,22810
12583,Lucknow Jn. - Anand Vihar Terminal AC Double Decker Express,DD,NER,,,LJN,4:55,ANVT,13:00,8h 5m,3,S T T F,CC,479 km,59 km/hr,12584
12584,Anand Vihar Terminal - Lucknow Jn. AC Double Decker Express,DD,NER,,,ANVT,14:05,LJN,22:25,8h 20m,3,S T T F,CC,479 km,57 km/hr,12583
12003,Lucknow Jn - New Delhi Swarn Shatabdi Express,Shtb,NR,,,LJN,15:30,NDLS,22:35,7h 5m,7,S M T W T F S,CC Ex,512 km,72 km/hr,12004
19436,Asansol - Ahmedabad Weekly Express,Exp,WR,,,ASN,19:35,ADI,12:00,40h 25m,28,S,SL 3A 2A 3E,2326 km,58 km/hr,19435
14506,Nangal Dam - Amritsar Express,Exp,NR,,,NLDM,7:20,ASR,13:05,5h 45m,10,S M T W T F S,2S SL CC 3E,287 km,50 km/hr,14505
14505,Amritsar - Nangal Dam Express,Exp,NR,,,ASR,14:00,NLDM,19:45,5h 45m,10,S M T W T F S,2S SL CC 3E,287 km,50 km/hr,14506
14615,Lalkuan - Amritsar Weekly Express (via Kashipur),Exp,NR,,,LKU,23:40,ASR,15:00,15h 20m,16,S,SL 3A 2A 3E,675 km,44 km/hr,14616
14616,Amritsar - Lalkuan Weekly Express (via Kashipur),Exp,NR,,,ASR,5:55,LKU,21:10,15h 15m,16,S,SL 3A 2A 3E,675 km,44 km/hr,14615
20805,Andhra Pradesh Express (PT),SF,SCoR,,,VSKP,22:00,NDLS,5:40,31h 40m,19,S M T W T F S,SL 3A 2A 1A,2100 km,66 km/hr,20806
20806,Andhra Pradesh Express,SF,SCoR,,,NDLS,20:00,VSKP,4:20,32h 20m,19,S M T W T F S,SL 3A 2A 1A,2100 km,65 km/hr,20805
12821,Dhauli Express (PT),SF,ECoR,,,HWH,9:10,PURI,18:15,9h 5m,16,S M T W T F S,2S CC 3E,500 km,55 km/hr,12822
18426,Durg - Puri Express (PT),Exp,ECoR,,,DURG,16:10,PURI,9:30,17h 20m,28,S M T W T F S,SL 3A 2A 1A 3E,797 km,46 km/hr,18425
12821,Dhauli Express (PT),SF,ECoR,,,HWH,9:10,PURI,18:15,9h 5m,16,S M T W T F S,2S CC 3E,500 km,55 km/hr,12822
17641,Kacheguda - Narkher InterCity Express,Exp,SCR,,,KCG,7:10,NRKR,23:00,15h 50m,26,S T W T F S,2S 3A,732 km,46 km/hr,17642
17642,Narkher - Kacheguda InterCity Express,Exp,SCR,,,NRKR,5:00,KCG,20:35,15h 35m,26,S M W T F S,2S 3A,732 km,47 km/hr,17641
17417,Tirupati - Sainagar Shirdi Weekly Express (via Raichur) (PT),Exp,SCoR,,,TPTY,8:15,SNSI,10:45,26h 30m,34,T,SL 3A 2A,1436 km,54 km/hr,17418
17418,Sainagar Shirdi - Tirupati Weekly Express (via Raichur) (PT),Exp,SCoR,,,SNSI,19:35,TPTY,22:50,27h 15m,32,W,SL 3A 2A,1436 km,53 km/hr,17417
18426,Durg - Puri Express (PT),Exp,ECoR,,,DURG,16:10,PURI,9:30,17h 20m,28,S M T W T F S,SL 3A 2A 1A 3E,797 km,46 km/hr,18425
15909,Avadh Assam Express (PT),Exp,NFR,,,DBRG,10:00,LGH,4:35,66h 35m,95,S M T W T F S,SL 3A 2A 1A,3117 km,47 km/hr,15910
22864,SMVT Bengaluru - Howrah AC SF Express,ACSF,SER,,,SMVB,11:15,HWH,17:05,29h 50m,11,W,3A 2A 1A,1937 km,65 km/hr,22863
22417,Varanasi - New Delhi Mahamana Express,SF,NR,,,BSB,18:55,NDLS,8:05,13h 10m,7,T T S,SL 3A 2A 1A,774 km,59 km/hr,22418
22418,New Delhi - Varanasi Mahamana Express,SF,NR,,,NDLS,18:40,BSB,8:25,13h 45m,7,M W F,SL 3A 2A 1A,774 km,56 km/hr,22417
20845,Bilaspur - Bikaner SF Express (PT),SF,SECR,,,BSP,18:25,BKN,3:15,32h 50m,32,T S,SL 3A 2A 1A 3E,1885 km,57 km/hr,20846
20846,Bikaner - Bilaspur SF Express (PT),SF,SECR,,,BKN,1:45,BSP,10:25,32h 40m,32,S T,SL 3A 2A 1A 3E,1884 km,58 km/hr,20845
13176,Silchar - Sealdah Kanchanjungha Express (PT),Exp,ER,,,SCL,11:35,SDAH,19:20,31h 45m,39,M W F,SL 3A 2A,1359 km,43 km/hr,13175
13175,Sealdah - Silchar Kanchanjungha Express (PT),Exp,ER,,,SDAH,6:50,SCL,14:40,31h 50m,39,M W S,SL 3A 2A,1359 km,43 km/hr,13176
14038,New Delhi - Silchar Poorvottar Sampark Kranti Express,SKr,NR,,,NDLS,23:45,SCL,19:25,43h 40m,14,T,SL 3A 2A 1A 3E,2280 km,52 km/hr,14037
14037,Silchar - New Delhi Poorvottar Sampark Kranti Express (PT),SKr,NR,,,SCL,19:10,NDLS,12:50,41h 40m,14,M,SL 3A 2A 1A 3E,2280 km,55 km/hr,14038
22420,Suhaildev SF Express (via Lucknow),SF,NR,,,ANVT,18:50,GCT,9:30,14h 40m,10,S T T S,SL 3A 2A 1A 3E,814 km,56 km/hr,22419
22419,Suhaildev SF Express (Via Lucknow) (PT),SF,NR,,,GCT,17:20,ANVT,7:55,14h 35m,10,S M W F,SL 3A 2A 1A 3E,814 km,56 km/hr,22420
15664,Silchar - Agartala Express (PT),Exp,NFR,,,SCL,8:40,AGTL,17:20,8h 40m,21,S M T W T F S,2S SL CC 3A,253 km,29 km/hr,15663
15663,Agartala - Silchar Express (PT),Exp,NFR,,,AGTL,11:15,SCL,19:45,8h 30m,21,S M T W T F S,2S SL CC 3A,253 km,30 km/hr,15664
14010,Champaran Satyagrah Express,Exp,NR,,,ANVT,23:45,BMKI,20:10,20h 25m,16,M W S,SL 3A 1A 3E,965 km,47 km/hr,14009
14009,Champaran Satyagrah Express (PT),Exp,NR,,,BMKI,21:20,ANVT,18:15,20h 55m,16,S T T,SL 3A 1A 3E,965 km,46 km/hr,14010
13206,Patliputra - Purnia Court Janhit Express,Exp,ECR,,,PPTA,9:20,PRNC,18:00,8h 40m,14,S T W T S,SL 3A 2A 3E,309 km,36 km/hr,13205
13205,Purnia Court - Patliputra Janhit Express,Exp,ECR,,,PRNC,20:25,PPTA,4:50,8h 25m,14,S T W T S,SL 3A 2A 3E,309 km,37 km/hr,13206
20931,Thiruvananthapuram North (Kochuveli) - Indore Weekly SF Express (PT),SF,WR,,,TVCN,9:10,INDB,4:30,43h 20m,30,F,SL 3A 2A 3E,2290 km,53 km/hr,20932
20932,Indore - Thiruvananthapuram North (Kochuveli) Weekly SF Express,SF,WR,,,INDB,21:40,TVCN,18:00,44h 20m,30,T,SL 3A 2A 3E,2290 km,52 km/hr,20931
17215,Machilipatnam - Dharmavaram Express,Exp,SCoR,,,MTM,19:50,DMM,9:50,14h 0m,20,S M T W T F S,SL 3A 2A,694 km,50 km/hr,17216
17216,Dharmavaram - Machilipatnam Express (PT),Exp,SCoR,,,DMM,17:50,MTM,8:35,14h 45m,20,S M T W T F S,SL 3A 2A,694 km,47 km/hr,17215
15009,Gorakhpur - Izzatnagar Express,Exp,NER,,,GKP,22:15,IZN,13:05,14h 50m,28,S M T W T F S,SL 3A 2A 1A,646 km,44 km/hr,15010
15010,Izzatnagar - Gorakhpur Express,Exp,NER,,,IZN,15:40,GKP,7:00,15h 20m,28,S M T W T F S,SL 3A 2A 1A,646 km,42 km/hr,15009
14620,Tripura Sundari Express,Exp,NR,,,FZR,13:25,AGTL,23:10,57h 45m,31,M,SL 3A 2A 1A 3E,2890 km,50 km/hr,14619
14619,Tripura Sundari Express (PT),Exp,NR,,,AGTL,15:00,FZR,22:55,55h 55m,31,T,SL 3A 2A 1A 3E,2890 km,52 km/hr,14620
55676,Dharmanagar - Agartala Passenger,Pass,NFR,,,DMR,5:40,AGTL,10:30,4h 50m,12,S M T W T F S,2S SL CC 3A,139 km,29 km/hr,55675
55675,Agartala - Dharmanagar Passenger,Pass,NFR,,,AGTL,17:55,DMR,22:40,4h 45m,12,S M T W T F S,2S SL CC 3A,139 km,29 km/hr,55676
12854,Amarkantak Express (PT),SF,SECR,,,BPL,16:00,DURG,8:05,16h 5m,27,S M T W T F S,SL 3A 2A 1A 3E,886 km,55 km/hr,12853
15059,Lalkuan - Anand Vihar Terminal Express,Exp,NER,,,LKU,4:25,ANVT,10:40,6h 15m,10,T T,2S SL CC 3A 2A,262 km,42 km/hr,15060
15060,Anand Vihar Terminal - Lalkuan Express,Exp,NER,,,ANVT,14:15,LKU,21:10,6h 55m,10,T T,2S SL CC 3A 2A,262 km,38 km/hr,15059
11301,Udyan Express (PT),Exp,CR,,,CSMT,7:55,SBC,6:00,22h 5m,31,S M T W T F S,SL 3A 2A 1A 3E,1136 km,51 km/hr,11302
16572,Bidar - Yesvantpur Express (via Vikarabad) (PT),Exp,SWR,,,BIDR,18:15,YPR,7:40,13h 25m,14,M T W F,SL 3A 2A 1A,708 km,53 km/hr,16571
12002,New Delhi - Rani Kamalapati Shatabdi Express,Shtb,NR,,,NDLS,6:00,RKMP,14:40,8h 40m,9,S M T W T F S,CC Ex,709 km,82 km/hr,12001
22922,Gorakhpur - Bandra Terminus Antyodaya Express,Ant,WR,,,GKP,3:25,BDTS,15:15,35h 50m,20,T,,2026 km,57 km/hr,22921
22921,Bandra Terminus - Gorakhpur Antyodaya Express,Ant,WR,,,BDTS,5:10,GKP,15:30,34h 20m,19,S,,2026 km,59 km/hr,22922
22914,Saharsa - Bandra Terminus Humsafar Express,Hms,WR,,,SHC,17:20,BDTS,4:45,35h 25m,15,T,2S SL 3A,2056 km,58 km/hr,22913
22913,Bandra Terminus - Saharsa Humsafar Express,Hms,WR,,,BDTS,16:45,SHC,5:10,36h 25m,15,S,2S SL 3A,2056 km,56 km/hr,22914
22868,Hazrat Nizamuddin - Durg Humsafar Express,Hms,SECR,,,NZM,11:25,DURG,9:10,21h 45m,14,W S,3A,1274 km,59 km/hr,22867
22867,Durg - Hazrat Nizamuddin Humsafar Express (PT),Hms,SECR,,,DURG,11:00,NZM,7:10,20h 10m,14,T F,3A,1273 km,63 km/hr,22868
22706,Jammu Tawi - Tirupati Humsafar Express,Hms,SCoR,,,JAT,5:45,TPTY,6:40,48h 55m,12,F,SL 3A,2985 km,61 km/hr,22705
22705,Tirupati - Jammu Tawi Humsafar Express,Hms,SCoR,,,TPTY,21:10,JAT,18:00,44h 50m,12,T,SL 3A,2985 km,67 km/hr,22706
16571,Yesvantpur - Bidar Express (via Vikarabad),Exp,SWR,,,YPR,19:15,BIDR,8:45,13h 30m,13,S M T T,SL 3A 2A 1A,708 km,52 km/hr,16572
22880,Tirupati - Bhubaneswar SF Express (PT),SF,ECoR,,,TPTY,10:25,BBS,6:15,19h 50m,19,S,SL 3A 2A 1A,1181 km,60 km/hr,22879
22837,Dharti Aaba AC SF Express (PT),ACSF,SER,,,HTE,17:25,ERS,9:45,40h 20m,29,M,3E,2245 km,56 km/hr,22838
22887,Howrah - SMVT Bengaluru Humsafar Express (PT),Hms,SER,,,HWH,12:30,SMVB,19:50,31h 20m,16,T,3A,1953 km,62 km/hr,22888
22838,Dharti Aaba AC SF Express (PT),ACSF,SER,,,ERS,23:25,HTE,15:35,40h 10m,29,W,3E,2245 km,56 km/hr,22837
22888,SMVT Bengaluru - Howrah Humsafar Express,Hms,SER,,,SMVB,10:15,HWH,19:00,32h 45m,17,T,3A,1953 km,60 km/hr,22887
22497,Shri Ganganagar - Tiruchchirappalli Humsafar Express,Hms,NWR,,,SGNR,13:45,TPJ,22:10,56h 25m,36,M,3A,3108 km,55 km/hr,22498
22498,Tiruchchirappalli - Shri Ganganagar Humsafar Express,Hms,NWR,,,TPJ,4:45,SGNR,12:20,55h 35m,36,F,3A,3108 km,56 km/hr,22497
22875,Visakhapatnam - Guntur Uday Express,Udy,SCoR,,,VSKP,5:20,GNT,13:00,7h 40m,8,M T W F S,2S CC,381 km,50 km/hr,22876
22876,Guntur - Visakhapatnam Uday Express,Udy,SCoR,,,GNT,16:00,VSKP,22:55,6h 55m,8,M T W F S,2S CC,381 km,55 km/hr,22875
22833,Bhubaneswar - SMVT Bengaluru Humsafar Express,Hms,ECoR,,,BBS,12:10,SMVB,12:45,24h 35m,18,W,3A,1516 km,62 km/hr,22834
22551,Darbhanga - Jalandhar City Antyodaya Express,Ant,ECR,,,DBG,3:25,JUC,5:10,25h 45m,14,S,,1396 km,54 km/hr,22552
22834,SMVT Bengaluru - Bhubaneswar Humsafar Express,Hms,ECoR,,,SMVB,16:40,BBS,18:25,25h 45m,18,T,3A,1516 km,59 km/hr,22833
22920,Ahmedabad - MGR Chennai Central Humsafar Express,Hms,WR,,,ADI,9:40,MAS,15:05,29h 25m,12,M,2S SL 3A,1718 km,58 km/hr,22919
22919,MGR Chennai Central - Ahmedabad Humsafar Express,Hms,WR,,,MAS,16:00,ADI,21:15,29h 15m,13,W,2S SL 3A,1718 km,59 km/hr,22920
22552,Jalandhar City - Darbhanga Antyodaya Express,Ant,ECR,,,JUC,9:50,DBG,12:05,26h 15m,14,S,,1396 km,53 km/hr,22551
22118,Amravati - Pune AC SF Express,ACSF,CR,,,AMI,18:50,PUNE,7:15,12h 25m,9,T,2S 3A 2A 1A,720 km,58 km/hr,22117
22119,Mumbai CSMT - Madgaon Tejas Express,Tjs,CR,,,CSMT,5:50,MAO,17:20,11h 30m,7,T T S,CC Ex EV,581 km,50 km/hr,22120
22120,Madgaon - Mumbai CSMT Tejas Express,Tjs,CR,,,MAO,12:50,CSMT,0:30,11h 40m,7,S W F,CC Ex EV,581 km,50 km/hr,22119
22117,Pune - Amravati AC SF Express,ACSF,CR,,,PUNE,22:00,AMI,11:00,13h 0m,9,W,2S 3A 2A 1A,720 km,55 km/hr,22118
22923,Bandra Terminus - Jamnagar Humsafar Express,Hms,WR,,,BDTS,23:55,JAM,13:55,14h 0m,12,M T S,SL 3A,813 km,58 km/hr,22924
22666,Coimbatore - KSR Bengaluru Uday Express,Udy,SR,,,CBE,5:45,SBC,12:40,6h 55m,6,S M T W T F S,2S CC,420 km,61 km/hr,22665
22665,KSR Bengaluru - Coimbatore Uday Express,Udy,SR,,,SBC,14:15,CBE,21:05,6h 50m,7,S M T W T F S,2S CC,420 km,61 km/hr,22666
22924,Jamnagar - Bandra Terminus Humsafar Express,Hms,WR,,,JAM,20:15,BDTS,9:30,13h 15m,12,S T F,SL 3A,813 km,61 km/hr,22923
22428,Bhrigu Superfast Express,SF,NR,,,ANVT,23:55,BUI,14:05,14h 10m,8,S,SL 3A 2A 3E,883 km,62 km/hr,22427
22427,Bhrigu Superfast Express,SF,NR,,,BUI,22:10,ANVT,12:35,14h 25m,8,S,SL 3A 2A 3E,883 km,61 km/hr,22428
16571,Yesvantpur - Bidar Express (via Vikarabad),Exp,SWR,,,YPR,19:15,BIDR,8:45,13h 30m,13,S M T T,SL 3A 2A 1A,708 km,52 km/hr,16572
15069,Gorakhpur - Aishbagh Intercity Express,Exp,NER,,,GKP,3:45,ASH,10:35,6h 50m,13,S M T W T F S,2S CC,344 km,50 km/hr,15070
15070,Aishbagh - Gorakhpur Intercity Express,Exp,NER,,,ASH,16:30,GKP,23:35,7h 5m,13,S M T W T F S,2S CC,344 km,49 km/hr,15069
22323,Shabd Bhedi Express (PT),SF,ER,,,KOAA,22:45,GCT,13:50,15h 5m,8,T,SL 3A 2A 3E,841 km,56 km/hr,22324
22324,Shabd Bhedi Express,SF,ER,,,GCT,22:20,KOAA,13:05,14h 45m,8,F,SL 3A 2A 3E,841 km,57 km/hr,22323
14231,Manwar Sangam Express,Exp,NR,,,PYGS,4:50,BST,11:35,6h 45m,10,M T W F S,2S SL 3A 2A,260 km,38 km/hr,14232
14232,Manwar Sangam Express,Exp,NR,,,BST,13:45,PYGS,20:05,6h 20m,10,M T W F S,2S SL 3A 2A,260 km,41 km/hr,14231
11841,Gita Jayanti Express (PT),Exp,NCR,,,KURJ,18:35,KKDE,12:05,17h 30m,24,S M T W T F S,SL 3A 2A 1A,824 km,47 km/hr,11842
11842,Gita Jayanti Express,Exp,NCR,,,KKDE,15:10,KURJ,8:00,16h 50m,24,S M T W T F S,SL 3A 2A 1A,824 km,49 km/hr,11841
12571,Gorakhpur - Anand Vihar Terminal Humsafar Express (via Barhni),Hms,NER,,,GKP,18:50,ANVT,8:25,13h 35m,8,S W F S,3A,839 km,62 km/hr,12572
12572,Anand Vihar Terminal - Gorakhpur Humsafar Express (via Barhni),Hms,NER,,,ANVT,20:00,GKP,9:15,13h 15m,8,S M T S,3A,839 km,63 km/hr,12571
15065,Gorakhpur - Panvel Express (PT),Exp,NER,,,GKP,5:05,PNVL,14:50,33h 45m,22,S M T T F,SL 3A 2A 1A,1745 km,52 km/hr,15066
15066,Panvel - Gorakhpur Express (PT),Exp,NER,,,PNVL,15:50,GKP,23:10,31h 20m,22,M T W F S,SL 3A 2A 1A,1745 km,56 km/hr,15065
15067,Gorakhpur - Bandra Terminus Weekly Express (PT),Exp,NER,,,GKP,5:05,BDTS,17:45,36h 40m,29,W,SL 3A 2A 1A,1902 km,52 km/hr,15068
15068,Bandra Terminus - Gorakhpur Weekly Express (PT),Exp,NER,,,BDTS,0:05,GKP,14:50,38h 45m,28,F,SL 3A 2A 1A,1898 km,49 km/hr,15067
13122,Ghazipur City - Kolkata Weekly Express,Exp,ER,,,GCT,13:55,KOAA,5:30,15h 35m,13,M,SL 3A 2A 3E,743 km,48 km/hr,13121
13121,Kolkata - Ghazipur City Weekly Express (PT),Exp,ER,,,KOAA,20:05,GCT,10:15,14h 10m,13,S,SL 3A 2A 3E,743 km,52 km/hr,13122
22708,Tirupati - Visakhapatnam AC Double Decker Express,DD,SCoR,,,TPTY,21:50,VSKP,10:40,12h 50m,16,S W F,CC 3E,760 km,59 km/hr,22707
22707,Visakhapatnam - Tirupati AC Double Decker Express,DD,SCoR,,,VSKP,23:00,TPTY,12:30,13h 30m,16,M T S,CC 3E,760 km,56 km/hr,22708
14801,Jodhpur - Indore Express (via Chittaurgarh),Exp,NWR,,,JU,8:00,INDB,23:05,15h 5m,34,S M T W T F S,SL 3A,738 km,49 km/hr,14802
14802,Indore - Jodhpur Express (via Chittaurgarh),Exp,NWR,,,INDB,4:20,JU,19:30,15h 10m,34,S M T W T F S,SL 3A,738 km,49 km/hr,14801
16581,Yesvantpur - Shivamogga Town Express,Exp,SWR,,,YPR,0:15,SMET,6:00,5h 45m,9,S T T,SL 3A 2A 1A,268 km,47 km/hr,16582
16582,Shivamogga Town - Yesvantpur Express,Exp,SWR,,,SMET,23:55,YPR,4:45,4h 50m,9,S T T,SL 3A 2A 1A,268 km,56 km/hr,16581
22880,Tirupati - Bhubaneswar SF Express (PT),SF,ECoR,,,TPTY,10:25,BBS,6:15,19h 50m,19,S,SL 3A 2A 1A,1181 km,60 km/hr,22879
12001,Rani Kamalapati - New Delhi Shatabdi Express,Shtb,NR,,,RKMP,15:10,NDLS,23:50,8h 40m,9,S M T W T F S,CC Ex,709 km,82 km/hr,12002
19614,Amritsar - Ajmer Express (via Dhuri),Exp,NWR,,,ASR,17:45,AII,9:00,15h 15m,23,S F,SL 3A 2A 3E,849 km,56 km/hr,19613
16791,Palaruvi Express,Exp,SR,,,TN,21:40,PGT,12:30,14h 50m,40,S M T W T F S,SL 3A,535 km,36 km/hr,16792
16792,Palaruvi Express,Exp,SR,,,PGT,16:05,TN,6:30,14h 25m,41,S M T W T F S,SL 3A,535 km,37 km/hr,16791
12001,Rani Kamalapati - New Delhi Shatabdi Express,Shtb,NR,,,RKMP,15:10,NDLS,23:50,8h 40m,9,S M T W T F S,CC Ex,709 km,82 km/hr,12002
20941,Bandra Terminus - Ghazipur City SF Express (PT),SF,WR,,,BDTS,23:25,GCT,6:45,31h 20m,26,S F,SL 3A 2A 1A,1922 km,61 km/hr,20942
20942,Ghazipur City - Bandra Terminus SF Express,SF,WR,,,GCT,19:30,BDTS,4:20,32h 50m,26,S T,SL 3A 2A 1A,1922 km,59 km/hr,20941
12087,Naharlagun - Guwahati Shatabdi Express,Shtb,NFR,,,NHLN,6:35,GHY,12:40,6h 5m,8,M T F,CC EV,332 km,55 km/hr,12088
12088,Guwahati - Naharlagun Shatabdi Express,Shtb,NFR,,,GHY,13:45,NHLN,19:50,6h 5m,8,S M T,CC EV,332 km,55 km/hr,12087
17323,SSS Hubballi - Banaras Weekly Express (PT),Exp,SWR,,,UBL,18:15,BNRS,8:45,38h 30m,23,F,SL 3A 2A 1A 3E,2038 km,53 km/hr,17324
17324,Banaras - SSS Hubballi Weekly Express,Exp,SWR,,,BNRS,20:40,UBL,9:30,36h 50m,23,S,SL 3A 2A 1A 3E,2038 km,55 km/hr,17323
20676,Vishwamanava SF Express,SF,SWR,,,MYS,7:00,BGM,20:35,13h 35m,31,S M T W T F S,2S CC,749 km,55 km/hr,20675
20675,Vishwamanava SF Express,SF,SWR,,,BGM,7:00,MYS,20:35,13h 35m,31,S M T W T F S,2S CC,749 km,55 km/hr,20676
20890,Tirupati - Howrah Humsafar Express,Hms,SER,,,TPTY,16:00,HWH,19:00,27h 0m,10,S,3A,1618 km,60 km/hr,20889
20889,Howrah - Tirupati Humsafar Express,Hms,SER,,,HWH,12:30,TPTY,13:55,25h 25m,10,S,3A,1618 km,64 km/hr,20890
16319,Thiruvananthapuram North (Kochuveli) - SMVT Bengaluru Humsafar Express,Hms,SR,,,TVCN,17:30,SMVB,10:00,16h 30m,12,T S,SL 3A,826 km,50 km/hr,16320
16320,SMVT Bengaluru - Thiruvananthapuram North (Kochuveli) Humsafar Express,Hms,SR,,,SMVB,19:00,TVCN,10:00,15h 0m,13,S F,SL 3A,826 km,55 km/hr,16319
19702,Sainik Express,Exp,NWR,,,DEC,0:07,JP,8:30,8h 23m,20,S M T W T F S,SL 3A 2A 1A,392 km,47 km/hr,19701
19701,Sainik Express,Exp,NWR,,,JP,20:45,DEC,5:15,8h 30m,21,S M T W T F S,SL 3A 2A 1A,392 km,46 km/hr,19702
19305,Dr. Ambedkar Nagar - Kamakhya Weekly Express (PT),Exp,WR,,,DADN,13:25,KYQ,12:30,47h 5m,36,T,SL 3A 2A 3E,2319 km,49 km/hr,19306
19306,Kamakhya - Dr. Ambedkar Nagar Weekly Express (PT),Exp,WR,,,KYQ,5:05,DADN,5:50,48h 45m,36,S,SL 3A 2A 3E,2319 km,48 km/hr,19305
22163,Bhopal - Khajuraho Mahamana SF Express,SF,WCR,,,BPL,6:30,KURJ,12:55,6h 25m,10,S M T W T F S,2S CC 3A,367 km,57 km/hr,22164
22164,Khajuraho - Bhopal Mahamana SF Express,SF,WCR,,,KURJ,16:30,BPL,23:05,6h 35m,10,S M T W T F S,2S CC 3A,367 km,56 km/hr,22163
22613,Shraddha Sethu SF Express (PT),SF,SR,,,RMM,23:55,AYC,4:40,52h 45m,24,S,SL 3A 2A,2921 km,55 km/hr,22614
22614,Shraddha Sethu SF Express,SF,SR,,,AYC,23:10,RMM,2:35,51h 25m,24,W,SL 3A 2A,2921 km,57 km/hr,22613
22165,Bhopal - Singrauli Urjadhani Express,SF,WCR,,,BPL,20:55,SGRL,8:55,12h 0m,11,T W S,SL 3A 2A 1A 3E,660 km,55 km/hr,22166
22166,Singrauli - Bhopal Urjadhani Express,SF,WCR,,,SGRL,19:00,BPL,7:00,12h 0m,11,T T F,SL 3A 2A 1A 3E,660 km,55 km/hr,22165
15549,Jaynagar - Patna Intercity Express,Exp,ECR,,,JYG,5:20,PNBE,13:15,7h 55m,11,S M T W T F,CC 3E,244 km,31 km/hr,15550
15550,Patna - Jaynagar Intercity Express,Exp,ECR,,,PNBE,15:10,JYG,22:00,6h 50m,11,S M T W T F,CC 3E,244 km,36 km/hr,15549
22167,Singrauli - Hazrat Nizamuddin Urjadhani Express (PT),SF,WCR,,,SGRL,10:30,NZM,4:40,18h 10m,13,S W,SL 3A 2A 1A 3E,1073 km,59 km/hr,22168
22168,Hazrat Nizamuddin - Singrauli Urjadhani Express,SF,WCR,,,NZM,23:00,SGRL,17:05,18h 5m,13,M T,SL 3A 2A 1A 3E,1073 km,59 km/hr,22167
22434,Suhaildev SF Express (via Prayagraj),SF,NR,,,ANVT,20:20,GCT,9:30,13h 10m,9,M F,SL 3A 2A 1A 3E,834 km,63 km/hr,22433
22433,Suhaildev SF Express (via Prayagraj),SF,NR,,,GCT,15:00,ANVT,5:40,14h 40m,9,T S,SL 3A 2A 1A 3E,834 km,57 km/hr,22434
14611,Ghazipur City - Shri Mata Vaishno Devi Katra Weekly Express (PT),Exp,NR,,,GCT,8:50,SVDK,12:40,27h 50m,15,F,SL 3A 2A 3E,1387 km,50 km/hr,14612
14612,Shri Mata Vaishno Devi Katra - Ghazipur City Express,Exp,NR,,,SVDK,3:50,GCT,6:10,26h 20m,15,T,SL 3A 2A 3E,1387 km,53 km/hr,14611
20904,Varanasi - Ekta Nagar Mahamana Express,SF,WR,,,BSB,5:25,EKNR,9:00,27h 35m,11,T,SL 3A 2A 1A,1613 km,58 km/hr,20903
20903,Ekta Nagar - Varanasi Mahamana Express (PT),SF,WR,,,EKNR,19:00,BSB,23:25,28h 25m,11,T,SL 3A 2A 1A,1613 km,57 km/hr,20904
20817,Bhubaneswar - New Delhi Tejas Rajdhani Express (via Sambalpur City),Raj,ECoR,,,BBS,7:15,NDLS,9:55,26h 40m,15,S,3A 2A 1A,1914 km,72 km/hr,20818
20818,New Delhi - Bhubaneswar Tejas Rajdhani Express (via Sambalpur City),Raj,ECoR,,,NDLS,17:00,BBS,20:10,27h 10m,15,S,3A 2A 1A,1914 km,70 km/hr,20817
22151,Pune - Kazipet Weekly SF Express (PT),SF,CR,,,PUNE,22:00,KZJ,19:20,21h 20m,20,F,SL 3A 2A,1174 km,55 km/hr,22152
22152,Kazipet - Pune Weekly SF Express (PT),SF,CR,,,KZJ,13:25,PUNE,10:50,21h 25m,20,S,SL 3A 2A,1174 km,55 km/hr,22151
19614,Amritsar - Ajmer Express (via Dhuri),Exp,NWR,,,ASR,17:45,AII,9:00,15h 15m,23,S F,SL 3A 2A 3E,849 km,56 km/hr,19613
16356,Mangaluru Jn. - Thiruvananthapuram North Antyodaya Express (via Alappuzha),Ant,SR,,,MAJN,20:10,TVCN,8:00,11h 50m,11,S F,,614 km,52 km/hr,16355
16355,Thiruvananthapuram North - Mangaluru Jn. Antyodaya Express (via Alappuzha),Ant,SR,,,TVCN,21:25,MAJN,9:15,11h 50m,11,T S,,614 km,52 km/hr,16356
20924,Gandhidham - Tirunelveli Humsafar Express,Hms,WR,,,GIMB,4:50,TEN,2:05,45h 15m,20,M,SL 3A,2403 km,53 km/hr,20923
20923,Tirunelveli - Gandhidham Humsafar Express (PT),Hms,WR,,,TEN,5:10,GIMB,2:35,45h 25m,20,T,SL 3A,2403 km,53 km/hr,20924
20601,MGR Chennai Central - Bodinayakkanur SF Express (PT),SF,SR,,,MAS,22:30,BDNK,8:50,10h 20m,9,S M T W T F,SL 3A 2A 1A,646 km,63 km/hr,20602
20602,Bodinayakkanur - MGR Chennai Central SF Express (PT),SF,SR,,,BDNK,20:55,MAS,7:55,11h 0m,10,S M T W T F,SL 3A 2A 1A,646 km,59 km/hr,20601
20691,Tambaram - Nagercoil Antyodaya SF Express,Ant,SR,,,TBM,22:40,NCJ,12:35,13h 55m,19,S M T W T F S,,764 km,55 km/hr,20692
20692,Nagercoil - Tambaram Antyodaya SF Express,Ant,SR,,,NCJ,15:50,TBM,5:05,13h 15m,19,S M T W T F S,,764 km,58 km/hr,20691
15114,Chhapra - Gomti Nagar Express (via Gorakhpur),Exp,NER,,,CPR,18:45,GTNR,6:35,11h 50m,19,S M T W T F S,SL 3A 2A 1A 3E,503 km,43 km/hr,15113
15113,Gomti Nagar - Chhapra Express (via Gorakhpur),Exp,NER,,,GTNR,21:10,CPR,9:15,12h 5m,19,S M T W T F S,SL 3A 2A 1A 3E,503 km,42 km/hr,15114
20827,Jabalpur - Santragachi Humsafar Express,Hms,SER,,,JBP,20:20,SRC,16:00,19h 40m,10,T,3A,1117 km,57 km/hr,20828
20828,Santragachi - Jabalpur Humsafar Express,Hms,SER,,,SRC,20:15,JBP,15:25,19h 10m,10,W,3A,1117 km,58 km/hr,20827
20501,Agartala - Anand Vihar Terminal Tejas Rajdhani Express,Raj,NFR,,,AGTL,15:00,ANVT,10:50,43h 50m,20,M,3A 2A 1A,2593 km,59 km/hr,20502
20821,Pune - Santragachi Humsafar Express,Hms,SER,,,PUNE,10:40,SRC,19:00,32h 20m,13,M,3A,2057 km,64 km/hr,20822
20822,Santragachi - Pune Humsafar Express,Hms,SER,,,SRC,17:55,PUNE,2:45,32h 50m,13,S,3A,2057 km,63 km/hr,20821
16583,Yesvantpur - Latur Express,Exp,SWR,,,YPR,19:15,LUR,12:40,17h 25m,20,W F S,SL 3A 2A 1A,854 km,49 km/hr,16584
16584,Latur - Yesvantpur Express,Exp,SWR,,,LUR,15:35,YPR,7:40,16h 5m,20,S T S,SL 3A 2A 1A,854 km,53 km/hr,16583
20502,Anand Vihar Terminal - Agartala Tejas Rajdhani Express,Raj,NFR,,,ANVT,19:50,AGTL,16:25,44h 35m,20,W,3A 2A 1A,2593 km,58 km/hr,20501
22437,Prayagraj - Anand Vihar Terminal Humsafar Express,Hms,NCR,,,PRYJ,22:30,ANVT,6:10,7h 40m,1,M W S,SL 3A,622 km,81 km/hr,22438
22438,Anand Vihar Terminal - Prayagraj Humsafar Express,Hms,NCR,,,ANVT,22:35,PRYJ,6:20,7h 45m,1,S T T,SL 3A,622 km,80 km/hr,22437
20943,Bandra Terminus - Bhagat Ki Kothi Humsafar Express (PT),Hms,WR,,,BDTS,21:45,BGKT,12:55,15h 10m,9,T,2S SL 3A,935 km,62 km/hr,20944
20944,Bhagat Ki Kothi - Bandra Terminus Humsafar Express,Hms,WR,,,BGKT,17:10,BDTS,7:35,14h 25m,9,F,2S SL 3A,935 km,65 km/hr,20943
16511,K.S.R Bengaluru - Kozhikode Express,Exp,SWR,,,SBC,21:35,CLT,12:40,15h 5m,20,S M T W T F S,SL 3A 2A 1A,590 km,39 km/hr,16512
16512,Kozhikode - K.S.R Bengaluru Express (PT),Exp,SWR,,,CLT,15:30,SBC,6:35,15h 5m,20,S M T W T F S,SL 3A 2A 1A,590 km,39 km/hr,16511
19807,Kota - Sirsa Express (Via Loharu),Exp,WCR,,,KOTA,23:45,SSA,13:20,13h 35m,26,S T W F,SL 3A 2A 3E,674 km,50 km/hr,19808
19808,Sirsa - Kota Express (Via Loharu),Exp,WCR,,,SSA,16:10,KOTA,5:15,13h 5m,26,M W T S,SL 3A 2A 3E,674 km,51 km/hr,19807
14717,Bikaner - Haridwar Express,Exp,NWR,,,BKN,23:10,HW,15:00,15h 50m,18,M W F,SL 3A,755 km,48 km/hr,14718
14718,Haridwar - Bikaner Express,Exp,NWR,,,HW,16:25,BKN,7:55,15h 30m,18,T T S,SL 3A,755 km,49 km/hr,14717
15611,Rangiya - Silchar Express (PT),Exp,NFR,,,RNY,19:00,SCL,8:30,13h 30m,16,S M T W T F S,SL 3A 2A,427 km,32 km/hr,15612
15612,Silchar - Rangiya Express (PT),Exp,NFR,,,SCL,23:00,RNY,12:40,13h 40m,16,S M T W T F S,SL 3A 2A,427 km,31 km/hr,15611
19667,Palace Queen Humsafar Express,Hms,NWR,,,UDZ,20:50,MYS,15:00,42h 10m,17,M,SL 3A,2259 km,54 km/hr,19668
19668,Palace Queen Humsafar Express,Hms,NWR,,,MYS,10:05,UDZ,3:10,41h 5m,17,T,SL 3A,2259 km,55 km/hr,19667
15125,Kashi Patna Jan Shatabdi Express,JShtb,NER,,,BNRS,6:15,PNBE,11:20,5h 5m,9,S M T W T F S,2S CC,233 km,46 km/hr,15126
15126,Patna Kashi Jan Shatabdi Express,JShtb,NER,,,PNBE,16:40,BNRS,22:25,5h 45m,9,S M T W T F S,2S CC,233 km,41 km/hr,15125
22987,Ajmer - Agra Fort SF Express,SF,NWR,,,AII,5:55,AF,12:40,6h 45m,13,S M T W T F S,2S CC 3A,375 km,56 km/hr,22988
22988,Agra Fort - Ajmer SF Express,SF,NWR,,,AF,14:35,AII,21:20,6h 45m,13,S M T W T F S,2S CC 3A,375 km,56 km/hr,22987
15705,Champaran Humsafar Express (PT),Hms,NFR,,,KIR,8:10,DLI,11:45,27h 35m,19,M T,2S SL 3A,1420 km,51 km/hr,15706
15706,Champaran Humsafar Express,Hms,NFR,,,DLI,16:35,KIR,18:35,26h 0m,19,T F,2S SL 3A,1420 km,55 km/hr,15705
15642,Barak Brahmaputra Express (PT),Exp,NFR,,,NTSK,17:30,SCL,9:15,15h 45m,9,S,SL 3A 2A 3E,566 km,36 km/hr,15641
15641,Barak Brahmaputra Express (PT),Exp,NFR,,,SCL,19:10,NTSK,10:20,15h 10m,9,S,SL 3A 2A 3E,566 km,37 km/hr,15642
15626,Agartala - Deoghar Weekly Express (PT),Exp,NFR,,,AGTL,18:40,DGHR,5:40,35h 0m,25,S,SL 3A 2A,1473 km,42 km/hr,15625
15625,Deoghar - Agartala Weekly Express (PT),Exp,NFR,,,DGHR,19:55,AGTL,6:55,35h 0m,25,M,SL 3A 2A,1473 km,42 km/hr,15626
12001,Rani Kamalapati - New Delhi Shatabdi Express,Shtb,NR,,,RKMP,15:10,NDLS,23:50,8h 40m,9,S M T W T F S,CC Ex,709 km,82 km/hr,12002
20656,SSS Hubballi - Yesvantpur Weekly SF Express,SF,SWR,,,UBL,11:45,YPR,19:20,7h 35m,6,S,SL CC 3A 2A,464 km,61 km/hr,20655
19614,Amritsar - Ajmer Express (via Dhuri),Exp,NWR,,,ASR,17:45,AII,9:00,15h 15m,23,S F,SL 3A 2A 3E,849 km,56 km/hr,19613
20917,Indore - Puri Humsafar Express,Hms,WR,,,INDB,15:05,PURI,18:45,27h 40m,15,T,2S SL 3A,1601 km,58 km/hr,20918
20915,Charlapalli - Indore Humsafar Express,Hms,WR,,,CHZ,20:45,INDB,0:15,27h 30m,12,S,2S SL 3A,1577 km,57 km/hr,20916
20916,Indore - Charlapalli Humsafar Express,Hms,WR,,,INDB,11:15,CHZ,14:15,27h 0m,12,S,2S SL 3A,1577 km,58 km/hr,20915
22548,Gandhigram - Gwalior SF Express (PT),SF,NCR,,,GG,16:40,GWL,9:25,16h 45m,17,T F S,SL 3A 2A 3E,985 km,59 km/hr,22547
22547,Gwalior - Gandhigram SF Express (PT),SF,NCR,,,GWL,20:10,GG,12:00,15h 50m,17,S W S,SL 3A 2A 3E,985 km,62 km/hr,22548
19320,Indore - Veraval Mahamana Express,Exp,WR,,,INDB,22:20,VRL,16:25,18h 5m,10,T,SL 3A 2A 1A,937 km,52 km/hr,19319
19319,Veraval - Indore Mahamana Express,Exp,WR,,,VRL,22:20,INDB,17:05,18h 45m,10,W,SL 3A 2A 1A,937 km,50 km/hr,19320
15114,Chhapra - Gomti Nagar Express (via Gorakhpur),Exp,NER,,,CPR,18:45,GTNR,6:35,11h 50m,19,S M T W T F S,SL 3A 2A 1A 3E,503 km,43 km/hr,15113
15113,Gomti Nagar - Chhapra Express (via Gorakhpur),Exp,NER,,,GTNR,21:10,CPR,9:15,12h 5m,19,S M T W T F S,SL 3A 2A 1A 3E,503 km,42 km/hr,15114
12338,Shantiniketan Express,SF,ER,,,BHP,13:15,HWH,16:00,2h 45m,2,S M T W T F S,2S CC,146 km,53 km/hr,12337
12092,Naini - Doon Jan Shatabdi Express,JShtb,NER,,,KGM,5:25,DDN,12:40,7h 15m,8,S M T T S,2S CC,335 km,46 km/hr,12091
12091,Doon - Naini Jan Shatabdi Express,JShtb,NER,,,DDN,15:55,KGM,23:40,7h 45m,8,S M T T S,2S CC,335 km,43 km/hr,12092
22879,Bhubaneswar - Tirupati SF Express (PT),SF,ECoR,,,BBS,12:10,TPTY,8:30,20h 20m,19,S,SL 3A 2A 1A,1181 km,58 km/hr,22880
12653,Rock Fort SF Express (PT),SF,SR,,,MS,23:30,TPJ,5:00,5h 30m,11,S M T W T F S,SL 3A 2A 1A,337 km,61 km/hr,12654
12337,Shantiniketan Express,SF,ER,,,HWH,10:00,BHP,12:15,2h 15m,2,S M T W T F S,2S CC,146 km,65 km/hr,12338
20497,Rameswaram - Firozpur Cantt. Humsafar Express,Hms,NR,,,RMM,22:50,FZR,13:55,63h 5m,41,T,SL 3A,3544 km,56 km/hr,20498
22172,Rani Kamalapati - Pune Humsafar Express,Hms,WCR,,,RKMP,15:40,PUNE,6:25,14h 45m,7,S,3A,885 km,60 km/hr,22171
12653,Rock Fort SF Express (PT),SF,SR,,,MS,23:30,TPJ,5:00,5h 30m,11,S M T W T F S,SL 3A 2A 1A,337 km,61 km/hr,12654
18250,Hasdeo Express,Exp,SECR,,,KRBA,6:30,R,10:35,4h 5m,7,S M T W T F S,2S CC 3A,199 km,49 km/hr,18249
18249,Hasdeo Express,Exp,SECR,,,R,18:00,KRBA,21:50,3h 50m,7,S M T W T F S,2S CC 3A,199 km,52 km/hr,18250
22169,Rani Kamalapati - Santragachi Humsafar Express,Hms,WCR,,,RKMP,14:25,SRC,16:00,25h 35m,14,W,SL 3A,1434 km,56 km/hr,22170
22170,Santragachi - Rani Kamalapati Humsafar Express,Hms,WCR,,,SRC,20:15,RKMP,20:05,23h 50m,14,T,SL 3A,1434 km,60 km/hr,22169
19670,Patliputra - Udaipur City Humsafar Express,Hms,NWR,,,PPTA,0:05,UDZ,8:05,32h 0m,20,F,SL 3A,1563 km,49 km/hr,19669
19669,Udaipur City - Patliputra Humsafar Express,Hms,NWR,,,UDZ,12:50,PPTA,20:15,31h 25m,20,W,SL 3A,1563 km,50 km/hr,19670
12751,Hazur Sahib Nanded - Jammu Tawi Humsafar Express,Hms,SCR,,,NED,11:05,JAT,23:25,36h 20m,24,F,SL 3A,2103 km,58 km/hr,12752
12752,Jammu Tawi - Hazur Sahib Nanded Humsafar Express,Hms,SCR,,,JAT,5:45,NED,15:55,34h 10m,24,S,SL 3A,2103 km,62 km/hr,12751
12337,Shantiniketan Express,SF,ER,,,HWH,10:00,BHP,12:15,2h 15m,2,S M T W T F S,2S CC,146 km,65 km/hr,12338
15907,Tinsukia - Naharlagun Express,Exp,NFR,,,TSK,13:35,NHLN,19:30,5h 55m,9,S T W F S,CC,223 km,38 km/hr,15908
15908,Naharlagun - Tinsukia Express,Exp,NFR,,,NHLN,5:45,TSK,11:30,5h 45m,10,S M W T S,CC,223 km,39 km/hr,15907
19612,Amritsar - Ajmer Express (via Firozpur Cantt.),Exp,NWR,,,ASR,13:25,AII,9:00,19h 35m,29,T T,SL 3A 2A 3E,1008 km,51 km/hr,19611
14036,Dhauladhar Express,Exp,NR,,,PTK,23:40,DEE,9:10,9h 30m,16,T T S,SL 3A 2A 1A,492 km,52 km/hr,14035
15911,Tinsukia - Naharlagun Express,Exp,NFR,,,TSK,15:35,NHLN,21:50,6h 15m,9,S W T,2S CC,223 km,36 km/hr,15912
15912,Naharlagun - Tinsukia Express,Exp,NFR,,,NHLN,7:40,TSK,14:00,6h 20m,9,M T F,2S CC,223 km,35 km/hr,15911
13181,Kaziranga Express (PT),Exp,ER,,,KOAA,9:05,SHTT,8:10,23h 5m,18,M,SL 3A 2A 3E,1175 km,51 km/hr,13182
13182,Kaziranga Express (PT),Exp,ER,,,SHTT,13:45,KOAA,12:05,22h 20m,18,T,SL 3A 2A 3E,1175 km,53 km/hr,13181
22221,Mumbai CSMT - Hazrat Nizamuddin Rajdhani Express,Raj,CR,,,CSMT,16:00,NZM,9:55,17h 55m,8,S M T W T F S,3A 2A 1A,1537 km,86 km/hr,22222
22222,Hazrat Nizamuddin - Mumbai CSMT Rajdhani Express,Raj,CR,,,NZM,16:55,CSMT,11:15,18h 20m,8,S M T W T F S,3A 2A 1A,1537 km,84 km/hr,22221
19337,Indore - Delhi Sarai Rohilla Weekly Express,Exp,WR,,,INDB,19:50,DEE,12:30,16h 40m,13,S,SL 3A 2A 3E,936 km,56 km/hr,19338
19338,Delhi Sarai Rohilla - Indore Weekly Express,Exp,WR,,,DEE,15:00,INDB,8:30,17h 30m,13,M,SL 3A 2A 3E,936 km,53 km/hr,19337
19333,Indore - Bikaner Mahamana Express,Exp,WR,,,INDB,13:40,BKN,8:40,19h 0m,19,S,SL 3A 2A 1A,961 km,51 km/hr,19334
19334,Bikaner - Indore Mahamana Express,Exp,WR,,,BKN,13:30,INDB,8:30,19h 0m,19,S,SL 3A 2A 1A,961 km,51 km/hr,19333
20936,Indore - Gandhidham Weekly SF Express,SF,WR,,,INDB,23:30,GIMB,14:05,14h 35m,9,S,SL 3A 2A 1A 3E,806 km,55 km/hr,20935
20935,Gandhidham - Indore Weekly SF Express,SF,WR,,,GIMB,18:25,INDB,8:55,14h 30m,9,M,SL 3A 2A 1A 3E,806 km,56 km/hr,20936
12089,KSR Bengaluru - Shivamogga Town Janshatabdi Express,JShtb,SWR,,,SBC,17:15,SMET,21:40,4h 25m,8,S M T W T F S,2S CC,274 km,62 km/hr,12090
12090,Shivamogga Town - KSR Bengaluru Janshatabdi Express,JShtb,SWR,,,SMET,5:15,SBC,9:50,4h 35m,8,S M T W T F S,2S CC,274 km,60 km/hr,12089
12236,Anand Vihar Terminal - Madhupur Humsafar Express,Hms,NR,,,ANVT,17:20,MDP,10:20,17h 0m,10,T,SL 3A 3E,1236 km,73 km/hr,12235
12235,Madhupur - Anand Vihar Terminal Humsafar Express,Hms,NR,,,MDP,17:05,ANVT,10:50,17h 45m,10,F,SL 3A 3E,1236 km,70 km/hr,12236
22141,Pune - Nagpur Humsafar Express,Hms,CR,,,PUNE,22:00,NGP,13:05,15h 5m,8,T,3A 2A,885 km,59 km/hr,22142
22142,Nagpur - Pune Humsafar Express,Hms,CR,,,NGP,15:15,PUNE,6:25,15h 10m,7,F,3A 2A,885 km,58 km/hr,22141
12440,Shri Ganganagar - Hazur Sahib Nanded SF Express (Via Hanumangarh),SF,NWR,,,SGNR,13:25,NED,21:40,32h 15m,27,F,SL 3A 2A 3E,1993 km,62 km/hr,12439
12439,Hazur Sahib Nanded - Shri Ganganagar SF Express (via Hanumangarh) (PT),SF,NWR,,,NED,11:05,SGNR,19:50,32h 45m,27,S,SL 3A 2A 3E,1993 km,61 km/hr,12440
14115,Dr. Ambedkar Nagar - Prayagraj Express (PT),Exp,NCR,,,DADN,11:15,PRYJ,6:00,18h 45m,21,S M T W T F S,SL 3A 2A 3E,948 km,51 km/hr,14116
14116,Prayagraj - Dr. Ambedkar Nagar Express (PT),Exp,NCR,,,PRYJ,15:10,DADN,9:40,18h 30m,21,S M T W T F S,SL 3A 2A 3E,948 km,51 km/hr,14115
22139,Pune - Ajni Humsafar Express,Hms,CR,,,PUNE,22:00,AJNI,12:50,14h 50m,7,S,3A 2A,882 km,59 km/hr,22140
22140,Ajni - Pune Humsafar Express,Hms,CR,,,AJNI,19:50,PUNE,11:25,15h 35m,7,S,3A 2A,882 km,57 km/hr,22139
16585,SMVT Bengaluru - Murdeshwar Express,Exp,SWR,,,SMVB,19:45,MRDW,13:50,18h 5m,23,S M T W T F S,SL 3A 2A 1A,622 km,34 km/hr,16586
16586,Murdeshwar - SMVT Bengaluru Express,Exp,SWR,,,MRDW,14:25,SMVB,7:15,16h 50m,23,S M T W T F S,SL 3A 2A 1A,622 km,37 km/hr,16585
22672,Madurai - Chennai Egmore Tejas Express (PT),Tjs,SR,,,MDU,15:30,MS,21:45,6h 15m,3,S M T W F S,CC Ex,493 km,79 km/hr,22671
22671,Chennai Egmore - Madurai Tejas Express (PT),Tjs,SR,,,MS,6:00,MDU,12:10,6h 10m,3,S M T W F S,CC Ex,493 km,80 km/hr,22672
18640,Ranchi - Ara Express (PT),Exp,SER,,,RNC,20:45,ARA,8:10,11h 25m,10,M T S,SL 3A 2A,515 km,45 km/hr,18639
18639,Ara - Ranchi Express,Exp,SER,,,ARA,9:30,RNC,20:45,11h 15m,10,S T F,SL 3A 2A,515 km,46 km/hr,18640
11099,Mumbai LTT - Madgaon Express,Exp,CR,,,LTT,0:45,MAO,14:40,13h 55m,10,S F,SL 3A 2A 1A,564 km,41 km/hr,11100
11100,Madgaon - Mumbai LTT Express,Exp,CR,,,MAO,11:30,LTT,23:45,12h 15m,10,M S,SL 3A 2A 1A,564 km,46 km/hr,11099
17603,Kacheguda - Yelahanka Express (PT),Exp,SCR,,,KCG,21:05,YNK,9:35,12h 30m,14,S M T W T F S,SL 3A 2A 1A 3E,653 km,52 km/hr,17604
18102,Jammu Tawi - Tatanagar Express,Exp,SER,,,JAT,14:20,TATA,10:20,44h 0m,60,M W S,SL 3A 2A 3E,2069 km,47 km/hr,18101
15551,Darbhanga - Varanasi City Antyodaya Express,Ant,ECR,,,DBG,21:00,BCY,6:10,9h 10m,8,W,,405 km,44 km/hr,15552
15552,Varanasi City - Darbhanga Antyodaya Express,Ant,ECR,,,BCY,9:25,DBG,21:05,11h 40m,8,T,,405 km,35 km/hr,15551
20483,Bhagat ki Kothi - Dadar Western SF Express,SF,NWR,,,BGKT,20:00,DDR,12:50,16h 50m,16,M T,SL 3A 2A 3E,946 km,56 km/hr,20484
20485,Jaisalmer - Sabarmati Intercity SF Express (via Jalor),SF,NWR,23-May,,JSM,6:30,SBIB,20:00,13h 30m,17,S M T W T F S,SL 3A 2A,750 km,56 km/hr,20486
20486,Sabarmati - Jaisalmer Intercity SF Express (via Jalor),SF,NWR,,,SBIB,7:00,JSM,20:30,13h 30m,17,S M T W T F S,SL 3A 2A,750 km,56 km/hr,20485
20905,Ekta Nagar - Rewa Mahamana Express,SF,WR,,,EKNR,19:00,REWA,17:30,22h 30m,15,F,SL 3A 2A 1A,1336 km,59 km/hr,20906
20906,Rewa - Ekta Nagar Mahamana Express,SF,WR,,,REWA,20:45,EKNR,17:40,20h 55m,15,S,SL 3A 2A 1A,1336 km,64 km/hr,20905
22997,Jhalawar City - Shri Ganganagar SF Express,SF,WCR,,,JLWC,15:55,SGNR,10:10,18h 15m,31,S W T,SL 3A 2A 1A 3E,1035 km,57 km/hr,22998
22998,Shri Ganganagar - Jhalawar City SF Express,SF,WCR,,,SGNR,17:30,JLWC,12:05,18h 35m,31,T W S,SL 3A 2A 1A 3E,1035 km,56 km/hr,22997
12753,Marathwada Sampark Kranti Express,SKr,SCR,,,NED,9:00,NZM,10:30,25h 30m,9,T,SL 3A 2A,1626 km,64 km/hr,12754
12754,Marathwada Sampark Kranti Express,SKr,SCR,,,NZM,22:40,NED,0:35,25h 55m,9,W,SL 3A 2A,1626 km,63 km/hr,12753
17603,Kacheguda - Yelahanka Express (PT),Exp,SCR,,,KCG,21:05,YNK,9:35,12h 30m,14,S M T W T F S,SL 3A 2A 1A 3E,653 km,52 km/hr,17604
18102,Jammu Tawi - Tatanagar Express,Exp,SER,,,JAT,14:20,TATA,10:20,44h 0m,60,M W S,SL 3A 2A 3E,2069 km,47 km/hr,18101
19310,Shanti Express (PT),Exp,WR,,,INDB,23:00,ADI,8:20,9h 20m,14,S M T W T F S,SL 3A 2A 1A,526 km,56 km/hr,19309
22479,Sarbat Da Bhala Express,SF,NR,,,NDLS,7:00,LNK,14:50,7h 50m,15,S T W T S,2S CC,438 km,56 km/hr,22480
22480,Sarbat Da Bhala Express,SF,NR,,,LNK,15:35,NDLS,23:30,7h 55m,15,S T W T S,2S CC,438 km,55 km/hr,22479
22485,New Delhi - Firozpur Cantt. Intercity SF Express,SF,NR,,,NDLS,7:00,FZR,14:50,7h 50m,13,M F,2S CC,452 km,58 km/hr,22486
22486,Firozpur Cantt. - New Delhi Intercity SF Express,SF,NR,,,FZR,15:35,NDLS,23:30,7h 55m,13,M F,2S CC,452 km,57 km/hr,22485
12743,Vikramasimhapuri Amaravati Intercity Express,SF,SCoR,,,GDR,6:00,BZA,10:45,4h 45m,7,S M T W T F S,2S CC 3E,294 km,62 km/hr,12744
12744,Vikramasimhapuri Amaravati Intercity Express,SF,SCoR,,,BZA,18:00,GDR,22:45,4h 45m,7,S M T W T F S,2S CC 3E,294 km,62 km/hr,12743
13282,Rajendra Nagar Terminal - Dibrugarh Express (PT),Exp,ECR,,,RJPB,14:45,DBRG,22:25,31h 40m,31,S,SL 3A 2A 1A 3E,1462 km,46 km/hr,13281
20653,KSR Bengaluru - Belagavi SF Express (PT),SF,SWR,,,SBC,21:00,BGM,6:40,9h 40m,6,S M T W T F S,SL 3A 2A 1A 3E,612 km,63 km/hr,20654
20654,Belagavi - KSR Bengaluru SF Express,SF,SWR,,,BGM,22:00,SBC,7:30,9h 30m,6,S M T W T F S,SL 3A 2A 1A 3E,612 km,64 km/hr,20653
17314,MGR Chennai Central - SSS Hubballi Express (via Ballari) (PT),Exp,SWR,,,MAS,15:50,UBL,4:50,13h 0m,8,T S,SL 3A 2A 1A,705 km,54 km/hr,17313
17313,SSS Hubballi - MGR Chennai Central Express (via Ballari) (PT),Exp,SWR,,,UBL,21:35,MAS,11:10,13h 35m,9,W F,SL 3A 2A 1A,705 km,52 km/hr,17314
13168,Agra Cantt. - Kolkata Weekly Express (PT),Exp,ER,,,AGC,5:00,KOAA,8:50,27h 50m,20,S,SL 3A 2A 3E,1465 km,53 km/hr,13167
19309,Shanti Express (PT),Exp,WR,,,ADI,19:00,INDB,5:45,10h 45m,14,S M T W T F S,SL 3A 2A,526 km,49 km/hr,19310
12988,Ajmer - Sealdah SF Express (PT),SF,NWR,,,AII,12:50,SDAH,15:50,27h 0m,21,S M T W T F S,SL 3A 2A 1A 3E,1644 km,61 km/hr,12987
20975,Howrah - Agra Cantt. Chambal Express (PT),SF,NCR,,,HWH,17:45,AGC,19:00,25h 15m,32,T,SL 3A 2A 1A 3E,1406 km,56 km/hr,20976
20976,Agra Cantt. - Howrah Chambal Express,SF,NCR,,,AGC,5:45,HWH,6:55,25h 10m,32,T,SL 3A 2A 1A 3E,1406 km,56 km/hr,20975
20484,Dadar Western - Bhagat Ki Kothi SF Express (PT),SF,NWR,,,DDR,15:00,BGKT,7:30,16h 30m,16,T F,SL 3A 2A 3E,946 km,57 km/hr,20483
20913,Rajkot - Delhi Sarai Rohilla Weekly SF Express,SF,WR,,,RJT,15:10,DEE,9:55,18h 45m,22,T,SL 3A 2A 1A 3E,1109 km,59 km/hr,20914
19308,Una Himachal - Indore Express,Exp,WR,,,UHL,13:50,INDB,15:00,25h 10m,26,F S,SL 3A 2A 1A 3E,1319 km,52 km/hr,19307
12498,Shan-e-Punjab Express,SF,NR,,,ASR,15:10,NDLS,22:30,7h 20m,12,S M T W T F S,2S CC,448 km,61 km/hr,12497
82902,Ahmedabad - Mumbai Central IRCTC Tejas Express,Tjs,WR,,,ADI,6:35,MMCT,13:20,6h 45m,6,S M T W F S,CC Ex,493 km,73 km/hr,82901
82901,Mumbai Central - Ahmedabad IRCTC Tejas Express,Tjs,WR,,,MMCT,15:55,ADI,22:30,6h 35m,6,S M T W F S,CC Ex,493 km,75 km/hr,82902
20403,Prayagraj - Lalgarh SF Express (Via Loharu) (PT),SF,NCR,,,PRYJ,23:05,LGH,22:35,23h 30m,33,S W F,SL 3A 2A 1A 3E,1322 km,56 km/hr,20404
16022,Kaveri Express (PT),Exp,SR,,,AP,20:40,MAS,6:45,10h 5m,21,S M T W T F S,SL 3A 2A 1A,502 km,50 km/hr,16021
18248,Rewa - Bilaspur Express,Exp,SECR,,,REWA,22:05,BSP,9:20,11h 15m,26,S M T W T F S,SL 3A,467 km,42 km/hr,18247
22465,Baba Baidyanath Dham Deoghar SF Express (PT),SF,NR,,,MDP,12:00,ANVT,6:30,18h 30m,10,T,SL 3A 2A 3E,1236 km,67 km/hr,22466
22466,Baba Baidyanath Dham Deoghar SF Express,SF,NR,,,ANVT,12:40,MDP,5:30,16h 50m,10,W,SL 3A 2A 3E,1236 km,73 km/hr,22465
22460,Baba Baidyanath Dham Deoghar Humsafar Express,Hms,NR,,,ANVT,12:40,MDP,5:30,16h 50m,10,M,SL 3A 3E,1236 km,73 km/hr,22459
22459,Baba Baidyanath Dham Deoghar Humsafar Express,Hms,NR,,,MDP,12:00,ANVT,6:30,18h 30m,10,T,SL 3A 3E,1236 km,67 km/hr,22460
19813,Kota - Sirsa Express (via Churu),Exp,WCR,,,KOTA,23:45,SSA,13:20,13h 35m,24,M T S,SL 3A 2A 3E,650 km,48 km/hr,19814
19814,Sirsa - Kota Express (Via Churu),Exp,WCR,,,SSA,16:10,KOTA,5:15,13h 5m,24,S T F,SL 3A 2A 3E,650 km,50 km/hr,19813
20413,Kashi Mahakal SF Express (Via Lucknow),SF,NR,,,BSB,14:00,INDB,9:00,19h 0m,8,T T,SL 3A 2A 1A 3E,1135 km,60 km/hr,20414
20415,Kashi Mahakal SF Express (via Prayagraj),SF,NR,,,BSB,15:15,INDB,9:00,17h 45m,8,S,SL 3A 2A 1A 3E,1082 km,61 km/hr,20416
20414,Kashi Mahakal SF Express (Via Lucknow),SF,NR,,,INDB,10:15,BSB,5:45,19h 30m,8,W F,SL 3A 2A 1A 3E,1135 km,58 km/hr,20413
12497,Shan-e-Punjab Express,SF,NR,,,NDLS,6:40,ASR,14:15,7h 35m,11,S M T W T F S,2S CC,448 km,59 km/hr,12498
12979,Bandra Terminus - Jaipur SF Express (PT),SF,NWR,,,BDTS,17:05,JP,10:05,17h 0m,16,T T S,SL 3A 2A 1A 3E,1149 km,68 km/hr,12980
16596,Panchaganga Express,Exp,SWR,,,KAWR,18:00,SBC,7:15,13h 15m,19,S M T W T F S,SL 3A 2A 1A 3E,612 km,46 km/hr,16595
12497,Shan-e-Punjab Express,SF,NR,,,NDLS,6:40,ASR,14:15,7h 35m,11,S M T W T F S,2S CC,448 km,59 km/hr,12498
12979,Bandra Terminus - Jaipur SF Express (PT),SF,NWR,,,BDTS,17:05,JP,10:05,17h 0m,16,T T S,SL 3A 2A 1A 3E,1149 km,68 km/hr,12980
14035,Dhauladhar Express,Exp,NR,,,DEE,23:20,PTK,8:20,9h 0m,15,M W F,SL 3A 2A 1A,492 km,55 km/hr,14036
20852,Puducherry - Bhubaneswar SF Express (PT),SF,ECoR,,,PDY,18:50,BBS,18:25,23h 35m,17,W,SL 3A 2A,1425 km,60 km/hr,20851
17411,Mahalaxmi Express (PT),Exp,SCoR,,,CSMT,20:15,KOP,7:20,11h 5m,13,S M T W T F S,SL 2A 1A 3E,518 km,47 km/hr,17412
18520,Mumbai LTT - Visakhapatnam Express (Via Vijayawada) (PT),Exp,SCoR,,,LTT,6:55,VSKP,10:50,27h 55m,23,S M T W T F S,SL 3A 2A 1A,1495 km,54 km/hr,18519
22641,Thiruvananthapuram Central - Shalimar SF Express (PT),SF,SR,,,TVC,16:55,SHM,12:30,43h 35m,35,T S,SL 3A 2A 3E,2560 km,59 km/hr,22642
22355,Patliputra - Chandigarh SF Express (PT),SF,ECR,,,PPTA,20:40,CDG,17:25,20h 45m,14,S W,SL 3A 2A 1A 3E,1153 km,56 km/hr,22356
22356,Chandigarh - Patliputra SF Express,SF,ECR,,,CDG,21:30,PPTA,19:00,21h 30m,14,M T,SL 3A 2A 1A 3E,1153 km,54 km/hr,22355
12868,Puducherry - Howrah SF Express (PT),SF,SER,,,PDY,14:15,HWH,23:45,33h 30m,16,W,SL 3A 2A 1A 3E,1921 km,57 km/hr,12867
06510,Danapur - KSR Bengaluru Special Fare Clone Special,Hms,SWR,,,DNR,18:10,SBC,18:20,48h 10m,14,W,SL 3A,2690 km,56 km/hr,6509
06509,KSR Bengaluru - Danapur Special Fare Clone Special,Hms,SWR,,,SBC,7:15,DNR,8:00,48h 45m,15,M,SL 3A,2690 km,55 km/hr,6510
12975,Mysuru - Jaipur SF Express (PT),SF,NWR,,,MYS,10:30,JP,6:45,44h 15m,41,T S,SL CC 3A 2A 1A 3E,2481 km,56 km/hr,12976
22710,Amb Andaura - Hazur Sahib Nanded Weekly SF Express (PT),SF,SCR,,,AADR,15:50,NED,21:40,29h 50m,24,T,SL 3A 2A 1A,1884 km,63 km/hr,22709
14806,Barmer - Yesvantpur AC Express (PT),ACExp,NWR,,,BME,21:30,YPR,16:00,42h 30m,32,T,3A 2A 1A,2226 km,52 km/hr,14805
11448,Shaktipunj Express,Exp,WCR,,,HWH,13:10,JBP,14:20,25h 10m,44,S M T W T F S,SL 3A 2A 1A 3E,1143 km,45 km/hr,11447
15553,Bhagalpur - Jaynagar Express,Exp,ECR,,,BGP,7:50,JYG,16:05,8h 15m,14,S M T W T F S,SL 3A 2A,269 km,33 km/hr,15554
15554,Jaynagar - Bhagalpur Express,Exp,ECR,,,JYG,20:05,BGP,5:15,9h 10m,14,S M T W T F S,SL 3A 2A,269 km,29 km/hr,15553
14805,Yesvantpur - Barmer AC Express,ACExp,NWR,,,YPR,12:00,BME,4:30,40h 30m,32,M,3A 2A 1A,2226 km,55 km/hr,14806
22986,Rajasthan Humsafar Express,Hms,NWR,,,DEE,16:15,UDZ,4:00,11h 45m,8,S,SL 3A,668 km,57 km/hr,22985
12036,Purnagiri Jan Shatabdi Express,JShtb,NER,,,DLI,6:25,TPU,16:10,9h 45m,25,S M T W T F S,2S CC,393 km,40 km/hr,12035
19489,Ahmedabad - Gorakhpur Express (PT),Exp,WR,,,ADI,9:10,GKP,18:15,33h 5m,20,S T W T F S,SL 3A 2A 1A 3E,1684 km,51 km/hr,19490
19490,Gorakhpur - Ahmedabad Express (PT),Exp,WR,,,GKP,21:20,ADI,4:05,30h 45m,20,S M W T F S,SL 3A 2A 1A 3E,1684 km,55 km/hr,19489
12038,Siddhabali Jan Shatabdi Express,JShtb,NR,,,DLI,7:00,KTW,13:50,6h 50m,10,S M T W T F S,2S CC,239 km,35 km/hr,12037
12037,Siddhabali Jan Shatabdi Express,JShtb,NR,,,KTW,15:35,DLI,22:20,6h 45m,10,S M T W T F S,2S CC,239 km,35 km/hr,12038
11427,Pune - Jasidih Weekly Express (PT),Exp,CR,,,PUNE,6:40,JSME,15:10,32h 30m,16,F,SL 3A 2A,1978 km,61 km/hr,11428
11428,Jasidih - Pune Weekly Express (PT),Exp,CR,,,JSME,21:45,PUNE,9:45,36h 0m,16,S,SL 3A 2A,1978 km,55 km/hr,11427
11447,Shaktipunj Express,Exp,WCR,,,JBP,22:25,HWH,22:45,24h 20m,44,S M T W T F S,SL 3A 2A 1A 3E,1143 km,47 km/hr,11448
12973,Indore - Jaipur SF Express,SF,NWR,,,INDB,22:20,JP,8:00,9h 40m,7,M S,SL 3A 2A 1A 3E,600 km,62 km/hr,12974
20652,Talguppa - KSR Bengaluru InterCity Express,SF,SWR,,,TLGP,5:20,SBC,12:00,6h 40m,14,S M T W T F S,2S CC,371 km,56 km/hr,20651
18519,Visakhapatnam - Mumbai LTT Express (Via Vijayawada) (PT),Exp,SCoR,,,VSKP,23:20,LTT,4:30,29h 10m,22,S M T W T F S,SL 3A 2A 1A,1495 km,51 km/hr,18520
15622,Anand Vihar Terminal - Kamakhya Weekly Express,Exp,NFR,,,ANVT,23:45,KYQ,15:30,39h 45m,25,F,SL 3A 2A 1A,1879 km,47 km/hr,15621
14674,Shaheed Express (PT),Exp,NR,,,ASR,13:05,JYG,0:45,35h 40m,50,S T T F,SL 3A 2A 1A 3E,1568 km,44 km/hr,14673
19255,Surat - Mahuva Express,Exp,WR,,,ST,21:30,MHV,9:40,12h 10m,14,S M T T S,SL 3A 2A 1A,631 km,52 km/hr,19256
19256,Mahuva - Surat Express,Exp,WR,,,MHV,17:30,ST,6:35,13h 5m,14,S M T W F,SL 3A 2A 1A,631 km,48 km/hr,19255
15621,Kamakhya - Anand Vihar Terminal Weekly Express (PT),Exp,NFR,,,KYQ,5:05,ANVT,18:50,37h 45m,25,T,SL 3A 2A 1A,1879 km,50 km/hr,15622
22387,Black Diamond Express,SF,ECR,,,HWH,6:15,DHN,11:18,5h 3m,14,S M T W T F S,2S CC,271 km,54 km/hr,22388
14673,Shaheed Express (PT),Exp,NR,,,JYG,7:15,ASR,17:50,34h 35m,51,M W T S,SL 3A 2A 1A 3E,1568 km,45 km/hr,14674
12969,Coimbatore - Jaipur SF Express (PT),SF,NWR,,,CBE,9:25,JP,6:45,45h 20m,36,F,SL 3A 2A 1A 3E,2679 km,59 km/hr,12970
22388,Black Diamond Express (PT),SF,ECR,,,DHN,16:20,HWH,21:30,5h 10m,14,S M T W T F S,2S CC,271 km,53 km/hr,22387
17321,Vasco-da-Gama - Jasidih Weekly Express,Exp,SWR,,,VSG,4:30,JSME,7:10,50h 40m,36,F,SL 3A 2A 3E,2555 km,50 km/hr,17322
17322,Jasidih - Vasco-da-Gama Weekly Express (PT),Exp,SWR,,,JSME,13:10,VSG,15:05,49h 55m,36,M,SL 3A 2A 3E,2555 km,51 km/hr,17321
20401,Varanasi - Lucknow SF Shuttle Express,SF,NR,,,BSB,5:40,LKO,10:10,4h 30m,10,S M T W T F S,2S SL CC 3A,283 km,63 km/hr,20402
20402,Lucknow - Varanasi SF Shuttle Express,SF,NR,,,LKO,18:00,BSB,22:40,4h 40m,10,S M T W T F S,2S SL CC 3A,283 km,61 km/hr,20401
20945,Ekta Nagar - Hazrat Nizamuddin Gujarat Sampark Kranti Express (PT),SKr,WR,,,EKNR,23:30,NZM,13:55,14h 25m,6,T S,SL 3A 2A 1A 3E,1067 km,74 km/hr,20946
20946,Hazrat Nizamuddin - Ekta Nagar Gujarat Sampark Kranti Express (PT),SKr,WR,,,NZM,15:45,EKNR,6:55,15h 10m,6,S F,SL 3A 2A 1A 3E,1067 km,70 km/hr,20945
20947,Ahmedabad - Ekta Nagar Jan Shatabdi Express,JShtb,WR,,,ADI,7:55,EKNR,10:50,2h 55m,3,S M T W T F S,2S CC Ex EV,182 km,62 km/hr,20950
13167,Kolkata - Agra Cantt. Weekly Express (PT),Exp,ER,,,KOAA,12:10,AGC,15:40,27h 30m,20,T,SL 3A 2A 3E,1465 km,53 km/hr,13168
12140,Sewagram SF Express (PT),SF,CR,,,NGP,21:15,CSMT,12:05,14h 50m,26,S M T W T F S,SL 2A 3E,835 km,56 km/hr,12139
20920,Ekta Nagar (Kevadiya) - M.G.R Chennai Central Weekly SF Express (PT),SF,WR,,,EKNR,9:00,MAS,15:05,30h 5m,14,W,SL 3A 2A 3E,1699 km,56 km/hr,20919
15777,New Jalpaiguri - Alipurduar Jn. Tourist Express,Exp,NFR,,,NJP,7:05,APDJ,13:05,6h 0m,13,S M T W T F S,2S CC EV,168 km,28 km/hr,15778
15778,Alipurduar Jn. - New Jalpaiguri Tourist Express,Exp,NFR,,,APDJ,14:00,NJP,20:25,6h 25m,13,S M T W T F S,CC EV,168 km,26 km/hr,15777
16539,Yesvantpur - Mangaluru Jn. Weekly Express,Exp,SWR,,,YPR,7:00,MAJN,16:40,9h 40m,12,S,2S SL CC 3E EV,358 km,37 km/hr,16540
16540,Mangaluru Jn. - Yesvantpur Weekly Express,Exp,SWR,,,MAJN,7:00,YPR,16:30,9h 30m,12,S,2S SL CC 3E EV,358 km,38 km/hr,16539
11754,Rewa - NSC Bose Itwari Express (via Gondia),Exp,WCR,,,REWA,17:10,NITR,7:25,14h 15m,13,M W S,SL 3A 2A 1A 3E,601 km,42 km/hr,11753
11753,NSC Bose Itwari - Rewa Express (via Gondia),Exp,WCR,,,NITR,19:10,REWA,8:20,13h 10m,13,S T T,SL 3A 2A 1A 3E,601 km,46 km/hr,11754
15961,Kamrup Express (Via Rangapara North) (PT),Exp,NFR,,,HWH,18:35,DBRG,23:00,28h 25m,43,M F,SL 3A 2A,1352 km,48 km/hr,15962
15962,Kamrup Express (via Rangapara North) (PT),Exp,NFR,,,DBRG,1:15,HWH,4:40,27h 25m,44,M F,SL 3A 2A,1352 km,49 km/hr,15961
20452,New Delhi - Sogaria (Kota) Intercity SF Express,SF,NCR,,,NDLS,7:10,SGAC,13:35,6h 25m,7,S M T W T F S,SL 3A 2A 1A 3E,466 km,73 km/hr,20451
20451,Sogaria (Kota) - New Delhi Intercity SF Express,SF,NCR,,,SGAC,16:15,NDLS,22:35,6h 20m,7,S M T W T F S,SL 3A 2A 1A 3E,466 km,74 km/hr,20452
15637,Agartala - Khongsang Express (PT),Exp,NFR,,,AGTL,6:00,KGBP,13:40,7h 40m,10,M W F,2S CC EV,348 km,45 km/hr,15638
15638,Khongsang - Agartala Express (PT),Exp,NFR,,,KGBP,14:45,AGTL,22:30,7h 45m,10,M W F,2S CC EV,348 km,45 km/hr,15637
22861,Howrah - Kantabanji Ispat Express,SF,SER,,,HWH,6:30,KBJ,20:35,14h 5m,26,S T T F,2S CC 3A,777 km,55 km/hr,22862
22862,Kantabanji - Howrah Ispat Express,SF,SER,,,KBJ,4:25,HWH,18:30,14h 5m,26,M W F S,2S CC 3A,777 km,55 km/hr,22861
20488,Malani SF Express,SF,NWR,,,DEE,15:50,BME,6:00,14h 10m,19,T F,SL 3A 2A 1A,822 km,58 km/hr,20487
20487,Malani SF Express,SF,NWR,,,BME,22:30,DEE,12:30,14h 0m,19,M T,SL 3A 2A 1A,822 km,59 km/hr,20488
20489,Barmer - Mathura SF Express,SF,NWR,,,BME,21:50,MTJ,12:15,14h 25m,28,S T W F S,SL 3A 2A 1A,793 km,55 km/hr,20490
20490,Mathura - Barmer SF Express (PT),SF,NWR,,,MTJ,15:45,BME,6:00,14h 15m,28,S M W T S,SL 3A 2A 1A,793 km,56 km/hr,20489
13167,Kolkata - Agra Cantt. Weekly Express (PT),Exp,ER,,,KOAA,12:10,AGC,15:40,27h 30m,20,T,SL 3A 2A 3E,1465 km,53 km/hr,13168
12140,Sewagram SF Express (PT),SF,CR,,,NGP,21:15,CSMT,12:05,14h 50m,26,S M T W T F S,SL 2A 3E,835 km,56 km/hr,12139
20824,Ajmer - Puri SF Express (PT),SF,ECoR,,,AII,19:20,PURI,14:40,43h 20m,43,T T,SL 3A 2A,2478 km,57 km/hr,20823
12965,Bandra Terminus - Bhuj Weekly SF Express,SF,WR,,,BDTS,12:45,BHUJ,5:50,17h 5m,17,T,SL 3A 2A,976 km,57 km/hr,12966
12966,Bhuj - Bandra Terminus Weekly SF Express (PT),SF,WR,,,BHUJ,18:00,BDTS,11:20,17h 20m,17,F,SL 3A 2A,976 km,56 km/hr,12965
20823,Puri - Ajmer SF Express (PT),SF,ECoR,,,PURI,23:05,AII,18:40,43h 35m,43,M T,SL 3A 2A,2478 km,57 km/hr,20824
12139,Sewagram SF Express (PT),SF,CR,,,CSMT,14:55,NGP,5:45,14h 50m,26,S M T W T F S,SL 2A 3E,835 km,56 km/hr,12140
20957,Indore - Hisar SF Express (PT),SF,WR,,,INDB,16:45,HSR,9:20,16h 35m,15,S W F,SL 3A 2A 1A 3E,1022 km,62 km/hr,20958
20958,Hisar - Indore SF Express,SF,WR,,,HSR,13:20,INDB,6:45,17h 25m,15,M T S,SL 3A 2A 1A 3E,1022 km,59 km/hr,20957
14807,Jodhpur - Dadar Western Express,Exp,NWR,,,JU,5:10,DDR,22:40,17h 30m,18,S T F,SL 3A 2A 3E,950 km,54 km/hr,14808
14808,Dadar Western - Jodhpur Express (PT),Exp,NWR,,,DDR,0:15,JU,17:40,17h 25m,18,M W S,SL 3A 2A 3E,950 km,55 km/hr,14807
12967,MGR Chennai Central - Jaipur SF Express (PT),SF,NWR,,,MAS,17:40,JP,6:45,37h 5m,31,S T,SL 3A 2A 1A 3E,2184 km,59 km/hr,12968
13352,Alappuzha - Dhanbad Express (PT),Exp,ECR,,,ALLP,6:00,DHN,10:50,52h 50m,88,S M T W T F S,SL 3A 2A 1A,2530 km,48 km/hr,13351
22306,Jasidih - SMVT Bengaluru Weekly SF Express (PT),SF,ER,,,JSME,7:10,SMVB,20:10,37h 0m,19,F,SL 3A 2A 1A,2307 km,62 km/hr,22305
22305,SMVT Bengaluru - Jasidih Weekly SF Express (PT),SF,ER,,,SMVB,10:15,JSME,0:50,38h 35m,20,S,SL 3A 2A 1A,2306 km,60 km/hr,22306
20961,Udhna - Banaras Weekly SF Express (via Gwalior) (PT),SF,WR,,,UDN,7:25,BNRS,10:50,27h 25m,20,T,SL 3A 2A 1A,1543 km,56 km/hr,20962
20962,Banaras - Udhna Weekly SF Express (via Gwalior),SF,WR,,,BNRS,17:50,UDN,20:50,27h 0m,20,W,SL 3A 2A 1A,1543 km,57 km/hr,20961
20987,Udaipur City - Asarva (Ahmedabad) Intercity SF Express,SF,NWR,,,UDZ,16:05,ASV,21:30,5h 25m,14,S M T W T F S,2S SL CC 3A,296 km,55 km/hr,20988
20988,Asarva (Ahmedabad) - Udaipur City Intercity SF Express,SF,NWR,,,ASV,6:50,UDZ,12:20,5h 30m,14,S M T W T F S,2S SL CC 3A,296 km,54 km/hr,20987
12981,Khatipura (Jaipur) - Asarva (Ahmedabad) SF Express,SF,NWR,,,KWP,20:05,ASV,8:40,12h 35m,19,S M T W T F S,SL 3A 2A 1A 3E,741 km,59 km/hr,12982
12982,Asarva (Ahmedabad) - Khatipura (Jaipur) SF Express,SF,NWR,,,ASV,19:55,KWP,8:25,12h 30m,19,S M T W T F S,SL 3A 2A 1A 3E,741 km,59 km/hr,12981
20657,SSS Hubballi - Hazrat Nizamuddin Superfast Express (PT),SF,SWR,,,UBL,23:50,NZM,10:40,34h 50m,17,F,SL 3A 2A 1A 3E,2062 km,59 km/hr,20658
20658,Hazrat Nizamuddin - SSS Hubballi Superfast Express,SF,SWR,,,NZM,15:55,UBL,3:30,35h 35m,17,S,SL 3A 2A 1A 3E,2062 km,58 km/hr,20657
12894,Purunakatak - Bhubaneswar Intercity SF Express,SF,ECoR,,,PUKK,11:25,BBS,21:45,10h 20m,23,S M T W T F S,2S CC,517 km,50 km/hr,12893
12954,August Kranti Tejas Rajdhani Express,Raj,WR,,,NZM,17:15,MMCT,10:05,16h 50m,11,S M T W T F S,3A 2A 1A,1378 km,82 km/hr,12953
18186,Godda - Tatanagar Express,Exp,SER,,,GODA,14:05,TATA,7:15,17h 10m,21,T,SL 3A 2A 3E,654 km,38 km/hr,18185
18185,Tatanagar - Godda Express,Exp,SER,,,TATA,13:55,GODA,6:20,16h 25m,23,M,SL 3A 2A 3E,654 km,40 km/hr,18186
22462,Shri Shakti AC SF Express (PT),ACSF,NR,,,SVDK,23:25,NDLS,9:50,10h 25m,6,S M T W T F S,3A 2A 1A,655 km,63 km/hr,22461
13165,Kolkata - Sitamarhi Express (PT),Exp,ER,,,KOAA,23:35,SMI,12:20,12h 45m,13,S,SL 3A 2A 3E,608 km,48 km/hr,13166
17063,Ajanta Express (PT),Exp,SCR,,,MMR,20:40,KCG,9:45,13h 5m,20,S M T W T F S,SL 3A 2A 1A,626 km,48 km/hr,17064
22352,SMVT Bengaluru - Saharsa SF Express,SF,ECR,,,SMVB,13:50,SHC,17:20,51h 30m,34,M,SL 3A 2A 1A 3E,2902 km,56 km/hr,22351
13230,Rajendra Nagar Terminal - Godda Weekly Express,Exp,ECR,,,RJPB,22:15,GODA,6:20,8h 5m,13,F,SL 3A 2A 1A 3E,325 km,40 km/hr,13229
13229,Godda - Rajendra Nagar Terminal Weekly Express,Exp,ECR,,,GODA,7:15,RJPB,15:55,8h 40m,13,S,2S SL 3A 2A 1A 3E,325 km,37 km/hr,13230
20832,Mahima Gosain Express (PT),SF,ECoR,,,SBP,19:10,SHM,7:20,12h 10m,10,S T T,SL 3A 2A,667 km,55 km/hr,20831
20831,Mahima Gosain Express,SF,ECoR,,,SHM,21:20,SBP,8:35,11h 15m,10,M W F,SL 3A 2A,667 km,59 km/hr,20832
17063,Ajanta Express (PT),Exp,SCR,,,MMR,20:40,KCG,9:45,13h 5m,20,S M T W T F S,SL 3A 2A 1A,626 km,48 km/hr,17064
22352,SMVT Bengaluru - Saharsa SF Express,SF,ECR,,,SMVB,13:50,SHC,17:20,51h 30m,34,M,SL 3A 2A 1A 3E,2902 km,56 km/hr,22351
22351,Saharsa - SMVT Bengaluru SF Express (PT),SF,ECR,,,SHC,13:35,SMVB,16:35,51h 0m,34,F,SL 3A 2A 1A 3E,2902 km,57 km/hr,22352
12749,Machilipatnam - Bidar SF Express (PT),SF,SCoR,,,MTM,20:50,BIDR,7:38,10h 48m,15,S M T W T F S,SL 3A 2A 1A,592 km,55 km/hr,12750
19822,Kota - Asarva (Ahmedabad) Express,Exp,WCR,,,KOTA,18:55,ASV,5:45,10h 50m,19,T F,SL 3A 2A 1A 3E,575 km,53 km/hr,19821
19821,Asarva (Ahmedabad) - Kota Express,Exp,WCR,,,ASV,8:55,KOTA,20:50,11h 55m,19,W S,SL 3A 2A 1A 3E,575 km,48 km/hr,19822
11756,Rewa - NSC Bose Itwari Express (via Chhindwara),Exp,WCR,,,REWA,17:10,NITR,7:30,14h 20m,12,S T T F,SL 3A 2A 1A,645 km,45 km/hr,11755
11755,NSC Bose Itwari - Rewa Express (via Chhindwara),Exp,WCR,,,NITR,18:10,REWA,8:20,14h 10m,12,M W F S,SL 3A 2A 1A,645 km,46 km/hr,11756
20683,Tambaram - Sengottai SF Express (PT),SF,SR,,,TBM,20:50,SCT,10:50,14h 0m,21,S T T,SL 2A 3E,765 km,55 km/hr,20684
20684,Sengottai - Tambaram SF Express (PT),SF,SR,,,SCT,17:35,TBM,7:25,13h 50m,21,M W F,SL 2A 3E,765 km,55 km/hr,20683
20475,Bikaner - Miraj Weekly SF Express,SF,NWR,,,BKN,7:40,MRJ,13:10,29h 30m,31,M,SL 3A 2A,1641 km,56 km/hr,20476
20476,Miraj - Bikaner Weekly SF Express (PT),SF,NWR,,,MRJ,14:40,BKN,20:15,29h 35m,31,T,SL 3A 2A,1641 km,55 km/hr,20475
19666,Udaipur City - Khajuraho Express (PT),Exp,NWR,,,UDZ,21:50,KURJ,19:05,21h 15m,33,S M T W T F S,SL 3A 2A 1A 3E,1090 km,51 km/hr,19665
05132,Bahraich - Gorakhpur Special (UnReserved),Exp,NER,,,BRK,14:30,GKP,22:10,7h 40m,27,S M T W T F S,,282 km,37 km/hr,5131
22109,Mumbai LTT - Balharshah SF Express,SF,CR,,,LTT,21:45,BPQ,12:10,14h 25m,15,T,SL 3A 2A,870 km,60 km/hr,22110
22110,Balharshah - Mumbai LTT SF Express,SF,CR,,,BPQ,13:40,LTT,5:30,15h 50m,15,W,SL 3A 2A,870 km,55 km/hr,22109
16361,Ernakulam Jn. - Velankanni Bi-Weekly Express (via Karaikkudi) (PT),Exp,SR,,,ERS,13:00,VLNK,5:40,16h 40m,32,M S,SL 3A 2A,690 km,41 km/hr,16362
16362,Velankanni - Ernakulam Jn. Bi-Weekly Express (via Karaikkudi),Exp,SR,,,VLNK,18:40,ERS,11:50,17h 10m,32,S T,SL 3A 2A,690 km,40 km/hr,16361
19271,Bhavnagar Terminus - Haridwar Express (PT),Exp,WR,,,BVC,20:20,HW,3:40,31h 20m,36,M T,SL 3A 2A,1574 km,50 km/hr,19272
19272,Haridwar - Bhavnagar Terminus Express,Exp,WR,,,HW,5:05,BVC,11:55,30h 50m,36,W S,SL 3A 2A,1574 km,51 km/hr,19271
12945,Veraval - Banaras SF Express (PT),SF,WR,,,VRL,4:30,BNRS,14:55,34h 25m,28,M,SL 3A 2A 1A,1972 km,57 km/hr,12946
12946,Banaras - Veraval SF Express (PT),SF,WR,,,BNRS,7:30,VRL,18:35,35h 5m,28,W,SL 3A 2A 1A,1972 km,56 km/hr,12945
12997,Bandra Terminus - Barmer Humsafar Express,Hms,WR,,,BDTS,23:55,BME,17:40,17h 45m,20,W,SL 3A,994 km,56 km/hr,12998
12998,Barmer - Bandra Terminus Humsafar Express,Hms,WR,,,BME,22:50,BDTS,15:50,17h 0m,20,T,SL 3A,994 km,58 km/hr,12997
21902,Barmer - Bandra Terminus Humsafar SF Express,Hms,WR,,,BME,21:30,BDTS,15:00,17h 30m,21,S,SL 3A,994 km,57 km/hr,21901
21901,Bandra Terminus - Barmer Humsafar SF Express,Hms,WR,,,BDTS,19:25,BME,13:20,17h 55m,21,F,SL 3A,994 km,55 km/hr,21902
17665,Hazur Sahib Nanded - Mumbai LTT Express,Exp,SCR,13-Jul,,NED,21:15,LTT,13:40,16h 25m,12,M,SL 3A 2A 1A,801 km,49 km/hr,17666
17667,Hazur Sahib Nanded - Mumbai LTT Express (PT),Exp,SCR,8-Jul,,NED,21:15,LTT,13:00,15h 45m,11,W,SL 3A 2A 1A,801 km,51 km/hr,17668
17668,Mumbai LTT - Hazur Sahib Nanded Express,Exp,SCR,9-Jul,,LTT,16:55,NED,9:10,16h 15m,11,T,SL 3A 2A 1A,801 km,49 km/hr,17667
17666,Mumbai LTT - Hazur Sahib Nanded Express,Exp,SCR,14-Jul,,LTT,16:35,NED,9:10,16h 35m,12,T,SL 3A 2A 1A,801 km,48 km/hr,17665
14090,Kotdwar - Anand Vihar Terminal Express,Exp,NR,,,KTW,21:50,ANVT,4:35,6h 45m,9,S M T W T F S,SL 3A,283 km,42 km/hr,14089
14089,Anand Vihar Terminal - Kotdwar Express,Exp,NR,,,ANVT,21:45,KTW,3:55,6h 10m,9,S M T W T F S,SL 3A,283 km,46 km/hr,14090
14719,Bikaner - Amritsar Weekly Express,Exp,NWR,,,BKN,15:00,ASR,7:15,16h 15m,21,T,SL 3A 2A 3E,762 km,47 km/hr,14720
14720,Amritsar - Bikaner Weekly Express,Exp,NWR,,,ASR,8:10,BKN,0:45,16h 35m,21,F,SL 3A 2A 3E,762 km,46 km/hr,14719
14087,Runicha Express,Exp,NR,,,DLI,8:55,JSM,1:30,16h 35m,24,S M T W T F S,SL 3A 2A 1A,846 km,51 km/hr,14088
14088,Runicha Express,Exp,NR,,,JSM,19:00,DLI,10:35,15h 35m,24,S M T W T F S,SL 3A 2A 1A,846 km,54 km/hr,14087
16577,Yesvantpur - Bidar Weekly Express (Via Kalaburagi),Exp,SWR,,,YPR,23:15,BIDR,13:50,14h 35m,14,S,SL 3A 2A,668 km,46 km/hr,16578
16578,Bidar - Yesvantpur Weekly Express (Via Kalaburagi),Exp,SWR,,,BIDR,14:40,YPR,4:00,13h 20m,14,S,SL 3A 2A,668 km,50 km/hr,16577
19204,Veraval - Bandra Terminus Express (PT),Exp,WR,,,VRL,19:00,BDTS,15:50,20h 50m,23,F,SL 3A 2A 1A,937 km,45 km/hr,19203
19203,Bandra Terminus - Veraval Express (PT),Exp,WR,,,BDTS,19:25,VRL,13:15,17h 50m,23,S,SL 3A 2A 1A,937 km,53 km/hr,19204
22407,Ambikapur - Hazrat Nizamuddin SF Express (PT),SF,NR,,,ABKP,7:30,NZM,4:25,20h 55m,14,T,SL 3A 2A 1A,1153 km,55 km/hr,22408
22408,Hazrat Nizamuddin - Ambikapur SF Express,SF,NR,,,NZM,23:00,ABKP,18:50,19h 50m,14,T,SL 3A 2A 1A,1153 km,58 km/hr,22407
18568,Kollam - Visakhapatnam Weekly Express (PT),Exp,SCoR,,,QLN,19:35,VSKP,23:45,28h 10m,32,F,SL 3A 2A 3E,1575 km,56 km/hr,18567
18567,Visakhapatnam - Kollam Weekly Express (PT),Exp,SCoR,,,VSKP,7:20,QLN,12:55,29h 35m,32,T,SL 3A 2A 3E,1575 km,53 km/hr,18568
22738,Hisar - Secunderabad SF Express (PT),SF,SCR,,,HSR,13:50,SC,8:50,43h 0m,34,S F,SL 3A 2A,2418 km,56 km/hr,22737
13166,Sitamarhi - Kolkata Express,Exp,ER,,,SMI,22:55,KOAA,12:25,13h 30m,13,S,SL 3A 2A 3E,620 km,46 km/hr,13165
22738,Hisar - Secunderabad SF Express (PT),SF,SCR,,,HSR,13:50,SC,8:50,43h 0m,34,S F,SL 3A 2A,2418 km,56 km/hr,22737
15181,Mau - Mumbai LTT Weekly Express (PT),Exp,NER,,,MAU,22:15,LTT,3:45,29h 30m,20,S,SL 3A 2A 1A 3E,1588 km,54 km/hr,15182
15182,Mumbai LTT - Mau Weekly Express (PT),Exp,NER,,,LTT,11:10,MAU,18:30,31h 20m,20,M,SL 3A 2A 1A 3E,1588 km,51 km/hr,15181
16367,Kashi Tamil Sangamam Express (PT),Exp,SR,,,CAPE,20:30,BNRS,23:50,51h 20m,35,T,SL 3A 2A 1A 3E,2766 km,54 km/hr,16368
16368,Kashi Tamil Sangamam Express,Exp,SR,,,BNRS,16:20,CAPE,21:00,52h 40m,35,S,SL 3A 2A 1A 3E,2766 km,53 km/hr,16367
13434,Malda Town - SMVT Bengaluru Amrit Bharat Express,AB,ER,,,MLDT,8:50,SMVB,3:00,42h 10m,33,S,SL,2273 km,54 km/hr,13433
15557,Darbhanga - Anand Vihar Terminal Amrit Bharat Express (PT),AB,ECR,,,DBG,14:55,ANVT,12:50,21h 55m,20,M T,SL,1137 km,52 km/hr,15558
13433,SMVT Bengaluru - Malda Town Amrit Bharat Express (PT),AB,ER,,,SMVB,13:50,MLDT,9:15,43h 25m,33,T,SL,2272 km,52 km/hr,13434
15558,Anand Vihar Terminal - Darbhanga Amrit Bharat Express,AB,ECR,,,ANVT,15:10,DBG,12:20,21h 10m,20,T F,SL,1137 km,54 km/hr,15557
13189,Sealdah - Balurghat Express (PT),Exp,ER,,,SDAH,22:30,BLGT,8:30,10h 0m,13,S M T W T F S,SL 3A 2A 1A 3E,445 km,45 km/hr,13190
13190,Balurghat - Sealdah Express (PT),Exp,ER,,,BLGT,19:00,SDAH,4:25,9h 25m,13,S M T W T F S,SL 3A 2A 1A 3E,445 km,47 km/hr,13189
15925,Deoghar - Dibrugarh Express,Exp,NFR,,,DGHR,19:55,DBRG,23:00,27h 5m,30,T,SL 3A 2A,1294 km,48 km/hr,15926
15926,Dibrugarh - Deoghar Express,Exp,NFR,,,DBRG,1:30,DGHR,5:40,28h 10m,30,W,SL 3A 2A,1294 km,46 km/hr,15925
13333,Dumka - Patna Express,Exp,ECR,,,DUMK,14:05,PNBE,21:00,6h 55m,13,S M T W T F S,SL 3A 2A 1A 3E,337 km,49 km/hr,13334
13334,Patna - Dumka Express (PT),Exp,ECR,,,PNBE,6:35,DUMK,13:25,6h 50m,13,S M T W T F S,SL 3A 2A 1A 3E,337 km,49 km/hr,13333
22311,Godda - Mumbai LTT SF Express,SF,ER,,,GODA,5:30,LTT,17:50,36h 20m,42,S,SL 3A 2A,2017 km,56 km/hr,22312
22312,Mumbai LTT - Godda SF Express,SF,ER,,,LTT,8:05,GODA,20:35,36h 30m,41,T,SL 3A 2A,2017 km,55 km/hr,22311
22581,Ballia - New Delhi Superfast Express (PT),SF,NER,,,BUI,19:30,NDLS,9:45,14h 15m,9,T W,SL 3A 2A 1A 3E,896 km,63 km/hr,22582
22582,New Delhi - Ballia Superfast Express,SF,NER,,,NDLS,22:50,BUI,13:35,14h 45m,9,M T,SL 3A 2A 1A 3E,896 km,61 km/hr,22581
18421,Puri - Sonepur Weekly Express,Exp,ECoR,,,PURI,19:35,SNPU,5:50,10h 15m,14,T,SL 3A 2A 3E,516 km,50 km/hr,18422
18422,Sonepur - Puri Weekly Express,Exp,ECoR,,,SNPU,19:00,PURI,6:40,11h 40m,14,F,SL 3A 2A 3E,516 km,44 km/hr,18421
15089,Godda - Gomti Nagar Weekly Express,Exp,NER,,,GODA,14:05,GTNR,7:30,17h 25m,22,S,SL 3A 2A,807 km,46 km/hr,15090
15090,Gomti Nagar - Godda Weekly Express,Exp,NER,,,GTNR,15:20,GODA,11:15,19h 55m,22,F,SL 3A 2A,807 km,41 km/hr,15089
13166,Sitamarhi - Kolkata Express,Exp,ER,,,SMI,22:55,KOAA,12:25,13h 30m,13,S,SL 3A 2A 3E,620 km,46 km/hr,13165
13212,Danapur - Jogbani Intercity Express,Exp,ECR,,,DNR,6:05,JBN,16:30,10h 25m,16,S M T W T F S,SL 3A 2A,332 km,32 km/hr,13211
13211,Jogbani - Danapur Intercity Express,Exp,ECR,,,JBN,4:45,DNR,15:45,11h 0m,16,S M T W T F S,SL 3A 2A,332 km,30 km/hr,13212
13214,Saharsa - Jogbani Express,Exp,ECR,,,SHC,22:55,JBN,3:55,5h 0m,7,S M T W T F S,SL 3A 2A,125 km,25 km/hr,13213
13213,Jogbani - Saharsa Express,Exp,ECR,,,JBN,17:00,SHC,21:35,4h 35m,7,S M T W T F S,SL 3A 2A,125 km,27 km/hr,13214
15723,Jogbani - Siliguri Town Intercity Express,Exp,NFR,,,JBN,5:00,SGUT,13:05,8h 5m,12,M T T F S,2S CC,314 km,39 km/hr,15724
15015,Amritsar - Lalkuan Express (via Rudrapur City),Exp,NER,,,ASR,5:55,LKU,17:40,11h 45m,8,W,SL 2A 1A 3E,617 km,53 km/hr,15016
18427,Puri - Anand Vihar Terminal Weekly Express (PT),Exp,ECoR,,,PURI,4:15,ANVT,13:10,32h 55m,21,S,SL 3A 2A 1A 3E,1786 km,54 km/hr,18428
18428,Anand Vihar Terminal - Puri Weekly Express,Exp,ECoR,,,ANVT,17:20,PURI,23:55,30h 35m,21,S,SL 3A 2A 1A 3E,1786 km,58 km/hr,18427
15020,Tanakpur - Dehradun Express,Exp,NER,,,TPU,19:35,DDN,7:35,12h 0m,11,T T S,SL 2A 1A 3E,452 km,38 km/hr,15019
15019,Dehradun - Tanakpur Express,Exp,NER,,,DDN,15:15,TPU,4:40,13h 25m,11,S W F,SL 2A 1A 3E,452 km,34 km/hr,15020
17421,Tirupati - Kollam Express (PT),Exp,SCoR,,,TPTY,14:35,QLN,6:20,15h 45m,17,T F,SL 3A 2A,829 km,53 km/hr,17422
17422,Kollam - Tirupati Express (PT),Exp,SCoR,,,QLN,10:45,TPTY,3:25,16h 40m,17,W S,SL 3A 2A,829 km,50 km/hr,17421
15505,Saharsa - Patliputra Janhit Express,Exp,ECR,,,SHC,23:15,PPTA,4:50,5h 35m,9,M F,SL 3A 2A 3E,215 km,38 km/hr,15506
15506,Patliputra - Saharsa Janhit Express,Exp,ECR,,,PPTA,9:20,SHC,15:00,5h 40m,9,M F,SL 3A 2A 3E,215 km,38 km/hr,15505
17235,SMVT Bengaluru - Nagercoil Express (PT),Exp,SCoR,,,SMVB,17:15,NCJ,7:20,14h 5m,13,S M T W T F S,SL 3A 2A,661 km,47 km/hr,17236
22717,Rajkot - Secunderabad SF Express (PT),SF,SCR,,,RJT,5:30,SC,7:30,26h 0m,26,M W T,SL 3A 2A,1473 km,57 km/hr,22718
18629,Ranchi - Gorakhpur Weekly Express,Exp,SER,,,RNC,16:50,GKP,11:35,18h 45m,19,F,SL 3A 2A 1A,787 km,42 km/hr,18630
18630,Gorakhpur - Ranchi Weekly Express (PT),Exp,SER,,,GKP,14:45,RNC,9:30,18h 45m,19,S,SL 3A 2A 1A,790 km,42 km/hr,18629
16622,Mangaluru Central - Rameswaram Weekly Express (PT),Exp,SR,,,MAQ,19:30,RMM,10:50,15h 20m,15,S,SL 3A 2A,753 km,49 km/hr,16621
16621,Rameswaram - Mangaluru Central Weekly Express,Exp,SR,,,RMM,15:30,MAQ,6:55,15h 25m,15,S,SL 3A 2A,753 km,49 km/hr,16622
16766,Tuticorin - Mettupalayam Express (PT),Exp,SR,,,TN,23:40,MTP,7:40,8h 0m,13,T S,SL 3A 2A,424 km,53 km/hr,16765
16765,Mettupalayam - Tuticorin Express (PT),Exp,SR,,,MTP,19:45,TN,4:15,8h 30m,13,S F,SL 3A 2A,424 km,50 km/hr,16766
12955,Mumbai Central - Jaipur SF Express (PT),SF,WR,,,MMCT,19:05,JP,12:00,16h 55m,18,S M T W T F S,SL 3A 2A 1A,1160 km,69 km/hr,12956
13304,Ranchi - Dhanbad Intercity Express,Exp,ECR,,,RNC,17:05,DHN,21:30,4h 25m,6,S M T W T F S,CC,162 km,37 km/hr,13303
19576,Nathdwara - Okha Weekly Express,Exp,WR,,,NDT,20:25,OKHA,19:10,22h 45m,18,T,SL 3A 2A 1A 3E,1123 km,49 km/hr,19575
19575,Okha - Nathdwara Weekly Express,Exp,WR,,,OKHA,8:20,NDT,6:25,22h 5m,18,W,SL 3A 2A 1A 3E,1123 km,51 km/hr,19576
12502,Agartala - Kolkata Garib Rath Express (PT),GR,NFR,,,AGTL,7:00,KOAA,14:35,31h 35m,20,W,3A,1565 km,50 km/hr,12501
12501,Kolkata - Agartala Garib Rath Express (PT),GR,NFR,,,KOAA,21:45,AGTL,6:55,33h 10m,20,S,3A,1565 km,47 km/hr,12502
17039,Secunderabad - Vasco-da-Gama Express,Exp,SCR,,,SC,10:05,VSG,5:55,19h 50m,19,W F,SL 3A 2A,823 km,42 km/hr,17040
17040,Vasco-da-Gama - Secunderabad Express,Exp,SCR,,,VSG,8:40,SC,4:00,19h 20m,19,T S,SL 3A 2A,823 km,43 km/hr,17039
20983,Bhuj - Delhi Sarai Rohilla SF Express,SF,WR,,,BHUJ,17:10,DEE,12:30,19h 20m,18,T F,SL 3A 2A 1A,1155 km,60 km/hr,20984
20984,Delhi Sarai Rohilla - Bhuj SF Express,SF,WR,,,DEE,15:00,BHUJ,11:00,20h 0m,18,W S,SL 3A 2A 1A,1155 km,58 km/hr,20983
18119,Tatanagar - Jaynagar Express,Exp,SER,,,TATA,18:40,JYG,11:35,16h 55m,16,F,SL 3A 2A 3E,645 km,38 km/hr,18120
18120,Jaynagar - Tatanagar Express,Exp,SER,,,JYG,19:30,TATA,11:40,16h 10m,16,S,SL 3A 2A 3E,645 km,40 km/hr,18119
10115,Bandra Terminus - Madgaon Express,Exp,KR,,,BDTS,6:50,MAO,22:40,15h 50m,13,W F,SL 3A 2A 3E,615 km,39 km/hr,10116
10116,Madgaon - Bandra Terminus Express,Exp,KR,,,MAO,7:40,BDTS,23:40,16h 0m,13,T T,SL 3A 2A 3E,615 km,38 km/hr,10115
15091,Daurai (Ajmer) - Tanakpur Express,Exp,NER,,,DOZ,16:05,TPU,9:35,17h 30m,22,M T T S,SL 2A 1A 3E,779 km,45 km/hr,15092
15092,Tanakpur - Daurai (Ajmer) Express,Exp,NER,,,TPU,18:20,DOZ,13:55,19h 35m,22,S M W F,SL 2A 1A 3E,779 km,40 km/hr,15091
12705,Guntur - Secunderabad Intercity Superfast Express,SF,SCR,,,GNT,15:35,SC,22:28,6h 53m,14,S M T W T F S,2S CC 3E,380 km,55 km/hr,12706
15025,Mau - Anand Vihar Terminal Express (Via Ayodhya Cantt),Exp,NER,,,MAU,11:10,ANVT,3:00,15h 50m,9,S T,SL 3A 2A 1A,832 km,53 km/hr,15026
14050,Delhi - Godda Weekly Express,Exp,NR,,,DLI,15:00,GODA,15:45,24h 45m,18,M,SL 3A 2A 1A 3E,1317 km,53 km/hr,14049
14049,Godda - Delhi Weekly Express,Exp,NR,,,GODA,10:05,DLI,9:10,23h 5m,18,W,SL 3A 2A 1A 3E,1317 km,57 km/hr,14050
22544,Lal Kuan - Bandra Terminus Weekly SF Express,SF,NER,,,LKU,7:45,BDTS,8:30,24h 45m,16,M,SL 3A 2A 3E,1625 km,66 km/hr,22543
22543,Bandra Terminus - Lal Kuan Weekly SF Express (PT),SF,NER,,,BDTS,11:00,LKU,13:20,26h 20m,16,T,SL 3A 2A 3E,1625 km,62 km/hr,22544
14605,Yog Nagari Rishikesh - Jammu Tawi Express,Exp,NR,,,YNRK,15:45,JAT,3:20,11h 35m,14,M,SL 3A 1A 3E,558 km,48 km/hr,14606
12589,Gorakhpur - Charlapalli SF Express (PT),SF,NER,,,GKP,6:33,CHZ,13:30,30h 57m,27,W,SL 3A 2A 1A,1811 km,59 km/hr,12590
12048,North Lakhimpur - Guwahati Jan Shatabdi Express,JShtb,NFR,,,NLP,17:20,GHY,23:45,6h 25m,7,T W,2S EV,343 km,53 km/hr,12047
12047,Guwahati - North Lakhimpur Janshatabdi Express,JShtb,NFR,,,GHY,9:50,NLP,16:15,6h 25m,7,T W,2S EV,343 km,53 km/hr,12048
12414,Galta Dham Pooja SF Express,SF,NR,,,JAT,18:15,AII,12:15,18h 0m,20,S M T W T F S,SL 3A 2A 1A 3E,1018 km,57 km/hr,12413
14606,Jammu Tawi - Yog Nagari Rishikesh Express,Exp,NR,,,JAT,22:05,YNRK,10:15,12h 10m,14,S,SL 3A 1A 3E,558 km,46 km/hr,14605
20857,Puri - Sainagar Shirdi SF Express (PT),SF,ECoR,,,PURI,23:05,SNSI,4:35,29h 30m,23,F,SL 3A 2A 1A 3E,1688 km,57 km/hr,20858
15646,Silchar - Charlapalli Express (PT),Exp,NFR,,,SCL,19:10,CHZ,4:20,57h 10m,35,W,SL 3A 2A 3E,2863 km,50 km/hr,15645
20156,New Delhi - Dr. Ambedkar Nagar SF Express,SF,WCR,,,NDLS,23:25,DADN,12:50,13h 25m,14,S M T W T F S,SL 3A 2A 1A 3E,847 km,63 km/hr,20155
20155,Dr. Ambedkar Nagar - New Delhi SF Express (PT),SF,WCR,,,DADN,15:30,NDLS,4:25,12h 55m,14,S M T W T F S,SL 3A 2A 1A 3E,847 km,66 km/hr,20156
16103,Tambaram - Rameswaram Express (PT),Exp,SR,,,TBM,18:10,RMM,5:45,11h 35m,18,S M T W T F S,SL 3A 2A,618 km,53 km/hr,16104
16104,Rameswaram - Tambaram Express (PT),Exp,SR,,,RMM,16:00,TBM,3:45,11h 45m,18,S M T W T F S,SL 3A 2A,618 km,53 km/hr,16103
19011,Valsad - Dahod Intercity Express,Exp,WR,,,BL,5:15,DHD,11:05,5h 50m,12,S M T W T F S,2S CC,346 km,59 km/hr,19012
19012,Dahod - Valsad Intercity Express,Exp,WR,,,DHD,11:55,BL,20:05,8h 10m,12,S M T W T F S,2S CC,346 km,42 km/hr,19011
20625,MGR Chennai Central - Bhagat ki Kothi SF Express (PT),SF,SR,,,MAS,19:35,BGKT,11:40,40h 5m,31,S M T T F,SL 3A 2A 3E,2351 km,59 km/hr,20626
20626,Bhagat Ki Kothi - MGR Chennai Central SF Express,SF,SR,,,BGKT,5:40,MAS,23:15,41h 35m,31,S M W T F,SL 3A 2A 3E,2351 km,57 km/hr,20625
11016,Saharsa - Mumbai LTT Amrit Bharat Express (PT),AB,CR,,,SHC,3:45,LTT,15:45,36h 0m,24,S,SL,1949 km,54 km/hr,11015
11015,Mumbai LTT - Saharsa Amrit Bharat Express,AB,CR,,,LTT,11:50,SHC,2:00,38h 10m,24,F,SL,1949 km,51 km/hr,11016
20495,Jodhpur - Hadapsar (Pune) SF Express (PT),SF,NWR,,,JU,22:00,HDP,17:10,19h 10m,20,S M T W T F S,SL 3A 2A 3E,1092 km,57 km/hr,20496
20496,Hadapsar (Pune) - Jodhpur SF Express,SF,NWR,,,HDP,19:15,JU,15:10,19h 55m,20,S M T W T F S,SL 3A 2A 3E,1092 km,55 km/hr,20495
21903,Bandra Terminus - Bikaner AC SF Express (PT),ACSF,WR,,,BDTS,23:25,BKN,20:15,20h 50m,19,M,CC 3E,1214 km,58 km/hr,21904
21904,Bikaner - Bandra Terminus AC SF Express,ACSF,WR,,,BKN,9:00,BDTS,6:45,21h 45m,19,W,CC 3E,1214 km,56 km/hr,21903
11086,Gwalior - SMVT Bengaluru Weekly Express,Exp,NCR,,,GWL,15:00,SMVB,7:35,40h 35m,23,F,SL 3A 2A 3E,2071 km,51 km/hr,11085
11085,SMVT Bengaluru - Gwalior Weekly Express,Exp,NCR,,,SMVB,15:50,GWL,10:25,42h 35m,23,S,SL 3A 2A 3E,2072 km,49 km/hr,11086
20152,Rewa - Hadapsar (Pune) Weekly SF Express,SF,WCR,,,REWA,6:45,HDP,9:45,27h 0m,17,W,SL 3A 2A 3E,1483 km,55 km/hr,20151
20151,Hadapsar (Pune) - Rewa Weekly SF Express,SF,WCR,,,HDP,15:15,REWA,17:30,26h 15m,17,T,SL 3A 2A 3E,1483 km,57 km/hr,20152
11702,Mook Mati Express,Exp,WCR,,,JBP,6:00,R,13:50,7h 50m,7,S M T W T F S,2S SL CC 3A 2A,408 km,52 km/hr,11701
11701,Mook Mati Express,Exp,WCR,,,R,14:35,JBP,22:45,8h 10m,7,S M T W T F S,2S SL CC 3A 2A,408 km,50 km/hr,11702
14625,Haridwar - Firozpur Cantt. Weekly Express,Exp,NR,,,HW,14:45,FZR,0:35,9h 50m,13,T,SL 3A 2A,447 km,45 km/hr,14626
14626,Firozpur Cantt. - Haridwar Weekly Express,Exp,NR,,,FZR,22:40,HW,8:30,9h 50m,13,W,SL 3A 2A,447 km,45 km/hr,14625
20858,Sainagar Shirdi - Puri SF Express (PT),SF,ECoR,,,SNSI,14:10,PURI,20:50,30h 40m,23,S,SL 3A 2A 1A 3E,1688 km,55 km/hr,20857
22176,Jaipur - Nagpur Weekly SF Express,SF,CR,,,JP,17:40,NGP,16:50,23h 10m,22,F,SL 3A 2A,1331 km,57 km/hr,22175
13115,Sealdah - Jalpaiguri Road Humsafar Express,Hms,ER,,,SDAH,23:40,JPE,11:45,12h 5m,13,F,SL 3A,587 km,49 km/hr,13116
13116,Jalpaiguri Road - Sealdah Humsafar Express,Hms,ER,,,JPE,20:30,SDAH,8:10,11h 40m,13,S,SL 3A,587 km,50 km/hr,13115
18313,Boudh - Bhubaneswar New Express,Exp,ECoR,,,BOUH,7:00,BBSN,18:15,11h 15m,17,M,SL 3A 2A,477 km,42 km/hr,18314
18314,Bhubaneswar New - Boudh Express,Exp,ECoR,,,BBSN,23:00,BOUH,10:30,11h 30m,17,M,SL 3A 2A,477 km,41 km/hr,18313
18311,Sambalpur - Boudh Express,Exp,ECoR,,,SBP,19:25,BOUH,0:40,5h 15m,9,S,SL 3A 2A,212 km,40 km/hr,18312
18312,Boudh - Sambalpur Express,Exp,ECoR,,,BOUH,12:45,SBP,18:00,5h 15m,9,T,SL 3A 2A,212 km,40 km/hr,18311
19201,Bhavnagar Terminus - Ayodhya Cantt Express (PT),Exp,WR,,,BVC,13:50,AYC,18:30,28h 40m,24,M,SL 3A 2A 3E,1551 km,54 km/hr,19202
19202,Ayodhya Cantt - Bhavnagar Terminus Express,Exp,WR,,,AYC,22:40,BVC,4:35,29h 55m,24,T,SL 3A 2A 3E,1551 km,52 km/hr,19201
15649,Agartala - Narangi Express (PT),Exp,NFR,,,AGTL,21:30,NNGE,12:45,15h 15m,10,S M T W T F S,SL 3A 2A,562 km,37 km/hr,15650
15650,Narangi - Agartala Express (PT),Exp,NFR,,,NNGE,17:00,AGTL,9:30,16h 30m,10,S M T W T F S,SL 3A 2A,562 km,34 km/hr,15649
14606,Jammu Tawi - Yog Nagari Rishikesh Express,Exp,NR,,,JAT,22:05,YNRK,10:15,12h 10m,14,S,SL 3A 1A 3E,558 km,46 km/hr,14605
19604,Godda - Daurai (Ajmer) Weekly Express,Exp,NWR,,,GODA,5:00,DOZ,17:20,36h 20m,34,T,SL 3A 2A 3E,1684 km,46 km/hr,19603
20857,Puri - Sainagar Shirdi SF Express (PT),SF,ECoR,,,PURI,23:05,SNSI,4:35,29h 30m,23,F,SL 3A 2A 1A 3E,1688 km,57 km/hr,20858
17378,Mangaluru Central - Vijayapura Express,Exp,SWR,,,MAQ,16:45,BJP,10:30,17h 45m,26,S M T W T F S,SL 3A 2A,789 km,44 km/hr,17377
17423,Tirupati - Chikkamagaluru Weekly Express,Exp,SCoR,,,TPTY,21:00,CMGR,10:30,13h 30m,18,T,SL 3A 2A,594 km,44 km/hr,17424
17424,Chikkamagaluru - Tirupati Weekly Express,Exp,SCoR,,,CMGR,17:30,TPTY,7:50,14h 20m,18,F,SL 3A 2A,594 km,41 km/hr,17423
12528,Anand Vihar Terminal - Chhapra SF Express,SF,NER,29-Jun,,ANVT,16:25,CPR,9:40,17h 15m,10,M,SL 3A 2A 1A 3E,1002 km,58 km/hr,12527
12527,Chhapra - Anand Vihar Terminal SF Express (PT),SF,NER,28-Jun,,CPR,20:50,ANVT,14:00,17h 10m,10,S,SL 3A 2A 1A 3E,1002 km,58 km/hr,12528
22361,Rajendra Nagar Terminal - New Delhi Amrit Bharat Express (PT),AB,ECR,,,RJPB,19:50,NDLS,13:10,17h 20m,8,S M T W T F S,SL,999 km,58 km/hr,22362
22362,New Delhi - Rajendra Nagar Terminal Amrit Bharat Express,AB,ECR,,,NDLS,19:10,RJPB,11:45,16h 35m,8,S M T W T F S,SL,999 km,60 km/hr,22361
15646,Silchar - Charlapalli Express (PT),Exp,NFR,,,SCL,19:10,CHZ,4:20,57h 10m,35,W,SL 3A 2A 3E,2863 km,50 km/hr,15645
15562,Gomti Nagar - Darbhanga Amrit Bharat Express,AB,ECR,,,GTNR,8:15,DBG,1:50,17h 35m,17,S,SL,629 km,36 km/hr,15561
13435,Malda Town - Gomti Nagar Amrit Bharat Express,AB,ER,,,MLDT,20:05,GTNR,15:40,19h 35m,23,T,SL,948 km,48 km/hr,13436
13436,Gomti Nagar - Malda Town Amrit Bharat Express,AB,ER,,,GTNR,18:40,MLDT,16:40,22h 0m,23,F,SL,948 km,43 km/hr,13435
15567,Bapudham Motihari - Anand Vihar Terminal Amrit Bharat Express (PT),AB,ECR,,,BMKI,8:00,ANVT,6:10,22h 10m,16,T F,SL,978 km,44 km/hr,15568
15568,Anand Vihar Terminal - Bapudham Motihari Amrit Bharat Express,AB,ECR,,,ANVT,14:00,BMKI,10:40,20h 40m,16,W S,SL,978 km,47 km/hr,15567
17606,Bhagat Ki Kothi - Kacheguda Express,Exp,SCR,,,BGKT,22:30,KCG,15:45,41h 15m,31,S M T W T F S,SL 3A 2A,1949 km,47 km/hr,17605
17605,Kacheguda - Bhagat Ki Kothi Express (PT),Exp,SCR,,,KCG,23:35,BGKT,19:40,44h 5m,31,S M T W T F S,SL 3A 2A,1949 km,44 km/hr,17606
20990,Chandigarh - Udaipur City SF Express,SF,NWR,,,CDG,11:20,UDZ,5:25,18h 5m,23,S T,SL 3A 2A 3E,999 km,55 km/hr,20989
20989,Udaipur City - Chandigarh SF Express,SF,NWR,,,UDZ,16:05,CDG,9:50,17h 45m,23,W S,SL 3A 2A 3E,999 km,56 km/hr,20990
20858,Sainagar Shirdi - Puri SF Express (PT),SF,ECoR,,,SNSI,14:10,PURI,20:50,30h 40m,23,S,SL 3A 2A 1A 3E,1688 km,55 km/hr,20857
22176,Jaipur - Nagpur Weekly SF Express,SF,CR,,,JP,17:40,NGP,16:50,23h 10m,22,F,SL 3A 2A,1331 km,57 km/hr,22175
13152,Jammu Tawi - Kolkata Express,Exp,ER,,,JAT,20:30,KOAA,15:40,43h 10m,85,S M T W T F S,SL 3A 2A 3E,1986 km,46 km/hr,13151
12159,Amravati - Jabalpur SF Express,SF,WCR,,,AMI,16:45,JBP,5:50,13h 5m,20,S M T W T F S,SL 3A 2A 1A 3E,724 km,55 km/hr,12160
14048,Delhi - Sitamarhi Amrit Bharat Express,AB,NR,,,DLI,14:00,SMI,10:45,20h 45m,15,S,SL,1050 km,51 km/hr,14047
14047,Sitamarhi - Delhi Amrit Bharat Express (PT),AB,NR,,,SMI,22:20,DLI,22:40,24h 20m,15,S,SL,1050 km,43 km/hr,14048
13697,Gaya - Delhi Amrit Bharat Express (PT),AB,ECR,,,GAYA,16:45,DLI,12:00,19h 15m,9,S T,SL,985 km,51 km/hr,13698
13698,Delhi - Gaya Amrit Bharat Express,AB,ECR,,,DLI,14:00,GAYA,9:00,19h 0m,9,M F,SL,985 km,52 km/hr,13697
20507,Sairang - Anand Vihar Terminal Rajdhani Express,Raj,NFR,,,SANG,16:10,ANVT,10:50,42h 40m,18,F,3A 2A 1A,2515 km,59 km/hr,20508
20508,Anand Vihar Terminal - Sairang Rajdhani Express,Raj,NFR,,,ANVT,19:50,SANG,15:25,43h 35m,18,S,3A 2A 1A,2515 km,58 km/hr,20507
15609,Guwahati - Sairang Express (PT),Exp,NFR,,,GHY,19:00,SANG,8:45,13h 45m,14,S M T W T F S,SL 3A 2A,493 km,36 km/hr,15610
15610,Sairang - Guwahati Express (PT),Exp,NFR,,,SANG,19:00,GHY,8:40,13h 40m,14,S M T W T F S,SL 3A 2A,493 km,36 km/hr,15609
13125,Kolkata - Sairang Express,Exp,ER,,,KOAA,10:45,SANG,18:30,31h 45m,28,T W S,SL 3A 2A 3E,1481 km,47 km/hr,13126
13126,Sairang - Kolkata Express (PT),Exp,ER,,,SANG,6:40,KOAA,14:30,31h 50m,28,M T F,SL 3A 2A 3E,1481 km,47 km/hr,13125
16602,Jogbani - Erode Amrit Bharat Express (PT),AB,SR,,,JBN,15:15,ED,7:00,63h 45m,49,S,SL,3129 km,49 km/hr,16601
16601,Erode - Jogbani Amrit Bharat Express (PT),AB,SR,,,ED,8:15,JBN,19:00,58h 45m,49,T,SL,3129 km,53 km/hr,16602
15701,Katihar - Siliguri Intercity Express (via Purnea) (UnReserved),Exp,NFR,,,KIR,4:45,SGUJ,10:15,5h 30m,20,S M T W T F S,,229 km,42 km/hr,15702
15702,Siliguri - Katihar Intercity Express (via Purnea) (UnReserved),Exp,NFR,,,SGUJ,12:45,KIR,18:15,5h 30m,20,S M T W T F S,,229 km,42 km/hr,15701
17058,Devagiri Express (PT),Exp,SCoR,,,LPI,12:25,CSMT,7:10,18h 45m,27,S M T W T F S,SL 3A 2A 1A 3E,903 km,48 km/hr,17057
18401,Bangriposi - Puri Intercity Express (PT),Exp,ECoR,,,BGY,4:00,PURI,11:30,7h 30m,21,S M T W T F S,2S CC,376 km,50 km/hr,18402
15133,Chhapra - Anand Vihar Terminal Amrit Bharat Express,AB,NER,,,CPR,22:00,ANVT,22:10,24h 10m,16,M T,SL,1000 km,41 km/hr,15134
15134,Anand Vihar Terminal - Chhapra Amrit Bharat Express,AB,NER,,,ANVT,0:20,CPR,22:50,22h 30m,16,W S,SL,1000 km,44 km/hr,15133
15510,Patna - Lalitgram Rajya Rani Express,Exp,ECR,,,PNBE,12:20,LLP,19:00,6h 40m,13,M T W F S,CC 3E,297 km,45 km/hr,15509
15509,Lalitgram - Patna Rajya Rani Express,Exp,ECR,,,LLP,4:45,PNBE,11:30,6h 45m,13,S T W T S,CC 3E,297 km,44 km/hr,15510
19021,Udhna - Brahmapur Amrit Bharat Express,AB,WR,,,UDN,7:10,BAM,13:55,30h 45m,30,S M T W T F S,SL,1710 km,56 km/hr,19022
19022,Brahmapur - Udhna Amrit Bharat Express,AB,WR,,,BAM,23:45,UDN,8:45,33h 0m,30,S M T W T F S,SL,1710 km,52 km/hr,19021
19623,Madar (Ajmer) - Darbhanga Amrit Bharat Express,AB,NWR,,,MDJN,21:25,DBG,0:55,27h 30m,30,F,SL,1309 km,48 km/hr,19624
19624,Darbhanga - Madar (Ajmer) Amrit Bharat Express,AB,NWR,,,DBG,4:10,MDJN,13:20,33h 10m,30,S,SL,1309 km,39 km/hr,19623
53204,Danapur - Jhajha Fast Passenger (UnReserved),Pass,ECR,,,DNR,17:25,JAJ,22:30,5h 5m,21,M T W T F S,,187 km,37 km/hr,53203
53203,Jhajha - Danapur Fast Passenger (UnReserved),Pass,ECR,,,JAJ,3:40,DNR,9:00,5h 20m,21,M T W T F S,,187 km,35 km/hr,53204
12159,Amravati - Jabalpur SF Express,SF,WCR,,,AMI,16:45,JBP,5:50,13h 5m,20,S M T W T F S,SL 3A 2A 1A 3E,724 km,55 km/hr,12160
15294,Charlapalli - Muzaffarpur Amrit Bharat Express,AB,ECR,,,CHZ,4:05,MFP,16:00,35h 55m,21,T,SL,1890 km,53 km/hr,15293
15589,Muzaffarpur - Hadapsar (Pune) AC Express (PT),ACExp,ECR,,,MFP,19:20,HDP,6:25,35h 5m,23,M,2A 3E,1823 km,52 km/hr,15590
15590,Hadapsar (Pune) - Muzaffarpur AC Express,ACExp,ECR,,,HDP,10:00,MFP,22:00,36h 0m,23,W,2A 3E,1823 km,51 km/hr,15589
19801,Sogaria (Kota) – Danapur Express,Exp,WCR,,,SGAC,12:45,DNR,10:00,21h 15m,14,M,SL 3A 2A 3E,1173 km,55 km/hr,19802
19802,Danapur – Sogaria (Kota) Express,Exp,WCR,,,DNR,12:45,SGAC,11:00,22h 15m,14,T,SL 3A 2A 3E,1173 km,53 km/hr,19801
13251,Patna - Anand Vihar Terminal Express (PT),Exp,ECR,,,PNBE,22:20,ANVT,18:35,20h 15m,6,S T,SL 3A 2A 1A 3E,984 km,49 km/hr,13252
13252,Anand Vihar Terminal - Patna Express,Exp,ECR,,,ANVT,23:30,PNBE,18:35,19h 5m,6,M F,SL 3A 2A 1A 3E,984 km,52 km/hr,13251
15135,Chhapra - Amritsar Express,Exp,NER,,,CPR,10:15,ASR,13:50,27h 35m,18,F,SL 3A 2A 1A 3E,1313 km,48 km/hr,15136
15136,Amritsar - Chhapra Express,Exp,NER,,,ASR,17:45,CPR,23:55,30h 10m,18,S,SL 3A 2A 1A 3E,1313 km,44 km/hr,15135
20687,SSS Hubballi - KSR Bengaluru Superfast Express,SF,SWR,,,UBL,23:30,SBC,6:50,7h 20m,7,S M T W T F S,SL 3A 2A 1A,470 km,64 km/hr,20688
20688,KSR Bengaluru - SSS Hubballi Superfast Express,SF,SWR,,,SBC,22:20,UBL,5:30,7h 10m,7,S M T W T F S,SL 3A 2A 1A,470 km,66 km/hr,20687
16547,Yesvantpur - Vijayapura Express,Exp,SWR,,,YPR,21:30,BJP,11:30,14h 0m,21,S M T W T F S,SL 3A,742 km,53 km/hr,16548
16548,Vijayapura - Yesvantpur Express,Exp,SWR,,,BJP,13:50,YPR,5:00,15h 10m,21,S M T W T F S,SL 3A,742 km,49 km/hr,16547
17058,Devagiri Express (PT),Exp,SCoR,,,LPI,12:25,CSMT,7:10,18h 45m,27,S M T W T F S,SL 3A 2A 1A 3E,903 km,48 km/hr,17057
12249,Swarn Nagari Express,SF,NR,,,SSB,17:10,JSM,9:00,15h 50m,19,S M T W T F S,SL 3A 2A 1A,909 km,57 km/hr,12250
12250,Swarn Nagari Express,SF,NR,,,JSM,17:00,SSB,9:30,16h 30m,19,S M T W T F S,SL 3A 2A 1A,909 km,55 km/hr,12249
17631,Hazur Sahib Nanded - Tanakpur Express,Exp,SCR,12-Jul,,NED,23:40,TPU,5:55,30h 15m,22,S,SL 3A 2A,1659 km,55 km/hr,17632
17632,Tanakpur - Hazur Sahib Nanded Express (PT),Exp,SCR,14-Jul,,TPU,9:00,NED,16:30,31h 30m,22,T,SL 3A 2A,1659 km,53 km/hr,17631
17425,Tirupati - Sainagar Shirdi Weekly Express (via Guntur) (PT),Exp,SCoR,,,TPTY,4:00,SNSI,10:45,30h 45m,29,S,SL 3A 2A,1439 km,47 km/hr,17426
17426,Sainagar Shirdi - Tirupati Weekly Express (via Guntur),Exp,SCoR,,,SNSI,19:35,TPTY,1:30,29h 55m,29,M,SL 3A 2A,1439 km,48 km/hr,17425
16554,Mumbai LTT - SMVT Bengaluru Express,Exp,SWR,24-May,,LTT,23:15,SMVB,22:30,23h 15m,15,S W,SL 3A 2A,1208 km,52 km/hr,16553
16553,SMVT Bengaluru - Mumbai LTT Express,Exp,SWR,23-May,,SMVB,20:35,LTT,20:40,24h 5m,15,T S,SL 3A 2A,1208 km,50 km/hr,16554
11631,Bhopal - Dhanbad Express,Exp,WCR,,,BPL,20:55,DHN,20:20,23h 25m,30,M T F,SL 3A 2A 1A 3E,1195 km,51 km/hr,11632
11632,Dhanbad - Bhopal Express,Exp,WCR,,,DHN,7:20,BPL,7:00,23h 40m,30,S W S,SL 3A 2A 1A 3E,1195 km,50 km/hr,11631
11633,Bhopal - Chopan Weekly Express,Exp,WCR,,,BPL,20:55,CPU,10:50,13h 55m,15,S,SL 3A 2A 1A 3E,723 km,52 km/hr,11634
11634,Chopan - Bhopal Weekly Express,Exp,WCR,,,CPU,17:10,BPL,7:00,13h 50m,15,M,SL 3A 2A 1A 3E,723 km,52 km/hr,11633
16107,Tambaram - Santragachi Amrit Bharat Express,AB,SR,,,TBM,15:30,SRC,20:15,28h 45m,26,F,SL,1668 km,58 km/hr,16108
16108,Santragachi - Tambaram Amrit Bharat Express,AB,SR,,,SRC,23:55,TBM,9:05,33h 10m,26,S,SL,1668 km,50 km/hr,16107
20604,Nagercoil - New Jalpaiguri Amrit Bharat Express,AB,SR,,,NCJ,23:00,NJP,5:00,54h 0m,43,S,SL,3112 km,58 km/hr,20603
20603,New Jalpaiguri - Nagercoil Amrit Bharat Express,AB,SR,,,NJP,16:45,NCJ,23:00,54h 15m,43,W,SL,3113 km,57 km/hr,20604
16597,SMVT Bengaluru - Alipurduar Amrit Bharat Express,AB,SWR,,,SMVB,8:50,APDJ,10:25,49h 35m,44,S,SL,2660 km,54 km/hr,16598
16598,Alipurduar - SMVT Bengaluru Amrit Bharat Express,AB,SWR,,,APDJ,22:25,SMVB,3:00,52h 35m,44,M,SL,2661 km,51 km/hr,16597
20610,Tiruchchirappalli - New Jalpaiguri Amrit Bharat Express,AB,SR,,,TPJ,5:45,NJP,5:00,47h 15m,38,W,SL,2622 km,55 km/hr,20609
20609,New Jalpaiguri - Tiruchchirappalli Amrit Bharat Express,AB,SR,,,NJP,16:45,TPJ,16:15,47h 30m,38,F,SL,2623 km,55 km/hr,20610
11031,Panvel - Alipurduar Amrit Bharat Express,AB,CR,,,PNVL,11:50,APDJ,13:50,50h 0m,36,M,SL,2375 km,47 km/hr,11032
11032,Alipurduar - Panvel Amrit Bharat Express,AB,CR,,,APDJ,3:45,PNVL,5:30,49h 45m,36,T,SL,2375 km,48 km/hr,11031
16224,Radhikapur - SMVT Bengaluru Express (PT),Exp,SWR,,,RDP,21:30,SMVB,20:45,47h 15m,48,S,SL 3A 2A,2478 km,52 km/hr,16223
18401,Bangriposi - Puri Intercity Express (PT),Exp,ECoR,,,BGY,4:00,PURI,11:30,7h 30m,21,S M T W T F S,2S CC,376 km,50 km/hr,18402
22175,Nagpur - Jaipur Weekly SF Express,SF,CR,,,NGP,10:35,JP,10:40,24h 5m,22,T,SL 3A 2A,1331 km,55 km/hr,22176
16524,Balurghat - SMVT Bengaluru Express (PT),Exp,SWR,,,BLGT,5:15,SMVB,3:00,45h 45m,41,S,SL 3A 2A,2417 km,53 km/hr,16523
22588,Banaras - Sealdah Amrit Bharat Express,AB,NER,23-Jan,,BNRS,22:10,SDAH,9:55,11h 45m,6,S T F,SL,772 km,66 km/hr,22587
22587,Sealdah - Banaras Amrit Bharat Express,AB,NER,24-Jan,,SDAH,19:30,BNRS,7:20,11h 50m,6,M W S,SL,772 km,65 km/hr,22588
13065,Howrah - Anand Vihar Terminal Amrit Bharat Express,AB,ER,,,HWH,23:10,ANVT,2:50,27h 40m,26,T,SL,1455 km,53 km/hr,13066
13066,Anand Vihar Terminal - Howrah Amrit Bharat Express,AB,ER,,,ANVT,5:15,HWH,10:50,29h 35m,25,S,SL,1455 km,49 km/hr,13065
15949,Dibrugarh - Gomti Nagar Amrit Bharat Express,AB,NFR,,,DBRG,21:00,GTNR,13:30,40h 30m,40,F,SL,1894 km,47 km/hr,15950
15950,Gomti Nagar - Dibrugarh Amrit Bharat Express,AB,NFR,,,GTNR,18:40,DBRG,12:40,42h 0m,40,S,SL,1894 km,45 km/hr,15949
15671,Kamakhya - Rohtak Amrit Bharat Express,AB,NFR,,,KYQ,22:00,ROK,14:45,40h 45m,29,F,SL,1940 km,48 km/hr,15672
15672,Rohtak - Kamakhya Amrit Bharat Express,AB,NFR,,,ROK,22:10,KYQ,12:35,38h 25m,29,S,SL,1940 km,50 km/hr,15671
16329,Nagercoil - Mangaluru Jn. Amrit Bharat Express,AB,SR,,,NCJ,11:40,MAJN,5:00,17h 20m,24,T,SL,705 km,41 km/hr,16330
16330,Mangaluru Jn. - Nagercoil Amrit Bharat Express,AB,SR,,,MAJN,8:00,NCJ,22:05,14h 5m,24,W,SL,705 km,50 km/hr,16329
16121,Tambaram - Thiruvananthapuram Central Amrit Bharat Express,AB,SR,,,TBM,17:30,TVC,8:00,14h 30m,15,W,SL,769 km,53 km/hr,16122
16122,Thiruvananthapuram Central - Tambaram Amrit Bharat Express,AB,SR,29-Jan,,TVC,10:40,TBM,23:45,13h 5m,15,T,SL,768 km,59 km/hr,16121
17041,Charlapalli - Thiruvananthapuram North Amrit Bharat Express,AB,SCR,,,CHZ,7:15,TVCN,14:45,31h 30m,29,T,SL,1546 km,49 km/hr,17042
17042,Thiruvananthapuram North - Charlapalli Amrit Bharat Express,AB,SCR,,,TVCN,17:30,CHZ,23:30,30h 0m,29,W,SL,1546 km,52 km/hr,17041
16808,Tiruchchirappalli - Tambaram InterCity Express,Exp,SR,,,TPJ,5:35,TBM,12:30,6h 55m,13,S M T F S,2S CC,377 km,54 km/hr,16807
16807,Tambaram - Tiruchchirappalli InterCity Express,Exp,SR,,,TBM,15:30,TPJ,22:40,7h 10m,13,S M T F S,2S CC,377 km,53 km/hr,16808
14022,Anand Vihar Terminal - Purulia Express,Exp,NR,,,ANVT,5:00,PRR,10:40,29h 40m,18,T,SL 3A 2A 1A,1404 km,47 km/hr,14021
14021,Purulia - Anand Vihar Terminal Express (PT),Exp,NR,,,PRR,17:00,ANVT,23:10,30h 10m,18,F,SL 3A 2A 1A,1404 km,47 km/hr,14022
12159,Amravati - Jabalpur SF Express,SF,WCR,,,AMI,16:45,JBP,5:50,13h 5m,20,S M T W T F S,SL 3A 2A 1A 3E,724 km,55 km/hr,12160
17058,Devagiri Express (PT),Exp,SCoR,,,LPI,12:25,CSMT,7:10,18h 45m,27,S M T W T F S,SL 3A 2A 1A 3E,903 km,48 km/hr,17057
18401,Bangriposi - Puri Intercity Express (PT),Exp,ECoR,,,BGY,4:00,PURI,11:30,7h 30m,21,S M T W T F S,2S CC,376 km,50 km/hr,18402
22175,Nagpur - Jaipur Weekly SF Express,SF,CR,,,NGP,10:35,JP,10:40,24h 5m,22,T,SL 3A 2A,1331 km,55 km/hr,22176
16620,Dhanbad - Podanur Amrit Bharat Express,AB,SR,,,DHN,14:00,PTJ,11:20,45h 20m,35,M,SL,2202 km,49 km/hr,16619
16619,Podanur - Dhanbad Amrit Bharat Express,AB,SR,,,PTJ,6:15,DHN,4:00,45h 45m,35,S,SL,2199 km,48 km/hr,16620
18501,Visakhapatnam - Kollam Express (PT),Exp,SCoR,,,VSKP,8:20,QLN,14:50,30h 30m,25,T,SL 3A 2A 3E,1562 km,51 km/hr,18502
18502,Kollam - Visakhapatnam Express (PT),Exp,SCoR,13-May,,QLN,17:20,VSKP,23:00,29h 40m,25,W,SL 3A 2A 3E,1563 km,53 km/hr,18501
17065,Charlapalli - Shalimar Amrit Bharat Express,AB,SCR,,,CHZ,6:55,SHM,11:20,28h 25m,22,T,SL,1546 km,54 km/hr,17066
16004,Nagarsol - MGR Chennai Central Weekly Express,Exp,SR,,,NSL,13:30,MAS,15:40,26h 10m,25,M,SL 3A 2A,1366 km,52 km/hr,16003
14664,Amritsar - New Jalpaiguri Amrit Bharat Express,AB,NR,14-May,,ASR,12:45,NJP,4:15,39h 30m,35,T,SL,1834 km,46 km/hr,14663
14663,New Jalpaiguri - Amritsar Amrit Bharat Express,AB,NR,16-May,,NJP,8:00,ASR,2:20,42h 20m,35,S,SL,1834 km,43 km/hr,14664
17615,Kacheguda - Tuticorin Express (PT),Exp,SCR,6-Apr,,KCG,15:00,TN,19:15,28h 15m,33,M,SL 3A 2A 1A,1446 km,51 km/hr,17616
17616,Tuticorin - Kacheguda Express (PT),Exp,SCR,8-Apr,,TN,7:40,KCG,13:25,29h 45m,33,W,SL 3A 2A 1A,1446 km,49 km/hr,17615
16313,Thiruvananthapuram North - Mangaluru Jn. Antyodaya Express (via Kottayam),Ant,SR,16-Mar,,TVCN,17:15,MAJN,6:50,13h 35m,22,M,,626 km,46 km/hr,16314
16314,Mangaluru Jn. - Thiruvananthapuram North Antyodaya Express (via Kottayam),Ant,SR,17-Mar,,MAJN,18:00,TVCN,7:15,13h 15m,22,T,,626 km,47 km/hr,16313
16363,Ernakulam Jn. - Velankanni Weekly Express (via Tiruchchirappalli) (PT),Exp,SR,,,ERS,23:50,VLNK,17:35,17h 45m,27,W,SL 3A 2A,717 km,40 km/hr,16364
13106,Ballia - Sealdah Express (PT),Exp,ER,,,BUI,8:50,SDAH,2:05,17h 15m,32,S M T W T F S,SL 3A 2A 1A,680 km,39 km/hr,13105
16003,MGR Chennai Central - Nagarsol Weekly Express (PT),Exp,SR,,,MAS,9:15,NSL,11:55,26h 40m,24,S,SL 3A 2A,1366 km,51 km/hr,16004
20848,MCTM Udhampur - Durg SF Express (via New Delhi),SF,SECR,,,MCTM,0:10,DURG,9:10,33h 0m,21,F,SL 3A 2A 1A 3E,1911 km,58 km/hr,20847
16708,Tirunelveli - Mangaluru Jn. Express (PT),Exp,SR,,,TEN,15:45,MAJN,6:55,15h 10m,20,W,SL 3A 2A,751 km,49 km/hr,16707
16707,Mangaluru Jn - Tirunelveli Express,Exp,SR,,,MAJN,13:00,TEN,7:45,18h 45m,20,T,SL 3A 2A,751 km,40 km/hr,16708
16357,Nagercoil - Charlapalli Amrit Bharat Express,AB,SR,,,NCJ,23:45,CHZ,4:20,28h 35m,30,T,SL,1487 km,52 km/hr,16358
16358,Charlapalli - Nagercoil Amrit Bharat Express,AB,SR,,,CHZ,8:15,NCJ,15:35,31h 20m,30,S,SL,1487 km,47 km/hr,16357
15675,New Jalpaiguri - Guwahati Intercity Express (PT),Exp,NFR,,,NJP,23:30,GHY,8:30,9h 0m,18,S M T W T F S,SL 2A 3E,407 km,45 km/hr,15676
15676,Guwahati - New Jalpaiguri Intercity Express (PT),Exp,NFR,,,GHY,21:15,NJP,6:40,9h 25m,18,S M T W T F S,SL 2A 3E,407 km,43 km/hr,15675
15674,Kamakhya - Charlapalli Amrit Bharat Express,AB,NFR,,,KYQ,19:00,CHZ,14:40,43h 40m,41,S,SL,2524 km,58 km/hr,15673
15673,Charlapalli - Kamakhya Amrit Bharat Express,AB,NFR,,,CHZ,19:40,KYQ,22:00,50h 20m,41,W,SL,2524 km,50 km/hr,15674
18507,Visakhapatnam - Tirupati Express (PT),Exp,SCoR,,,VSKP,19:10,TPTY,9:30,14h 20m,20,M,SL 3A 2A 3E,764 km,53 km/hr,18508
17002,Secunderabad - Sainagar Shirdi Express (PT),Exp,SCR,,,SC,16:10,SNSI,9:10,17h 0m,18,S F,SL 3A 2A,777 km,46 km/hr,17001
22191,Indore - Jabalpur SF Express,SF,WCR,,,INDB,19:35,JBP,5:35,10h 0m,18,S M T W T F S,SL 3A 2A 1A 3E,554 km,55 km/hr,22192
18510,SMVT Bengaluru - Visakhapatnam Express,Exp,SCoR,11-May,,SMVB,15:50,VSKP,13:30,21h 40m,16,M,SL 3A 2A 3E,1072 km,49 km/hr,18509
18505,Visakhapatnam - Tirupati Express,Exp,SCoR,,,VSKP,19:00,TPTY,9:30,14h 30m,19,W,SL 3A 2A,764 km,53 km/hr,18506
18506,Tirupati - Visakhapatnam Express,Exp,SCoR,,,TPTY,21:50,VSKP,13:30,15h 40m,19,T,SL 3A 2A,764 km,49 km/hr,18505
18527,Visakhapatnam - Charlapalli Express,Exp,SCoR,3-Apr,,VSKP,17:30,CHZ,8:00,14h 30m,12,F,SL 3A 2A 3E,683 km,47 km/hr,18528
18528,Charlapalli - Visakhapatnam Express,Exp,SCoR,4-Apr,,CHZ,14:30,VSKP,5:20,14h 50m,12,S,SL 3A 2A 3E,683 km,46 km/hr,18527
22979,Hisar - Khadki (Pune) SF Express,SF,NWR,26-Jul,,HSR,4:20,KK,8:00,27h 40m,22,S,SL 3A 2A 1A 3E,1642 km,59 km/hr,22980
22980,Khadki (Pune) - Hisar SF Express,SF,NWR,27-Jul,,KK,17:30,HSR,22:40,29h 10m,22,M,SL 3A 2A 1A 3E,1642 km,56 km/hr,22979
20993,Jaipur - Udaipur City SF Express,SF,NWR,,,JP,6:10,UDZ,13:30,7h 20m,11,S M T W T F S,2S SL CC 3A,429 km,58 km/hr,20994
20994,Udaipur City - Jaipur SF Express,SF,NWR,,,UDZ,15:05,JP,22:25,7h 20m,11,S M T W T F S,2S SL CC 3A,429 km,58 km/hr,20993
19723,Jaipur - Bandra Terminus Weekly Express,Exp,NWR,26-Aug,,JP,8:20,BDTS,5:10,20h 50m,14,W,SL 3A 2A 1A 3E,1152 km,55 km/hr,19724
19724,Bandra Terminus - Jaipur Weekly Express,Exp,NWR,27-Aug,,BDTS,8:35,JP,6:45,22h 10m,14,T,SL 3A 2A 1A 3E,1152 km,52 km/hr,19723
19625,Daurai (Ajmer) - Bandra Terminus Weekly Express (via Kota) (PT),Exp,NWR,,,DOZ,6:05,BDTS,4:20,22h 15m,14,S,SL 3A 2A 3E,1291 km,58 km/hr,19626
19626,Bandra Terminus - Daurai (Ajmer) Weekly Express‌ (via Kota) (PT),Exp,NWR,,,BDTS,8:35,DOZ,9:40,25h 5m,14,M,SL 3A 2A 3E,1291 km,51 km/hr,19625
18041,Shalimar - M.G.R. Chennai Central Express,Exp,SER,,,SHM,14:45,MAS,16:45,26h 0m,16,M,SL 3A 2A,1644 km,63 km/hr,18042
18042,MGR Chennai Central - Shalimar Express (PT),Exp,SER,,,MAS,18:45,SHM,4:00,33h 15m,16,T,SL 3A 2A,1644 km,49 km/hr,18041
18063,Santragachi - Yelahanka AC Express (PT),ACExp,SER,,,SRC,12:50,YNK,0:20,35h 30m,26,T,3A,1882 km,53 km/hr,18064
18064,Yelahanka - Santragachi AC Express,ACExp,SER,,,YNK,4:50,SRC,17:00,36h 10m,26,S,3A,1882 km,52 km/hr,18063
18641,Hatia - Durg Express (PT),Exp,SER,,,HTE,20:00,DURG,6:45,10h 45m,7,T T,SL 3A 2A,616 km,57 km/hr,18642
18642,Durg - Hatia Express (PT),Exp,SER,,,DURG,19:25,HTE,7:15,11h 50m,7,W F,SL 3A 2A,616 km,52 km/hr,18641
17363,SSS Hubballi - Yog Nagari Rishikesh Express,Exp,SWR,6-Jul,,UBL,19:45,YNRK,23:30,51h 45m,30,M,SL 3A 2A,2420 km,47 km/hr,17364
17364,Yog Nagari Rishikesh - SSS Hubballi Express,Exp,SWR,9-Jul,,YNRK,6:15,UBL,6:30,48h 15m,30,T,SL 3A 2A,2420 km,50 km/hr,17363
10110,Karwar - Madgaon Express,Exp,SWR,12-Jun,,KAWR,8:50,MAO,10:25,1h 35m,1,S M T W T F S,SL 3A 2A 1A 3E,60 km,38 km/hr,10109
10109,Madgaon - Karwar Express,Exp,SWR,11-Jun,,MAO,16:30,KAWR,17:45,1h 15m,1,S M T W T F S,SL 3A 2A 1A 3E,60 km,48 km/hr,10110
14055,Mau - Anand Vihar Terminal Express (Via Prayagraj),Exp,NR,25-Jun,,MAU,10:30,ANVT,3:00,16h 30m,8,T,SL 3A 2A 1A 3E,869 km,53 km/hr,14056
14056,Anand Vihar Terminal - Mau Express (Via Prayagraj),Exp,NR,24-Jun,,ANVT,15:00,MAU,5:45,14h 45m,8,W,SL 3A 2A 1A 3E,869 km,59 km/hr,14055
56919,SSS Hubballi - Vijayapura Passenger (UnReserved),Pass,SWR,12-May,,UBL,6:35,BJP,12:45,6h 10m,19,S M T W T F S,,249 km,40 km/hr,56920
56920,Vijayapura - SSS Hubballi Passenger (UnReserved),Pass,SWR,12-May,,BJP,12:00,UBL,18:15,6h 15m,19,S M T W T F S,,249 km,40 km/hr,56919
56531,Yesvantpur - Hindupur Passenger (UnReserved),Pass,SWR,12-May,,YPR,5:45,HUP,7:30,1h 45m,3,S M T W T F S,,96 km,55 km/hr,56532
56532,Hindupur - Yesvantpur Passenger (UnReserved),Pass,SWR,12-May,,HUP,16:30,YPR,18:45,2h 15m,3,S M T W T F S,,96 km,43 km/hr,56531
16555,Yesvantpur - Talguppa Weekly Express,Exp,SWR,15-May,,YPR,22:45,TLGP,5:30,6h 45m,9,F,SL 3A 2A 1A,365 km,54 km/hr,16556
16556,Talguppa - Yesvantpur Weekly Express,Exp,SWR,16-May,,TLGP,10:00,YPR,17:15,7h 15m,9,S,SL 3A 2A 1A,365 km,50 km/hr,16555
19423,Ahmedabad - Bhagalpur Amrit Bharat Express,AB,WR,26-Aug,,ADI,18:30,BGP,6:40,36h 10m,27,W,SL,1981 km,55 km/hr,19424
17002,Secunderabad - Sainagar Shirdi Express (PT),Exp,SCR,,,SC,16:10,SNSI,9:10,17h 0m,18,S F,SL 3A 2A,777 km,46 km/hr,17001
19055,Bandra Terminus - Udhna Intercity Express,Exp,WR,2-Aug,,BDTS,9:00,UDN,15:05,6h 5m,23,S M T W T F S,2S SL CC,248 km,41 km/hr,19056
19056,Udhna - Bandra Terminus Intercity Express,Exp,WR,1-Aug,,UDN,15:45,BDTS,21:35,5h 50m,25,S M T W T F S,2S SL CC,248 km,43 km/hr,19055
13354,Patna - Rajgir Intercity Express,Exp,ECR,,,PNBE,9:20,RGD,12:45,3h 25m,12,S M T W T F S,SL 3A 2A,99 km,29 km/hr,13353
13353,Rajgir - Patna Intercity Express,Exp,ECR,,,RGD,15:10,PNBE,19:05,3h 55m,12,S M T W T F S,SL 3A 2A,99 km,25 km/hr,13354
13379,Dhanbad - Mumbai LTT Weekly Express (PT),Exp,ECR,,,DHN,23:00,LTT,13:40,38h 40m,27,M,SL 3A 2A 3E,1844 km,48 km/hr,13380
13380,Mumbai LTT - Dhanbad Weekly Express,Exp,ECR,,,LTT,16:55,DHN,8:00,39h 5m,28,W,SL 3A 2A 3E,1844 km,47 km/hr,13379
20178,Agra Cantt - Asarva (Ahmedabad) SF Express,SF,NCR,,,AGC,18:45,ASV,11:00,16h 15m,13,S W T F S,SL 3A 2A,892 km,55 km/hr,20177
20177,Asarva (Ahmedabad) - Agra Cantt SF Express,SF,NCR,,,ASV,15:00,AGC,7:15,16h 15m,13,S M T F S,SL 3A 2A,892 km,55 km/hr,20178
11431,Pune - Danapur Amrit Bharat Express,AB,CR,27-Jun,,PUNE,15:25,DNR,1:30,34h 5m,19,S,SL,1748 km,51 km/hr,11432
11432,Danapur - Pune Amrit Bharat Express,AB,CR,29-Jun,,DNR,3:30,PUNE,11:05,31h 35m,19,M,SL,1748 km,55 km/hr,11431
22191,Indore - Jabalpur SF Express,SF,WCR,,,INDB,19:35,JBP,5:35,10h 0m,18,S M T W T F S,SL 3A 2A 1A 3E,554 km,55 km/hr,22192
20847,Durg - MCTM Udhampur SF Express (via New Delhi) (PT),SF,SECR,,,DURG,11:00,MCTM,20:05,33h 5m,22,W,SL 3A 2A 1A 3E,1910 km,58 km/hr,20848
18261,Bilaspur - Yelahanka Weekly Express,Exp,SECR,26-Aug,,BSP,14:00,YNK,19:00,29h 0m,25,W,SL 3A 2A 3E,1592 km,55 km/hr,18262
18262,Yelahanka - Bilaspur Weekly Express,Exp,SECR,27-Aug,,YNK,21:30,BSP,3:30,30h 0m,25,T,SL 3A 2A 3E,1592 km,53 km/hr,18261
17073,Secunderabad - Belagavi Express,Exp,SCR,18-May,,SC,16:30,BGM,10:30,18h 0m,20,M,SL 3A 2A,812 km,45 km/hr,17074
15026,Anand Vihar Terminal - Mau Express (Via Ayodhya Cantt),Exp,NER,,,ANVT,13:25,MAU,5:30,16h 5m,9,M F,SL 3A 2A 1A 3E,832 km,52 km/hr,15025
20908,Sayaji Nagari Superfast Express (PT),SF,WR,,,BHUJ,22:40,DDR,13:55,15h 15m,25,S M T W T F S,SL 3A 2A 1A,845 km,55 km/hr,20907
17072,Belagavi - Hyderabad Express,Exp,SCR,,,BGM,13:00,HYB,7:00,18h 0m,20,F,SL 3A 2A 1A,813 km,45 km/hr,17071
17601,Kacheguda - Shri Ganganagar Express (PT),Exp,SCR,25-Jul,,KCG,22:00,SGNR,21:30,47h 30m,35,S,SL 3A 2A,2450 km,52 km/hr,17602
17043,Secunderabad - Anakapalle AC Express,ACExp,SCR,24-May,,SC,21:00,AKP,12:00,15h 0m,14,S,3A 2A 1A,657 km,44 km/hr,17044
17602,Shri Ganganagar - Kacheguda Express (PT),Exp,SCR,28-Jul,,SGNR,6:55,KCG,7:15,48h 20m,35,T,SL 3A 2A,2450 km,51 km/hr,17601
17044,Anakapalle - Secunderabad AC Express,ACExp,SCR,18-May,,AKP,17:35,SC,8:40,15h 5m,14,M,3A 2A 1A,657 km,44 km/hr,17043
17607,Kacheguda - Tiruchanur Weekly Express (PT),Exp,SCR,20-Aug,,KCG,21:30,TCNR,11:55,14h 25m,9,T,SL 3A 2A,661 km,46 km/hr,17608
17608,Tiruchanur - Kacheguda Weekly Express (PT),Exp,SCR,21-Aug,,TCNR,16:00,KCG,9:00,17h 0m,9,F,SL 3A 2A,661 km,39 km/hr,17607
17079,Hyderabad - Jaipur Weekly Express,Exp,SCR,24-Jul,,HYB,19:50,JP,5:25,33h 35m,24,F,SL 3A 2A,1839 km,55 km/hr,17080
17080,Jaipur - Hyderabad Weekly Express,Exp,SCR,26-Jul,,JP,15:30,HYB,5:00,37h 30m,24,S,SL 3A 2A,1839 km,49 km/hr,17079
17427,Tirupati - Narasapur Express (PT),Exp,SCoR,,,TPTY,22:10,NS,9:30,11h 20m,12,S,SL 3A 2A,526 km,46 km/hr,17428
17428,Narasapur - Tirupati Express,Exp,SCoR,27-Apr,,NS,15:50,TPTY,3:40,11h 50m,12,M,SL 3A 2A,526 km,44 km/hr,17427
17633,Hazur Sahib Nanded - Tiruchanur Express,Exp,SCR,9-May,,NED,16:45,TCNR,12:20,19h 35m,17,S,SL 3A 2A 1A,959 km,49 km/hr,17634
17634,Tiruchanur - Hazur Sahib Nanded Express,Exp,SCR,10-May,,TCNR,19:45,NED,18:20,22h 35m,17,S,SL 3A 2A 1A,959 km,42 km/hr,17633
17047,Charlapalli - Tiruchanur Express (via Kazipet) (PT),Exp,SCR,27-May,,CHZ,18:55,TCNR,8:00,13h 5m,13,W,SL 3A 2A,716 km,55 km/hr,17048
17048,Tiruchanur - Charlapalli Express (via Kazipet) (PT),Exp,SCR,28-May,,TCNR,16:55,CHZ,7:00,14h 5m,13,T,SL 3A 2A,716 km,51 km/hr,17047
17439,Tirupati - Srikakulam Road Humsafar Express,Hms,SCoR,,,TPTY,16:55,CHE,12:30,19h 35m,18,S,SL 3A,852 km,44 km/hr,17440
17440,Srikakulam Road - Tirupati Humsafar Express,Hms,SCoR,,,CHE,15:00,TPTY,8:10,17h 10m,18,M,SL 3A,852 km,50 km/hr,17439
17429,Tirupati - Akola Express (PT),Exp,SCoR,8-May,,TPTY,12:25,AK,14:00,25h 35m,23,F,SL 3A 2A,1221 km,48 km/hr,17430
17430,Akola - Tirupati Express (PT),Exp,SCoR,,,AK,8:10,TPTY,8:30,24h 20m,23,S,SL 3A 2A,1221 km,50 km/hr,17429
17635,Hazur Sahib Nanded - Dharmavaram Express,Exp,SCR,22-May,,NED,16:45,DMM,19:30,26h 45m,23,F,SL 3A 2A,1235 km,46 km/hr,17636
17636,Dharmavaram - Hazur Sahib Nanded Express,Exp,SCR,17-May,,DMM,5:25,NED,8:05,26h 40m,23,S,SL 3A 2A,1235 km,46 km/hr,17635
17061,Charlapalli - Narasapur Express (PT),Exp,SCR,,,CHZ,19:50,NS,7:00,11h 10m,9,S,SL 3A 2A,439 km,39 km/hr,17062
17062,Narasapur - Charlapalli Express (PT),Exp,SCR,26-Apr,,NS,20:00,CHZ,7:50,11h 50m,9,S,SL 3A 2A,439 km,37 km/hr,17061
17053,Charlapalli - Anakapalle AC Express,ACExp,SCR,14-May,,CHZ,22:10,AKP,11:00,12h 50m,11,T,3A 2A 1A,618 km,48 km/hr,17054
17054,Anakapalle - Charlapalli AC Express,ACExp,SCR,8-May,,AKP,17:35,CHZ,6:40,13h 5m,11,F,3A 2A 1A,618 km,47 km/hr,17053
17059,Charlapalli - Tiruchanur Express (via Dhone ) (PT),Exp,SCR,17-May,,CHZ,21:30,TCNR,12:30,15h 0m,14,S,SL 3A 2A,649 km,43 km/hr,17060
17060,Tiruchanur - Charlapalli Express (via Dhone) (PT),Exp,SCR,18-May,,TCNR,16:00,CHZ,8:00,16h 0m,14,M,SL 3A 2A,649 km,41 km/hr,17059
15026,Anand Vihar Terminal - Mau Express (Via Ayodhya Cantt),Exp,NER,,,ANVT,13:25,MAU,5:30,16h 5m,9,M F,SL 3A 2A 1A 3E,832 km,52 km/hr,15025
20908,Sayaji Nagari Superfast Express (PT),SF,WR,,,BHUJ,22:40,DDR,13:55,15h 15m,25,S M T W T F S,SL 3A 2A 1A,845 km,55 km/hr,20907
22461,Shri Shakti AC SF Express,ACSF,NR,,,NDLS,19:05,SVDK,5:40,10h 35m,6,S M T W T F S,3A 2A 1A,655 km,62 km/hr,22462
22634,Hazrat Nizamuddin - Thiruvananthapuram Central SF Express (via Alappuzha),SF,SR,,,NZM,22:15,TVC,23:20,49h 5m,27,F,SL 3A 2A 3E,2845 km,58 km/hr,22633
22589,Banaras - Hadapsar Amrit Bharat Express,AB,NER,,,BNRS,18:15,HDP,0:10,29h 55m,18,S M T W T F S,SL,1710 km,57 km/hr,22590
22590,Hadapsar - Banaras Amrit Bharat Express,AB,NER,,,HDP,7:50,BNRS,14:30,30h 40m,18,S M T W T F S,SL,1710 km,56 km/hr,22589
22111,Mumbai LTT - Ayodhya Cantt. Amrit Bharat Express,AB,CR,5-May,,LTT,7:55,AYC,10:15,26h 20m,12,T,SL,1500 km,57 km/hr,22112
22112,Ayodhya Cantt. - Mumbai LTT Amrit Bharat Express,AB,CR,,,AYC,13:50,LTT,15:45,25h 55m,12,W,SL,1500 km,58 km/hr,22111
20907,Sayaji Nagari Superfast Express (PT),SF,WR,,,DDR,15:15,BHUJ,6:30,15h 15m,26,S M T W T F S,SL 3A 2A 1A,845 km,55 km/hr,20908
11465,Veraval - Jabalpur Express (via Bina) (PT),Exp,WCR,,,VRL,10:10,JBP,16:15,30h 5m,47,M S,SL 3A 2A 1A 3E,1552 km,52 km/hr,11466
11429,Hadapsar - Harangul Express,Exp,CR,15-Aug,,HDP,6:20,HGL,13:00,6h 40m,10,S M T W T F S,SL 3A 2A,321 km,48 km/hr,11430
11430,Harangul - Hadapsar Express,Exp,CR,15-Aug,,HGL,15:00,HDP,20:45,5h 45m,10,S M T W T F S,SL 3A 2A,321 km,56 km/hr,11429
20937,Porbandar - Delhi Sarai Rohilla SF Express (PT),SF,WR,,,PBR,19:40,DEE,19:30,23h 50m,26,T S,SL 3A 2A 1A,1374 km,58 km/hr,20938
14152,Anand Vihar Terminal - Kanpur Central Express,Exp,NCR,,,ANVT,20:45,CNB,6:20,9h 35m,12,S,SL 3A 2A 3E,479 km,50 km/hr,14151
14151,Kanpur Central - Anand Vihar Terminal Express,Exp,NCR,,,CNB,7:45,ANVT,18:20,10h 35m,12,S,SL 3A 2A 3E,479 km,45 km/hr,14152
22946,Saurashtra Mail (PT),SF,WR,,,OKHA,11:05,MMCT,4:55,17h 50m,29,S M T W T F S,SL 3A 2A 1A 3E,991 km,56 km/hr,22945
22633,Thiruvananthapuram Central - Hazrat Nizamuddin SF Express (Via Alappuzha) (PT),SF,SR,,,TVC,14:40,NZM,12:30,45h 50m,27,W,SL 3A 2A 3E,2845 km,62 km/hr,22634
19804,SMVD Katra - Kota Express,Exp,WCR,,,SVDK,22:30,KOTA,20:50,22h 20m,26,S,SL 3A 2A 1A 3E,1136 km,51 km/hr,19803
15309,Dehradun - Ramnagar Intercity Express,Exp,NER,5-Aug,,DDN,15:55,RMR,23:30,7h 35m,6,W F,2S SL CC 3A 2A,296 km,39 km/hr,15310
15310,Ramnagar - Dehradun Intercity Express,Exp,NER,5-Aug,,RMR,5:50,DDN,12:40,6h 50m,6,W F,2S SL CC 3A 2A,296 km,43 km/hr,15309
18408,Koraput - Puri Express,Exp,ECoR,12-Jul,,KRPU,5:00,PURI,22:20,17h 20m,19,S T F,SL 3A 2A,837 km,48 km/hr,18407
22945,Saurashtra Mail (PT),SF,WR,,,MMCT,21:05,OKHA,14:50,17h 45m,28,S M T W T F S,SL 3A 2A 1A 3E,991 km,56 km/hr,22946
11463,Veraval - Jabalpur Express (via Itarsi) (PT),Exp,WCR,,,VRL,10:10,JBP,14:10,28h 0m,50,S T W T F,SL 3A 2A 1A 3E,1398 km,50 km/hr,11464
19404,Delhi - Bhuj Express,Exp,WR,24-May,,DLI,16:40,BHUJ,19:35,26h 55m,22,S M T W T F S,SL 3A 2A,1240 km,46 km/hr,19403
17031,Charlapalli - Agartala Express (PT),Exp,SCR,27-Jul,,CHZ,16:20,AGTL,6:55,62h 35m,35,M,3A 2A 3E,3065 km,49 km/hr,17032
17032,Agartala - Charlapalli Express (PT),Exp,SCR,31-Jul,,AGTL,5:30,CHZ,20:40,63h 10m,35,F,3A 2A 3E,3065 km,49 km/hr,17031
22945,Saurashtra Mail (PT),SF,WR,,,MMCT,21:05,OKHA,14:50,17h 45m,28,S M T W T F S,SL 3A 2A 1A 3E,991 km,56 km/hr,22946
11463,Veraval - Jabalpur Express (via Itarsi) (PT),Exp,WCR,,,VRL,10:10,JBP,14:10,28h 0m,50,S T W T F,SL 3A 2A 1A 3E,1398 km,50 km/hr,11464
19803,Kota - SMVD Katra Express (PT),Exp,WCR,,,KOTA,16:35,SVDK,13:35,21h 0m,26,S,SL 3A 2A 1A 3E,1136 km,54 km/hr,19804
22683,Yesvantpur - Lucknow SF Express (via Kacheguda) (PT),SF,SWR,,,YPR,23:40,LKO,18:00,42h 20m,29,M,SL 3A 2A,2335 km,55 km/hr,22684
19218,Saurashtra Janta Express (PT),Exp,WR,,,VRL,11:50,BDTS,5:50,18h 0m,37,S M T W T F S,SL 3A 2A 1A,913 km,51 km/hr,19217
20804,Gandhidham - Visakhapatnam SF Express (PT),SF,SCoR,,,GIMB,23:10,VSKP,10:15,35h 5m,27,S,SL 3A 2A 1A 3E,2111 km,60 km/hr,20803
20803,Visakhapatnam - Gandhidham SF Express,SF,SCoR,,,VSKP,17:30,GIMB,6:15,36h 45m,27,T,SL 3A 2A 1A 3E,2111 km,57 km/hr,20804
19217,Saurashtra Janta Express (PT),Exp,WR,,,BDTS,13:35,VRL,6:50,17h 15m,33,S M T W T F S,SL 3A 2A 1A,913 km,53 km/hr,19218
19407,Sabarmati - Lalgarh Express,Exp,WR,22-Jun,,SBIB,17:55,LGH,8:10,14h 15m,17,S M T W T F S,SL 3A 2A 1A 3E,737 km,52 km/hr,19408
19408,Lalgarh - Sabarmati Express,Exp,WR,23-Jun,,LGH,21:05,SBIB,11:30,14h 25m,17,S M T W T F S,SL 3A 2A 1A 3E,737 km,51 km/hr,19407
11423,Pune - Sainagar Shirdi Intercity Express,Exp,CR,22-Jun,,PUNE,6:55,SNSI,12:00,5h 5m,5,S M T W T F S,2S CC,256 km,50 km/hr,11424
11424,Sainagar Shirdi - Pune Intercity Express,Exp,CR,22-Jun,,SNSI,18:10,PUNE,23:55,5h 45m,5,S M T W T F S,2S CC,256 km,45 km/hr,11423
19725,Khatipura (Jaipur) - Darbhanga Amrit Bharat Express,AB,NWR,22-Jun,,KWP,22:30,DBG,0:55,26h 25m,23,S M T W T S,SL,1164 km,44 km/hr,19726
19726,Darbhanga - Khatipura (Jaipur) Amrit Bharat Express,AB,NWR,23-Jun,,DBG,4:30,KWP,8:40,28h 10m,23,M T W T F S,SL,1164 km,41 km/hr,19725
14502,Kartoli Punjab - Ambala Cantt. Intercity Express,Exp,NR,19-Jul,,KRTP,8:30,UMB,13:20,4h 50m,10,S M T W T F S,SL 3A 2A 1A,227 km,47 km/hr,14501
14501,Ambala Cantt. - Kartoli Punjab Intercity Express,Exp,NR,19-Jul,,UMB,16:00,KRTP,20:25,4h 25m,10,S M T W T F S,SL 3A 2A 1A,227 km,51 km/hr,14502
14624,Seer Govardhanpur Varanasi Express,Exp,NR,19-Jul,,CIA,14:05,BSB,12:15,22h 10m,11,S W F,SL 3A 2A,1138 km,51 km/hr,14623
14623,Seer Govardhanpur Varanasi Express,Exp,NR,20-Jul,,BSB,19:50,CIA,17:10,21h 20m,11,M T S,SL 3A 2A,1138 km,53 km/hr,14624
15312,Kasganj - Aishbagh Intercity Express,Exp,NER,27-Jul,,KSJ,4:20,ASH,13:00,8h 40m,12,S M T W T F S,2S CC,421 km,49 km/hr,15311
15311,Aishbagh - Kasganj Intercity Express,Exp,NER,27-Jul,,ASH,14:00,KSJ,22:40,8h 40m,12,S M T W T F S,2S CC,421 km,49 km/hr,15312
11449,Jabalpur - Shri Mata Vaishno Devi Katra Express (PT),Exp,WCR,,,JBP,6:00,SVDK,10:45,28h 45m,30,T,SL 3A 2A 1A 3E,1582 km,55 km/hr,11450
14207,Padmavat Express,Exp,NR,,,MBDP,17:45,DLI,6:30,12h 45m,16,S M T W T F S,SL 3A 2A 1A 3E,659 km,52 km/hr,14208
22363,Dhanbad - Coimbatore Amrit Bharat Express,AB,ECR,,,DHN,16:10,CBE,18:30,50h 20m,39,S,SL,2976 km,59 km/hr,22364
22364,Coimbatore - Dhanbad Amrit Bharat Express,AB,ECR,,,CBE,7:50,DHN,13:00,53h 10m,39,T,SL,2976 km,56 km/hr,22363
12846,SMVT Bengaluru - Bhubaneswar SF Express (PT),SF,ECoR,,,SMVB,16:40,BBS,18:25,25h 45m,19,M,SL 3A 2A,1506 km,58 km/hr,12845
12953,August Kranti Tejas Rajdhani Express,Raj,WR,,,MMCT,17:10,NZM,9:43,16h 33m,11,S M T W T F S,3A 2A 1A,1378 km,83 km/hr,12954
15095,Gorakhpur - Delhi Amrit Bharat Express,AB,NER,27-Aug,,GKP,22:45,DLI,12:50,14h 5m,8,T,SL,724 km,51 km/hr,15096
12853,Amarkantak Express (PT),SF,SECR,,,DURG,18:25,BPL,10:30,16h 5m,27,S M T W T F S,SL 3A 2A 1A 3E,886 km,55 km/hr,12854
20436,Prayagraj - Mumbai LTT Amrit Bharat Express,AB,NCR,21-Aug,,PRYJ,18:10,LTT,15:45,21h 35m,5,F,SL,1342 km,62 km/hr,20435
20435,Mumbai LTT - Prayagraj Amrit Bharat Express,AB,NCR,22-Aug,,LTT,17:20,PRYJ,12:40,19h 20m,5,S,SL,1342 km,69 km/hr,20436
20437,Prayagraj - Udhna Amrit Bharat Express,AB,NCR,24-Aug,,PRYJ,5:20,UDN,4:05,22h 45m,14,M,SL,1440 km,63 km/hr,20438
20438,Udhna - Prayagraj Amrit Bharat Express,AB,NCR,25-Aug,,UDN,6:45,PRYJ,7:30,24h 45m,14,T,SL,1440 km,58 km/hr,20437
14121,Subedarganj - Mumbai LTT Amrit Bharat Express,AB,NCR,27-Aug,,SFG,12:10,LTT,20:50,32h 40m,18,T,SL,1670 km,51 km/hr,14122
14122,Mumbai LTT - Subedarganj Amrit Bharat Express,AB,NCR,28-Aug,,LTT,22:55,SFG,7:30,32h 35m,18,F,SL,1670 km,51 km/hr,14121
12989,Dadar Western - Ajmer SF Express (PT),SF,NWR,,,DDR,15:00,AII,7:25,16h 25m,20,M T S,SL 3A 2A 3E,980 km,60 km/hr,12990
11050,SCSMT Kolhapur - Ahmedabad Express (PT),Exp,CR,,,KOP,13:30,ADI,7:35,18h 5m,17,S,SL 3A 2A,955 km,53 km/hr,11049
22645,Ahilya Nagari SF Express (PT),SF,SR,,,INDB,16:45,TVCN,15:40,46h 55m,48,M,SL 3A 2A 3E,2642 km,56 km/hr,22646
12341,Agnibina Express,SF,ER,,,HWH,18:20,ASN,21:30,3h 10m,6,S M T W T F S,2S CC,200 km,63 km/hr,12342
12941,Parasnath Express (PT),SF,WR,,,BVC,17:45,ASN,10:10,40h 25m,31,T,SL 3A 2A,2311 km,57 km/hr,12942
