Train No,Name,Type,Zone,Date From,Date To,From,Dep,To,Arr,Duration,Halts,Dep Days,Classes,Distance,Speed,Return
09424,Ahmedabad - Mangaluru Jn Special Fare Special,Exp,WR,27-Mar,27-Nov,ADI,16:00,MAJN,21:00,29h 0m,39,F,SL 3A 2A,1338 km,46 km/hr,9423
04566,Beas - Saharanpur Special Fare Special,Exp,NR,13-Sep,20-Sep,BEAS,15:00,SRE,21:10,6h 10m,5,S,SL 3A,288 km,47 km/hr,4565
05494,Sawai Madhopur - Durgapura Rakshabandhan Special (UnReserved),Exp,WCR,29-Aug,7-Sep,SWM,20:50,DPA,0:25,3h 35m,3,S M T W T F S,,124 km,35 km/hr,5493
06029,Mettupalayam - Tirunelveli Special Fare Special (PT),Exp,SR,8-Sep,28-Sep,MTP,19:45,TEN,8:05,12h 20m,21,M,SL 3A 2A,503 km,41 km/hr,6030
06166,Tirunelveli - Tambaram Special Fare Summer Special (PT),Exp,SR,12-Apr,27-Sep,TEN,23:45,TBM,11:35,11h 50m,15,S,SL 3A 2A 3E,643 km,54 km/hr,6165
09717,Rewari - Madar Raksha Bandhan Special (UnReserved),Exp,NWR,29-Aug,31-Aug,RE,4:15,MDJN,11:00,6h 45m,14,S M S,,289 km,43 km/hr,9718
09189,Mumbai Central - Katihar Special Fare Special (PT),Exp,WR,16-May,14-Nov,MMCT,10:55,KIR,7:30,44h 35m,27,S,SL 3A 2A,2293 km,51 km/hr,9190
09185,Mumbai Central - Kanpur Anwarganj Special Fare SF Summer Special (PT),SF,WR,5-Apr,29-Nov,MMCT,10:55,CPA,15:35,28h 40m,16,S,SL 3A 2A,1594 km,56 km/hr,9186
09065,Surat - Chhapra Special Fare Special (PT),Exp,WR,21-Sep,24-Nov,ST,7:35,CPR,17:15,33h 40m,15,T,SL 3A,1702 km,51 km/hr,9066
09066,Chhapra - Surat Special Fare Special,Exp,WR,23-Sep,25-Nov,CPR,23:45,ST,11:15,35h 30m,15,W,SL 3A,1702 km,48 km/hr,9065
07267,Parvatipuram - Visakhapatnam MEMU Special,MEMU,SCoR,28-Aug,30-Aug,PVP,12:35,VSKP,16:00,3h 25m,9,S F S,,139 km,41 km/hr,7268
07268,Visakhapatnam - Parvatipuram MEMU Special,MEMU,SCoR,28-Aug,30-Aug,VSKP,10:00,PVP,12:26,2h 26m,9,S F S,,139 km,57 km/hr,7267
01926,Madurai - Kanpur Central Special Fare Special (PT),Exp,NCR,4-Jul,28-Nov,MDU,2:30,CNB,4:30,50h 0m,26,S,SL 3A 2A,2489 km,50 km/hr,1925
01925,Kanpur Central - Madurai Special Fare Special,Exp,NCR,1-Jul,25-Nov,CNB,8:10,MDU,7:15,47h 5m,26,W,SL 3A 2A,2489 km,53 km/hr,1926
04545,Lucknow - Chandigarh Special Fare Rakshabandhan Special,Exp,NR,28-Aug,28-Aug,LKO,13:00,CDG,2:10,13h 10m,9,F,SL 3A 2A,644 km,49 km/hr,4546
09710,Howrah - Khatipura Special Fare Rakshabandhan Special,Exp,NWR,31-Aug,31-Aug,HWH,0:15,KWP,11:30,35h 15m,23,W,SL 3A 2A,1498 km,42 km/hr,9709
04011,Varanasi - Delhi Special Fare Raksha Bandhan Special,Exp,NR,28-Aug,28-Aug,BSB,19:50,DLI,10:20,14h 30m,11,F,SL 3A 2A 1A,777 km,54 km/hr,4012
04704,Khadki (Pune) - Hisar Special Fare Raksha Bandhan Special,SF,NWR,30-Aug,30-Aug,KK,17:20,HSR,23:50,30h 30m,19,S,SL 3A 2A,1642 km,54 km/hr,4703
04703,Hisar - Khadki (Pune) Special Fare Raksha Bandhan Special,Exp,NWR,29-Aug,29-Aug,HSR,10:10,KK,16:20,30h 10m,19,S,SL 3A 2A,1642 km,54 km/hr,4704
04812,Haridwar - Barmer Special Fare Summer Special,Exp,NWR,12-May,1-Dec,HW,5:15,BME,7:30,26h 15m,24,T F,SL 3A 2A,1168 km,44 km/hr,4811
04811,Barmer - Haridwar Special Fare Special,Exp,NWR,11-May,30-Nov,BME,4:15,HW,4:10,23h 55m,23,M T,SL 3A 2A,1168 km,49 km/hr,4812
09425,Sabarmati - Haridwar Special Fare Special,Exp,WR,19-Oct,23-Nov,SBIB,21:35,HW,20:40,23h 5m,23,M,SL,1148 km,50 km/hr,9426
09426,Haridwar - Sabarmati Special Fare Special,Exp,WR,20-Oct,24-Nov,HW,21:30,SBIB,22:30,25h 0m,23,T,SL,1148 km,46 km/hr,9425
08834,Durg - Raigarh Rakshabandhan Passenger Special (UnReserved),Pass,SECR,27-Aug,29-Aug,DURG,10:30,RIG,19:00,8h 30m,35,T F S,,279 km,33 km/hr,8833
06866,Tiruchchirappalli - Velankanni DEMU Special,DEMU,SR,29-Aug,8-Sep,TPJ,22:50,VLNK,2:40,3h 50m,7,S M T W T F S,,137 km,36 km/hr,6863
06863,Velankanni - Thanjavur DEMU Special,DEMU,SR,30-Aug,9-Sep,VLNK,3:00,TJ,5:15,2h 15m,4,S M T W T F S,,87 km,39 km/hr,6866
04409,Mathura - Hazrat Nizamuddin Raksha Bandhan MEMU Special,MEMU,NR,27-Aug,28-Aug,MTJ,13:00,NZM,16:50,3h 50m,16,T F,,134 km,35 km/hr,4410
06081,Thiruvananthapuram North - Santragachi Special Fare AC Special (PT),ACExp,SR,3-Apr,4-Sep,TVCN,14:15,SRC,13:45,47h 30m,33,F,3A,2491 km,52 km/hr,6082
06082,Santragachi - Thiruvananthapuram North Special Fare AC Special (PT),ACExp,SR,6-Apr,7-Sep,SRC,14:15,TVCN,9:55,43h 40m,33,M,3A,2491 km,57 km/hr,6081
01904,Hazrat Nizamuddin - VGL Jhansi Special Fare Rakshabandhan Special,Exp,NCR,27-Aug,31-Aug,NZM,4:10,VGLJ,14:05,9h 55m,8,S M T F S,2S SL CC,403 km,41 km/hr,1903
01903,VGL Jhansi - Hazrat Nizamuddin Special Fare Rakshabandhan Special,Exp,NCR,26-Aug,30-Aug,VGLJ,19:20,NZM,3:05,7h 45m,8,S W T F S,2S SL CC,403 km,52 km/hr,1904
01902,Hazrat Nizamuddin - VGL Jhansi Special Fare Rakshabandhan Special,Exp,NCR,27-Aug,28-Aug,NZM,19:30,VGLJ,3:30,8h 0m,8,T F,2S SL CC,403 km,50 km/hr,1901
07541,Manihari - Katihar Shravani Mela DEMU Special,DEMU,NFR,25-Aug,1-Sep,MHI,5:15,KIR,6:00,0h 45m,2,T F,,24 km,32 km/hr,7542
07542,Katihar - Manihari Shravani Mela DEMU Special,DEMU,NFR,24-Aug,31-Aug,KIR,20:30,MHI,21:15,0h 45m,2,M T,,24 km,32 km/hr,7541
02197,Coimbatore - Jabalpur Special Fare SF Special (PT),SF,WCR,,19-Oct,CBE,15:10,JBP,8:45,41h 35m,31,M,SL 3A 2A 1A,2211 km,53 km/hr,2198
01665,Rani Kamalapati - Agartala Special Fare Special,Exp,WCR,,15-Oct,RKMP,15:20,AGTL,19:25,52h 5m,38,T,SL 3A 2A,2482 km,48 km/hr,1666
01464,Thiruvananthapuram North (Kochuveli) - Mumbai LTT Special Fare Onam Special,Exp,CR,29-Aug,29-Aug,TVCN,14:00,LTT,0:55,34h 55m,37,S,SL 3A 2A,1503 km,43 km/hr,1463
09061,Valsad - Velankanni Special Fare Special,Exp,WR,6-Sep,6-Sep,BL,19:40,VLNK,10:05,38h 25m,29,S,SL 3A 2A,1759 km,46 km/hr,9062
07038,Srikakulam Road - Charlapalli Special Fare Special,Exp,SCR,26-Aug,26-Aug,CHE,13:30,CHZ,8:30,19h 0m,14,W,SL 3A 2A,781 km,41 km/hr,7037
06037,Tambaram - Velankanni Special Fare Special (PT),Exp,SR,24-Aug,7-Sep,TBM,23:50,VLNK,7:45,7h 55m,9,M,SL,324 km,41 km/hr,6038
09526,Naharlagun - Hapa Special Fare Special,Exp,WR,11-Jan,19-Sep,NHLN,9:40,HAPA,0:30,62h 50m,47,S,2S SL 3A 2A,3187 km,51 km/hr,9525
04156,Udhna - Subedarganj Special Fare Special,Exp,NCR,10-Mar,18-Sep,UDN,16:15,SFG,21:00,28h 45m,14,T F,SL 3A,1430 km,50 km/hr,4155
04119,Subedarganj - Valsad Special Fare Special,Exp,NCR,30-May,26-Sep,SFG,5:00,BL,9:40,28h 40m,11,S,SL 3A,1501 km,52 km/hr,4120
03233,Bhagalpur - Danapur Shravani Mela Special (UnReserved),Exp,ECR,9-Aug,29-Aug,BGP,1:00,DNR,8:00,7h 0m,19,S M T W T F S,,231 km,33 km/hr,3234
01909,Asarva - Agra Cantt. Special Fare Special,Exp,NCR,9-Jun,29-Sep,ASV,15:00,AGC,7:45,16h 45m,16,T,SL 3A 2A,892 km,53 km/hr,1910
01906,Asarva - Kanpur Central Special Fare Special,Exp,NCR,7-Apr,29-Sep,ASV,8:55,CNB,7:00,22h 5m,20,T,SL 3A 2A,1148 km,52 km/hr,1905
04866,Ramdevra - Bhagat Ki Kothi Mela Special (UnReserved),Exp,NWR,11-Sep,25-Sep,RDRA,22:00,BGKT,2:00,4h 0m,9,S M T W T F S,,187 km,47 km/hr,4865
04865,Bhagat Ki Kothi - Ramdevra Mela Special (UnReserved),Exp,NWR,11-Sep,25-Sep,BGKT,16:00,RDRA,21:20,5h 20m,9,S M T W T F S,,187 km,35 km/hr,4866
05074,Lal Kuan - KSR Bengaluru Special Fare Special,Exp,NER,,12-Sep,LKU,17:45,SBC,15:25,45h 40m,40,S,SL 3E,2634 km,58 km/hr,5073
01139,Nagpur - Madgaon Special Fare Special,Exp,KR,19-Aug,23-Sep,NGP,23:45,MAO,5:30,29h 45m,24,W,SL 3A,1330 km,45 km/hr,1140
01140,Madgaon - Nagpur Special Fare Special,Exp,KR,18-Aug,22-Sep,MAO,19:00,NGP,21:25,26h 25m,24,T,SL 3A,1330 km,50 km/hr,1139
01004,Madgaon - Mumbai LTT Special Fare Ganpati Special,Exp,KR,23-Aug,27-Sep,MAO,16:00,LTT,6:05,14h 5m,21,S,SL 3A,564 km,40 km/hr,1003
01003,Mumbai LTT - Madgaon Special Fare Ganpati Special,Exp,KR,24-Aug,28-Sep,LTT,7:50,MAO,23:45,15h 55m,22,M,SL 3A,564 km,35 km/hr,1004
01701,Jabalpur - Hazrat Nizamuddin Special Fare Rakshabandhan Special,Exp,WCR,29-Aug,29-Aug,JBP,20:20,NZM,14:25,18h 5m,9,S,SL 3A 2A,904 km,50 km/hr,1702
06119,MGR Chennai Central - Kollam Special Fare AC Festival Special (PT),ACExp,SR,12-Aug,2-Sep,MAS,15:10,QLN,7:20,16h 10m,19,W,3E,841 km,52 km/hr,6120
09022,Udhna - Ratnagiri Special Fare Ganpati Special,Exp,WR,10-Sep,24-Sep,UDN,8:05,RN,20:00,11h 55m,14,T,SL 3A,555 km,47 km/hr,9021
09124,Vishvamitri (Vadodara) - Ratnagiri Special Fare Ganpati Special,Exp,WR,7-Sep,21-Sep,VS,5:55,RN,20:00,14h 5m,16,M,SL 3A,686 km,49 km/hr,9123
09019,Mumbai Central - Sawantwadi Road Special Fare Ganapati Special,Exp,WR,9-Sep,23-Sep,MMCT,10:45,SWV,2:30,15h 45m,24,S W F S,SL 3A,551 km,35 km/hr,9020
09013,Mumbai Central - Thokur Special Fare Ganapati Special,Exp,WR,8-Sep,15-Sep,MMCT,10:45,TOK,8:50,22h 5m,30,T,SL 3A,923 km,42 km/hr,9014
09014,Thokur - Mumbai Central Ganapati Special Fare Special,Exp,WR,9-Sep,16-Sep,TOK,11:00,MMCT,7:40,20h 40m,30,W,SL 3A,923 km,45 km/hr,9013
05061,Achhnera - Tanakpur Special Fare Special,Exp,NER,3-Jul,30-Aug,AH,15:30,TPU,23:45,8h 15m,14,S M T T F,2S CC,363 km,44 km/hr,5062
05062,Tanakpur - Achhnera Special Fare Special,Exp,NER,3-Jul,30-Aug,TPU,4:10,AH,12:20,8h 10m,14,S M T T F,2S CC,363 km,45 km/hr,5061
03572,Gorakhpur - Asansol Shravani Mela Special (UnReserved),Exp,ER,19-Aug,26-Aug,GKP,5:15,ASN,21:00,15h 45m,20,W,,574 km,36 km/hr,3571
05014,Gonda - Mankapur Mela Special,DEMU,NER,15-Aug,28-Aug,GD,15:15,MUR,16:20,1h 5m,3,S M T W T F S,,28 km,26 km/hr,5013
05545,Raxaul - Deoghar Special Fare Shravani Mela Special,Exp,ECR,31-Jul,30-Aug,RXL,0:30,DGHR,17:05,16h 35m,60,S T F,SL,495 km,30 km/hr,5546
01133,Diva - Chiplun MEMU Express Special (UnReserved),Exp,CR,11-Sep,26-Sep,DIVA,13:40,CHI,21:30,7h 50m,26,S M T W T F S,,228 km,29 km/hr,1134
01162,Velankanni - Mumbai LTT Festival Special Fare Special,Exp,CR,28-Aug,9-Sep,VLNK,5:15,LTT,16:40,35h 25m,24,W F,SL 3A 2A,1600 km,45 km/hr,1161
01161,Mumbai LTT - Velankanni Festival Special Fare Special,Exp,CR,26-Aug,7-Sep,LTT,11:50,VLNK,2:00,38h 10m,25,M W,SL 3A 2A,1600 km,42 km/hr,1162
04071,Supaul - New Delhi Special Fare Special,Exp,NR,8-Aug,2-Oct,SOU,7:45,NDLS,15:00,31h 15m,21,S M T W T F S,SL 3A,1243 km,40 km/hr,4072
04329,Lucknow - Haridwar Rakshabandhan Special (UnReserved),Exp,NR,28-Aug,30-Aug,LKO,1:15,HW,11:55,10h 40m,8,S F S,,493 km,46 km/hr,4330
02154,Rewa - Bhopal Special Fare SF Rakshabandan One Way Special,SF,WCR,29-Aug,29-Aug,REWA,18:35,BPL,4:30,9h 55m,7,S,SL 3A 2A 1A,549 km,55 km/hr,02191XxX
04795,Rewari - Gogameri Mela Special (UnReserved),Exp,NWR,30-Aug,9-Sep,RE,18:10,GAMI,23:10,5h 0m,3,S M T W T F S,,219 km,44 km/hr,4796
04710,Gogameri - Sadulpur Mela Special (UnReserved),Exp,NWR,29-Aug,26-Sep,GAMI,4:20,SDLP,6:20,2h 0m,0,S M T W T F S,,78 km,39 km/hr,4709
04709,Sadulpur - Gogameri Mela Special (UnReserved),Exp,NWR,29-Aug,26-Sep,SDLP,0:10,GAMI,3:10,3h 0m,0,S M T W T F S,,78 km,26 km/hr,4710
04744,Sadulpur - Hanumangarh Mela Special,Exp,NWR,3-Sep,6-Sep,SDLP,16:25,HMH,20:50,4h 25m,7,S T F S,SL,178 km,40 km/hr,4743
04792,Gogameri - Rewari Mela Special (UnReserved),Exp,NWR,31-Aug,9-Sep,GAMI,10:45,RE,16:50,6h 5m,3,S M T W T F S,,219 km,36 km/hr,4791
04707,Sadulpur - Gogameri Mela Special (UnReserved),Exp,NWR,28-Aug,26-Sep,SDLP,11:35,GAMI,13:20,1h 45m,0,S M T W T F S,,78 km,45 km/hr,4708
03411,Deoghar - Bhagalpur Shravani Mela Special (UnReserved),Exp,ER,3-Aug,30-Aug,DGHR,22:20,BGP,2:10,3h 50m,7,S M T S,,108 km,28 km/hr,3412
09323,Khadki (Pune) - Indore Special Fare Special,SF,WR,5-Mar,27-Aug,KK,4:40,INDB,23:55,19h 15m,13,T,SL 3A 2A,960 km,50 km/hr,9324
03556,Patna - Madhupur Shravani Mela MEMU Express Special (UnReserved),Exp,ER,2-Aug,29-Aug,PNBE,4:30,MDP,12:15,7h 45m,18,S M T W T F S,,250 km,32 km/hr,3555
03555,Madhupur - Patna Shravani Mela MEMU Express Special (UnReserved),Exp,ER,2-Aug,29-Aug,MDP,20:30,PNBE,4:05,7h 35m,18,S M T W T F S,,250 km,33 km/hr,3556
01186,Madgaon - Mumbai LTT Special Fare Ganpati Special,Exp,CR,16-Sep,23-Sep,MAO,16:30,LTT,7:10,14h 40m,20,W,SL 3A 2A 1A,564 km,38 km/hr,1185
07365,Vasco Da Gama - Velankanni Special Fare Special,Exp,SWR,6-Sep,6-Sep,VSG,21:55,VLNK,3:45,29h 50m,22,S,SL 3A,1225 km,41 km/hr,7366
06017,Tambaram - Tuticorin Special Fare Summer Special (PT),Exp,SR,21-Apr,1-Sep,TBM,15:40,TN,4:30,12h 50m,19,T,SL 3A 2A,692 km,54 km/hr,6018
06018,Tuticorin - Tambaram Special Fare Summer Special,Exp,SR,20-Apr,31-Aug,TN,23:30,TBM,12:30,13h 0m,19,M,SL 3A 2A,692 km,53 km/hr,6017
09186,Kanpur Anwarganj - Mumbai Central Special Fare SF Summer Special,SF,WR,6-Apr,31-Aug,CPA,18:25,MMCT,22:30,28h 5m,15,M,SL 3A 2A,1594 km,57 km/hr,9185
03528,Gorakhpur - Asansol Shravani Mela Special (UnReserved),Exp,ER,30-Jul,30-Aug,GKP,16:15,ASN,8:20,16h 5m,17,S M T W T F S,,574 km,36 km/hr,3527
02569,Darbhanga - New Delhi Special Fare Clone Special,SF,ECR,21-Sep,31-Aug,DBG,6:30,NDLS,4:30,22h 0m,9,S M T W T F S,SL 3A 3E,1168 km,53 km/hr,2570
09307,Ujjain - Bhopal Shravan Special (UnReserved),Exp,WR,28-Jul,8-Sep,UJN,21:00,BPL,2:20,5h 20m,9,S M T W T F S,,183 km,34 km/hr,9308
07353,SSS Hubballi - Kottayam Special Fare Onam Special,Exp,SWR,29-Aug,29-Aug,UBL,15:15,KTYM,16:15,25h 0m,16,S,SL 3A 2A,1136 km,45 km/hr,7354
07428,Nagarsol - Tirupati Special Fare Special,Exp,SCR,26-Aug,26-Aug,NSL,14:30,TPTY,18:45,28h 15m,24,W,SL 3A 2A,1328 km,47 km/hr,7427
03554,Jasidih - Dumka Shravani Mela MEMU Special,MEMU,ER,29-Jul,29-Aug,JSME,17:25,DUMK,19:15,1h 50m,9,S M T W T F S,,71 km,39 km/hr,3553
01156,Khed - Diva Ganapati Special MEMU,MEMU,CR,11-Sep,27-Sep,KHED,16:00,DIVA,22:50,6h 50m,24,S M T W T F S,,199 km,29 km/hr,1155
01155,Diva - Khed Ganapati Special MEMU,MEMU,CR,11-Sep,27-Sep,DIVA,7:15,KHED,14:35,7h 20m,24,S M T W T F S,,199 km,27 km/hr,1156
01172,Sawantwadi Road - Mumbai LTT Special Fare Ganpati Special,Exp,CR,11-Sep,27-Sep,SWV,22:35,LTT,11:25,12h 50m,21,S M T W T F S,SL 3A,488 km,38 km/hr,1171
01166,Madgaon - Mumbai LTT Special Fare AC Ganpati Special,ACExp,CR,15-Sep,22-Sep,MAO,16:30,LTT,7:10,14h 40m,20,T,3A 2A 1A,564 km,38 km/hr,1165
03512,Patna - Asansol Shravani Mela Special (UnReserved),Exp,ER,30-Jul,30-Aug,PNBE,3:30,ASN,13:00,9h 30m,20,S M T W T F S,,331 km,35 km/hr,3511
03511,Asansol - Patna Shravani Mela Special (UnReserved),Exp,ER,29-Jul,29-Aug,ASN,17:00,PNBE,2:30,9h 30m,20,S M T W T F S,,331 km,35 km/hr,3512
04559,Haridwar - Bathinda Kanwar Mela Special,Exp,NR,30-Jul,30-Aug,HW,17:00,BTI,0:40,7h 40m,15,S M T W T F S,SL CC 3A,359 km,47 km/hr,4560
01185,Mumbai LTT - Madgaon Special Fare Ganpati Special,Exp,CR,16-Sep,23-Sep,LTT,0:45,MAO,14:30,13h 45m,20,W,SL 3A 2A 1A,564 km,41 km/hr,1186
09308,Bhopal - Ujjain Shravan Special (UnReserved),Exp,WR,29-Jul,9-Sep,BPL,3:10,UJN,8:00,4h 50m,9,S M T W T F S,,183 km,38 km/hr,9307
09306,Sant Hirdaram Nagar - Ujjain Shravan Special (UnReserved),Exp,WCR,28-Jul,8-Sep,SHRN,14:20,UJN,19:30,5h 10m,8,S M T W T F S,,173 km,34 km/hr,9305
09305,Ujjain - Sant Hirdaram Nagar Shravan Special (UnReserved),Exp,WR,28-Jul,8-Sep,UJN,9:00,SHRN,13:30,4h 30m,8,S M T W T F S,,173 km,39 km/hr,9306
01153,Mumbai CSMT - Ratnagiri Special Fare Ganpati Special,Exp,CR,11-Sep,26-Sep,CSMT,11:30,RN,20:25,8h 55m,15,S M T W T F S,SL 3A,344 km,39 km/hr,1154
09183,Mumbai Central - Banaras Special Fare AC Special (PT),ACExp,WR,20-May,30-Sep,MMCT,22:30,BNRS,10:30,36h 0m,24,W,3A 2A 1A 3E,1944 km,54 km/hr,9184
09010,Bhuj - Bandra Terminus Special Fare SF Special (PT),SF,WR,26-Jan,31-Aug,BHUJ,14:00,BDTS,5:10,15h 10m,9,M,SL 3A 2A,840 km,55 km/hr,9009
09112,Gorakhpur - Vadodara Special Fare Special,Exp,WR,25-Feb,30-Sep,GKP,5:00,BRC,8:35,27h 35m,16,W,SL 3A 2A 1A,1518 km,55 km/hr,9111
05027,Deoghar - Barhni Shravani Mela Special (UnReserved),Exp,NER,29-Jul,30-Aug,DGHR,18:45,BNY,15:15,20h 30m,30,S M T W T F S,,717 km,35 km/hr,5028
05028,Barhni - Deoghar Shravani Mela Special (UnReserved),Exp,NER,28-Jul,29-Aug,BNY,15:20,DGHR,15:20,24h 0m,30,S M T W T F S,,717 km,30 km/hr,5027
06061,Ernakulam Jn. - Velankanni Special Fare Special (PT),Exp,SR,27-Aug,10-Sep,ERS,13:00,VLNK,5:50,16h 50m,32,T,SL 3A 2A,690 km,41 km/hr,6062
06148,SMVT Bengaluru - Ernakulam Jn. Special Fare Onam Special,Exp,SWR,10-Aug,7-Sep,SMVB,16:00,ERS,5:45,13h 45m,10,M,SL 3A 2A 3E,603 km,44 km/hr,6147
03443,Godda - Deoghar Shravani Mela Special (UnReserved),Pass,ER,2-Aug,30-Aug,GODA,13:15,DGHR,15:20,2h 5m,8,S,,80 km,38 km/hr,3444
03441,Deoghar - Jamalpur Shravani Mela Special (UnReserved),Pass,ER,2-Aug,30-Aug,DGHR,15:45,JMP,22:25,6h 40m,37,S,,161 km,24 km/hr,3442
08046,Charlapalli - Shalimar Special Fare Special (PT),Exp,SER,4-Apr,26-Sep,CHZ,6:55,SHM,11:15,28h 20m,22,S,SL 3A 2A,1546 km,55 km/hr,8045
08045,Shalimar - Charlapalli Special Fare SF Special (PT),SF,SER,3-Apr,25-Sep,SHM,0:30,CHZ,4:30,28h 0m,22,F,SL 3A 2A,1546 km,55 km/hr,8046
03504,Baidyanathdham Deoghar - Jasidih Shravani Mela MEMU Special,MEMU,ER,29-Jul,30-Aug,BDME,14:07,JSME,14:25,0h 18m,1,S M T W T F S,,6 km,21 km/hr,3503
03502,Baidyanathdham Deoghar - Jasidih Shravani Mela MEMU Special,MEMU,ER,29-Jul,30-Aug,BDME,4:55,JSME,5:15,0h 20m,1,S M T W T F S,,6 km,19 km/hr,3501
03501,Jasidih - Baidyanathdham Deoghar Shravani Mela MEMU Special,MEMU,ER,29-Jul,30-Aug,JSME,4:25,BDME,4:45,0h 20m,1,S M T W T F S,,6 km,19 km/hr,3502
06229,Mysuru - Kannur Special Fare Onam Special,Exp,SWR,29-Aug,29-Aug,MYS,23:55,CAN,17:50,17h 55m,14,S,SL 3A 2A,819 km,46 km/hr,6230
05095,Kolkata - Mau Special Fare Special,Exp,NER,9-Apr,24-Sep,KOAA,13:20,MAU,8:40,19h 20m,24,T,SL 3A 2A,789 km,41 km/hr,5096
05096,Mau - Kolkata Special Fare Special,Exp,NER,8-Apr,23-Sep,MAU,13:30,KOAA,8:50,19h 20m,24,W,SL 3A 2A,789 km,41 km/hr,5095
07091,Charlapalli - Danapur Special Fare Special,Exp,SCR,6-Jun,26-Sep,CHZ,13:00,DNR,23:55,34h 55m,15,S,SL 3A 2A,1545 km,44 km/hr,7092
03236,Danapur - Sahibganj Special Fare Shravani Mela Special,Exp,ECR,2-Aug,30-Aug,DNR,5:15,SBG,13:45,8h 30m,29,S,CC 3A,305 km,36 km/hr,3235
03235,Sahibganj - Danapur Special Fare Shravani Mela Special,Exp,ECR,2-Aug,30-Aug,SBG,15:20,DNR,0:30,9h 10m,29,S,CC 3A,305 km,33 km/hr,3236
06147,Ernakulam Jn. - SMVT Bengaluru Special Fare Onam Special,Exp,SR,9-Aug,6-Sep,ERS,23:10,SMVB,12:45,13h 35m,10,S,SL 3A 2A 3E,603 km,44 km/hr,6148
05045,Lalkuan - Rajkot Special Fare Special,Exp,NER,17-May,27-Sep,LKU,12:35,RJT,18:10,29h 35m,37,S,SL 3A 2A,1491 km,50 km/hr,5046
05046,Rajkot - Lalkuan Special Fare Special,Exp,NER,18-May,28-Sep,RJT,22:30,LKU,5:15,30h 45m,37,M,SL 3A 2A,1491 km,48 km/hr,5045
04134,SMVT Bengaluru - Kanpur Central Special Fare Summer Special,Exp,NCR,3-Jun,30-Sep,SMVB,7:00,CNB,3:45,44h 45m,27,W,SL 3A 2A,2373 km,53 km/hr,4133
04133,Kanpur Central - SMVT Bengaluru Special Fare Summer Special,Exp,NCR,31-May,27-Sep,CNB,16:30,SMVB,20:10,51h 40m,27,S,SL 3A 2A,2373 km,46 km/hr,4134
01449,Pune - Danapur Special Fare Special,Exp,CR,21-Feb,28-Sep,PUNE,15:30,DNR,2:45,35h 15m,14,S M T W T F S,SL 3A 2A,1748 km,50 km/hr,1450
01921,Hadapsar (Pune) - VGL Jhansi Special Fare Special,Exp,NCR,5-Mar,1-Oct,HDP,15:30,VGLJ,12:45,21h 15m,12,T,SL 3A 2A,1177 km,55 km/hr,1922
01922,VGL Jhansi - Hadapsar (Pune) Special Fare Special,Exp,NCR,4-Mar,30-Sep,VGLJ,12:50,HDP,11:35,22h 45m,12,W,SL 3A 2A,1177 km,52 km/hr,1921
08581,Visakhapatnam - SMVT Bengaluru Special Fare Summer Special,Exp,SCoR,22-May,25-Sep,VSKP,15:20,SMVB,13:50,22h 30m,16,F,SL 3A 2A,1072 km,48 km/hr,8582
07047,Naharlagun - Secunderabad Special Fare AC Special,ACExp,SCR,13-Apr,28-Sep,NHLN,13:00,SC,22:00,57h 0m,44,M,3A,2750 km,48 km/hr,7046
15211,Jan Nayak Express (UnReserved),Exp,ECR,,,DBG,17:15,ASR,1:55,32h 40m,43,S M T W T F S,,1486 km,45 km/hr,15212
12478,Shri Mata Vaishno Devi Katra - Jamnagar SF Express,SF,NR,,,SVDK,9:40,JAM,18:45,33h 5m,32,S,SL 3A 2A 1A 3E,2068 km,62 km/hr,12477
16531,Ajmer - KSR Bengaluru Garib Nawaz Express (PT),Exp,SWR,,,AII,6:15,SBC,2:30,44h 15m,35,M,SL 3A 2A 1A,2221 km,50 km/hr,16532
18101,Tatanagar - Jammu Tawi Express (PT),Exp,SER,,,TATA,16:55,JAT,15:00,46h 5m,59,S W F,SL 3A 2A 3E,2069 km,45 km/hr,18102
12477,Jamnagar - Shri Mata Vaishno Devi Katra SF Express (PT),SF,NR,,,JAM,8:30,SVDK,17:50,33h 20m,32,W,SL 3A 2A 1A 3E,2068 km,62 km/hr,12478
15716,Ajmer - Kishanganj Garib Nawaz Express (PT),Exp,NFR,,,AII,12:05,KNE,3:15,39h 10m,33,M T T,SL 3A 2A 1A 3E,1839 km,47 km/hr,15715
12565,Bihar Sampark Kranti Express (PT),SKr,ECR,,,DBG,8:15,NDLS,5:05,20h 50m,14,S M T W T F S,SL 3A 2A 1A 3E,1168 km,56 km/hr,12566
12475,Hapa - Shri Mata Vaishno Devi Katra SF Express (PT),SF,NR,,,HAPA,8:45,SVDK,17:50,33h 5m,32,T,SL 3A 2A 1A 3E,2059 km,62 km/hr,12476
20433,Jammu Mail (PT),SF,NCR,,,SFG,10:35,SVDK,9:20,22h 45m,27,S M T W T F S,SL 3A 2A 1A 3E,1277 km,56 km/hr,20434
13307,Ganga Sutlej Express (PT),Exp,ECR,,,DHN,21:50,FZR,10:00,36h 10m,69,S M T W T F S,SL 3A 2A 1A 3E,1602 km,44 km/hr,13308
19436,Asansol - Ahmedabad Weekly Express,Exp,WR,,,ASN,19:35,ADI,12:00,40h 25m,28,S,SL 3A 2A 3E,2326 km,58 km/hr,19435
19666,Udaipur City - Khajuraho Express (PT),Exp,NWR,,,UDZ,21:50,KURJ,19:05,21h 15m,33,S M T W T F S,SL 3A 2A 1A 3E,1090 km,51 km/hr,19665
13185,Gangasagar Express (PT),Exp,ER,,,SDAH,17:50,JYG,8:55,15h 5m,20,S M T W T F S,SL 3A 2A 1A,623 km,41 km/hr,13186
18426,Durg - Puri Express (PT),Exp,ECoR,,,DURG,16:10,PURI,9:30,17h 20m,28,S M T W T F S,SL 3A 2A 1A 3E,797 km,46 km/hr,18425
12129,Azad Hind Express (PT),SF,CR,,,PUNE,18:35,HWH,5:25,34h 50m,31,S M T W T F S,SL 3A 2A,2013 km,58 km/hr,12130
15202,Bagaha - Patliputra Intercity MEMU Express (UnReserved),Exp,ECR,,,BUG,4:00,PPTA,11:55,7h 55m,22,S M T W T F S,,276 km,35 km/hr,15201
15201,Patliputra - Bagaha Intercity MEMU Express (UnReserved),Exp,ECR,,,PPTA,17:05,BUG,1:50,8h 45m,22,S M T W T F S,,276 km,32 km/hr,15202
16336,Nagercoil - Gandhidham Weekly Express (PT),Exp,SR,,,NCJ,14:45,GIMB,12:05,45h 20m,55,T,SL 3A 2A,2343 km,52 km/hr,16335
19120,Veraval - Gandhinagar Capital InterCity Express,Exp,WR,,,VRL,7:30,GNC,16:00,8h 30m,16,S M T W T F S,CC,443 km,52 km/hr,19119
19119,Gandhinagar Capital - Veraval InterCity Express,Exp,WR,,,GNC,10:20,VRL,19:30,9h 10m,16,S M T W T F S,CC,443 km,48 km/hr,19120
13017,Ganadevta Express,Exp,ER,,,HWH,6:05,AZ,12:15,6h 10m,13,S M T W T F S,2S SL CC 3A,279 km,45 km/hr,13018
18401,Bangriposi - Puri Intercity Express (PT),Exp,ECoR,,,BGY,4:00,PURI,11:30,7h 30m,21,S M T W T F S,2S CC,376 km,50 km/hr,18402
15714,Patna - Katihar InterCity Express,Exp,NFR,,,PNBE,14:10,KIR,21:25,7h 15m,19,S M T W T F S,2S CC 3A,289 km,40 km/hr,15713
15713,Katihar - Patna InterCity Express,Exp,NFR,,,KIR,6:15,PNBE,13:20,7h 5m,19,S M T W T F S,2S CC 3A,289 km,41 km/hr,15714
15733,Farakka Express (via Sultanpur) (PT),Exp,NFR,,,BLGT,17:00,BTI,13:05,44h 5m,81,M T S,SL 3A 2A,1832 km,42 km/hr,15734
15604,Ledo - Guwahati Intercity Express,Exp,NFR,,,LEDO,15:20,GHY,5:35,14h 15m,33,S M T W T F S,SL 3A 2A,571 km,40 km/hr,15603
15603,Guwahati - Ledo Intercity Express (PT),Exp,NFR,,,GHY,23:30,LEDO,13:20,13h 50m,33,S M T W T F S,SL 3A 2A,571 km,41 km/hr,15604
16337,Okha - Ernakulam Express (PT),Exp,SR,,,OKHA,6:45,ERS,2:50,44h 5m,48,M S,SL 3A 2A,2252 km,51 km/hr,16338
20854,MGR Chennai Central - Bhubaneswar SF Express (PT),SF,ECoR,,,MAS,10:00,BBS,6:15,20h 15m,19,F,SL 3A 2A,1225 km,60 km/hr,20853
15910,Avadh Assam Express (PT),Exp,NFR,,,LGH,19:50,DBRG,14:15,66h 25m,95,S M T W T F S,SL 3A 2A 1A,3117 km,47 km/hr,15909
16308,Kannur - Alappuzha Executive Express,Exp,SR,,,CAN,5:10,ALLP,13:30,8h 20m,26,S M T W T F S,2S CC,340 km,41 km/hr,16307
14815,Shri Ganganagar - Rishikesh Intercity Express,Exp,NWR,,,SGNR,4:10,RKSH,15:10,11h 0m,20,S M T W T F S,SL 3A 2A,508 km,46 km/hr,14816
12383,Sealdah - Asansol SF InterCity Express,SF,ER,,,SDAH,17:07,ASN,21:10,4h 3m,8,M T W T F S,2S 3A,220 km,54 km/hr,12384
15608,Aronai Express (PT),Exp,NFR,,,SCL,19:10,TVC,20:45,73h 35m,54,T,SL 3A 2A 3E,3916 km,53 km/hr,15607
13410,Kiul - Malda Town Intercity Express (UnReserved),Exp,ER,,,KIUL,14:00,MLDT,20:50,6h 50m,19,S M T W T F S,,280 km,41 km/hr,13409
13402,Danapur - Bhagalpur Intercity Express,Exp,ER,,,DNR,16:15,BGP,22:30,6h 15m,28,S M T W T F S,2S CC 3A,231 km,37 km/hr,13401
11097,Poorna Express (PT),Exp,CR,,,PUNE,22:25,ERS,3:15,28h 50m,32,S,SL 3A 2A,1281 km,44 km/hr,11098
14507,Delhi - Fazilka Intercity Express,Exp,NR,,,DLI,12:50,FKA,23:55,11h 5m,26,S M T W T F S,SL CC 3A,522 km,47 km/hr,14508
13306,Sasaram - Dhanbad Intercity Express,Exp,ECR,,,SSM,15:30,DHN,22:30,7h 0m,28,S M T W T F S,CC,302 km,43 km/hr,13305
13236,Danapur - Sahibganj InterCity Express,Exp,ECR,,,DNR,5:15,SBG,13:45,8h 30m,29,M T W T F S,CC 3A,305 km,36 km/hr,13235
18045,East Coast Express (PT),Exp,SER,,,SHM,11:15,CHZ,17:20,30h 5m,54,S M T W T F S,SL 3A 2A 3E,1565 km,52 km/hr,18046
13235,Sahibganj - Danapur InterCity Express (PT),Exp,ECR,,,SBG,15:20,DNR,0:30,9h 10m,29,M T W T F S,CC 3A,305 km,33 km/hr,13236
13011,Howrah - Malda Town Intercity Express (via Rampurhat) (PT),Exp,ER,,,HWH,15:25,MLDT,23:10,7h 45m,17,S M T W T F S,2S CC,343 km,44 km/hr,13012
15665,BG Express (PT),Exp,NFR,,,GHY,14:30,MXN,0:20,9h 50m,17,S M T W T F S,SL 3A 2A,404 km,41 km/hr,15666
17234,Bhagyanagar Express,Exp,SCoR,,,SKZR,3:35,SC,10:55,7h 20m,26,S M T W T F S,2S CC 3E,297 km,40 km/hr,17233
15909,Avadh Assam Express (PT),Exp,NFR,,,DBRG,10:00,LGH,4:35,66h 35m,95,S M T W T F S,SL 3A 2A 1A,3117 km,47 km/hr,15910
12679,MGR Chennai Central - Coimbatore InterCity SF Express,SF,SR,,,MAS,14:30,CBE,22:20,7h 50m,11,S M T W T F S,2S CC,495 km,63 km/hr,12680
14212,New Delhi - Agra Cantt Intercity Express,Exp,NR,,,NDLS,17:40,AGC,22:05,4h 25m,16,S M T W T F S,2S CC 2A 1A,195 km,44 km/hr,14211
12867,Howrah - Puducherry SF Express (PT),SF,SER,,,HWH,23:20,PDY,8:30,33h 10m,16,S,SL 3A 2A 1A 3E,1921 km,58 km/hr,12868
13466,Malda Town - Howrah Intercity Express (via Azimganj),Exp,ER,,,MLDT,6:05,HWH,12:40,6h 35m,14,S M T W T F S,2S 3A,332 km,50 km/hr,13465
13465,Howrah - Malda Town Intercity Express (via Azimganj) (PT),Exp,ER,,,HWH,14:00,MLDT,20:35,6h 35m,14,S M T W T F S,2S 3A,332 km,50 km/hr,13466
15934,Amritsar - New Tinsukia Express (PT),Exp,NFR,,,ASR,15:40,NTSK,3:30,59h 50m,40,F,SL 3A 2A 1A,2812 km,47 km/hr,15933
12350,New Delhi - Godda Weekly Humsafar Express,Hms,ER,,,NDLS,23:45,GODA,22:55,23h 10m,17,T,SL 3A,1326 km,57 km/hr,12349
12481,Delhi - Shri Ganganagar Intercity Express,SF,NWR,,,DLI,13:10,SGNR,20:35,7h 25m,15,S M T W T F S,2S SL CC 3E,423 km,57 km/hr,12482
22732,Mumbai CSMT - Hyderabad SF Express (PT),SF,SCR,,,CSMT,14:10,HYB,4:30,14h 20m,20,S M T W T F S,SL 3A 2A,789 km,55 km/hr,22731
14035,Dhauladhar Express,Exp,NR,,,DEE,23:20,PTK,8:20,9h 0m,15,M W F,SL 3A 2A 1A,492 km,55 km/hr,14036
12816,Nandan Kanan Express,SF,ECoR,,,ANVT,7:30,PURI,14:15,30h 45m,27,M W T S,SL 3A 2A 1A 3E,1790 km,58 km/hr,12815
12138,Punjab Mail,SF,CR,,,FZR,21:50,CSMT,7:35,33h 45m,50,S M T W T F S,SL 3A 2A 1A,1928 km,57 km/hr,12137
22872,Tirupati - Bhubaneswar SF Express,SF,ECoR,,,TPTY,10:25,BBS,6:15,19h 50m,17,M,SL 3A 2A 1A,1181 km,60 km/hr,22871
12137,Punjab Mail (PT),SF,CR,,,CSMT,19:35,FZR,5:15,33h 40m,53,S M T W T F S,SL 3A 2A 1A,1930 km,57 km/hr,12138
12837,Howrah - Puri Superfast Express (PT),SF,SER,,,HWH,22:30,PURI,7:30,9h 0m,11,S M T W T F S,SL 3A 2A 1A 3E,500 km,56 km/hr,12838
12887,Shalimar - Puri Weekly SF Express (PT),SF,ECoR,,,SHM,20:35,PURI,5:20,8h 45m,8,M,SL 3A 2A,497 km,57 km/hr,12888
12895,Shalimar - Puri Weekly SF Express (PT),SF,ECoR,,,SHM,20:35,PURI,5:20,8h 45m,9,F,SL 3A 2A,497 km,57 km/hr,12896
20820,Okha - Puri Dwarka SF Express (PT),SF,ECoR,,,OKHA,19:05,PURI,18:55,47h 50m,39,W,SL 3A 2A,2778 km,58 km/hr,20819
20862,Ahmedabad - Puri Weekly SF Express (via Sambalpur) (PT),SF,ECoR,,,ADI,19:00,PURI,6:40,35h 40m,37,F,SL 3A 2A,1994 km,56 km/hr,20861
12802,Purushottam Express (PT),SF,ECoR,,,ANVT,22:45,PURI,5:35,30h 50m,30,S M T W T F S,SL 3A 2A 1A 3E,1845 km,60 km/hr,12801
15048,Purvanchal Express (via Siwan) (PT),Exp,NER,,,GKP,11:10,KOAA,4:40,17h 30m,18,S M T F,SL 3A 2A 1A,860 km,49 km/hr,15047
13145,Kolkata - Radhikapur Express,Exp,ER,,,KOAA,20:40,RDP,7:40,11h 0m,20,S M T W T F S,SL 3A 2A 1A 3E,479 km,44 km/hr,13146
13146,Radhikapur - Kolkata Express (PT),Exp,ER,,,RDP,20:45,KOAA,6:35,9h 50m,18,S M T W T F S,SL 3A 2A 1A 3E,479 km,49 km/hr,13145
12423,Dibrugarh - New Delhi Rajdhani Express (via New Tinsukia) (PT),Raj,NR,,,DBRG,20:35,NDLS,10:30,37h 55m,23,S M T W T F S,3A 2A 1A,2432 km,64 km/hr,12424
12424,New Delhi - Dibrugarh Rajdhani Express (via New Tinsukia),Raj,NR,,,NDLS,16:20,DBRG,6:20,38h 0m,23,S M T W T F S,3A 2A 1A,2432 km,64 km/hr,12423
12431,Thiruvananthapuram Central - Hazrat Nizamuddin Rajdhani Express,Raj,NR,,,TVC,14:40,NZM,12:30,45h 50m,20,T T F,3A 2A 1A,2845 km,62 km/hr,12432
12432,Hazrat Nizamuddin - Thiruvananthapuram Central Rajdhani Express,Raj,NR,,,NZM,6:16,TVC,1:50,43h 34m,20,S T W,3A 2A 1A,2845 km,65 km/hr,12431
20505,Dibrugarh - New Delhi Rajdhani Express (Via Rangapara North),Raj,NFR,,,DBRG,21:45,NDLS,13:38,39h 53m,26,M F,3A 2A 1A,2294 km,58 km/hr,20506
13202,Mumbai LTT - Rajgir Janta Express,Exp,ECR,,,LTT,14:45,RGD,3:25,36h 40m,63,S M T W T F S,SL 3A 2A 1A 3E,1788 km,49 km/hr,13201
18624,Hatia - Islampur Express (PT),Exp,SER,,,HTE,19:10,IPR,9:15,14h 5m,33,S M T W T F S,SL 3A 2A 1A 3E,478 km,34 km/hr,18623
18626,Kosi Super Express (PT),Exp,SER,,,HTE,5:45,PRNC,0:20,18h 35m,48,S M T W T F S,2S SL 3A 2A 3E,723 km,39 km/hr,18625
19321,Indore - Patna Express (via Ayodhya Cantt) (PT),Exp,WR,,,INDB,13:55,PNBE,15:55,26h 0m,14,S,SL 3A 2A 1A 3E,1398 km,54 km/hr,19322
13234,Danapur - Koderma Intercity Express,Exp,ECR,,,DNR,6:40,KQR,14:10,7h 30m,20,S M T W T F S,CC 3A,259 km,35 km/hr,13233
18612,Banaras - Ranchi Express,Exp,SER,,,BNRS,14:50,RNC,4:20,13h 30m,26,S T W F S,SL 3A,578 km,43 km/hr,18611
15014,Ranikhet Express,Exp,NER,,,KGM,20:35,JSM,23:30,26h 55m,36,S M T W T F S,SL 3A 2A 1A,1263 km,47 km/hr,15013
12465,Ranthambhore SF Express,SF,NWR,,,INDB,6:00,BGKT,22:30,16h 30m,34,S M T W T F S,SL 3A,914 km,55 km/hr,12466
12511,Gorakhpur - Thiruvananthapuram North Rapti Sagar SF Express (PT),SF,NER,,,GKP,6:33,TVCN,15:40,57h 7m,58,S T F,SL 3A 2A 1A,3236 km,57 km/hr,12512
12522,Ernakulam Junction. - Barauni Rapti Sagar Express (PT),SF,ECR,,,ERS,10:50,BJU,0:10,61h 20m,57,F,SL 3A 2A 1A 3E,3434 km,56 km/hr,12521
12718,Ratnachal SF Express (PT),SF,SCoR,,,BZA,6:00,VSKP,12:20,6h 20m,11,S M T W T F S,2S CC,350 km,55 km/hr,12717
14633,Ravi Express (UnReserved),Exp,NR,,,ASR,9:25,PTK,13:00,3h 35m,5,S M T W T F S,,107 km,30 km/hr,14634
14634,Ravi Express (UnReserved),Exp,NR,,,PTK,13:55,ASR,16:30,2h 35m,5,S M T W T F S,,107 km,41 km/hr,14633
12186,Rewanchal Express (PT),SF,WCR,,,REWA,19:50,RKMP,5:35,9h 45m,14,S M T W T F S,SL 3A 2A 1A,555 km,57 km/hr,12185
12142,Patliputra - Mumbai LTT SF Express (PT),SF,CR,,,PPTA,10:45,LTT,14:10,27h 25m,14,S M T W T F S,SL 3A 2A 1A,1686 km,61 km/hr,12141
12654,Rock Fort SF Express (PT),SF,SR,,,TPJ,22:35,MS,4:10,5h 35m,11,S M T W T F S,SL 3A 2A 1A,337 km,60 km/hr,12653
20630,Sabari SF Express (PT),SF,SR,,,TVC,6:45,SC,11:02,28h 17m,40,S M T W T F S,SL 3A 2A 1A,1555 km,55 km/hr,20629
19165,Ahmedabad - Darbhanga Sabarmati Express (PT),Exp,WR,,,ADI,23:10,DBG,19:25,44h 15m,63,S W F,SL 3A 2A 1A 3E,1935 km,44 km/hr,19166
19166,Darbhanga - Ahmedabad Sabarmati Express (PT),Exp,WR,,,DBG,4:20,ADI,0:55,44h 35m,63,M W S,SL 3A 2A 1A 3E,1935 km,43 km/hr,19165
19168,Varanasi City - Ahmedabad Sabarmati Express,Exp,WR,,,BCY,14:00,ADI,0:55,34h 55m,51,S T T F,SL 3A 2A 1A 3E,1592 km,46 km/hr,19167
14016,Anand Vihar Terminal - Raxaul Sadbhavana Express (Via Sagauli),Exp,NR,,,ANVT,16:30,RXL,22:10,29h 40m,36,S F,SL 3A 2A 1A 3E,1229 km,41 km/hr,14015
12152,Samarsata SF Express (PT),SF,CR,,,SHM,19:25,LTT,5:30,34h 5m,21,F S,SL 3A 2A 1A,2070 km,61 km/hr,12151
18302,Rayagada - Sambalpur Intercity Express,Exp,ECoR,,,RGDA,13:20,SBP,19:45,6h 25m,19,S M T W T F S,2S SL CC,322 km,50 km/hr,18301
18304,Puri - Sambalpur Intercity Express,Exp,ECoR,,,PURI,15:45,SBP,22:55,7h 10m,13,S M T W T F S,2S CC,342 km,48 km/hr,18303
12393,Sampoorna Kranti Express (PT),SF,ECR,,,RJPB,19:20,NDLS,7:55,12h 35m,6,S M T W T F S,SL 3A 2A 1A 3E,1001 km,80 km/hr,12394
12345,Saraighat Express (PT),SF,ER,,,HWH,16:05,GHY,9:40,17h 35m,16,S M T W T F S,SL 3A 2A 1A,999 km,57 km/hr,12346
12473,Sarvodaya SF Express (PT),SF,NR,,,GIMB,9:35,SVDK,17:50,32h 15m,29,S,SL 3A 2A 1A 3E,2037 km,63 km/hr,12474
12474,Sarvodaya SF Express,SF,NR,,,SVDK,9:40,GIMB,17:30,31h 50m,29,T,SL 3A 2A 1A 3E,2037 km,64 km/hr,12473
14649,Saryu Yamuna Express (PT),Exp,NR,,,JYG,7:15,ASR,17:50,34h 35m,53,S T F,SL 3A 2A 1A 3E,1586 km,46 km/hr,14650
14650,Saryu Yamuna Express,Exp,NR,,,ASR,13:05,JYG,0:45,35h 40m,51,M W S,SL 3A 2A 1A 3E,1586 km,44 km/hr,14649
12713,Satavahana SF Express,SF,SCoR,,,BZA,6:25,SC,12:40,6h 15m,9,S M T W T F S,2S CC 3E,349 km,56 km/hr,12714
12714,Satavahana SF Express,SF,SCoR,,,SC,16:25,BZA,22:20,5h 55m,9,S M T W T F S,2S CC 3E,349 km,59 km/hr,12713
19015,Saurashtra Express,Exp,WR,,,DDR,9:30,PBR,5:35,20h 5m,55,S M T W T F S,SL 3A 2A 1A,947 km,47 km/hr,19016
19218,Saurashtra Janta Express (PT),Exp,WR,,,VRL,11:50,BDTS,5:50,18h 0m,37,S M T W T F S,SL 3A 2A 1A,913 km,51 km/hr,19217
22945,Saurashtra Mail (PT),SF,WR,,,MMCT,21:05,OKHA,14:50,17h 45m,28,S M T W T F S,SL 3A 2A 1A 3E,991 km,56 km/hr,22946
20908,Sayaji Nagari Superfast Express (PT),SF,WR,,,BHUJ,22:40,DDR,13:55,15h 15m,25,S M T W T F S,SL 3A 2A 1A,845 km,55 km/hr,20907
15646,Silchar - Charlapalli Express (PT),Exp,NFR,,,SCL,19:10,CHZ,4:20,57h 10m,35,W,SL 3A 2A 3E,2863 km,50 km/hr,15645
12589,Gorakhpur - Charlapalli SF Express (PT),SF,NER,,,GKP,6:33,CHZ,13:30,30h 57m,27,W,SL 3A 2A 1A,1811 km,59 km/hr,12590
12705,Guntur - Secunderabad Intercity Superfast Express,SF,SCR,,,GNT,15:35,SC,22:28,6h 53m,14,S M T W T F S,2S CC 3E,380 km,55 km/hr,12706
14673,Shaheed Express (PT),Exp,NR,,,JYG,7:15,ASR,17:50,34h 35m,51,M W T S,SL 3A 2A 1A 3E,1568 km,45 km/hr,14674
14674,Shaheed Express (PT),Exp,NR,,,ASR,13:05,JYG,0:45,35h 40m,50,S T T F,SL 3A 2A 1A 3E,1568 km,44 km/hr,14673
12003,Lucknow Jn - New Delhi Swarn Shatabdi Express,Shtb,NR,,,LJN,15:30,NDLS,22:35,7h 5m,7,S M T W T F S,CC Ex,512 km,72 km/hr,12004
12004,New Delhi - Lucknow Jn. Swarn Shatabdi Express,Shtb,NR,,,NDLS,6:10,LJN,13:00,6h 50m,7,S M T W T F S,CC Ex,512 km,75 km/hr,12003
52454,Shimla - Kalka Express,Toy,NR,,,SML,17:45,KLK,23:00,5h 15m,12,S M T W T F S,2S FC VS,94 km,18 km/hr,52453
16227,Mysuru - Talguppa Express (via Bengaluru),Exp,SWR,,,MYS,19:40,TLGP,7:50,12h 10m,26,S M T W T F S,SL CC 3A 2A 1A,509 km,42 km/hr,16228
52451,Shivalik Deluxe Express,Toy,NR,,,KLK,5:45,SML,10:40,4h 55m,5,S M T W T F S,FC,94 km,19 km/hr,52452
20938,Delhi Sarai Rohilla - Porbandar SF Express,SF,WR,,,DEE,8:10,PBR,8:40,24h 30m,29,M T,SL 3A 2A 1A,1374 km,56 km/hr,20937
18005,Samaleswari Express (PT),Exp,SER,,,HWH,22:10,JDB,22:30,24h 20m,38,S M T W T F S,SL 3A 2A 1A,1162 km,48 km/hr,18006
14120,Dehradun - Kathgodam Express,Exp,NCR,,,DDN,23:30,KGM,7:20,7h 50m,9,S M T W T F S,SL 3A 2A 1A,335 km,43 km/hr,14119
12935,Bandra Terminus - Surat InterCity Express,SF,WR,,,BDTS,6:35,ST,10:40,4h 5m,10,S M T W T F S,2S CC,252 km,62 km/hr,12936
14632,Amritsar - Dehradun Express,Exp,NR,,,ASR,21:35,DDN,9:45,12h 10m,25,S M T W T F S,SL 3A,505 km,42 km/hr,14631
12403,Prayagraj - Lalgarh SF Express (via Fatehpur Shekhawati) (PT),SF,NCR,,,PRYJ,23:05,LGH,20:25,21h 20m,30,M T T S,SL 3A 2A 1A 3E,1183 km,55 km/hr,12404
12834,Howrah - Ahmedabad SF Express (PT),SF,SER,,,HWH,23:05,ADI,12:15,37h 10m,59,S M T W T F S,SL 3A 2A,2085 km,56 km/hr,12833
22449,Guwahati - New Delhi Poorvottar Sampark Kranti Express (PT),SKr,NR,,,GHY,6:10,NDLS,12:50,30h 40m,12,W S,SL 3A 2A 1A 3E,1898 km,62 km/hr,22450
15279,Poorabiya Express (PT),Exp,ECR,,,SHC,11:30,ANVT,12:00,24h 30m,22,S T,SL 3A 2A 1A 3E,1181 km,48 km/hr,15280
12701,Hussain Sagar SF Express (PT),SF,SCR,,,CSMT,21:50,HYB,12:05,14h 15m,14,S M T W T F S,SL 3A 2A,789 km,55 km/hr,12702
15280,Poorabiya Express (PT),Exp,ECR,,,ANVT,17:10,SHC,19:25,26h 15m,22,M F,SL 3A 2A 1A 3E,1181 km,45 km/hr,15279
18622,Patliputra Express,Exp,SER,,,HTE,22:00,PNBE,13:35,15h 35m,43,S M T W T F S,SL 3A,538 km,35 km/hr,18621
18616,Kriya Yoga Express,Exp,SER,,,HTE,21:20,HWH,7:20,10h 0m,14,S M T W T F S,SL 3A 2A 1A 3E,418 km,42 km/hr,18615
12133,Mumbai CSMT - Mangaluru Jn. SF Express (PT),SF,CR,,,CSMT,21:54,MAJN,15:40,17h 46m,14,S M T W T F S,SL 3A 2A,893 km,50 km/hr,12134
18621,Patliputra Express,Exp,SER,,,PNBE,14:50,HTE,5:30,14h 40m,43,S M T W T F S,SL 3A,538 km,37 km/hr,18622
12926,Paschim SF Express (PT),SF,WR,,,ASR,7:20,BDTS,14:40,31h 20m,38,S M T W T F S,SL 3A 2A 1A,1866 km,60 km/hr,12925
12888,Puri - Shalimar Weekly SF Express,SF,ECoR,,,PURI,22:10,SHM,7:15,9h 5m,8,S,SL 3A 2A,497 km,55 km/hr,12887
12747,Palnadu SF Express,SF,SCoR,,,GNT,5:45,VKB,12:20,6h 35m,13,S M T W T F S,2S CC 3A,353 km,54 km/hr,12748
13348,Palamu Express,Exp,ECR,,,PNBE,20:20,BRKA,8:05,11h 45m,31,S M T W T F S,SL 3A 2A,492 km,42 km/hr,13347
12869,Mumbai CSMT - Howrah Weekly SF Express (PT),SF,SER,,,CSMT,11:05,HWH,20:50,33h 45m,19,S,SL 3A 2A 1A 3E,1964 km,58 km/hr,12870
18183,Tatanagar - Buxar Express,Exp,SER,,,TATA,7:55,BXR,22:55,15h 0m,39,S M T W T F S,2S CC 3A 3E,614 km,41 km/hr,18184
18402,Puri - Bangriposi Intercity Express,Exp,ECoR,,,PURI,16:00,BGY,23:15,7h 15m,21,S M T W T F S,2S CC,376 km,52 km/hr,18401
12763,Padmavathi SF Express (PT),SF,SCoR,,,TPTY,16:55,SC,6:15,13h 20m,14,M T W F S,SL 3A 2A 1A 3E,735 km,55 km/hr,12764
12103,Pune - Lucknow Jn. SF Express (PT),SF,CR,,,PUNE,11:20,LJN,13:20,26h 0m,12,T,SL 3A 2A,1475 km,57 km/hr,12104
18448,Hirakhand Express,Exp,ECoR,,,JDB,16:00,BBS,8:20,16h 20m,25,S M T W T F S,SL 3A 2A 1A,787 km,48 km/hr,18447
12506,North East Express,SF,NFR,,,ANVT,7:40,KYQ,16:25,32h 45m,31,S M T W T F S,SL 3A 2A 1A,1856 km,57 km/hr,12505
14682,Jalandhar City - Delhi Intercity Express,Exp,NR,,,JUC,4:00,DLI,13:25,9h 25m,20,S M T W T F S,2S CC,433 km,46 km/hr,14681
18447,Hirakhand Express (PT),Exp,ECoR,,,BBS,19:35,JDB,12:15,16h 40m,25,S M T W T F S,SL 3A 2A 1A,787 km,47 km/hr,18448
13233,Koderma - Danapur Intercity Express,Exp,ECR,,,KQR,14:40,DNR,21:45,7h 5m,20,S M T W T F S,CC 3A,259 km,37 km/hr,13234
12349,Godda - New Delhi Weekly Humsafar Express,Hms,ER,,,GODA,14:05,NDLS,12:50,22h 45m,17,M,SL 3A,1326 km,58 km/hr,12350
16345,Netravati Express (PT),Exp,SR,,,LTT,11:40,TVC,19:35,31h 55m,47,S M T W T F S,SL 3A 2A 3E,1498 km,47 km/hr,16346
14609,Hemkunt Express,Exp,NR,,,YNRK,17:20,SVDK,7:20,14h 0m,21,S M T W T F S,SL 3A 2A 3E,679 km,49 km/hr,14610
12631,Nellai SF Express (PT),SF,SR,,,MS,20:50,TEN,7:00,10h 10m,13,S M T W T F S,SL 3A 2A 1A,650 km,64 km/hr,12632
18234,Narmada Express,Exp,SECR,,,BSP,11:35,INDB,10:55,23h 20m,51,S M T W T F S,SL 3A 2A 1A,1007 km,43 km/hr,18233
13163,Hate Bazare Express (via Mansi) (PT),Exp,ER,,,SDAH,21:15,SHC,13:00,15h 45m,30,S M W F S,SL 3A 2A,590 km,37 km/hr,13164
12351,Howrah - Rajendra Nagar Terminal SF Express (PT),SF,ECR,,,HWH,20:35,RJPB,6:10,9h 35m,20,S M T W T F S,SL 3A 2A 1A 3E,529 km,55 km/hr,12352
16316,Thiruvananthapuram North (Kochuveli) - Mysuru Express (PT),Exp,SR,,,TVCN,16:45,MYS,11:45,19h 0m,25,S M T W T F S,SL 3A 2A 3E,961 km,51 km/hr,16315
12315,Ananya Express (PT),SF,ER,,,KOAA,13:10,UDZ,0:48,35h 38m,20,T,SL 3A 2A 1A 3E,2132 km,60 km/hr,12316
15215,Muzaffarpur - Narkatiaganj MEMU Intercity Express (UnReserved),Exp,ECR,,,MFP,7:35,NKE,11:45,4h 10m,12,S M T W T F S,,160 km,38 km/hr,15216
18240,Shivnath Express,Exp,SECR,,,NITR,23:55,KRBA,9:20,9h 25m,20,S M T W T F S,SL 3A 2A 1A 3E,498 km,53 km/hr,18239
12476,Shri Mata Vaishno Devi Katra - Hapa SF Express,SF,NR,,,SVDK,9:40,HAPA,18:30,32h 50m,32,M,SL 3A 2A 1A 3E,2059 km,63 km/hr,12475
16335,Gandhidham - Nagercoil Weekly Express (PT),Exp,SR,,,GIMB,10:40,NCJ,9:40,47h 0m,56,F,SL 3A 2A,2343 km,50 km/hr,16336
16235,Tuticorin - Mysuru Express (PT),Exp,SWR,,,TN,17:30,MYS,10:20,16h 50m,32,S M T W T F S,SL CC 3A 2A,776 km,46 km/hr,16236
11124,Barauni - Gwalior Mail,Exp,NCR,,,BJU,18:45,GWL,20:30,25h 45m,41,S M T W T F S,SL 3A 2A 3E,1055 km,41 km/hr,11123
25014,Corbett Park Link Express,Exp,NER,,,RMR,22:25,JSM,23:30,25h 5m,32,S M T W T F S,SL 3A 2A,1224 km,49 km/hr,15013-Slip
15227,SMVT Bengaluru - Muzaffarpur Express (PT),Exp,ECR,,,SMVB,0:30,MFP,1:50,49h 20m,33,T,SL 3A 2A 1A 3E,2701 km,55 km/hr,15228
11061,Pawan Express (PT),Exp,CR,,,LTT,11:30,JYG,2:10,38h 40m,43,S M T W T F S,SL 3A 2A,1942 km,50 km/hr,11062
15666,BG Express (PT),Exp,NFR,,,MXN,6:05,GHY,15:40,9h 35m,17,S M T W T F S,SL 3A 2A,404 km,42 km/hr,15665
13155,Mithilanchal Express (PT),Exp,ER,,,KOAA,20:55,SMI,11:15,14h 20m,18,S T,SL 3A 2A 3E,620 km,43 km/hr,13156
12963,Mewar SF Express,SF,NWR,,,NZM,18:25,UDZ,7:30,13h 5m,16,S M T W T F S,SL 3A 2A 1A 3E,743 km,57 km/hr,12964
15629,Nagaon Express (PT),Exp,NFR,,,TBM,18:40,SHTT,3:15,56h 35m,49,M,SL 3A 2A,2969 km,52 km/hr,15630
18238,Chhattisgarh Express (PT),Exp,SECR,,,ASR,15:55,BSP,10:55,43h 0m,83,S M T W T F S,SL 3A 2A 1A 3E,2011 km,47 km/hr,18237
16551,MGR Chennai Central - Ashokapuram Express,Exp,SWR,,,MAS,13:35,AP,23:25,9h 50m,25,S M T W T F S,2S CC,502 km,51 km/hr,16552
15027,Maurya Express (PT),Exp,NER,,,SBP,9:20,GKP,16:35,31h 15m,54,S M T W T F S,SL 3A 2A,1164 km,37 km/hr,15028
12620,Matsyagandha Express (PT),SF,SR,,,MAQ,12:45,LTT,6:35,17h 50m,19,S M T W T F S,SL 3A 2A 3E,883 km,49 km/hr,12619
15627,Coimbatore - Silchar Express (PT),Exp,NFR,,,CBE,22:00,SCL,16:45,66h 45m,44,S,SL 3A 2A 3E,3493 km,52 km/hr,15628
12619,Matsyagandha Express (PT),SF,SR,,,LTT,15:10,MAQ,10:20,19h 10m,21,S M T W T F S,SL 3A 2A 3E,883 km,46 km/hr,12620
12978,Marusagar SF Express (PT),SF,NWR,,,AII,10:15,ERS,5:45,43h 30m,31,F,SL 3A 2A 1A 3E,2556 km,59 km/hr,12977
15645,Charlapalli - Silchar Express (PT),Exp,NFR,,,CHZ,16:25,SCL,23:55,55h 30m,35,S,SL 3A 2A 3E,2863 km,52 km/hr,15646
18181,Tatanagar - Thawe Express (PT),Exp,SER,,,TATA,20:45,THE,17:20,20h 35m,37,M T T F,SL 3A 2A 3E,718 km,35 km/hr,18182
12977,Marusagar SF Express (PT),SF,NWR,,,ERS,18:50,AII,15:25,44h 35m,31,S,SL 3A 2A 1A 3E,2556 km,57 km/hr,12978
17688,Marathwada Express,Exp,SCR,,,DAB,4:00,MMR,13:40,9h 40m,21,S M T W T F S,2S CC,419 km,43 km/hr,17687
15607,Aronai Express (PT),Exp,NFR,,,TVC,16:55,SCL,16:45,71h 50m,55,T,SL 3A 2A 3E,3916 km,55 km/hr,15608
12742,Patna - Vasco-da-Gama SF Express (PT),SF,SWR,,,PNBE,14:05,VSG,5:45,39h 40m,19,S,SL 3A 2A,2228 km,56 km/hr,12741
18420,Jaynagar - Puri Weekly Express (PT),Exp,ECoR,,,JYG,5:20,PURI,2:55,21h 35m,22,S,SL 3A 2A 3E,1003 km,46 km/hr,18419
12601,MGR Chennai Central - Mangaluru Central Mail (PT),SF,SR,,,MAS,20:10,MAQ,12:06,15h 56m,29,S M T W T F S,SL 3A 2A 1A,889 km,56 km/hr,12602
10216,Ernakulam Jn. - Madgaon SF Express,SF,KR,,,ERS,13:25,MAO,3:30,14h 5m,12,M,SL CC 3A 2A 3E,729 km,52 km/hr,10215
10215,Madgaon - Ernakulam Jn. SF Express,SF,KR,,,MAO,21:00,ERS,11:00,14h 0m,12,S,SL 3A 2A 3E,729 km,52 km/hr,10216
12881,Shalimar - Puri Garib Rath Express (PT),GR,ECoR,,,SHM,20:35,PURI,5:20,8h 45m,8,T T,3A,497 km,57 km/hr,12882
18416,Puri - Barbil Express,Exp,ECoR,,,PURI,6:15,BBN,17:50,11h 35m,28,S M T W T F S,2S CC,398 km,34 km/hr,18415
12487,Seemanchal Express (PT),SF,NR,,,JBN,20:35,ANVT,20:50,24h 15m,19,S M T W T F S,SL 3A 2A 3E,1380 km,57 km/hr,12488
12488,Seemanchal Express,SF,NR,,,ANVT,8:10,JBN,8:00,23h 50m,19,S M T W T F S,SL 3A 2A 3E,1380 km,58 km/hr,12487
67281,Vijayawada - Bhimavaram Junction MEMU,MEMU,SCoR,,,BZA,11:30,BVRM,15:10,3h 40m,22,S M T W T F S,,109 km,30 km/hr,
67247,Narasapur - Guntur MEMU,MEMU,SCoR,,,NS,13:40,GNT,19:55,6h 15m,32,S M T W T F S,,171 km,27 km/hr,
67216,Bhadrachalam Road - Vijayawada MEMU,MEMU,SCoR,,,BDCR,14:15,BZA,19:35,5h 20m,22,S M T W T F S,,176 km,33 km/hr,67215
17645,Secunderabad - Repalle Express,Exp,SCR,,,SC,12:40,RAL,21:10,8h 30m,19,S M T W T F S,SL 3A 2A,341 km,40 km/hr,17646
66037,Sullurupeta - Nellore MEMU,MEMU,SR,,,SPE,15:50,NLR,18:05,2h 15m,10,S M T W T F S,,93 km,42 km/hr,66038
63315,Jhajha - Gaya MEMU,MEMU,ECR,,,JAJ,14:00,GAYA,20:35,6h 35m,37,S M T W T F S,,183 km,28 km/hr,63316
66038,Nellore - Sullurupeta MEMU,MEMU,SR,,,NLR,18:45,SPE,21:00,2h 15m,10,S M T W T F S,,93 km,42 km/hr,66037
66060,Vellore Cantt. - Arakkonam MEMU,MEMU,SR,,,VLR,17:20,AJJ,19:30,2h 10m,10,S M T W T F S,,71 km,33 km/hr,66059
56108,Erode - Jolarpettai Passenger (UnReserved),Pass,SR,,,ED,6:00,JTJ,12:00,6h 0m,21,S M T W T F S,,180 km,30 km/hr,56107
76813,Cuddalore Port - Salem DEMU,DEMU,SR,,,CUPJ,4:45,SA,9:10,4h 25m,20,S M T W T F S,,197 km,45 km/hr,76814
56811,Jolarpettai - Erode Passenger (UnReserved),Pass,SR,,,JTJ,5:15,ED,10:45,5h 30m,21,S M T W T F S,,180 km,33 km/hr,56812
16844,Palakkad Town - Tiruchchirappalli Express (UnReserved),Exp,SR,,,PGTN,6:30,TPJ,14:05,7h 35m,23,S M T W T F S,,302 km,40 km/hr,16843
56809,Tiruchchirappalli - Erode Passenger (UnReserved),Pass,SR,,,TPJ,7:25,ED,12:05,4h 40m,22,S M T W T F S,,141 km,30 km/hr,56810
56105,Tiruchchirappalli - Erode Passenger (UnReserved),Pass,SR,,,TPJ,15:50,ED,20:25,4h 35m,20,S M T W T F S,,141 km,31 km/hr,56106
16326,Kottayam - Nilambur Road Express,Exp,SR,,,KTYM,5:15,NIL,11:50,6h 35m,26,S M T W T F S,2S,231 km,35 km/hr,16325
56317,Guruvayur - Ernakulam Passenger (UnReserved),Pass,SR,,,GUV,13:25,ERS,16:25,3h 0m,16,S M T W T F S,,97 km,32 km/hr,56318
56116,Guruvayur - Thrissur Passenger (UnReserved),Pass,SR,26-Jan,,GUV,18:10,TCR,18:50,0h 40m,1,S M T W T F S,,23 km,35 km/hr,56115
56311,Kottayam - Kollam Passenger (UnReserved),Pass,SR,,,KTYM,5:40,QLN,7:50,2h 10m,12,S M T W T F S,,96 km,44 km/hr,16366
16366,Nagercoil - Kottayam Express (UnReserved),Exp,SR,,,NCJ,13:00,KTYM,19:45,6h 45m,30,S M T W T F S,,232 km,34 km/hr,56311
69129,Anand - Vatva MEMU,MEMU,WR,,,ANND,5:55,VTA,7:25,1h 30m,9,S M T W T F S,,56 km,38 km/hr,69128
59050,Vadodara - Valsad Passenger (UnReserved),Pass,WR,,,BRC,15:05,BL,21:30,6h 25m,33,S M T W T F S,,199 km,31 km/hr,59049
59554,Botad - Gandhigram Passenger (UnReserved),Pass,WR,,,BTD,17:10,GG,21:35,4h 25m,21,S M T W T F S,,155 km,35 km/hr,59553
69107,Vadodara - Vatva MEMU,MEMU,WR,,,BRC,21:00,VTA,23:55,2h 55m,16,S M T W T F S,,92 km,32 km/hr,69108
69114,Vatva - Vadodara MEMU,MEMU,WR,,,VTA,5:45,BRC,8:45,3h 0m,16,S M T W T F S,,92 km,31 km/hr,69115
69102,Vatva - Vadodara MEMU,MEMU,WR,,,VTA,17:15,BRC,20:05,2h 50m,16,S M T W T F S,,92 km,32 km/hr,69101
22930,Vadodara - Dahanu Road SF Express,SF,WR,,,BRC,6:20,DRD,11:10,4h 50m,14,S M T W T F S,2S,273 km,57 km/hr,22929
19101,Virar - Bharuch MEMU Express (UnReserved),Exp,WR,,,VR,4:35,BH,11:10,6h 35m,39,S M T W T F S,,267 km,41 km/hr,
69152,Surat - Valsad MEMU,MEMU,WR,,,ST,9:15,BL,11:45,2h 30m,10,S M T W T F S,,69 km,28 km/hr,69151
59039,Virar - Valsad Passenger (UnReserved),Pass,WR,,,VR,11:30,BL,15:15,3h 45m,16,S M T W T F S,,139 km,37 km/hr,59046
18012,Chakradharpur - Howrah Express,Exp,SER,,,CKP,17:35,HWH,5:35,12h 0m,38,S M T W T F S,SL 3A 2A 1A,439 km,37 km/hr,18011
18004,Rani Shiromoni Express (UnReserved),Exp,SER,,,ADRA,4:30,HWH,10:25,5h 55m,26,S M T W T F S,,283 km,48 km/hr,18003
13504,Hatia - Barddhaman MEMU Express (UnReserved),Exp,ER,,,HTE,8:10,BWN,21:00,12h 50m,48,S M T W T F S,,346 km,27 km/hr,13503
64622,Bandikui - Idgah Agra MEMU,MEMU,NCR,,,BKI,13:30,IDH,16:45,3h 15m,20,M T W T F S,,148 km,46 km/hr,64621
68061,Adra - Asansol MEMU,MEMU,SER,,,ADRA,3:15,ASN,4:35,1h 20m,7,S M T W T F S,,42 km,31 km/hr,68062
13546,Gaya - Asansol MEMU Express (UnReserved),Exp,ER,,,GAYA,5:45,ASN,13:00,7h 15m,45,S M T W T F S,,258 km,36 km/hr,13545
68067,Adra - Asansol MEMU,MEMU,SER,,,ADRA,8:20,ASN,9:50,1h 30m,7,S M T W T F S,,42 km,28 km/hr,68066
13554,Varanasi - Asansol MEMU Express (UnReserved),Exp,ER,,,BSB,4:15,ASN,20:50,16h 35m,83,S M T W T F S,,481 km,29 km/hr,13553
74909,Pathankot - MCTM Udhampur DEMU,DEMU,NR,,,PTK,5:30,MCTM,9:45,4h 15m,17,S M T W T F S,,153 km,36 km/hr,74910
59484,Patan - Mahesana Passenger (UnReserved),Pass,WR,,,PTN,10:05,MSH,11:05,1h 0m,4,S M T W T F S,,40 km,40 km/hr,59483
74901,Jalandhar City - Pathankot DEMU,DEMU,NR,,,JUC,9:20,PTK,12:40,3h 20m,16,S M T W T F S,,116 km,35 km/hr,74902
52472,Joginder Nagar - Baijnath Paprola Passenger,Toy,NR,,,JDNX,12:50,BJPL,14:30,1h 40m,1,S M T W T F S,,22 km,13 km/hr,52473
54621,Jalandhar City - Pathankot Passenger (UnReserved),Pass,NR,,,JUC,17:45,PTK,20:50,3h 5m,16,S M T W T F S,,116 km,38 km/hr,54622
54622,Pathankot - Jalandhar City Passenger (UnReserved),Pass,NR,,,PTK,8:50,JUC,12:00,3h 10m,16,S M T W T F S,,116 km,37 km/hr,54621
11274,Prayagraj Chheoki - Itarsi Express,Exp,WCR,,,PCOI,20:15,ET,13:20,17h 5m,55,S M T W T F S,SL 3A,604 km,35 km/hr,11273
19013,Bhusaval - Katni Express,Exp,WR,,,BSL,11:15,KTE,5:15,18h 0m,59,S M T W T F S,SL 3A,642 km,36 km/hr,19014
14653,Hisar - Amritsar Express,Exp,NR,,,HSR,23:55,ASR,7:40,7h 45m,18,S M T W T F S,SL,346 km,45 km/hr,14654
74951,Jaijon Doaba - Phagwara Passenger (UnReserved),Pass,NR,,,JJJ,13:45,PGW,17:00,3h 15m,13,M T W F S,,81 km,25 km/hr,74954
74645,Ambala Cantt - Jalandhar City DEMU (via Chandigarh),DEMU,NR,,,UMB,16:15,JUC,22:35,6h 20m,20,S M T W T F S,,214 km,34 km/hr,74646
54575,Ludhiana - Lohian Khas Passenger (UnReserved),Pass,NR,,,LDH,19:00,LNK,21:20,2h 20m,12,S M T W T F S,,77 km,33 km/hr,54576
74972,Fazilka - Firozpur Cantt DEMU,DEMU,NR,,,FKA,6:20,FZR,8:45,2h 25m,12,S M T W T F S,,88 km,36 km/hr,74977
54561,Bathinda - Firozpur Cantt Passenger (UnReserved),Pass,NR,,,BTI,6:20,FZR,9:00,2h 40m,11,S M T W T F S,,88 km,33 km/hr,54564
14027,Jind - Firozpur Cantt Express (UnReserved),Exp,NR,,,JIND,7:40,FZR,12:40,5h 0m,13,S M T W T F S,,258 km,52 km/hr,14028
14029,Shri Ganganagar - Delhi Express,Exp,NR,,,SGNR,1:40,DLI,15:40,14h 0m,64,S M T W T F S,SL,509 km,36 km/hr,14030
14030,Meerut Cantt. - Shri Ganganagar Express,Exp,NR,,,MUT,6:40,SGNR,23:40,17h 0m,83,S M T W T F S,SL,587 km,35 km/hr,14029
17004,Ramgiri MEMU Express (UnReserved),Exp,SCR,,,BPQ,16:00,KZJ,21:00,5h 0m,18,S M T W T F S,,235 km,47 km/hr,17003
67765,Kazipet - Dornakal MEMU,MEMU,SCR,,,KZJ,6:55,DKJ,9:00,2h 5m,10,S M T W T F S,,95 km,46 km/hr,67766
17659,Kakatiya Express,Exp,SCR,,,SC,17:00,BDCR,23:45,6h 45m,23,S M T W T F S,2S CC,281 km,42 km/hr,17660
15754,Sifhung Express (UnReserved),Exp,NFR,,,GHY,15:20,APDJ,23:00,7h 40m,29,S M T W T F S,,266 km,35 km/hr,15753
14896,Barmer - Bhagat Ki Kothi DEMU Express (UnReserved),Exp,NWR,,,BME,10:00,BGKT,15:40,5h 40m,21,S M T W T F S,,205 km,36 km/hr,14895
14895,Bhagat Ki Kothi - Barmer DEMU Express (UnReserved),Exp,NWR,,,BGKT,4:15,BME,9:20,5h 5m,21,S M T W T F S,,205 km,40 km/hr,14896
74844,Bhagat Ki Kothi - Jaisalmer DEMU,DEMU,NWR,,,BGKT,13:30,JSM,21:00,7h 30m,21,S M T W T F S,,303 km,40 km/hr,74843
68006,Tatanagar - Kharagpur MEMU,MEMU,SER,,,TATA,8:40,KGP,12:50,4h 10m,17,S M T W T F S,,134 km,32 km/hr,68123
18043,Bagha Jatin Express (UnReserved),Exp,SER,,,HWH,15:25,BHC,23:20,7h 55m,38,S M T W T F S,,294 km,37 km/hr,18044
18044,Bagha Jatin Express (UnReserved),Exp,SER,,,BHC,4:45,HWH,12:30,7h 45m,38,S M T W T F S,,294 km,38 km/hr,18043
58027,Kharagpur - Tatanagar Passenger (UnReserved),Pass,SER,,,KGP,16:20,TATA,19:40,3h 20m,17,S M T W T F S,,134 km,40 km/hr,58028
18175,Hatia - Jharsuguda MEMU Express (UnReserved),Exp,SER,,,HTE,13:00,JSG,21:30,8h 30m,31,S M T W T F S,,266 km,31 km/hr,18176
18614,Chopan - Ranchi Express (via Barkakana) (UnReserved),Exp,SER,,,CPU,8:10,RNC,19:10,11h 0m,19,S W F,,476 km,43 km/hr,18613
18125,Rourkela - Puri Express (UnReserved),Exp,SER,,,ROU,7:50,PURI,1:15,17h 25m,77,S M T W T F S,,525 km,30 km/hr,18126
55604,Mairabari - Guwahati Kolongpar Passenger (UnReserved),Pass,NFR,,,MBO,4:20,GHY,9:45,5h 25m,27,S M T W T F S,,160 km,30 km/hr,55603
58537,Koraput - Visakhapatnam Passenger (UnReserved),Pass,SCoR,,,KRPU,8:20,VSKP,17:30,9h 10m,36,S M T W T F S,,359 km,39 km/hr,58538
18525,Brahmapur - Visakhapatnam Express,Exp,SCoR,,,BAM,6:45,VSKP,12:00,5h 15m,12,S M T W T F S,CC,278 km,53 km/hr,18526
31111,Sealdah - Katwa Galloping Local,Klkt,ER,,,SDAH,8:05,KWAE,11:45,3h 40m,38,S M T W T F S,,151 km,41 km/hr,31112
18021,Kharagpur - Khurda Road Express,Exp,SER,,,KGP,4:40,KUR,13:50,9h 10m,33,S M T W T F S,2S CC,363 km,40 km/hr,18022
68412,Brahmapur - Bhubaneswar MEMU,MEMU,ECoR,,,BAM,15:30,BBS,19:15,3h 45m,25,S M T W T F S,,166 km,44 km/hr,68411
64958,Palwal - Agra Cantt. MEMU,MEMU,NR,,,PWL,4:25,AGC,7:25,3h 0m,17,S M T W T F S,,138 km,46 km/hr,64957
33721,Ranaghat - Bangaon Local,Klkt,ER,,,RHA,10:22,BNJ,11:07,0h 45m,7,S M T W T F S,,33 km,44 km/hr,33726
63386,Gaya - Kiul MEMU,MEMU,ECR,,,GAYA,19:30,KIUL,0:15,4h 45m,21,S M T W T F S,,129 km,27 km/hr,63385
63356,Gaya - Kiul MEMU,MEMU,ECR,,,GAYA,7:20,KIUL,11:50,4h 30m,22,S M T W T F S,,129 km,29 km/hr,63355
13207,Jasidih - Patna MEMU Express (UnReserved),Exp,ECR,,,JSME,17:10,PNBE,1:10,8h 0m,51,S M T W T F S,,221 km,28 km/hr,13208
63205,Kiul - Patna MEMU,MEMU,ECR,,,KIUL,1:45,PNBE,7:00,5h 15m,25,S M T W T F S,,123 km,23 km/hr,63206
63217,Barauni - Danapur MEMU,MEMU,ECR,,,BJU,5:00,DNR,10:00,5h 0m,37,S M T W T F S,,120 km,24 km/hr,63218
53231,Tilaiya - Danapur Passenger (UnReserved),Pass,ECR,,,TIA,17:30,DNR,1:35,8h 5m,39,S M T W T F S,,154 km,19 km/hr,53232
63339,Rajgir - Danapur MEMU,MEMU,ECR,,,RGD,5:20,DNR,9:45,4h 25m,34,S M T W T F S,,108 km,25 km/hr,63340
53234,Fatuha - Natesar Passenger (UnReserved),Pass,ECR,,,FUT,10:30,NES,13:00,2h 30m,8,S M T W T F S,,64 km,25 km/hr,53233
63326,Patna - Islampur MEMU,MEMU,ECR,,,PNBE,10:30,IPR,13:45,3h 15m,21,S M T W T F S,,64 km,20 km/hr,63325
63340,Danapur - Rajgir MEMU,MEMU,ECR,,,DNR,18:20,RGD,22:50,4h 30m,33,S M T W T F S,,108 km,24 km/hr,63339
63327,Islampur - Patna MEMU,MEMU,ECR,,,IPR,16:45,PNBE,20:05,3h 20m,18,S M T W T F S,,64 km,19 km/hr,63328
53232,Danapur - Tilaiya Passenger (UnReserved),Pass,ECR,,,DNR,8:50,TIA,15:45,6h 55m,38,S M T W T F S,,154 km,22 km/hr,53231
63232,Buxar - Patna MEMU,MEMU,ECR,,,BXR,7:15,PNBE,11:45,4h 30m,22,S M T W T F S,,118 km,26 km/hr,63263
63248,Gaya - Patna MEMU,MEMU,ECR,,,GAYA,10:30,PNBE,13:55,3h 25m,28,S M T W T F S,,92 km,27 km/hr,63247
63226,Varanasi - Patna MEMU,MEMU,ECR,,,BSB,15:00,PNBE,0:15,9h 15m,41,S M T W T F S,,230 km,25 km/hr,63233
63254,Gaya - Patna MEMU,MEMU,ECR,,,GAYA,15:30,PNBE,18:15,2h 45m,25,S M T W T F S,,92 km,34 km/hr,63255
55140,Varanasi City - Chhapra Passenger (UnReserved),Pass,NER,,,BCY,5:00,CPR,11:20,6h 20m,32,S M T W T F S,,202 km,32 km/hr,55139
15075,Shaktinagar - Tanakpur Triveni Express,Exp,NER,,,SKTN,15:45,TPU,15:35,23h 50m,41,S M W F,SL 2A 3E,861 km,36 km/hr,15076
64175,Roza - Bareilly MEMU,MEMU,NR,,,ROZA,5:45,BE,9:00,3h 15m,11,S M T W T F S,,78 km,24 km/hr,64176
54351,Aligarh - Bareilly Passenger (UnReserved),Pass,NR,,,ALJN,11:25,BE,18:15,6h 50m,25,S M T W T F S,,167 km,24 km/hr,54352
54075,Bareilly - Delhi Passenger (UnReserved),Pass,NR,,,BE,17:35,DLI,3:05,9h 30m,28,S M T W T F S,,274 km,29 km/hr,54076
54308,Delhi - Moradabad Passenger (UnReserved),Pass,NR,,,DLI,4:00,MB,10:30,6h 30m,21,S M T W T F S,,161 km,25 km/hr,54307
55302,Lalkuan - Moradabad Passenger (via Rampur) (UnReserved),Pass,NER,,,LKU,8:25,MB,11:30,3h 5m,9,S M T W T F S,,94 km,30 km/hr,55301
64177,Bareilly - Moradabad MEMU,MEMU,NR,,,BE,14:40,MB,19:43,5h 3m,18,S M T W T F S,,112 km,22 km/hr,64178
65306,Ramnagar - Moradabad MEMU,MEMU,NER,,,RMR,13:55,MB,16:20,2h 25m,7,S M T W T F S,,77 km,32 km/hr,65309
55304,Lalkuan - Moradabad Passenger (Via Kashipur) (UnReserved),Pass,NER,,,LKU,16:50,MB,21:10,4h 20m,9,S M T W T F S,,108 km,25 km/hr,55303
65310,Ramnagar - Moradabad MEMU,MEMU,NER,,,RMR,21:00,MB,23:35,2h 35m,5,S M T W T F S,,77 km,30 km/hr,65309
54342,Dehradun - Saharanpur Passenger (UnReserved),Pass,NR,,,DDN,7:45,SRE,13:05,5h 20m,19,S M T W T F S,,132 km,25 km/hr,54341
14305,Delhi - Haridwar Express (via Shamli) (UnReserved),Exp,NR,,,DLI,10:20,HW,17:55,7h 35m,33,S M T W T F S,,232 km,31 km/hr,14306
54473,Delhi - Saharanpur Passenger (UnReserved),Pass,NR,,,DLI,18:20,SRE,23:40,5h 20m,31,S M T W T F S,,189 km,35 km/hr,54474
54552,Bathinda - Ambala Cantt Passenger (UnReserved),Pass,NR,,,BTI,7:30,UMB,12:10,4h 40m,23,S M T W T F S,,201 km,43 km/hr,54551
14510,Bathinda - Ambala Cantt Express (UnReserved),Exp,NR,,,BTI,18:00,UMB,22:30,4h 30m,17,S M T W T F S,,201 km,45 km/hr,14509
54603,Hisar - Ludhiana Passenger (UnReserved),Pass,NR,,,HSR,5:20,LDH,10:25,5h 5m,17,S M T W T F S,,210 km,41 km/hr,54606
54052,Firozpur Cantt - Ludhiana Passenger (UnReserved),Pass,NR,,,FZR,13:55,LDH,16:55,3h 0m,12,S M T W T F S,,124 km,41 km/hr,54051
54633,Sirsa - Ludhiana Passenger (UnReserved),Pass,NR,,,SSA,11:40,LDH,19:20,7h 40m,33,S M T W T F S,,292 km,38 km/hr,
74964,Firozpur Cantt - Ludhiana DEMU,DEMU,NR,,,FZR,18:20,LDH,21:35,3h 15m,17,S M T W T F S,,124 km,38 km/hr,74963
54612,Pathankot - Amritsar Passenger (UnReserved),Pass,NR,,,PTK,5:00,ASR,8:15,3h 15m,15,S M T W T F S,,107 km,33 km/hr,54615
54614,Pathankot - Amritsar Passenger (UnReserved),Pass,NR,,,PTK,7:20,ASR,10:45,3h 25m,15,S M T W T F S,,107 km,31 km/hr,54611
64111,Khurja - Shakurbasti EMU,Del,NR,,,KRJ,5:45,SSB,8:55,3h 10m,17,S M T W T F S,,93 km,29 km/hr,
64109,Dankaur - Shakurbasti EMU,Del,NR,,,DKDE,7:00,SSB,9:40,2h 40m,16,S M T W T F S,,70 km,26 km/hr,64112
64560,Saharanpur - Delhi MEMU (via Meerut),MEMU,NR,,,SRE,5:10,DLI,9:35,4h 25m,26,S M T W T F S,,181 km,41 km/hr,64559
64581,Hathras Killah - Delhi MEMU,MEMU,NR,,,HRF,5:45,DLI,10:00,4h 15m,24,S M T W T F S,,166 km,39 km/hr,64582
64151,Aligarh - Delhi MEMU,MEMU,NR,,,ALJN,15:00,DLI,18:15,3h 15m,19,S M T W T F S,,126 km,39 km/hr,64152
64557,Delhi - Saharanpur MEMU (via Meerut),MEMU,NR,,,DLI,16:15,SRE,20:50,4h 35m,26,S M T W T F S,,181 km,40 km/hr,64558
64582,Delhi - Hathras Killah MEMU,MEMU,NR,,,DLI,17:55,HRF,22:10,4h 15m,24,S M T W T F S,,166 km,39 km/hr,64581
64114,New Delhi - Aligarh EMU,Del,NR,,,NDLS,18:20,ALJN,21:25,3h 5m,22,S M T W T F S,,131 km,42 km/hr,
64102,Delhi - Aligarh EMU,Del,NR,,,DLI,18:40,ALJN,21:55,3h 15m,19,S M T W T F S,,126 km,39 km/hr,64101
64113,Khurja - Ghaziabad EMU,Del,NR,,,KRJ,20:50,GZB,22:25,1h 35m,9,S M T W T F S,,63 km,40 km/hr,
64108,Delhi - Khurja EMU,Del,NR,,,DLI,21:10,KRJ,0:30,3h 20m,13,S M T W T F S,,83 km,25 km/hr,
54307,Moradabad - Delhi Passenger (UnReserved),Pass,NR,,,MB,18:30,DLI,0:05,5h 35m,22,S M T W T F S,,161 km,29 km/hr,54308
64022,Saharanpur - Delhi MEMU (via Shamli),MEMU,NR,,,SRE,3:35,DLI,8:25,4h 50m,30,S M T W T F S,,165 km,34 km/hr,64027
54034,Jind - Delhi Passenger (UnReserved),Pass,NR,,,JIND,15:50,DLI,19:40,3h 50m,24,S M T W T F S,,127 km,33 km/hr,54031
54024,Jind - Delhi Passenger (UnReserved),Pass,NR,,,JIND,18:55,DLI,22:30,3h 35m,24,S M T W T F S,,127 km,35 km/hr,
14734,Jaipur - Bathinda Express (UnReserved),Exp,NWR,,,JP,5:00,BTI,18:30,13h 30m,47,S M T W T F S,,526 km,39 km/hr,14733
18013,Howrah - Bokaro Steel City Express,Exp,SER,,,HWH,23:30,BKSC,9:05,9h 35m,30,S M T W T F S,SL 3A,367 km,38 km/hr,18014
68018,Lohardaga - Ranchi MEMU,MEMU,SER,,,LAD,6:55,RNC,8:45,1h 50m,8,S M T W T F S,,67 km,37 km/hr,68017
18085,Kharagpur - Ranchi MEMU Express (UnReserved),Exp,SER,,,KGP,4:30,RNC,12:40,8h 10m,28,S M T W T F S,,328 km,40 km/hr,18086
17267,Kakinada Port - Visakhapatnam MEMU Express (UnReserved),Exp,SCoR,,,COA,4:50,VSKP,9:40,4h 50m,16,S M T W T F S,,165 km,34 km/hr,17268
58502,Kirandul - Visakhapatnam Passenger,Pass,SCoR,,,KRDL,6:00,VSKP,21:00,15h 0m,47,S M T W T F S,2S SL EV,471 km,31 km/hr,58501
40503,Chennai Beach - Chengalpattu EMU (12 Car),Chn,SR,,,MSB,4:10,CGL,6:10,2h 0m,26,M T W T F S,FC,60 km,30 km/hr,40504
66006,Kadapa - Arakkonam MEMU,MEMU,SR,,,HX,14:15,AJJ,19:20,5h 5m,24,S M T W T F S,,194 km,38 km/hr,66001
16112,Puducherry - Tirupati MEMU Express (UnReserved),Exp,SR,,,PDY,14:40,TPTY,23:10,8h 30m,32,S M T W T F S,,287 km,34 km/hr,16111
15719,Katihar - Siliguri Intercity Express (via Barsoi) (UnReserved),Exp,NFR,,,KIR,6:05,SGUJ,11:05,5h 0m,17,S M T W T F S,,203 km,41 km/hr,15720
64956,Tundla - Agra Cantt MEMU,MEMU,NR,,,TDL,15:20,AGC,17:30,2h 10m,6,S M T W T F S,,29 km,13 km/hr,64955
15038,Kasganj - Kanpur Anwarganj Express (UnReserved),Exp,NER,,,KSJ,12:55,CPA,18:30,5h 35m,17,S M T W T F S,,245 km,44 km/hr,15037
50103,Diva - Ratnagiri Passenger (UnReserved),Pass,KR,,,DIVA,17:50,RN,2:00,8h 10m,27,S M T W T F S,,304 km,37 km/hr,50104
11602,Katni - Bina MEMU Express (UnReserved),Exp,WCR,,,KTE,12:10,BINA,20:00,7h 50m,29,S M T W T F S,,262 km,34 km/hr,11601
64618,Lalitpur - Bina MEMU,MEMU,NCR,,,LAR,10:15,BINA,12:30,2h 15m,6,S M T W T F S,,63 km,28 km/hr,64617
11902,Agra Cantt. - Virangana Lakshmibai Jhansi Express,Exp,NCR,,,AGC,6:30,VGLJ,12:50,6h 20m,23,S M T W T F S,SL,216 km,34 km/hr,11901
57415,Guntakal - Chikjajur Passenger (UnReserved),Pass,SCoR,,,GTL,7:15,JRU,13:30,6h 15m,20,S M T W T F S,,235 km,38 km/hr,57416
61606,Satna - Katni MEMU,MEMU,WCR,,,STA,12:05,KTE,14:00,1h 55m,9,S M T W T F S,,98 km,51 km/hr,61605
11706,Rewa - Jabalpur Express,Exp,WCR,,,REWA,14:00,JBP,21:05,7h 5m,24,S M T W T F S,2S CC,238 km,34 km/hr,11705
63355,Kiul - Gaya MEMU,MEMU,ECR,,,KIUL,14:05,GAYA,18:35,4h 30m,24,S M T W T F S,,129 km,29 km/hr,63356
63323,Kiul - Gaya MEMU,MEMU,ECR,,,KIUL,20:20,GAYA,0:35,4h 15m,20,S M T W T F S,,129 km,30 km/hr,63324
13209,Patna - Pt. Deen Dayal Upadhyaya Jn. MEMU Express (UnReserved),Exp,ECR,,,PNBE,7:30,DDU,14:40,7h 10m,42,S M T W T F S,,211 km,29 km/hr,13210
63263,Patna - Buxar MEMU,MEMU,ECR,,,PNBE,14:15,BXR,18:50,4h 35m,24,S M T W T F S,,118 km,26 km/hr,63232
63220,Buxar - Patna MEMU,MEMU,ECR,,,BXR,15:05,PNBE,20:15,5h 10m,27,S M T W T F S,,118 km,23 km/hr,63219
63231,Patna - Pt. Deen Dayal Upadhyaya Jn. MEMU,MEMU,ECR,,,PNBE,19:55,DDU,4:30,8h 35m,34,S M T W T F S,,211 km,25 km/hr,63264
63240,Pt. Deen Dayal Upadhyaya Jn. - Buxar MEMU,MEMU,ECR,,,DDU,21:00,BXR,0:35,3h 35m,15,S M T W T F S,,94 km,26 km/hr,63235
63264,Pt. Deen Dayal Upadhyaya Jn. - Patna MEMU,MEMU,ECR,,,DDU,5:35,PNBE,15:10,9h 35m,41,S M T W T F S,,211 km,22 km/hr,63231
63230,Banaras - Ara MEMU,MEMU,ECR,,,BNRS,18:45,ARA,2:15,7h 30m,21,S M T W T F S,,184 km,25 km/hr,63229
74954,Phagwara - Jaijon Doaba Passenger (UnReserved),Pass,NR,,,PGW,10:20,JJJ,13:20,3h 0m,13,M T W F S,,81 km,27 km/hr,74951
64012,Shakurbasti - Palwal EMU,Del,NR,,,SSB,10:00,PWL,12:10,2h 10m,14,S M T W T F S,,69 km,32 km/hr,64011
64451,Delhi - Panipat MEMU,MEMU,NR,,,DLI,16:50,PNP,19:25,2h 35m,16,S M T W T F S,,89 km,34 km/hr,
55056,Gorakhpur - Chhapra Passenger (UnReserved),Pass,NER,,,GKP,8:55,CPR,14:20,5h 25m,25,S M T W T F S,,180 km,33 km/hr,55055
64216,Lucknow - Ayodhya Cantt MEMU,MEMU,NR,,,LKO,17:20,AYC,21:20,4h 0m,16,S M T W T F S,,128 km,32 km/hr,64215
54463,Chandausi - Rishikesh Passenger (UnReserved),Pass,NR,,,CH,3:55,RKSH,15:45,11h 50m,36,S M T W T F S,,234 km,20 km/hr,54464
54553,Ambala Cantt - Dhuri Passenger (UnReserved),Pass,NR,,,UMB,17:35,DUI,20:35,3h 0m,12,S M T W T F S,,106 km,35 km/hr,
76811,Tirupadripulyur - Tiruchchirappalli DEMU,DEMU,SR,,,TDPR,5:55,TPJ,11:05,5h 10m,28,S M T W T F S,,185 km,36 km/hr,76812
16867,Villupuram - Dindigul Intercity Express (UnReserved),Exp,SR,,,VM,16:30,DG,22:15,5h 45m,23,S M T W T F S,,272 km,47 km/hr,16868
76812,Tiruchchirappalli - Tirupadripulyur DEMU,DEMU,SR,,,TPJ,15:45,TDPR,20:50,5h 5m,28,S M T W T F S,,185 km,36 km/hr,76811
76814,Salem - Cuddalore Port DEMU,DEMU,SR,,,SA,18:20,CUPJ,22:50,4h 30m,20,S M T W T F S,,197 km,44 km/hr,76813
56826,Thanjavur - Mayiladuturai Passenger (UnReserved),Pass,SR,,,TJ,14:45,MV,17:20,2h 35m,14,S M T W T F S,,71 km,27 km/hr,56821
56106,Erode - Tiruchchirappalli Passenger (UnReserved),Pass,SR,,,ED,8:05,TPJ,12:05,4h 0m,20,S M T W T F S,,141 km,35 km/hr,56105
16850,Rameswaram - Tiruchchirappalli Express (UnReserved),Exp,SR,,,RMM,14:50,TPJ,20:05,5h 15m,16,S M T W T F S,,264 km,50 km/hr,16849
56745,Thanjavur - Tiruchchirappalli Passenger (UnReserved),Pass,SR,,,TJ,20:45,TPJ,22:25,1h 40m,8,S M T W T F S,,50 km,30 km/hr,
56716,Rameswaram - Madurai Passenger (UnReserved),Pass,SR,,,RMM,18:20,MDU,22:05,3h 45m,15,S M T W T F S,,161 km,43 km/hr,56715
56772,Sengottai - Madurai Passenger (UnReserved),Pass,SR,,,SCT,12:20,MDU,15:40,3h 20m,12,S M T W T F S,,174 km,52 km/hr,56771
56712,Rameswaram - Madurai Passenger (UnReserved),Pass,SR,,,RMM,5:45,MDU,9:20,3h 35m,15,S M T W T F S,,161 km,45 km/hr,56711
56756,Tiruchendur - Vanchi Maniyachchi Passenger (UnReserved),Pass,SR,,,TCN,14:50,MEJ,17:15,2h 25m,14,S M T W T F S,,90 km,37 km/hr,56755
19339,Dahod - Bhopal Intercity Express,Exp,WR,,,DHD,5:40,BPL,16:10,10h 30m,45,S M T W T F S,2S CC,394 km,38 km/hr,19340
67215,Vijayawada - Bhadrachalam Road MEMU,MEMU,SCoR,,,BZA,8:15,BDCR,13:25,5h 10m,22,S M T W T F S,,176 km,34 km/hr,67216
67768,Vijayawada - Dornakal MEMU,MEMU,SCR,,,BZA,18:20,DKJ,21:40,3h 20m,15,S M T W T F S,,122 km,37 km/hr,67767
54018,Bhiwani - Rohtak Passenger (UnReserved),Pass,NR,,,BNW,18:35,ROK,20:25,1h 50m,5,S M T W T F S,,49 km,27 km/hr,
54041,Kurukshetra - Jind Passenger (UnReserved),Pass,NR,,,KKDE,18:20,JIND,21:05,2h 45m,16,S M T W T F S,,120 km,44 km/hr,54040
67764,Kazipet - Secunderabad MEMU,MEMU,SCR,,,KZJ,5:35,SC,9:10,3h 35m,12,S M T W T F S,,132 km,37 km/hr,67763
77631,Bidar - Kalaburagi (Gulbarga) DEMU,DEMU,SCR,,,BIDR,7:10,KLBG,10:10,3h 0m,8,M T W T F S,,125 km,42 km/hr,77632
17660,Kakatiya Express,Exp,SCR,,,BDCR,5:10,SC,11:40,6h 30m,26,S M T W T F S,2S CC,281 km,43 km/hr,17659
12618,Mangala Lakshadweep Express (PT),SF,SR,,,NZM,5:35,ERS,8:00,50h 25m,41,S M T W T F S,SL 3A 2A 3E,2761 km,55 km/hr,12617
13154,Gour Express (PT),Exp,ER,,,MLDT,21:20,SDAH,4:40,7h 20m,10,S M T W T F S,SL 3A 2A 1A,350 km,48 km/hr,13153
20853,Bhubaneswar - MGR Chennai Central SF Express (PT),SF,ECoR,,,BBS,12:10,MAS,8:20,20h 10m,19,T,SL 3A 2A,1225 km,61 km/hr,20854
19019,Bandra Terminus - Haridwar Express (PT),Exp,WR,,,BDTS,0:20,HW,7:50,31h 30m,74,S M T W T F S,SL 3A 2A 1A 3E,1619 km,51 km/hr,19020
15933,New Tinsukia - Amritsar Express (PT),Exp,NFR,,,NTSK,9:45,ASR,21:05,59h 20m,40,T,SL 3A 2A 1A,2812 km,47 km/hr,15934
17064,Ajanta Express (PT),Exp,SCR,,,KCG,18:30,MMR,8:30,14h 0m,20,S M T W T F S,SL 3A 2A 1A,626 km,45 km/hr,17063
68026,Saranda MEMU,MEMU,SER,,,ROU,16:00,CKP,18:35,2h 35m,12,S M T W T F S,,101 km,39 km/hr,68025
12209,Kanpur Central - Kathgodam Garib Rath Express,GR,NR,,,CNB,6:05,KGM,15:50,9h 45m,8,T,3A,459 km,47 km/hr,12210
12617,Mangala Lakshadweep SF Express (PT),SF,SR,,,ERS,10:30,NZM,13:35,51h 5m,47,S M T W T F S,SL 3A 2A 3E,2761 km,54 km/hr,12618
18011,Howrah - Chakradharpur Express,Exp,SER,,,HWH,23:30,CKP,11:15,11h 45m,38,S M T W T F S,SL 3A 2A 1A,439 km,37 km/hr,18012
11033,Pune - Darbhanga Express (PT),Exp,CR,,,PUNE,16:15,DBG,7:10,38h 55m,28,W,SL 3A 2A,1943 km,50 km/hr,11034
10104,Mandovi Express (PT),Exp,KR,,,MAO,8:30,CSMT,21:45,13h 15m,18,S M T W T F S,SL 3A 2A 1A 3E,581 km,44 km/hr,10103
15051,Purvanchal Express (via Narkatiaganj) (PT),Exp,NER,,,KOAA,14:35,GKP,8:15,17h 40m,21,F,SL 3A 2A 1A,877 km,50 km/hr,15052
17243,Guntur - Rayagada Express (PT),Exp,SCoR,,,GNT,23:00,RGDA,13:40,14h 40m,30,S M T W T F S,SL 3A 2A,568 km,39 km/hr,17244
17625,Delta Express (PT),Exp,SCR,,,KCG,22:20,RAL,6:25,8h 5m,12,S M T W T F S,SL 3A 2A,347 km,43 km/hr,17626
10103,Mandovi Express,Exp,KR,,,CSMT,7:10,MAO,21:55,14h 45m,18,S M T W T F S,SL 3A 2A 1A 3E,581 km,39 km/hr,10104
18257,Bilaspur - Chirimiri Express,Exp,SECR,,,BSP,23:40,CHRM,6:00,6h 20m,11,S M T W T F S,SL 3A,238 km,38 km/hr,18258
13029,Howrah - Mokama Express,Exp,ER,,,HWH,23:20,MKA,10:40,11h 20m,49,S M T W T F S,SL 3A,455 km,40 km/hr,13030
12107,Mumbai LTT - Sitapur Jn. SF Express (PT),SF,CR,,,LTT,16:25,STP,17:35,25h 10m,12,M W S,SL 3A 2A,1493 km,59 km/hr,12108
15049,Purvanchal Express (Via Mau) (PT),Exp,NER,,,KOAA,14:35,GKP,9:25,18h 50m,24,S W,SL 3A 2A 1A,883 km,47 km/hr,15050
16552,Ashokapuram - MGR Chennai Central Express,Exp,SWR,,,AP,4:45,MAS,14:35,9h 50m,25,S M T W T F S,2S CC,502 km,51 km/hr,16551
19316,Veer Bhumi Express,Exp,WR,,,ASV,14:10,INDB,7:00,16h 50m,31,S M T W T F S,SL 3A 2A 1A,774 km,46 km/hr,19315
11109,Virangana Lakshmibai Jhansi - Lucknow Jn. Intercity Express,Exp,NCR,,,VGLJ,6:05,LJN,12:00,5h 55m,9,S M T W T F S,2S CC 3A 2A,292 km,49 km/hr,11110
18309,Sambalpur - Jammu Tawi Express (PT),Exp,ECoR,,,SBP,10:40,JAT,15:00,52h 20m,69,M T T S,SL 3A 2A,2348 km,45 km/hr,18310
11088,Pune - Veraval Express (PT),Exp,CR,,,PUNE,20:10,VRL,16:25,20h 15m,23,T,SL 3A 2A,1061 km,52 km/hr,11087
18047,Shalimar - Vasco-da-Gama Amaravati Express (PT),Exp,SER,,,SHM,23:10,VSG,16:10,41h 0m,41,M T T S,SL 3A 2A,2119 km,52 km/hr,18048
14888,Barmer - Rishikesh Express,Exp,NWR,,,BME,8:00,RKSH,9:40,25h 40m,42,S M T W T F S,SL 3A 2A,1190 km,46 km/hr,14887
12556,Gorakhdham SF Express (PT),SF,NER,,,BTI,14:15,GKP,10:00,19h 45m,20,S M T W T F S,SL 3A 2A 1A,1120 km,57 km/hr,12555
17640,Akola - Kacheguda Intercity Express,Exp,SCR,,,AK,9:30,KCG,20:35,11h 5m,18,T,2S 3A,515 km,46 km/hr,17639
16160,Mangaluru Central - Chennai Egmore Express (PT),Exp,SR,,,MAQ,6:45,MS,3:35,20h 50m,49,S M T W T F S,2S SL 3A 2A,986 km,47 km/hr,16159
13350,Patna - Singrauli Express,Exp,ECR,,,PNBE,19:15,SGRL,7:15,12h 0m,26,S M T W T F S,SL 3A 2A,478 km,40 km/hr,13349
13159,Kolkata - Jogbani Express (PT),Exp,ER,,,KOAA,21:45,JBN,11:00,13h 15m,16,M W F,SL 3A 2A 3E,547 km,41 km/hr,13160
12447,Uttar Pradesh Sampark Kranti Express (PT),SKr,NR,,,MKP,18:00,NZM,5:22,11h 22m,10,S M T W T F S,SL 3A 2A 1A 3E,694 km,61 km/hr,12448
17405,Krishna Express (PT),Exp,SCoR,,,TPTY,5:40,ADB,6:15,24h 35m,55,S M T W T F S,SL 3A,1139 km,46 km/hr,17406
12410,Hazrat Nizamuddin - Raigarh Gondwana Express,SF,NR,,,NZM,15:05,RIG,18:05,27h 0m,34,M T W T S,SL 3A 2A 1A 3E,1629 km,60 km/hr,12409
15004,Chauri Chaura Express,Exp,NER,,,GKP,23:15,CPA,12:20,13h 5m,27,S M T W T F S,SL 3A 2A 1A,552 km,42 km/hr,15003
12972,Bhavnagar Terminus - Bandra Terminus SF Express (PT),SF,WR,,,BVC,18:30,BDTS,8:20,13h 50m,19,S M T W T F S,SL 3A 2A 1A,780 km,56 km/hr,12971
12446,Uttar Sampark Kranti Express (PT),SKr,NR,,,SVDK,19:50,NDLS,6:55,11h 5m,10,S M T W T F S,SL 3A 2A 1A 3E,655 km,59 km/hr,12445
22991,Valsad - Bhagat Ki Kothi SF Express,SF,WR,,,BL,18:30,BGKT,8:00,13h 30m,16,T,SL 3A 2A,752 km,56 km/hr,22992
20112,Konkan Kanya SF Express (PT),SF,KR,,,MAO,18:00,CSMT,5:40,11h 40m,17,S M T W T F S,SL 3A 2A 1A 3E,581 km,50 km/hr,20111
12986,Delhi Sarai Rohilla - Jaipur AC Double Decker Express,DD,NWR,,,DEE,17:25,JP,22:00,4h 35m,5,S M T W T F S,CC Ex,304 km,66 km/hr,12985
63543,Asansol - NSCB Jn. Gomoh MEMU,MEMU,ER,,,ASN,18:00,GMO,20:15,2h 15m,16,S M T W T F S,,88 km,39 km/hr,63544
20111,Konkan Kanya SF Express (PT),SF,KR,,,CSMT,23:02,MAO,11:40,12h 38m,17,S M T W T F S,SL 3A 2A 1A 3E,581 km,46 km/hr,20112
17201,Golconda Express,Exp,SCoR,,,GNT,6:00,SC,14:05,8h 5m,22,S M T W T F S,2S CC 3E,380 km,47 km/hr,17202
52456,Himalayan Queen,Toy,NR,,,SML,18:40,KLK,23:35,4h 55m,6,S M T W T F S,CC FC,94 km,19 km/hr,52455
52455,Himalayan Queen,Toy,NR,,,KLK,11:55,SML,16:55,5h 0m,6,S M T W T F S,CC FC,94 km,19 km/hr,52456
16381,Pune - Kanniyakumari Express (PT),Exp,SR,,,PUNE,23:45,CAPE,11:55,36h 10m,55,S M T W T F S,SL 3A 2A 3E,1941 km,54 km/hr,16382
12208,Jammu Tawi - Kathgodam Garib Rath Express,GR,NR,,,JAT,23:20,KGM,13:40,14h 20m,14,S,3A,768 km,54 km/hr,12207
18603,Ranchi - Godda Express (via Kiul),Exp,SER,,,RNC,14:50,GODA,6:20,15h 30m,25,T T S,SL 3A 2A 1A,612 km,39 km/hr,18604
13173,Sealdah - Sabroom Kanchanjungha Express (PT),Exp,ER,,,SDAH,6:50,SBRM,21:10,38h 20m,49,S T T F,SL 3A 2A,1665 km,43 km/hr,13174
12450,Goa Sampark Kranti Express,SKr,NR,,,CDG,2:17,MAO,13:30,35h 13m,14,M S,SL 3A 2A 1A 3E,2162 km,61 km/hr,12449
13247,Kamakhya - Ara Capital Express (PT),Exp,ECR,,,KYQ,5:35,ARA,5:45,24h 10m,45,T W T F,SL 3A 2A 1A 3E,1005 km,42 km/hr,13248
12396,Ziyarat Express (PT),SF,ECR,,,AII,0:45,RJPB,23:30,22h 45m,16,F,SL 3A 2A 1A 3E,1293 km,57 km/hr,12395
16516,Karwar - Yesvantpur Express,Exp,SWR,,,KAWR,5:30,YPR,20:50,15h 20m,23,T T S,2S SL CC 3E EV,611 km,40 km/hr,16515
13149,Kanchankanya Express (PT),Exp,ER,,,SDAH,20:30,APDJ,12:40,16h 10m,28,S M T W T F S,SL 3A 2A 1A 3E,753 km,47 km/hr,13150
22533,Gorakhpur - Yesvantpur SF Express (PT),SF,NER,,,GKP,6:33,YPR,2:45,44h 12m,22,M,SL 3A 2A 1A,2512 km,57 km/hr,22534
18518,Visakhapatnam - Korba Express (PT),Exp,SCoR,,,VSKP,21:00,KRBA,11:15,14h 15m,28,S M T W T F S,SL 3A 2A 1A 3E,729 km,51 km/hr,18517
15960,Kamrup Express (via Guwahati) (PT),Exp,NFR,,,DBRG,19:45,HWH,4:40,32h 55m,59,M T W F S,SL 3A 2A,1532 km,47 km/hr,15959
12449,Goa Sampark Kranti Express,SKr,NR,,,MAO,10:00,CDG,18:25,32h 25m,14,T W,SL 3A 2A 1A 3E,2162 km,67 km/hr,12450
16333,Veraval - Thiruvananthapuram Central Express (PT),Exp,SR,,,VRL,6:55,TVC,7:15,48h 20m,57,T,SL 3A 2A 3E,2404 km,50 km/hr,16334
18517,Korba - Visakhapatnam Express (PT),Exp,SCoR,,,KRBA,16:10,VSKP,6:45,14h 35m,28,S M T W T F S,SL 3A 2A 1A 3E,729 km,50 km/hr,18518
15959,Kamrup Express (via Guwahati) (PT),Exp,NFR,,,HWH,18:35,DBRG,4:25,33h 50m,59,S T W T S,SL 3A 2A,1532 km,45 km/hr,15960
56818,Tiruchchirappalli – Karaikal Passenger (UnReserved),Pass,SR,,,TPJ,6:45,KIK,10:55,4h 10m,27,S M T W T F S,,145 km,35 km/hr,56817
22660,Yog Nagari Rishikesh - Thiruvananthapuram North (Kochuveli) SF Express,SF,SR,,,YNRK,6:15,TVCN,14:30,56h 15m,28,M,SL 3A 2A 3E,3112 km,55 km/hr,22659
17015,Visakha Express (PT),Exp,SCR,,,BBSN,8:00,SC,7:45,23h 45m,41,S M T W T F S,SL 3A 2A 1A,1148 km,48 km/hr,17016
54331,Lucknow - Balamau Passenger (UnReserved),Pass,NR,,,LKO,18:30,BLM,20:45,2h 15m,8,S W,,68 km,30 km/hr,54332
22659,Thiruvananthapuram North (Kochuveli) - Yog Nagari Rishikesh SF Express (PT),SF,SR,,,TVCN,4:50,YNRK,13:40,56h 50m,27,F,SL 3A 2A 3E,3112 km,55 km/hr,22660
11272,Vindhyachal Express,Exp,WCR,,,BPL,18:20,ET,13:50,19h 30m,38,S M T W T F S,SL 3A,735 km,38 km/hr,11271
13415,Malda Town - Patna Express (PT),Exp,ER,,,MLDT,20:20,PNBE,5:45,9h 25m,17,S W F,SL 3A 2A,403 km,43 km/hr,13416
56271,Shivamogga Town - Chikkamagaluru Passenger (UnReserved),Pass,SWR,,,SMET,18:30,CMGR,21:40,3h 10m,11,S M T W T F S,,114 km,36 km/hr,56272
74985,Bathinda - Fazilka DEMU,DEMU,NR,,,BTI,6:40,FKA,10:10,3h 30m,17,S M T W T F S,,123 km,35 km/hr,74988
52951,Delvada - Junagadh MG Passenger (UnReserved),Pass,WR,,,DVA,11:00,JND,18:10,7h 10m,17,S M T W T F S,,160 km,22 km/hr,52952
59206,Porbandar - Kanalus Passenger (UnReserved),Pass,WR,,,PBR,10:15,KNLS,12:55,2h 40m,9,S M T W T F S,,105 km,39 km/hr,59205
18604,Godda - Ranchi Express (via Kiul),Exp,SER,,,GODA,14:05,RNC,6:00,15h 55m,26,S W F,SL 3A 2A 1A,612 km,38 km/hr,18603
13310,Prayagraj - Chopan Express (UnReserved),Exp,ECR,,,PRYJ,14:50,CPU,23:25,8h 35m,21,S M T W T F S,,223 km,26 km/hr,13309
18613,Ranchi - Chopan Express (via Barkakana) (UnReserved),Exp,SER,,,RNC,7:45,CPU,17:40,9h 55m,19,M T S,,476 km,48 km/hr,18614
54321,Balamau - Sitapur Jn. Passenger (UnReserved),Pass,NR,,,BLM,7:45,STP,13:15,5h 30m,11,S M T W T F S,,64 km,12 km/hr,54322
55092,Sitapur City - Gonda Passenger (UnReserved),Pass,NER,,,SPC,6:10,GD,12:30,6h 20m,24,S M T W T F S,,164 km,26 km/hr,55091
66601,Erode - Coimbatore MEMU,MEMU,SR,,,ED,7:30,CBE,10:00,2h 30m,13,S M T W T F S,,101 km,40 km/hr,66602
59234,Bhavnagar Terminus - Surendranagar Passenger (UnReserved),Pass,WR,,,BVC,13:30,SUNR,17:55,4h 25m,18,S M T W T F S,,170 km,38 km/hr,59233
17651,Chengalpattu - Kacheguda Express (PT),Exp,SCR,,,CGL,15:35,KCG,7:55,16h 20m,20,M W T S,SL 3A 2A,825 km,51 km/hr,17652
15052,Purvanchal Express (via Narkatiaganj),Exp,NER,,,GKP,10:05,KOAA,4:40,18h 35m,22,T,SL 3A 2A 1A,877 km,47 km/hr,15051
12361,Asansol - Mumbai CSMT SF Express (PT),SF,ER,,,ASN,19:35,CSMT,6:00,34h 25m,19,S,SL 3A 2A,2040 km,59 km/hr,12362
57402,Hubballi - Tirupati Intercity Passenger,Pass,SCoR,,,UBL,6:00,TPTY,22:10,16h 10m,61,S M T W T F S,SL 3A,578 km,36 km/hr,57401
63219,Danapur - Buxar MEMU,MEMU,ECR,,,DNR,10:10,BXR,14:50,4h 40m,24,S M T W T F S,,108 km,23 km/hr,63220
56775,Tirunelveli - Sengottai Passenger (UnReserved),Pass,SR,,,TEN,18:10,SCT,20:25,2h 15m,15,S M T W T F S,,80 km,36 km/hr,56776
20411,Delhi - Saharanpur MEMU SF Express (UnReserved),SF,NR,,,DLI,9:40,SRE,12:55,3h 15m,4,S M T W T F S,,181 km,56 km/hr,20412
17244,Rayagada - Guntur Express (PT),Exp,SCoR,,,RGDA,14:50,GNT,4:50,14h 0m,30,S M T W T F S,SL 3A 2A,568 km,41 km/hr,17243
15657,Brahmaputra Mail (PT),Exp,NFR,,,DLI,23:40,KYQ,13:25,37h 45m,45,S M T W T F S,SL 3A 2A 1A,2033 km,54 km/hr,15658
13545,Asansol - Gaya MEMU Express (UnReserved),Exp,ER,,,ASN,13:45,GAYA,21:50,8h 5m,47,S M T W T F S,,258 km,32 km/hr,13546
63142,Godda - Sealdah MEMU,MEMU,ER,,,GODA,9:45,SDAH,18:35,8h 50m,41,S M T W T F S,,364 km,41 km/hr,63141
18524,Banaras - Visakhapatnam Express (PT),Exp,SCoR,,,BNRS,14:50,VSKP,19:45,28h 55m,43,M T,SL 3A 2A 1A 3E,1405 km,49 km/hr,18523
22307,Howrah - Bikaner SF Express (PT),SF,ER,,,HWH,6:45,BKN,6:15,47h 30m,30,M T F,SL 3A 2A 1A,1882 km,40 km/hr,22308
68407,Baleshwar - Bhubaneswar MEMU,MEMU,ECoR,,,BLS,4:55,BBS,10:00,5h 5m,38,S M T W T F S,,206 km,40 km/hr,68408
53001,Howrah - Azimganj Passenger (UnReserved),Pass,ER,,,HWH,16:05,AZ,21:40,5h 35m,41,S M T W T F S,,217 km,39 km/hr,53002
55031,Gorakhpur - Gonda Passenger (UnReserved),Pass,NER,,,GKP,18:25,GD,0:10,5h 45m,23,S M T W T F S,,152 km,26 km/hr,55032
53002,Azimganj - Howrah Passenger (UnReserved),Pass,ER,,,AZ,22:00,HWH,3:10,5h 10m,34,S M T W T F S,,217 km,42 km/hr,53001
18247,Bilaspur - Rewa Express,Exp,SECR,,,BSP,19:20,REWA,6:05,10h 45m,26,S M T W T F S,SL 3A,467 km,43 km/hr,18248
56617,Kozhikode - Kannur Passenger (UnReserved),Pass,SR,,,CLT,14:05,CAN,17:20,3h 15m,18,S M T W T F S,,89 km,27 km/hr,56632
66604,Shoranur Jn. - Coimbatore MEMU,MEMU,SR,,,SRR,14:50,CBE,18:00,3h 10m,11,M T W T F S,,100 km,32 km/hr,66603
55039,Narkatiaganj - Barhni Passenger (UnReserved),Pass,NER,,,NKE,16:45,BNY,2:45,10h 0m,31,S M T W T F S,,263 km,26 km/hr,55040
55032,Gonda - Gorakhpur Passenger (UnReserved),Pass,NER,,,GD,4:15,GKP,9:05,4h 50m,23,S M T W T F S,,152 km,31 km/hr,55031
55041,Siwan - Gorakhpur Cantt. Passenger (via Deoria Sadar) (UnReserved),Pass,NER,,,SV,5:40,GKC,9:25,3h 45m,15,S M T W T F S,,115 km,31 km/hr,55042
53642,Pt. Deen Dayal Upadhyaya Jn. - Dildarnagar Passenger (UnReserved),Pass,ECR,,,DDU,6:05,DLN,7:55,1h 50m,7,S M T W T F S,,58 km,31 km/hr,53641
55033,Gonda - Sitapur Jn. Passenger (UnReserved),Pass,NER,,,GD,4:45,STP,9:15,4h 30m,20,S M T W T F S,,159 km,35 km/hr,55034
59228,Bhavnagar Terminus - Surendranagar Passenger (UnReserved),Pass,WR,,,BVC,5:05,SUNR,9:15,4h 10m,19,S M T W T F S,,170 km,41 km/hr,59227
56833,Karaikkudi -Virudhunagar Passenger (UnReserved),Pass,SR,,,KKDI,18:10,VPT,21:30,3h 20m,9,S M T W T F S,,128 km,38 km/hr,56834
59711,Suratgarh - Anupgarh Passenger (UnReserved),Pass,NWR,,,SOG,7:35,APH,9:25,1h 50m,7,S M T W T F S,,77 km,42 km/hr,59712
56758,Tiruchendur - Tirunelveli Passenger (UnReserved),Pass,SR,,,TCN,18:15,TEN,19:45,1h 30m,10,S M T W T F S,,61 km,41 km/hr,56757
15724,Siliguri Town - Jogbani Intercity Express,Exp,NFR,,,SGUT,19:00,JBN,2:45,7h 45m,12,M T T F S,2S CC,314 km,41 km/hr,15723
12218,Kerala Sampark Kranti Express,SKr,NR,,,CDG,9:30,TVCN,14:30,53h 0m,24,W F,SL 3A 2A 1A 3E,3090 km,58 km/hr,12217
12197,Bhopal - Gwalior Intercity Express,SF,NCR,,,BPL,15:10,GWL,23:55,8h 45m,13,S M T W T F S,SL 3A,484 km,55 km/hr,12198
12260,Bikaner - Sealdah AC Duronto Express,Drnt,ER,,,BKN,12:10,SDAH,13:30,25h 20m,10,M T T F,3A 2A 1A,1920 km,76 km/hr,12259
12262,Howrah - Mumbai CSMT AC Duronto Express,Drnt,SER,,,HWH,5:35,CSMT,8:15,26h 40m,8,M T W F,3A 2A 1A,1964 km,74 km/hr,12261
15722,Paharia Express (PT),Exp,NFR,,,NJP,19:50,DGHA,11:55,16h 5m,20,F,SL 3A 2A 1A 3E,779 km,48 km/hr,15721
15721,Paharia Express (PT),Exp,NFR,,,DGHA,17:05,NJP,9:30,16h 25m,20,S,SL 3A 2A 1A 3E,779 km,47 km/hr,15722
67770,Guntur - Vijayawada MEMU,MEMU,SCR,,,GNT,14:10,BZA,15:30,1h 20m,4,S M T W T F S,,32 km,24 km/hr,67769
64601,Manikpur - Kanpur Central MEMU,MEMU,NCR,,,MKP,15:40,CNB,22:40,7h 0m,26,S M T W T F S,,244 km,35 km/hr,64602
69161,Panvel - Dahanu Road MEMU,MEMU,WR,,,PNVL,19:05,DRD,22:32,3h 27m,19,S M T W T F S,FC,137 km,40 km/hr,69164
54102,Kanpur Anwarganj - Prayagraj Sangam Passenger (UnReserved),Pass,NCR,,,CPA,2:35,PYGS,9:55,7h 20m,34,S M T W T F S,,214 km,29 km/hr,54101
63108,Lalgola - Sealdah MEMU,MEMU,ER,,,LGL,5:02,SDAH,10:05,5h 3m,33,S M T W T F S,,228 km,45 km/hr,63105
51909,Idgah Agra - Bharatpur Passenger (UnReserved),Pass,NCR,,,IDH,20:20,BTE,21:55,1h 35m,6,M T W T F S,,51 km,32 km/hr,51910
56937,Belagavi - Miraj Passenger (UnReserved),Pass,SWR,,,BGM,5:45,MRJ,9:15,3h 30m,15,S M T W T F S,,138 km,39 km/hr,56938
55803,New Bongaigaon - Guwahati Passenger (via Goalpara Town) (UnReserved),Pass,NFR,,,NBQ,16:45,GHY,21:45,5h 0m,17,S M T W T F S,,182 km,36 km/hr,55804
15704,Bongaigaon - New Jalpaiguri Intercity Express (UnReserved),Exp,NFR,,,BNGN,6:15,NJP,16:20,10h 5m,29,S M T W T F S,,253 km,25 km/hr,15703
15703,New Jalpaiguri - Bongaigaon Intercity Express (UnReserved),Exp,NFR,,,NJP,6:25,BNGN,15:30,9h 5m,29,S M T W T F S,,253 km,28 km/hr,15704
12936,Surat - Bandra Terminus InterCity Express,SF,WR,,,ST,16:25,BDTS,20:45,4h 20m,10,S M T W T F S,2S CC,252 km,58 km/hr,12935
75755,Katihar - Jogbani DEMU,DEMU,NFR,,,KIR,14:45,JBN,17:45,3h 0m,13,S M T W T F S,,108 km,36 km/hr,75756
12290,Nagpur - Mumbai CSMT Duronto Express,Drnt,CR,,,NGP,19:50,CSMT,7:50,12h 0m,4,S M T W T F S,SL 3A 2A 1A,835 km,70 km/hr,12289
64647,Khajuraho - Lalitpur MEMU,MEMU,NCR,,,KURJ,7:00,LAR,11:00,4h 0m,12,S M T W T F S,,166 km,41 km/hr,64648
12289,Mumbai CSMT - Nagpur Duronto Express,Drnt,CR,,,CSMT,20:35,NGP,8:25,11h 50m,5,S M T W T F S,SL 3A 2A 1A,835 km,71 km/hr,12290
75723,New Bongaigaon - Guwahati DEMU,DEMU,NFR,,,NBQ,5:10,GHY,10:10,5h 0m,17,S M T W T F S,,182 km,36 km/hr,75724
12169,Pune - Solapur Intercity SF Express,SF,CR,,,PUNE,9:25,SUR,13:15,3h 50m,3,S M T W T F S,2S CC,262 km,68 km/hr,12170
64621,Idgah Agra - Bandikui MEMU,MEMU,NCR,,,IDH,8:50,BKI,12:10,3h 20m,20,M T W T F S,,148 km,44 km/hr,64622
75745,Katihar - Jogbani DEMU,DEMU,NFR,,,KIR,12:15,JBN,15:45,3h 30m,17,S M T W T F S,,108 km,31 km/hr,75746
75746,Jogbani - Katihar DEMU,DEMU,NFR,,,JBN,16:35,KIR,20:00,3h 25m,17,S M T W T F S,,108 km,32 km/hr,75745
12906,Shalimar - Porbandar SF Express (PT),SF,WR,,,SHM,20:15,PBR,15:20,43h 5m,30,F S,SL 3A 2A 1A,2543 km,59 km/hr,12905
15903,Dibrugarh - Chandigarh Express (PT),Exp,NFR,,,DBRG,9:00,CDG,13:15,52h 15m,34,M F,SL 3A 2A,2639 km,51 km/hr,15904
22621,Rameswaram - Kanniyakumari SF Express,SF,SR,,,RMM,20:50,CAPE,4:05,7h 15m,7,M W S,SL 3A,407 km,56 km/hr,22622
22622,Kanniyakumari - Rameswaram SF Express (PT),SF,SR,,,CAPE,23:00,RMM,6:15,7h 15m,8,S T T,SL 3A,407 km,56 km/hr,22621
12268,Hapa - Mumbai Central Duronto Express,Drnt,WR,,,HAPA,20:05,MMCT,8:05,12h 0m,3,S M T W T F S,2S 3A 2A 1A 3E,815 km,68 km/hr,12267
12168,Banaras - Mumbai LTT SF Express (PT),SF,CR,,,BNRS,10:10,LTT,12:45,26h 35m,13,S M T W T F S,SL 3A 2A 1A,1494 km,56 km/hr,12167
22502,New Tinsukia - SMVT Bengaluru SF Express (PT),SF,NFR,,,NTSK,17:30,SMVB,9:45,64h 15m,38,F,SL 3A 2A 1A,3543 km,55 km/hr,22501
12496,Pratap SF Express (PT),SF,NWR,,,KOAA,22:45,BKN,5:30,30h 45m,19,F,SL 3A 2A 3E,1887 km,61 km/hr,12495
12366,Ranchi - Patna Jan Shatabdi Express,JShtb,ECR,,,RNC,14:25,PNBE,22:30,8h 5m,11,S M T W T F S,2S CC,407 km,50 km/hr,12365
74628,Badgam - Banihal DEMU,DEMU,NR,,,BDGM,17:10,BAHL,19:30,2h 20m,11,S M T W T F S,,90 km,39 km/hr,74617
15109,Chhapra - Mathura Express,Exp,NER,,,CPR,5:20,MTJ,21:35,16h 15m,22,M W F,SL 3A 2A 1A 3E,878 km,54 km/hr,15110
12284,Hazrat Nizamuddin - Ernakulam Jn. Duronto Express,Drnt,NR,,,NZM,21:40,ERS,18:15,44h 35m,10,S,2S SL 3A 2A 1A,2639 km,59 km/hr,12283
12286,Hazrat Nizamuddin - Secunderabad Duronto Express,Drnt,SCR,,,NZM,15:55,SC,14:35,22h 40m,4,M F,2S SL 3A 2A 1A,1660 km,73 km/hr,12285
12277,Howrah - Puri Shatabdi Express,Shtb,ECoR,,,HWH,14:15,PURI,22:10,7h 55m,6,S M T W T F S,CC Ex,500 km,63 km/hr,12278
20504,New Delhi - Dibrugarh Rajdhani Express (via Moranhat),Raj,NFR,,,NDLS,11:25,DBRG,5:00,41h 35m,24,M T W F S,3A 2A 1A,2471 km,59 km/hr,20503
20503,Dibrugarh - New Delhi Rajdhani Express (via Moranhat),Raj,NFR,,,DBRG,19:40,NDLS,13:38,41h 58m,24,S T W T S,3A 2A 1A,2471 km,59 km/hr,20504
14004,New Delhi - Malda Town Express,Exp,NR,,,NDLS,18:00,MLDT,23:35,29h 35m,22,S T,SL 3A 2A 1A,1424 km,48 km/hr,14003
15643,Puri - Kamakhya Express (via Howrah) (PT),Exp,NFR,,,PURI,22:10,KYQ,5:20,31h 10m,27,S,SL 3A 2A,1520 km,49 km/hr,15644
15725,New Jalpaiguri - Anand Vihar Terminal Express (PT),Exp,NFR,,,NJP,8:30,ANVT,12:00,27h 30m,16,T S,SL 3A 2A 1A 3E,1488 km,54 km/hr,15726
15726,Anand Vihar Terminal - New Jalpaiguri Express,Exp,NFR,,,ANVT,15:20,NJP,18:45,27h 25m,16,S W,SL 3A 2A 1A 3E,1488 km,54 km/hr,15725
22624,Mahal SF Express (PT),SF,SR,,,MDU,20:40,TBM,6:15,9h 35m,8,T S,SL 3A 2A,533 km,56 km/hr,22623
15269,Muzaffarpur - Sabarmati Jan Sadharan Express (UnReserved),Exp,ECR,,,MFP,21:20,SBIB,7:25,34h 5m,24,T,,1751 km,51 km/hr,15270
66317,Punalur - Kollam MEMU,MEMU,SR,,,PUU,19:35,QLN,21:00,1h 25m,8,S M T W T F S,,44 km,31 km/hr,66318
12217,Kerala Sampark Kranti Express (PT),SKr,NR,,,TVCN,4:50,CDG,9:50,53h 0m,24,M S,SL 3A 2A 1A 3E,3090 km,58 km/hr,12218
16650,Parasuram Express,Exp,SR,,,CAPE,3:45,MAQ,21:20,17h 35m,54,S M T W T F S,2S CC,719 km,41 km/hr,16649
16649,Parasuram Express,Exp,SR,,,MAQ,5:00,CAPE,21:30,16h 30m,55,S M T W T F S,2S CC,719 km,44 km/hr,16650
20636,Ananthapuri Superfast Express (PT),SF,SR,,,QLN,14:55,MS,6:05,15h 10m,27,S M T W T F S,SL 3A 2A 1A,858 km,57 km/hr,20635
57404,Guntakal - Tirupati Passenger (UnReserved),Pass,SCoR,,,GTL,7:45,TPTY,16:55,9h 10m,35,S M T W T F S,,371 km,40 km/hr,57403
22108,Latur - Mumbai CSMT SF Express (PT),SF,CR,,,LUR,22:30,CSMT,8:00,9h 30m,9,M T W F,SL 3A 2A 1A,528 km,56 km/hr,22107
22906,Shalimar - Okha Weekly SF Express (PT),SF,WR,,,SHM,20:15,OKHA,16:00,43h 45m,30,T,SL 3A 2A 1A,2581 km,59 km/hr,22905
16729,Madurai - Punalur Express (PT),Exp,SR,,,MDU,23:15,PUU,9:55,10h 40m,35,S M T W T F S,SL 3A,409 km,38 km/hr,16730
68025,Saranda MEMU,MEMU,SER,,,CKP,6:20,ROU,8:40,2h 20m,12,S M T W T F S,,101 km,43 km/hr,68026
55333,Kasganj - Agra Fort Passenger (UnReserved),Pass,NER,,,KSJ,7:55,AF,13:20,5h 25m,21,S M T W T F S,,166 km,31 km/hr,55334
55334,Agra Fort - Kasganj Passenger (UnReserved),Pass,NER,,,AF,15:20,KSJ,20:50,5h 30m,21,S M T W T F S,,166 km,30 km/hr,55333
19622,Rewari - Phulera Express (UnReserved),Exp,NWR,,,RE,19:35,FL,0:40,5h 5m,26,S M T W T F S,,216 km,42 km/hr,19621
51907,Idgah Agra - Bharatpur Passenger (UnReserved),Pass,NCR,,,IDH,5:40,BTE,7:35,1h 55m,6,M T W T F S,,51 km,27 km/hr,51908
54329,Balamau - Shahjahanpur Passenger (UnReserved),Pass,NR,,,BLM,18:10,SPN,21:45,3h 35m,13,S M T W T F S,,96 km,27 km/hr,54330
75762,Jogbani - Katihar DEMU,DEMU,NFR,,,JBN,4:15,KIR,7:30,3h 15m,13,S M T W T F S,,108 km,33 km/hr,75761
75758,Jogbani - Katihar DEMU,DEMU,NFR,,,JBN,7:15,KIR,10:10,2h 55m,17,S M T W T F S,,108 km,37 km/hr,75753
75754,Jogbani - Katihar DEMU,DEMU,NFR,,,JBN,10:15,KIR,13:20,3h 5m,17,S M T W T F S,,108 km,35 km/hr,75753
75760,Jogbani - Katihar DEMU,DEMU,NFR,,,JBN,14:15,KIR,17:25,3h 10m,13,S M T W T F S,,108 km,34 km/hr,75759
68180,Baripada - Baleshwar MEMU,MEMU,SER,,,BPO,12:50,BLS,14:45,1h 55m,9,M T W T F S,,70 km,36 km/hr,68181
19208,Rajkot - Porbandar Express (UnReserved),Exp,WR,,,RJT,16:00,PBR,21:15,5h 15m,16,S M T W T F S,,202 km,38 km/hr,19207
75753,Katihar - Jogbani DEMU,DEMU,NFR,,,KIR,6:30,JBN,9:45,3h 15m,17,S M T W T F S,,108 km,33 km/hr,75758
74626,Baramula - Banihal DEMU,DEMU,NR,,,BRML,7:00,BAHL,10:40,3h 40m,16,S M T W T F S,,135 km,37 km/hr,74629X
12539,Yesvantpur - Lucknow SF Express (via Perambur),SF,SWR,,,YPR,13:30,LKO,10:55,45h 25m,17,W,SL 3A 2A,2591 km,57 km/hr,12540
22194,Gwalior - Daund Weekly SF Express (PT),SF,NCR,,,GWL,17:15,DD,19:10,25h 55m,22,S,SL 3A 2A 3E,1445 km,56 km/hr,22193
12549,Durg - MCTM Udhampur SF Express (via Delhi Safdarjung) (PT),SF,SECR,,,DURG,12:15,MCTM,20:05,31h 50m,18,T,SL 3A 2A 1A 3E,1919 km,60 km/hr,12550
12222,Howrah - Pune AC Duronto Express,Drnt,SER,,,HWH,5:35,PUNE,9:45,28h 10m,7,T S,3A 2A 1A,2014 km,72 km/hr,12221
67230,Guntur - Vijayawada MEMU,MEMU,SCoR,,,GNT,16:25,BZA,17:45,1h 20m,4,S M T W T F S,,32 km,24 km/hr,67229
12489,Shri Ganganagar - Dadar Western SF Express (PT),SF,NWR,,,SGNR,9:45,DDR,12:50,27h 5m,26,T S,SL 3A 2A 3E,1545 km,57 km/hr,12490
22484,Gandhidham - Bhagat Ki Kothi SF Express,SF,NWR,,,GIMB,21:30,BGKT,7:15,9h 45m,13,S M T W T F S,SL 3A 2A 3E,555 km,57 km/hr,22483
12223,Mumbai LTT - Ernakulam Jn. Duronto Express,Drnt,CR,,,LTT,20:50,ERS,19:40,22h 50m,5,T S,2S SL 3A 2A 1A,1292 km,57 km/hr,12224
12224,Ernakulam Jn. - Mumbai LTT Duronto Express,Drnt,CR,,,ERS,21:30,LTT,21:55,24h 25m,5,S W,2S SL CC 3A 2A 1A,1292 km,53 km/hr,12223
75267,Sonpur - Chhapra DEMU,DEMU,ECR,,,SEE,7:10,CPR,9:10,2h 0m,11,S M T W T F S,,54 km,27 km/hr,75268
75230,Raxaul - Darbhanga DEMU,DEMU,ECR,,,RXL,10:30,DBG,15:40,5h 10m,29,S M T W T F S,,150 km,29 km/hr,75229
75288,Samastipur - Saharsa DEMU,DEMU,ECR,,,SPJ,18:05,SHC,23:58,5h 53m,24,S M T W T F S,,137 km,23 km/hr,75287
75236,Narkatiaganj - Raxaul DEMU,DEMU,ECR,,,NKE,7:35,RXL,10:05,2h 30m,13,S M T W T F S,,89 km,35 km/hr,75235
15707,Amrapali Express (PT),Exp,NFR,,,KIR,22:45,ASR,12:40,37h 55m,55,S M T W T F S,SL 3A 2A 3E,1805 km,48 km/hr,15708
63350,Samastipur - Saharsa MEMU,MEMU,ECR,,,SPJ,7:35,SHC,12:30,4h 55m,24,S M T W T F S,,137 km,28 km/hr,63349
15502,Jogbani - Raxaul Express,Exp,ECR,,,JBN,23:45,RXL,11:20,11h 35m,14,M T,SL 3A,313 km,27 km/hr,15501
22511,Mumbai LTT - Kamakhya Karmabhoomi Express (PT),SF,NFR,,,LTT,13:15,KYQ,15:35,50h 20m,29,T,SL 3A 2A 1A,2952 km,59 km/hr,22512
12546,Mumbai LTT - Raxaul Karmabhumi Express (UnReserved),SF,ECR,,,LTT,16:35,RXL,7:50,39h 15m,18,S,,2038 km,52 km/hr,12545
12134,Mangaluru Junction - Mumbai CSMT SF Express (PT),SF,CR,,,MAJN,16:35,CSMT,10:32,17h 57m,14,S M T W T F S,SL 3A 2A,893 km,50 km/hr,12133
54631,Bhiwani - Dhuri Passenger (UnReserved),Pass,NR,,,BNW,16:00,DUI,21:45,5h 45m,23,S M T W T F S,,208 km,36 km/hr,
63292,Dehri On Sone - Gaya MEMU,MEMU,ECR,,,DOS,18:20,GAYA,20:55,2h 35m,13,S M T W T F S,,85 km,33 km/hr,63291
74841,Bhagat Ki Kothi - Bhildi DEMU,DEMU,NWR,,,BGKT,7:00,BLDI,14:15,7h 15m,33,S M T W T F S,,300 km,41 km/hr,74842
74842,Bhildi - Bhagat Ki Kothi DEMU,DEMU,NWR,,,BLDI,15:10,BGKT,22:45,7h 35m,33,S M T W T F S,,300 km,40 km/hr,74841
75211,Samastipur - Sonpur DEMU,DEMU,ECR,,,SPJ,19:15,SEE,23:58,4h 43m,18,S M T W T F S,,111 km,24 km/hr,75212
75212,Sonpur - Samastipur DEMU,DEMU,ECR,,,SEE,4:05,SPJ,8:40,4h 35m,18,S M T W T F S,,111 km,24 km/hr,75211
66056,Villupuram - Tambaram MEMU,MEMU,SR,,,VM,5:10,TBM,8:25,3h 15m,17,S M T W T F S,,134 km,41 km/hr,66055
15660,Agartala - Mumbai LTT AC Express (PT),ACExp,NFR,,,AGTL,7:00,LTT,16:15,57h 15m,36,T,3A 2A 1A,3127 km,55 km/hr,15659
15659,Mumbai LTT - Agartala AC Express (PT),ACExp,NFR,,,LTT,7:50,AGTL,18:45,58h 55m,36,S,3A 2A 1A,3127 km,53 km/hr,15660
82501,Lucknow Jn. - New Delhi IRCTC Tejas Express,Tjs,NER,,,LJN,6:10,NDLS,12:40,6h 30m,3,S M W T F S,CC Ex,512 km,79 km/hr,82502
15021,Shalimar - Gorakhpur Express (PT),Exp,NER,,,SHM,19:50,GKP,19:50,24h 0m,21,T,SL 3A 2A 1A,1132 km,47 km/hr,15022
15233,Maithili Express,Exp,ECR,,,KOAA,10:45,DBG,23:35,12h 50m,9,M T,SL 3A 2A 1A 3E,540 km,42 km/hr,15234
15234,Maithili Express (PT),Exp,ECR,,,DBG,15:30,KOAA,3:30,12h 0m,9,S W,SL 3A 2A 1A 3E,540 km,45 km/hr,15233
66556,KSR Bengaluru - Marikuppam MEMU,MEMU,SWR,,,SBC,18:15,MKM,20:50,2h 35m,16,S M T W T F S,,86 km,33 km/hr,66555
66547,Krishnarajapuram - Marikuppam MEMU,MEMU,SWR,,,KJM,11:10,MKM,13:00,1h 50m,8,S M T W T F S,,72 km,39 km/hr,66548
66018,Jolarpettai - Katpadi MEMU,MEMU,SCoR,,,JTJ,12:15,KPD,14:45,2h 30m,12,S M T W T F S,,84 km,34 km/hr,66017
66017,Katpadi - Jolarpettai MEMU,MEMU,SCoR,,,KPD,9:30,JTJ,11:55,2h 25m,12,S M T W T F S,,84 km,35 km/hr,66018
16549,KSR Bengaluru - Kolar MEMU Express (UnReserved),Exp,SWR,,,SBC,18:20,KQZ,21:43,3h 23m,22,M T W T F S,,149 km,44 km/hr,16550
66571,KSR Bengaluru - Tumakuru MEMU,MEMU,SWR,,,SBC,13:30,TK,15:25,1h 55m,12,S M T W T F S,,69 km,36 km/hr,66568
56281,Chamarajanagar -Tumakuru Passenger (UnReserved),Pass,SWR,,,CMNR,7:15,TK,15:05,7h 50m,46,S M T W T F S,,267 km,34 km/hr,56282
16608,Coimbatore - Kannur Express (UnReserved),Exp,SR,,,CBE,13:50,CAN,20:56,7h 6m,31,S M T W T F S,,275 km,39 km/hr,16607
13226,Ara - Jaynagar InterCity Express,Exp,ECR,,,ARA,5:30,JYG,15:00,9h 30m,21,S M T W T F S,CC 3E,277 km,29 km/hr,13225
13225,Jaynagar - Ara InterCity Express,Exp,ECR,,,JYG,10:50,ARA,21:20,10h 30m,21,S M T W T F S,CC 3E,277 km,26 km/hr,13226
66045,Tambaram - Villupuram MEMU,MEMU,SR,,,TBM,9:40,VM,13:30,3h 50m,20,S M T W T F S,,134 km,35 km/hr,66046
66052,Puducherry - Chennai Egmore MEMU,MEMU,SR,,,PDY,15:35,MS,20:35,5h 0m,16,S M T W T F S,,196 km,39 km/hr,66051
74936,Firozpur Cantt - Jalandhar City DEMU,DEMU,NR,,,FZR,13:20,JUC,16:20,3h 0m,16,S M T W T F S,,117 km,39 km/hr,74935
66046,Villupuram - Chennai Beach MEMU,MEMU,SR,,,VM,13:30,MSB,17:45,4h 15m,36,S M T W T F S,,163 km,38 km/hr,66045
12577,Bagmati Express (PT),SF,ECR,,,DBG,15:30,MYS,20:00,52h 30m,36,T,SL 3A 2A 1A 3E,3036 km,58 km/hr,12578
12578,Bagmati Express (PT),SF,ECR,,,MYS,10:30,DBG,16:10,53h 40m,35,F,SL 3A 2A 1A 3E,3036 km,57 km/hr,12577
15284,Janki Express,Exp,ECR,,,JYG,4:30,MHI,15:45,11h 15m,24,S M T W T F S,SL,393 km,35 km/hr,15283
15634,Guwahati - Bikaner Express (PT),Exp,NFR,,,GHY,10:45,BKN,5:30,42h 45m,31,S,SL 3A 2A,2330 km,55 km/hr,15633
56615,Madgaon - Mangaluru Central Passenger (UnReserved),Pass,SR,,,MAO,14:15,MAQ,21:55,7h 40m,29,S M T W T F S,,319 km,42 km/hr,56616
18014,Bokaro Steel City - Howrah Express,Exp,SER,,,BKSC,19:25,HWH,5:35,10h 10m,30,S M T W T F S,SL 3A,367 km,36 km/hr,18013
15527,Kamla Ganga Express,Exp,ECR,,,JYG,3:15,PNBE,14:30,11h 15m,42,S M T W T F S,CC,266 km,24 km/hr,15528
15528,Kamla Ganga Express,Exp,ECR,,,PNBE,16:55,JYG,4:10,11h 15m,42,S M T W T F S,CC,266 km,24 km/hr,15527
63306,Sonpur - Katihar MEMU,MEMU,ECR,,,SEE,15:05,KIR,1:05,10h 0m,45,S M T W T F S,,274 km,27 km/hr,63305
52540,Darjeeling - New Jalpaiguri (Toy Train) Passenger,Toy,NFR,,,DJ,9:00,NJP,16:30,7h 30m,10,S M T W T F S,CC FC,84 km,11 km/hr,52541
13053,Kulik Express (PT),Exp,ER,,,HWH,8:55,RDP,19:00,10h 5m,19,S M T W T F S,2S CC 3E EV,487 km,48 km/hr,13054
13054,Kulik Express,Exp,ER,,,RDP,5:30,HWH,15:20,9h 50m,19,S M T W T F S,2S CC 3E EV,487 km,50 km/hr,13053
56210,Mysuru - Chamarajanagar Passenger (UnReserved),Pass,SWR,,,MYS,8:00,CMNR,10:10,2h 10m,12,S M T W T F S,,60 km,28 km/hr,56207
68811,Gondia - Katangi MEMU,MEMU,SECR,,,G,18:30,KGE,20:50,2h 20m,14,S M T W T F S,,87 km,37 km/hr,68812
67289,Visakhapatnam - Palasa MEMU,MEMU,SCoR,,,VSKP,7:45,PSA,13:01,5h 16m,24,S M T W T F S,,204 km,39 km/hr,67290
18601,Tatanagar - Hatia Express (UnReserved),Exp,SER,,,TATA,11:50,HTE,18:50,7h 0m,27,S M T W T F S,,219 km,31 km/hr,18602
75728,Haibargaon - Guwahati DEMU,DEMU,NFR,,,HBN,13:25,GHY,16:25,3h 0m,7,S M T W T F S,,116 km,39 km/hr,75727
74855,Bikaner - Ratangarh DEMU,DEMU,NWR,,,BKN,3:45,RTGH,7:00,3h 15m,12,S M T W T F S,,137 km,42 km/hr,74856
54753,Bathinda - Shri Ganganagar Passenger (UnReserved),Pass,NWR,,,BTI,11:50,SGNR,15:20,3h 30m,16,S M T W T F S,,126 km,36 km/hr,54754
18105,Rourkela - Jaynagar Express (PT),Exp,SER,,,ROU,16:35,JYG,11:35,19h 0m,14,T T S,SL 3A 2A,774 km,41 km/hr,18106
12745,Secunderabad - Manuguru SF Express,SF,SCR,,,SC,23:45,MUGR,5:52,6h 7m,9,S M T W T F S,SL 3A 2A,330 km,54 km/hr,12746
12746,Manuguru - Secunderabad SF Express,SF,SCR,,,MUGR,21:45,SC,3:52,6h 7m,9,S M T W T F S,SL 3A 2A,330 km,54 km/hr,12745
53211,Patna - Sasaram Passenger (UnReserved),Pass,ECR,,,PNBE,14:55,SSM,20:30,5h 35m,19,S M T W T F S,,146 km,26 km/hr,53212
11906,Hoshiarpur - Agra Cantt Express,Exp,NCR,,,HSX,22:30,AGC,11:00,12h 30m,12,S M T W T F S,SL 3A 2A 3E,651 km,52 km/hr,11905
63317,Ara - Bhabua Road MEMU,MEMU,ECR,,,ARA,11:45,BBU,16:25,4h 40m,19,S M T W T F S,,145 km,31 km/hr,63318
12171,Mumbai LTT - Haridwar AC SF Express (PT),ACSF,CR,,,LTT,7:55,HW,12:35,28h 40m,11,M T,3A 2A 1A,1769 km,62 km/hr,12172
63319,Ara - Sasaram MEMU,MEMU,ECR,,,ARA,3:00,SSM,6:20,3h 20m,11,S M T W T F S,,97 km,29 km/hr,63320
15709,Malda Town - New Jalpaiguri Intercity Express (UnReserved),Exp,NFR,,,MLDT,14:30,NJP,22:10,7h 40m,27,S M T W T F S,,235 km,31 km/hr,15710
15710,New Jalpaiguri - Malda Town Intercity Express (UnReserved),Exp,NFR,,,NJP,6:30,MLDT,13:00,6h 30m,27,S M T W T F S,,235 km,36 km/hr,15709
75720,Siliguri - Malda Court DEMU,DEMU,NFR,,,SGUJ,10:30,MLFC,18:15,7h 45m,41,S M T W T F S,,254 km,33 km/hr,75719
20978,Chandigarh - Ajmer Vande Bharat Express,VB,NWR,,,CDG,15:15,AII,23:58,8h 43m,8,S M T T F S,CC Ex,678 km,78 km/hr,20977
18523,Visakhapatnam - Banaras Express (PT),Exp,SCoR,,,VSKP,4:15,BNRS,9:25,29h 10m,43,S W,SL 3A 2A 1A 3E,1405 km,48 km/hr,18524
66534,Krishnarajapuram - Kuppam MEMU,MEMU,SWR,,,KJM,19:20,KPN,21:20,2h 0m,10,S M T W T F S,,91 km,45 km/hr,66529
22909,Valsad - Puri Weekly SF Express (PT),SF,WR,,,BL,20:15,PURI,9:45,37h 30m,24,T,SL 3A 2A,2065 km,55 km/hr,22910
22910,Puri - Valsad Weekly SF Express (PT),SF,WR,,,PURI,0:30,BL,12:35,36h 5m,24,S,SL 3A 2A,2065 km,57 km/hr,22909
22832,Yesvantpur - Howrah Superfast Express (PT),SF,SER,,,YPR,4:30,HWH,14:05,33h 35m,22,F,SL 3A 2A,1913 km,57 km/hr,22831
73449,Banka - Bhagalpur DEMU,DEMU,ER,,,BAKA,10:15,BGP,12:10,1h 55m,13,S M T W T F S,,53 km,28 km/hr,73450
50108,Madgaon - Sawantwadi Road Express,Exp,KR,,,MAO,6:20,SWV,8:35,2h 15m,7,S M T W T F S,3E,76 km,34 km/hr,50107
73448,Bhagalpur - Banka DEMU,DEMU,ER,,,BGP,17:02,BAKA,18:55,1h 53m,13,S M T W T F S,,53 km,28 km/hr,73447
50107,Sawantwadi Road - Madgaon Express,Exp,KR,,,SWV,18:50,MAO,21:30,2h 40m,7,S M T W T F S,3E,76 km,28 km/hr,50108
53403,Rampurhat - Gaya Passenger (UnReserved),Pass,ER,,,RPH,7:45,GAYA,22:10,14h 25m,76,S M T W T F S,,435 km,30 km/hr,53404
73441,Hansdiha - Bhagalpur DEMU,DEMU,ER,,,HSDA,10:20,BGP,12:43,2h 23m,17,S M T W T F S,,74 km,31 km/hr,73442
22882,Bhubaneswar - Pune Superfast Express (PT),SF,ECoR,,,BBS,21:20,PUNE,3:40,30h 20m,12,T,SL 3A 2A 1A,1704 km,56 km/hr,22881
19601,Udaipur City - New Jalpaiguri Weekly Express (PT),Exp,NWR,,,UDZ,0:50,NJP,18:45,41h 55m,29,S,SL 3A 2A 3E,2232 km,53 km/hr,19602
63008,Rampurhat - Katwa MEMU,MEMU,ER,,,RPH,8:30,KWAE,12:25,3h 55m,27,S M T W T F S,,132 km,34 km/hr,63023
38442,Panskura - Howrah Local,Klkt,SER,,,PKU,16:45,HWH,19:00,2h 15m,23,S M T W T F S,,70 km,31 km/hr,38429
55422,Balurghat - Malda Town Passenger (UnReserved),Pass,NFR,,,BLGT,18:00,MLDT,21:20,3h 20m,11,S M T W T F S,,106 km,32 km/hr,55421
75744,Siliguri - Katihar DEMU,DEMU,NFR,,,SGUJ,4:00,KIR,10:00,6h 0m,30,S M T W T F S,,203 km,34 km/hr,75743
63074,Sahibganj - Rampurhat MEMU,MEMU,ER,,,SBG,4:45,RPH,9:00,4h 15m,20,S M T W T F S,,133 km,31 km/hr,63073
55602,Lumding - Guwahati Passenger (UnReserved),Pass,NFR,,,LMG,7:50,GHY,12:05,4h 15m,14,S M S,,181 km,42 km/hr,55601
12706,Secunderabad - Guntur InterCity Superfast Express,SF,SCR,,,SC,7:45,GNT,14:43,6h 58m,14,S M T W T F S,2S CC 3E,380 km,55 km/hr,12705
75729,Guwahati - Silghat Town DEMU,DEMU,NFR,,,GHY,16:30,SHTT,21:10,4h 40m,16,S M T W T F S,,172 km,37 km/hr,75730
75730,Silghat Town - Guwahati DEMU,DEMU,NFR,,,SHTT,6:00,GHY,10:45,4h 45m,16,S M T W T F S,,172 km,36 km/hr,75729
15968,Ledo - Rangiya Express (UnReserved),Exp,NFR,,,LEDO,5:00,RNY,20:05,15h 5m,35,M T F,,619 km,41 km/hr,15967
12458,Bikaner - Delhi Sarai Rohilla SF Express (via Churu),SF,NWR,,,BKN,22:10,DEE,6:05,7h 55m,12,S M T W T F S,SL 3A 2A 1A,457 km,58 km/hr,12457
56832,Karaikkudi - Tiruchchirappalli Passenger (UnReserved),Pass,SR,,,KKDI,9:50,TPJ,11:50,2h 0m,8,S M T W T F S,,90 km,45 km/hr,56831
56831,Tiruchchirappalli - Karaikudi Passenger (UnReserved),Pass,SR,,,TPJ,16:05,KKDI,18:00,1h 55m,8,S M T W T F S,,90 km,47 km/hr,56832
31151,Sealdah - Barddhaman Local,Klkt,ER,,,SDAH,10:15,BWN,13:07,2h 52m,33,S M T W T F S,,114 km,40 km/hr,31152
31152,Barddhaman - Sealdah Local,Klkt,ER,,,BWN,14:40,SDAH,17:40,3h 0m,33,S M T W T F S,,114 km,38 km/hr,31151
13332,Patna - Dhanbad InterCity Express,Exp,ECR,,,PNBE,8:30,DHN,17:05,8h 35m,23,S M T W T F S,SL 3A 2A,369 km,43 km/hr,13331
37818,Barddhaman - Howrah Local (via Main Line),Klkt,ER,,,BWN,5:40,HWH,8:12,2h 32m,32,S M T W T F S,,107 km,42 km/hr,37855
37820,Barddhaman - Howrah Local (via Main Line),Klkt,ER,,,BWN,6:10,HWH,8:31,2h 21m,32,S M T W T F S,,107 km,46 km/hr,37781
37815,Howrah - Barddhaman Galloping Local (Via Main Line),Klkt,ER,,,HWH,5:15,BWN,7:36,2h 21m,25,S M T W T F S,,107 km,46 km/hr,37830
37817,Howrah - Barddhaman Local via-Main Line,Klkt,ER,,,HWH,6:20,BWN,8:45,2h 25m,32,S M T W T F S,,107 km,44 km/hr,36832
63012,Rampurhat - Barddhaman MEMU,MEMU,ER,,,RPH,7:20,BWN,9:52,2h 32m,17,S M T W T F S,,112 km,44 km/hr,63011
63069,Barddhaman - Rampurhat MEMU,MEMU,ER,,,BWN,20:52,RPH,23:25,2h 33m,17,S M T W T F S,,112 km,44 km/hr,63068
33718,Bangaon - Ranaghat Local,Klkt,ER,,,BNJ,9:23,RHA,10:10,0h 47m,7,S M T W T F S,,33 km,42 km/hr,33717
16302,Venad Express,Exp,SR,,,TVC,5:20,SRR,12:35,7h 15m,26,S M T W T F S,2S CC,325 km,45 km/hr,16301
37336,Tarakeswar - Howrah Local,Klkt,ER,,,TAK,12:40,HWH,14:17,1h 37m,19,S M T W T F S,,57 km,35 km/hr,37317
37317,Howrah - Tarakeswar Local,Klkt,ER,,,HWH,6:32,TAK,8:05,1h 33m,19,S M T W T F S,,57 km,37 km/hr,37336
31531,Sealdah - Shantipur Galloping Local,Klkt,ER,,,SDAH,17:50,STB,20:00,2h 10m,21,S M T W T F S,,93 km,43 km/hr,31538
37214,Bandel - Howrah Local,Klkt,ER,,,BDC,3:30,HWH,4:35,1h 5m,15,S M T W T F S,,39 km,36 km/hr,37285
37912,Katwa - Howrah Local,Klkt,ER,,,KWAE,3:45,HWH,6:57,3h 12m,40,S M T W T F S,,144 km,45 km/hr,37927
37914,Katwa - Howrah Galloping Local,Klkt,ER,,,KWAE,5:35,HWH,8:45,3h 10m,29,S M T W T F S,,145 km,46 km/hr,37925
37916,Katwa - Howrah Galloping Local,Klkt,ER,,,KWAE,6:15,HWH,9:25,3h 10m,31,S M T W T F S,,145 km,46 km/hr,37757
37234,Bandel - Howrah Local,Klkt,ER,,,BDC,9:07,HWH,10:12,1h 5m,15,M T W T F S,,39 km,36 km/hr,37219
32236,Dankuni - Sealdah Local,Klkt,ER,,,DKAE,14:17,SDAH,15:05,0h 48m,7,S M T W T F S,,22 km,27 km/hr,32235
32230,Dankuni - Sealdah Local,Klkt,ER,,,DKAE,11:18,SDAH,12:06,0h 48m,7,M T W T F S,,22 km,27 km/hr,32231
32222,Dankuni - Sealdah Local,Klkt,ER,,,DKAE,8:40,SDAH,9:28,0h 48m,7,S M T W T F S,,22 km,27 km/hr,32221
31914,Gede - Sealdah Local,Klkt,ER,,,GEDE,5:10,SDAH,7:50,2h 40m,34,S M T W T F S,,116 km,44 km/hr,31925
33612,Dattapukur - Sealdah Local,Klkt,ER,,,DTK,5:42,SDAH,6:41,0h 59m,11,S M T W T F S,,30 km,30 km/hr,
32250,Dankuni - Sealdah Local,Klkt,ER,,,DKAE,22:29,SDAH,23:20,0h 51m,7,S M T W T F S,,22 km,26 km/hr,32247
33512,Hasanabad - Sealdah Local,Klkt,ER,,,HNB,3:05,SDAH,5:40,2h 35m,28,S M T W T F S,,75 km,29 km/hr,33323
32212,Dankuni - Sealdah Local,Klkt,ER,,,DKAE,5:00,SDAH,5:45,0h 45m,7,S M T W T F S,,22 km,29 km/hr,32211
37911,Howrah - Katwa Local,Klkt,ER,,,HWH,5:22,KWAE,8:30,3h 8m,42,S M T W T F S,,144 km,46 km/hr,37922
37913,Howrah - Katwa Local,Klkt,ER,,,HWH,8:00,KWAE,11:15,3h 15m,42,S M T W T F S,,144 km,44 km/hr,37748
37915,Howrah - Katwa Local,Klkt,ER,,,HWH,10:00,KWAE,13:15,3h 15m,43,S M T W T F S,,144 km,44 km/hr,37924
37921,Howrah - Katwa Galloping Local,Klkt,ER,,,HWH,17:05,KWAE,20:25,3h 20m,40,S M T W T F S,,144 km,43 km/hr,37756
37927,Howrah - Katwa Local,Klkt,ER,,,HWH,20:30,KWAE,23:59,3h 29m,40,S M T W T F S,,144 km,41 km/hr,37912
31825,Sealdah - Krishnanagar City Local,Klkt,ER,,,SDAH,10:52,KNJ,13:18,2h 26m,27,S M T W T F S,,100 km,41 km/hr,31828
37844,Barddhaman - Howrah Galloping Local (via Main Line),Klkt,ER,,,BWN,17:25,HWH,19:49,2h 24m,20,S M T W T F,,107 km,45 km/hr,37835
37828,Barddhaman - Howrah Galloping Local (via Main Line),Klkt,ER,,,BWN,8:20,HWH,10:40,2h 20m,25,S M T W T F S,,107 km,46 km/hr,37813
37832,Barddhaman - Howrah Local (via Main Line),Klkt,ER,,,BWN,9:55,HWH,12:40,2h 45m,32,S M T W T F S,,107 km,39 km/hr,37819
36822,Barddhaman - Howrah Local (via Chord Line),Klkt,ER,,,BWN,6:40,HWH,8:55,2h 15m,29,S M T W T F S,,94 km,42 km/hr,36853
36824,Barddhaman - Howrah Local (via Chord Line),Klkt,ER,,,BWN,7:05,HWH,9:10,2h 5m,27,S M T W T F S,,94 km,45 km/hr,36855
37824,Barddhaman - Howrah Galloping Local (Via Main Line),Klkt,ER,,,BWN,7:15,HWH,9:40,2h 25m,26,S M T W T F S,,107 km,44 km/hr,37811
38420,Panskura - Howrah Local,Klkt,SER,,,PKU,8:30,HWH,10:40,2h 10m,23,M T W T F S,,70 km,32 km/hr,38453
38724,Kharagpur - Howrah Local,Klkt,SER,,,KGP,17:20,HWH,20:25,3h 5m,32,M T W T F S,,114 km,37 km/hr,38717
37235,Howrah - Bandel Local,Klkt,ER,,,HWH,10:40,BDC,11:41,1h 1m,15,S M T W T F S,,39 km,39 km/hr,37244
33685,Sealdah - Gobardanga Local,Klkt,ER,,,SDAH,20:23,GBG,22:02,1h 39m,18,S M T W T F S,,57 km,35 km/hr,33382
30331,Majerhat - Habra Local (via Princep Ghat),Klkt,ER,,,MJT,17:35,HB,19:38,2h 3m,25,S M T W T F S,,55 km,27 km/hr,33664
63569,Asansol - Jasidih MEMU,MEMU,ER,,,ASN,17:30,JSME,20:05,2h 35m,12,S M T W T F S,,111 km,43 km/hr,63570
63564,Jasidih - Asansol MEMU,MEMU,ER,,,JSME,17:40,ASN,20:15,2h 35m,15,S M T W T F S,,111 km,43 km/hr,63561
37550,Bandel - Naihati Local,Klkt,ER,,,BDC,18:35,NH,19:00,0h 25m,2,S M T W T F S,,8 km,20 km/hr,37549
63521,Barddhaman - Asansol MEMU,MEMU,ER,,,BWN,15:30,ASN,17:45,2h 15m,13,S M T W T F S,,106 km,47 km/hr,63512
63519,Barddhaman - Bokaro Steel City MEMU,MEMU,ER,,,BWN,15:57,BKSC,1:15,9h 18m,42,S M T W T F S,,300 km,32 km/hr,63520
63505,Barddhaman - Asansol MEMU,MEMU,ER,,,BWN,3:40,ASN,6:00,2h 20m,12,S M T W T F S,,106 km,45 km/hr,63522
38405,Howrah - Panskura Local,Klkt,SER,,,HWH,6:40,PKU,8:40,2h 0m,23,S M T W T F S,,70 km,35 km/hr,38404
13027,Howrah - Azimganj Kaviguru Express,Exp,ER,,,HWH,22:40,AZ,4:15,5h 35m,7,S M T W T F S,SL 3A,279 km,50 km/hr,13028
59716,Anupgarh - Suratgarh Passenger (UnReserved),Pass,NWR,,,APH,6:20,SOG,8:15,1h 55m,9,S M T W T F S,,77 km,40 km/hr,59715
11003,Tutari Express (PT),Exp,CR,,,DR,0:05,SWV,12:50,12h 45m,19,S M T W T F S,SL 3A 2A,496 km,39 km/hr,11004
11004,Tutari Express,Exp,CR,,,SWV,17:55,DR,6:40,12h 45m,19,S M T W T F S,SL 3A 2A,496 km,39 km/hr,11003
22404,New Delhi - Puducherry SF Express,SF,NR,,,NDLS,23:15,PDY,13:35,38h 20m,13,S,SL 3A 2A 1A,2383 km,62 km/hr,22403
63216,Muzaffarpur - Samastipur MEMU,MEMU,ECR,,,MFP,18:25,SPJ,20:05,1h 40m,8,S M T W T F S,,52 km,31 km/hr,63215
75245,Barauni - Sonpur DEMU,DEMU,ECR,,,BJU,21:00,SEE,0:50,3h 50m,21,S M T W T F S,,93 km,24 km/hr,75246
66613,Mettupalayam - Coimbatore MEMU,MEMU,SR,,,MTP,10:55,CBE,11:45,0h 50m,4,M T W T F S,,36 km,43 km/hr,66612
17005,Hyderabad - Raxaul Express (PT),Exp,SCR,,,HYB,23:10,RXL,17:00,41h 50m,29,T,SL 3A 2A,2070 km,49 km/hr,17006
64417,Ghaziabad - Delhi MEMU (via New Delhi),MEMU,NR,,,GZB,6:35,DLI,8:00,1h 25m,8,S M T W T F S,,28 km,20 km/hr,64418
22853,Shalimar - Visakhapatnam SF Express,SF,SER,,,SHM,18:15,VSKP,8:15,14h 0m,14,T,SL 3A 2A 1A 3E,879 km,63 km/hr,22854
22835,Shalimar - Puri Weekly SF Express,SF,ECoR,,,SHM,20:35,PURI,5:20,8h 45m,9,W,SL 3A 2A,497 km,57 km/hr,22836
63592,Asansol - Bokaro Steel City MEMU,MEMU,ER,,,ASN,7:00,BKSC,11:15,4h 15m,19,M T W T F S,,137 km,32 km/hr,63591
63591,Bokaro Steel City - Asansol MEMU,MEMU,ER,,,BKSC,15:40,ASN,19:30,3h 50m,19,M T W T F S,,137 km,36 km/hr,63592
22602,Sainagar Shirdi - MGR Chennai Central SF Express,SF,SR,,,SNSI,8:55,MAS,9:25,24h 30m,22,F,SL 3A 2A,1388 km,57 km/hr,22601
56931,Miraj - Londa Passenger (UnReserved),Pass,SWR,,,MRJ,17:35,LD,22:35,5h 0m,20,S M T W T F S,,189 km,38 km/hr,56932
28181,Tatanagar - Katihar Express (PT),Exp,SER,,,TATA,20:45,KIR,14:55,18h 10m,29,S W S,SL 3A 2A 3E,591 km,33 km/hr,28182
13345,Varanasi - Singrauli MEMU Intercity Express (UnReserved),Exp,ECR,,,BSB,14:00,SGRL,22:00,8h 0m,8,S M T W,,210 km,26 km/hr,13346
12102,Jnaneswari Express (PT),SF,CR,,,SHM,20:15,LTT,4:10,31h 55m,16,S M W T,SL 3A 2A 1A,1945 km,61 km/hr,12101
68068,Asansol - Adra MEMU,MEMU,SER,,,ASN,20:23,ADRA,22:00,1h 37m,7,S M T W T F S,,42 km,26 km/hr,68069
52949,Veraval - Delvada MG Passenger (UnReserved),Pass,WR,,,VRLF,14:00,DVA,17:50,3h 50m,10,S M T W T F S,,95 km,25 km/hr,52950
14201,Jaunpur Jn. - Rae Bareli Express (UnReserved),Exp,NR,,,JNU,16:30,RBL,21:55,5h 25m,11,S M T W T F S,,202 km,37 km/hr,14202
22969,Okha - Banaras SF Express (PT),SF,WR,,,OKHA,14:05,BNRS,2:00,35h 55m,21,T,SL 3A 2A 1A 3E,2030 km,57 km/hr,22970
68437,Bhadrak - Cuttack Fast MEMU,MEMU,ECoR,,,BHC,15:00,CTC,18:40,3h 40m,21,S M T W T F S,,116 km,32 km/hr,68438
18037,Kharagpur - Jajpur Keonjhar Road Express (UnReserved),Exp,SER,,,KGP,16:15,JJKR,22:15,6h 0m,34,S M T W T F S,,222 km,37 km/hr,18038
66040,Nellore - Sullurupeta MEMU,MEMU,SR,,,NLR,16:00,SPE,18:25,2h 25m,10,S M T W T F S,,93 km,39 km/hr,66041
12165,Mumbai LTT - Gorakhpur SF Express (Via Prayagraj) (PT),SF,CR,,,LTT,6:00,GKP,12:00,30h 0m,16,M T F,SL 3A 2A,1707 km,57 km/hr,12166
12817,Jharkhand Swarna Jayanti Express (via Gomoh) (PT),SF,SER,,,HTE,14:25,ANVT,13:10,22h 45m,17,S W F,SL 3A 2A 1A 3E,1302 km,57 km/hr,12818
19301,Dr Ambedkar Nagar - Yesvantpur Weekly Express (PT),Exp,WR,,,DADN,20:00,YPR,11:25,39h 25m,30,S,SL 3A 2A 3E,1932 km,49 km/hr,19302
17316,Velankanni - Vasco-Da-Gama Weekly Express (PT),Exp,SWR,,,VLNK,23:55,VSG,2:50,26h 55m,25,T,SL 3A 2A 3E,1264 km,47 km/hr,17315
63545,Andal - Jasidih MEMU,MEMU,ER,,,UDL,6:20,JSME,10:15,3h 55m,20,S M T W T F,,142 km,36 km/hr,63546
63518,Asansol - Barddhaman MEMU,MEMU,ER,,,ASN,12:50,BWN,15:05,2h 15m,12,S M T W T F S,,106 km,47 km/hr,63519
18019,Jhargram - Dhanbad MEMU Express (UnReserved),Exp,SER,,,JGM,5:25,DHN,13:45,8h 20m,45,S M T W T F,,295 km,35 km/hr,18020
66008,Arakkonam - Chennai Central Suburban MEMU,MEMU,SR,,,AJJ,9:50,MASS,12:00,2h 10m,27,S M T W T F S,FC,69 km,32 km/hr,66009
16180,Mannai Express (PT),Exp,SR,,,MQ,22:50,MS,6:20,7h 30m,10,S M T W T F S,SL 3A 2A 1A,357 km,48 km/hr,16179
13507,Asansol - Gorakhpur Express,Exp,ER,,,ASN,16:05,GKP,5:45,13h 40m,13,F,SL 3A 2A,643 km,47 km/hr,13508
15235,Howrah - Darbhanga Weekly Express,Exp,ECR,,,HWH,11:15,DBG,23:35,12h 20m,9,S,SL 3A 2A 1A 3E,536 km,43 km/hr,15236
15236,Darbhanga - Howrah Weekly Express (PT),Exp,ECR,,,DBG,15:30,HWH,3:05,11h 35m,9,F,SL 3A 2A 1A 3E,536 km,46 km/hr,15235
63597,Ranchi - Asansol MEMU,MEMU,ER,,,RNC,13:05,ASN,19:15,6h 10m,27,S M T W T F S,,197 km,32 km/hr,63598
13553,Asansol - Varanasi MEMU Express (UnReserved),Exp,ER,,,ASN,6:30,BSB,21:20,14h 50m,83,S M T W T F S,,481 km,32 km/hr,13554
15927,Rangiya - New Tinsukia Express (UnReserved),Exp,NFR,,,RNY,5:30,NTSK,21:00,15h 30m,29,M T F S,,596 km,38 km/hr,15928
15928,New Tinsukia - Rangiya Express (UnReserved),Exp,NFR,,,NTSK,6:00,RNY,20:05,14h 5m,29,S T W S,,596 km,42 km/hr,15927
22161,Bhopal - Damoh Rajya Rani SF Express,SF,WCR,,,BPL,17:50,DMO,23:00,5h 10m,9,S M T W T F S,2S CC 3A,290 km,56 km/hr,22162
12594,Bhopal - Lucknow Jn. Garib Rath Express,GR,NER,,,BPL,23:50,LJN,9:45,9h 55m,5,S,3A,584 km,59 km/hr,12593
12994,Puri - Gandhidham Weekly SF Express (via Bhubaneswar) (PT),SF,WR,,,PURI,19:45,GIMB,11:25,39h 40m,23,M,SL 3A 2A,2286 km,58 km/hr,12993
18118,Gunupur - Rourkela Rajya Rani Express,Exp,SER,,,GNPR,15:45,ROU,8:30,16h 45m,24,S M T W T F S,SL 3A 2A,799 km,48 km/hr,18117
18117,Rourkela - Gunupur Rajya Rani Express (PT),Exp,SER,,,ROU,21:20,GNPR,13:25,16h 5m,24,S M T W T F S,SL 3A 2A,799 km,50 km/hr,18118
19615,Udaipur City - Kamakhya Kavi Guru Express (PT),Exp,NWR,,,UDZ,16:05,KYQ,0:20,56h 15m,43,M,SL 3A 2A 3E,2610 km,46 km/hr,19616
19260,Bhavnagar Terminus - Thiruvananthapuram North (Kochuveli) Express (PT),Exp,WR,,,BVC,10:15,TVCN,7:10,44h 55m,40,T,SL 3A 2A,2263 km,50 km/hr,19259
19616,Kamakhya - Udaipur City Kavi Guru Express (PT),Exp,NWR,,,KYQ,18:00,UDZ,0:48,54h 48m,43,T,SL 3A 2A 3E,2610 km,48 km/hr,19615
12960,Bhuj - Bandra Terminus Weekly SF Express (PT),SF,WR,,,BHUJ,18:00,BDTS,11:20,17h 20m,17,M,SL 3A 2A,976 km,56 km/hr,12959
15669,Nagaland Express (PT),Exp,NFR,,,GHY,20:45,DBRG,11:00,14h 15m,25,S M T W T F S,SL 3A 2A,552 km,39 km/hr,15670
15670,Nagaland Express (PT),Exp,NFR,,,DBRG,13:50,GHY,4:15,14h 25m,25,S M T W T F S,SL 3A 2A,552 km,38 km/hr,15669
55339,Kasganj - Achhnera Passenger (UnReserved),Pass,NER,,,KSJ,21:20,AH,1:00,3h 40m,8,S M T W T F S,,140 km,38 km/hr,55340
67777,Miryalaguda - Nadikude MEMU,MEMU,SCR,,,MRGA,22:55,NDKD,0:55,2h 0m,1,S M T W T F S,,38 km,19 km/hr,67778
79435,Sabarmati - Patan DEMU,DEMU,WR,,,SBIB,9:00,PTN,11:25,2h 25m,11,M T W T F S,,103 km,42 km/hr,79436
68426,Khurda Road - Kendujhargarh MEMU,MEMU,ECoR,,,KUR,16:00,KDJR,21:40,5h 40m,27,S M T W T F S,,234 km,41 km/hr,68425
79433,Sabarmati - Patan DEMU,DEMU,WR,,,SBIB,18:30,PTN,21:20,2h 50m,11,S M T W T F S,,103 km,36 km/hr,79434
68094,Jhargram - Kharagpur MEMU,MEMU,SER,,,JGM,14:57,KGP,16:00,1h 3m,4,M T W T F S,,38 km,36 km/hr,68093
38433,Howrah - Panskura Local,Klkt,SER,,,HWH,15:40,PKU,17:50,2h 10m,23,S M T W T F S,,70 km,32 km/hr,38448
38418,Panskura - Santragachi Local,Klkt,SER,,,PKU,8:20,SRC,10:00,1h 40m,12,S M T W T F S,,62 km,37 km/hr,38439
33534,Hasanabad - Sealdah Galloping Local,Klkt,ER,,,HNB,17:26,SDAH,19:35,2h 9m,24,S M T W T F S,,75 km,35 km/hr,33527
15050,Purvanchal Express (Via Mau) (PT),Exp,NER,,,GKP,8:35,KOAA,4:40,20h 5m,24,W S,SL 3A 2A 1A,883 km,44 km/hr,15049
17693,Kacheguda - Raichur MEMU Express (UnReserved),Exp,SCR,,,KCG,5:25,RC,12:30,7h 5m,18,S M T W T F,,238 km,34 km/hr,17694
38415,Howrah - Panskura Local,Klkt,SER,,,HWH,9:05,PKU,11:15,2h 10m,23,S M T W T F S,,70 km,32 km/hr,38430
38422,Panskura - Howrah Local,Klkt,SER,,,PKU,9:00,HWH,11:10,2h 10m,23,S M T W T F S,,70 km,32 km/hr,38405
38437,Howrah - Panskura Local,Klkt,SER,,,HWH,17:25,PKU,19:25,2h 0m,23,S M T W T F S,,70 km,35 km/hr,38454
22504,Dibrugarh - Kanniyakumari Vivek SF Express (PT),SF,NFR,,,DBRG,19:00,CAPE,21:45,74h 45m,58,S M T W T F S,SL 3A 2A,4155 km,56 km/hr,22503
40023,Chennai Beach - Tambaram EMU,Chn,SR,,,MSB,9:51,TBM,10:55,1h 4m,16,M T W T F S,,29 km,27 km/hr,
40559,Chennai Beach - Chengalpattu EMU (12 Car),Chn,SR,,,MSB,18:28,CGL,20:30,2h 2m,26,M T W T F S,,60 km,29 km/hr,40560
40704,Kanchipuram - Chennai Beach Semi Fast EMU (via Chengalpattu),Chn,SR,,,CJ,9:30,MSB,12:20,2h 50m,34,M T W T F S,FC,96 km,34 km/hr,40703
40904,Arakkonam - Chennai Beach Fast EMU,Chn,SR,,,AJJ,7:30,MSB,10:50,3h 20m,16,M T W T F S,FC,128 km,39 km/hr,40707
43806,Arakkonam - Chennai Beach Fast EMU,Chn,SR,,,AJJ,7:35,MSB,9:25,1h 50m,9,S M T W T F S,FC,70 km,38 km/hr,43805
40951,Chennai Beach - Arakkonam EMU,Chn,SR,,,MSB,13:00,AJJ,16:30,3h 30m,37,S,,128 km,37 km/hr,40704
40601,Chennai Beach - Chengalpattu EMU (12 Car),Chn,SR,,,MSB,3:50,CGL,5:40,1h 50m,26,S,FC,60 km,33 km/hr,40602
32252,Dankuni - Sealdah Local,Klkt,ER,,,DKAE,23:40,SDAH,0:28,0h 48m,7,S M T W T F S,,22 km,27 km/hr,32249
40501,Chennai Beach - Chengalpattu EMU (12 Car),Chn,SR,,,MSB,3:50,CGL,5:40,1h 50m,26,M T W T F S,FC,60 km,33 km/hr,40502
40001,Chennai Beach - Tambaram EMU (12 Car),Chn,SR,,,MSB,5:50,TBM,6:50,1h 0m,16,M T W T F S,FC,29 km,29 km/hr,40002
40003,Chennai Beach - Tambaram EMU,Chn,SR,,,MSB,7:10,TBM,8:10,1h 0m,16,M T W T F S,,29 km,29 km/hr,40004
59236,Mahuva - Dhola Passenger (UnReserved),Pass,WR,,,MHV,6:15,DLJ,10:25,4h 10m,20,S M T W T F S,,153 km,37 km/hr,59235
40505,Chennai Beach - Chengalpattu EMU (12 Car),Chn,SR,,,MSB,4:30,CGL,6:30,2h 0m,26,M T W T F S,FC,60 km,30 km/hr,40506
40507,Chennai Beach - Chengalpattu EMU (12 Car),Chn,SR,,,MSB,4:50,CGL,6:45,1h 55m,26,M T W T F S,FC,60 km,31 km/hr,40508
40509,Chennai Beach - Chengalpattu EMU (12 Car),Chn,SR,,,MSB,5:30,CGL,7:25,1h 55m,26,M T W T F S,FC,60 km,31 km/hr,40510
40511,Chennai Beach - Chengalpattu EMU (12 Car),Chn,SR,,,MSB,6:00,CGL,7:50,1h 50m,26,M T W T F S,FC,60 km,33 km/hr,40512
40513,Chennai Beach - Chengalpattu EMU (12 Car),Chn,SR,,,MSB,6:15,CGL,8:10,1h 55m,26,M T W T F S,,60 km,31 km/hr,40514
40515,Chennai Beach - Chengalpattu EMU (12 Car),Chn,SR,,,MSB,6:30,CGL,8:20,1h 50m,26,M T W T F S,,60 km,33 km/hr,40516
40517,Chennai Beach - Chengalpattu EMU (12 Car),Chn,SR,,,MSB,6:40,CGL,8:30,1h 50m,26,M T W T F S,,60 km,33 km/hr,40518
40701,Chennai Beach - Kanchipuram Semi Fast EMU,Chn,SR,,,MSB,5:10,CJ,8:15,3h 5m,30,M T W T F S,FC,96 km,31 km/hr,40702
40007,Chennai Beach - Tambaram EMU (12 Car),Chn,SR,,,MSB,8:00,TBM,9:00,1h 0m,16,M T W T F S,,29 km,29 km/hr,40008
40009,Chennai Beach - Tambaram EMU (12 Car),Chn,SR,,,MSB,8:10,TBM,9:10,1h 0m,16,M T W T F S,,29 km,29 km/hr,40010
40011,Chennai Beach - Tambaram EMU (12 Car),Chn,SR,,,MSB,8:20,TBM,9:20,1h 0m,16,M T W T F S,,29 km,29 km/hr,40012
40013,Chennai Beach - Tambaram EMU (12 Car),Chn,SR,,,MSB,8:40,TBM,9:40,1h 0m,16,M T W T F S,,29 km,29 km/hr,40014
40015,Chennai Beach - Tambaram EMU (12 Car),Chn,SR,,,MSB,8:50,TBM,9:55,1h 5m,16,M T W T F S,,29 km,26 km/hr,40016
63432,Jamalpur - Sahibganj MEMU,MEMU,ER,,,JMP,16:07,SBG,21:10,5h 3m,29,S M T W T F S,,127 km,25 km/hr,63431
40017,Chennai Beach - Tambaram EMU (12 Car),Chn,SR,,,MSB,9:10,TBM,10:20,1h 10m,16,M T W T F S,,29 km,24 km/hr,40018
40019,Chennai Beach - Tambaram EMU,Chn,SR,,,MSB,9:20,TBM,10:30,1h 10m,16,M T W T F S,FC,29 km,24 km/hr,40020
40021,Chennai Beach - Tambaram EMU,Chn,SR,,,MSB,9:30,TBM,10:35,1h 5m,16,M T W T F S,,29 km,26 km/hr,40022
40025,Chennai Beach-Tambaram EMU (12 car),Chn,SR,,,MSB,10:05,TBM,11:05,1h 0m,16,M T W T F S,,29 km,29 km/hr,40024
40027,Chennai Beach - Tambaram EMU (12 car),Chn,SR,,,MSB,10:20,TBM,11:20,1h 0m,16,M T W T F S,,29 km,29 km/hr,40026
40514,Chengalpattu - Chennai Beach EMU (12 Car),Chn,SR,,,CGL,6:45,MSB,8:45,2h 0m,26,M T W T F S,FC,60 km,30 km/hr,40513
40516,Chengalpattu - Chennai Beach EMU (12 Car),Chn,SR,,,CGL,7:15,MSB,9:25,2h 10m,26,M T W T F S,,60 km,28 km/hr,40515
40518,Chengalpattu - Chennai Beach Semi Fast EMU (12 Car),Chn,SR,,,CGL,7:40,MSB,9:20,1h 40m,16,M T W T F S,,60 km,36 km/hr,40517
40520,Chengalpattu - Chennai Beach Fast EMU (12 Car),Chn,SR,,,CGL,8:05,MSB,10:05,2h 0m,16,M T W T F S,,60 km,30 km/hr,40519
40522,Chengalpattu - Chennai Beach Fast EMU (12 Car),Chn,SR,,,CGL,8:25,MSB,10:22,1h 57m,26,M T W T F S,,60 km,31 km/hr,
40524,Chengalpattu - Chennai Beach EMU (12 Car),Chn,SR,,,CGL,8:35,MSB,10:43,2h 8m,26,M T W T F S,,60 km,28 km/hr,40523
40526,Chengalpattu - Chennai Beach Fast EMU (12 Car),Chn,SR,,,CGL,8:45,MSB,10:36,1h 51m,16,M T W T F S,,60 km,32 km/hr,40525
40029,Chennai Beach - Tambaram EMU (12 Car),Chn,SR,,,MSB,10:28,TBM,11:28,1h 0m,16,M T W T F S,,29 km,29 km/hr,40028
40031,Chennai Beach - Tambaram EMU (12 car),Chn,SR,,,MSB,10:38,TBM,11:38,1h 0m,16,M T W T F S,,29 km,29 km/hr,40030
40033,Chennai Beach - Tambaram EMU (12 Car),Chn,SR,,,MSB,10:58,TBM,11:58,1h 0m,16,M T W T F S,,29 km,29 km/hr,40032
40035,Chennai Beach - Tambaram EMU (12 Car),Chn,SR,,,MSB,11:08,TBM,12:08,1h 0m,16,M T W T F S,,29 km,29 km/hr,40034
40037,Chennai Beach - Tambaram EMU (12 Car),Chn,SR,,,MSB,11:18,TBM,12:18,1h 0m,16,M T W T F S,,29 km,29 km/hr,40036
40039,Chennai Beach - Tambaram EMU (12 Car),Chn,SR,,,MSB,11:38,TBM,12:38,1h 0m,16,M T W T F S,FC,29 km,29 km/hr,40038
40041,Chennai Beach - Tambaram EMU (12 Car),Chn,SR,,,MSB,11:50,TBM,12:50,1h 0m,16,M T W T F S,FC,29 km,29 km/hr,40042
40043,Chennai Beach - Tambaram EMU (12 Car),Chn,SR,,,MSB,12:15,TBM,13:15,1h 0m,16,M T W T F S,FC,29 km,29 km/hr,40044
40045,Chennai Beach - Tambaram EMU (12 Car),Chn,SR,,,MSB,12:45,TBM,13:45,1h 0m,16,M T W T F S,FC,29 km,29 km/hr,40046
40519,Chennai Beach - Chengalpattu EMU (12 Car),Chn,SR,,,MSB,6:55,CGL,8:50,1h 55m,26,M T W T F S,,60 km,31 km/hr,40520
40523,Chennai Beach - Chengalpattu EMU (12 Car),Chn,SR,,,MSB,9:00,CGL,10:50,1h 50m,26,M T W T F S,,60 km,33 km/hr,40524
40525,Chennai Beach - Chengalpattu EMU (12 Car),Chn,SR,,,MSB,9:37,CGL,11:30,1h 53m,26,M T W T F S,,60 km,32 km/hr,40526
63423,Jamalpur - Kiul MEMU,MEMU,ER,,,JMP,12:45,KIUL,14:35,1h 50m,11,S M T W T F S,,45 km,25 km/hr,63424
40049,Chennai Beach - Tambaram EMU (12 car),Chn,SR,,,MSB,13:30,TBM,14:30,1h 0m,16,M T W T F S,FC,29 km,29 km/hr,40050
40053,Chennai Beach - Tambaram EMU (12 Car),Chn,SR,,,MSB,14:40,TBM,15:40,1h 0m,16,M T W T F S,FC,29 km,29 km/hr,40054
40057,Chennai Beach - Tambaram EMU (12 Car),Chn,SR,,,MSB,15:55,TBM,16:55,1h 0m,16,M T W T F S,,29 km,29 km/hr,40058
40059,Chennai Beach - Tambaram EMU (12 Car),Chn,SR,,,MSB,16:27,TBM,17:27,1h 0m,16,M T W T F S,,29 km,29 km/hr,40060
37350,Tarakeswar - Howrah Local,Klkt,ER,,,TAK,18:10,HWH,19:42,1h 32m,19,S M T W T F S,,57 km,37 km/hr,37337
37852,Barddhaman - Howrah Local (via Main Line),Klkt,ER,,,BWN,19:50,HWH,22:18,2h 28m,32,S M T W T F S,,107 km,43 km/hr,37839
63023,Azimganj - Rampurhat MEMU,MEMU,ER,,,AZ,6:15,RPH,8:10,1h 55m,9,S M T W T F S,,59 km,31 km/hr,63008
63024,Rampurhat - Azimganj MEMU,MEMU,ER,,,RPH,22:15,AZ,0:15,2h 0m,8,S M T W T F S,,59 km,30 km/hr,63025
40529,Chennai Beach - Chengalpattu EMU (12 Car),Chn,SR,,,MSB,10:48,CGL,12:40,1h 52m,26,M T W T F S,,60 km,32 km/hr,
40063,Chennai Beach - Tambaram EMU (12 Car),Chn,SR,,,MSB,17:08,TBM,18:08,1h 0m,16,M T W T F S,,29 km,29 km/hr,40802
40065,Chennai Beach - Tambaram EMU (12 Car),Chn,SR,,,MSB,17:26,TBM,18:26,1h 0m,16,M T W T F S,,29 km,29 km/hr,40066
40531,Chennai Beach - Chengalpattu EMU (12 Car),Chn,SR,,,MSB,11:28,CGL,13:20,1h 52m,26,M T W T F S,,60 km,32 km/hr,40532
40071,Chennai Beach - Tambaram EMU (12 car),Chn,SR,,,MSB,18:22,TBM,19:22,1h 0m,16,M T W T F S,,29 km,29 km/hr,40072
40073,Chennai Beach - Tambaram EMU (12 car),Chn,SR,,,MSB,18:44,TBM,19:44,1h 0m,16,M T W T F S,,29 km,29 km/hr,40074
40533,Chennai Beach - Chengalpattu EMU (12 Car),Chn,SR,,,MSB,12:02,CGL,14:00,1h 58m,26,M T W T F S,,60 km,30 km/hr,40534
40075,Chennai Beach - Tambaram EMU,Chn,SR,,,MSB,18:52,TBM,19:52,1h 0m,16,M T W T F S,,29 km,29 km/hr,40076
40077,Chennai Beach - Tambaram EMU (12 Car),Chn,SR,,,MSB,19:10,TBM,20:10,1h 0m,16,M T W T F S,,29 km,29 km/hr,40078
40535,Chennai Beach - Chengalpattu EMU (12 Car),Chn,SR,,,MSB,12:30,CGL,14:30,2h 0m,26,M T W T F S,,60 km,30 km/hr,40536
37854,Barddhaman - Howrah Local (via Main Line),Klkt,ER,,,BWN,20:40,HWH,23:17,2h 37m,32,S M T W T F S,,107 km,41 km/hr,37843
33751,Shantipur - Bangaon Local,Klkt,ER,,,STB,12:39,BNJ,13:49,1h 10m,10,S M T W T F S,,53 km,45 km/hr,33752
33752,Bangaon - Shantipur Local,Klkt,ER,,,BNJ,11:16,STB,12:31,1h 15m,10,S M T W T F S,,53 km,42 km/hr,33751
36841,Howrah - Barddhaman Local (via Chord Line),Klkt,ER,,,HWH,18:30,BWN,20:45,2h 15m,28,S M T W T F S,,94 km,42 km/hr,36860
40079,Chennai Beach -Tambaram EMU (12 Car),Chn,SR,,,MSB,19:40,TBM,20:40,1h 0m,16,M T W T F S,,29 km,29 km/hr,40080
40081,Chennai Beach - Tambaram EMU (12 Car),Chn,SR,,,MSB,21:00,TBM,22:00,1h 0m,16,M T W T F S,,29 km,29 km/hr,40082
40539,Chennai Beach - Chengalpattu EMU (12 Car),Chn,SR,,,MSB,14:20,CGL,16:20,2h 0m,26,M T W T F S,,60 km,30 km/hr,40540
40083,Chennai Beach - Tambaram EMU (12 Car),Chn,SR,,,MSB,22:20,TBM,23:20,1h 0m,16,M T W T F S,,29 km,29 km/hr,40084
40541,Chennai Beach - Chengalpattu EMU (12 Car),Chn,SR,,,MSB,15:15,CGL,17:10,1h 55m,26,M T W T F S,,60 km,31 km/hr,40542
40085,Chennai Beach - Tambaram EMU (12 Car),Chn,SR,,,MSB,23:00,TBM,0:01,1h 1m,16,M T W T F S,,29 km,28 km/hr,40086
40087,Chennai Beach - Tambaram EMU,Chn,SR,,,MSB,23:20,TBM,0:20,1h 0m,16,M T W T F S,,29 km,29 km/hr,40088
40543,Chennai Beach - Chengalpattu EMU (12 Car),Chn,SR,,,MSB,15:35,CGL,17:35,2h 0m,26,M T W T F S,,60 km,30 km/hr,40544
40089,Chennai Beach - Tambaram EMU (12 Car),Chn,SR,,,MSB,23:40,TBM,0:40,1h 0m,16,M T W T F S,,29 km,29 km/hr,40090
40091,Chennai Beach - Tambaram EMU (12 Car),Chn,SR,,,MSB,23:59,TBM,0:55,0h 56m,16,M T W T F S,,29 km,31 km/hr,40092
40545,Chennai Beach - Chengalpattu EMU (12 car),Chn,SR,,,MSB,16:05,CGL,18:05,2h 0m,26,M T W T F S,,60 km,30 km/hr,40544
40547,Chennai Beach - Chengalpattu EMU (12 car),Chn,SR,,,MSB,16:15,CGL,18:15,2h 0m,26,M T W T F S,,60 km,30 km/hr,40548
54355,Bandikui - Bareilly Passenger (UnReserved),Pass,NR,,,BKI,14:45,BE,6:20,15h 35m,47,S M T W T F S,,413 km,27 km/hr,54356
54356,Bareilly - Bandikui Passenger (UnReserved),Pass,NR,,,BE,21:05,BKI,9:50,12h 45m,47,S M T W T F S,,413 km,32 km/hr,54355
40551,Chennai Beach - Chengalpattu EMU (12 Car),Chn,SR,,,MSB,17:16,CGL,19:15,1h 59m,26,M T W T F S,,60 km,30 km/hr,40552
40553,Chennai Beach - Chengalpattu EMU (12 car),Chn,SR,,,MSB,17:36,CGL,19:35,1h 59m,26,M T W T F S,,60 km,30 km/hr,40554
40555,Chennai Beach - Chengalpattu Fast EMU (12 car),Chn,SR,,,MSB,17:55,CGL,19:55,2h 0m,26,M T W T F S,,60 km,30 km/hr,40556
40557,Chennai Beach - Chengalpattu EMU (12 Car),Chn,SR,,,MSB,18:12,CGL,20:15,2h 3m,26,M T W T F S,,60 km,29 km/hr,40558
40561,Chennai Beach - Chengalpattu EMU (12 car),Chn,SR,,,MSB,19:00,CGL,21:00,2h 0m,26,M T W T F S,,60 km,30 km/hr,
43006,Avadi - Chennai Central Suburban EMU,Chn,SR,,,AVD,5:25,MASS,6:15,0h 50m,11,S M T W T F S,,21 km,25 km/hr,43005
40955,Chennai Beach - Arakkonam EMU,Chn,SR,,,MSB,18:40,AJJ,22:30,3h 50m,37,S,,128 km,34 km/hr,40708
40563,Chennai Beach - Chengalpattu EMU (12 Car),Chn,SR,,,MSB,20:15,CGL,22:15,2h 0m,26,M T W T F S,,60 km,30 km/hr,40564
40569,Chennai Beach - Chengalpattu EMU (12 Car),Chn,SR,,,MSB,22:00,CGL,0:05,2h 5m,26,M T W T F S,,60 km,29 km/hr,40566
40567,Chennai Beach - Chengalpattu EMU (12 Car),Chn,SR,,,MSB,21:30,CGL,23:30,2h 0m,26,M T W T F S,,60 km,30 km/hr,40568
40002,Tambaram - Chennai Beach EMU (12 Car),Chn,SR,,,TBM,3:55,MSB,4:55,1h 0m,16,M T W T F S,FC,29 km,29 km/hr,40001
40004,Tambaram - Chennai Beach EMU (12 Car),Chn,SR,,,TBM,4:15,MSB,5:15,1h 0m,16,M T W T F S,,29 km,29 km/hr,40003
40006,Tambaram - Chennai Beach EMU (12 Car),Chn,SR,,,TBM,4:35,MSB,5:35,1h 0m,16,M T W T F S,,29 km,29 km/hr,
40502,Chengalpattu - Chennai Beach EMU (12 Car),Chn,SR,,,CGL,3:55,MSB,5:55,2h 0m,26,M T W T F S,,60 km,30 km/hr,40501
40008,Tambaram - Chennai Beach EMU (12 Car),Chn,SR,,,TBM,5:30,MSB,6:30,1h 0m,16,M T W T F S,,29 km,29 km/hr,40007
40504,Chengalpattu - Chennai Beach EMU (12 Car),Chn,SR,,,CGL,4:15,MSB,6:15,2h 0m,26,M T W T F S,,60 km,30 km/hr,40503
40506,Chengalpattu - Chennai Beach EMU (12 Car),Chn,SR,,,CGL,4:45,MSB,6:45,2h 0m,26,M T W T F S,,60 km,30 km/hr,40505
40508,Chengalpattu - Chennai Beach EMU (12 Car),Chn,SR,,,CGL,5:15,MSB,7:15,2h 0m,26,M T W T F S,,60 km,30 km/hr,40507
40010,Tambaram - Chennai Beach EMU (12 Car),Chn,SR,,,TBM,6:00,MSB,7:00,1h 0m,16,M T W T F S,,29 km,29 km/hr,40009
40012,Tambaram - Chennai Beach EMU (12 Car),Chn,SR,,,TBM,6:35,MSB,7:35,1h 0m,16,M T W T F S,,29 km,29 km/hr,40011
40014,Tambaram - Chennai Beach EMU,Chn,SR,,,TBM,7:05,MSB,8:05,1h 0m,16,M T W T F S,,29 km,29 km/hr,40013
40510,Chengalpattu - Chennai Beach EMU (12 Car),Chn,SR,,,CGL,5:50,MSB,7:50,2h 0m,26,M T W T F S,,60 km,30 km/hr,40509
63375,Saharsa - Supaul MEMU,MEMU,ECR,,,SHC,4:45,SOU,5:40,0h 55m,2,S M T W T F S,,27 km,30 km/hr,63376
13403,Vananchal Express (PT),Exp,ER,,,RNC,19:10,BGP,9:00,13h 50m,27,S M T W T F S,SL 3A 2A 1A,553 km,40 km/hr,13404
12212,Anand Vihar Terminal - Muzaffarpur Garib Rath Express,GR,NR,,,ANVT,20:55,MFP,18:15,21h 20m,13,W,3A,1058 km,50 km/hr,12211
54375,Prayagraj Sangam - Jaunpur Passenger (UnReserved),Pass,NR,,,PYGS,6:00,JNU,9:30,3h 30m,17,S M T W T F S,,111 km,32 km/hr,54376
15566,Vaishali Express (PT),Exp,ECR,,,NDLS,20:40,LLP,22:45,26h 5m,28,S M T W T F S,SL 3A 2A 1A 3E,1371 km,53 km/hr,15565
12078,Vijayawada - MGR Chennai Central Jan Shatabdi Express,JShtb,SR,,,BZA,15:30,MAS,23:00,7h 30m,9,S M W T F S,2S CC,455 km,61 km/hr,12077
14737,Bhiwani - Tilak Bridge Express (UnReserved),Exp,NWR,,,BNW,4:40,TKJ,8:41,4h 1m,24,S M T W T F S,,123 km,31 km/hr,14738
63256,Gaya - Patna MEMU,MEMU,ECR,,,GAYA,18:00,PNBE,20:40,2h 40m,15,S M T W T F S,,92 km,35 km/hr,63255
12929,Valsad - Vadodara Intercity SF Express,SF,WR,,,BL,7:15,BRC,10:40,3h 25m,11,S M T W T F S,2S CC,199 km,58 km/hr,12930
14738,Tilak Bridge - Bhiwani Express (UnReserved),Exp,NWR,,,TKJ,18:35,BNW,22:50,4h 15m,24,S M T W T F S,,123 km,29 km/hr,14737
12484,Amritsar - Thiruvananthapuram North (Kochuveli) Weekly SF Express,SF,NR,,,ASR,5:55,TVCN,14:30,56h 35m,26,S,SL 3A 2A 1A,3294 km,58 km/hr,12483
12996,Ajmer - Bandra Terminus SF Express (PT),SF,NWR,,,AII,20:30,BDTS,14:15,17h 45m,17,T T S,SL 3A 2A 3E,1017 km,57 km/hr,12995
12077,MGR Chennai Central - Vijayawada Jan Shatabdi Express,JShtb,SR,,,MAS,7:25,BZA,15:00,7h 35m,9,S M W T F S,2S CC,455 km,60 km/hr,12078
15628,Silchar - Coimbatore Express (PT),Exp,NFR,,,SCL,19:10,CBE,12:05,64h 55m,43,T,SL 3A 2A 3E,3493 km,54 km/hr,15627
13162,Tebhaga Express (PT),Exp,ER,,,BLGT,5:30,KOAA,14:15,8h 45m,14,M T W T F S,2S SL CC 3A,441 km,50 km/hr,13161
12483,Thiruvananthapuram North (Kochuveli) - Amritsar SF Express (PT),SF,NR,,,TVCN,4:50,ASR,13:50,57h 0m,26,W,SL 3A 2A 1A,3294 km,58 km/hr,12484
56753,Tirunelveli - Tiruchendur Passenger (UnReserved),Pass,SR,,,TEN,9:55,TCN,11:35,1h 40m,10,S M T W T F S,,61 km,37 km/hr,56754
16236,Mysuru - Tuticorin Express,Exp,SWR,,,MYS,18:20,TN,10:25,16h 5m,29,S M T W T F S,SL CC 3A 2A,776 km,48 km/hr,16235
56751,Tirunelveli - Tiruchendur Passenger (UnReserved),Pass,SR,,,TEN,7:10,TCN,8:50,1h 40m,10,S M T W T F S,,61 km,37 km/hr,56752
19205,Bhavnagar Para - Mahuva Express (UnReserved),Exp,WR,,,BVP,9:40,MHV,14:35,4h 55m,22,S M T W T F S,,199 km,41 km/hr,19206
15076,Tanakpur - Shaktinagar Triveni Express,Exp,NER,,,TPU,8:10,SKTN,8:35,24h 25m,41,S T T S,SL 2A 3E,861 km,35 km/hr,15075
12072,Hingoli (Deccan) - Mumbai CSMT Jan Shatabdi Express (PT),JShtb,CR,,,HNL,4:15,CSMT,16:50,12h 35m,14,S M T W T F S,2S CC,658 km,52 km/hr,12071
67210,Katpadi - Tirupati MEMU,MEMU,SCoR,,,KPD,19:25,TPTY,22:45,3h 20m,11,S M T W T F S,,105 km,31 km/hr,67205
54355,Bandikui - Bareilly Passenger (UnReserved),Pass,NR,,,BKI,14:45,BE,6:20,15h 35m,47,S M T W T F S,,413 km,27 km/hr,54356
54356,Bareilly - Bandikui Passenger (UnReserved),Pass,NR,,,BE,21:05,BKI,9:50,12h 45m,47,S M T W T F S,,413 km,32 km/hr,54355
31347,Sealdah - Kalyani Galloping AC Local,Klkt,ER,,,SDAH,15:10,KYI,16:32,1h 22m,9,M T W T F S,,48 km,35 km/hr,31344
16849,Tiruchchirappalli - Rameswaram Express (UnReserved),Exp,SR,,,TPJ,7:05,RMM,12:35,5h 30m,16,S M T W T F S,,264 km,48 km/hr,16850
59562,Porbandar - Rajkot Passenger (UnReserved),Pass,WR,,,PBR,14:30,RJT,19:00,4h 30m,14,S M T W T F S,,202 km,45 km/hr,59561
12052,Madgaon - Mumbai CSMT Jan Shatabdi Express,JShtb,CR,,,MAO,12:00,CSMT,0:10,12h 10m,9,S M T W T F S,2S CC EV,581 km,48 km/hr,12051
15946,Dibrugarh - Mumbai LTT Express (PT),Exp,NFR,,,DBRG,5:00,LTT,17:50,60h 50m,54,S W,SL 3A 2A,3127 km,51 km/hr,15945
16834,Tiruchchirappalli - Mayiladuturai MEMU Express (UnReserved),Exp,SR,,,TPJ,16:20,MV,18:50,2h 30m,6,S M T W T F S,,120 km,48 km/hr,16833
56700,Tiruchchirappalli - Mayiladuturai Passenger (UnReserved),Pass,SR,,,TPJ,6:05,MV,9:15,3h 10m,23,S M T W T F S,,120 km,38 km/hr,56739
13158,Tirhut Express,Exp,ER,,,MFP,14:20,KOAA,3:00,12h 40m,12,W,SL 3A 2A 3E,567 km,45 km/hr,13157
59423,Rajkot - Veraval Passenger (UnReserved),Pass,WR,,,RJT,7:55,VRL,12:55,5h 0m,19,S M T W T F S,,185 km,37 km/hr,59424
52950,Delvada - Veraval MG Passenger (UnReserved),Pass,WR,,,DVA,7:50,VRLF,11:20,3h 30m,10,S M T W T F S,,95 km,27 km/hr,52949
13157,Tirhut Express (PT),Exp,ER,,,KOAA,20:55,MFP,9:05,12h 10m,12,T,SL 3A 2A 3E,567 km,47 km/hr,13158
12051,Mumbai CSMT - Madgaon Jan Shatabdi Express (PT),JShtb,CR,,,CSMT,5:10,MAO,16:40,11h 30m,9,S M T W T F S,2S CC EV,581 km,50 km/hr,12052
67243,Nidadavolu - Narasapur MEMU,MEMU,SCoR,,,NDD,8:40,NS,11:30,2h 50m,15,S M T W T F S,,76 km,27 km/hr,77293
63376,Supaul - Saharsa MEMU,MEMU,ECR,,,SOU,6:40,SHC,7:30,0h 50m,2,S M T W T F S,,27 km,33 km/hr,63375
12758,Kaghaznagar SF Express,SF,SCR,,,SKZR,14:50,SC,20:18,5h 28m,14,S M T W T F S,2S CC 3E,297 km,54 km/hr,12757
54213,Prayagraj Sangam - Jaunpur Passenger (UnReserved),Pass,NR,,,PYGS,17:05,JNU,21:30,4h 25m,17,S M T W T F S,,111 km,25 km/hr,54214
77636,Kalaburagi (Gulbarga) - Bidar DEMU,DEMU,SCR,,,KLBG,13:35,BIDR,16:35,3h 0m,8,M T W T F S,,125 km,42 km/hr,77637
12757,Kaghaznagar SF Express,SF,SCR,,,SC,8:10,SKZR,13:37,5h 27m,14,S M T W T F S,2S CC 3E,297 km,54 km/hr,12758
12021,Howrah - Barbil Jan Shatabdi Express,JShtb,SER,,,HWH,6:20,BBN,13:20,7h 0m,9,S M T W T F S,2S CC,397 km,57 km/hr,12022
18404,Dhanbad - Bhubaneswar Express (PT),Exp,ECoR,,,DHN,16:00,BBS,8:15,16h 15m,13,S M T W T F S,SL 3A 2A,779 km,48 km/hr,18403
16311,Shri Ganganagar - Thiruvananthapuram North (Kochuveli) Express (PT),Exp,SR,,,SGNR,14:10,TVCN,22:45,56h 35m,51,T,SL 3A 2A 3E,3017 km,53 km/hr,16312
13020,Bagh Express,Exp,ER,,,KGM,21:50,HWH,11:15,37h 25m,64,S M T W T F S,SL 3A 2A,1512 km,40 km/hr,13019
77632,Kalaburagi (Gulbarga) - Bidar DEMU,DEMU,SCR,,,KLBG,10:50,BIDR,13:45,2h 55m,8,M T W T F S,,125 km,43 km/hr,77631
77605,Kacheguda - Purna DEMU,DEMU,SCR,,,KCG,13:10,PAU,23:05,9h 55m,42,S M T W T F S,,307 km,31 km/hr,77606
13141,Teesta Torsa Express (PT),Exp,ER,,,SDAH,15:00,NOQ,6:40,15h 40m,33,S M T W T F S,SL 3A 2A,719 km,46 km/hr,13142
40562,Chengalpattu - Chennai Beach EMU (12 Car),Chn,SR,,,CGL,19:55,MSB,22:00,2h 5m,26,M T W T F S,,60 km,29 km/hr,
75724,Guwahati - New Bongaigaon DEMU,DEMU,NFR,,,GHY,17:15,NBQ,22:35,5h 20m,17,S M T W T F S,,182 km,34 km/hr,75723
40560,Chengalpattu - Chennai Beach EMU (12 Car),Chn,SR,,,CGL,19:35,MSB,21:30,1h 55m,26,M T W T F S,,60 km,31 km/hr,40559
40558,Chengalpattu - Chennai Beach EMU (12 Car),Chn,SR,,,CGL,19:15,MSB,21:15,2h 0m,26,M T W T F S,,60 km,30 km/hr,40559
59215,Bhanvad - Porbandar Passenger (UnReserved),Pass,WR,,,BNVD,22:40,PBR,0:10,1h 30m,5,S M T W T F S,,52 km,35 km/hr,59216
19045,Tapti Ganga Express (PT),Exp,WR,,,UDN,10:20,THE,20:55,34h 35m,37,S M W T F,SL 3A 2A,1828 km,53 km/hr,19046
14618,Amritsar - Purnia Court Jan Sewa Express (UnReserved),Exp,NR,,,ASR,6:35,PRNC,18:45,36h 10m,50,S M T W T F S,,1614 km,45 km/hr,14617
40556,Chengalpattu - Chennai Beach EMU (12 Car),Chn,SR,,,CGL,18:30,MSB,20:30,2h 0m,26,M T W T F S,,60 km,30 km/hr,40555
40554,Chengalpattu - Chennai Beach EMU (12 Car),Chn,SR,,,CGL,18:20,MSB,20:20,2h 0m,26,M T W T F S,,60 km,30 km/hr,40553
40564,Chengalpattu - Chennai Beach EMU (12 Car),Chn,SR,,,CGL,20:20,MSB,22:15,1h 55m,26,M T W T F S,,60 km,31 km/hr,40563
40568,Chengalpattu - Chennai Beach EMU (12 Car),Chn,SR,,,CGL,21:05,MSB,23:00,1h 55m,26,M T W T F S,,60 km,31 km/hr,
40570,Chengalpattu - Chennai Beach EMU (12 Car),Chn,SR,,,CGL,22:20,MSB,0:20,2h 0m,26,M T W T F S,,60 km,30 km/hr,
19405,Palanpur - Gandhidham Express,Exp,WR,,,PNU,13:45,GIMB,20:40,6h 55m,31,S M T W T F S,SL,301 km,43 km/hr,19406
22149,Ernakulam Jn. - Pune SF Express (PT),SF,CR,,,ERS,2:15,PUNE,5:50,27h 35m,18,T F,SL 3A 2A,1363 km,49 km/hr,22150
22150,Pune - Ernakulam Jn. SF Express (PT),SF,CR,,,PUNE,18:45,ERS,21:55,27h 10m,18,S W,SL 3A 2A,1363 km,50 km/hr,22149
15417,Alipurduar Jn - Silghat Town Rajya Rani Express,Exp,NFR,,,APDJ,18:45,SHTT,9:20,14h 35m,20,S T F,SL 3A,559 km,38 km/hr,15418
15418,Silghat Town - Alipurduar Jn. Rajya Rani Express,Exp,NFR,,,SHTT,17:55,APDJ,8:00,14h 5m,20,M W S,SL 3A,559 km,40 km/hr,15417
22201,Sealdah - Puri Duronto Express,Drnt,ER,,,SDAH,20:00,PURI,4:10,8h 10m,2,M W F,2S SL 3A 2A 1A,519 km,64 km/hr,22202
22202,Puri - Sealdah Duronto Express,Drnt,ER,,,PURI,19:25,SDAH,4:15,8h 50m,2,T T S,2S SL 3A 2A 1A,518 km,59 km/hr,22201
75707,Radhikapur - Siliguri DEMU,DEMU,NFR,,,RDP,6:30,SGUJ,12:40,6h 10m,25,S M T W T F S,,218 km,35 km/hr,75708
22878,Ernakulam - Howrah Antyodaya Express,Ant,SER,,,ERS,23:25,HWH,14:05,38h 40m,23,M,,2288 km,59 km/hr,22877
59205,Kanalus - Porbandar Passenger (UnReserved),Pass,WR,,,KNLS,13:50,PBR,16:10,2h 20m,9,S M T W T F S,,105 km,45 km/hr,59206
22873,Digha - Vishakapatnam SF Express (PT),SF,SCoR,,,DGHA,17:05,VSKP,8:15,15h 10m,15,F,SL 3A 2A,929 km,61 km/hr,22874
38813,Howrah - Midnapore Local,Klkt,SER,,,HWH,9:40,MDN,13:25,3h 45m,35,S M T W T F S,,128 km,34 km/hr,38820
38827,Howrah - Midnapore Galloping Local,Klkt,SER,,,HWH,18:40,MDN,22:10,3h 30m,22,S M T W T F S,,128 km,36 km/hr,38704
19484,Saharsa - Ahmedabad Express (PT),Exp,WR,,,SHC,16:40,ADI,12:00,43h 20m,34,S M T W T F,SL 3A 2A 3E,2275 km,52 km/hr,19483
54355,Bandikui - Bareilly Passenger (UnReserved),Pass,NR,,,BKI,14:45,BE,6:20,15h 35m,47,S M T W T F S,,413 km,27 km/hr,54356
54356,Bareilly - Bandikui Passenger (UnReserved),Pass,NR,,,BE,21:05,BKI,9:50,12h 45m,47,S M T W T F S,,413 km,32 km/hr,54355
19483,Ahmedabad - Saharsa Express (PT),Exp,WR,,,ADI,0:35,SHC,23:00,46h 25m,34,S M T W F S,SL 3A 2A 3E,2275 km,49 km/hr,19484
38051,Howrah - Haldia Local,Klkt,SER,,,HWH,5:40,HLZ,9:25,3h 45m,36,S M T W T F S,,139 km,37 km/hr,38054
37313,Howrah - Tarakeswar Local,Klkt,ER,,,HWH,5:30,TAK,7:10,1h 40m,19,S M T W T F S,,57 km,34 km/hr,37332
37315,Howrah - Tarakeswar Local,Klkt,ER,,,HWH,5:48,TAK,7:25,1h 37m,19,S M T W T F S,,57 km,35 km/hr,37326
37319,Howrah -Tarakeswar Local,Klkt,ER,,,HWH,6:45,TAK,8:23,1h 38m,19,S M T W T F S,,57 km,35 km/hr,37330
37327,Howrah - Tarakeswar Local,Klkt,ER,,,HWH,10:45,TAK,12:20,1h 35m,19,S M T W T F S,,57 km,36 km/hr,37338
37329,Howrah - Tarakeswar Local,Klkt,ER,,,HWH,11:36,TAK,13:05,1h 29m,19,S M T W T F S,,57 km,38 km/hr,37344
37337,Howrah - Tarakeswar Local,Klkt,ER,,,HWH,17:42,TAK,19:15,1h 33m,19,S M T W T F S,,57 km,37 km/hr,37350
37341,Howrah - Tarakeswar Local,Klkt,ER,,,HWH,19:05,TAK,20:38,1h 33m,19,S M T W T F S,,57 km,37 km/hr,37318
37345,Howrah - Tarakeswar Local,Klkt,ER,,,HWH,20:40,TAK,22:10,1h 30m,19,S M T W T F S,,57 km,38 km/hr,37316
36815,Howrah - Barddhaman Local (via Chord Line),Klkt,ER,,,HWH,6:10,BWN,8:25,2h 15m,28,S M T W T F S,,94 km,42 km/hr,36830
36817,Howrah-Barddhaman Local (via Chord Line),Klkt,ER,,,HWH,7:15,BWN,9:30,2h 15m,28,S M T W T F S,,94 km,42 km/hr,36834
36827,Howrah - Barddhaman Local (via Chord Line),Klkt,ER,,,HWH,12:00,BWN,14:10,2h 10m,28,S M T W T F S,,94 km,44 km/hr,36844
36829,Howrah - Barddhaman Local (via Chord Line),Klkt,ER,,,HWH,13:20,BWN,15:36,2h 16m,28,S M T W T F S,,94 km,42 km/hr,36846
22213,Shalimar - Patna Duronto Express,Drnt,SER,,,SHM,21:50,PNBE,6:15,8h 25m,2,M W F,2S 3A 2A 1A,536 km,64 km/hr,22214
20972,Shalimar - Udaipur City SF Express (PT),SF,NWR,,,SHM,19:50,UDZ,5:40,33h 50m,25,S,SL 3A 2A 3E,1871 km,55 km/hr,20971
22849,Shalimar - Secunderabad Weekly SF Express (PT),SF,SER,,,SHM,12:10,SC,14:35,26h 25m,18,W,SL 3A 2A 1A 3E,1574 km,60 km/hr,22850
36845,Howrah - Barddhaman Local (via Chord Line),Klkt,ER,,,HWH,19:40,BWN,21:50,2h 10m,27,S M T W T F S,,94 km,44 km/hr,36814
36849,Howrah - Barddhaman Local (via Chord Line),Klkt,ER,,,HWH,21:10,BWN,23:25,2h 15m,28,S M T W T F S,,94 km,42 km/hr,36818
22908,Hapa - Madgaon Weekly SF Express,SF,WR,,,HAPA,21:40,MAO,22:50,25h 10m,16,W,SL 3A 2A 3E,1348 km,54 km/hr,22907
40303,Chennai Beach - Tambaram EMU (12 Car),Chn,SR,,,MSB,6:00,TBM,7:00,1h 0m,16,S,FC,29 km,29 km/hr,
40305,Chennai Beach - Tambaram EMU(12 Car),Chn,SR,,,MSB,6:40,TBM,7:40,1h 0m,16,S,,29 km,29 km/hr,
22907,Madgaon - Hapa Weekly SF Express,SF,WR,,,MAO,10:00,HAPA,9:30,23h 30m,16,F,SL 3A 2A 3E,1348 km,57 km/hr,22908
40307,Chennai Beach - Tambaram EMU (12 Car),Chn,SR,,,MSB,7:15,TBM,8:15,1h 0m,16,S,,29 km,29 km/hr,
40301,Chennai Beach - Tambaram EMU (12 Car),Chn,SR,,,MSB,4:10,TBM,5:10,1h 0m,16,S,FC,29 km,29 km/hr,
40603,Chennai Beach - Chengalpattu EMU (12 Car),Chn,SR,,,MSB,4:30,CGL,6:25,1h 55m,26,S,FC,60 km,31 km/hr,40602
40605,Chennai Beach - Chengalpattu EMU (12 Car),Chn,SR,,,MSB,4:50,CGL,6:45,1h 55m,26,S,FC,60 km,31 km/hr,
40607,Chennai Beach - Chengalpattu EMU (12 Car),Chn,SR,,,MSB,5:00,CGL,7:00,2h 0m,26,S,FC,60 km,30 km/hr,
40609,Chennai Beach - Chengalpattu EMU (12 Car),Chn,SR,,,MSB,5:40,CGL,7:35,1h 55m,26,S,FC,60 km,31 km/hr,
40751,Chennai Beach - Kanchipuram EMU,Chn,SR,,,MSB,5:20,CJ,8:15,2h 55m,34,S,,96 km,33 km/hr,40752
40309,Chennai Beach - Tambaram EMU (12 Car),Chn,SR,,,MSB,7:40,TBM,8:40,1h 0m,16,S,,29 km,29 km/hr,
40311,Chennai Beach - Tambaram EMU (12 Car),Chn,SR,,,MSB,7:55,TBM,8:55,1h 0m,16,S,,29 km,29 km/hr,
40617,Chennai Beach - Chengalpattu EMU (12 Car),Chn,SR,,,MSB,8:50,CGL,10:45,1h 55m,26,S,FC,60 km,31 km/hr,
40313,Chennai Beach - Tambaram EMU,Chn,SR,,,MSB,8:20,TBM,9:20,1h 0m,16,S,,29 km,29 km/hr,
40315,Chennai Beach - Tambaram EMU (12 Car),Chn,SR,,,MSB,8:30,TBM,9:30,1h 0m,16,S,,29 km,29 km/hr,
40317,Chennai Beach - Tambaram EMU (12 Car),Chn,SR,,,MSB,8:40,TBM,9:40,1h 0m,16,S,,29 km,29 km/hr,
40381,Chennai Beach - Tambaram EMU (12 Car),Chn,SR,,,MSB,23:20,TBM,0:20,1h 0m,16,S,,29 km,29 km/hr,
40645,Chennai Beach - Chengalpattu EMU (12 car),Chn,SR,,,MSB,17:40,CGL,19:40,2h 0m,26,S,,60 km,30 km/hr,
40643,Chennai Beach - Chengalpattu EMU (12 Car),Chn,SR,,,MSB,17:10,CGL,19:05,1h 55m,26,S,,60 km,31 km/hr,
40629,Chennai Beach - Chengalpattu EMU (12 Car),Chn,SR,,,MSB,12:45,CGL,14:40,1h 55m,26,S,,60 km,31 km/hr,
40351,Chennai Beach - Tambaram EMU (12 Car),Chn,SR,,,MSB,15:50,TBM,16:50,1h 0m,16,S,,29 km,29 km/hr,
40349,Chennai Beach - Tambaram EMU (12 Car),Chn,SR,,,MSB,15:15,TBM,16:15,1h 0m,16,S,,29 km,29 km/hr,
40341,Chennai Beach - Tambaram EMU (12 Car),Chn,SR,,,MSB,13:15,TBM,14:15,1h 0m,16,S,,29 km,29 km/hr,
40339,Chennai Beach - Tambaram EMU (12 Car),Chn,SR,,,MSB,12:30,TBM,13:30,1h 0m,16,S,,29 km,29 km/hr,
40953,Chennai Beach - Arakkonam EMU,Chn,SR,,,MSB,18:00,AJJ,21:30,3h 30m,37,S,,128 km,37 km/hr,40954
40335,Chennai Beach - Tambaram EMU (12 Car),Chn,SR,,,MSB,11:30,TBM,12:30,1h 0m,16,S,FC,29 km,29 km/hr,
40333,Chennai Beach - Tambaram EMU (12 Car),Chn,SR,,,MSB,11:15,TBM,12:15,1h 0m,16,S,FC,29 km,29 km/hr,
40319,Chennai Beach - Tambaram EMU (12 Car),Chn,SR,,,MSB,9:00,TBM,10:00,1h 0m,16,S,,29 km,29 km/hr,
54355,Bandikui - Bareilly Passenger (UnReserved),Pass,NR,,,BKI,14:45,BE,6:20,15h 35m,47,S M T W T F S,,413 km,27 km/hr,54356
54356,Bareilly - Bandikui Passenger (UnReserved),Pass,NR,,,BE,21:05,BKI,9:50,12h 45m,47,S M T W T F S,,413 km,32 km/hr,54355
40323,Chennai Beach - Tambaram EMU (12 Car),Chn,SR,,,MSB,9:20,TBM,10:20,1h 0m,16,S,,29 km,29 km/hr,
40325,Chennai Beach - Tambaram EMU (12 Car),Chn,SR,,,MSB,9:40,TBM,10:40,1h 0m,16,S,,29 km,29 km/hr,
57406,Kadiridevarapalli - Tirupati Passenger,Pass,SCoR,,,KRYP,14:20,TPTY,3:10,12h 50m,38,S M T W T F S,2S SL,536 km,42 km/hr,57405
57405,Tirupati - Kadiridevarapalli Passenger,Pass,SCoR,,,TPTY,23:50,KRYP,12:35,12h 45m,37,S M T W T F S,2S SL,536 km,42 km/hr,57406
12372,Bikaner - Howrah Weekly SF Express (Via Lucknow),SF,ER,,,BKN,6:20,HWH,16:50,34h 30m,28,T,SL 3A 2A 1A,1930 km,56 km/hr,12371
22902,Udaipur City - Bandra Terminus SF Express,SF,WR,,,UDZ,20:50,BDTS,13:35,16h 45m,14,S W F,SL 3A 2A 1A 3E,945 km,56 km/hr,22901
20910,Porbandar - Thiruvananthapuram North (Kochuveli) Weekly SF Express (PT),SF,WR,,,PBR,18:40,TVCN,18:00,47h 20m,30,T,SL 3A 2A,2412 km,51 km/hr,20909
20909,Thiruvananthapuram North (Kochuveli) - Porbandar Weekly SF Express (PT),SF,WR,,,TVCN,9:10,PBR,7:15,46h 5m,30,S,SL 3A 2A,2412 km,52 km/hr,20910
22210,Hazrat Nizamuddin - Mumbai Central Duronto Express,Drnt,WR,,,NZM,22:15,MMCT,15:50,17h 35m,3,T S,2S 3A 2A 1A 3E,1378 km,78 km/hr,22209
15503,Saharsa - Patna Rajya Rani Express,Exp,ECR,,,SHC,7:15,PNBE,11:30,4h 15m,7,M F,CC 3E,214 km,50 km/hr,15504
15504,Patna - Saharsa Rajya Rani Express,Exp,ECR,,,PNBE,12:20,SHC,16:35,4h 15m,7,S T,CC 3E,214 km,50 km/hr,15503
63547,Jasidih - Banka MEMU,MEMU,ER,,,JSME,10:25,BAKA,12:05,1h 40m,7,S M T W T F,,61 km,37 km/hr,63548
16088,Salem - Arakkonam MEMU Express (UnReserved),Exp,SR,,,SA,15:30,AJJ,20:50,5h 20m,19,M T W T F,,266 km,50 km/hr,16087
37741,Bandel - Katwa Local,Klkt,ER,,,BDC,3:05,KWAE,5:15,2h 10m,27,S M T W T F S,,105 km,48 km/hr,37918
37742,Katwa - Bandel Local,Klkt,ER,,,KWAE,4:16,BDC,6:30,2h 14m,28,S M T W T F S,,105 km,47 km/hr,37755
37743,Bandel - Katwa Local,Klkt,ER,,,BDC,4:30,KWAE,6:45,2h 15m,28,S M T W T F S,,105 km,47 km/hr,37920
37745,Bandel - Katwa Local,Klkt,ER,,,BDC,5:40,KWAE,7:55,2h 15m,28,S M T W T F S,,105 km,47 km/hr,37744
37747,Bandel - Katwa Local,Klkt,ER,,,BDC,8:15,KWAE,10:29,2h 14m,28,S M T W T F S,,105 km,47 km/hr,37754
18512,Visakhapatnam - Koraput Intercity Express,Exp,SCoR,,,VSKP,13:45,KRPU,21:00,7h 15m,9,M F,2S CC,359 km,50 km/hr,18511
37749,Bandel - Katwa Local,Klkt,ER,,,BDC,12:15,KWAE,14:30,2h 15m,28,S M T W T F S,,105 km,47 km/hr,37926
37751,Bandel - Katwa Local,Klkt,ER,,,BDC,14:35,KWAE,16:50,2h 15m,28,S M T W T F S,,105 km,47 km/hr,37746
37753,Bandel - Katwa Local,Klkt,ER,,,BDC,16:35,KWAE,18:50,2h 15m,28,S M T W T F S,,105 km,47 km/hr,37928
37919,Howrah - Katwa Galloping Local,Klkt,ER,,,HWH,14:30,KWAE,17:35,3h 5m,31,S M T W T F S,,145 km,47 km/hr,37752
37923,Howrah - Katwa Galloping Local,Klkt,ER,,,HWH,18:00,KWAE,21:05,3h 5m,32,S M T W T F S,,145 km,47 km/hr,37758
37925,Howrah - Katwa Galloping Local,Klkt,ER,,,HWH,19:25,KWAE,22:30,3h 5m,28,S M T W T F S,,145 km,47 km/hr,37914
37918,Katwa - Howrah Local,Klkt,ER,,,KWAE,6:55,HWH,10:18,3h 23m,43,S M T W T F S,,144 km,43 km/hr,37741
37928,Katwa - Howrah Local,Klkt,ER,,,KWAE,19:25,HWH,22:44,3h 19m,41,S M T W T F S,,144 km,44 km/hr,37753
63512,Asansol - Barddhaman MEMU,MEMU,ER,,,ASN,6:15,BWN,8:35,2h 20m,13,S M T W T F S,,106 km,45 km/hr,63521
63516,Asansol - Barddhaman MEMU,MEMU,ER,,,ASN,10:15,BWN,12:35,2h 20m,12,S M T W T F S,,106 km,45 km/hr,63517
32218,Dankuni - Sealdah Local,Klkt,ER,,,DKAE,7:00,SDAH,7:46,0h 46m,6,S M T W T F S,,22 km,28 km/hr,32217
30416,Sealdah - B.B.D Bag Local,Klkt,ER,,,SDAH,17:20,BBDB,18:10,0h 50m,10,S M T W T F S,,19 km,23 km/hr,
33853,Sealdah - Bangaon Local,Klkt,ER,,,SDAH,20:14,BNJ,22:13,1h 59m,22,S M T W T F S,,76 km,39 km/hr,33860
40556,Chengalpattu - Chennai Beach EMU (12 Car),Chn,SR,,,CGL,18:30,MSB,20:30,2h 0m,26,M T W T F S,,60 km,30 km/hr,40555
40327,Chennai Beach - Tambaram EMU (12 Car),Chn,SR,,,MSB,9:50,TBM,10:50,1h 0m,16,S,,29 km,29 km/hr,
40554,Chengalpattu - Chennai Beach EMU (12 Car),Chn,SR,,,CGL,18:20,MSB,20:20,2h 0m,26,M T W T F S,,60 km,30 km/hr,40553
95302,A12 / Ambernath - Mumbai CSMT Fast Local,Mumb,CR,,,ABH,7:17,CSMT,8:36,1h 19m,9,S M T W T F S,FC,58 km,44 km/hr,95301
40623,Chennai Beach - Chengalpattu EMU (12 Car),Chn,SR,,,MSB,10:45,CGL,12:40,1h 55m,26,S,FC,60 km,31 km/hr,
40331,Chennai Beach - Tambaram EMU (12 Car),Chn,SR,,,MSB,11:00,TBM,12:00,1h 0m,16,S,FC,29 km,29 km/hr,
40337,Chennai Beach - Tambaram EMU (12 Car),Chn,SR,,,MSB,12:00,TBM,13:00,1h 0m,16,S,FC,29 km,29 km/hr,
33517,Sealdah - Hasanabad Local,Klkt,ER,,,SDAH,8:20,HNB,10:25,2h 5m,28,S M T W T F S,,75 km,36 km/hr,33522
33521,Sealdah - Hasanabad Local,Klkt,ER,,,SDAH,10:58,HNB,13:10,2h 12m,28,M T W T F S,,75 km,34 km/hr,33528
33523,Sealdah - Hasanabad Local,Klkt,ER,,,SDAH,12:18,HNB,14:25,2h 7m,28,S M T W T F S,,75 km,35 km/hr,33530
34602,Sealdah - Baruipur Matribhoomi Ladies Special Local,Klkt,ER,,,SDAH,17:35,BRP,18:19,0h 44m,11,M T W T F S,,25 km,34 km/hr,34601
32233,Sealdah - Dankuni Local,Klkt,ER,,,SDAH,12:13,DKAE,12:57,0h 44m,7,S M T W T F S,,22 km,30 km/hr,32234
36085,Howrah - Masagram Local,Klkt,ER,,,HWH,16:30,MSAE,18:20,1h 50m,23,S M T W T F S,,72 km,39 km/hr,36086
33623,Sealdah - Dattapukur Local,Klkt,ER,,,SDAH,20:08,DTK,21:10,1h 2m,11,S M T W T F S,,30 km,29 km/hr,33630
77620,Nagarsol - Jalna DEMU,DEMU,SCR,,,NSL,18:30,J,21:40,3h 10m,12,M T T,,151 km,48 km/hr,77619
34155,Komagata Maru Budge Budge - Sealdah Local,Klkt,ER,,,KBGB,20:20,SDAH,21:17,0h 57m,10,S M T W T F S,,26 km,27 km/hr,34154
54355,Bandikui - Bareilly Passenger (UnReserved),Pass,NR,,,BKI,14:45,BE,6:20,15h 35m,47,S M T W T F S,,413 km,27 km/hr,54356
54356,Bareilly - Bandikui Passenger (UnReserved),Pass,NR,,,BE,21:05,BKI,9:50,12h 45m,47,S M T W T F S,,413 km,32 km/hr,54355
33532,Hasanabad - Sealdah Local,Klkt,ER,,,HNB,17:08,SDAH,19:13,2h 5m,28,S M T W T F S,,75 km,36 km/hr,33525
34517,Canning - Sealdah Local,Klkt,ER,,,CG,5:49,SDAH,7:08,1h 19m,18,S M T W T F S,,45 km,34 km/hr,34352
34551,Canning - Sealdah Local,Klkt,ER,,,CG,20:05,SDAH,21:22,1h 17m,17,S M T W T F S,,45 km,35 km/hr,34542
31220,Barrackpore - Sealdah Local,Klkt,ER,,,BP,8:53,SDAH,9:39,0h 46m,7,M T W T F S,,22 km,29 km/hr,31219
32220,Dankuni - Sealdah Local,Klkt,ER,,,DKAE,7:42,SDAH,8:32,0h 50m,7,S M T W T F S,,22 km,26 km/hr,32219
32226,Dankuni - Sealdah Local,Klkt,ER,,,DKAE,9:47,SDAH,10:35,0h 48m,7,M T W T F S,,22 km,27 km/hr,32225
32232,Dankuni - Sealdah Local,Klkt,ER,,,DKAE,11:51,SDAH,12:42,0h 51m,7,S M T W T F S,,22 km,26 km/hr,32231
32238,Dankuni - Sealdah Local,Klkt,ER,,,DKAE,16:22,SDAH,17:07,0h 45m,7,S M T W T F S,,22 km,29 km/hr,32237
32240,Dankuni - Sealdah Local,Klkt,ER,,,DKAE,17:06,SDAH,17:55,0h 49m,7,S M T W T F S,,22 km,27 km/hr,32239
32246,Dankuni - Sealdah Local,Klkt,ER,,,DKAE,19:10,SDAH,19:58,0h 48m,7,S M T W T F S,,22 km,27 km/hr,32243
32248,Dankuni - Sealdah Local,Klkt,ER,,,DKAE,20:29,SDAH,21:20,0h 51m,7,S M T W T F S,,22 km,26 km/hr,32245
32414,Baruipara - Sealdah Local,Klkt,ER,,,BRPA,22:35,SDAH,23:40,1h 5m,11,S M T W T F S,,33 km,31 km/hr,32413
38906,Amta - Howrah Local,Klkt,SER,,,AMTA,6:40,HWH,8:30,1h 50m,19,S M T W T F S,,49 km,27 km/hr,38923
38908,Amta - Howrah Local,Klkt,SER,,,AMTA,8:00,HWH,10:00,2h 0m,19,S M T W T F S,,49 km,25 km/hr,38903
38910,Amta - Howrah Local,Klkt,SER,,,AMTA,8:55,HWH,10:50,1h 55m,19,S M T W T F S,,49 km,26 km/hr,38905
38914,Amta - Howrah Local,Klkt,SER,,,AMTA,13:05,HWH,15:00,1h 55m,19,M T W T F S,,49 km,26 km/hr,38909
38918,Amta - Howrah Local,Klkt,SER,,,AMTA,17:25,HWH,19:20,1h 55m,19,S M T W T F S,,49 km,26 km/hr,38913
38714,Kharagpur - Howrah Galloping Local,Klkt,SER,,,KGP,7:45,HWH,10:20,2h 35m,13,S M T W T F S,,115 km,45 km/hr,38705
38810,Midnapore - Howrah Local,Klkt,SER,,,MDN,7:40,HWH,11:00,3h 20m,31,S M T W T F S,,127 km,38 km/hr,38803
38814,Midnapore - Howrah Local,Klkt,SER,,,MDN,11:00,HWH,14:25,3h 25m,35,S M T W T F S,,127 km,37 km/hr,38807
38826,Midnapore - Howrah Local,Klkt,SER,,,MDN,17:40,HWH,21:30,3h 50m,35,S M T W T F S,,127 km,33 km/hr,38819
36032,Chandanpur - Howrah Local,Klkt,ER,,,CDAE,9:55,HWH,11:20,1h 25m,13,S M T W T F S,,40 km,28 km/hr,36031
36088,Masagram - Howrah Local,Klkt,ER,,,MSAE,21:42,HWH,23:30,1h 48m,22,S M T W T F S,,72 km,40 km/hr,36087
36814,Barddhaman - Howrah Local (via Chord Line),Klkt,ER,,,BWN,3:55,HWH,6:10,2h 15m,28,S M T W T F S,,94 km,42 km/hr,36845
36816,Barddhaman - Howrah Local (via Chord Line),Klkt,ER,,,BWN,4:55,HWH,7:10,2h 15m,27,S M T W T F S,,94 km,42 km/hr,36847
36818,Barddhaman - Howrah Local (via Chord Line),Klkt,ER,,,BWN,5:30,HWH,7:45,2h 15m,27,S M T W T F S,,94 km,42 km/hr,36849
36820,Barddhaman - Howrah Local (via Chord Line),Klkt,ER,,,BWN,6:00,HWH,8:15,2h 15m,28,S M T W T F S,,94 km,42 km/hr,36851
36826,Barddhaman - Howrah Local (via Chord Line),Klkt,ER,,,BWN,7:30,HWH,9:35,2h 5m,28,S M T W T F S,,94 km,45 km/hr,36811
36854,Barddhaman - Howrah Local (via Chord Line),Klkt,ER,,,BWN,20:00,HWH,22:10,2h 10m,28,S M T W T F S,,94 km,44 km/hr,37841
36858,Barddhaman - Howrah Local (via Chord Line),Klkt,ER,,,BWN,21:00,HWH,23:10,2h 10m,28,S M T W T F S,,94 km,44 km/hr,36839
37052,Seoraphuli - Howrah Local,Klkt,ER,,,SHE,11:25,HWH,12:07,0h 42m,8,M T W T F S,,22 km,31 km/hr,37051
37375,Howrah - Goghat Local,Klkt,ER,,,HWH,7:25,GOGT,9:55,2h 30m,24,S M T W T F S,,91 km,36 km/hr,37374
37377,Howrah - Goghat Local,Klkt,ER,,,HWH,10:35,GOGT,13:00,2h 25m,24,S M T W T F S,,91 km,38 km/hr,37376
37213,Howrah - Bandel Local,Klkt,ER,,,HWH,5:05,BDC,6:08,1h 3m,15,S M T W T F S,,39 km,38 km/hr,37224
37232,Bandel - Howrah Local,Klkt,ER,,,BDC,8:50,HWH,9:55,1h 5m,15,S M T W T F S,,39 km,36 km/hr,37279
37256,Bandel - Howrah Local,Klkt,ER,,,BDC,15:10,HWH,16:20,1h 10m,15,S M T W T F S,,39 km,34 km/hr,37251
37263,Howrah - Bandel Local,Klkt,ER,,,HWH,17:47,BDC,18:56,1h 9m,15,S M T W T F S,,39 km,34 km/hr,37276
37266,Bandel - Howrah Local,Klkt,ER,,,BDC,17:15,HWH,18:18,1h 3m,15,S M T W T F S,,39 km,38 km/hr,37229
37272,Bandel - Howrah Local,Klkt,ER,,,BDC,18:18,HWH,19:30,1h 12m,15,S M T W T F S,,39 km,33 km/hr,37261
37320,Tarakeswar - Howrah Local,Klkt,ER,,,TAK,7:00,HWH,8:40,1h 40m,19,S M T W T F S,,57 km,34 km/hr,37351
37338,Tarakeswar - Howrah Local,Klkt,ER,,,TAK,13:25,HWH,15:00,1h 35m,19,S M T W T F S,,57 km,36 km/hr,37327
37340,Tarakeswar - Howrah Local,Klkt,ER,,,TAK,14:18,HWH,15:50,1h 32m,19,S M T W T F S,,57 km,37 km/hr,37321
37342,Tarakeswar - Howrah Local,Klkt,ER,,,TAK,15:15,HWH,16:45,1h 30m,19,S M T W T F S,,57 km,38 km/hr,37365
37344,Tarakeswar - Howrah Local,Klkt,ER,,,TAK,16:32,HWH,18:07,1h 35m,19,S M T W T F S,,57 km,36 km/hr,37329
37346,Tarakeswar - Howrah Local,Klkt,ER,,,TAK,17:10,HWH,18:39,1h 29m,19,S M T W T F S,,57 km,38 km/hr,37369
37354,Tarakeswar - Howrah Local,Klkt,ER,,,TAK,19:33,HWH,21:04,1h 31m,19,S M T W T F S,,57 km,38 km/hr,37343
37302,Haripal - Howrah Local,Klkt,ER,,,HPL,8:25,HWH,9:40,1h 15m,15,S M T W T F S,,45 km,36 km/hr,37301
37304,Haripal - Howrah Local,Klkt,ER,,,HPL,20:50,HWH,22:10,1h 20m,15,S M T W T F S,,45 km,34 km/hr,X-37303
54355,Bandikui - Bareilly Passenger (UnReserved),Pass,NR,,,BKI,14:45,BE,6:20,15h 35m,47,S M T W T F S,,413 km,27 km/hr,54356
54356,Bareilly - Bandikui Passenger (UnReserved),Pass,NR,,,BE,21:05,BKI,9:50,12h 45m,47,S M T W T F S,,413 km,32 km/hr,54355
37838,Barddhaman - Howrah Local (via Main Line),Klkt,ER,,,BWN,13:40,HWH,16:12,2h 32m,32,S M T W T F S,,107 km,42 km/hr,37825
37840,Barddhaman - Howrah Local (via Main Line),Klkt,ER,,,BWN,15:10,HWH,17:37,2h 27m,32,S M T W T F S,,107 km,44 km/hr,37827
33717,Ranaghat - Bangaon Local,Klkt,ER,,,RHA,8:34,BNJ,9:16,0h 42m,6,S M T W T F S,,33 km,47 km/hr,33718
33725,Ranaghat - Bangaon Local,Klkt,ER,,,RHA,14:26,BNJ,15:07,0h 41m,6,S M T W T F S,,33 km,48 km/hr,33728
33712,Bangaon - Ranaghat Local,Klkt,ER,,,BNJ,4:18,RHA,5:03,0h 45m,6,S M T W T F S,,33 km,44 km/hr,33739
33724,Bangaon - Ranaghat Local,Klkt,ER,,,BNJ,13:03,RHA,13:50,0h 47m,6,S M T W T F S,,33 km,42 km/hr,33717
33728,Bangaon - Ranaghat Local,Klkt,ER,,,BNJ,15:20,RHA,16:04,0h 44m,6,S M T W T F S,,33 km,45 km/hr,33725
33730,Bangaon - Ranaghat Local,Klkt,ER,,,BNJ,16:30,RHA,17:13,0h 43m,7,S M T W T F S,,33 km,46 km/hr,33727
33732,Bangaon - Ranaghat Local,Klkt,ER,,,BNJ,18:00,RHA,18:43,0h 43m,6,S M T W T F S,,33 km,46 km/hr,33729
33736,Bangaon - Ranaghat Local,Klkt,ER,,,BNJ,21:02,RHA,21:49,0h 47m,7,S M T W T F S,,33 km,42 km/hr,33735
37532,Bandel - Naihati Local,Klkt,ER,,,BDC,9:08,NH,9:32,0h 24m,2,S M T W T F S,,8 km,21 km/hr,37531
63020,Azimganj - Katwa MEMU,MEMU,ER,,,AZ,16:55,KWAE,18:35,1h 40m,13,S M T W T F S,,73 km,44 km/hr,63019
63508,Asansol - Barddhaman MEMU,MEMU,ER,,,ASN,5:40,BWN,7:50,2h 10m,12,S M T W T F S,,106 km,49 km/hr,63511
63533,Andal - Sainthia MEMU,MEMU,ER,,,UDL,14:00,SNT,15:50,1h 50m,12,S M T W T F S,,73 km,40 km/hr,63536
63536,Sainthia - Andal MEMU,MEMU,ER,,,SNT,16:20,UDL,18:10,1h 50m,12,S M T W T F S,,73 km,40 km/hr,63533
63537,Andal - Sainthia MEMU,MEMU,ER,,,UDL,19:05,SNT,20:55,1h 50m,12,S M T W T F S,,73 km,40 km/hr,63532
63538,Sainthia - Andal MEMU,MEMU,ER,,,SNT,20:00,UDL,21:50,1h 50m,12,S M T W T F S,,73 km,40 km/hr,63535
63530,Rampurhat - Andal MEMU,MEMU,ER,,,RPH,8:25,UDL,10:55,2h 30m,15,S M T W T F S,,101 km,40 km/hr,63529
63531,Andal - Sainthia MEMU,MEMU,ER,,,UDL,8:20,SNT,10:10,1h 50m,12,S M T W T F S,,73 km,40 km/hr,63534
63534,Sainthia - Andal MEMU,MEMU,ER,,,SNT,10:30,UDL,12:20,1h 50m,12,S M T W T F S,,73 km,40 km/hr,63531
63535,Andal - Sainthia MEMU,MEMU,ER,,,UDL,17:10,SNT,19:00,1h 50m,11,S M T W T F S,,73 km,40 km/hr,63538
63529,Andal - Rampurhat MEMU,MEMU,ER,,,UDL,5:40,RPH,8:00,2h 20m,16,S M T W T F S,,101 km,43 km/hr,63530
63532,Sainthia - Andal MEMU,MEMU,ER,,,SNT,4:10,UDL,5:55,1h 45m,12,S M T W T F S,,73 km,42 km/hr,63537
59205,Kanalus - Porbandar Passenger (UnReserved),Pass,WR,,,KNLS,13:50,PBR,16:10,2h 20m,9,S M T W T F S,,105 km,45 km/hr,59206
40552,Chengalpattu - Chennai Beach EMU (12 Car),Chn,SR,,,CGL,17:55,MSB,19:55,2h 0m,26,M T W T F S,,60 km,30 km/hr,40551
40550,Chengalpattu - Chennai Beach EMU (12 Car),Chn,SR,,,CGL,17:25,MSB,19:25,2h 0m,26,M T W T F S,,60 km,30 km/hr,40549
38056,Haldia - Howrah Galloping Local,Klkt,SER,,,HLZ,15:00,HWH,18:05,3h 5m,19,S M T W T F S,,136 km,44 km/hr,38053
13136,Jaynagar - Kolkata Weekly Express,Exp,ER,,,JYG,12:35,KOAA,3:00,14h 25m,15,S,SL 3A 2A 1A,620 km,43 km/hr,13135
17408,Pamani Express,Exp,SCoR,,,MQ,5:10,TPTY,15:30,10h 20m,18,M W F,2S SL 3A,464 km,45 km/hr,17407
22627,Tiruchchirappalli - Thiruvananthapuram Central InterCity SF Express,SF,SR,,,TPJ,7:15,TVC,15:20,8h 5m,10,S M T W T F S,2S CC,457 km,56 km/hr,22628
22203,Visakhapatnam - Secunderabad AC Duronto Express,Drnt,SCR,,,VSKP,19:40,SC,6:35,10h 55m,2,S T T,3A 2A 1A,663 km,61 km/hr,22204
17020,Hyderabad - Hisar Weekly Express (PT),Exp,SCR,,,HYB,15:10,HSR,13:40,46h 30m,44,S,SL 3A 2A 1A,2357 km,51 km/hr,17019
17007,Charlapalli - Darbhanga Express (PT),Exp,SCR,,,CHZ,22:50,DBG,13:40,38h 50m,25,T S,SL 3A 2A,1898 km,49 km/hr,17008
17008,Darbhanga - Charlapalli Express (PT),Exp,SCR,,,DBG,7:05,CHZ,20:00,36h 55m,25,T F,SL 3A 2A,1898 km,51 km/hr,17007
17009,Bidar - Hyderabad Intercity Express (UnReserved),Exp,SCR,,,BIDR,6:15,HYB,10:15,4h 0m,8,S M T W T F S,,164 km,41 km/hr,17012
54010,Narwana - Jind Passenger (UnReserved),Pass,NR,,,NRW,22:20,JIND,23:10,0h 50m,3,S M T W T F S,,34 km,41 km/hr,
56208,Mysuru - Chamarajanagar Passenger (UnReserved),Pass,SWR,,,MYS,15:40,CMNR,17:20,1h 40m,11,S M T W T F S,,60 km,36 km/hr,56209
56203,Chamarajanagar - Mysuru Passenger (UnReserved),Pass,SWR,,,CMNR,17:30,MYS,19:30,2h 0m,12,S M T W T F S,,60 km,30 km/hr,56204
77650,Karimnagar - Kacheguda DEMU,DEMU,SCR,,,KRMR,14:20,KCG,23:25,9h 5m,27,S M T W T F S,,309 km,34 km/hr,77649
22949,Bandra Terminus - Delhi Sarai Rohilla SF Express (PT),SF,WR,,,BDTS,14:40,DEE,11:45,21h 5m,25,W,SL 3A 2A 1A 3E,1348 km,64 km/hr,22950
19619,Phulera - Rewari Express (UnReserved),Exp,NWR,,,FL,12:40,RE,17:40,5h 0m,26,S M T W T F S,,216 km,43 km/hr,19620
22859,Puri - MGR Chennai Central SF Express (PT),SF,ECoR,,,PURI,17:30,MAS,14:05,20h 35m,19,S,SL 3A 2A 3E,1250 km,61 km/hr,22860
22860,MGR Chennai Central - Puri SF Express (PT),SF,ECoR,,,MAS,16:25,PURI,13:55,21h 30m,19,M,SL 3A 2A,1250 km,58 km/hr,22859
35014,Katwa - Barddhaman Local,Klkt,ER,,,KWAE,7:20,BWN,8:45,1h 25m,14,S M T W T F S,,53 km,37 km/hr,35011
20837,Bhubaneswar - Junagarh Road SF Express,SF,ECoR,,,BBS,21:35,JNRD,9:15,11h 40m,17,S M T W T F S,SL 3A 2A,655 km,56 km/hr,20838
15767,Siliguri - Alipurduar Jn. Intercity Express (UnReserved),Exp,NFR,,,SGUJ,17:00,APDJ,23:15,6h 15m,19,S M T W T F S,,161 km,26 km/hr,15768
95113,S17 / Mumbai CSMT - Karjat (15 Car) Fast Local,Mumb,CR,,,CSMT,9:57,KJT,11:55,1h 58m,16,S M T W T F S,FC,98 km,50 km/hr,95110
22475,Hisar - Coimbatore AC SF Express (PT),ACSF,NWR,,,HSR,13:50,CBE,17:10,51h 20m,40,W,3A 2A 1A,2787 km,54 km/hr,22476
54355,Bandikui - Bareilly Passenger (UnReserved),Pass,NR,,,BKI,14:45,BE,6:20,15h 35m,47,S M T W T F S,,413 km,27 km/hr,54356
54356,Bareilly - Bandikui Passenger (UnReserved),Pass,NR,,,BE,21:05,BKI,9:50,12h 45m,47,S M T W T F S,,413 km,32 km/hr,54355
12932,Ahmedabad - Mumbai Central AC Double Decker Express,DD,WR,,,ADI,5:45,MMCT,13:05,7h 20m,9,M T W T F S,CC,493 km,67 km/hr,12931
20471,Shri Ganganagar - Puri SF Express (PT),SF,NWR,,,SGNR,14:10,PURI,9:50,43h 40m,37,S,SL 3A 2A 3E,2407 km,55 km/hr,20472
14601,Firozpur Cantt - Hanumangarh Express (UnReserved),Exp,NR,,,FZR,5:05,HMH,10:25,5h 20m,10,S M T W T F S,,251 km,47 km/hr,14602
63434,Rampurhat - Azimganj MEMU,MEMU,ER,,,RPH,16:05,AZ,17:55,1h 50m,9,S M T W T F S,,59 km,32 km/hr,63433
38311,Howrah - Mecheda Local,Klkt,SER,,,HWH,17:45,MCA,19:45,2h 0m,19,S M T W T F S,,58 km,29 km/hr,38204
54826,Bilara - Jodhpur Passenger (UnReserved),Pass,NWR,,,BLRA,5:45,JU,9:00,3h 15m,10,S M T W T F S,,88 km,27 km/hr,54825
54825,Jodhpur - Bilara Passenger (UnReserved),Pass,NWR,,,JU,18:45,BLRA,22:00,3h 15m,10,S M T W T F S,,88 km,27 km/hr,54826
20930,Banaras - Udhna Weekly SF Express (via Jabalpur),SF,WR,,,BNRS,4:45,UDN,5:15,24h 30m,12,S,SL 3A 2A,1401 km,57 km/hr,20929
95213,BL13 / Mumbai CSMT - Badlapur Fast Local,Mumb,CR,,,CSMT,9:46,BUD,11:09,1h 23m,12,S M T W T F S,FC,68 km,49 km/hr,95232
95231,BL31 / Mumbai CSMT - Badlapur (15 Car) Fast Local,Mumb,CR,,,CSMT,15:03,BUD,16:27,1h 24m,10,S M T W T F S,FC,66 km,47 km/hr,
56742,Sengottai - Tirunelveli Passenger (UnReserved),Pass,SR,,,SCT,10:00,TEN,12:20,2h 20m,15,S M T W T F S,,80 km,34 km/hr,56741
97601,C1 / Mumbai CSMT - Kurla Slow Local,Mumb,CR,,,CSMT,0:05,CLA,0:33,0h 28m,9,S M T W T F S,FC,16 km,33 km/hr,97600
65309,Moradabad - Ramnagar MEMU,MEMU,NER,,,MB,16:55,RMR,19:35,2h 40m,11,S M T W T F S,,77 km,29 km/hr,65310
18620,Godda - Ranchi Intercity Express (via Dumka) (PT),Exp,SER,,,GODA,16:05,RNC,4:10,12h 5m,22,S M T W T F S,SL 3A 2A 1A,456 km,38 km/hr,18619
95230,BL44 / Badlapur - Mumbai CSMT (15 Car) Fast Local,Mumb,CR,,,BUD,16:47,CSMT,18:10,1h 23m,10,S M T W T F S,FC,66 km,47 km/hr,95209
37371,Howrah - Goghat Local,Klkt,ER,,,HWH,4:25,GOGT,7:05,2h 40m,24,S M T W T F S,,91 km,34 km/hr,37372
12762,Karimnagar - Tirupati SF Express (PT),SF,SCR,,,KRMR,19:15,TPTY,8:05,12h 50m,10,S T,SL 3A 2A,712 km,55 km/hr,12761
40752,Kanchipuram - Chennai Beach EMU,Chn,SR,,,CJ,6:10,MSB,9:00,2h 50m,34,S,FC,96 km,34 km/hr,40751
40602,Chengalpattu - Chennai Beach EMU (12 Car),Chn,SR,,,CGL,3:55,MSB,5:55,2h 0m,26,S,,60 km,30 km/hr,40601
15769,Alipur Duar Jn.- Mariani InterCity Express (UnReserved),Exp,NFR,,,APDJ,3:30,MXN,20:00,16h 30m,36,S M T W T F S,,670 km,41 km/hr,15770
40954,Arakkonam - Chennai Beach Fast EMU,Chn,SR,,,AJJ,7:30,MSB,11:00,3h 30m,37,S,FC,128 km,37 km/hr,40953
37373,Howrah - Goghat Local,Klkt,ER,,,HWH,5:10,GOGT,8:00,2h 50m,24,S M T W T F S,,91 km,32 km/hr,37406
37379,Howrah - Goghat Local,Klkt,ER,,,HWH,13:05,GOGT,15:30,2h 25m,24,S M T W T F S,,91 km,38 km/hr,37378
55601,Guwahati - Lumding Passenger (UnReserved),Pass,NFR,,,GHY,17:00,LMG,22:05,5h 5m,14,S F S,,181 km,36 km/hr,55602
18516,Kirandul - Visakhapatnam Express,Exp,SCoR,,,KRDL,16:00,VSKP,3:40,11h 40m,9,S M T W T F S,SL 3A 2A,471 km,40 km/hr,18515
18515,Visakhapatnam - Kirandul Express,Exp,SCoR,,,VSKP,21:10,KRDL,9:00,11h 50m,9,S M T W T F S,SL 3A 2A,471 km,40 km/hr,18516
40302,Tambaram - Chennai Beach EMU (12 Car),Chn,SR,,,TBM,3:55,MSB,4:55,1h 0m,16,S,FC,29 km,29 km/hr,40301
40304,Tambaram - Chennai Beach EMU (12 Car),Chn,SR,,,TBM,4:15,MSB,5:15,1h 0m,16,S,,29 km,29 km/hr,40303
40306,Tambaram - Chennai Beach EMU (12 Car),Chn,SR,,,TBM,4:35,MSB,5:35,1h 0m,16,S,,29 km,29 km/hr,40305
40308,Tambaram - Chennai Beach EMU (12 Car),Chn,SR,,,TBM,5:15,MSB,6:15,1h 0m,16,S,,29 km,29 km/hr,40307
40310,Tambaram - Chennai Beach EMU (12 Car),Chn,SR,,,TBM,6:00,MSB,7:00,1h 0m,16,S,,29 km,29 km/hr,40309
40312,Tambaram - Chennai Beach EMU (12 Car),Chn,SR,,,TBM,6:30,MSB,7:30,1h 0m,16,S,,29 km,29 km/hr,40311
40314,Tambaram - Chennai Beach EMU (12 Car),Chn,SR,,,TBM,7:00,MSB,8:00,1h 0m,16,S,,29 km,29 km/hr,40313
40318,Tambaram - Chennai Beach EMU (12 Car),Chn,SR,,,TBM,8:10,MSB,9:10,1h 0m,16,S,,29 km,29 km/hr,40317
40320,Tambaram - Chennai Beach EMU (12 Car),Chn,SR,,,TBM,8:30,MSB,9:30,1h 0m,16,S,FC,29 km,29 km/hr,40319
40322,Tambaram - Chennai Beach EMU (12 Car),Chn,SR,,,TBM,8:40,MSB,9:40,1h 0m,16,S,,29 km,29 km/hr,40321
40324,Tambaram - Chennai Beach EMU (12 Car),Chn,SR,,,TBM,9:00,MSB,10:00,1h 0m,16,S,,29 km,29 km/hr,40323
40326,Tambaram - Chennai Beach EMU (12 Car),Chn,SR,,,TBM,9:30,MSB,10:30,1h 0m,16,S,FC,29 km,29 km/hr,40325
40328,Tambaram - Chennai Beach EMU (12 Car),Chn,SR,,,TBM,9:40,MSB,10:40,1h 0m,16,S,,29 km,29 km/hr,40327
40330,Tambaram - Chennai Beach EMU (12 Car),Chn,SR,,,TBM,9:50,MSB,10:50,1h 0m,16,S,,29 km,29 km/hr,40329
40332,Tambaram - Chennai Beach EMU (12 Car),Chn,SR,,,TBM,10:15,MSB,11:15,1h 0m,16,S,,29 km,29 km/hr,40331
40334,Tambaram - Chennai Beach EMU (12 Car),Chn,SR,,,TBM,10:45,MSB,11:45,1h 0m,16,S,,29 km,29 km/hr,40333
40336,Tambaram - Chennai Beach EMU (12 Car),Chn,SR,,,TBM,11:00,MSB,12:00,1h 0m,16,S,,29 km,29 km/hr,40335
40338,Tambaram - Chennai Beach EMU (12 Car),Chn,SR,,,TBM,11:30,MSB,12:30,1h 0m,16,S,,29 km,29 km/hr,40337
40340,Tambaram - Chennai Beach EMU (12 Car),Chn,SR,,,TBM,12:15,MSB,13:15,1h 0m,16,S,,29 km,29 km/hr,40339
40342,Tambaram - Chennai Beach EMU (12 Car),Chn,SR,,,TBM,12:30,MSB,13:30,1h 0m,16,S,,29 km,29 km/hr,40341
40343,Chennai Beach - Tambaram EMU (12 Car),Chn,SR,,,MSB,13:30,TBM,14:30,1h 0m,16,S,,29 km,29 km/hr,
40344,Tambaram - Chennai Beach EMU (12 Car),Chn,SR,,,TBM,13:30,MSB,14:30,1h 0m,16,S,,29 km,29 km/hr,
54355,Bandikui - Bareilly Passenger (UnReserved),Pass,NR,,,BKI,14:45,BE,6:20,15h 35m,47,S M T W T F S,,413 km,27 km/hr,54356
54356,Bareilly - Bandikui Passenger (UnReserved),Pass,NR,,,BE,21:05,BKI,9:50,12h 45m,47,S M T W T F S,,413 km,32 km/hr,54355
40347,Chennai Beach - Tambaram EMU (12 Car),Chn,SR,,,MSB,14:30,TBM,15:30,1h 0m,16,S,,29 km,29 km/hr,
40348,Tambaram - Chennai Beach EMU (12 Car),Chn,SR,,,TBM,14:15,MSB,15:15,1h 0m,16,S,,29 km,29 km/hr,
40350,Tambaram - Chennai Beach EMU (12 Car),Chn,SR,,,TBM,14:30,MSB,15:30,1h 0m,16,S,,29 km,29 km/hr,40349
40352,Tambaram - Chennai Beach EMU (12 Car),Chn,SR,,,TBM,15:00,MSB,16:00,1h 0m,16,S,,29 km,29 km/hr,40351
40353,Chennai Beach - Tambaram EMU (12 Car),Chn,SR,,,MSB,16:10,TBM,17:10,1h 0m,16,S,,29 km,29 km/hr,
40354,Tambaram - Chennai Beach EMU (12 Car),Chn,SR,,,TBM,15:30,MSB,16:30,1h 0m,16,S,,29 km,29 km/hr,
40355,Chennai Beach - Tambaram EMU (12 Car),Chn,SR,,,MSB,16:40,TBM,17:40,1h 0m,16,S,,29 km,29 km/hr,
40356,Tambaram - Chennai Beach EMU (12 Car),Chn,SR,,,TBM,15:45,MSB,16:45,1h 0m,16,S,,29 km,29 km/hr,
40357,Chennai Beach - Tambaram EMU (12 Car),Chn,SR,,,MSB,16:50,TBM,17:50,1h 0m,16,S,,29 km,29 km/hr,
40358,Tambaram - Chennai Beach EMU (12 Car),Chn,SR,,,TBM,16:10,MSB,17:10,1h 0m,16,S,,29 km,29 km/hr,
40359,Chennai Beach - Tambaram EMU (12 Car),Chn,SR,,,MSB,17:00,TBM,18:00,1h 0m,16,S,,29 km,29 km/hr,
40360,Tambaram - Chennai Beach EMU (12 Car),Chn,SR,,,TBM,16:20,MSB,17:20,1h 0m,16,S,,29 km,29 km/hr,
40361,Chennai Beach - Tambaram EMU(12 Car),Chn,SR,,,MSB,17:20,TBM,18:20,1h 0m,16,S,,29 km,29 km/hr,
40362,Tambaram - Chennai Beach EMU (12 Car),Chn,SR,,,TBM,16:30,MSB,17:30,1h 0m,16,S,,29 km,29 km/hr,
40363,Chennai Beach - Tambaram EMU(12 Car),Chn,SR,,,MSB,17:30,TBM,18:30,1h 0m,16,S,,29 km,29 km/hr,
40364,Tambaram - Chennai Beach EMU (12 Car),Chn,SR,,,TBM,16:40,MSB,17:40,1h 0m,16,S,,29 km,29 km/hr,
40365,Chennai Beach - Tambaram EMU (12 Car),Chn,SR,,,MSB,17:50,TBM,18:50,1h 0m,16,S,,29 km,29 km/hr,
40366,Tambaram - Chennai Beach EMU (12 Car),Chn,SR,,,TBM,16:54,MSB,17:54,1h 0m,16,S,,29 km,29 km/hr,
40367,Chennai Beach - Tambaram EMU (12 Car),Chn,SR,,,MSB,18:23,TBM,19:23,1h 0m,16,S,,29 km,29 km/hr,
40368,Tambaram - Chennai Beach EMU (12 Car),Chn,SR,,,TBM,17:30,MSB,18:30,1h 0m,16,S,,29 km,29 km/hr,
40369,Chennai Beach - Tambaram EMU (12 Car),Chn,SR,,,MSB,18:50,TBM,19:50,1h 0m,16,S,,29 km,29 km/hr,
40370,Tambaram - Chennai Beach EMU (12 Car),Chn,SR,,,TBM,17:40,MSB,18:40,1h 0m,16,S,,29 km,29 km/hr,
40371,Chennai Beach - Tambaram EMU (12 Car),Chn,SR,,,MSB,19:00,TBM,20:00,1h 0m,16,S,,29 km,29 km/hr,
40372,Tambaram - Chennai Beach EMU (12 Car),Chn,SR,,,TBM,18:00,MSB,19:00,1h 0m,16,S,,29 km,29 km/hr,
40373,Chennai Beach - Tambaram EMU (12 Car),Chn,SR,,,MSB,21:30,TBM,22:30,1h 0m,16,S,,29 km,29 km/hr,
40374,Tambaram - Chennai Beach EMU (12 Car),Chn,SR,,,TBM,18:10,MSB,19:10,1h 0m,16,S,,29 km,29 km/hr,
40376,Tambaram - Chennai Beach EMU (12 Car),Chn,SR,,,TBM,18:20,MSB,19:20,1h 0m,16,S,,29 km,29 km/hr,
40377,Chennai Beach - Tambaram EMU (12 Car),Chn,SR,,,MSB,22:20,TBM,23:20,1h 0m,16,S,,29 km,29 km/hr,
40378,Tambaram - Chennai Beach EMU (12 Car),Chn,SR,,,TBM,18:40,MSB,19:40,1h 0m,16,S,,29 km,29 km/hr,
40379,Chennai Beach - Tambaram EMU (12 Car),Chn,SR,,,MSB,23:00,TBM,0:01,1h 1m,16,S,,29 km,28 km/hr,
40380,Tambaram - Chennai Beach EMU (12 Car),Chn,SR,,,TBM,18:50,MSB,19:50,1h 0m,16,S,,29 km,29 km/hr,
40382,Tambaram - Chennai Beach EMU (12 Car),Chn,SR,,,TBM,19:00,MSB,20:00,1h 0m,16,S,,29 km,29 km/hr,
40383,Chennai Beach - Tambaram EMU (12 Car),Chn,SR,,,MSB,23:40,TBM,0:40,1h 0m,16,S,,29 km,29 km/hr,
40384,Tambaram - Chennai Beach EMU (12 Car),Chn,SR,,,TBM,19:25,MSB,20:25,1h 0m,16,S,,29 km,29 km/hr,
40385,Chennai Beach - Tambaram EMU (12 Car),Chn,SR,,,MSB,23:59,TBM,0:55,0h 56m,16,S,,29 km,31 km/hr,
40386,Tambaram - Chennai Beach EMU (12 Car),Chn,SR,,,TBM,20:10,MSB,21:10,1h 0m,16,S,,29 km,29 km/hr,
40201,Chennai Beach - Guduvancheri EMU (12 Car),Chn,SR,,,MSB,19:30,GI,20:55,1h 25m,20,M T W T F S,,40 km,28 km/hr,
40388,Tambaram - Chennai Beach EMU (12 Car),Chn,SR,,,TBM,21:00,MSB,22:00,1h 0m,16,S,,29 km,29 km/hr,
40390,Tambaram - Chennai Beach EMU (12 Car),Chn,SR,,,TBM,21:40,MSB,22:40,1h 0m,16,S,,29 km,29 km/hr,
40392,Tambaram - Chennai Beach EMU (12 Car),Chn,SR,,,TBM,22:20,MSB,23:20,1h 0m,16,S,,29 km,29 km/hr,
40394,Tambaram - Chennai Beach EMU (12 Car),Chn,SR,,,TBM,23:00,MSB,0:01,1h 1m,16,S,,29 km,28 km/hr,40393
40396,Tambaram - Chennai Beach EMU (12 Car),Chn,SR,,,TBM,23:40,MSB,0:40,1h 0m,16,S,,29 km,29 km/hr,
18452,Tapaswini Express (PT),Exp,ECoR,,,PURI,20:00,HTE,12:00,16h 0m,22,S M T W T F S,SL 3A 2A 1A,689 km,43 km/hr,18451
40521,Chennai Beach - Chengalpattu EMU (12 Car),Chn,SR,,,MSB,8:30,CGL,10:20,1h 50m,26,M T W T F S,FC,60 km,33 km/hr,40522
40530,Chengalpattu - Chennai Beach EMU (12 Car),Chn,SR,,,CGL,10:35,MSB,12:35,2h 0m,26,M T W T F S,,60 km,30 km/hr,40529
15111,Chhapra - Varanasi City InterCity Express (UnReserved),Exp,NER,,,CPR,5:30,BCY,10:30,5h 0m,14,S M T W T F S,,225 km,45 km/hr,15112
75106,Gorakhpur - Thawe DEMU,DEMU,NER,,,GKP,19:05,THE,0:15,5h 10m,22,S M T W T F S,,137 km,27 km/hr,75105
12775,Cocanada SF Express (PT),SF,SCoR,,,CCT,20:20,LPI,7:30,11h 10m,12,S M T W T F S,SL 3A 2A 1A 3E,608 km,54 km/hr,12776
54355,Bandikui - Bareilly Passenger (UnReserved),Pass,NR,,,BKI,14:45,BE,6:20,15h 35m,47,S M T W T F S,,413 km,27 km/hr,54356
54356,Bareilly - Bandikui Passenger (UnReserved),Pass,NR,,,BE,21:05,BKI,9:50,12h 45m,47,S M T W T F S,,413 km,32 km/hr,54355
40604,Chengalpattu - Chennai Beach EMU (12 Car),Chn,SR,,,CGL,4:30,MSB,6:30,2h 0m,26,S,,60 km,30 km/hr,40603
40606,Chengalpattu - Chennai Beach EMU (12 Car),Chn,SR,,,CGL,4:50,MSB,6:45,1h 55m,26,S,,60 km,31 km/hr,40605
40608,Chengalpattu - Chennai Beach EMU (12 Car),Chn,SR,,,CGL,5:15,MSB,7:15,2h 0m,26,S,,60 km,30 km/hr,40607
40610,Chengalpattu - Chennai Beach EMU (12 Car),Chn,SR,,,CGL,5:50,MSB,7:45,1h 55m,26,S,,60 km,31 km/hr,40609
40612,Chengalpattu - Chennai Beach EMU (12 Car),Chn,SR,,,CGL,6:35,MSB,8:35,2h 0m,26,S,,60 km,30 km/hr,
40614,Chengalpattu - Chennai Beach EMU (12 Car),Chn,SR,,,CGL,6:50,MSB,8:47,1h 57m,26,S,,60 km,31 km/hr,40613
40616,Chengalpattu - Chennai Beach EMU (12 Car),Chn,SR,,,CGL,7:20,MSB,9:20,2h 0m,26,S,,60 km,30 km/hr,40615
40618,Chengalpattu - Chennai Beach EMU (12 Car),Chn,SR,,,CGL,7:50,MSB,9:50,2h 0m,26,S,,60 km,30 km/hr,40617
40622,Chengalpattu - Chennai Beach EMU (12 Car),Chn,SR,,,CGL,9:30,MSB,11:30,2h 0m,26,S,,60 km,30 km/hr,40621
40624,Chengalpattu - Chennai Beach EMU (12 Car),Chn,SR,,,CGL,10:40,MSB,12:45,2h 5m,26,S,,60 km,29 km/hr,40623
65309,Moradabad - Ramnagar MEMU,MEMU,NER,,,MB,16:55,RMR,19:35,2h 40m,11,S M T W T F S,,77 km,29 km/hr,65310
40627,Chennai Beach - Chengalpattu EMU (12 Car),Chn,SR,,,MSB,12:15,CGL,14:10,1h 55m,26,S,,60 km,31 km/hr,
40628,Chengalpattu - Chennai Beach EMU (12 Car),Chn,SR,,,CGL,11:40,MSB,13:45,2h 5m,26,S,,60 km,29 km/hr,
40631,Chennai Beach - Chengalpattu EMU (12 Car),Chn,SR,,,MSB,13:45,CGL,15:40,1h 55m,26,S,,60 km,31 km/hr,
40632,Chengalpattu - Chennai Beach EMU (12 Car),Chn,SR,,,CGL,13:00,MSB,15:00,2h 0m,26,S,,60 km,30 km/hr,
40633,Chennai Beach - Chengalpattu EMU (12 Car),Chn,SR,,,MSB,14:15,CGL,16:15,2h 0m,26,S,,60 km,30 km/hr,
40634,Chengalpattu - Chennai Beach EMU (12 Car),Chn,SR,,,CGL,13:50,MSB,15:45,1h 55m,26,S,,60 km,31 km/hr,
40635,Chennai Beach - Chengalpattu EMU (12 Car),Chn,SR,,,MSB,14:45,CGL,16:40,1h 55m,26,S,,60 km,31 km/hr,
40636,Chengalpattu - Chennai Beach EMU (12 Car),Chn,SR,,,CGL,14:25,MSB,16:15,1h 50m,26,S,,60 km,33 km/hr,
40637,Chennai Beach - Chengalpattu EMU (12 Car),Chn,SR,,,MSB,15:30,CGL,17:20,1h 50m,26,S,,60 km,33 km/hr,
40638,Chengalpattu - Chennai Beach EMU (12 Car),Chn,SR,,,CGL,15:05,MSB,17:00,1h 55m,26,S,,60 km,31 km/hr,
40639,Chennai Beach - Chengalpattu EMU (12 Car),Chn,SR,,,MSB,16:00,CGL,17:55,1h 55m,26,S,,60 km,31 km/hr,
18452,Tapaswini Express (PT),Exp,ECoR,,,PURI,20:00,HTE,12:00,16h 0m,22,S M T W T F S,SL 3A 2A 1A,689 km,43 km/hr,18451
40641,Chennai Beach - Chengalpattu EMU (12 Car),Chn,SR,,,MSB,16:25,CGL,18:20,1h 55m,26,S,,60 km,31 km/hr,
40642,Chengalpattu - Chennai Beach EMU (12 Car),Chn,SR,,,CGL,16:25,MSB,18:20,1h 55m,26,S,,60 km,31 km/hr,
40644,Chengalpattu - Chennai Beach EMU (12 Car),Chn,SR,,,CGL,16:55,MSB,18:50,1h 55m,26,S,,60 km,31 km/hr,40643
40646,Chengalpattu - Chennai Beach EMU (12 Car),Chn,SR,,,CGL,17:35,MSB,19:30,1h 55m,26,S,,60 km,31 km/hr,40645
40647,Chennai Beach - Chengalpattu EMU (12 Car),Chn,SR,,,MSB,18:10,CGL,20:10,2h 0m,26,S,,60 km,30 km/hr,
40648,Chengalpattu - Chennai Beach EMU (12 Car),Chn,SR,,,CGL,18:10,MSB,20:10,2h 0m,26,S,,60 km,30 km/hr,
40649,Chennai Beach - Chengalpattu EMU (12 Car),Chn,SR,,,MSB,18:30,CGL,20:30,2h 0m,26,S,,60 km,30 km/hr,
40650,Chengalpattu - Chennai Beach EMU (12 Car),Chn,SR,,,CGL,18:40,MSB,20:40,2h 0m,26,S,,60 km,30 km/hr,
55047,Narkatiaganj - Gorakhpur Cantt. Passenger (UnReserved),Pass,NER,,,NKE,23:50,GKC,6:20,6h 30m,14,S M T W T F S,,146 km,22 km/hr,55048
54020,Rohtak - Rewari Passenger (UnReserved),Pass,NR,,,ROK,20:35,RE,22:20,1h 45m,6,S M T W T F S,,81 km,46 km/hr,54019
63021,Azimganj - Rampurhat MEMU,MEMU,ER,,,AZ,5:20,RPH,7:00,1h 40m,9,S M T W T F S,,59 km,36 km/hr,63022
63022,Rampurhat - Azimganj MEMU,MEMU,ER,,,RPH,19:25,AZ,21:05,1h 40m,9,S M T W T F S,,59 km,36 km/hr,63021
55704,Katihar - Malda Court Passenger (UnReserved),Pass,NFR,,,KIR,8:15,MLFC,11:30,3h 15m,18,S M T W T F S,,91 km,28 km/hr,55703
12025,Pune - Hyderabad Shatabdi Express,Shtb,CR,,,PUNE,6:00,HYB,14:20,8h 20m,7,S M W T F S,CC Ex EV,598 km,72 km/hr,12026
37413,Seoraphuli - Tarakeswar Local,Klkt,ER,,,SHE,5:15,TAK,6:05,0h 50m,10,S M T W T F S,,35 km,42 km/hr,X-37414
15770,Mariani - Alipur Duar Jn. InterCity Express (UnReserved),Exp,NFR,,,MXN,9:15,APDJ,1:25,16h 10m,36,S M T W T F S,,670 km,41 km/hr,15769
19414,Kolkata - Ahmedabad Weekly Express (PT),Exp,WR,,,KOAA,13:10,ADI,7:25,42h 15m,27,S,SL 3A 2A,2085 km,49 km/hr,19413
63103,Sealdah - Lalgola MEMU,MEMU,ER,,,SDAH,19:15,LGL,23:55,4h 40m,30,S M T W T F S,,228 km,49 km/hr,63104
33737,Ranaghat - Bangaon Local,Klkt,ER,,,RHA,21:10,BNJ,21:53,0h 43m,6,S M T W T F S,,33 km,46 km/hr,33738
33738,Bangaon - Ranaghat Local,Klkt,ER,,,BNJ,23:20,RHA,0:06,0h 46m,6,S M T W T F S,,33 km,43 km/hr,33737
22830,Shalimar - Bhuj SF Express (PT),SF,SER,,,SHM,19:50,BHUJ,14:45,42h 55m,30,S,SL 3A 2A,2419 km,56 km/hr,22829
40548,Chengalpattu - Chennai Beach EMU (12 Car),Chn,SR,,,CGL,16:55,MSB,18:55,2h 0m,26,M T W T F S,,60 km,30 km/hr,40547
93002,Dahanu Road - Churchgate Fast Local,Mumb,WR,,,DRD,4:35,CCG,7:05,2h 30m,18,S M T W T F S,FC,124 km,50 km/hr,93007
63222,Patna - Mokama Fast MEMU,MEMU,ECR,,,PNBE,18:15,MKA,20:25,2h 10m,11,S M T W T F S,,89 km,41 km/hr,63221
15107,Banaras - Lucknow InterCity Express,Exp,NER,,,BNRS,4:55,LKO,11:05,6h 10m,10,M T W T F S,2S CC,302 km,49 km/hr,15108
54355,Bandikui - Bareilly Passenger (UnReserved),Pass,NR,,,BKI,14:45,BE,6:20,15h 35m,47,S M T W T F S,,413 km,27 km/hr,54356
54356,Bareilly - Bandikui Passenger (UnReserved),Pass,NR,,,BE,21:05,BKI,9:50,12h 45m,47,S M T W T F S,,413 km,32 km/hr,54355
74036,Farrukh Nagar - Delhi Sarai Rohilla DEMU,DEMU,NR,,,FN,16:05,DEE,17:50,1h 45m,9,M T W T F S,,48 km,27 km/hr,74037
74033,Delhi Sarai Rohilla - Farrukh Nagar DEMU,DEMU,NR,,,DEE,9:15,FN,10:55,1h 40m,9,M T W T F S,,48 km,29 km/hr,74032
20681,Silambu SF Express (PT),SF,SR,,,TBM,20:50,SCT,8:25,11h 35m,20,W F S,SL 3A 2A 1A,660 km,57 km/hr,20682
22985,Rajasthan Humsafar Express,Hms,NWR,,,UDZ,0:50,DEE,11:45,10h 55m,8,S,SL 3A,668 km,61 km/hr,22986
40572,Chengalpattu - Chennai Beach EMU (12 Car),Chn,SR,,,CGL,23:00,MSB,0:59,1h 59m,26,M T W T F S,,60 km,30 km/hr,40571
18574,Bhagat Ki Kothi - Visakhapatnam Weekly Express (PT),Exp,SCoR,,,BGKT,20:40,VSKP,10:30,37h 50m,35,S,SL 3A 2A 3E,2065 km,55 km/hr,18573
16865,Uzhavan Express (PT),Exp,SR,,,MS,22:25,TJ,5:45,7h 20m,14,S M T W T F S,SL 3A 2A 1A,351 km,48 km/hr,16866
22113,Mumbai LTT - Thiruvananthapuram North (Kochuveli) SF Express (PT),SF,CR,,,LTT,16:45,TVCN,22:45,30h 0m,26,T S,SL 3A 2A,1503 km,50 km/hr,22114
22114,Thiruvananthapuram North (Kochuveli) - Mumbai LTT SF Express (PT),SF,CR,,,TVCN,0:55,LTT,8:00,31h 5m,26,M T,SL 3A 2A,1503 km,48 km/hr,22113
68047,Kharagpur - Belda MEMU,MEMU,SER,,,KGP,21:30,BLDA,22:40,1h 10m,4,S M T W T F S,,35 km,30 km/hr,68048
22975,Bandra Terminus - Ramnagar SF Express (PT),SF,WR,,,BDTS,5:10,RMR,8:35,27h 25m,28,T,SL 3A 2A,1640 km,60 km/hr,22976
22456,Kalka - Sainagar Shirdi SF Express,SF,NR,,,KLK,17:20,SNSI,19:00,25h 40m,14,S T,SL 3A 2A,1637 km,64 km/hr,22455
19803,Kota - SMVD Katra Express (PT),Exp,WCR,,,KOTA,16:35,SVDK,13:35,21h 0m,26,S,SL 3A 2A 1A 3E,1136 km,54 km/hr,19804
22634,Hazrat Nizamuddin - Thiruvananthapuram Central SF Express (via Alappuzha),SF,SR,,,NZM,22:15,TVC,23:20,49h 5m,27,F,SL 3A 2A 3E,2845 km,58 km/hr,22633
20847,Durg - MCTM Udhampur SF Express (via New Delhi) (PT),SF,SECR,,,DURG,11:00,MCTM,20:05,33h 5m,22,W,SL 3A 2A 1A 3E,1910 km,58 km/hr,20848
22651,MGR Chennai Central - Palakkad Jn. SF Express (PT),SF,SR,,,MAS,21:30,PGT,9:10,11h 40m,18,S M T W T F S,SL 3A 2A 1A,673 km,58 km/hr,22652
19576,Nathdwara - Okha Weekly Express,Exp,WR,,,NDT,20:25,OKHA,19:10,22h 45m,18,T,SL 3A 2A 1A 3E,1123 km,49 km/hr,19575
22352,SMVT Bengaluru - Saharsa SF Express,SF,ECR,,,SMVB,13:50,SHC,17:20,51h 30m,34,M,SL 3A 2A 1A 3E,2902 km,56 km/hr,22351
13165,Kolkata - Sitamarhi Express (PT),Exp,ER,,,KOAA,23:35,SMI,12:20,12h 45m,13,S,SL 3A 2A 3E,608 km,48 km/hr,13166
16731,Palakkad Jn. - Tiruchendur Express (UnReserved),Exp,SR,,,PGT,6:10,TCN,15:30,9h 20m,33,S M T W T F S,,459 km,49 km/hr,16732
38912,Amta - Howrah Local,Klkt,SER,,,AMTA,10:45,HWH,13:00,2h 15m,19,S M T W T F S,,49 km,22 km/hr,38907
57658,Parli Vaijnath - Purna Passenger (UnReserved),Pass,SCR,,,PRLI,20:15,PAU,23:10,2h 55m,9,S M T W T F S,,92 km,32 km/hr,57657
14806,Barmer - Yesvantpur AC Express (PT),ACExp,NWR,,,BME,21:30,YPR,16:00,42h 30m,32,T,3A 2A 1A,2226 km,52 km/hr,14805
65303,Moradabad - Ramnagar MEMU,MEMU,NER,,,MB,4:30,RMR,6:55,2h 25m,5,S M T W T F S,,77 km,32 km/hr,65304
13343,Varanasi - Shaktinagar Intercity MEMU Express (UnReserved),Exp,ECR,,,BSB,14:00,SKTN,22:10,8h 10m,10,T F S,,229 km,28 km/hr,13344
17411,Mahalaxmi Express (PT),Exp,SCoR,,,CSMT,20:15,KOP,7:20,11h 5m,13,S M T W T F S,SL 2A 1A 3E,518 km,47 km/hr,17412
40544,Chengalpattu - Chennai Beach EMU (12 Car),Chn,SR,,,CGL,15:00,MSB,17:00,2h 0m,26,M T W T F S,,60 km,30 km/hr,40543
63344,Samastipur - Saharsa MEMU,MEMU,ECR,,,SPJ,22:10,SHC,4:50,6h 40m,25,S M T W T F S,,137 km,20 km/hr,63343
17231,Narasapur - Nagarsol Express (Via Guntur) (PT),Exp,SCoR,,,NS,11:25,NSL,9:55,22h 30m,24,S F,SL 3A 2A 1A,1040 km,46 km/hr,17232
15816,Dekargaon - Guwahati Intercity Express (UnReserved),Exp,NFR,,,DKGN,5:10,GHY,11:05,5h 55m,12,S M T W T F S,,190 km,32 km/hr,15815
13168,Agra Cantt. - Kolkata Weekly Express (PT),Exp,ER,,,AGC,5:00,KOAA,8:50,27h 50m,20,S,SL 3A 2A 3E,1465 km,53 km/hr,13167
63082,Jasidih - Rampurhat MEMU,MEMU,ER,,,JSME,16:35,RPH,20:00,3h 25m,16,S M T W T F S,,136 km,40 km/hr,63081
13249,Patna - Bhabua Road Intercity Express (via Ara),Exp,ECR,,,PNBE,5:15,BBU,10:10,4h 55m,12,S M T W T F S,CC,194 km,39 km/hr,13250
13250,Bhabua Road - Patna Intercity Express (via Ara),Exp,ECR,,,BBU,11:10,PNBE,16:30,5h 20m,12,S M T W T F S,CC,194 km,36 km/hr,13249
12653,Rock Fort SF Express (PT),SF,SR,,,MS,23:30,TPJ,5:00,5h 30m,11,S M T W T F S,SL 3A 2A 1A,337 km,61 km/hr,12654
58503,Bhawanipatna - Visakhapatnam Passenger (UnReserved),Pass,SCoR,,,BWIP,1:15,VSKP,10:20,9h 5m,32,S M T W T F S,,309 km,34 km/hr,58504
22880,Tirupati - Bhubaneswar SF Express (PT),SF,ECoR,,,TPTY,10:25,BBS,6:15,19h 50m,19,S,SL 3A 2A 1A,1181 km,60 km/hr,22879
11301,Udyan Express (PT),Exp,CR,,,CSMT,7:55,SBC,6:00,22h 5m,31,S M T W T F S,SL 3A 2A 1A 3E,1136 km,51 km/hr,11302
55313,Bareilly City - Lalkuan Passenger (UnReserved),Pass,NER,,,BC,14:00,LKU,16:25,2h 25m,9,S M T W T F S,,82 km,34 km/hr,55314
14894,Palanpur - Bhagat Ki Kothi DEMU Express (UnReserved),Exp,NWR,,,PNU,4:30,BGKT,12:40,8h 10m,34,S M T W T F S,,345 km,42 km/hr,14893
19577,Tirunelveli - Jamnagar Express (PT),Exp,WR,,,TEN,5:10,JAM,4:25,47h 15m,32,M T,SL 3A 2A 3E,2434 km,52 km/hr,19578
19578,Jamnagar - Tirunelveli Express (PT),Exp,WR,,,JAM,21:25,TEN,22:05,48h 40m,32,F S,SL 3A 2A 3E,2434 km,50 km/hr,19577
38313,Howrah - Mecheda Local,Klkt,SER,,,HWH,19:00,MCA,21:00,2h 0m,19,M T W T F S,,58 km,29 km/hr,38308
38706,Kharagpur - Howrah Local,Klkt,SER,,,KGP,5:10,HWH,8:10,3h 0m,32,S M T W T F S,,114 km,38 km/hr,38727
38426,Panskura - Howrah Local,Klkt,SER,,,PKU,9:55,HWH,11:55,2h 0m,23,M T W T F S,,70 km,35 km/hr,38409
38204,Bagnan - Howrah Local,Klkt,SER,,,BZN,8:35,HWH,10:10,1h 35m,15,S M T W T F S,,45 km,28 km/hr,38309
38454,Panskura - Howrah Local,Klkt,SER,,,PKU,20:10,HWH,22:15,2h 5m,23,S M T W T F S,,70 km,33 km/hr,38437
38456,Panskura - Howrah Local,Klkt,SER,,,PKU,21:20,HWH,23:20,2h 0m,23,M T W T F S,,70 km,35 km/hr,38443
54355,Bandikui - Bareilly Passenger (UnReserved),Pass,NR,,,BKI,14:45,BE,6:20,15h 35m,47,S M T W T F S,,413 km,27 km/hr,54356
54356,Bareilly - Bandikui Passenger (UnReserved),Pass,NR,,,BE,21:05,BKI,9:50,12h 45m,47,S M T W T F S,,413 km,32 km/hr,54355
40544,Chengalpattu - Chennai Beach EMU (12 Car),Chn,SR,,,CGL,15:00,MSB,17:00,2h 0m,26,M T W T F S,,60 km,30 km/hr,40543
12065,Ajmer - Delhi Sarai Rohilla Jan Shatabdi Express,JShtb,NWR,,,AII,5:35,DEE,11:45,6h 10m,9,M T W F S,2S CC,374 km,61 km/hr,12066
55071,Nakaha Jungle - Nautanwa Passenger (UnReserved),Pass,NER,,,JEA,15:10,NTV,17:40,2h 30m,16,S M T W T F S,,76 km,30 km/hr,55072
40661,Chennai Beach - Chengalpattu EMU (12 Car),Chn,SR,,,MSB,22:40,CGL,0:45,2h 5m,26,S,,60 km,29 km/hr,
40659,Chennai Beach - Chengalpattu EMU (12 Car),Chn,SR,,,MSB,21:40,CGL,23:40,2h 0m,26,S,,60 km,30 km/hr,
40655,Chennai Beach - Chengalpattu EMU (12 Car),Chn,SR,,,MSB,20:30,CGL,22:30,2h 0m,26,S,,60 km,30 km/hr,
40801,Chennai Beach – Tirumalpur EMU,Chn,SR,,,MSB,7:20,TMLP,10:50,3h 30m,35,M T W T F S,FC,108 km,31 km/hr,40802
13281,Dibrugarh - Rajendra Nagar Terminal Express (PT),Exp,ECR,,,DBRG,5:00,RJPB,12:45,31h 45m,31,M,SL 3A 2A 1A 3E,1462 km,46 km/hr,13282
15232,Gondia - Barauni Express (PT),Exp,ECR,,,G,21:25,BJU,8:30,35h 5m,36,S M T W T F S,SL 3A 2A 1A 3E,1522 km,43 km/hr,15231
15815,Guwahati - Dekargaon Intercity Express (UnReserved),Exp,NFR,,,GHY,16:55,DKGN,22:50,5h 55m,12,S M T W T F S,,190 km,32 km/hr,15816
63026,Rampurhat - Azimganj MEMU,MEMU,ER,,,RPH,17:55,AZ,19:40,1h 45m,9,S M T W T F S,,59 km,34 km/hr,
40094,Tambaram - Chennai Beach EMU (12 Car),Chn,SR,,,TBM,20:45,MSB,21:45,1h 0m,16,M T W T F S,,29 km,29 km/hr,40803
40651,Chennai Beach - Chengalpattu EMU (12 Car),Chn,SR,,,MSB,19:10,CGL,21:10,2h 0m,26,S,,60 km,30 km/hr,
40662,Chengalpattu - Chennai Beach EMU (12 Car),Chn,SR,,,CGL,23:00,MSB,0:59,1h 59m,26,S,,60 km,30 km/hr,40661
40654,Chengalpattu - Chennai Beach EMU (12 Car),Chn,SR,,,CGL,19:55,MSB,21:45,1h 50m,26,S,,60 km,33 km/hr,
40652,Chengalpattu - Chennai Beach EMU (12 Car),Chn,SR,,,CGL,19:25,MSB,21:25,2h 0m,26,S,,60 km,30 km/hr,
40653,Chennai Beach - Chengalpattu EMU (12 Car),Chn,SR,,,MSB,20:00,CGL,22:00,2h 0m,26,S,,60 km,30 km/hr,
18638,SMVT Bengaluru - Hatia Weekly Express (PT),Exp,SER,,,SMVB,0:30,HTE,12:20,35h 50m,26,T,SL 3A 2A,1884 km,53 km/hr,18637
10107,Madgaon - Mangaluru Central MEMU Express (UnReserved),Exp,KR,,,MAO,4:40,MAQ,12:30,7h 50m,22,M T W T F S,,319 km,41 km/hr,10108
10108,Mangaluru Central - Madgaon MEMU Express (UnReserved),Exp,KR,,,MAQ,15:30,MAO,23:15,7h 45m,22,M T W T F S,,319 km,41 km/hr,10107
79460,Dhrangadhra - Botad DEMU,DEMU,WR,,,DHG,6:20,BTD,9:10,2h 50m,8,S M T W T F S,,112 km,39 km/hr,79459
16574,Puducherry - Yesvantpur Weekly Express,Exp,SWR,,,PDY,22:25,YPR,8:20,9h 55m,8,S,SL 3A 2A 1A,456 km,46 km/hr,16573
13043,Howrah - Raxaul Express (PT),Exp,ER,,,HWH,23:00,RXL,14:05,15h 5m,19,W F,SL 3A 2A,699 km,46 km/hr,13044
13044,Raxaul - Howrah Express (PT),Exp,ER,,,RXL,21:00,HWH,12:15,15h 15m,19,T S,SL 3A 2A,699 km,46 km/hr,13043
19209,Bhavnagar Terminus - Okha Express,Exp,WR,,,BVC,22:00,OKHA,11:00,13h 0m,38,S M T W T F S,SL 3A,538 km,41 km/hr,19210
12803,Visakhapatnam - Hazrat Nizamuddin Swarna Jayanti Express (PT),SF,SCoR,,,VSKP,8:15,NZM,18:45,34h 30m,18,M F,SL 3A 2A 1A,2093 km,61 km/hr,12804
53261,Fatuha - Buxar Passenger (UnReserved),Pass,ECR,,,FUT,17:00,BXR,23:55,6h 55m,31,S M T W T F S,,139 km,20 km/hr,53262
74617,Banihal - Badgam DEMU,DEMU,NR,,,BAHL,16:20,BDGM,18:35,2h 15m,11,S M T W T F S,,90 km,40 km/hr,74628
13419,Bhagalpur - Muzaffarpur Jansewa Express,Exp,ER,,,BGP,14:05,MFP,20:45,6h 40m,17,S M T W T F S,SL 3A,240 km,36 km/hr,13420
13063,Howrah - Balurghat Express,Exp,ER,,,HWH,7:50,BLGT,17:55,10h 5m,13,M T W T F,2S SL 3A 2A,439 km,43 km/hr,13064
13064,Balurghat - Howrah Express (PT),Exp,ER,,,BLGT,20:30,HWH,5:25,8h 55m,13,M T W T F,SL 3A 2A,439 km,49 km/hr,13063
22411,Arunachal AC SF Express (PT),ACSF,NR,,,NHLN,22:00,ANVT,11:30,37h 30m,19,T S,3A 2A 1A,2106 km,56 km/hr,22412
15655,Kamakhya - Shri Mata Vaishno Devi Katra Weekly Express (PT),Exp,NFR,,,KYQ,11:00,SVDK,15:55,52h 55m,38,S,SL 3A 2A 1A,2560 km,48 km/hr,15656
15817,Donyi Polo Express (PT),Exp,NFR,,,SKHV,19:00,NHLN,8:15,13h 15m,21,S M T W T F S,2S SL 3A 2A 1A,578 km,44 km/hr,15818
15818,Donyi Polo Express (PT),Exp,NFR,,,NHLN,21:15,SKHV,11:45,14h 30m,21,S M T W T F S,2S SL 3A 2A 1A,578 km,40 km/hr,15817
12503,SMVT Bengaluru - Agartala Humsafar Express (PT),Hms,NFR,,,SMVB,10:15,AGTL,2:55,64h 40m,31,T F,3A,3555 km,55 km/hr,12504
22863,Howrah - SMVT Bengaluru AC SF Express (PT),ACSF,SER,,,HWH,10:30,SMVB,15:45,29h 15m,11,M,3A 2A 1A,1937 km,66 km/hr,22864
20985,Kota - MCTM Udhampur Weekly SF Express (PT),SF,WCR,,,KOTA,16:35,MCTM,12:10,19h 35m,18,W,SL 3A 2A 1A 3E,1112 km,57 km/hr,20986
12518,Guwahati - Kolkata Garib Rath Express (PT),GR,NFR,,,GHY,21:00,KOAA,14:35,17h 35m,14,S,3A,1004 km,57 km/hr,12517
56706,Kanniyakumari - Punalur Passenger (UnReserved),Pass,SR,,,CAPE,15:00,PUU,20:15,5h 15m,18,S M T W T F S,,196 km,37 km/hr,56705
22359,Patna - Mumbai CSMT Superfast Express (PT),SF,ECR,,,PNBE,13:00,CSMT,14:50,25h 50m,8,S W,SL 3A 2A 1A 3E,1706 km,66 km/hr,22360
22674,Mannargudi - Jodhpur SF Express (PT),SF,SR,,,MQ,13:15,JU,14:30,49h 15m,40,M,SL 3A 2A,2855 km,58 km/hr,22673
22443,Kanpur Central - Bandra Terminus SF Express (PT),SF,NCR,,,CNB,17:50,BDTS,20:55,27h 5m,20,W,SL 3A 2A 3E,1612 km,60 km/hr,22444
12581,Banaras - New Delhi SF Express (PT),SF,NER,,,BNRS,23:10,NDLS,9:45,10h 35m,5,S M T F S,SL 3A 2A 1A 3E,753 km,71 km/hr,12582
22431,Subedarganj - MCTM Udhampur SF Express (PT),SF,NCR,,,SFG,16:10,MCTM,12:45,20h 35m,16,T S,SL 3A 2A 1A 3E,1263 km,61 km/hr,22432
19401,Sabarmati - Lucknow Express (PT),Exp,WR,,,SBIB,10:35,LKO,10:55,24h 20m,24,M,SL 3A 2A,1294 km,53 km/hr,19402
12795,Vijayawada - Lingampalli InterCity Express (PT),SF,SCoR,,,BZA,17:30,LPI,23:35,6h 5m,5,S M T W T F S,2S CC 3E,336 km,55 km/hr,12796
15056,Ramnagar - Agra Fort Express,Exp,NER,,,RMR,19:45,AF,6:55,11h 10m,21,M T S,SL 3A 2A,439 km,39 km/hr,15055
54355,Bandikui - Bareilly Passenger (UnReserved),Pass,NR,,,BKI,14:45,BE,6:20,15h 35m,47,S M T W T F S,,413 km,27 km/hr,54356
54356,Bareilly - Bandikui Passenger (UnReserved),Pass,NR,,,BE,21:05,BKI,9:50,12h 45m,47,S M T W T F S,,413 km,32 km/hr,54355
16239,Chikkamagaluru - Yesvantpur Express (UnReserved),Exp,SWR,,,CMGR,8:00,YPR,14:30,6h 30m,23,S M T W T F S,,244 km,38 km/hr,16240
16240,Yesvantpur - Chikkamagaluru Express (UnReserved),Exp,SWR,,,YPR,15:40,CMGR,21:05,5h 25m,23,S M T W T F S,,244 km,45 km/hr,16239
22653,Thiruvananthapuram Central - Hazrat Nizamuddin SF Express (via Kottayam) (PT),SF,SR,,,TVC,22:00,NZM,22:40,48h 40m,29,F,SL 3A 2A 3E,2857 km,59 km/hr,22654
22655,Ernakulam Jn. - Hazrat Nizamuddin SF Express (PT),SF,SR,,,ERS,2:15,NZM,22:40,44h 25m,24,W,SL 3A 2A 3E,2639 km,59 km/hr,22656
22654,Hazrat Nizamuddin - Thiruvananthapuram Central SF Express (Via Kottayam),SF,SR,,,NZM,5:00,TVC,6:50,49h 50m,29,M,SL 3A 2A 3E,2857 km,57 km/hr,22653
22656,Hazrat Nizamuddin - Ernakulam Jn. SF Express,SF,SR,,,NZM,5:00,ERS,2:35,45h 35m,24,F,SL 3A 2A 3E,2639 km,58 km/hr,22655
22413,Madgaon - Hazrat Nizamuddin Rajdhani Express,Raj,NR,,,MAO,8:00,NZM,12:30,28h 30m,9,S M,3A 2A 1A,1911 km,67 km/hr,22414
58660,Rourkela - Hatia Passenger (UnReserved),Pass,SER,,,ROU,4:10,HTE,10:00,5h 50m,17,S M T W T F S,,165 km,28 km/hr,58659
19411,Gandhinagar Capital - Daulatpur Chowk Express (PT),Exp,WR,,,GNC,10:00,DLPC,12:20,26h 20m,43,S M T W T F S,SL 3A 2A,1376 km,52 km/hr,19412
15613,Lachit Express (PT),Exp,NFR,,,GHY,20:10,MZS,8:20,12h 10m,26,S M T W T F S,SL 3A 2A 1A,497 km,41 km/hr,15614
40005,Chennai Beach - Tambaram EMU (12 Car),Chn,SR,,,MSB,7:40,TBM,8:40,1h 0m,16,M T W T F S,,29 km,29 km/hr,
11081,Mumbai LTT - Gorakhpur Weekly Express (Via Varanasi) (PT),Exp,CR,,,LTT,16:35,GKP,5:45,37h 10m,20,W,SL 3A 2A,1802 km,48 km/hr,11082
11079,Mumbai LTT - Gorakhpur Express (via Barhni) (PT),Exp,CR,,,LTT,15:45,GKP,23:10,31h 25m,26,T,SL 3A 2A,1746 km,56 km/hr,11080
11082,Gorakhpur - Mumbai LTT Weekly Express (via Varanasi) (PT),Exp,CR,,,GKP,14:20,LTT,23:55,33h 35m,20,F,SL 3A 2A,1802 km,54 km/hr,11081
12784,Secunderabad - Visakhapatnam AC SF Express (PT),ACSF,SCR,,,SC,21:40,VSKP,9:45,12h 5m,10,S,3A 2A 1A,663 km,55 km/hr,12783
19421,Ahmedabad - Patna Weekly Express (PT),Exp,WR,,,ADI,21:50,PNBE,4:10,30h 20m,27,S,SL 3A 2A,1658 km,55 km/hr,19422
37755,Bandel - Katwa Local,Klkt,ER,,,BDC,19:40,KWAE,21:55,2h 15m,27,S M T W T F S,,105 km,47 km/hr,37742
95222,BL38 / Badlapur - Mumbai CSMT Fast Local,Mumb,CR,,,BUD,14:57,CSMT,16:23,1h 26m,11,S M T W T F S,FC,68 km,47 km/hr,
95226,BL42 / Badlapur - Mumbai CSMT Fast Local,Mumb,CR,,,BUD,15:32,CSMT,16:56,1h 24m,11,S M T W T F S,FC,68 km,48 km/hr,
95142,S48 / Karjat - Mumbai CSMT (15 Car) Fast Local,Mumb,CR,,,KJT,20:38,CSMT,22:41,2h 3m,12,S M T W T F S,FC,98 km,48 km/hr,
16588,Bikaner - Yesvantpur Express (PT),Exp,SWR,,,BKN,19:00,YPR,16:00,45h 0m,36,S T,SL 3A 2A,2447 km,54 km/hr,16587
13430,Anand Vihar Terminal - Malda Town Weekly Express,Exp,ER,,,ANVT,17:10,MLDT,23:35,30h 25m,24,S,SL 3A 2A,1412 km,46 km/hr,13429
15531,Saharsa - Amritsar Jan Sadharan Express (UnReserved),Exp,ECR,,,SHC,3:00,ASR,13:50,34h 50m,26,S,,1611 km,46 km/hr,15532
54790,Bikaner - Rewari Passenger (UnReserved),Pass,NWR,,,BKN,14:05,RE,23:25,9h 20m,43,S M T W T F S,,379 km,41 km/hr,54789
15559,Darbhanga - Ahmedabad Antyodaya Express,Ant,ECR,,,DBG,16:35,ADI,7:25,38h 50m,26,W,,1837 km,47 km/hr,15560
14713,Sikar - Delhi Sarai Rohilla Express,Exp,NWR,,,SIKR,14:25,DEE,20:25,6h 0m,11,W F,SL 3A 2A,291 km,49 km/hr,14714
12803,Visakhapatnam - Hazrat Nizamuddin Swarna Jayanti Express (PT),SF,SCoR,,,VSKP,8:15,NZM,18:45,34h 30m,18,M F,SL 3A 2A 1A,2093 km,61 km/hr,12804
22553,Raxaul - Mumbai LTT Antyodaya SF Express (via Patliputra),Ant,ECR,,,RXL,19:10,LTT,5:50,34h 40m,16,M,,1907 km,55 km/hr,22554
22810,Visakhapatnam - Paradeep Weekly SF Express,SF,SCoR,,,VSKP,23:45,PRDP,9:30,9h 45m,13,S,SL 3A 2A,554 km,57 km/hr,22809
58505,Gunupur - Vishakapatnam Passenger,Pass,SCoR,,,GNPR,14:30,VSKP,21:10,6h 40m,28,S M T W T F S,SL,268 km,40 km/hr,58506
22809,Paradeep - Visakhapatnam Weekly SF Express,SF,SCoR,,,PRDP,22:15,VSKP,8:15,10h 0m,13,M,SL 3A 2A,554 km,55 km/hr,22810
12583,Lucknow Jn. - Anand Vihar Terminal AC Double Decker Express,DD,NER,,,LJN,4:55,ANVT,13:00,8h 5m,3,S T T F,CC,479 km,59 km/hr,12584
13419,Bhagalpur - Muzaffarpur Jansewa Express,Exp,ER,,,BGP,14:05,MFP,20:45,6h 40m,17,S M T W T F S,SL 3A,240 km,36 km/hr,13420
12518,Guwahati - Kolkata Garib Rath Express (PT),GR,NFR,,,GHY,21:00,KOAA,14:35,17h 35m,14,S,3A,1004 km,57 km/hr,12517
14615,Lalkuan - Amritsar Weekly Express (via Kashipur),Exp,NR,,,LKU,23:40,ASR,15:00,15h 20m,16,S,SL 3A 2A 3E,675 km,44 km/hr,14616
64090,Shamli - Delhi MEMU,MEMU,NR,,,SMQL,9:50,DLI,13:45,3h 55m,22,S M T W T F,,94 km,24 km/hr,64091
74615,Banihal - Baramula DEMU,DEMU,NR,,,BAHL,10:50,BRML,14:05,3h 15m,15,S M T W T F S,,135 km,42 km/hr,74614
74614,Baramula - Banihal DEMU,DEMU,NR,,,BRML,7:50,BAHL,11:50,4h 0m,16,S M T W T F S,,135 km,34 km/hr,
53230,Fatuha - Rajgir Passenger (UnReserved),Pass,ECR,,,FUT,17:45,RGD,21:25,3h 40m,22,S M T W T F S,,71 km,19 km/hr,53229
53229,Rajgir - Fatuha Passenger (UnReserved),Pass,ECR,,,RGD,7:00,FUT,10:25,3h 25m,22,S M T W T F S,,71 km,21 km/hr,53230
15614,Lachit Express (PT),Exp,NFR,,,MZS,19:10,GHY,8:45,13h 35m,26,S M T W T F S,SL 3A 2A 1A,497 km,37 km/hr,15613
15814,Murkongselek - Dekargaon Express (UnReserved),Exp,NFR,,,MZS,15:00,DKGN,0:15,9h 15m,31,S M T W T F S,,345 km,37 km/hr,15813
55824,Dekargaon - Rangapara North Passenger (UnReserved),Pass,NFR,,,DKGN,23:35,RPAN,0:40,1h 5m,1,S M T W T F S,,19 km,18 km/hr,55823
55312,Lal Kuan - Kasganj Passenger (UnReserved),Pass,NER,,,LKU,10:45,KSJ,16:40,5h 55m,27,S M T W T F S,,188 km,32 km/hr,55311
40542,Chengalpattu - Chennai Beach EMU (12 Car),Chn,SR,,,CGL,14:15,MSB,16:15,2h 0m,26,M T W T F S,,60 km,30 km/hr,40541
38301,Santragachi - Mecheda Local,Klkt,SER,,,SRC,6:40,MCA,8:00,1h 20m,15,S M T W T F S,,51 km,38 km/hr,38316
33739,Ranaghat - Bangaon Local,Klkt,ER,,,RHA,23:25,BNJ,0:09,0h 44m,7,S M T W T F S,,33 km,45 km/hr,33712
15615,Guwahati - Silchar Express (PT),Exp,NFR,,,GHY,23:55,SCL,13:50,13h 55m,32,S M T W T F S,SL 3A,379 km,27 km/hr,15616
54355,Bandikui - Bareilly Passenger (UnReserved),Pass,NR,,,BKI,14:45,BE,6:20,15h 35m,47,S M T W T F S,,413 km,27 km/hr,54356
54356,Bareilly - Bandikui Passenger (UnReserved),Pass,NR,,,BE,21:05,BKI,9:50,12h 45m,47,S M T W T F S,,413 km,32 km/hr,54355
17418,Sainagar Shirdi - Tirupati Weekly Express (via Raichur) (PT),Exp,SCoR,,,SNSI,19:35,TPTY,22:50,27h 15m,32,W,SL 3A 2A,1436 km,53 km/hr,17417
40542,Chengalpattu - Chennai Beach EMU (12 Car),Chn,SR,,,CGL,14:15,MSB,16:15,2h 0m,26,M T W T F S,,60 km,30 km/hr,40541
13175,Sealdah - Silchar Kanchanjungha Express (PT),Exp,ER,,,SDAH,6:50,SCL,14:40,31h 50m,39,M W S,SL 3A 2A,1359 km,43 km/hr,13176
63283,Barauni - Patna MEMU,MEMU,ECR,,,BJU,14:45,PNBE,19:20,4h 35m,24,S M T W T F S,,120 km,26 km/hr,63284
63281,Patliputra - Patna MEMU,MEMU,ECR,,,PPTA,12:45,PNBE,13:55,1h 10m,2,S M T W T F S,,12 km,10 km/hr,63282
63282,Patna - Patliputra MEMU,MEMU,ECR,,,PNBE,16:00,PPTA,16:50,0h 50m,2,S M T W T F S,,12 km,15 km/hr,63281
14038,New Delhi - Silchar Poorvottar Sampark Kranti Express,SKr,NR,,,NDLS,23:45,SCL,19:25,43h 40m,14,T,SL 3A 2A 1A 3E,2280 km,52 km/hr,14037
14037,Silchar - New Delhi Poorvottar Sampark Kranti Express (PT),SKr,NR,,,SCL,19:10,NDLS,12:50,41h 40m,14,M,SL 3A 2A 1A 3E,2280 km,55 km/hr,14038
75713,Siliguri - Bamanhat DEMU,DEMU,NFR,,,SGUJ,16:05,BXT,22:15,6h 10m,28,S M T W T F,,230 km,37 km/hr,75714
64554,Ghaziabad - Moradabad MEMU,MEMU,NR,,,GZB,18:22,MB,22:55,4h 33m,20,S M T W T F S,,141 km,31 km/hr,64553
40092,Tambaram - Chennai Beach EMU (12 Car),Chn,SR,,,TBM,19:45,MSB,20:45,1h 0m,16,M T W T F S,,29 km,29 km/hr,40091
54405,Khurja - Meerut City Passenger (UnReserved),Pass,NR,,,KRJ,17:45,MTC,22:00,4h 15m,11,S M T W T F S,,94 km,22 km/hr,54404
15664,Silchar - Agartala Express (PT),Exp,NFR,,,SCL,8:40,AGTL,17:20,8h 40m,21,S M T W T F S,2S SL CC 3A,253 km,29 km/hr,15663
15663,Agartala - Silchar Express (PT),Exp,NFR,,,AGTL,11:15,SCL,19:45,8h 30m,21,S M T W T F S,2S SL CC 3A,253 km,30 km/hr,15664
74618,Baramula - Badgam DEMU,DEMU,NR,,,BRML,10:30,BDGM,11:55,1h 25m,4,S M T W T F S,,45 km,32 km/hr,74631
38105,Howrah - Uluberia Local,Klkt,SER,,,HWH,8:20,ULB,9:40,1h 20m,12,M T W T F S,,32 km,24 km/hr,38106
38315,Howrah - Mecheda Local,Klkt,SER,,,HWH,19:30,MCA,21:15,1h 45m,19,S M T W T F S,,58 km,33 km/hr,38308
38319,Howrah - Mecheda Local,Klkt,SER,,,HWH,22:05,MCA,23:55,1h 50m,19,M T W T F S,,58 km,32 km/hr,38321
38409,Howrah - Panskura Local,Klkt,SER,,,HWH,7:50,PKU,9:45,1h 55m,23,M T W T F S,,70 km,37 km/hr,38426
38419,Howrah - Panskura Local,Klkt,SER,,,HWH,10:00,PKU,12:10,2h 10m,23,S M T W T F S,,70 km,32 km/hr,38412
67209,Tirupati - Katpadi MEMU,MEMU,SCoR,,,TPTY,19:10,KPD,22:20,3h 10m,11,S M T W T F S,,105 km,33 km/hr,67206
55667,Silchar - Bairabi Passenger (UnReserved),Pass,NFR,,,SCL,17:10,BHRB,21:10,4h 0m,12,S M T W T F S,,103 km,26 km/hr,55668
55668,Bairabi - Silchar Passenger (UnReserved),Pass,NFR,,,BHRB,5:30,SCL,9:30,4h 0m,12,S M T W T F S,,103 km,26 km/hr,55667
38924,Amta - Howrah Local,Klkt,SER,,,AMTA,21:30,HWH,23:30,2h 0m,19,S M T W T F S,,49 km,25 km/hr,38919
75259,Purnea - Saharsa DEMU,DEMU,ECR,,,PRNA,21:15,SHC,0:30,3h 15m,16,S M T W T F S,,99 km,31 km/hr,75260
75261,Purnea - Saharsa DEMU,DEMU,ECR,,,PRNA,6:00,SHC,9:10,3h 10m,16,S M T W T F S,,99 km,31 km/hr,75262
15895,Rangiya - Murkongselek Express,Exp,NFR,,,RNY,8:20,MZS,20:10,11h 50m,45,S M T W T F S,SL,449 km,38 km/hr,15896
38321,Howrah - Mecheda Local,Klkt,SER,,,HWH,23:10,MCA,1:00,1h 50m,19,S M T W T F S,,58 km,32 km/hr,38202
13206,Patliputra - Purnia Court Janhit Express,Exp,ECR,,,PPTA,9:20,PRNC,18:00,8h 40m,14,S T W T S,SL 3A 2A 3E,309 km,36 km/hr,13205
13205,Purnia Court - Patliputra Janhit Express,Exp,ECR,,,PRNC,20:25,PPTA,4:50,8h 25m,14,S T W T S,SL 3A 2A 3E,309 km,37 km/hr,13206
20931,Thiruvananthapuram North (Kochuveli) - Indore Weekly SF Express (PT),SF,WR,,,TVCN,9:10,INDB,4:30,43h 20m,30,F,SL 3A 2A 3E,2290 km,53 km/hr,20932
20932,Indore - Thiruvananthapuram North (Kochuveli) Weekly SF Express,SF,WR,,,INDB,21:40,TVCN,18:00,44h 20m,30,T,SL 3A 2A 3E,2290 km,52 km/hr,20931
15009,Gorakhpur - Izzatnagar Express,Exp,NER,,,GKP,22:15,IZN,13:05,14h 50m,28,S M T W T F S,SL 3A 2A 1A,646 km,44 km/hr,15010
14620,Tripura Sundari Express,Exp,NR,,,FZR,13:25,AGTL,23:10,57h 45m,31,M,SL 3A 2A 1A 3E,2890 km,50 km/hr,14619
14619,Tripura Sundari Express (PT),Exp,NR,,,AGTL,15:00,FZR,22:55,55h 55m,31,T,SL 3A 2A 1A 3E,2890 km,52 km/hr,14620
63204,Mokama - Kiul MEMU,MEMU,ECR,,,MKA,20:30,KIUL,22:10,1h 40m,7,S M T W T F S,,34 km,20 km/hr,63203
40090,Tambaram - Chennai Beach EMU (12 Car),Chn,SR,,,TBM,19:10,MSB,20:10,1h 0m,16,M T W T F S,,29 km,29 km/hr,40089
55677,Silchar - Dharmanagar Passenger (UnReserved),Pass,NFR,,,SCL,17:35,DMR,22:50,5h 15m,21,T F,,114 km,22 km/hr,55678
55678,Dharmanagar - Silchar Passenger (UnReserved),Pass,NFR,,,DMR,6:15,SCL,11:10,4h 55m,21,W S,,114 km,23 km/hr,55677
77211,Nandyal - Renigunta DEMU,DEMU,SCR,,,NDL,6:00,RU,12:30,6h 30m,17,S M T W T F S,,288 km,44 km/hr,77212
40088,Tambaram - Chennai Beach EMU (12 Car),Chn,SR,,,TBM,18:45,MSB,19:45,1h 0m,16,M T W T F S,,29 km,29 km/hr,40087
22922,Gorakhpur - Bandra Terminus Antyodaya Express,Ant,WR,,,GKP,3:25,BDTS,15:15,35h 50m,20,T,,2026 km,57 km/hr,22921
55818,Guwahati - New Bongaigaon Passenger (UnReserved),Pass,NFR,,,GHY,7:55,NBQ,13:25,5h 30m,20,S M T W T F S,,157 km,28 km/hr,55817
22552,Jalandhar City - Darbhanga Antyodaya Express,Ant,ECR,,,JUC,9:50,DBG,12:05,26h 15m,14,S,,1396 km,53 km/hr,22551
22119,Mumbai CSMT - Madgaon Tejas Express,Tjs,CR,,,CSMT,5:50,MAO,17:20,11h 30m,7,T T S,CC Ex EV,581 km,50 km/hr,22120
22120,Madgaon - Mumbai CSMT Tejas Express,Tjs,CR,,,MAO,12:50,CSMT,0:30,11h 40m,7,S W F,CC Ex EV,581 km,50 km/hr,22119
63342,Narkatiaganj - Muzaffarpur MEMU,MEMU,ECR,,,NKE,8:30,MFP,14:50,6h 20m,27,S M T W T F S,,160 km,25 km/hr,63341
63265,Darbhanga - Patliputra MEMU,MEMU,ECR,,,DBG,12:10,PPTA,19:50,7h 40m,37,S M T W T F S,,207 km,27 km/hr,63266
54355,Bandikui - Bareilly Passenger (UnReserved),Pass,NR,,,BKI,14:45,BE,6:20,15h 35m,47,S M T W T F S,,413 km,27 km/hr,54356
54356,Bareilly - Bandikui Passenger (UnReserved),Pass,NR,,,BE,21:05,BKI,9:50,12h 45m,47,S M T W T F S,,413 km,32 km/hr,54355
55661,Maishashan - Silchar Passenger (UnReserved),Pass,NFR,,,MSSN,9:00,SCL,12:15,3h 15m,11,S M T W T S,,60 km,19 km/hr,55662
55686,Silchar - Maishashan Passenger (UnReserved),Pass,NFR,,,SCL,16:05,MSSN,19:40,3h 35m,11,M T W T F S,,60 km,17 km/hr,55685
75302,Tanakpur - Bareilly City DEMU,DEMU,NER,,,TPU,14:55,BC,19:00,4h 5m,14,S M T W T F S,,118 km,29 km/hr,75301
55318,Pilibhit - Bareilly City Passenger (UnReserved),Pass,NER,,,PBE,9:00,BC,11:40,2h 40m,8,S M T W T F S,,56 km,21 km/hr,55319
55316,Pilibhit - Bareilly City Passenger (UnReserved),Pass,NER,,,PBE,6:55,BC,9:10,2h 15m,8,S M T W T F S,,56 km,25 km/hr,55315
15066,Panvel - Gorakhpur Express (PT),Exp,NER,,,PNVL,15:50,GKP,23:10,31h 20m,22,M T W F S,SL 3A 2A 1A,1745 km,56 km/hr,15065
17419,Tirupati - Vasco-Da-Gama Weekly Express,Exp,SCoR,,,TPTY,11:25,VSG,5:55,18h 30m,21,T,SL 3A 2A,777 km,42 km/hr,17420
55103,Thawe - Chhapra Kacheri Passenger (UnReserved),Pass,NER,,,THE,17:00,CI,20:45,3h 45m,25,S M T W T F S,,103 km,27 km/hr,55104
55110,Chhapra Kacheri - Thawe Passenger (UnReserved),Pass,NER,,,CI,6:05,THE,9:35,3h 30m,25,S M T W T F S,,103 km,29 km/hr,55109
14801,Jodhpur - Indore Express (via Chittaurgarh),Exp,NWR,,,JU,8:00,INDB,23:05,15h 5m,34,S M T W T F S,SL 3A,738 km,49 km/hr,14802
14802,Indore - Jodhpur Express (via Chittaurgarh),Exp,NWR,,,INDB,4:20,JU,19:30,15h 10m,34,S M T W T F S,SL 3A,738 km,49 km/hr,14801
66544,Banaswadi - Kuppam MEMU,MEMU,SWR,,,BAND,11:30,KPN,13:55,2h 25m,12,S M T W T F S,,97 km,40 km/hr,66543
95127,S33 / Mumbai CSMT - Karjat Fast Local,Mumb,CR,,,CSMT,16:30,KJT,18:24,1h 54m,16,S M T W T F S,FC,100 km,53 km/hr,
12472,Swaraj Express,SF,NR,,,SVDK,9:40,BDTS,16:10,30h 30m,29,T W F S,SL 3A 2A 1A 3E,2029 km,67 km/hr,12471
40754,Kanchipuram - Chennai Beach Semi Fast EMU (via Chengalpattu),Chn,SR,,,CJ,9:30,MSB,12:15,2h 45m,34,S,FC,96 km,35 km/hr,
40540,Chengalpattu - Chennai Beach EMU (12 Car),Chn,SR,,,CGL,13:35,MSB,15:30,1h 55m,26,M T W T F S,,60 km,31 km/hr,40539
55690,Badarpur - Dullabcherra Passenger (UnReserved),Pass,NFR,,,BPB,11:00,DLCR,14:45,3h 45m,14,M T W F S,,71 km,19 km/hr,55689
22989,Bandra Terminus - Mahuva SF Express (PT),SF,WR,,,BDTS,16:45,MHV,8:30,15h 45m,14,W F,SL 3A 2A 1A,883 km,56 km/hr,22990
22990,Mahuva - Bandra Terminus SF Express (PT),SF,WR,,,MHV,17:30,BDTS,9:30,16h 0m,14,T S,SL 3A 2A 1A,883 km,55 km/hr,22989
74030,Jind - Sonipat DEMU,DEMU,NR,,,JIND,6:15,SNP,8:45,2h 30m,12,M T W T F S,,89 km,36 km/hr,74029
16791,Palaruvi Express,Exp,SR,,,TN,21:40,PGT,12:30,14h 50m,40,S M T W T F S,SL 3A,535 km,36 km/hr,16792
22143,Mumbai CSMT - Bidar SF Express (PT),SF,CR,,,CSMT,21:00,BIDR,9:20,12h 20m,13,W F S,SL 3A 2A 1A,674 km,55 km/hr,22144
22144,Bidar - Mumbai CSMT SF Express (PT),SF,CR,,,BIDR,19:40,CSMT,8:00,12h 20m,13,S T S,SL 3A 2A 1A,674 km,55 km/hr,22143
12087,Naharlagun - Guwahati Shatabdi Express,Shtb,NFR,,,NHLN,6:35,GHY,12:40,6h 5m,8,M T F,CC EV,332 km,55 km/hr,12088
12088,Guwahati - Naharlagun Shatabdi Express,Shtb,NFR,,,GHY,13:45,NHLN,19:50,6h 5m,8,S M T,CC EV,332 km,55 km/hr,12087
40064,Tambaram - Chennai Beach EMU,Chn,SR,,,TBM,16:16,MSB,17:16,1h 0m,16,M T W T F S,,29 km,29 km/hr,
38728,Kharagpur - Howrah Local,Klkt,SER,,,KGP,18:50,HWH,22:05,3h 15m,30,S M T W T F S,,114 km,35 km/hr,38719
77622,Nagarsol - Jalna DEMU,DEMU,SCR,,,NSL,18:30,J,21:40,3h 10m,12,S W F S,,151 km,48 km/hr,77621
16319,Thiruvananthapuram North (Kochuveli) - SMVT Bengaluru Humsafar Express,Hms,SR,,,TVCN,17:30,SMVB,10:00,16h 30m,12,T S,SL 3A,826 km,50 km/hr,16320
74856,Ratangarh - Bikaner DEMU,DEMU,NWR,,,RTGH,21:25,BKN,0:40,3h 15m,12,S M T W T F S,,137 km,42 km/hr,74855
58033,Bokaro Steel City - Ranchi Passenger (UnReserved),Pass,SER,,,BKSC,9:15,RNC,12:30,3h 15m,13,S M T W T F S,,116 km,36 km/hr,58034
31819,Sealdah - Krishnanagar City Galloping Local,Klkt,ER,,,SDAH,7:52,KNJ,10:10,2h 18m,17,S M T W T F S,,100 km,43 km/hr,31840
15549,Jaynagar - Patna Intercity Express,Exp,ECR,,,JYG,5:20,PNBE,13:15,7h 55m,11,S M T W T F,CC 3E,244 km,31 km/hr,15550
15550,Patna - Jaynagar Intercity Express,Exp,ECR,,,PNBE,15:10,JYG,22:00,6h 50m,11,S M T W T F,CC 3E,244 km,36 km/hr,15549
13169,Hate Bazare Express (via Purnea) (PT),Exp,ER,,,SDAH,21:15,SHC,12:15,15h 0m,24,T T,SL 3A 2A,558 km,37 km/hr,13170
13170,Hate Bazare Express (via Purnea),Exp,ER,,,SHC,14:45,SDAH,5:15,14h 30m,23,W F,SL 3A 2A,558 km,38 km/hr,13169
20903,Ekta Nagar - Varanasi Mahamana Express (PT),SF,WR,,,EKNR,19:00,BSB,23:25,28h 25m,11,T,SL 3A 2A 1A,1613 km,57 km/hr,20904
20924,Gandhidham - Tirunelveli Humsafar Express,Hms,WR,,,GIMB,4:50,TEN,2:05,45h 15m,20,M,SL 3A,2403 km,53 km/hr,20923
20923,Tirunelveli - Gandhidham Humsafar Express (PT),Hms,WR,,,TEN,5:10,GIMB,2:35,45h 25m,20,T,SL 3A,2403 km,53 km/hr,20924
40901,Chennai Beach - Arakkonam EMU,Chn,SR,,,MSB,13:00,AJJ,16:30,3h 30m,37,M T W T F S,,128 km,37 km/hr,40902
40902,Arakkonam - Chennai Beach EMU (Via Chengulpet),Chn,SR,,,AJJ,4:40,MSB,8:15,3h 35m,37,M T W T F S,FC,128 km,36 km/hr,40901
20501,Agartala - Anand Vihar Terminal Tejas Rajdhani Express,Raj,NFR,,,AGTL,15:00,ANVT,10:50,43h 50m,20,M,3A 2A 1A,2593 km,59 km/hr,20502
20502,Anand Vihar Terminal - Agartala Tejas Rajdhani Express,Raj,NFR,,,ANVT,19:50,AGTL,16:25,44h 35m,20,W,3A 2A 1A,2593 km,58 km/hr,20501
64567,Bulandshahr - Tilak Bridge MEMU,MEMU,NR,,,BSC,5:35,TKJ,9:25,3h 50m,18,S M T W T F S,,104 km,27 km/hr,64568
63365,Rajgir - Bakhtiyarpur MEMU,MEMU,ECR,,,RGD,9:40,BKP,12:05,2h 25m,9,M T W T F S,,53 km,22 km/hr,63366
14718,Haridwar - Bikaner Express,Exp,NWR,,,HW,16:25,BKN,7:55,15h 30m,18,T T S,SL 3A,755 km,49 km/hr,14717
15611,Rangiya - Silchar Express (PT),Exp,NFR,,,RNY,19:00,SCL,8:30,13h 30m,16,S M T W T F S,SL 3A 2A,427 km,32 km/hr,15612
15612,Silchar - Rangiya Express (PT),Exp,NFR,,,SCL,23:00,RNY,12:40,13h 40m,16,S M T W T F S,SL 3A 2A,427 km,31 km/hr,15611
54355,Bandikui - Bareilly Passenger (UnReserved),Pass,NR,,,BKI,14:45,BE,6:20,15h 35m,47,S M T W T F S,,413 km,27 km/hr,54356
54356,Bareilly - Bandikui Passenger (UnReserved),Pass,NR,,,BE,21:05,BKI,9:50,12h 45m,47,S M T W T F S,,413 km,32 km/hr,54355
40204,Guduvancheri - Chennai Beach EMU,Chn,SR,,,GI,21:40,MSB,23:20,1h 40m,20,M T W T F S,FC,40 km,24 km/hr,
40316,Tambaram - Chennai Beach EMU (12 Car),Chn,SR,,,TBM,7:25,MSB,8:25,1h 0m,16,S,,29 km,29 km/hr,
19668,Palace Queen Humsafar Express,Hms,NWR,,,MYS,10:05,UDZ,3:10,41h 5m,17,T,SL 3A,2259 km,55 km/hr,19667
40658,Chengalpattu - Chennai Beach EMU (12 Car),Chn,SR,,,CGL,20:55,MSB,23:00,2h 5m,26,S,,60 km,29 km/hr,
55326,Tanakpur - Pilibhit Passenger (UnReserved),Pass,NER,,,TPU,17:50,PBE,20:00,2h 10m,5,S M T W T F S,,62 km,29 km/hr,55323
15125,Kashi Patna Jan Shatabdi Express,JShtb,NER,,,BNRS,6:15,PNBE,11:20,5h 5m,9,S M T W T F S,2S CC,233 km,46 km/hr,15126
15126,Patna Kashi Jan Shatabdi Express,JShtb,NER,,,PNBE,16:40,BNRS,22:25,5h 45m,9,S M T W T F S,2S CC,233 km,41 km/hr,15125
22988,Agra Fort - Ajmer SF Express,SF,NWR,,,AF,14:35,AII,21:20,6h 45m,13,S M T W T F S,2S CC 3A,375 km,56 km/hr,22987
11605,Bhopal - Bina MEMU Express (UnReserved),Exp,WCR,,,BPL,14:15,BINA,16:55,2h 40m,5,S M T W T F S,,139 km,52 km/hr,11606
15706,Champaran Humsafar Express,Hms,NFR,,,DLI,16:35,KIR,18:35,26h 0m,19,T F,2S SL 3A,1420 km,55 km/hr,15705
15642,Barak Brahmaputra Express (PT),Exp,NFR,,,NTSK,17:30,SCL,9:15,15h 45m,9,S,SL 3A 2A 3E,566 km,36 km/hr,15641
15641,Barak Brahmaputra Express (PT),Exp,NFR,,,SCL,19:10,NTSK,10:20,15h 10m,9,S,SL 3A 2A 3E,566 km,37 km/hr,15642
15626,Agartala - Deoghar Weekly Express (PT),Exp,NFR,,,AGTL,18:40,DGHR,5:40,35h 0m,25,S,SL 3A 2A,1473 km,42 km/hr,15625
15625,Deoghar - Agartala Weekly Express (PT),Exp,NFR,,,DGHR,19:55,AGTL,6:55,35h 0m,25,M,SL 3A 2A,1473 km,42 km/hr,15626
40092,Tambaram - Chennai Beach EMU (12 Car),Chn,SR,,,TBM,19:45,MSB,20:45,1h 0m,16,M T W T F S,,29 km,29 km/hr,40091
19320,Indore - Veraval Mahamana Express,Exp,WR,,,INDB,22:20,VRL,16:25,18h 5m,10,T,SL 3A 2A 1A,937 km,52 km/hr,19319
68030,Jharsuguda - Rourkela MEMU,MEMU,SER,,,JSG,9:00,ROU,11:30,2h 30m,13,S M T W T F S,,101 km,40 km/hr,68029
68421,Angul - Puri Fast MEMU,MEMU,ECoR,,,ANGL,5:10,PURI,10:50,5h 40m,30,S M T W T F S,,194 km,34 km/hr,68422
54405,Khurja - Meerut City Passenger (UnReserved),Pass,NR,,,KRJ,17:45,MTC,22:00,4h 15m,11,S M T W T F S,,94 km,22 km/hr,54404
40090,Tambaram - Chennai Beach EMU (12 Car),Chn,SR,,,TBM,19:10,MSB,20:10,1h 0m,16,M T W T F S,,29 km,29 km/hr,40089
40088,Tambaram - Chennai Beach EMU (12 Car),Chn,SR,,,TBM,18:45,MSB,19:45,1h 0m,16,M T W T F S,,29 km,29 km/hr,40087
22172,Rani Kamalapati - Pune Humsafar Express,Hms,WCR,,,RKMP,15:40,PUNE,6:25,14h 45m,7,S,3A,885 km,60 km/hr,22171
18250,Hasdeo Express,Exp,SECR,,,KRBA,6:30,R,10:35,4h 5m,7,S M T W T F S,2S CC 3A,199 km,49 km/hr,18249
18249,Hasdeo Express,Exp,SECR,,,R,18:00,KRBA,21:50,3h 50m,7,S M T W T F S,2S CC 3A,199 km,52 km/hr,18250
19670,Patliputra - Udaipur City Humsafar Express,Hms,NWR,,,PPTA,0:05,UDZ,8:05,32h 0m,20,F,SL 3A,1563 km,49 km/hr,19669
04404,Panipat - Delhi Rakshabandhan Special,Del,NR,27-Aug,28-Aug,PNP,9:55,DLI,13:10,3h 15m,16,T F,,89 km,27 km/hr,4403
04403,Delhi - Ambala Cantt. Rakshabandhan Special,Del,NR,27-Aug,28-Aug,DLI,13:30,UMB,19:30,6h 0m,32,T F,,198 km,33 km/hr,4404
15907,Tinsukia - Naharlagun Express,Exp,NFR,,,TSK,13:35,NHLN,19:30,5h 55m,9,S T W F S,CC,223 km,38 km/hr,15908
54401,Khurja - Meerut City Passenger (UnReserved),Pass,NR,,,KRJ,6:20,MTC,9:50,3h 30m,11,S M T W T F S,,94 km,27 km/hr,54402
12472,Swaraj Express,SF,NR,,,SVDK,9:40,BDTS,16:10,30h 30m,29,T W F S,SL 3A 2A 1A 3E,2029 km,67 km/hr,12471
40540,Chengalpattu - Chennai Beach EMU (12 Car),Chn,SR,,,CGL,13:35,MSB,15:30,1h 55m,26,M T W T F S,,60 km,31 km/hr,40539
15912,Naharlagun - Tinsukia Express,Exp,NFR,,,NHLN,7:40,TSK,14:00,6h 20m,9,M T F,2S CC,223 km,35 km/hr,15911
40086,Tambaram - Chennai Beach EMU (12 Car),Chn,SR,,,TBM,18:35,MSB,19:35,1h 0m,16,M T W T F S,,29 km,29 km/hr,40085
13182,Kaziranga Express (PT),Exp,ER,,,SHTT,13:45,KOAA,12:05,22h 20m,18,T,SL 3A 2A 3E,1175 km,53 km/hr,13181
63052,Rampurhat - Azimganj MEMU,MEMU,ER,,,RPH,20:30,AZ,22:20,1h 50m,9,S M T W T F S,,59 km,32 km/hr,63051
55087,Mailani - Daliganj Passenger (UnReserved),Pass,NER,,,MLN,4:45,DAL,9:55,5h 10m,25,S M T W T F S,,188 km,36 km/hr,55088
56713,Madurai - Rameswaram Passenger (UnReserved),Pass,SR,,,MDU,13:00,RMM,16:45,3h 45m,15,S M T W T F S,,161 km,43 km/hr,56714
52460,Him Darshan Express,Toy,NR,,,SML,15:50,KLK,21:05,5h 15m,5,S M T W T F S,EV,94 km,18 km/hr,52459
40084,Tambaram - Chennai Beach EMU (12 Car),Chn,SR,,,TBM,18:15,MSB,19:15,1h 0m,16,M T W T F S,,29 km,29 km/hr,40083
14116,Prayagraj - Dr. Ambedkar Nagar Express (PT),Exp,NCR,,,PRYJ,15:10,DADN,9:40,18h 30m,21,S M T W T F S,SL 3A 2A 3E,948 km,51 km/hr,14115
40082,Tambaram - Chennai Beach EMU (12 Car),Chn,SR,,,TBM,18:05,MSB,19:05,1h 0m,16,M T W T F S,,29 km,29 km/hr,40081
14727,Shri Ganganagar - Tilak Bridge Express,Exp,NWR,,,SGNR,20:05,TKJ,9:10,13h 5m,55,S M T W T F S,SL,472 km,36 km/hr,14728
16585,SMVT Bengaluru - Murdeshwar Express,Exp,SWR,,,SMVB,19:45,MRDW,13:50,18h 5m,23,S M T W T F S,SL 3A 2A 1A,622 km,34 km/hr,16586
11099,Mumbai LTT - Madgaon Express,Exp,CR,,,LTT,0:45,MAO,14:40,13h 55m,10,S F,SL 3A 2A 1A,564 km,41 km/hr,11100
74991,Ambala Cantt. - Daulatpur Chowk DEMU,DEMU,NR,,,UMB,13:40,DLPC,20:30,6h 50m,23,S M T W T F S,,229 km,33 km/hr,74992
16101,Chennai Egmore - Kollam Express (PT),Exp,SR,,,TBM,17:15,QLN,7:00,13h 45m,22,S M T W T F S,SL 3A 2A,736 km,54 km/hr,16102
12471,Swaraj Express (PT),SF,NR,,,BDTS,11:00,SVDK,17:50,30h 50m,29,S M T F,SL 3A 2A 1A 3E,2029 km,66 km/hr,12472
15272,Muzaffarpur - Howrah Jan Sadharan Express (UnReserved),Exp,ECR,,,MFP,14:40,HWH,3:05,12h 25m,10,T,,551 km,44 km/hr,15271
54355,Bandikui - Bareilly Passenger (UnReserved),Pass,NR,,,BKI,14:45,BE,6:20,15h 35m,47,S M T W T F S,,413 km,27 km/hr,54356
54356,Bareilly - Bandikui Passenger (UnReserved),Pass,NR,,,BE,21:05,BKI,9:50,12h 45m,47,S M T W T F S,,413 km,32 km/hr,54355
40080,Tambaram - Chennai Beach EMU (12 Car),Chn,SR,,,TBM,17:40,MSB,18:40,1h 0m,16,M T W T F S,,29 km,29 km/hr,40079
18023,Kharagpur - NSCB Jn. Gomoh Express (UnReserved),Exp,SER,,,KGP,14:00,GMO,22:20,8h 20m,38,S M T W T F S,,250 km,30 km/hr,18024
66550,KSR Bengaluru - Jolarpettai MEMU,MEMU,SWR,,,SBC,8:45,JTJ,12:55,4h 10m,18,S M T W T F S,,145 km,35 km/hr,66549
04772,Anupgarh - Bathinda Passenger (UnReserved),Pass,NWR,,,APH,12:10,BTI,17:35,5h 25m,11,S M T W T F S,,220 km,41 km/hr,4771
42502,Gummidipundi - Chengalpattu EMU,Chn,SR,,,GPD,6:00,CGL,9:40,3h 40m,43,M T W T F S,FC,107 km,29 km/hr,42501
40952,Arakkonam - Chennai Beach EMU,Chn,SR,,,AJJ,4:40,MSB,8:15,3h 35m,37,S,FC,128 km,36 km/hr,
42522,Gummidipundi - Tambaram EMU,Chn,SR,,,GPD,15:00,TBM,17:50,2h 50m,33,M T W T F S,,76 km,27 km/hr,42521
42521,Tambaram - Gummidipundi EMU,Chn,SR,,,TBM,17:48,GPD,20:55,3h 7m,33,M T W T F,,76 km,24 km/hr,42522
73492,Godda - Dumka DEMU,DEMU,ER,,,GODA,16:40,DUMK,18:50,2h 10m,8,S M T W T F S,,74 km,34 km/hr,73491
22439,New Delhi - Shri Mata Vaishno Devi Katra Vande Bharat Express,VB,NR,,,NDLS,6:00,SVDK,14:20,8h 20m,5,S M T T F S,CC Ex,655 km,79 km/hr,22440
22440,Shri Mata Vaishno Devi Katra - New Delhi Vande Bharat Express,VB,NR,,,SVDK,14:55,NDLS,23:10,8h 15m,5,S M T T F S,CC Ex,655 km,79 km/hr,22439
69243,Asarva - Chittaurgarh MEMU,MEMU,WR,,,ASV,9:50,COR,21:00,11h 10m,47,S M T W T F S,,410 km,37 km/hr,69244
69244,Chittaurgarh - Asarva MEMU,MEMU,WR,,,COR,8:35,ASV,18:55,10h 20m,47,S M T W T F S,,410 km,40 km/hr,69243
54704,Jaipur - Bathinda Passenger (UnReserved),Pass,NWR,,,JP,9:30,BTI,23:55,14h 25m,43,S M T W T F S,,553 km,38 km/hr,54703
40078,Tambaram - Chennai Beach EMU (12 Car),Chn,SR,,,TBM,17:32,MSB,18:32,1h 0m,16,M T W T F S,,29 km,29 km/hr,40077
40536,Chengalpattu - Chennai Beach EMU (12 Car),Chn,SR,,,CGL,12:30,MSB,14:30,2h 0m,26,M T W T F S,,60 km,30 km/hr,40535
18116,Chakradharpur - NSCB Jn. Gomoh MEMU Express (UnReserved),Exp,SER,,,CKP,5:30,GMO,13:30,8h 0m,37,S M T W T F S,,237 km,30 km/hr,18115
14629,Sutlej Express (UnReserved),Exp,NR,,,CDG,4:55,FZR,9:50,4h 55m,10,S M T W T F S,,236 km,48 km/hr,14630
20484,Dadar Western - Bhagat Ki Kothi SF Express (PT),SF,NWR,,,DDR,15:00,BGKT,7:30,16h 30m,16,T F,SL 3A 2A 3E,946 km,57 km/hr,20483
67228,Macherla - Vijayawada MEMU,MEMU,SCoR,,,MCLA,6:00,BZA,11:00,5h 0m,17,S M T W T F S,,162 km,32 km/hr,67227
82902,Ahmedabad - Mumbai Central IRCTC Tejas Express,Tjs,WR,,,ADI,6:35,MMCT,13:20,6h 45m,6,S M T W F S,CC Ex,493 km,73 km/hr,82901
20403,Prayagraj - Lalgarh SF Express (Via Loharu) (PT),SF,NCR,,,PRYJ,23:05,LGH,22:35,23h 30m,33,S W F,SL 3A 2A 1A 3E,1322 km,56 km/hr,20404
40076,Tambaram - Chennai Beach EMU (12 Car),Chn,SR,,,TBM,17:16,MSB,18:16,1h 0m,16,M T W T F S,,29 km,29 km/hr,40075
22465,Baba Baidyanath Dham Deoghar SF Express (PT),SF,NR,,,MDP,12:00,ANVT,6:30,18h 30m,10,T,SL 3A 2A 3E,1236 km,67 km/hr,22466
22459,Baba Baidyanath Dham Deoghar Humsafar Express,Hms,NR,,,MDP,12:00,ANVT,6:30,18h 30m,10,T,SL 3A 3E,1236 km,67 km/hr,22460
40534,Chengalpattu - Chennai Beach EMU (12 Car),Chn,SR,,,CGL,11:50,MSB,13:50,2h 0m,26,M T W T F S,,60 km,30 km/hr,40533
20408,New Delhi - Ranchi Rajdhani Express (Via Japla),Raj,NR,,,NDLS,16:10,RNC,8:25,16h 15m,6,W,3A 2A 1A,1251 km,77 km/hr,20407
40074,Tambaram - Chennai Beach EMU (12 Car),Chn,SR,,,TBM,17:08,MSB,18:08,1h 0m,16,M T W T F S,,29 km,29 km/hr,40073
40072,Tambaram - Chennai Beach EMU (12 Car),Chn,SR,,,TBM,16:54,MSB,17:54,1h 0m,16,M T W T F S,,29 km,29 km/hr,40071
63209,Deoghar - Patna MEMU,MEMU,ECR,,,DGHR,6:50,PNBE,14:45,7h 55m,39,S M T W T F S,,227 km,29 km/hr,63210
12813,Steel Express (PT),SF,SER,,,HWH,17:10,TATA,21:25,4h 15m,6,S M T W T F S,2S CC Ex 3E,249 km,58 km/hr,12814
15271,Howrah - Muzaffarpur Jan Sadharan Express (UnReserved),Exp,ECR,,,HWH,11:15,MFP,23:15,12h 0m,10,W,,551 km,46 km/hr,15272
12354,Lal Kuan - Howrah Weekly SF Express (PT),SF,ER,,,LKU,18:50,HWH,18:25,23h 35m,17,S,SL 3A 2A 3E,1300 km,55 km/hr,12353
15203,Barauni - Lucknow Jn. Express,Exp,ECR,,,BJU,20:25,LJN,13:10,16h 45m,34,S M T W T F S,SL 3A 2A 1A 3E,673 km,40 km/hr,15204
40070,Tambaram - Chennai Beach EMU (12 Car),Chn,SR,,,TBM,16:48,MSB,17:48,1h 0m,16,M T W T F S,,29 km,29 km/hr,40069
40532,Chengalpattu - Chennai Beach EMU (12 Car),Chn,SR,,,CGL,11:05,MSB,13:05,2h 0m,26,M T W T F S,,60 km,30 km/hr,40531
15554,Jaynagar - Bhagalpur Express,Exp,ECR,,,JYG,20:05,BGP,5:15,9h 10m,14,S M T W T F S,SL 3A 2A,269 km,29 km/hr,15553
63296,Pt. Deen Dayal Upadhyaya Jn. - Gaya MEMU,MEMU,ECR,,,DDU,4:00,GAYA,9:50,5h 50m,27,S M T W T F S,,205 km,35 km/hr,63295
40068,Tambaram - Chennai Beach EMU (12 Car),Chn,SR,,,TBM,16:32,MSB,17:32,1h 0m,16,M T W T F S,,29 km,29 km/hr,40067
19735,Jaipur - Marwar Jn Express (UnReserved),Exp,NWR,,,JP,5:30,MJ,13:15,7h 45m,31,S M T W T F S,,275 km,35 km/hr,19736
56827,Thiruvarur - Karaikkudi Passenger (UnReserved),Pass,SR,,,TVR,6:15,KKDI,9:30,3h 15m,18,S M T W T F S,,149 km,46 km/hr,56828
73411,Godda - Hansdiha DEMU,DEMU,ER,,,GODA,17:15,HSDA,18:00,0h 45m,3,S M T W T F S,,32 km,42 km/hr,73412
73494,Godda - Dumka DEMU,DEMU,ER,,,GODA,20:45,DUMK,22:40,1h 55m,8,S M T W T F S,,74 km,38 km/hr,73493
19256,Mahuva - Surat Express,Exp,WR,,,MHV,17:30,ST,6:35,13h 5m,14,S M T W F,SL 3A 2A 1A,631 km,48 km/hr,19255
65305,Moradabad - Kashipur MEMU,MEMU,NER,,,MB,8:05,KPV,9:45,1h 40m,5,S M T W T F S,,50 km,30 km/hr,5366
40066,Tambaram - Chennai Beach EMU (12 Car),Chn,SR,,,TBM,16:24,MSB,17:24,1h 0m,16,M T W T F S,,29 km,29 km/hr,40065
61012,Roha - Diva MEMU,MEMU,CR,,,ROHA,15:40,DIVA,18:40,3h 0m,15,S M T W T F S,FC,100 km,33 km/hr,61013
17322,Jasidih - Vasco-da-Gama Weekly Express (PT),Exp,SWR,,,JSME,13:10,VSG,15:05,49h 55m,36,M,SL 3A 2A 3E,2555 km,51 km/hr,17321
54355,Bandikui - Bareilly Passenger (UnReserved),Pass,NR,,,BKI,14:45,BE,6:20,15h 35m,47,S M T W T F S,,413 km,27 km/hr,54356
54356,Bareilly - Bandikui Passenger (UnReserved),Pass,NR,,,BE,21:05,BKI,9:50,12h 45m,47,S M T W T F S,,413 km,32 km/hr,54355
20945,Ekta Nagar - Hazrat Nizamuddin Gujarat Sampark Kranti Express (PT),SKr,WR,,,EKNR,23:30,NZM,13:55,14h 25m,6,T S,SL 3A 2A 1A 3E,1067 km,74 km/hr,20946
20950,Ekta Nagar - Ahmedabad Jan Shatabdi Express,JShtb,WR,,,EKNR,20:55,ADI,23:55,3h 0m,3,S M T W T F S,2S CC Ex EV,182 km,61 km/hr,20947
20919,MGR Chennai Central - Ekta Nagar (Kevadiya) Weekly SF Express (PT),SF,WR,,,MAS,15:50,EKNR,21:05,29h 15m,14,F,SL 3A 2A 3E,1699 km,58 km/hr,20920
15777,New Jalpaiguri - Alipurduar Jn. Tourist Express,Exp,NFR,,,NJP,7:05,APDJ,13:05,6h 0m,13,S M T W T F S,2S CC EV,168 km,28 km/hr,15778
15778,Alipurduar Jn. - New Jalpaiguri Tourist Express,Exp,NFR,,,APDJ,14:00,NJP,20:25,6h 25m,13,S M T W T F S,CC EV,168 km,26 km/hr,15777
17391,K.S.R Bengaluru - Sindhanur Express (PT),Exp,SWR,,,SBC,23:40,SNNR,14:20,14h 40m,47,S M T W T F S,SL,680 km,46 km/hr,17392
15961,Kamrup Express (Via Rangapara North) (PT),Exp,NFR,,,HWH,18:35,DBRG,23:00,28h 25m,43,M F,SL 3A 2A,1352 km,48 km/hr,15962
15962,Kamrup Express (via Rangapara North) (PT),Exp,NFR,,,DBRG,1:15,HWH,4:40,27h 25m,44,M F,SL 3A 2A,1352 km,49 km/hr,15961
18631,Ranchi - Chopan Express (via Lohardaga),Exp,SER,,,RNC,9:50,CPU,17:40,7h 50m,12,S W F,2S SL CC 3A,386 km,49 km/hr,18632
68434,Gunupur - Cuttack MEMU,MEMU,ECoR,,,GNPR,2:45,CTC,11:20,8h 35m,41,S M T W T F S,,384 km,45 km/hr,68433
15638,Khongsang - Agartala Express (PT),Exp,NFR,,,KGBP,14:45,AGTL,22:30,7h 45m,10,M W F,2S CC EV,348 km,45 km/hr,15637
15061,Kasganj - Lal Kuan Express (UnReserved),Exp,NER,,,KSJ,17:10,LKU,21:55,4h 45m,13,S M T W T F S,,188 km,39 km/hr,15062
15062,Lal Kuan - Kasganj Express (UnReserved),Exp,NER,,,LKU,20:00,KSJ,0:45,4h 45m,11,S M T W T F S,,188 km,39 km/hr,15061
40852,Tirumalpur - Chennai Beach EMU,Chn,SR,,,TMLP,7:00,MSB,10:10,3h 10m,35,S,FC,108 km,34 km/hr,
40854,Tirumalpur - Chennai Beach EMU,Chn,SR,,,TMLP,11:05,MSB,14:15,3h 10m,35,S,,108 km,34 km/hr,
40856,Tirumalpur - Chennai Beach EMU,Chn,SR,,,TMLP,20:00,MSB,23:40,3h 40m,35,S,,108 km,30 km/hr,
61012,Roha - Diva MEMU,MEMU,CR,,,ROHA,15:40,DIVA,18:40,3h 0m,15,S M T W T F S,FC,100 km,33 km/hr,61013
40906,Arakkonam - Chennai Beach EMU,Chn,SR,,,AJJ,17:15,MSB,21:00,3h 45m,37,M T W T F S,,128 km,34 km/hr,
40851,Chennai Beach - Tirumalpur EMU,Chn,SR,,,MSB,7:25,TMLP,10:50,3h 25m,35,S,,108 km,32 km/hr,
40855,Chennai Beach - Tirumalpur Semi Fast EMU,Chn,SR,,,MSB,19:50,TMLP,23:00,3h 10m,35,S,,108 km,34 km/hr,
40805,Chennai Beach - Tirumalpur Semi Fast EMU,Chn,SR,,,MSB,19:50,TMLP,23:00,3h 10m,31,M T W T F S,FC,108 km,34 km/hr,
40611,Chennai Beach - Chengalpattu EMU,Chn,SR,,,MSB,6:20,CGL,8:15,1h 55m,26,S,,60 km,31 km/hr,
13431,Nabadwip Dham - Balurghat Express,Exp,ER,,,NDAE,5:20,BLGT,11:55,6h 35m,13,S T W F S,2S,333 km,51 km/hr,13432
17239,Simhadri Express,Exp,SCoR,,,GNT,7:55,VSKP,16:40,8h 45m,22,S M T W T F S,2S CC 3A,382 km,44 km/hr,17240
40703,Chennai Beach - Kanchipuram EMU,Chn,SR,,,MSB,19:20,CJ,22:05,2h 45m,34,M T W T F S,,96 km,35 km/hr,40704
40802,Tirumalpur - Chennai Beach Fast EMU,Chn,SR,,,TMLP,7:00,MSB,9:40,2h 40m,11,M T W T F S,,108 km,41 km/hr,40801
59557,Porbandar - Bhavnagar Para Passenger (UnReserved),Pass,WR,,,PBR,7:25,BVP,14:30,7h 5m,25,S M T W T F S,,302 km,43 km/hr,59560
59558,Bhavnagar Terminus - Veraval Passenger (UnReserved),Pass,WR,,,BVC,4:50,VRL,11:35,6h 45m,23,S M T W T F S,,288 km,43 km/hr,59559
40062,Tambaram - Chennai Beach EMU (12 Car),Chn,SR,,,TBM,16:08,MSB,17:08,1h 0m,16,M T W T F S,,29 km,29 km/hr,40061
10105,Sindhudurg Express,Exp,KR,,,DIVA,6:25,SWV,18:45,12h 20m,34,S M T W T F S,2S 3E,464 km,38 km/hr,10106
40528,Chengalpattu - Chennai Beach EMU (12 Car),Chn,SR,,,CGL,9:15,MSB,11:20,2h 5m,26,M T W T F S,,60 km,29 km/hr,40527
40060,Tambaram - Chennai Beach EMU (12 Car),Chn,SR,,,TBM,15:45,MSB,16:45,1h 0m,16,M T W T F S,,29 km,29 km/hr,40059
56628,Subrahmanya Road - Mangaluru Central Passenger (UnReserved),Pass,SR,,,SBHR,20:45,MAQ,23:20,2h 35m,9,S M T W T F S,,92 km,36 km/hr,56627
15484,Sikkim Mahananda Express,Exp,NFR,,,DLI,7:35,APDJ,20:50,37h 15m,59,S M T W T F S,SL 3A 2A 1A 3E,1666 km,45 km/hr,15483
12966,Bhuj - Bandra Terminus Weekly SF Express (PT),SF,WR,,,BHUJ,18:00,BDTS,11:20,17h 20m,17,F,SL 3A 2A,976 km,56 km/hr,12965
15270,Sabarmati - Muzaffarpur Jan Sadharan Express (UnReserved),Exp,ECR,,,SBIB,17:55,MFP,3:50,33h 55m,24,S,,1751 km,52 km/hr,15269
40058,Tambaram - Chennai Beach EMU (12 Car),Chn,SR,,,TBM,15:30,MSB,16:30,1h 0m,16,M T W T F S,,29 km,29 km/hr,40057
40056,Tambaram - Chennai Beach EMU (12 Car),Chn,SR,,,TBM,15:00,MSB,16:00,1h 0m,16,M T W T F S,,29 km,29 km/hr,40055
52539,New Jalpaiguri - Darjeeling AC Passenger,Toy,NFR,,,NJP,10:00,DJ,18:26,8h 26m,10,M W S,CC FC,84 km,10 km/hr,52538
52538,Darjeeling - New Jalpaiguri AC Passenger,Toy,NFR,,,DJ,9:10,NJP,17:05,7h 55m,10,S T T,CC FC,84 km,11 km/hr,52539
33742,Bangaon - Ranaghat Local,Klkt,ER,,,BNJ,22:05,RHA,22:51,0h 46m,7,S M T W T F S,,33 km,43 km/hr,
22447,New Delhi - Amb Andaura Vande Bharat Express,VB,NR,,,NDLS,5:50,AADR,11:10,5h 20m,5,S M W T F S,CC Ex,412 km,77 km/hr,22448
63558,Varanasi - Barkakana MEMU,MEMU,ER,,,BSB,6:50,BRKA,20:30,13h 40m,63,S M T W T F S,,453 km,33 km/hr,63557
40054,Tambaram - Chennai Beach EMU (12 Car),Chn,SR,,,TBM,14:45,MSB,15:45,1h 0m,16,M T W T F S,,29 km,29 km/hr,40055
18186,Godda - Tatanagar Express,Exp,SER,,,GODA,14:05,TATA,7:15,17h 10m,21,T,SL 3A 2A 3E,654 km,38 km/hr,18185
18185,Tatanagar - Godda Express,Exp,SER,,,TATA,13:55,GODA,6:20,16h 25m,23,M,SL 3A 2A 3E,654 km,40 km/hr,18186
40052,Tambaram - Chennai Beach EMU (12 Car),Chn,SR,,,TBM,14:15,MSB,15:15,1h 0m,16,M T W T F S,,29 km,29 km/hr,40051
73422,Kiul - Jamalpur DEMU,DEMU,ER,,,KIUL,9:05,JMP,10:50,1h 45m,11,S M T W T F S,,45 km,26 km/hr,73421
54355,Bandikui - Bareilly Passenger (UnReserved),Pass,NR,,,BKI,14:45,BE,6:20,15h 35m,47,S M T W T F S,,413 km,27 km/hr,54356
54356,Bareilly - Bandikui Passenger (UnReserved),Pass,NR,,,BE,21:05,BKI,9:50,12h 45m,47,S M T W T F S,,413 km,32 km/hr,54355
40050,Tambaram - Chennai Beach EMU,Chn,SR,,,TBM,13:50,MSB,14:50,1h 0m,16,M T W T F S,,29 km,29 km/hr,40049
40048,Tambaram - Chennai Beach EMU (12 Car),Chn,SR,,,TBM,12:35,MSB,13:35,1h 0m,16,M T W T F S,,29 km,29 km/hr,40047
73428,Kiul - Jamalpur DEMU,DEMU,ER,,,KIUL,5:10,JMP,6:55,1h 45m,9,S M T W T F S,,45 km,26 km/hr,73427
68442,Puri - Jaleswar MEMU,MEMU,ECoR,,,PURI,12:45,JER,21:05,8h 20m,59,S M T W T F S,,316 km,38 km/hr,68441
40046,Tambaram - Chennai Beach EMU (12 Car),Chn,SR,,,TBM,12:20,MSB,13:20,1h 0m,16,M T W T F S,,29 km,29 km/hr,40045
19821,Asarva (Ahmedabad) - Kota Express,Exp,WCR,,,ASV,8:55,KOTA,20:50,11h 55m,19,W S,SL 3A 2A 1A 3E,575 km,48 km/hr,19822
40044,Tambaram - Chennai Beach EMU (12 Car),Chn,SR,,,TBM,11:50,MSB,12:50,1h 0m,16,M T W T F S,,29 km,29 km/hr,40043
74839,Bhagat Ki Kothi - Barmer DEMU,DEMU,NWR,,,BGKT,15:00,BME,20:30,5h 30m,21,S M T W T F S,,205 km,37 km/hr,74840
20702,Tirupati - Secunderabad Vande Bharat Express,VB,SCR,,,TPTY,15:15,SC,23:42,8h 27m,5,S M W T F S,CC Ex,662 km,78 km/hr,20701
20683,Tambaram - Sengottai SF Express (PT),SF,SR,,,TBM,20:50,SCT,10:50,14h 0m,21,S T T,SL 2A 3E,765 km,55 km/hr,20684
20684,Sengottai - Tambaram SF Express (PT),SF,SR,,,SCT,17:35,TBM,7:25,13h 50m,21,M W F,SL 2A 3E,765 km,55 km/hr,20683
15556,Bapudham Motihari - Patliputra MEMU Intercity Express (UnReserved),Exp,ECR,,,BMKI,5:55,PPTA,9:35,3h 40m,9,S M T W T F S,,155 km,42 km/hr,15555
15555,Patliputra - Bapudham Motihari MEMU Intercity Express (UnReserved),Exp,ECR,,,PPTA,19:00,BMKI,22:50,3h 50m,9,S M T W T F S,,155 km,40 km/hr,15556
22895,Howrah - Puri Vande Bharat Express,VB,SER,,,HWH,6:10,PURI,13:00,6h 50m,7,S M T W F S,CC Ex,500 km,73 km/hr,22896
22896,Puri - Howrah Vande Bharat Express,VB,SER,,,PURI,13:40,HWH,20:30,6h 50m,7,S M T W F S,CC Ex,500 km,73 km/hr,22895
22229,Mumbai CSMT - Madgaon Vande Bharat Express,VB,CR,,,CSMT,5:25,MAO,16:00,10h 35m,7,M W F,CC Ex,581 km,55 km/hr,22230
22230,Madgaon - Mumbai CSMT Vande Bharat Express,VB,CR,,,MAO,12:20,CSMT,22:30,10h 10m,7,T T S,CC Ex,581 km,57 km/hr,22229
12725,Siddhaganga SF Express,SF,SWR,,,SBC,13:00,DWR,21:40,8h 40m,16,S M T W T F S,2S CC,490 km,57 km/hr,12726
15268,Mumbai LTT - Raxaul Antyodaya Express (Via Chhapra),Ant,ECR,,,LTT,16:35,RXL,7:50,39h 15m,23,M,,1915 km,49 km/hr,15267
12202,Thiruvananthapuram North (Kochuveli) - Mumbai LTT Garib Rath Express (PT),GR,SR,,,TVCN,7:45,LTT,14:40,30h 55m,23,S T,CC 3A,1503 km,49 km/hr,12201
40042,Tambaram - Chennai Beach EMU (12 Car),Chn,SR,,,TBM,11:10,MSB,12:10,1h 0m,16,M T W T F S,,29 km,29 km/hr,40041
16362,Velankanni - Ernakulam Jn. Bi-Weekly Express (via Karaikkudi),Exp,SR,,,VLNK,18:40,ERS,11:50,17h 10m,32,S T,SL 3A 2A,690 km,40 km/hr,16361
15617,Guwahati - Dullabcherra Express (PT),Exp,NFR,,,GHY,22:15,DLCR,10:15,12h 0m,10,M W S,SL 3A 2A,410 km,34 km/hr,15618
15618,Dullabcherra - Guwahati Express (PT),Exp,NFR,,,DLCR,11:40,GHY,23:50,12h 10m,10,S T T,SL 3A 2A,410 km,34 km/hr,15617
20835,Rourkela - Puri Vande Bharat Express,VB,ECoR,,,ROU,14:00,PURI,21:40,7h 40m,9,S M W T F S,CC Ex,506 km,66 km/hr,20836
13514,Hatia - Asansol Express (UnReserved),Exp,ER,,,HTE,14:45,ASN,23:45,9h 0m,15,S M W T S,,436 km,48 km/hr,13513
05402,Kashipur - Bareilly City DEMU Special,DEMU,NER,,,KPV,12:40,BC,17:10,4h 30m,15,S M T W T F S,,140 km,31 km/hr,5401
17668,Mumbai LTT - Hazur Sahib Nanded Express,Exp,SCR,9-Jul,,LTT,16:55,NED,9:10,16h 15m,11,T,SL 3A 2A 1A,801 km,49 km/hr,17667
17666,Mumbai LTT - Hazur Sahib Nanded Express,Exp,SCR,14-Jul,,LTT,16:35,NED,9:10,16h 35m,12,T,SL 3A 2A 1A,801 km,48 km/hr,17665
20666,Tirunelveli - Chennai Egmore Vande Bharat Express,VB,SR,,,TEN,6:00,MS,14:00,8h 0m,8,S M W T F S,CC Ex,650 km,81 km/hr,20665
20665,Chennai Egmore - Tirunelveli Vande Bharat Express,VB,SR,,,MS,15:10,TEN,23:00,7h 50m,8,S M W T F S,CC Ex,650 km,83 km/hr,20666
20632,Thiruvananthapuram Central - Mangaluru Central Vande Bharat Express,VB,SR,,,TVC,16:05,MAQ,0:45,8h 40m,9,S M T T F S,CC Ex,620 km,72 km/hr,20631
19203,Bandra Terminus - Veraval Express (PT),Exp,WR,,,BDTS,19:25,VRL,13:15,17h 50m,23,S,SL 3A 2A 1A,937 km,53 km/hr,19204
09410,Ekta Nagar - Ahmedabad Steam Heritage Special,SF,WR,,,EKNR,20:20,ADI,0:15,3h 55m,1,S S,Ex,182 km,46 km/hr,9409
40040,Tambaram - Chennai Beach EMU (12 Car),Chn,SR,,,TBM,11:00,MSB,12:00,1h 0m,16,M T W T F S,,29 km,29 km/hr,
18049,Shalimar - Badampahar Weekly Express,Exp,SER,,,SHM,22:45,BMPR,6:00,7h 15m,8,S,SL 3A,335 km,46 km/hr,18050
18050,Badampahar - Shalimar Weekly Express,Exp,SER,,,BMPR,22:00,SHM,6:15,8h 15m,8,S,SL 3A,336 km,41 km/hr,18049
18051,Badampahar - Rourkela Express,Exp,SER,,,BMPR,6:30,ROU,12:20,5h 50m,9,S,SL 3A,252 km,43 km/hr,18052
61608,Manikpur - Satna MEMU,MEMU,WCR,,,MKP,19:25,STA,22:15,2h 50m,9,S M T W T F S,,78 km,27 km/hr,61607
40038,Tambaram - Chennai Beach EMU (12 Car),Chn,SR,,,TBM,10:30,MSB,11:30,1h 0m,16,M T W T F S,FC,29 km,29 km/hr,40039
16367,Kashi Tamil Sangamam Express (PT),Exp,SR,,,CAPE,20:30,BNRS,23:50,51h 20m,35,T,SL 3A 2A 1A 3E,2766 km,54 km/hr,16368
15557,Darbhanga - Anand Vihar Terminal Amrit Bharat Express (PT),AB,ECR,,,DBG,14:55,ANVT,12:50,21h 55m,20,M T,SL,1137 km,52 km/hr,15558
15558,Anand Vihar Terminal - Darbhanga Amrit Bharat Express,AB,ECR,,,ANVT,15:10,DBG,12:20,21h 10m,20,T F,SL,1137 km,54 km/hr,15557
20646,Mangaluru Central - Madgaon Vande Bharat Express,VB,SR,,,MAQ,8:30,MAO,14:10,5h 40m,2,S M T W F S,CC Ex,319 km,56 km/hr,20645
20645,Madgaon - Mangaluru Central Vande Bharat Express,VB,SR,,,MAO,17:35,MAQ,22:45,5h 10m,2,S M T W F S,CC Ex,319 km,62 km/hr,20646
22478,Shri Mata Vaishno Devi Katra - New Delhi Vande Bharat Express,VB,NR,,,SVDK,5:45,NDLS,14:00,8h 15m,5,S M T T F S,CC Ex,655 km,79 km/hr,22477
15925,Deoghar - Dibrugarh Express,Exp,NFR,,,DGHR,19:55,DBRG,23:00,27h 5m,30,T,SL 3A 2A,1294 km,48 km/hr,15926
13333,Dumka - Patna Express,Exp,ECR,,,DUMK,14:05,PNBE,21:00,6h 55m,13,S M T W T F S,SL 3A 2A 1A 3E,337 km,49 km/hr,13334
54355,Bandikui - Bareilly Passenger (UnReserved),Pass,NR,,,BKI,14:45,BE,6:20,15h 35m,47,S M T W T F S,,413 km,27 km/hr,54356
54356,Bareilly - Bandikui Passenger (UnReserved),Pass,NR,,,BE,21:05,BKI,9:50,12h 45m,47,S M T W T F S,,413 km,32 km/hr,54355
15089,Godda - Gomti Nagar Weekly Express,Exp,NER,,,GODA,14:05,GTNR,7:30,17h 25m,22,S,SL 3A 2A,807 km,46 km/hr,15090
15090,Gomti Nagar - Godda Weekly Express,Exp,NER,,,GTNR,15:20,GODA,11:15,19h 55m,22,F,SL 3A 2A,807 km,41 km/hr,15089
40206,Guduvancheri - Chennai Beach EMU,Chn,SR,,,GI,22:15,MSB,0:01,1h 46m,20,M T W T F S,,40 km,23 km/hr,
13212,Danapur - Jogbani Intercity Express,Exp,ECR,,,DNR,6:05,JBN,16:30,10h 25m,16,S M T W T F S,SL 3A 2A,332 km,32 km/hr,13211
13214,Saharsa - Jogbani Express,Exp,ECR,,,SHC,22:55,JBN,3:55,5h 0m,7,S M T W T F S,SL 3A 2A,125 km,25 km/hr,13213
13213,Jogbani - Saharsa Express,Exp,ECR,,,JBN,17:00,SHC,21:35,4h 35m,7,S M T W T F S,SL 3A 2A,125 km,27 km/hr,13214
15723,Jogbani - Siliguri Town Intercity Express,Exp,NFR,,,JBN,5:00,SGUT,13:05,8h 5m,12,M T T F S,2S CC,314 km,39 km/hr,15724
40254,Guduvancheri - Tambaram EMU Local,Chn,SR,,,GI,21:50,TBM,22:15,0h 25m,3,S,,11 km,27 km/hr,
15020,Tanakpur - Dehradun Express,Exp,NER,,,TPU,19:35,DDN,7:35,12h 0m,11,T T S,SL 2A 1A 3E,452 km,38 km/hr,15019
15019,Dehradun - Tanakpur Express,Exp,NER,,,DDN,15:15,TPU,4:40,13h 25m,11,S W F,SL 2A 1A 3E,452 km,34 km/hr,15020
75706,Siliguri - Radhikapur DEMU Intercity Express (UnReserved),Exp,NFR,,,SGUJ,6:00,RDP,10:55,4h 55m,14,S M T W T F S,,218 km,44 km/hr,75705
75705,Radhikapur - Siliguri DEMU Intercity Express (UnReserved),Exp,NFR,,,RDP,17:30,SGUJ,23:00,5h 30m,14,S M T W T F S,,218 km,40 km/hr,75706
20707,Secunderabad - Visakhapatnam Vande Bharat Express,VB,SCR,,,SC,5:00,VSKP,13:50,8h 50m,6,S T W T F S,CC Ex,698 km,79 km/hr,20708
22962,Ahmedabad - Mumbai Central Vande Bharat Express (PT),VB,WR,,,ADI,6:05,MMCT,11:45,5h 40m,4,M T W T F S,CC Ex,493 km,87 km/hr,22961
15505,Saharsa - Patliputra Janhit Express,Exp,ECR,,,SHC,23:15,PPTA,4:50,5h 35m,9,M F,SL 3A 2A 3E,215 km,38 km/hr,15506
17654,Puducherry - Kacheguda Express (PT),Exp,SCR,,,PDY,12:45,KCG,7:55,19h 10m,23,S T F,SL 3A 2A,966 km,50 km/hr,17653
40257,Chennai Beach - Guduvancheri EMU,Chn,SR,,,MSB,21:15,GI,22:40,1h 25m,20,S,FC,40 km,28 km/hr,
59227,Surendranagar - Bhavnagar Terminus Passenger (UnReserved),Pass,WR,,,SUNR,18:40,BVC,23:15,4h 35m,19,S M T W T F S,,170 km,37 km/hr,59228
12392,Shramjeevi SF Express (PT),SF,ECR,,,NDLS,13:10,RGD,10:40,21h 30m,32,S M T W T F S,SL 3A 2A 1A,1102 km,51 km/hr,12391
47241,Medchal - Falaknuma MMTS,Hyd,SCR,,,MED,13:40,FM,15:25,1h 45m,21,S M T W T F S,FC,40 km,23 km/hr,
40582,Chengalpattu - Tambaram EMU,Chn,SR,,,CGL,7:25,TBM,8:25,1h 0m,9,M T W T F S,,31 km,31 km/hr,40581
40620,Chengalpattu - Chennai Beach EMU,Chn,SR,,,CGL,8:25,MSB,10:20,1h 55m,26,S,,60 km,31 km/hr,
43010,Avadi - Chennai Central Suburban EMU,Chn,SR,,,AVD,6:40,MASS,7:30,0h 50m,11,S M T W T F S,,21 km,25 km/hr,
12502,Agartala - Kolkata Garib Rath Express (PT),GR,NFR,,,AGTL,7:00,KOAA,14:35,31h 35m,20,W,3A,1565 km,50 km/hr,12501
12501,Kolkata - Agartala Garib Rath Express (PT),GR,NFR,,,KOAA,21:45,AGTL,6:55,33h 10m,20,S,3A,1565 km,47 km/hr,12502
40034,Tambaram - Chennai Beach EMU (12 Car),Chn,SR,,,TBM,9:45,MSB,11:00,1h 15m,16,M T W T F S,,29 km,23 km/hr,40035
40032,Tambaram - Chennai Beach Ladies Special EMU (12 Car),Chn,SR,,,TBM,9:25,MSB,10:29,1h 4m,16,M T W T F S,,29 km,27 km/hr,40033
17039,Secunderabad - Vasco-da-Gama Express,Exp,SCR,,,SC,10:05,VSG,5:55,19h 50m,19,W F,SL 3A 2A,823 km,42 km/hr,17040
55362,Mailani - Pilibhit Passenger (UnReserved),Pass,NER,,,MLN,17:55,PBE,20:50,2h 55m,11,S M T W T F S,,67 km,23 km/hr,55361
19206,Mahuva - Bhavnagar Para Express (UnReserved),Exp,WR,,,MHV,15:10,BVP,20:00,4h 50m,22,S M T W T F S,,199 km,41 km/hr,19205
22146,Rewa - Bhopal SF Express,SF,WCR,,,REWA,22:20,BPL,8:15,9h 55m,10,M S,SL 3A 2A 1A,575 km,58 km/hr,22145
22145,Bhopal - Rewa SF Express,SF,WCR,,,BPL,23:00,REWA,9:15,10h 15m,10,S F,SL 3A 2A 1A,575 km,56 km/hr,22146
40030,Tambaram - Chennai Beach Ladies Special EMU (12 Car),Chn,SR,,,TBM,9:05,MSB,10:15,1h 10m,16,M T W T F S,,29 km,24 km/hr,40031
15508,Patliputra - Darbhanga MEMU Intercity Express (UnReserved),Exp,ECR,,,PPTA,19:30,DBG,1:30,6h 0m,11,S M T W T F S,,207 km,35 km/hr,15507
15507,Darbhanga - Patliputra MEMU Intercity Express (UnReserved),Exp,ECR,,,DBG,2:40,PPTA,8:00,5h 20m,11,S M T W T F S,,207 km,39 km/hr,15508
18119,Tatanagar - Jaynagar Express,Exp,SER,,,TATA,18:40,JYG,11:35,16h 55m,16,F,SL 3A 2A 3E,645 km,38 km/hr,18120
40028,Tambaram - Chennai Beach EMU (12 Car),Chn,SR,,,TBM,8:58,MSB,10:10,1h 12m,16,M T W T F S,,29 km,24 km/hr,40029
59233,Surendranagar - Bhavnagar Terminus Passenger (UnReserved),Pass,WR,,,SUNR,10:00,BVC,14:20,4h 20m,18,S M T W T F S,,170 km,39 km/hr,59234
20628,Nagercoil - Chennai Egmore Vande Bharat Express,VB,SR,,,NCJ,14:20,MS,23:05,8h 45m,7,S M T T F S,CC Ex,724 km,83 km/hr,20627
12391,Shramjeevi SF Express (PT),SF,ECR,,,RGD,7:45,NDLS,4:40,20h 55m,32,S M T W T F S,SL 3A 2A 1A,1102 km,53 km/hr,12392
20829,Durg - Visakhapatnam Vande Bharat Express,VB,SECR,,,DURG,5:45,VSKP,13:55,8h 10m,9,S M T W F S,CC Ex,566 km,69 km/hr,20830
20892,Brahmapur - Tatanagar Vande Bharat Express,VB,SER,,,BAM,5:15,TATA,14:50,9h 35m,9,S M W T F S,CC Ex,587 km,61 km/hr,20891
20872,Rourkela - Howrah Vande Bharat Express,VB,SER,,,ROU,13:30,HWH,19:50,6h 20m,3,S M W T F S,CC Ex,412 km,65 km/hr,20871
20871,Howrah - Rourkela Vande Bharat Express,VB,SER,,,HWH,6:00,ROU,12:05,6h 5m,3,S M W T F S,CC Ex,412 km,68 km/hr,20872
20891,Tatanagar - Brahmapur Vande Bharat Express,VB,SER,,,TATA,14:20,BAM,23:55,9h 35m,9,S M W T F S,CC Ex,587 km,61 km/hr,20892
20894,Patna - Tatanagar Vande Bharat Express (via Gomoh),VB,SER,,,PNBE,14:05,TATA,21:40,7h 35m,7,W T F S,CC Ex,450 km,59 km/hr,20893
13258,Anand Vihar Terminal - Danapur Jan Sadharan Express (UnReserved),Exp,ECR,,,ANVT,13:35,DNR,7:30,17h 55m,8,S M T W T F S,,999 km,56 km/hr,13257
40026,Tambaram - Chennai Beach EMU (12 Car),Chn,SR,,,TBM,8:48,MSB,9:57,1h 9m,16,M T W T F S,FC,29 km,25 km/hr,40027
54355,Bandikui - Bareilly Passenger (UnReserved),Pass,NR,,,BKI,14:45,BE,6:20,15h 35m,47,S M T W T F S,,413 km,27 km/hr,54356
54356,Bareilly - Bandikui Passenger (UnReserved),Pass,NR,,,BE,21:05,BKI,9:50,12h 45m,47,S M T W T F S,,413 km,32 km/hr,54355
53441,Deoghar - Jamalpur Passenger (UnReserved),Pass,ER,,,DGHR,15:45,JMP,22:25,6h 40m,37,M T W T F S,,161 km,24 km/hr,53442
53443,Godda - Deoghar Passenger (UnReserved),Pass,ER,,,GODA,13:00,DGHR,15:00,2h 0m,8,M T W T F S,,80 km,40 km/hr,53444
22543,Bandra Terminus - Lal Kuan Weekly SF Express (PT),SF,NER,,,BDTS,11:00,LKU,13:20,26h 20m,16,T,SL 3A 2A 3E,1625 km,62 km/hr,22544
40024,Tambaram - Chennai Beach EMU,Chn,SR,,,TBM,8:38,MSB,9:50,1h 12m,16,M T W T F S,,29 km,24 km/hr,40025
59229,Botad - Bhavnagar Para Passenger (UnReserved),Pass,WR,,,BTD,6:50,BVP,9:00,2h 10m,11,S M T W T F S,,90 km,41 km/hr,59230
64634,Etawah - Gwalior MEMU,MEMU,NCR,,,ETW,7:00,GWL,11:30,4h 30m,15,S M T W T F S,,118 km,26 km/hr,64633
64174,Brahmavart - Kanpur Central MEMU,MEMU,NR,,,BRT,17:10,CNB,18:20,1h 10m,4,S M T W T F S,,26 km,23 km/hr,64173
67788,Raichur - Kacheguda MEMU,MEMU,SCR,,,RC,16:00,KCG,22:10,6h 10m,29,S M T W T F S,,222 km,36 km/hr,67787
77633,Bidar - Kalaburagi DEMU,DEMU,SCR,,,BIDR,14:15,KLBG,17:20,3h 5m,8,M T W T F S,,125 km,41 km/hr,77634
77634,Kalaburagi - Bidar DEMU,DEMU,SCR,,,KLBG,17:55,BIDR,20:40,2h 45m,8,M T W T F S,,125 km,46 km/hr,77633
75220,Sonpur - Deoria DEMU,DEMU,ECR,,,SEE,7:25,DEIA,10:15,2h 50m,8,S M T W T F S,,69 km,24 km/hr,75219
75221,Deoria - Sonpur DEMU,DEMU,ECR,,,DEIA,15:10,SEE,18:00,2h 50m,8,S M T W T F S,,69 km,24 km/hr,75222
65102,Jaunpur - Ghazipur City MEMU,MEMU,NER,,,JNU,9:15,GCT,11:45,2h 30m,14,S M T W T F S,,98 km,39 km/hr,65101
40512,Chengalpattu - Chennai Beach EMU (12 Car),Chn,SR,,,CGL,6:35,MSB,8:35,2h 0m,26,M T W T F S,,60 km,30 km/hr,40511
40702,Kanchipuram - Chennai Beach EMU,Chn,SR,,,CJ,6:10,MSB,9:05,2h 55m,34,M T W T F S,FC,96 km,33 km/hr,40701
63362,Narkatiaganj - Gaunaha MEMU,MEMU,ECR,,,NKE,5:50,GAH,6:50,1h 0m,2,S M T W T F S,,23 km,23 km/hr,63361
63361,Gaunaha - Narkatiaganj MEMU,MEMU,ECR,,,GAH,7:05,NKE,8:05,1h 0m,2,S M T W T F S,,23 km,23 km/hr,63362
63382,Saharsa - Laheria Sarai MEMU,MEMU,ECR,,,SHC,10:45,LSI,16:30,5h 45m,30,S M T W T F S,,146 km,25 km/hr,63381
63380,Saharsa - Laheria Sarai MEMU,MEMU,ECR,,,SHC,18:55,LSI,23:55,5h 0m,30,S M T W T F S,,146 km,29 km/hr,63377
63379,Laheria Sarai - Saharsa MEMU,MEMU,ECR,,,LSI,4:10,SHC,10:35,6h 25m,30,S M T W T F S,,146 km,23 km/hr,63380
63381,Laheria Sarai - Saharsa MEMU,MEMU,ECR,,,LSI,21:00,SHC,2:30,5h 30m,30,S M T W T F S,,146 km,27 km/hr,63382
55085,Pilibhit - Daliganj Passenger (UnReserved),Pass,NER,,,PBE,18:05,DAL,1:40,7h 35m,37,S M T W T F S,,255 km,34 km/hr,55084
55081,Mailani - Sitapur Passenger (UnReserved),Pass,NER,,,MLN,14:00,STP,16:50,2h 50m,14,S M T W T F S,,106 km,37 km/hr,55082
55083,Mailani - Daliganj Passenger (UnReserved),Pass,NER,,,MLN,11:50,DAL,17:00,5h 10m,25,S M T W T F S,,188 km,36 km/hr,55086
52260,Mailani - Bichia Tourist Passenger,Pass,NER,,,MLN,6:05,BIC,10:40,4h 35m,7,S S,EV,108 km,23 km/hr,52259
65302,Kashipur - Bareilly City MEMU,MEMU,NER,,,KPV,10:45,BC,15:20,4h 35m,15,S M T W T F S,,140 km,31 km/hr,65301
55351,Pilibhit - Shahjahanpur Passenger (UnReserved),Pass,NER,,,PBE,14:05,SPN,16:30,2h 25m,14,S M T W T F S,,84 km,35 km/hr,55354
56819,Thanjavur - Tiruchchirappalli Passenger (UnReserved),Pass,SR,,,TJ,16:00,TPJ,17:35,1h 35m,8,S M T W T F S,,50 km,31 km/hr,
68817,Gondia - Garha (Jabalpur) MEMU,MEMU,SECR,,,G,6:30,GGGS,13:10,6h 40m,33,S M T W T F S,,224 km,34 km/hr,68818
58826,Nainpur - Chhindwara Passenger (UnReserved),Pass,SECR,,,NIR,5:00,CWA,8:30,3h 30m,19,S M T W T F S,,140 km,40 km/hr,58825
77603,Kacheguda - Medak DEMU,DEMU,SCR,,,KCG,19:10,MDAK,22:40,3h 30m,27,S M T W T F S,,104 km,30 km/hr,77604
59126,Chhota Udepur - Pratapnagar Passenger (UnReserved),Pass,WR,,,CTD,17:15,PRTN,19:50,2h 35m,16,S M T W T F S,,99 km,38 km/hr,59125
54642,Firozpur Cantt - Bathinda Passenger (UnReserved),Pass,NR,,,FZR,10:40,BTI,13:20,2h 40m,10,S M T W T F S,,88 km,33 km/hr,54641
54641,Bathinda - Firozpur Cantt Passenger (UnReserved),Pass,NR,,,BTI,17:40,FZR,20:05,2h 25m,11,S M T W T F S,,88 km,36 km/hr,54642
59609,Udaipur City - Chittaurgarh Passenger (UnReserved),Pass,NWR,,,UDZ,19:00,COR,22:10,3h 10m,11,S M T W T F S,,114 km,36 km/hr,59610
59610,Chittaurgarh - Udaipur City Passenger (UnReserved),Pass,NWR,,,COR,6:00,UDZ,9:20,3h 20m,11,S M T W T F S,,114 km,34 km/hr,59609
55606,Shokhuvi - Guwahati Passenger (UnReserved),Pass,NFR,,,SKHV,6:00,GHY,12:05,6h 5m,17,W F,,246 km,40 km/hr,55605
55608,Guwahati - Mendipathar Passenger (UnReserved),Pass,NFR,,,GHY,12:45,MNDP,17:00,4h 15m,12,M W,,129 km,30 km/hr,55607
53236,Fatuha - Hilsa Passenger (UnReserved),Pass,ECR,,,FUT,12:30,HIL,13:45,1h 15m,9,S M T W T F S,,21 km,17 km/hr,53235
19210,Okha - Bhavnagar Terminus Express,Exp,WR,,,OKHA,15:15,BVC,5:35,14h 20m,39,S M T W T F S,SL 3A,538 km,38 km/hr,19209
64652,Baramula - Sangaldan MEMU,MEMU,NR,,,BRML,9:20,SGDN,13:45,4h 25m,18,S M T W T F S,,177 km,40 km/hr,64651
64651,Sangaldan - Baramula MEMU,MEMU,NR,,,SGDN,14:00,BRML,18:30,4h 30m,20,S M T W T F S,,177 km,39 km/hr,64652
66579,KSR Bengaluru - Ashokapuram MEMU,MEMU,SWR,,,SBC,0:30,AP,4:40,4h 10m,17,S M T W T F S,,143 km,34 km/hr,66554
55073,Gorakhpur - Barhni Passenger (UnReserved),Pass,NER,,,GKP,0:35,BNY,4:15,3h 40m,11,S M T W T F S,,113 km,31 km/hr,55074
67225,Vijayawada - Gudur MEMU,MEMU,SCoR,,,BZA,16:55,GDR,0:40,7h 45m,36,S M T W T F S,,294 km,38 km/hr,67226
67229,Vijayawada - Guntur MEMU,MEMU,SCoR,,,BZA,9:40,GNT,11:00,1h 20m,4,S M T W T F S,,32 km,24 km/hr,67230
67235,Guntur - Tenali MEMU,MEMU,SCoR,,,GNT,21:30,TEL,22:50,1h 20m,2,S M T W T F S,,26 km,19 km/hr,67237
55583,Raxaul - Narkatiaganj Passenger (UnReserved),Pass,ECR,,,RXL,19:45,NKE,21:30,1h 45m,6,S M T W T F S,,41 km,23 km/hr,55584
54355,Bandikui - Bareilly Passenger (UnReserved),Pass,NR,,,BKI,14:45,BE,6:20,15h 35m,47,S M T W T F S,,413 km,27 km/hr,54356
54356,Bareilly - Bandikui Passenger (UnReserved),Pass,NR,,,BE,21:05,BKI,9:50,12h 45m,47,S M T W T F S,,413 km,32 km/hr,54355
75214,Mehsi - Raxaul DEMU,DEMU,ECR,,,MAI,15:05,RXL,19:00,3h 55m,15,S M T W T F S,,90 km,23 km/hr,75213
40203,Chennai Beach - Guduvancheri EMU,Chn,SR,,,MSB,20:00,GI,21:30,1h 30m,20,M T W T F S,,40 km,27 km/hr,
40207,Chennai Beach - Guduvancheri EMU,Chn,SR,,,MSB,21:15,GI,22:40,1h 25m,20,M T W T F S,,40 km,28 km/hr,
40251,Chennai Beach - Guduvancheri EMU Local,Chn,SR,,,MSB,19:30,GI,20:55,1h 25m,20,S,,40 km,28 km/hr,
40253,Chennai Beach - Guduvancheri EMU Local,Chn,SR,,,MSB,20:15,GI,21:40,1h 25m,20,S,,40 km,28 km/hr,
40255,Chennai Beach - Guduvancheri EMU Local,Chn,SR,,,MSB,20:45,GI,22:15,1h 30m,20,S,,40 km,27 km/hr,
40258,Guduvancheri - Tambaram EMU Local,Chn,SR,,,GI,22:50,TBM,23:15,0h 25m,3,S,,11 km,27 km/hr,
40259,Chennai Beach - Guduvancheri EMU Local,Chn,SR,,,MSB,21:50,GI,23:15,1h 25m,20,S,,40 km,28 km/hr,
19051,Shramik Express (PT),Exp,WR,,,BL,22:20,MFP,7:10,32h 50m,17,S,SL 3A 2A,1859 km,57 km/hr,19052
37356,Tarkeswar - Howrah Local,Klkt,ER,,,TAK,20:22,HWH,21:52,1h 30m,19,S M T W T F S,,57 km,38 km/hr,
40022,Tambaram - Chennai Beach EMU,Chn,SR,,,TBM,8:30,MSB,9:45,1h 15m,16,M T W T F S,,29 km,23 km/hr,40021
40020,Tambaram - Chennai Beach EMU (12 Car),Chn,SR,,,TBM,8:20,MSB,9:35,1h 15m,16,M T W T F S,,29 km,23 km/hr,40019
55303,Moradabad - Lalkuan Passenger (via Kashipur) (UnReserved),Pass,NER,,,MB,6:00,LKU,9:55,3h 55m,11,S M T W T F S,,108 km,28 km/hr,55304
16103,Tambaram - Rameswaram Express (PT),Exp,SR,,,TBM,18:10,RMM,5:45,11h 35m,18,S M T W T F S,SL 3A 2A,618 km,53 km/hr,16104
40018,Tambaram - Chennai Beach EMU (12 Car),Chn,SR,,,TBM,7:55,MSB,8:55,1h 0m,16,M T W T F S,,29 km,29 km/hr,40017
04546,Chandigarh - Lucknow Special Fare Rakshabandhan Special,Exp,NR,27-Aug,27-Aug,CDG,19:40,LKO,9:30,13h 50m,9,T,SL 3A 2A,644 km,47 km/hr,4545
20507,Sairang - Anand Vihar Terminal Rajdhani Express,Raj,NFR,,,SANG,16:10,ANVT,10:50,42h 40m,18,F,3A 2A 1A,2515 km,59 km/hr,20508
49003,Chennai Beach - Tambaram AC EMU (12 Car),Chn,SR,,,MSB,9:43,TBM,10:43,1h 0m,16,M T W T F S,1A,29 km,29 km/hr,49004
49004,Tambaram - Chennai Beach AC EMU (12 Car),Chn,SR,,,TBM,14:25,MSB,15:25,1h 0m,16,S M T W T F,1A,29 km,29 km/hr,49003
49002,Chengalpattu - Chennai Beach AC EMU (12 Car),Chn,SR,,,CGL,7:50,MSB,9:30,1h 40m,14,M T W T F S,1A,60 km,36 km/hr,49007
11016,Saharsa - Mumbai LTT Amrit Bharat Express (PT),AB,CR,,,SHC,3:45,LTT,15:45,36h 0m,24,S,SL,1949 km,54 km/hr,11015
11015,Mumbai LTT - Saharsa Amrit Bharat Express,AB,CR,,,LTT,11:50,SHC,2:00,38h 10m,24,F,SL,1949 km,51 km/hr,11016
94803,Jaynagar - Patna Namo Bharat Rapid Rail,NB,ECR,,,JYG,5:00,PNBE,10:40,5h 40m,7,M T W T F S,,266 km,47 km/hr,94804
94804,Patna - Jaynagar Namo Bharat Rapid Rail,NB,ECR,,,PNBE,17:55,JYG,23:45,5h 50m,7,S M T W T F,,266 km,46 km/hr,94803
55524,Samastipur - Saharsa Passenger (via Alauli) (UnReserved),Pass,ECR,,,SPJ,4:00,SHC,14:10,10h 10m,33,S M T W T F S,,194 km,19 km/hr,55523
49008,Chengalpattu - Tambaram AC EMU (12 Car),Chn,SR,,,CGL,20:10,TBM,20:55,0h 45m,6,M T W T F S,1A,31 km,41 km/hr,49001
49009,Chennai Beach - Tambaram Weekly AC EMU (12 Car),Chn,SR,,,MSB,18:17,TBM,19:17,1h 0m,16,S,1A,29 km,29 km/hr,49010
11701,Mook Mati Express,Exp,WCR,,,R,14:35,JBP,22:45,8h 10m,7,S M T W T F S,2S SL CC 3A 2A,408 km,50 km/hr,11702
68128,Tatanagar - Chakulia MEMU,MEMU,SER,,,TATA,11:00,CKU,13:05,2h 5m,8,M T W T F S,,67 km,32 km/hr,68127
34795,Namkhana - Sealdah Local,Klkt,ER,,,NMKA,5:05,SDAH,7:55,2h 50m,32,S M T W T F S,,109 km,38 km/hr,34796
69250,Katosan Road - Sabarmati MEMU,MEMU,WR,,,KTRD,8:50,SBIB,10:20,1h 30m,3,S M T W T F,,58 km,39 km/hr,69249
18311,Sambalpur - Boudh Express,Exp,ECoR,,,SBP,19:25,BOUH,0:40,5h 15m,9,S,SL 3A 2A,212 km,40 km/hr,18312
15649,Agartala - Narangi Express (PT),Exp,NFR,,,AGTL,21:30,NNGE,12:45,15h 15m,10,S M T W T F S,SL 3A 2A,562 km,37 km/hr,15650
17424,Chikkamagaluru - Tirupati Weekly Express,Exp,SCoR,,,CMGR,17:30,TPTY,7:50,14h 20m,18,F,SL 3A 2A,594 km,41 km/hr,17423
15561,Darbhanga - Gomti Nagar Amrit Bharat Express,AB,ECR,,,DBG,14:55,GTNR,5:30,14h 35m,17,S,SL,629 km,43 km/hr,15562
15562,Gomti Nagar - Darbhanga Amrit Bharat Express,AB,ECR,,,GTNR,8:15,DBG,1:50,17h 35m,17,S,SL,629 km,36 km/hr,15561
17606,Bhagat Ki Kothi - Kacheguda Express,Exp,SCR,,,BGKT,22:30,KCG,15:45,41h 15m,31,S M T W T F S,SL 3A 2A,1949 km,47 km/hr,17605
40016,Tambaram - Chennai Beach EMU (12 Car),Chn,SR,,,TBM,7:25,MSB,8:25,1h 0m,16,M T W T F S,,29 km,29 km/hr,40015
67763,Secunderabad - Kazipet MEMU,MEMU,SCR,,,SC,19:00,KZJ,22:05,3h 5m,12,S M T W T F S,,132 km,43 km/hr,67764
04406,Ambala Cantt. - Panipat Rakshabandhan Special,Del,NR,27-Aug,28-Aug,UMB,20:10,PNP,22:45,2h 35m,15,T F,,109 km,42 km/hr,
52452,Shivalik Deluxe Express,Toy,NR,,,SML,14:15,KLK,19:30,5h 15m,6,S M T W T F S,FC,94 km,18 km/hr,52451
15212,Jan Nayak Express (UnReserved),Exp,ECR,,,ASR,19:20,DBG,3:10,31h 50m,43,S M T W T F S,,1486 km,47 km/hr,15211
13698,Delhi - Gaya Amrit Bharat Express,AB,ECR,,,DLI,14:00,GAYA,9:00,19h 0m,9,M F,SL,985 km,52 km/hr,13697
12201,Mumbai LTT - Thiruvananthapuram North (Kochuveli) Garib Rath Express (PT),GR,SR,,,LTT,16:45,TVCN,22:45,30h 0m,23,M F,CC 3A,1503 km,50 km/hr,12202
12566,Bihar Sampark Kranti Express (PT),SKr,ECR,,,NDLS,12:45,DBG,9:35,20h 50m,14,S M T W T F S,SL 3A 2A 1A 3E,1168 km,56 km/hr,12565
35024,Katwa - Barddhaman Local,Klkt,ER,,,KWAE,13:50,BWN,15:20,1h 30m,14,S M T W T F S,,53 km,35 km/hr,35023
13019,Bagh Express (PT),Exp,ER,,,HWH,21:40,KGM,9:30,35h 50m,67,S M T W T F S,SL 3A 2A,1512 km,42 km/hr,13020
16344,Amritha Express (PT),Exp,SR,,,RMM,13:30,TVC,5:00,15h 30m,27,S M T W T F S,SL 3A 2A 1A,769 km,50 km/hr,16343
54355,Bandikui - Bareilly Passenger (UnReserved),Pass,NR,,,BKI,14:45,BE,6:20,15h 35m,47,S M T W T F S,,413 km,27 km/hr,54356
54356,Bareilly - Bandikui Passenger (UnReserved),Pass,NR,,,BE,21:05,BKI,9:50,12h 45m,47,S M T W T F S,,413 km,32 km/hr,54355
15610,Sairang - Guwahati Express (PT),Exp,NFR,,,SANG,19:00,GHY,8:40,13h 40m,14,S M T W T F S,SL 3A 2A,493 km,36 km/hr,15609
13125,Kolkata - Sairang Express,Exp,ER,,,KOAA,10:45,SANG,18:30,31h 45m,28,T W S,SL 3A 2A 3E,1481 km,47 km/hr,13126
13126,Sairang - Kolkata Express (PT),Exp,ER,,,SANG,6:40,KOAA,14:30,31h 50m,28,M T F,SL 3A 2A 3E,1481 km,47 km/hr,13125
26301,Jogbani - Danapur Vande Bharat Express,VB,ECR,,,JBN,3:30,DNR,11:40,8h 10m,12,S M T T F S,CC Ex,449 km,55 km/hr,26302
15701,Katihar - Siliguri Intercity Express (via Purnea) (UnReserved),Exp,NFR,,,KIR,4:45,SGUJ,10:15,5h 30m,20,S M T W T F S,,229 km,42 km/hr,15702
15702,Siliguri - Katihar Intercity Express (via Purnea) (UnReserved),Exp,NFR,,,SGUJ,12:45,KIR,18:15,5h 30m,20,S M T W T F S,,229 km,42 km/hr,15701
14628,Chheharta (Amritsar) - Saharsa Amrit Bharat Express,AB,NR,,,CIA,22:20,SHC,10:10,35h 50m,33,S,SL,1590 km,44 km/hr,14627
15510,Patna - Lalitgram Rajya Rani Express,Exp,ECR,,,PNBE,12:20,LLP,19:00,6h 40m,13,M T W F S,CC 3E,297 km,45 km/hr,15509
15509,Lalitgram - Patna Rajya Rani Express,Exp,ECR,,,LLP,4:45,PNBE,11:30,6h 45m,13,S T W T S,CC 3E,297 km,44 km/hr,15510
63273,Rajgir - Patna Fast MEMU,MEMU,ECR,,,RGD,7:30,PNBE,9:45,2h 15m,9,S M T W T F S,,99 km,44 km/hr,63274
63274,Patna - Rajgir Fast MEMU,MEMU,ECR,,,PNBE,20:55,RGD,23:30,2h 35m,9,S M T W T F S,,99 km,38 km/hr,63273
63276,Patna - Kiul Fast MEMU,MEMU,ECR,,,PNBE,10:45,KIUL,15:00,4h 15m,21,S M T W T F S,,123 km,29 km/hr,63275
35042,Ahmadpur - Katwa EMU Passenger,Klkt,ER,,,AMP,17:20,KWAE,18:55,1h 35m,12,S M T W T F S,,52 km,33 km/hr,35041
64034,Shamli - Delhi MEMU,MEMU,NR,,,SMQL,7:00,DLI,10:10,3h 10m,8,S M T W T F S,,94 km,30 km/hr,64033
19623,Madar (Ajmer) - Darbhanga Amrit Bharat Express,AB,NWR,,,MDJN,21:25,DBG,0:55,27h 30m,30,F,SL,1309 km,48 km/hr,19624
19624,Darbhanga - Madar (Ajmer) Amrit Bharat Express,AB,NWR,,,DBG,4:10,MDJN,13:20,33h 10m,30,S,SL,1309 km,39 km/hr,19623
63390,Nawada - Patna Fast MEMU,MEMU,ECR,,,NWD,5:15,PNBE,9:35,4h 20m,21,M T W T F S,,163 km,38 km/hr,63389
53202,Buxar - Patna Fast Passenger (UnReserved),Pass,ECR,,,BXR,6:30,PNBE,9:15,2h 45m,7,M T W T F S,,118 km,43 km/hr,53201
53201,Patna - Buxar Fast Passenger (UnReserved),Pass,ECR,,,PNBE,17:40,BXR,20:35,2h 55m,7,M T W T F S,,118 km,40 km/hr,53202
53203,Jhajha - Danapur Fast Passenger (UnReserved),Pass,ECR,,,JAJ,3:40,DNR,9:00,5h 20m,21,M T W T F S,,187 km,35 km/hr,53204
63392,Patna - Islampur MEMU,MEMU,ECR,,,PNBE,8:45,IPR,11:15,2h 30m,19,M T W T F S,,71 km,28 km/hr,63391
63391,Islampur - Patna MEMU,MEMU,ECR,,,IPR,12:00,PNBE,15:55,3h 55m,19,M T W T F S,,71 km,18 km/hr,63392
15589,Muzaffarpur - Hadapsar (Pune) AC Express (PT),ACExp,ECR,,,MFP,19:20,HDP,6:25,35h 5m,23,M,2A 3E,1823 km,52 km/hr,15590
53242,Narkatiaganj - Gaunaha Passenger (UnReserved),Pass,NER,,,NKE,12:15,GAH,13:15,1h 0m,2,S M T W T F S,,23 km,23 km/hr,53241
15590,Hadapsar (Pune) - Muzaffarpur AC Express,ACExp,ECR,,,HDP,10:00,MFP,22:00,36h 0m,23,W,2A 3E,1823 km,51 km/hr,15589
63330,Gaya - Patliputra Fast MEMU,MEMU,ECR,,,GAYA,14:20,PPTA,18:45,4h 25m,8,S M T W T F S,,104 km,24 km/hr,63329
63393,Patna - Gaya Fast MEMU,MEMU,ECR,,,PNBE,18:10,GAYA,20:45,2h 35m,4,S M T W T F S,,92 km,36 km/hr,63394
63395,Patna - Gaya MEMU,MEMU,ECR,,,PNBE,9:45,GAYA,13:35,3h 50m,29,S M T W T F S,,92 km,24 km/hr,63396
63396,Gaya - Patna MEMU,MEMU,ECR,,,GAYA,14:45,PNBE,17:55,3h 10m,29,S M T W T F S,,92 km,29 km/hr,63395
16547,Yesvantpur - Vijayapura Express,Exp,SWR,,,YPR,21:30,BJP,11:30,14h 0m,21,S M T W T F S,SL 3A,742 km,53 km/hr,16548
20861,Puri - Ahmedabad SF Express (via Sambalpur) (PT),SF,ECoR,,,PURI,19:25,ADI,6:25,35h 0m,37,W,SL 3A 2A,1994 km,57 km/hr,20862
59562,Porbandar - Rajkot Passenger (UnReserved),Pass,WR,,,PBR,14:30,RJT,19:00,4h 30m,14,S M T W T F S,,202 km,45 km/hr,59561
11050,SCSMT Kolhapur - Ahmedabad Express (PT),Exp,CR,,,KOP,13:30,ADI,7:35,18h 5m,17,S,SL 3A 2A,955 km,53 km/hr,11049
31347,Sealdah - Kalyani Galloping AC Local,Klkt,ER,,,SDAH,15:10,KYI,16:32,1h 22m,9,M T W T F S,,48 km,35 km/hr,31344
54356,Bareilly - Bandikui Passenger (UnReserved),Pass,NR,,,BE,21:05,BKI,9:50,12h 45m,47,S M T W T F S,,413 km,32 km/hr,54355
54355,Bandikui - Bareilly Passenger (UnReserved),Pass,NR,,,BKI,14:45,BE,6:20,15h 35m,47,S M T W T F S,,413 km,27 km/hr,54356
22186,Ahimsa SF Express (PT),SF,CR,,,PUNE,20:10,ADI,7:35,11h 25m,15,W,SL 3A 2A,629 km,55 km/hr,22185
