source,destination,mode,duration_min,cost_inr,train_number,train_name,available,date,dep_time,arr_time,valid_from,valid_to,run_days
LTT,MAO,train,955,314.4,01003,Mumbai LTT - Madgaon Special Fare Ganpati Special,true,,07:50,23:45,08-24,09-28,mon
MAO,LTT,train,845,314.4,01004,Madgaon - Mumbai LTT Special Fare Ganpati Special,true,,16:00,06:05,08-23,09-27,sun
CSMT,MAO,train,890,322.3,01007,Mumbai CSM Terminus - Madgaon Special Fare Ganpati Special,true,,00:40,15:30,09-11,09-13,"sun,fri"
MAO,CSMT,train,945,322.3,01008,Madgaon - Mumbai CSM Terminus Special Fare Ganpati Special,true,,16:30,08:15,09-11,09-13,"sun,fri"
PUNE,KOP,train,448,205.0,01023,Pune - SCSMT Kolhapur Special Fare Special,true,,21:40,05:08,,10-19,"sun,mon,tue,wed,thu,fri,sat"
KOP,PUNE,train,455,205.0,01024,SCSMT Kolhapur - Pune Special Fare Special,true,,23:30,07:05,,10-19,"sun,mon,tue,wed,thu,fri,sat"
CSMT,SWV,train,750,287.3,01103,Mumbai CSMT - Sawantwadi Road Special Fare Ganpati Special,true,,15:30,04:00,09-11,09-26,"sun,mon,tue,wed,thu,fri,sat"
SWV,CSMT,train,725,287.3,01104,Sawantwadi Road - Mumbai CSMT Special Fare Ganpati Special,true,,04:35,16:40,09-12,09-27,"sun,mon,tue,wed,thu,fri,sat"
LTT,SWV,train,815,279.5,01129,Mumbai LTT - Sawantwadi Road Special Fare Ganpati Special,true,,08:45,22:20,09-15,09-22,tue
SWV,LTT,train,745,279.5,01130,Sawantwadi Road - Mumbai LTT Special Fare Ganpati Special,true,,23:20,11:45,09-15,09-22,tue
LTT,SWV,train,805,279.5,01131,Mumbai LTT - Sawantwadi Road Special Fare Ganapati Special,true,,08:45,22:10,09-17,09-27,"sun,tue"
SWV,LTT,train,745,279.5,01132,Sawantwadi Road - Mumbai LTT Special Fare Ganapati Special,true,,23:20,11:45,09-17,09-27,"sun,tue"
DIVA,CHI,train,470,159.9,01133,Diva - Chiplun MEMU Express Special (UnReserved),true,,13:40,21:30,09-11,09-26,"sun,mon,tue,wed,thu,fri,sat"
CHI,DIVA,train,330,159.9,01134,Chiplun - Diva MEMU Express Ganpati Special (UnReserved),true,,07:30,13:00,09-12,09-27,"sun,mon,tue,wed,thu,fri,sat"
NGP,MAO,train,1785,666.8,01139,Nagpur - Madgaon Special Fare Special,true,,23:45,05:30,08-19,09-23,wed
MAO,NGP,train,1585,666.8,01140,Madgaon - Nagpur Special Fare Special,true,,19:00,21:25,08-18,09-22,tue
CSMT,SWV,train,835,287.3,01151,Mumbai CSMT - Sawantwadi Road Special Fare Ganpati Special,true,,00:25,14:20,09-11,09-27,"sun,mon,tue,wed,thu,fri,sat"
SWV,CSMT,train,780,287.3,01152,Sawantwadi Road - Mumbai CSMT Special Fare Ganpati Special,true,,15:35,04:35,09-11,09-27,"sun,mon,tue,wed,thu,fri,sat"
CSMT,RN,train,535,213.2,01153,Mumbai CSMT - Ratnagiri Special Fare Ganpati Special,true,,11:30,20:25,09-11,09-26,"sun,mon,tue,wed,thu,fri,sat"
RN,CSMT,train,570,213.2,01154,Ratnagiri - Mumbai CSMT Special Fare Ganpati Special,true,,04:00,13:30,09-12,09-27,"sun,mon,tue,wed,thu,fri,sat"
DIVA,KHED,train,440,74.8,01155,Diva - Khed Ganapati Special MEMU,true,,07:15,14:35,09-11,09-27,"sun,mon,tue,wed,thu,fri,sat"
KHED,DIVA,train,410,74.8,01156,Khed - Diva Ganapati Special MEMU,true,,16:00,22:50,09-11,09-27,"sun,mon,tue,wed,thu,fri,sat"
LTT,VLNK,train,2290,791.0,01161,Mumbai LTT - Velankanni Festival Special Fare Special,true,,11:50,02:00,08-26,09-07,"mon,wed"
VLNK,LTT,train,2125,791.0,01162,Velankanni - Mumbai LTT Festival Special Fare Special,true,,05:15,16:40,08-28,09-09,"wed,fri"
LTT,MAO,train,825,314.4,01165,Mumbai LTT - Madgaon Special Fare AC Ganpati Special,true,,00:45,14:30,09-15,09-22,tue
MAO,LTT,train,880,314.4,01166,Madgaon - Mumbai LTT Special Fare AC Ganpati Special,true,,16:30,07:10,09-15,09-22,tue
LTT,RN,train,480,205.9,01167,Mumbai LTT - Ratnagiri Special Fare Ganpati Special,true,,21:00,05:00,09-12,09-26,"sun,tue,wed,thu,sat"
RN,LTT,train,515,205.9,01168,Ratnagiri - Mumbai LTT Special Fare Ganpati Special,true,,08:40,17:15,09-13,09-27,"sun,mon,wed,thu,fri"
LTT,SWV,train,760,279.5,01171,Mumbai LTT - Sawantwadi Road Special Fare Ganpati Special,true,,08:20,21:00,09-11,09-27,"sun,mon,tue,wed,thu,fri,sat"
SWV,LTT,train,770,279.5,01172,Sawantwadi Road - Mumbai LTT Special Fare Ganpati Special,true,,22:35,11:25,09-11,09-27,"sun,mon,tue,wed,thu,fri,sat"
LTT,MAO,train,825,314.4,01185,Mumbai LTT - Madgaon Special Fare Ganpati Special,true,,00:45,14:30,09-16,09-23,wed
MAO,LTT,train,880,314.4,01186,Madgaon - Mumbai LTT Special Fare Ganpati Special,true,,16:30,07:10,09-16,09-23,wed
PUNE,RN,train,685,262.5,01445,Pune - Ratnagiri AC Special Fare Ganpati Special,true,,00:25,11:50,09-15,09-22,tue
RN,PUNE,train,670,262.5,01446,Ratnagiri - Pune AC Special Fare Ganpati Special,true,,17:50,05:00,09-15,09-22,tue
PUNE,RN,train,685,262.5,01447,Pune - Ratnagiri Special Fare Ganpati Special,true,,00:25,11:50,09-12,09-26,sun
RN,PUNE,train,670,262.5,01448,Ratnagiri - Pune Special Fare Ganpati Special,true,,17:50,05:00,09-12,09-26,sun
PUNE,DNR,train,2115,859.1,01449,Pune - Danapur Special Fare Special,true,,15:30,02:45,02-21,09-28,"sun,mon,tue,wed,thu,fri,sat"
DNR,PUNE,train,2235,859.1,01450,Danapur - Pune Special Fare Special,true,,05:00,18:15,02-23,09-30,"sun,mon,tue,wed,thu,fri,sat"
TVCN,LTT,train,2095,746.4,01464,Thiruvananthapuram North (Kochuveli) - Mumbai LTT Special Fare Onam Special,true,,14:00,00:55,08-29,08-29,sun
RKMP,AGTL,train,3125,1196.7,01665,Rani Kamalapati - Agartala Special Fare Special,true,,15:20,19:25,,10-15,tue
AGTL,RKMP,train,2835,1196.7,01666,Agartala - Rani Kamalapati Special Fare Special,true,,17:20,16:35,,10-18,sun
JBP,NZM,train,1085,470.8,01701,Jabalpur - Hazrat Nizamuddin Special Fare Rakshabandhan Special,true,,20:20,14:25,08-29,08-29,sun
NZM,JBP,train,1065,470.8,01702,Hazrat Nizamuddin - Jabalpur Special Fare Rakshabandhan Special,true,,15:45,09:30,08-30,08-30,sun
JBP,AY,train,945,378.8,01705,Jabalpur - Ayodhya Dham Special Fare Special,true,,19:40,11:25,04-21,12-29,tue
AY,JBP,train,1035,378.8,01706,Ayodhya Dham - Jabalpur Special Fare Special,true,,13:30,06:45,04-22,12-30,wed
VGLJ,NZM,train,450,240.4,01901,VGL Jhansi - Hazrat Nizamuddin Special Fare Rakshabandhan Special,true,,11:00,18:30,08-27,08-28,"tue,fri"
NZM,VGLJ,train,480,240.4,01902,Hazrat Nizamuddin - VGL Jhansi Special Fare Rakshabandhan Special,true,,19:30,03:30,08-27,08-28,"tue,fri"
VGLJ,NZM,train,465,240.4,01903,VGL Jhansi - Hazrat Nizamuddin Special Fare Rakshabandhan Special,true,,19:20,03:05,08-26,08-30,"sun,wed,thu,fri,sat"
NZM,VGLJ,train,595,240.4,01904,Hazrat Nizamuddin - VGL Jhansi Special Fare Rakshabandhan Special,true,,04:10,14:05,08-27,08-31,"sun,mon,tue,fri,sat"
CNB,ASV,train,1290,583.1,01905,Kanpur Central - Asarva Special Fare Special,true,,08:15,05:45,04-06,09-28,mon
ASV,CNB,train,1325,583.1,01906,Asarva - Kanpur Central Special Fare Special,true,,08:55,07:00,04-07,09-29,tue
AGC,UDN,train,1120,511.8,01907,Agra Cantt. - Udhna Special Fare Special,true,,18:45,13:25,04-07,09-29,tue
UDN,AGC,train,1025,511.8,01908,Udhna - Agra Cantt. Special Fare Special,true,,15:25,08:30,03-11,09-30,wed
ASV,AGC,train,1005,465.3,01909,Asarva - Agra Cantt. Special Fare Special,true,,15:00,07:45,06-09,09-29,tue
AGC,ASV,train,1020,465.3,01910,Agra Cantt. - Asarva Special Fare Special,true,,18:10,11:10,06-08,09-28,mon
AGC,KOAA,train,1465,646.1,01911,Agra Cantt. - Kolkata Special Fare Special,true,,03:40,04:05,07-23,09-24,tue
KOAA,AGC,train,1475,646.1,01912,Kolkata - Agra Cantt. Special Fare Special,true,,07:25,08:00,07-24,09-25,fri
KURJ,NZM,train,870,354.0,01913,Khajuraho - Hazrat Nizamuddin Special Fare Rakshabandhan Special,true,,17:00,07:30,08-26,08-30,"sun,wed,fri"
NZM,KURJ,train,825,354.0,01914,Hazrat Nizamuddin - Khajuraho Special Fare Rakshabandhan Special,true,,11:10,00:55,08-27,08-31,"mon,tue,sat"
HDP,VGLJ,train,1275,596.4,01921,Hadapsar (Pune) - VGL Jhansi Special Fare Special,true,,15:30,12:45,03-05,10-01,tue
VGLJ,HDP,train,1365,596.4,01922,VGL Jhansi - Hadapsar (Pune) Special Fare Special,true,,12:50,11:35,03-04,09-30,wed
HDP,VGLJ,train,1190,687.0,01923,Hadapsar (Pune) - VGL Jhansi Special Fare SF Special,true,,19:10,15:00,04-19,09-27,sun
VGLJ,HDP,train,1250,687.0,01924,VGL Jhansi - Hadapsar (Pune) Special Fare SF Summer Special,true,,19:40,16:30,04-18,09-26,sun
CNB,MDU,train,2825,1199.9,01925,Kanpur Central - Madurai Special Fare Special,true,,08:10,07:15,07-01,11-25,wed
MDU,CNB,train,3000,1199.9,01926,Madurai - Kanpur Central Special Fare Special (PT),true,,02:30,04:30,07-04,11-28,sun
VGLJ,KUR,train,2315,819.5,01929,VGL Jhansi - Khurda Road Special Fare Special,true,,04:55,19:30,04-17,11-27,fri
KUR,VGLJ,train,2080,819.5,01930,Khurda Road - VGL Jhansi Special Fare Special,true,,00:35,11:15,04-19,11-29,sun
HWH,PNBE,train,495,350.6,02023,Howrah - Patna Special Fare SF Special,true,,14:15,22:30,03-08,09-27,sun
PNBE,HWH,train,475,350.6,02024,Patna - Howrah Special Fare SF Special,true,,05:30,13:25,03-08,09-27,sun
REWA,BPL,train,595,360.5,02154,Rewa - Bhopal Special Fare SF Rakshabandan One Way Special,true,,18:35,04:30,08-29,08-29,sun
REWA,BPL,train,595,360.5,02156,Rewa - Bhopal Special Fare Rakshabandhan SF Special,true,,18:35,04:30,08-26,08-26,wed
RKMP,NZM,train,790,440.0,02157,Rani Kamalapati - Hazrat Nizamuddin Special Fare Rakshabandhan Special,true,,21:20,10:30,08-30,08-30,sun
NZM,RKMP,train,665,377.9,02158,Hazrat Nizamuddin - Rani Kamalapati Special Fare Rakshabandhan Special,true,,12:10,23:15,08-31,08-31,mon
BPL,REWA,train,535,360.5,02179,Bhopal - Rewa SF Special Fare Rakshabandhan Special,true,,22:25,07:20,08-31,08-31,mon
REWA,BPL,train,595,360.5,02180,Rewa - Bhopal Special Fare SF Rakshabandhan Special,true,,18:35,04:30,08-30,08-30,sun
BPL,REWA,train,535,360.5,02189,Bhopal - Rewa SF Special Fare Rakshabandhan Special,true,,22:25,07:20,08-26,08-27,"wed,thu"
REWA,BPL,train,510,360.5,02190,Rewa - Bhopal SF Special Fare Rakshabandhan Special,true,,12:30,21:00,08-27,08-27,tue
CBE,JBP,train,2495,1224.7,02197,Coimbatore - Jabalpur Special Fare SF Special (PT),true,,15:10,08:45,,10-19,mon
JBP,CBE,train,2480,1224.7,02198,Jabalpur - Coimbatore Special Fare SF Special,true,,23:50,17:10,,10-16,fri
VGLJ,BDTS,train,1400,760.9,02199,VGL Jhansi - Bandra Terminus Special Fare SF Special (PT),true,,16:50,16:10,03-05,09-24,tue
BDTS,VGLJ,train,1430,760.9,02200,Bandra Terminus - VGL Jhansi Special Fare SF Special,true,,05:10,05:00,03-07,09-26,sun
SFG,SSB,train,830,348.0,02275,Subedarganj - Shakur Basti Special Fare Special,true,,20:10,10:00,08-25,08-30,"sun,tue,fri"
SSB,SFG,train,630,348.0,02276,Shakur Basti - Subedarganj Special Fare Special,true,,12:00,22:30,08-26,08-31,"mon,wed,sat"
PRYJ,DER,train,615,383.4,02417,Prayagraj - Dadri Special Fare Summer SF Special,true,,21:00,07:15,05-02,11-30,"sun,mon,tue,wed,thu,fri,sat"
DER,PRYJ,train,645,327.8,02418,Dadri - Prayagraj Special Fare Summer Special,true,,22:15,09:00,05-03,12-01,"sun,mon,tue,wed,thu,fri,sat"
CNB,NDLS,train,365,303.8,02455,Kanpur Central - New Delhi Special Fare SF Special,true,,13:30,19:35,08-28,09-04,"mon,wed,fri,sat"
NDLS,CNB,train,315,303.8,02456,New Delhi - Kanpur Central Special Fare SF Special,true,,07:15,12:30,08-28,09-04,"mon,tue,fri,sat"
BJU,NDLS,train,1290,598.7,02563,Barauni - New Delhi Special Fare Clone Special,true,,07:40,05:10,,08-31,"sun,mon,tue,wed,thu,fri,sat"
NDLS,BJU,train,1275,598.7,02564,New Delhi - Barauni Special Fare Clone Special,true,,17:55,15:10,,09-01,"sun,mon,tue,wed,thu,fri,sat"
DBG,NDLS,train,1320,682.4,02569,Darbhanga - New Delhi Special Fare Clone Special,true,,06:30,04:30,09-21,08-31,"sun,mon,tue,wed,thu,fri,sat"
NDLS,DBG,train,1305,682.4,02570,New Delhi - Darbhanga Special Fare Clone Special,true,,12:15,10:00,,09-01,"sun,mon,tue,wed,thu,fri,sat"
BBS,YPR,train,1740,734.0,02811,Bhubaneswar - Yesvantpur Special Fare AC Special,true,,19:15,00:15,09-13,11-28,sun
YPR,BBS,train,1530,734.0,02812,Yesvantpur - Bhubaneswar Special Fare AC Special,true,,04:30,06:00,09-15,11-30,mon
RNC,ANVT,train,1460,623.6,02877,Ranchi - Anand Vihar Terminal Special Fare Special (PT),true,,17:40,18:00,08-08,09-26,sun
ANVT,RNC,train,1385,623.6,02878,Anand Vihar Terminal - Ranchi Special Fare Special,true,,19:30,18:35,08-09,09-27,sun
HWH,NES,train,730,299.3,03001,Howrah - Natesar Special Fare Shravani Mela Special,true,,23:50,12:00,07-05,09-29,"sun,tue,fri"
NES,HWH,train,930,299.3,03002,Natesar - Howrah Special Fare Shravani Mela Special,true,,13:00,04:30,07-06,09-30,"mon,wed,sat"
HWH,NES,train,900,363.7,03029,Howrah - Natesar Special Fare Special,true,,22:00,13:00,08-10,02-08,"mon,wed,sat"
NES,HWH,train,1025,363.7,03030,Natesar - Howrah Special Fare Special,true,,13:55,07:00,08-11,02-09,"sun,tue,thu"
PRNC,PPTA,train,515,219.2,03215,Purnia Court - Patliputra Special Fare Special,true,,09:10,17:45,08-18,09-16,"mon,tue,wed,fri,sat"
PPTA,PRNC,train,570,219.2,03216,Patliputra - Purnia Court Special Fare Special,true,,23:00,08:30,08-17,09-15,"sun,mon,tue,thu,fri"
KUR,PNBE,train,1140,504.4,03229,Khurda Road - Patna Special Fare Summer Special,true,,15:45,10:45,04-10,08-28,fri
PNBE,KUR,train,1150,504.4,03230,Patna - Khurda Road Special Fare Summer Special,true,,08:45,03:55,04-09,08-27,tue
BGP,DNR,train,420,161.3,03233,Bhagalpur - Danapur Shravani Mela Special (UnReserved),true,,01:00,08:00,08-09,08-29,"sun,mon,tue,wed,thu,fri,sat"
DNR,BGP,train,390,161.3,03234,Danapur - Bhagalpur Shravani Mela Special (UnReserved),true,,15:30,22:00,08-08,08-28,"sun,mon,tue,wed,thu,fri,sat"
SBG,DNR,train,550,195.3,03235,Sahibganj - Danapur Special Fare Shravani Mela Special,true,,15:20,00:30,08-02,08-30,sun
DNR,SBG,train,510,195.3,03236,Danapur - Sahibganj Special Fare Shravani Mela Special,true,,05:15,13:45,08-02,08-30,sun
DNR,SMVB,train,2850,1469.1,03251,Danapur - SMVT Bengaluru Special Fare SF Special,true,,15:00,14:30,07-17,08-31,"sun,mon,tue,wed,thu,fri,sat"
SMVB,DNR,train,2885,1469.1,03252,SMVT Bengaluru - Danapur Special Fare SF Special,true,,23:50,23:55,07-19,09-02,"sun,mon,tue,wed,thu,fri,sat"
PNBE,CHZ,train,2190,909.7,03253,Patna - Charlapalli Special Fare Summer Special,true,,15:00,03:30,04-08,09-16,"mon,wed"
CHZ,PNBE,train,2190,909.7,03254,Charlapalli - Patna Special Fare Summer Special (PT),true,,23:00,11:30,04-15,09-16,wed
CHZ,PNBE,train,2190,909.7,03255,Charlapalli - Patna Special Fare Summer Special (PT),true,,21:00,09:30,04-10,09-18,fri
JSME,ARA,train,675,92.5,03269,Jasidih - Ara Shravani Mela MEMU Special,true,,12:30,23:45,08-09,08-30,sun
ARA,JSME,train,715,92.5,03270,Ara - Jasidih Shravani Mela MEMU Special,true,,00:15,12:10,08-09,08-30,sun
PNBE,IPR,train,170,84.4,03297,Patna - Islampur Special Fare Shravani Mela Special,true,,16:10,19:00,07-26,09-29,"sun,tue,thu"
IPR,PNBE,train,195,84.4,03298,Islampur - Patna Special Fare Shravani Mela Special,true,,07:45,11:00,07-27,09-30,"mon,wed,fri"
DGHR,BGP,train,230,104.7,03411,Deoghar - Bhagalpur Shravani Mela Special (UnReserved),true,,22:20,02:10,08-03,08-30,"sun,mon,tue,sat"
BGP,DGHR,train,240,104.7,03412,Bhagalpur - Deoghar Shravani Mela Special (UnReserved),true,,17:30,21:30,08-03,08-30,"sun,mon,tue,sat"
DGHR,JMP,train,400,65.2,03441,Deoghar - Jamalpur Shravani Mela Special (UnReserved),true,,15:45,22:25,08-02,08-30,sun
JMP,DGHR,train,300,65.2,03442,Jamalpur - Deoghar Shravani Mela Special (UnReserved),true,,05:10,10:10,08-02,08-30,sun
GODA,DGHR,train,125,45.0,03443,Godda - Deoghar Shravani Mela Special (UnReserved),true,,13:15,15:20,08-02,08-30,sun
DGHR,GODA,train,115,45.0,03444,Deoghar - Godda Shravani Mela Special (UnReserved),true,,10:45,12:40,08-02,08-30,sun
JSME,BDME,train,20,35.0,03501,Jasidih - Baidyanathdham Deoghar Shravani Mela MEMU Special,true,,04:25,04:45,07-29,08-30,"sun,mon,tue,wed,thu,fri,sat"
BDME,JSME,train,20,35.0,03502,Baidyanathdham Deoghar - Jasidih Shravani Mela MEMU Special,true,,04:55,05:15,07-29,08-30,"sun,mon,tue,wed,thu,fri,sat"
BDME,JSME,train,18,35.0,03504,Baidyanathdham Deoghar - Jasidih Shravani Mela MEMU Special,true,,14:07,14:25,07-29,08-30,"sun,mon,tue,wed,thu,fri,sat"
JSME,BDME,train,20,35.0,03505,Jasidih - Baidyanathdham Deoghar Shravani Mela MEMU Special,true,,21:25,21:45,07-29,08-30,"sun,mon,tue,wed,thu,fri,sat"
BDME,JSME,train,20,35.0,03506,Baidyanathdham Deoghar - Jasidih Shravani Mela MEMU Special,true,,22:05,22:25,07-29,08-30,"sun,mon,tue,wed,thu,fri,sat"
DGHR,JSME,train,15,35.0,03507,Deoghar - Jasidih Shravani Mela MEMU Special,true,,08:15,08:30,07-29,08-30,"sun,mon,tue,wed,thu,fri,sat"
JSME,DGHR,train,15,35.0,03508,Jasidih - Deoghar Shravani Mela MEMU Special,true,,23:30,23:45,07-29,08-30,"sun,mon,tue,wed,thu,fri,sat"
DUMK,JSME,train,105,42.8,03509,Dumka - Jasidih Shravani Mela MEMU Special,true,,10:45,12:30,07-29,08-30,"sun,mon,tue,wed,thu,fri,sat"
JSME,DUMK,train,105,42.8,03510,Jasidih - Dumka Shravani Mela MEMU Special,true,,08:45,10:30,07-29,08-30,"sun,mon,tue,wed,thu,fri,sat"
ASN,PNBE,train,570,207.3,03511,Asansol - Patna Shravani Mela Special (UnReserved),true,,17:00,02:30,07-29,08-29,"sun,mon,tue,wed,thu,fri,sat"
PNBE,ASN,train,570,207.3,03512,Patna - Asansol Shravani Mela Special (UnReserved),true,,03:30,13:00,07-30,08-30,"sun,mon,tue,wed,thu,fri,sat"
BSKH,JSME,train,80,37.2,03513,Basukinath - Jasidih Shravani Mela MEMU Special,true,,17:30,18:50,07-29,08-30,"sun,mon,tue,wed,thu,fri,sat"
JSME,BSKH,train,80,37.2,03514,Jasidih - Basukinath Shravani Mela MEMU Special,true,,12:50,14:10,07-29,08-30,"sun,mon,tue,wed,thu,fri,sat"
ASN,GKP,train,840,319.0,03527,Asansol - Gorakhpur Shravani Mela Special (UnReserved),true,,21:00,11:00,07-29,08-29,"sun,mon,tue,wed,thu,fri,sat"
GKP,ASN,train,965,319.0,03528,Gorakhpur - Asansol Shravani Mela Special (UnReserved),true,,16:15,08:20,07-30,08-30,"sun,mon,tue,wed,thu,fri,sat"
MHUR,JSME,train,30,35.0,03549,Mohanpur - Jasidih Shravani Mela MEMU Special,true,,07:25,07:55,07-29,08-29,"sun,mon,tue,wed,thu,fri,sat"
DUMK,MHUR,train,85,38.8,03553,Dumka - Mohanpur Shravani Mela MEMU Special,true,,19:45,21:10,07-29,08-29,"sun,mon,tue,wed,thu,fri,sat"
JSME,DUMK,train,110,42.8,03554,Jasidih - Dumka Shravani Mela MEMU Special,true,,17:25,19:15,07-29,08-29,"sun,mon,tue,wed,thu,fri,sat"
MDP,PNBE,train,455,170.0,03555,Madhupur - Patna Shravani Mela MEMU Express Special (UnReserved),true,,20:30,04:05,08-02,08-29,"sun,mon,tue,wed,thu,fri,sat"
PNBE,MDP,train,465,170.0,03556,Patna - Madhupur Shravani Mela MEMU Express Special (UnReserved),true,,04:30,12:15,08-02,08-29,"sun,mon,tue,wed,thu,fri,sat"
GKP,ASN,train,945,319.0,03572,Gorakhpur - Asansol Shravani Mela Special (UnReserved),true,,05:15,21:00,08-19,08-26,wed
DHN,SSB,train,1420,604.7,03639,Dhanbad - Shakur Basti Special Fare Special,true,,18:30,18:10,03-06,08-31,"mon,fri"
SSB,DHN,train,1595,604.7,03640,Shakur Basti - Dhanbad Special Fare Special,true,,21:10,23:45,03-07,09-01,"tue,sat"
MDP,GAYA,train,550,89.0,03653,Madhupur - Gaya Shravani Mela MEMU Special,true,,02:50,12:00,08-03,08-28,"sun,mon,tue,wed,thu,fri,sat"
GAYA,MDP,train,560,89.0,03654,Gaya - Madhupur Shravani Mela MEMU Special,true,,17:00,02:20,08-02,08-29,"sun,mon,tue,wed,thu,fri,sat"
BSB,DLI,train,870,412.4,04011,Varanasi - Delhi Special Fare Raksha Bandhan Special,true,,19:50,10:20,08-28,08-28,fri
DLI,BSB,train,875,412.4,04012,Delhi - Varanasi Special Fare Raksha Bandhan Special,true,,21:10,11:45,08-27,08-27,tue
LKQ,ANVT,train,1810,591.8,04013,Laukaha Bazar - Anand Vihar Terminal Special Fare Special,true,,21:30,03:40,07-21,09-16,"sun,mon,tue,wed,thu,fri,sat"
ANVT,LKQ,train,1715,591.8,04014,Anand Vihar Terminal - Laukaha Bazar Special Fare Special,true,,15:40,20:15,07-20,09-15,"sun,mon,tue,wed,thu,fri,sat"
SOU,NDLS,train,1875,626.8,04071,Supaul - New Delhi Special Fare Special,true,,07:45,15:00,08-08,10-02,"sun,mon,tue,wed,thu,fri,sat"
NDLS,SOU,train,1980,626.8,04072,New Delhi - Supaul Special Fare Special,true,,21:35,06:35,08-06,09-30,"sun,mon,tue,wed,thu,fri,sat"
TVC,NZM,train,2980,1560.6,04079,Thiruvananthapuram Central - Hazrat Nizamuddin Special Fare SF Special,true,,05:00,06:40,08-27,08-27,tue
PRYJ,UDN,train,1550,815.0,04105,Prayagraj - Udhna Special Fare Special,true,,19:00,20:50,06-11,09-27,"sun,tue"
UDN,PRYJ,train,1785,709.6,04106,Udhna - Prayagraj Special Fare Special,true,,23:25,05:10,06-12,09-28,"mon,fri"
PRYJ,GG,train,1395,659.9,04111,Prayagraj - Gandhigram (Ahmedabad) Special Fare Special,true,,16:15,15:30,05-30,09-29,"tue,sat"
GG,PRYJ,train,1600,659.9,04112,Gandhigram (Ahmedabad) - Prayagraj Special Fare Special,true,,17:20,20:00,05-31,09-30,"sun,wed"
PRYJ,UBL,train,3485,1424.4,04113,Prayagraj - SSS Hubballi Special Fare Special,true,,05:05,15:10,06-06,09-26,sun
UBL,PRYJ,train,3700,1424.4,04114,SSS Hubballi - Prayagraj Special Fare Special,true,,09:00,22:40,06-09,09-29,tue
SFG,BL,train,1720,745.5,04119,Subedarganj - Valsad Special Fare Special,true,,05:00,09:40,05-30,09-26,sun
BL,SFG,train,1735,745.5,04120,Valsad - Subedarganj Special Fare Special,true,,14:05,19:00,05-31,09-27,sun
PRYJ,NZM,train,1210,420.2,04123,Prayagraj - Hazrat Nizamuddin Special Fare Special,true,,15:25,11:35,03-15,11-29,"sun,wed"
NZM,PRYJ,train,1045,420.2,04124,Hazrat Nizamuddin - Prayagraj Special Fare Special,true,,15:45,09:10,03-16,11-30,"mon,tue"
SFG,BDTS,train,1660,951.2,04125,Subedarganj - Bandra Terminus Special Fare SF Summer Special,true,,05:50,09:30,03-02,08-31,mon
BDTS,SFG,train,1785,951.2,04126,Bandra Terminus - Subedarganj Special Fare SF Summer Special,true,,11:15,17:00,03-03,09-01,tue
CNB,GHY,train,2100,718.8,04127,Kanpur Central - Guwahati Special Fare Summer Special,true,,08:00,19:00,04-09,09-03,tue
GHY,CNB,train,2010,718.8,04128,Guwahati - Kanpur Central Special Fare Special,true,,22:00,07:30,04-10,09-04,fri
CNB,SMVB,train,3100,1146.6,04133,Kanpur Central - SMVT Bengaluru Special Fare Summer Special,true,,16:30,20:10,05-31,09-27,sun
SMVB,CNB,train,2685,1146.6,04134,SMVT Bengaluru - Kanpur Central Special Fare Summer Special,true,,07:00,03:45,06-03,09-30,wed
GWL,BJU,train,1320,481.0,04137,Gwalior - Barauni Special Fare Special,true,,14:15,12:15,05-19,09-26,"tue,sat"
BJU,GWL,train,1355,481.0,04138,Barauni - Gwalior Special Fare Special,true,,13:45,12:20,05-20,09-27,"sun,wed"
PRYJ,DDR,train,1770,833.8,04139,Prayagraj - Dadar Western Special Fare Special,true,,17:10,22:40,05-22,09-25,fri
DDR,PRYJ,train,1725,833.8,04140,Dadar Western - Prayagraj Special Fare Special,true,,00:15,05:00,05-24,09-27,sun
SFG,SSB,train,830,348.0,04147,Subedarganj - Shakur Basti Special Fare Special,true,,20:10,10:00,08-26,08-26,wed
SSB,SFG,train,630,348.0,04148,Shakur Basti - Subedarganj Special Fare Special,true,,12:00,22:30,08-27,08-27,tue
PRYJ,YPR,train,3060,1130.5,04149,Prayagraj - Yesvantpur Special Fare Special,true,,18:00,21:00,08-05,09-23,wed
YPR,PRYJ,train,2850,1130.5,04150,Yesvantpur - Prayagraj Special Fare Special,true,,07:00,06:30,08-08,09-26,sun
CNB,LTT,train,1555,873.7,04151,Kanpur Central - Mumbai LTT Special Fare SF Special,true,,13:00,14:55,01-30,09-04,fri
LTT,CNB,train,1350,873.7,04152,Mumbai LTT - Kanpur Central Special Fare SF Special,true,,17:15,15:45,01-31,09-05,sun
SFG,UDN,train,1535,712.8,04155,Subedarganj - Udhna Special Fare Special,true,,11:40,13:15,03-09,09-17,"mon,tue"
UDN,SFG,train,1725,712.8,04156,Udhna - Subedarganj Special Fare Special,true,,16:15,21:00,03-10,09-18,"tue,fri"
CNB,KOAA,train,1205,527.4,04157,Kanpur Central - Kolkata Special Fare Special,true,,08:00,04:05,07-21,09-29,tue
KOAA,CNB,train,1080,527.4,04158,Kolkata - Kanpur Central Special Fare Summer Special,true,,07:25,01:25,07-22,09-30,wed
PRYJ,VSKP,train,1635,677.4,04159,Prayagraj - Visakhapatnam Special Fare Special,true,,10:15,13:30,08-14,11-27,fri
VSKP,PRYJ,train,1550,677.4,04160,Visakhapatnam - Prayagraj Special Fare Special,true,,15:40,17:30,08-15,11-28,sun
PRYJ,SIKR,train,910,430.8,04161,Prayagraj - Sikar Special Fare Special,true,,17:10,08:20,08-10,11-30,mon
SIKR,PRYJ,train,1045,430.8,04162,Sikar - Prayagraj Special Fare Special,true,,15:25,08:50,08-11,12-01,tue
SFG,SSB,train,830,348.0,04163,Subedarganj - Shakur Basti Special Fare Special,true,,20:10,10:00,08-27,08-27,tue
SSB,SFG,train,630,348.0,04164,Shakur Basti - Subedarganj Special Fare Special,true,,12:00,22:30,08-28,08-28,fri
PRYJ,SSB,train,840,349.9,04165,Prayagraj - Shakur Basti Special Fare Rakshabandhan Special,true,,20:00,10:00,08-29,08-29,sun
SSB,PRYJ,train,630,349.9,04166,Shakur Basti - Prayagraj Special Fare Rakshabandhan Special,true,,12:00,22:30,08-30,08-30,sun
SFG,INDB,train,1435,510.4,04169,Subedarganj - Indore Special Fare Summer Special,true,,05:00,04:55,06-15,09-28,"mon,fri"
INDB,SFG,train,1440,510.4,04170,Indore - Subedarganj Special Fare Summer Special (PT),true,,20:30,20:30,06-16,09-29,"tue,sat"
PRYJ,VRL,train,1925,826.4,04173,Prayagraj - Veraval Special Fare Special,true,,10:10,18:15,08-06,09-24,tue
VRL,PRYJ,train,1910,826.4,04174,Veraval - Prayagraj Special Fare Special,true,,22:00,05:50,08-07,09-25,fri
SFG,DDR,train,1830,953.8,04175,Subedarganj - Dadar Western Special Fare Special,true,,16:10,22:40,06-21,09-27,sun
DDR,SFG,train,1725,953.8,04176,Dadar Western - Subedarganj Special Fare Special,true,,00:15,05:00,06-23,09-29,tue
SFG,BL,train,1750,745.5,04177,Subedarganj - Valsad Special Fare Special,true,,05:00,10:10,06-16,09-29,tue
BL,SFG,train,1695,745.5,04178,Valsad - Subedarganj Special Fare Special,true,,14:45,19:00,06-17,09-30,wed
VGLJ,ASN,train,1750,577.6,04185,VGL Jhansi - Asansol Special Fare Special,true,,09:20,14:30,07-29,08-30,"sun,wed"
ASN,VGLJ,train,1560,577.6,04186,Asansol - VGL Jhansi Special Fare Special,true,,17:10,19:10,07-30,08-31,"mon,tue"
AMG,YNRK,train,655,289.6,04317,Alamnagar - Yog Nagari Rishikesh Mela Special (UnReserved),true,,12:05,23:00,07-31,08-29,"sun,mon,tue,wed,thu,fri,sat"
YNRK,AMG,train,945,289.6,04318,Yog Nagari Rishikesh - Alamnagar Mela Special (UnReserved),true,,19:00,10:45,07-30,08-28,"sun,mon,tue,wed,thu,fri,sat"
LKO,HW,train,640,281.8,04329,Lucknow - Haridwar Rakshabandhan Special (UnReserved),true,,01:15,11:55,08-28,08-30,"sun,fri,sat"
HW,LKO,train,540,281.8,04330,Haridwar - Lucknow Rakshabandhan Special (UnReserved),true,,15:10,00:10,08-27,08-29,"tue,fri,sat"
DLI,UMB,train,360,145.0,04403,Delhi - Ambala Cantt. Rakshabandhan Special,true,,13:30,19:30,08-27,08-28,"tue,fri"
PNP,DLI,train,195,92.7,04404,Panipat - Delhi Rakshabandhan Special,true,,09:55,13:10,08-27,08-28,"tue,fri"
UMB,PNP,train,155,102.3,04406,Ambala Cantt. - Panipat Rakshabandhan Special,true,,20:10,22:45,08-27,08-28,"tue,fri"
MTJ,NZM,train,230,58.5,04409,Mathura - Hazrat Nizamuddin Raksha Bandhan MEMU Special,true,,13:00,16:50,08-27,08-28,"tue,fri"
NZM,MTJ,train,165,114.3,04410,Hazrat Nizamuddin - Mathura Raksha Bandhan Special,true,,10:00,12:45,08-27,08-28,"tue,fri"
ALJN,GZB,train,150,51.5,04411,Aligarh - Ghaziabad Rakshabandhan MEMU Special,true,,13:30,16:00,08-27,08-28,"tue,fri"
GZB,ALJN,train,120,51.5,04412,Ghaziabad - Aligarh Rakshabandhan MEMU Special,true,,11:00,13:00,08-27,08-28,"tue,fri"
RGS,DEE,train,270,159.4,04416,Ringas - Delhi Sarai Rohilla Special (UnReserved),true,,02:00,06:30,08-28,08-29,"fri,sat"
NZM,BEAS,train,505,245.0,04451,Hazrat Nizamuddin - Beas Special Fare Special,true,,19:40,04:05,09-03,09-03,tue
BEAS,NZM,train,445,245.0,04452,Beas - Hazrat Nizamuddin Special Fare Special,true,,20:35,04:00,09-06,09-06,sun
LKO,CDG,train,790,351.2,04545,Lucknow - Chandigarh Special Fare Rakshabandhan Special,true,,13:00,02:10,08-28,08-28,fri
CDG,LKO,train,830,351.2,04546,Chandigarh - Lucknow Special Fare Rakshabandhan Special,true,,19:40,09:30,08-27,08-27,tue
HW,BTI,train,460,220.1,04559,Haridwar - Bathinda Kanwar Mela Special,true,,17:00,00:40,07-30,08-30,"sun,mon,tue,wed,thu,fri,sat"
BTI,HW,train,545,220.1,04560,Bathinda - Haridwar Kanwar Mela Special,true,,05:30,14:35,07-30,08-30,"sun,mon,tue,wed,thu,fri,sat"
SRE,BEAS,train,325,187.5,04565,Saharanpur - Beas Special Fare Special,true,,20:50,02:15,09-11,09-18,fri
BEAS,SRE,train,370,187.5,04566,Beas - Saharanpur Special Fare Special,true,,15:00,21:10,09-13,09-20,sun
NED,ASR,train,2300,1016.4,04641,Hazur Sahib Nanded - Amritsar Special Fare Special,true,,21:00,11:20,09-06,09-06,sun
ASR,NED,train,2330,1016.4,04642,Amritsar - Hazur Sahib Nanded Special Fare Special,true,,20:10,11:00,08-31,08-31,mon
JGN,FZR,train,130,46.0,04667,Jagraon - Firozpur Cantt. DEMU Special,true,,12:40,14:50,08-25,08-29,"tue,wed,thu,fri,sat"
FZR,JGN,train,145,46.0,04668,Firozpur Cantt. - Jagraon DEMU Special,true,,09:55,12:20,08-25,08-29,"tue,wed,thu,fri,sat"
SVDK,BDGM,train,375,75.0,04687,SMVD Katra - Badgam Special,true,,13:45,20:00,04-05,10-17,"mon,tue,wed,thu,fri,sat"
BDGM,SVDK,train,340,75.0,04688,Badgam - SMVD Katra Special,true,,07:20,13:00,04-05,10-17,"mon,tue,wed,thu,fri,sat"
HSR,KK,train,1810,810.3,04703,Hisar - Khadki (Pune) Special Fare Raksha Bandhan Special,true,,10:10,16:20,08-29,08-29,sun
KK,HSR,train,1830,928.8,04704,Khadki (Pune) - Hisar Special Fare Raksha Bandhan Special,true,,17:20,23:50,08-30,08-30,sun
SDLP,GAMI,train,105,90.9,04707,Sadulpur - Gogameri Mela Special (UnReserved),true,,11:35,13:20,08-28,09-26,"sun,mon,tue,wed,thu,fri,sat"
SDLP,GAMI,train,180,90.9,04709,Sadulpur - Gogameri Mela Special (UnReserved),true,,00:10,03:10,08-29,09-26,"sun,mon,tue,wed,thu,fri,sat"
GAMI,SDLP,train,120,90.9,04710,Gogameri - Sadulpur Mela Special (UnReserved),true,,04:20,06:20,08-29,09-26,"sun,mon,tue,wed,thu,fri,sat"
SGNR,LMNR,train,1265,552.3,04735,Shri Ganganagar - Laxmi Bai Nagar Special Fare Special,true,,12:50,09:55,04-02,08-27,tue
LMNR,SGNR,train,1345,552.3,04736,Laxmi Bai Nagar - Shri Ganganagar Special Fare Special,true,,13:55,12:20,04-03,08-28,fri
SGNR,POK,train,575,299.3,04741,Shri Ganganagar - Pokaran Mela Special (UnReserved),true,,10:15,19:50,09-12,09-26,"sun,mon,tue,wed,thu,fri,sat"
POK,SGNR,train,665,299.3,04742,Pokaran - Shri Gangangar Mela Special (UnReserved),true,,20:45,07:50,09-12,09-26,"sun,mon,tue,wed,thu,fri,sat"
HMH,SDLP,train,230,136.9,04743,Hanumangarh - Sadulpur Mela Special,true,,10:00,13:50,09-03,09-06,"sun,tue,fri,sat"
SDLP,HMH,train,265,136.9,04744,Sadulpur - Hanumangarh Mela Special,true,,16:25,20:50,09-03,09-06,"sun,tue,fri,sat"
APH,BTI,train,325,80.0,04772,Anupgarh - Bathinda Passenger (UnReserved),true,,12:10,17:35,,,"sun,mon,tue,wed,thu,fri,sat"
SGNR,SOG,train,160,59.2,04779,Shri Ganganagar - Suratgarh Passenger Special (UnReserved),true,,04:20,07:00,,,"sun,mon,tue,wed,thu,fri,sat"
RE,GAMI,train,240,155.7,04791,Rewari - Gogameri Mela Special (UnReserved),true,,06:15,10:15,08-31,09-09,"sun,mon,tue,wed,thu,fri,sat"
GAMI,RE,train,365,155.7,04792,Gogameri - Rewari Mela Special (UnReserved),true,,10:45,16:50,08-31,09-09,"sun,mon,tue,wed,thu,fri,sat"
RE,GAMI,train,300,155.7,04795,Rewari - Gogameri Mela Special (UnReserved),true,,18:10,23:10,08-30,09-09,"sun,mon,tue,wed,thu,fri,sat"
GAMI,RE,train,335,155.7,04796,Gogameri - Rewari Mela Special (UnReserved),true,,23:40,05:15,08-30,09-09,"sun,mon,tue,wed,thu,fri,sat"
BME,HW,train,1435,592.3,04811,Barmer - Haridwar Special Fare Special,true,,04:15,04:10,05-11,11-30,"mon,tue"
HW,BME,train,1575,592.3,04812,Haridwar - Barmer Special Fare Summer Special,true,,05:15,07:30,05-12,12-01,"tue,fri"
JU,MSB,train,2800,1191.2,04815,Jodhpur - Chennai Beach Special Fare AC Special,true,,21:20,20:00,08-29,08-29,sun
MAS,JU,train,3075,1191.2,04816,MGR Chennai Central - Jodhpur Special Fare AC Special (PT),true,,17:15,20:30,09-01,09-01,tue
BGKT,RDRA,train,230,141.0,04861,Bhagat ki Kothi - Ramdevra Special (UnReserved),true,,09:10,13:00,08-28,09-25,"sun,mon,tue,wed,thu,fri,sat"
RDRA,BGKT,train,210,141.0,04862,Ramdevra - Bhagat ki Kothi Special (UnReserved),true,,14:00,17:30,08-28,09-25,"sun,mon,tue,wed,thu,fri,sat"
BGKT,RDRA,train,255,141.0,04863,Bhagat ki Kothi - Ramdevra Mela Special (UnReserved),true,,06:15,10:30,09-11,09-25,"sun,mon,tue,wed,thu,fri,sat"
RDRA,BGKT,train,240,141.0,04864,Ramdevra - Bhagat ki Kothi Mela Special (UnReserved),true,,11:00,15:00,09-11,09-25,"sun,mon,tue,wed,thu,fri,sat"
BGKT,RDRA,train,320,141.0,04865,Bhagat Ki Kothi - Ramdevra Mela Special (UnReserved),true,,16:00,21:20,09-11,09-25,"sun,mon,tue,wed,thu,fri,sat"
RDRA,BGKT,train,240,141.0,04866,Ramdevra - Bhagat Ki Kothi Mela Special (UnReserved),true,,22:00,02:00,09-11,09-25,"sun,mon,tue,wed,thu,fri,sat"
AYC,GD,train,180,43.2,05011,Ayodhya Cantt - Gonda Mela Special,true,,00:30,03:30,08-16,08-28,"sun,mon,tue,wed,thu,fri"
GD,AYC,train,150,43.2,05012,Gonda - Ayodhya Cantt Mela Special,true,,21:40,00:10,08-15,08-27,"sun,mon,tue,wed,thu,sat"
MUR,GD,train,45,35.0,05013,Mankapur - Gonda Mela Special,true,,14:00,14:45,08-15,08-28,"sun,mon,tue,wed,thu,fri,sat"
GD,MUR,train,65,35.0,05014,Gonda - Mankapur Mela Special,true,,15:15,16:20,08-15,08-28,"sun,mon,tue,wed,thu,fri,sat"
DGHR,BNY,train,1230,384.8,05027,Deoghar - Barhni Shravani Mela Special (UnReserved),true,,18:45,15:15,07-29,08-30,"sun,mon,tue,wed,thu,fri,sat"
BNY,DGHR,train,1440,384.8,05028,Barhni - Deoghar Shravani Mela Special (UnReserved),true,,15:20,15:20,07-28,08-29,"sun,mon,tue,wed,thu,fri,sat"
LKU,RJT,train,1775,740.9,05045,Lalkuan - Rajkot Special Fare Special,true,,12:35,18:10,05-17,09-27,sun
RJT,LKU,train,1845,740.9,05046,Rajkot - Lalkuan Special Fare Special,true,,22:30,05:15,05-18,09-28,mon
AH,TPU,train,495,222.0,05061,Achhnera - Tanakpur Special Fare Special,true,,15:30,23:45,07-03,08-30,"sun,mon,tue,thu,fri"
TPU,AH,train,490,222.0,05062,Tanakpur - Achhnera Special Fare Special,true,,04:10,12:20,07-03,08-30,"sun,mon,tue,thu,fri"
SBC,LKU,train,2990,1266.6,05073,KSR Bengaluru - Lal Kuan Special Fare Special,true,,07:15,09:05,,09-15,tue
LKU,SBC,train,2740,1266.6,05074,Lal Kuan - KSR Bengaluru Special Fare Special,true,,17:45,15:25,,09-12,sun
KOAA,MAU,train,1160,417.9,05095,Kolkata - Mau Special Fare Special,true,,13:20,08:40,04-09,09-24,tue
MAU,KOAA,train,1160,417.9,05096,Mau - Kolkata Special Fare Special,true,,13:30,08:50,04-08,09-23,wed
GKP,BRK,train,450,184.7,05131,Gorakhpur - Bahraich Special (UnReserved),true,,05:25,12:55,,,"sun,mon,tue,wed,thu,fri,sat"
BRK,GKP,train,460,184.7,05132,Bahraich - Gorakhpur Special (UnReserved),true,,14:30,22:10,,,"sun,mon,tue,wed,thu,fri,sat"
AMH,BDTS,train,2020,1088.5,05183,Azamgarh - Bandra Terminus Special Fare SF Special,true,,22:30,08:10,04-04,09-26,sun
BDTS,AMH,train,2260,951.5,05184,Bandra Terminus - Azamgarh Special Fare Special,true,,10:45,00:25,04-06,09-28,mon
CPR,PTK,train,1935,681.1,05193,Chhapra - Pathankot Special Fare Special,true,,14:00,22:15,04-06,09-28,mon
PTK,CPR,train,1965,681.1,05194,Pathankot - Chhapra Special Fare Special,true,,00:30,09:15,04-08,09-30,wed
KSJ,MRT,train,145,50.8,05307,Kasganj - Mathura Cantt. Janmashtmi Mela Special (UnReserved),true,,09:50,12:15,08-27,09-19,"mon,tue,thu,fri,sat"
MRT,KSJ,train,170,50.8,05308,Mathura Cantt. - Kasganj Janamashtami Mela Special (UnReserved),true,,17:00,19:50,08-27,09-19,"mon,tue,thu,fri,sat"
SBIB,LKU,train,1340,577.1,05343,Sabarmati - Lal Kuan Special Fare Special,true,,16:00,14:20,09-03,11-26,tue
LKU,SBIB,train,1290,577.1,05344,Lal Kuan - Sabarmati Special Fare Special,true,,13:35,11:05,09-02,11-25,wed
BC,KPV,train,260,60.0,05401,Bareilly City - Kashipur DEMU Special,true,,08:00,12:20,,,"sun,mon,tue,wed,thu,fri,sat"
KPV,BC,train,270,60.0,05402,Kashipur - Bareilly City DEMU Special,true,,12:40,17:10,,,"sun,mon,tue,wed,thu,fri,sat"
DPA,SWM,train,170,112.0,05493,Durgapura - Sawai Madhopur Rakshabandhan Special (UnReserved),true,,02:30,05:20,08-29,09-08,"sun,mon,tue,wed,thu,fri,sat"
SWM,DPA,train,215,112.0,05494,Sawai Madhopur - Durgapura Rakshabandhan Special (UnReserved),true,,20:50,00:25,08-29,09-07,"sun,mon,tue,wed,thu,fri,sat"
PRNC,SHC,train,210,98.2,05505,Purnia Court - Saharsa Special Fare Summer Special,true,,15:00,18:30,,09-02,"mon,wed"
SHC,PRNC,train,130,98.2,05506,Saharsa - Purnia Court Special Fare Summer Special,true,,13:20,15:30,,08-30,"sun,fri"
RXL,NKE,train,80,73.9,05543,Raxaul - Narkatiaganj Special Fare Summer Special,true,,14:15,15:35,05-16,09-26,"tue,sat"
NKE,RXL,train,70,73.9,05544,Narkatiaganj - Raxaul Special Fare Summer Special,true,,19:40,20:50,05-16,09-26,"tue,sat"
RXL,DGHR,train,995,282.7,05545,Raxaul - Deoghar Special Fare Shravani Mela Special,true,,00:30,17:05,07-31,08-30,"sun,tue,fri"
DGHR,RXL,train,1070,282.7,05546,Deoghar - Raxaul Special Fare Shravani Mela Special,true,,17:50,11:40,07-31,08-30,"sun,tue,fri"
NKE,RXL,train,65,73.9,05547,Narkatiaganj - Raxaul Special Fare Shravani Mela Special,true,,23:15,00:20,08-01,08-29,"tue,sat"
RXL,NKE,train,85,73.9,05548,Raxaul - Narkatiaganj Special Fare Shravani Mela Special,true,,11:50,13:15,08-01,08-31,"mon,sat"
RXL,LTT,train,2075,1066.6,05557,Raxaul - Mumbai LTT Special Fare SF Summer Special,true,,19:15,05:50,04-21,09-15,tue
LTT,RXL,train,1975,1066.6,05558,Mumbai LTT - Raxaul Special Fare SF Summer Special,true,,07:55,16:50,04-23,09-17,tue
RGV,DGHR,train,510,193.0,05573,Raghopur - Deoghar MEMU Express Special (UnReserved),true,,02:50,11:20,05-07,08-31,"sun,mon,tue,wed,thu,fri,sat"
DGHR,RGV,train,675,193.0,05574,Deoghar - Raghopur MEMU Express Special (UnReserved),true,,11:35,22:50,05-07,08-31,"sun,mon,tue,wed,thu,fri,sat"
ANVT,SHC,train,1755,601.9,05576,Anand Vihar Terminal - Saharsa Special Fare Summer Special,true,,05:15,10:30,04-30,08-27,tue
PRNC,ANVT,train,1805,645.2,05579,Purnia Court - Anand Vihar Terminal Special Fare Summer Special,true,,19:00,01:05,04-26,08-30,"sun,fri"
ANVT,PRNC,train,1815,645.2,05580,Anand Vihar Terminal - Purnia Court Special Fare Summer Special,true,,05:15,11:30,04-28,09-01,"sun,tue"
JYG,ASN,train,870,240.4,05597,Jaynagar - Asansol Special Fare Shravani Mela Special,true,,21:00,11:30,07-31,08-30,"sun,tue,fri"
ASN,JYG,train,1020,240.4,05598,Asansol - Jaynagar Special Fare Shravani Mela Special,true,,13:00,06:00,08-01,08-31,"mon,wed,sat"
ASR,KIR,train,2060,821.8,05735,Amritsar - Katihar Special Fare Summer Special,true,,13:25,23:45,07-17,09-04,fri
KIR,ASR,train,2205,821.8,05736,Katihar - Amritsar Special Fare Summer Special,true,,21:00,09:45,07-15,09-02,wed
KOAA,DBRG,train,1680,678.8,05931,Kolkata - Dibrugarh Special Fare Special,true,,02:30,06:30,04-06,11-30,mon
DBRG,KOAA,train,1890,678.8,05932,Dibrugarh - Kolkata Special Fare Special,true,,17:00,00:30,04-04,11-28,sun
TBM,TN,train,770,373.3,06017,Tambaram - Tuticorin Special Fare Summer Special (PT),true,,15:40,04:30,04-21,09-01,tue
TN,TBM,train,780,373.3,06018,Tuticorin - Tambaram Special Fare Summer Special,true,,23:30,12:30,04-20,08-31,mon
TN,NS,train,1490,648.9,06019,Tuticorin - Narasapur Special Fare Special (PT),true,,23:30,00:20,09-07,09-28,mon
NS,TN,train,1470,648.9,06020,Narasapur - Tuticorin Special Fare Special,true,,04:00,04:30,09-09,09-30,wed
MAS,PTJ,train,555,279.5,06027,M.G.R Chennai Central - Podanur Special Fare Special (PT),true,,17:45,03:00,07-03,09-27,"sun,fri,sat"
PTJ,MAS,train,545,279.5,06028,Podanur - MGR Chennai Central Special Fare Special (PT),true,,07:40,16:45,07-03,09-27,"sun,fri,sat"
MTP,TEN,train,740,286.4,06029,Mettupalayam - Tirunelveli Special Fare Special (PT),true,,19:45,08:05,09-08,09-28,mon
TEN,MTP,train,750,286.4,06030,Tirunelveli - Mettupalayam Special Fare Special (PT),true,,19:00,07:30,09-07,09-27,sun
TBM,VLNK,train,475,204.0,06037,Tambaram - Velankanni Special Fare Special (PT),true,,23:50,07:45,08-24,09-07,mon
VLNK,TBM,train,405,204.0,06038,Velankanni - Tambaram Special Fare Special (PT),true,,00:45,07:30,08-26,09-09,wed
MS,CAPE,train,790,459.3,06045,Chennai Egmore - Kanniyakumari Special Fare SF Summer Special (PT),true,,23:50,13:00,09-04,09-25,fri
CAPE,MS,train,725,459.3,06046,Kanniyakumari - Chennai Egmore Special Fare SF Summer Special (PT),true,,23:25,11:30,09-06,09-27,sun
TVCN,SRC,train,2855,1198.1,06058,Thiruvananthapuram North - Santragachi Special Fare One Way Special,true,,14:40,14:15,08-29,08-29,sun
TBM,BDNK,train,765,410.4,06059,Tambaram - Bodinayakkanur Special Fare Special,true,,22:30,11:15,09-12,09-26,sun
BDNK,TBM,train,825,410.4,06060,Bodinayakkanur - Tambaram Special Fare Special,true,,16:45,06:30,09-13,09-27,sun
ERS,VLNK,train,1010,372.4,06061,Ernakulam Jn. - Velankanni Special Fare Special (PT),true,,13:00,05:50,08-27,09-10,tue
VLNK,ERS,train,1030,372.4,06062,Velankanni - Ernakulam Jn. Special Fare Special (PT),true,,18:40,11:50,08-28,09-11,fri
TBM,TEN,train,665,343.0,06069,Tambaram - Tirunelveli Special Fare Special (PT),true,,13:55,01:00,08-14,09-25,fri
TEN,TBM,train,640,343.0,06070,Tirunelveli - Tambaram Special Fare Special (PT),true,,23:35,10:15,08-13,09-24,tue
MAJN,SMVB,train,1005,425.8,06072,Mangaluru Jn. - SMVT Bengaluru Special Fare One Way Special,true,,11:15,04:00,08-29,08-29,sun
TVCN,SRC,train,2850,1200.9,06081,Thiruvananthapuram North - Santragachi Special Fare AC Special (PT),true,,14:15,13:45,04-03,09-04,fri
SRC,TVCN,train,2620,1200.9,06082,Santragachi - Thiruvananthapuram North Special Fare AC Special (PT),true,,14:15,09:55,04-06,09-07,mon
TVCN,MAJN,train,720,400.5,06093,Thiruvananthapuram North - Mangaluru Jn. Special Fare SF Special,true,,09:00,21:00,08-12,09-02,wed
MAJN,TVC,train,855,404.7,06094,Mangaluru Jn. - Thiruvananthapuram North Special Fare SF Special,true,,15:15,05:30,08-13,09-03,tue
TBM,TVC,train,1035,423.5,06109,Tambaram - Thiruvananthapuram Special Fare Special,true,,14:00,07:15,08-13,09-03,tue
TVC,TBM,train,1095,423.5,06110,Thiruvananthapuram - Tambaram Special Fare Special,true,,15:45,10:00,08-12,09-02,tue
TVCN,VLNK,train,790,331.5,06115,Thiruvananthapuram North - Velankanni Special Fare Special (PT),true,,19:30,08:40,08-29,09-05,sun
VLNK,TVCN,train,720,331.5,06116,Velankanni - Thiruvananthapuram North Special Fare Special (PT),true,,19:30,07:30,08-30,09-06,sun
MAS,QLN,train,990,441.9,06117,MGR Chennai Central - Kollam Special Fare Onam Special,true,,23:50,16:20,08-13,09-05,"tue,sat"
QLN,MAS,train,1010,441.9,06118,Kollam - MGR Chennai Central Special Fare Onam Special (PT),true,,18:45,11:35,08-14,09-06,"sun,fri"
MAS,QLN,train,970,441.9,06119,MGR Chennai Central - Kollam Special Fare AC Festival Special (PT),true,,15:10,07:20,08-12,09-02,wed
QLN,MAS,train,1010,441.9,06120,Kollam - MGR Chennai Central Special Fare AC Festival Special (PT),true,,10:40,03:30,08-13,09-03,tue
MS,MAQ,train,1120,466.7,06125,Chennai Egmore - Mangaluru Central Special Fare Special (PT),true,,14:00,08:40,07-14,09-29,tue
MAQ,MS,train,1135,466.7,06126,Mangaluru Central - Chennai Egmore Special Fare Special (PT),true,,16:00,10:55,07-13,09-28,mon
MAS,MAJN,train,1030,464.9,06127,MGR Chennai Central - Mangaluru Jn. Special Fare Onam Special (PT),true,,23:50,17:00,08-21,08-28,fri
MAJN,MAS,train,980,464.9,06128,Mangaluru Jn. - MGR Chennai Central Special Fare Onam Special,true,,19:15,11:35,08-22,08-29,sun
ERS,SMVB,train,815,332.4,06147,Ernakulam Jn. - SMVT Bengaluru Special Fare Onam Special,true,,23:10,12:45,08-09,09-06,sun
SMVB,ERS,train,825,332.4,06148,SMVT Bengaluru - Ernakulam Jn. Special Fare Onam Special,true,,16:00,05:45,08-10,09-07,mon
TBM,TEN,train,725,350.8,06165,Tambaram - Tirunelveli Special Fare Summer Special (PT),true,,13:55,02:00,04-13,09-28,mon
TEN,TBM,train,710,350.8,06166,Tirunelveli - Tambaram Special Fare Summer Special (PT),true,,23:45,11:35,04-12,09-27,sun
CBE,JP,train,3535,1438.2,06181,Coimbatore - Jaipur Special Fare AC Special (PT),true,,02:30,13:25,08-13,09-03,tue
JP,CBE,train,3505,1438.2,06182,Jaipur - Coimbatore Special Fare AC Special,true,,22:05,08:30,08-16,09-06,sun
ONR,UAM,train,70,59.1,06185,Coonoor - Udagamandalam MG Special Fare Special,true,,13:40,14:50,07-01,,"sun,mon,tue,wed,thu,fri,sat"
UAM,ONR,train,70,59.1,06186,Udagamandalam - Coonoor MG Special Fare Special,true,,15:10,16:20,,,"sun,mon,tue,wed,thu,fri,sat"
CAN,BNC,train,850,366.9,06228,Kannur - Bengaluru Cantt. Special Fare Onam Special,true,,18:25,08:35,08-26,08-26,wed
MYS,CAN,train,1075,431.7,06229,Mysuru - Kannur Special Fare Onam Special,true,,23:55,17:50,08-29,08-29,sun
CAN,BNC,train,855,366.9,06230,Kannur - Bengaluru Cantt. Special Fare Onam Special,true,,19:45,10:00,08-30,08-30,sun
SBC,DNR,train,2925,1341.2,06509,KSR Bengaluru - Danapur Special Fare Clone Special,true,,07:15,08:00,,,mon
DNR,SBC,train,2890,1341.2,06510,Danapur - KSR Bengaluru Special Fare Clone Special,true,,18:10,18:20,,,wed
SMVB,TVCN,train,1070,429.0,06523,SMVT Bengaluru - Thiruvananthapuram North (Kochuveli) Special Fare Special,true,,19:25,13:15,08-11,09-28,mon
TVCN,SMVB,train,1035,429.0,06524,Thiruvananthapuram North (Kochuveli) - SMVT Bengaluru Special Fare Special,true,,15:15,08:30,08-12,09-29,tue
SMVB,TVCN,train,1070,429.0,06547,SMVT Bengaluru - Thiruvananthapuram North (Kochuveli) Special Fare Special,true,,19:25,13:15,09-17,09-23,wed
TVCN,SMVB,train,1035,429.0,06548,Thiruvananthapuram North (Kochuveli) - SMVT Bengaluru Special Fare Special,true,,15:15,08:30,09-18,09-24,tue
SMVB,TVCN,train,960,429.0,06555,SMVT Bengaluru - Thiruvananthapuram North (Kochuveli) Special Fare Special,true,,22:00,14:00,04-04,09-25,fri
TVCN,SMVB,train,1080,429.0,06556,Thiruvananthapuram North (Kochuveli) - SMVT Bengaluru Special Fare Special,true,,14:15,08:15,,09-27,sun
SMVB,MLDT,train,2450,1103.3,06565,SMVT Bengaluru - Malda Town Special Fare Special,true,,23:40,16:30,04-05,08-30,sun
MLDT,SMVB,train,2685,1103.8,06566,Malda Town - SMVT Bengaluru Special Fare Special,true,,16:00,12:45,04-08,09-02,wed
KIR,YPR,train,2805,1129.1,06572,Katihar - Yesvantpur Special Fare Special,true,,05:15,04:00,03-13,08-28,fri
YPR,BJP,train,660,378.8,06577,Yesvantpur - Vijayapura Special Fare Summer Special,true,,18:15,05:15,05-16,08-31,"mon,sat"
BJP,YPR,train,670,378.8,06578,Vijayapura - Yesvantpur Special Fare Special,true,,17:00,04:10,05-17,09-01,"sun,tue"
BNC,TVCN,train,1070,431.3,06579,Bengaluru Cant. - Thiruvananthapuram North Special Fare Onam Special,true,,16:40,10:30,08-28,08-28,fri
TVCN,BNC,train,995,431.3,06580,Thiruvananthapuram North - Bengaluru Cant. Special Fare Onam Special,true,,12:40,05:15,08-29,08-29,sun
CBP,YPR,train,105,39.8,06594,Chikkaballapur - Yesvantpur MEMU Special,true,,13:05,14:50,,,"mon,tue,wed,thu,fri,sat"
TJ,TPJ,train,60,37.5,06861,Thanjavur - Tiruchchirappalli DEMU Special,true,,21:10,22:10,08-29,09-08,"mon,tue,wed,thu,fri,sat"
VLNK,TJ,train,135,46.8,06863,Velankanni - Thanjavur DEMU Special,true,,03:00,05:15,08-30,09-09,"sun,mon,tue,wed,thu,fri,sat"
TPJ,VLNK,train,195,59.2,06864,Tiruchchirapalli - Velankanni DEMU Special,true,,01:00,04:15,08-30,09-09,"sun,wed"
VLNK,TPJ,train,205,59.2,06865,Velankanni - Tiruchchirappalli DEMU Special,true,,21:20,00:45,08-29,09-08,"tue,sat"
TPJ,VLNK,train,230,59.2,06866,Tiruchchirappalli - Velankanni DEMU Special,true,,22:50,02:40,08-29,09-08,"sun,mon,tue,wed,thu,fri,sat"
CHZ,TNM,train,1180,445.1,07001,Charlapalli - Tiruvannamalai Special Fare Special (PT),true,,17:50,13:30,06-04,09-24,tue
TNM,CHZ,train,1040,445.1,07002,Tiruvannamalai - Charlapalli Special Fare Special (PT),true,,23:10,16:30,06-05,09-25,fri
CHE,CHZ,train,1140,414.3,07038,Srikakulam Road - Charlapalli Special Fare Special,true,,13:30,08:30,08-26,08-26,wed
CHZ,CCT,train,820,302.9,07039,Charlapalli - Kakinada Town Special Fare Special (PT),true,,19:50,09:30,08-27,08-27,tue
CCT,CHZ,train,760,302.9,07040,Kakinada Town - Charlapalli Special Fare Special,true,,18:50,07:30,08-28,08-28,fri
SC,NHLN,train,3330,1320.0,07046,Secunderabad - Naharlagun Special Fare AC Special,true,,08:30,16:00,04-10,09-25,fri
NHLN,SC,train,3420,1320.0,07047,Naharlagun - Secunderabad Special Fare AC Special,true,,13:00,22:00,04-13,09-28,mon
HYB,GKP,train,2010,897.7,07075,Hyderabad - Gorakhpur Special Fare Special,true,,21:00,06:30,12-15,09-25,fri
GKP,HYB,train,1975,897.7,07076,Gorakhpur - Hyderabad Special Fare Special,true,,08:30,17:25,12-17,09-27,sun
CHZ,DNR,train,2095,765.7,07091,Charlapalli - Danapur Special Fare Special,true,,13:00,23:55,06-06,09-26,sun
DNR,CHZ,train,1860,765.7,07092,Danapur - Charlapalli Special Fare Special,true,,03:00,10:00,06-08,09-28,mon
HYB,MAQ,train,1750,741.8,07097,Hyderabad - Mangaluru Central Special Fare Special,true,,04:20,09:30,06-03,09-02,wed
MAQ,HYB,train,1920,741.8,07098,Mangaluru Central - Hyderabad Special Fare Special,true,,20:00,04:00,06-04,09-03,tue
CHZ,VLNK,train,1530,567.9,07125,Charlapalli - Velankanni Special Fare Festival Special,true,,07:40,09:10,08-28,09-04,fri
VLNK,CHZ,train,1590,567.9,07126,Velankanni - Charlapalli Special Fare Festival Special,true,,19:30,22:00,08-29,09-05,sun
CHZ,VLNK,train,1530,563.3,07127,Charlapalli - Velankanni Special Fare Festival Special,true,,07:40,09:10,09-08,09-08,tue
VLNK,CHZ,train,1395,563.3,07128,Velankanni - Charlapalli Special Fare Festival Special,true,,23:00,22:15,09-09,09-09,wed
HYB,QLN,train,1920,739.0,07193,Hyderabad - Kollam Special Fare Special (PT),true,,23:10,07:10,05-24,09-26,sun
QLN,HYB,train,1845,739.0,07194,Kollam - Hyderabad Special Fare Special (PT),true,,10:45,17:30,05-26,09-28,mon
CHZ,QLN,train,1845,734.0,07195,Charlapalli - Kollam Special Fare Onam Special,true,,07:15,14:00,08-14,09-04,fri
QLN,CHZ,train,1870,734.0,07196,Kollam - Charlapalli Special Fare Onam Special,true,,17:20,00:30,08-15,09-05,sun
CHZ,KTYM,train,1750,689.8,07197,Charlapalli - Kottayam Special Fare Onam Special,true,,07:15,12:25,08-16,08-30,sun
MTM,SMET,train,1385,534.8,07217,Machilipatnam - Shivamogga Town Special Fare Special,true,,15:55,15:00,08-30,08-30,sun
SMET,MTM,train,1377,534.8,07218,Shivamogga Town - Machilipatnam Special Fare Special,true,,17:40,16:37,09-02,09-02,wed
SMET,GTL,train,800,317.7,07219,Shivamogga Town - Guntakal Special Fare Special,true,,17:40,07:00,08-31,08-31,mon
GTL,SMET,train,795,317.7,07220,Guntakal - Shivamogga Town Special Fare Special,true,,01:45,15:00,09-02,09-02,wed
CHZ,SRC,train,1760,761.6,07221,Charlapalli - Santragachi Special Fare Summer Special (PT),true,,05:40,11:00,05-23,09-26,sun
SRC,CHZ,train,1745,761.6,07222,Santragachi - Charlapalli Special Fare Summer Special (PT),true,,12:25,17:30,05-24,09-27,sun
PVP,VSKP,train,205,59.8,07267,Parvatipuram - Visakhapatnam MEMU Special,true,,12:35,16:00,08-28,08-30,"sun,fri,sat"
VSKP,PVP,train,146,59.8,07268,Visakhapatnam - Parvatipuram MEMU Special,true,,10:00,12:26,08-28,08-30,"sun,fri,sat"
UBL,QLN,train,1320,621.7,07313,SSS Hubballi - Kollam Special Fare Special,true,,15:15,13:15,09-28,09-27,sun
QLN,UBL,train,1530,621.7,07314,Kollam - SSS Hubballi Special Fare Special (PT),true,,17:00,18:30,09-29,09-28,mon
KTYM,UBL,train,1290,577.6,07352,Kottayam - SSS Hubballi Special Fare Onam Special,true,,22:30,20:00,08-26,08-26,wed
UBL,KTYM,train,1500,577.6,07353,SSS Hubballi - Kottayam Special Fare Onam Special,true,,15:15,16:15,08-29,08-29,sun
KTYM,UBL,train,1295,577.6,07354,Kottayam - SSS Hubballi Special Fare Onam Special,true,,22:30,20:05,08-30,08-30,sun
UBL,RMM,train,1350,566.1,07355,SSS Hubballi - Rameswaram Special Fare Special,true,,06:50,05:20,04-05,09-27,sun
RMM,UBL,train,1420,566.1,07356,Rameswaram - SSS Hubballi Special Fare Special (PT),true,,20:00,19:40,04-06,09-28,mon
VSG,VLNK,train,1790,618.5,07361,Vasco Da Gama - Velankanni Special Fare Special,true,,21:55,03:45,08-27,09-01,"tue,thu"
VLNK,VSG,train,1625,618.5,07362,Velankanni - Vasco Da Gama Special Fare Special,true,,23:55,03:00,08-29,09-03,"tue,sat"
VSG,VLNK,train,1790,618.5,07365,Vasco Da Gama - Velankanni Special Fare Special,true,,21:55,03:45,09-06,09-06,sun
VLNK,VSG,train,1560,618.5,07366,Velankanni - Vasco Da Gama Special Fare Special (PT),true,,01:00,03:00,09-09,09-09,wed
SC,CHE,train,1095,425.8,07425,Secunderabad - Srikakulam Road Special Fare Summer Special,true,,23:15,17:30,,09-27,sun
CHE,SC,train,990,425.8,07426,Srikakulam Road - Secunderabad Special Fare Summer Special,true,,19:30,12:00,,09-28,mon
NSL,TPTY,train,1695,665.9,07428,Nagarsol - Tirupati Special Fare Special,true,,14:30,18:45,08-26,08-26,wed
MHI,KIR,train,45,35.0,07539,Manihari - Katihar Shravani Mela Special (UnReserved),true,,03:30,04:15,07-26,08-31,"sun,mon,wed,thu,sat"
KIR,MHI,train,45,35.0,07540,Katihar - Manihari Shravani Mela Special (UnReserved),true,,19:00,19:45,07-25,08-30,"sun,tue,wed,fri,sat"
MHI,KIR,train,45,35.0,07541,Manihari - Katihar Shravani Mela DEMU Special,true,,05:15,06:00,08-25,09-01,"tue,fri"
KIR,MHI,train,45,35.0,07542,Katihar - Manihari Shravani Mela DEMU Special,true,,20:30,21:15,08-24,08-31,"mon,tue"
TCNR,NED,train,1210,496.1,07604,Tiruchanur - Hazur Sahib Nanded Special Fare Special (Via Karimnagar),true,,13:20,09:30,07-22,08-26,wed
J,TPTY,train,1420,578.9,07814,Jalna - Tirupati Special Fare Summer Special,true,,12:50,12:30,06-04,09-24,tue
TPTY,J,train,1620,578.9,07815,Tirupati - Jalna Special Fare Summer Special,true,,19:45,22:45,06-05,09-25,fri
SHM,CHZ,train,1680,878.9,08045,Shalimar - Charlapalli Special Fare SF Special (PT),true,,00:30,04:30,04-03,09-25,fri
CHZ,SHM,train,1700,766.2,08046,Charlapalli - Shalimar Special Fare Special (PT),true,,06:55,11:15,04-04,09-26,sun
SRC,NHLN,train,1610,624.9,08047,Santragachi - Naharlagun Special Fare Special (PT),true,,18:00,20:50,04-03,09-04,fri
NHLN,SRC,train,1700,623.6,08048,Naharlagun - Santragachi Special Fare Special,true,,23:55,04:15,04-04,09-05,sun
SBP,ERS,train,2525,967.2,08311,Sambalpur - Ernakulam Jn. Special Fare Special,true,,11:35,05:40,07-01,09-02,wed
ERS,SBP,train,2315,967.2,08312,Ernakulam Jn. - Sambalpur Special Fare Special (PT),true,,08:40,23:15,07-03,09-04,fri
SHM,VSKP,train,950,459.3,08507,Shalimar - Visakhapatnam Special Fare Summer Special (PT),true,,05:00,20:50,04-08,09-30,wed
VSKP,SHM,train,940,459.3,08508,Visakhapatnam - Shalimar Special Fare Special,true,,11:20,03:00,04-07,09-29,tue
TPTY,VSKP,train,1240,562.4,08509,Tirupati - Visakhapatnam Special Fare Special (PT),true,,09:50,06:30,08-16,09-10,"sun,tue"
VSKP,TPTY,train,1385,562.4,08510,Visakhapatnam - Tirupati Special Fare Special (PT),true,,19:40,18:45,08-17,09-11,"mon,fri"
VSKP,SMVB,train,1350,548.1,08581,Visakhapatnam - SMVT Bengaluru Special Fare Summer Special,true,,15:20,13:50,05-22,09-25,fri
SMVB,VSKP,train,1300,548.1,08582,SMVT Bengaluru - Visakhapatnam Special Fare Summer Special,true,,15:50,13:30,05-23,09-26,sun
SRC,AII,train,2640,1003.1,08611,Santragachi - Ajmer Special Fare Special,true,,19:00,15:00,05-19,09-29,mon
AII,SRC,train,2420,1003.1,08612,Ajmer - Santragachi Special Fare Special,true,,23:40,16:00,05-22,10-01,tue
BGP,RNC,train,750,306.2,08645,Bhagalpur - Ranchi Special Fare Shravani Mela Special (via Barkakana),true,,09:10,21:40,07-28,09-12,"tue,sat"
RNC,BGP,train,780,306.2,08646,Ranchi - Bhagalpur Special Fare Shravani Mela Special (via Barkakana),true,,17:30,06:30,07-27,09-11,"mon,fri"
BGP,RNC,train,790,300.2,08689,Bhagalpur - Ranchi Special Fare Shravani Mela Special (via Gomoh),true,,09:10,22:20,07-27,09-10,"mon,tue"
RNC,BGP,train,770,298.8,08690,Ranchi - Bhagalpur Special Fare Shravani Mela Special (via Gomoh),true,,17:40,06:30,07-26,09-09,"sun,wed"
RIG,DURG,train,380,94.8,08833,Raigarh - Durg Rakshabandhan Passenger Special (UnReserved),true,,19:40,02:00,08-27,08-29,"tue,fri,sat"
DURG,RIG,train,510,94.8,08834,Durg - Raigarh Rakshabandhan Passenger Special (UnReserved),true,,10:30,19:00,08-27,08-29,"tue,fri,sat"
NITR,MDP,train,1530,591.4,08895,NSCB Itwari - Madhupur Special Fare Shravani Mela Special,true,,04:30,06:00,08-01,08-29,"tue,sat"
MDP,NITR,train,1610,592.7,08896,Madhupur - NSCB Itwari Special Fare Shravani Mela Special,true,,09:00,11:50,08-02,08-30,"sun,wed"
MMCT,BNW,train,1590,839.9,09001,Mumbai Central - Bhiwani Special Fare SF Special (PT),true,,10:30,13:00,12-09,08-28,"tue,fri"
BNW,MMCT,train,1555,839.9,09002,Bhiwani - Mumbai Central Special Fare SF Special,true,,14:35,16:30,12-10,08-29,"wed,sat"
BDTS,BNW,train,1560,834.2,09005,Bandra Terminus - Bhiwani Special Fare SF Special (PT),true,,11:00,13:00,01-28,08-26,wed
BNW,BDTS,train,1535,834.2,09006,Bhiwani - Bandra Terminus Special Fare SF Special,true,,14:35,16:10,01-29,08-27,tue
BDTS,BHUJ,train,865,511.8,09009,Bandra Terminus - Bhuj Special Fare SF Special (PT),true,,19:25,09:50,01-25,08-30,sun
BHUJ,BDTS,train,910,511.8,09010,Bhuj - Bandra Terminus Special Fare SF Special (PT),true,,14:00,05:10,01-26,08-31,mon
BHUJ,BDTS,train,905,511.8,09012,Bhuj - Bandra Terminus Special Fare SF Special (PT),true,,17:40,08:45,01-28,08-26,wed
MMCT,TOK,train,1325,479.6,09013,Mumbai Central - Thokur Special Fare Ganapati Special,true,,10:45,08:50,09-08,09-15,tue
TOK,MMCT,train,1240,479.6,09014,Thokur - Mumbai Central Ganapati Special Fare Special,true,,11:00,07:40,09-09,09-16,wed
KTE,STA,train,180,100.1,09015,Katni - Satna Rakshabandhan Special (UnReserved),true,,05:45,08:45,08-28,08-31,"sun,mon,fri,sat"
STA,KTE,train,140,100.1,09016,Satna - Katni Rakshabandhan Special (UnReserved),true,,18:30,20:50,08-28,08-31,"sun,mon,fri,sat"
BDTS,VRL,train,1045,475.0,09017,Bandra Terminus - Veraval Special Fare Summer Special (PT),true,,14:40,08:05,01-25,08-30,sun
VRL,BDTS,train,1070,475.0,09018,Veraval - Bandra Terminus Special Fare Summer Special (PT),true,,11:05,04:55,01-26,08-31,mon
MMCT,SWV,train,945,308.5,09019,Mumbai Central - Sawantwadi Road Special Fare Ganapati Special,true,,10:45,02:30,09-09,09-23,"sun,wed,fri,sat"
SWV,MMCT,train,920,308.5,09020,Sawantwadi Road - Mumbai Central Special Fare Ganapati Special,true,,04:50,20:10,09-10,09-24,"sun,mon,tue,sat"
RN,UDN,train,800,310.3,09021,Ratnagiri - Udhna Special Fare Ganpati Special,true,,21:00,10:20,09-10,09-24,tue
UDN,RN,train,715,310.3,09022,Udhna - Ratnagiri Special Fare Ganpati Special,true,,08:05,20:00,09-10,09-24,tue
BL,DNR,train,1640,813.5,09025,Valsad - Danapur Special Fare Special,true,,08:40,12:00,02-23,08-31,mon
DNR,BL,train,1860,813.5,09026,Danapur - Valsad Special Fare Special,true,,14:30,21:30,02-24,09-01,tue
RN,BL,train,785,280.4,09029,Ratnagiri - Valsad Special Fare Ganapati Special,true,,03:10,16:15,09-08,09-15,tue
BL,RN,train,700,280.4,09030,Valsad - Ratnagiri Special Fare Ganapati Special,true,,14:50,02:30,09-07,09-14,mon
UDN,HPO,train,2345,962.1,09031,Udhna - Hasanpur Road Special Fare Special,true,,11:25,02:30,02-15,09-13,sun
HPO,UDN,train,2500,962.1,09032,Hasanpur Road - Udhna Special Fare Special,true,,04:00,21:40,02-16,09-15,tue
UDN,MLDT,train,2160,974.5,09033,Udhna - Malda Town Special Fare Special (PT),true,,23:00,11:00,04-09,11-26,tue
MLDT,UDN,train,2390,974.5,09034,Malda Town - Udhna Special Fare Special,true,,09:30,01:20,04-12,11-29,sun
BDTS,RN,train,610,229.3,09035,Bandra Terminus - Ratnagiri Ganpati Special (UnReserved),true,,14:20,00:30,09-10,09-24,tue
RN,BDTS,train,660,229.3,09036,Ratnagiri - Bandra Terminus Ganpati Special (UnReserved),true,,01:30,12:30,09-11,09-25,fri
BDTS,BHUJ,train,910,511.8,09037,Bandra Terminus - Bhuj Special Fare SF Special (PT),true,,14:40,05:50,12-06,08-29,"tue,sat"
BHUJ,BDTS,train,890,511.8,09038,Bhuj - Bandra Terminus Special Fare SF Special (PT),true,,17:40,08:30,12-07,08-30,"sun,fri"
UDN,MBI,train,2325,879.8,09045,Udhna - Madhubani Special Fare Summer Special (PT),true,,01:30,16:15,05-24,09-13,sun
MBI,UDN,train,2580,879.8,09046,Madhubani - Udhna Special Fare Summer Special,true,,18:15,13:15,05-25,09-14,mon
UDN,JJP,train,2340,880.7,09047,Udhna - Jhanjharpur Special Fare Summer Special (PT),true,,05:30,20:30,05-10,09-13,sun
JJP,UDN,train,2355,880.7,09048,Jhanjharpur - Udhna Special Fare Summer Special,true,,22:30,13:45,05-11,09-14,mon
DDR,BSL,train,730,322.3,09049,Dadar Western - Bhusaval Special Fare Special,true,,00:15,12:25,07-05,09-25,fri
BSL,DDR,train,695,322.3,09050,Bhusaval - Dadar Western Special Fare Special,true,,17:40,05:15,07-05,09-25,fri
BDTS,VLNK,train,2195,813.1,09059,Bandra Terminus - Velankanni Special Fare Festival Special,true,,21:30,10:05,08-27,09-01,"tue,thu"
VLNK,BDTS,train,2295,813.1,09060,Velankanni - Bandra Terminus Special Fare Festival Special,true,,00:45,15:00,08-30,09-04,"sun,fri"
BL,VLNK,train,2305,864.1,09061,Valsad - Velankanni Special Fare Special,true,,19:40,10:05,09-06,09-06,sun
VLNK,DRD,train,2300,829.6,09062,Velankanni - Dahanu Road Special Fare Special,true,,15:10,05:30,09-09,09-09,tue
ST,CPR,train,2020,837.9,09065,Surat - Chhapra Special Fare Special (PT),true,,07:35,17:15,09-21,11-24,tue
CPR,ST,train,2130,837.9,09066,Chhapra - Surat Special Fare Special,true,,23:45,11:15,09-23,11-25,wed
MMCT,INDB,train,820,506.6,09079,Mumbai Central - Indore Special Fare AC SF Summer Special,true,,23:20,13:00,05-03,08-30,"sun,tue"
INDB,MMCT,train,850,506.6,09080,Indore - Mumbai Central Special Fare AC SF Summer Special,true,,17:00,07:10,05-04,08-31,"mon,wed"
MMCT,INDB,train,820,506.6,09085,Mumbai Central - Indore Special Fare AC Superfast Special,true,,23:20,13:00,04-20,08-28,"mon,fri"
INDB,MMCT,train,850,506.6,09086,Indore - Mumbai Central Special Fare AC Superfast Special,true,,17:00,07:10,04-21,08-29,"tue,sat"
MMCT,ADI,train,480,331.4,09087,Mumbai Central - Ahmedabad Special Fare AC SF Summer Special,true,,23:20,07:20,04-22,08-26,wed
ADI,MMCT,train,510,331.4,09088,Ahmedabad - Mumbai Central Special Fare AC SF Summer Special,true,,22:40,07:10,04-23,08-27,tue
UDN,AYC,train,1625,691.6,09093,Udhna - Ayodhya Cantt. Special Fare Summer Special (via VGL Jhansi) (PT),true,,07:25,10:30,05-15,08-28,fri
AYC,UDN,train,1590,691.6,09094,Ayodhya Cantt. - Udhna Special Fare Summer Special (via VGL Jhansi),true,,14:45,17:15,05-16,08-29,sun
AYC,UDN,train,1680,721.1,09098,Ayodhya Cantt. - Udhna Special Fare Summer Special (via Kota),true,,13:30,17:30,05-20,08-26,wed
RN,VS,train,960,370.6,09109,Ratnagiri - Vishvamitri (Vadodara) Special Fare Ganpati Special,true,,01:30,17:30,09-10,09-24,"sun,tue"
VS,RN,train,870,370.6,09110,Vishvamitri (Vadodara) - Ratnagiri Special Fare Ganpati Special,true,,10:00,00:30,09-09,09-23,"wed,sat"
BRC,GKP,train,1710,753.3,09111,Vadodara - Gorakhpur Special Fare Special (PT),true,,19:00,23:30,02-23,09-28,mon
GKP,BRC,train,1655,753.3,09112,Gorakhpur - Vadodara Special Fare Special,true,,05:00,08:35,02-25,09-30,wed
RN,BRC,train,960,371.9,09113,Ratnagiri - Vadodara Special Fare Ganpati Special,true,,01:30,17:30,09-09,09-23,wed
BRC,RN,train,795,371.9,09114,Vadodara - Ratnagiri Special Fare Ganpati Special,true,,11:15,00:30,09-08,09-22,tue
PRTN,LKU,train,1185,673.5,09119,Pratapnagar - Lal Kuan Special Fare SF Summer Special (PT),true,,17:00,12:45,05-03,09-27,sun
LKU,PRTN,train,1180,673.5,09120,Lalkuan - Pratapnagar Special Fare SF Summer Special,true,,15:50,11:30,05-04,09-28,mon
RN,VS,train,885,370.6,09123,Ratnagiri - Vishvamitri (Vadodara) Special Fare Ganpati Special,true,,21:00,11:45,09-07,09-21,mon
VS,RN,train,845,370.6,09124,Vishvamitri (Vadodara) - Ratnagiri Special Fare Ganpati Special,true,,05:55,20:00,09-07,09-21,mon
UDN,MBI,train,2635,975.5,09151,Udhna - Madhubani Special Fare Special (PT),true,,08:35,04:30,05-01,09-11,"wed,fri"
MBI,UDN,train,2670,975.5,09152,Madhubani - Udhna Special Fare Special,true,,06:30,03:00,05-02,09-13,"sun,fri"
MMCT,BNRS,train,2160,949.2,09183,Mumbai Central - Banaras Special Fare AC Special (PT),true,,22:30,10:30,05-20,09-30,wed
BNRS,MMCT,train,2270,949.2,09184,Banaras - Mumbai Central Special Fare AC Special,true,,14:30,04:20,05-22,10-02,fri
MMCT,CPA,train,1720,903.9,09185,Mumbai Central - Kanpur Anwarganj Special Fare SF Summer Special (PT),true,,10:55,15:35,04-05,11-29,sun
CPA,MMCT,train,1685,903.9,09186,Kanpur Anwarganj - Mumbai Central Special Fare SF Summer Special,true,,18:25,22:30,04-06,08-31,mon
MMCT,KIR,train,2675,1109.8,09189,Mumbai Central - Katihar Special Fare Special (PT),true,,10:55,07:30,05-16,11-14,sun
KIR,MMCT,train,2545,1109.8,09190,Katihar - Mumbai Central Special Fare Special,true,,00:15,18:40,05-19,09-01,tue
PRTN,MAU,train,1560,881.0,09195,Pratapnagar - Mau Special Fare SF Summer Special (PT),true,,16:00,18:00,02-21,09-26,sun
MAU,PRTN,train,1670,881.0,09196,Mau - Pratapnagar Special Fare SF Summer Special,true,,23:25,03:15,02-22,09-27,sun
VRL,HW,train,1715,757.9,09203,Veraval - Haridwar Special Fare Special,true,,16:05,20:40,10-20,11-24,tue
HW,VRL,train,2175,757.9,09204,Haridwar - Veraval Special Fare Special,true,,21:30,09:45,10-21,11-25,wed
BDTS,BVC,train,855,413.8,09207,Bandra Terminus - Bhavnagar Terminus Special Fare Special,true,,09:30,23:45,11-10,11-27,fri
BVC,BDTS,train,910,413.8,09208,Bhavnagar Terminus - Bandra Terminus Special Fare Special,true,,14:50,06:00,11-09,11-26,tue
BVC,SSB,train,1235,569.3,09297,Bhavnagar Terminus - Shakur Basti Special Fare Special,true,,14:20,10:55,10-16,11-27,fri
SSB,BVC,train,1175,569.3,09298,Shakur Basti - Bhavnagar Terminus Special Fare Special,true,,13:15,08:50,10-17,11-28,sun
UJN,SHRN,train,270,134.6,09305,Ujjain - Sant Hirdaram Nagar Shravan Special (UnReserved),true,,09:00,13:30,07-28,09-08,"sun,mon,tue,wed,thu,fri,sat"
SHRN,UJN,train,310,134.6,09306,Sant Hirdaram Nagar - Ujjain Shravan Special (UnReserved),true,,14:20,19:30,07-28,09-08,"sun,mon,tue,wed,thu,fri,sat"
UJN,BPL,train,320,139.2,09307,Ujjain - Bhopal Shravan Special (UnReserved),true,,21:00,02:20,07-28,09-08,"sun,mon,tue,wed,thu,fri,sat"
BPL,UJN,train,290,139.2,09308,Bhopal - Ujjain Shravan Special (UnReserved),true,,03:10,08:00,07-29,09-09,"sun,mon,tue,wed,thu,fri,sat"
INDB,NZM,train,720,500.9,09309,Indore - Hazrat Nizamuddin Special Fare SF Special,true,,17:00,05:00,02-22,11-27,"sun,fri"
NZM,INDB,train,760,500.9,09310,Hazrat Nizamuddin - Indore Special Fare SF Special,true,,08:20,21:00,02-23,11-28,"mon,sat"
UJN,SHRN,train,490,134.6,09313,Ujjain - Sant Hirdaram Nagar Shravan Special (UnReserved),true,,16:00,00:10,07-28,09-08,"sun,mon,tue,wed,thu,fri,sat"
SHRN,UJN,train,300,134.6,09314,Sant Hirdaram Nagar - Ujjain Shravan Special (UnReserved),true,,01:00,06:00,07-29,09-09,"sun,mon,tue,wed,thu,fri,sat"
KK,INDB,train,1155,574.2,09323,Khadki (Pune) - Indore Special Fare Special,true,,04:40,23:55,03-05,08-27,tue
INDB,KK,train,935,496.6,09324,Indore - Khadki (Pune) Special Fare Special (PT),true,,11:15,02:50,,08-26,wed
DADN,PNBE,train,1470,647.9,09343,Dr. Ambedkar Nagar - Patna Special Fare Special (PT),true,,18:00,18:30,02-26,10-01,tue
PNBE,DADN,train,1585,647.9,09344,Patna - Dr. Ambedkar Nagar Special Fare Special,true,,21:30,23:55,02-27,10-02,fri
EKNR,ADI,train,235,169.6,09410,Ekta Nagar - Ahmedabad Steam Heritage Special,true,,20:20,00:15,,,"sun,sat"
ADI,TPJ,train,2525,1032.0,09419,Ahmedabad - Tiruchchirappalli Special Fare Special,true,,09:30,03:35,,09-17,tue
TPJ,ADI,train,2370,1002.1,09420,Tiruchchirappalli - Ahmedabad Special Fare Special,true,,05:45,21:15,,09-20,sun
MAJN,ADI,train,1665,670.5,09423,Mangaluru Jn. - Ahmedabad Special Fare Special,true,,22:30,02:15,03-28,11-28,sun
ADI,MAJN,train,1740,670.5,09424,Ahmedabad - Mangaluru Jn Special Fare Special,true,,16:00,21:00,03-27,11-27,fri
SBIB,HW,train,1385,583.1,09425,Sabarmati - Haridwar Special Fare Special,true,,21:35,20:40,10-19,11-23,mon
HW,SBIB,train,1500,583.1,09426,Haridwar - Sabarmati Special Fare Special,true,,21:30,22:30,10-20,11-24,tue
GIMB,BGP,train,2990,1171.4,09451,Gandhidham - Bhagalpur Special Fare Special (PT),true,,18:25,20:15,04-17,11-27,fri
BGP,GIMB,train,3060,1171.4,09452,Bhagalpur - Gandhidham Special Fare Special (PT),true,,05:00,08:00,04-20,11-30,mon
ADI,DBG,train,2285,937.3,09465,Ahmedabad - Darbhanga Special Fare Special,true,,20:25,10:30,07-03,09-11,fri
DBG,ADI,train,2255,937.3,09466,Darbhanga - Ahmedabad Special Fare Special,true,,03:00,16:35,05-18,09-14,mon
OKHA,SSB,train,1455,784.3,09523,Okha - Shakur Basti Special Fare SF Special (PT),true,,10:20,10:35,10-20,11-24,tue
SSB,OKHA,train,1425,784.3,09524,Shakur Basti - Okha Special Fare SF Special,true,,13:15,13:00,10-21,11-25,wed
HAPA,NHLN,train,3800,1521.0,09525,Hapa - Naharlagun Special Fare Special,true,,00:40,16:00,01-08,09-16,wed
NHLN,HAPA,train,3770,1521.0,09526,Naharlagun - Hapa Special Fare Special,true,,09:40,00:30,01-11,09-19,sun
MDJN,PNBE,train,1535,597.3,09601,Madar (Ajmer) - Patna Special Fare Summer Special,true,,06:40,08:15,04-23,09-24,tue
PNBE,MDJN,train,1625,597.3,09602,Patna - Madar (Ajmer) Special Fare Summer Special,true,,10:15,13:20,04-24,09-25,fri
AII,YNRK,train,1025,375.6,09611,Ajmer - Yog Nagari Rishikesh Special Fare Special,true,,19:45,12:50,06-17,11-25,wed
YNRK,AII,train,960,375.6,09612,Yog Nagari Rishikesh - Ajmer Special Fare Special,true,,17:55,09:55,06-18,11-26,tue
MDJN,NNL,train,285,164.0,09639,Madar - Narnaul Express Special (UnReserved),true,,04:30,09:15,08-15,10-13,"sun,mon,tue,wed,thu,fri,sat"
NNL,MDJN,train,375,164.0,09640,Narnaul - Madar Express Special (UnReserved),true,,16:20,22:35,08-15,10-13,"sun,mon,tue,wed,thu,fri,sat"
JP,BDTS,train,1000,671.4,09705,Jaipur - Bandra Terminus Special Fare SF Non-Stop Special,true,,18:40,11:20,01-04,09-06,sun
BDTS,JP,train,1085,671.4,09706,Bandra Terminus - Jaipur Special Fare SF Non-Stop Special,true,,14:40,08:45,01-05,09-07,mon
KWP,HWH,train,1755,744.1,09709,Khatipura - Howrah Special Fare Rakshabandhan Special,true,,17:00,22:15,08-29,08-29,sun
HWH,KWP,train,2115,744.1,09710,Howrah - Khatipura Special Fare Rakshabandhan Special,true,,00:15,11:30,08-31,08-31,wed
RE,MDJN,train,405,187.9,09717,Rewari - Madar Raksha Bandhan Special (UnReserved),true,,04:15,11:00,08-29,08-31,"sun,mon,sat"
MDJN,RE,train,340,187.9,09718,Madar - Rewari Raksha Bandhan Special (UnReserved),true,,11:50,17:30,08-29,08-31,"sun,mon,sat"
KOTA,NZM,train,525,265.7,09803,Kota - Hazrat Nizamuddin Special Fare Rakshabandan Special,true,,22:15,07:00,08-22,08-30,"sun,mon,wed"
NZM,KOTA,train,635,265.7,09804,Hazrat Nizamuddin - Kota Special Fare Rakshabandan Special,true,,09:00,19:35,08-23,08-31,"mon,tue,thu"
JBP,SGAC,train,800,353.5,09805,Jabalpur - Sogaria (Kota) Special Fare Rakshabandan Special,true,,09:10,22:30,08-22,08-28,"mon,wed,fri,sat"
SGAC,JBP,train,740,353.5,09806,Sogaria (Kota) - Jabalpur Special Fare Rakshabandan Special,true,,18:35,06:55,08-21,08-27,"sun,tue,thu,fri"
SGAC,DHN,train,1715,688.0,09821,Sogaria (Kota) - Dhanbad Special Fare Special,true,,23:10,03:45,04-16,11-26,tue
DHN,SGAC,train,1580,688.0,09822,Dhanbad - Sogaria (Kota) Special Fare Special,true,,05:15,07:35,04-18,11-28,sun
CSMT,MAO,train,885,322.3,10103,Mandovi Express,true,,07:10,21:55,,,"sun,mon,tue,wed,thu,fri,sat"
MAO,CSMT,train,795,322.3,10104,Mandovi Express (PT),true,,08:30,21:45,,,"sun,mon,tue,wed,thu,fri,sat"
DIVA,SWV,train,740,268.4,10105,Sindhudurg Express,true,,06:25,18:45,,,"sun,mon,tue,wed,thu,fri,sat"
SWV,DIVA,train,690,268.4,10106,Sindhudurg Express,true,,08:40,20:10,,,"sun,mon,tue,wed,thu,fri,sat"
MAO,MAQ,train,470,201.7,10107,Madgaon - Mangaluru Central MEMU Express (UnReserved),true,,04:40,12:30,,,"mon,tue,wed,thu,fri,sat"
MAQ,MAO,train,465,201.7,10108,Mangaluru Central - Madgaon MEMU Express (UnReserved),true,,15:30,23:15,,,"mon,tue,wed,thu,fri,sat"
MAO,KAWR,train,75,82.6,10109,Madgaon - Karwar Express,true,,16:30,17:45,06-11,,"sun,mon,tue,wed,thu,fri,sat"
KAWR,MAO,train,95,82.6,10110,Karwar - Madgaon Express,true,,08:50,10:25,06-12,,"sun,mon,tue,wed,thu,fri,sat"
BDTS,MAO,train,950,337.9,10115,Bandra Terminus - Madgaon Express,true,,06:50,22:40,,,"wed,fri"
MAO,BDTS,train,960,337.9,10116,Madgaon - Bandra Terminus Express,true,,07:40,23:40,,,"tue,thu"
MAO,ERS,train,840,454.1,10215,Madgaon - Ernakulam Jn. SF Express,true,,21:00,11:00,,,sun
ERS,MAO,train,845,454.1,10216,Ernakulam Jn. - Madgaon SF Express,true,,13:25,03:30,,,mon
CSMT,BPQ,train,1250,486.9,11001,Nandigram Express (PT),true,,16:35,13:25,,,"sun,mon,tue,wed,thu,fri,sat"
BPQ,CSMT,train,1220,486.9,11002,Nandigram Express (PT),true,,09:15,05:35,,,"sun,mon,tue,wed,thu,fri,sat"
DR,SWV,train,765,283.2,11003,Tutari Express (PT),true,,00:05,12:50,,,"sun,mon,tue,wed,thu,fri,sat"
SWV,DR,train,765,283.2,11004,Tutari Express,true,,17:55,06:40,,,"sun,mon,tue,wed,thu,fri,sat"
DR,PDY,train,2025,807.6,11005,Dadar Central - Puducherry Express (PT),true,,21:30,07:15,,,"sun,mon,fri"
PDY,DR,train,1935,807.6,11006,Puducherry - Dadar Central Express (PT),true,,21:30,05:45,,,"sun,tue,wed"
CSMT,PUNE,train,245,143.3,11007,Deccan Express,true,,07:00,11:05,,,"sun,mon,tue,wed,thu,fri,sat"
PUNE,CSMT,train,228,143.3,11008,Deccan Express,true,,15:27,19:15,,,"sun,mon,tue,wed,thu,fri,sat"
CSMT,PUNE,train,240,143.3,11009,Sinhagad Express,true,,17:50,21:50,,,"sun,mon,tue,wed,thu,fri,sat"
PUNE,CSMT,train,230,143.3,11010,Sinhagad Express,true,,06:05,09:55,,,"sun,mon,tue,wed,thu,fri,sat"
CSMT,DHI,train,505,231.2,11011,Mumbai CSMT - Dhule Express,true,,12:00,20:25,,,"sun,mon,tue,wed,thu,fri,sat"
DHI,CSMT,train,465,231.2,11012,Dhule - Mumbai CSMT Express,true,,06:30,14:15,,,"sun,mon,tue,wed,thu,fri,sat"
LTT,CBE,train,1935,743.2,11013,Mumbai LTT - Coimbatore Express (PT),true,,22:35,06:50,,,"sun,mon,tue,wed,thu,fri,sat"
CBE,LTT,train,1745,743.2,11014,Coimbatore - Mumbai LTT Express (PT),true,,08:50,13:55,,,"sun,mon,tue,wed,thu,fri,sat"
LTT,SHC,train,2290,985.5,11015,Mumbai LTT - Saharsa Amrit Bharat Express,true,,11:50,02:00,,,fri
SHC,LTT,train,2160,985.5,11016,Saharsa - Mumbai LTT Amrit Bharat Express (PT),true,,03:45,15:45,,,sun
LTT,KIK,train,1780,803.9,11017,Mumbai LTT - Karaikal Weekly Express (PT),true,,13:15,18:55,,,sun
KIK,LTT,train,1810,803.9,11018,Karaikal - Mumbai LTT Weekly Express (PT),true,,14:20,20:30,,,mon
CSMT,BBSN,train,2060,949.7,11019,Konark Express (PT),true,,14:00,00:20,,,"sun,mon,tue,wed,thu,fri,sat"
BBSN,CSMT,train,2255,948.8,11020,Konark Express (PT),true,,14:40,04:15,,,"sun,mon,tue,wed,thu,fri,sat"
DR,TEN,train,2230,884.8,11021,Dadar Central - Tirunelveli Chalukya Express (Via SMVT Bengaluru) (PT),true,,21:30,10:40,,,"tue,wed,sat"
TEN,DR,train,2280,884.8,11022,Tirunelveli - Dadar Central Chalukya Express (Via SMVT Bengaluru) (PT),true,,15:45,05:45,,,"mon,tue,fri"
PUNE,AMI,train,840,386.2,11025,Pune - Amravati Express (via Manmad),true,,11:05,01:05,,,"sun,mon,tue,wed,thu,fri,sat"
AMI,PUNE,train,765,386.2,11026,Amravati - Pune Express (via Manmad),true,,22:50,11:35,,,"sun,mon,tue,wed,thu,fri,sat"
DR,STR,train,855,372.4,11027,Dadar Central - Satara Express,true,,23:55,14:10,,,"sun,mon,fri"
STR,DR,train,905,372.4,11028,Satara - Dadar Central Express,true,,15:30,06:35,,,"mon,tue,sat"
CSMT,KOP,train,705,293.3,11029,Koyna Express,true,,08:40,20:25,,,"sun,mon,tue,wed,thu,fri,sat"
KOP,CSMT,train,700,293.3,11030,Koyna Express,true,,08:25,20:05,,,"sun,mon,tue,wed,thu,fri,sat"
PNVL,APDJ,train,3000,1190.0,11031,Panvel - Alipurduar Amrit Bharat Express,true,,11:50,13:50,,,mon
APDJ,PNVL,train,2985,1190.0,11032,Alipurduar - Panvel Amrit Bharat Express,true,,03:45,05:30,,,tue
PUNE,DBG,train,2335,948.8,11033,Pune - Darbhanga Express (PT),true,,16:15,07:10,,,wed
DBG,PUNE,train,2320,948.8,11034,Darbhanga - Pune Express (PT),true,,16:35,07:15,,,fri
DR,MYS,train,1410,612.1,11035,Sharavati Express (PT),true,,21:30,21:00,,,tue
MYS,DR,train,1410,612.1,11036,Sharavati Express,true,,06:15,05:45,,,sun
PUNE,GKP,train,1945,866.9,11037,Pune - Gorakhpur Express (Via Prayagraj) (PT),true,,16:15,00:40,,,tue
GKP,PUNE,train,2065,866.9,11038,Gorakhpur - Pune Express (via Prayagraj) (PT),true,,15:50,02:15,,,sun
KOP,G,train,1665,671.9,11039,Maharashtra Express (PT),true,,14:50,18:35,,,"sun,mon,tue,wed,thu,fri,sat"
G,KOP,train,1635,671.9,11040,Maharashtra Express (PT),true,,08:10,11:25,,,"sun,mon,tue,wed,thu,fri,sat"
DR,SNSI,train,525,256.9,11041,Dadar Central - Sainagar Shirdi Express (Via Daund Chord Line),true,,23:55,08:40,,,"tue,wed,thu,sat"
SNSI,DR,train,550,256.9,11042,Sainagar Shirdi - Dadar Central Express (via Daund Chord Line),true,,21:25,06:35,,,"sun,wed,thu,fri"
DR,BUI,train,2140,883.0,11043,Dadar Central - Ballia Express,true,,14:05,01:45,08-17,,"mon,wed,fri"
BUI,DR,train,2180,883.0,11044,Ballia - Dadar Central Express,true,,15:15,03:35,08-19,,"sun,wed,fri"
KOP,DHN,train,3130,1377.1,11045,Deekshabhoomi SF Express (PT),true,,04:35,08:45,,,fri
DHN,KOP,train,3000,1377.1,11046,Deekshabhoomi SF Express (PT),true,,10:20,12:20,,,mon
DR,GKP,train,2210,914.7,11047,Dadar Central - Gorakhpur Express,true,,14:05,02:55,08-18,,"sun,tue,thu,sat"
GKP,DR,train,2230,914.7,11048,Gorakhpur - Dadar Central Express,true,,14:20,03:30,08-20,,"mon,tue,thu,sat"
ADI,KOP,train,1105,494.3,11049,Ahmedabad - SCSMT Kolhapur Express (PT),true,,20:15,14:40,,,sun
KOP,ADI,train,1085,494.3,11050,SCSMT Kolhapur - Ahmedabad Express (PT),true,,13:30,07:35,,,sun
LTT,GKP,train,2020,849.0,11055,Godan Express (PT),true,,10:55,20:35,,,"sun,mon,wed,fri"
GKP,LTT,train,1975,849.0,11056,Godan Express (PT),true,,06:35,15:30,,,"sun,tue,wed,fri"
CSMT,ASR,train,2445,995.7,11057,Mumbai CSMT - Amritsar Express (PT),true,,23:30,16:15,,,"sun,mon,tue,wed,thu,fri,sat"
ASR,CSMT,train,2355,995.7,11058,Amritsar - Mumbai CSMT Express,true,,08:50,00:05,,,"sun,mon,tue,wed,thu,fri,sat"
LTT,CPR,train,2050,867.4,11059,Mumbai LTT - Chhapra Express (PT),true,,10:55,21:05,,,"tue,thu,sat"
CPR,LTT,train,2025,867.4,11060,Chhapra - Mumbai LTT Express (PT),true,,05:45,15:30,,,"mon,tue,sat"
LTT,JYG,train,2320,948.3,11061,Pawan Express (PT),true,,11:30,02:10,,,"sun,mon,tue,wed,thu,fri,sat"
JYG,LTT,train,2120,948.3,11062,Pawan Express (PT),true,,13:10,00:30,,,"sun,mon,tue,wed,thu,fri,sat"
LTT,BUI,train,1965,870.6,11071,Kamayani Express (PT),true,,13:50,22:35,,,"sun,mon,tue,wed,thu,fri,sat"
BUI,LTT,train,2065,870.6,11072,Kamayani Express,true,,12:45,23:10,,,"sun,mon,tue,wed,thu,fri,sat"
PUNE,JAT,train,2425,1053.7,11077,Jhelum Express (PT),true,,17:20,09:45,,,"sun,mon,tue,wed,thu,fri,sat"
JAT,PUNE,train,2425,1053.7,11078,Jhelum Express,true,,23:35,16:00,,,"sun,mon,tue,wed,thu,fri,sat"
LTT,GKP,train,1885,858.2,11079,Mumbai LTT - Gorakhpur Express (via Barhni) (PT),true,,15:45,23:10,,,tue
GKP,LTT,train,2045,858.2,11080,Gorakhpur - Mumbai LTT Express (via Barhni),true,,05:05,15:10,,,sun
LTT,GKP,train,2230,883.9,11081,Mumbai LTT - Gorakhpur Weekly Express (Via Varanasi) (PT),true,,16:35,05:45,,,wed
GKP,LTT,train,2015,883.9,11082,Gorakhpur - Mumbai LTT Weekly Express (via Varanasi) (PT),true,,14:20,23:55,,,fri
SMVB,GWL,train,2555,1008.1,11085,SMVT Bengaluru - Gwalior Weekly Express,true,,15:50,10:25,,,sun
GWL,SMVB,train,2435,1007.7,11086,Gwalior - SMVT Bengaluru Weekly Express,true,,15:00,07:35,,,fri
VRL,PUNE,train,1230,543.1,11087,Veraval - Pune Express (PT),true,,11:05,07:35,,,sun
PUNE,VRL,train,1215,543.1,11088,Pune - Veraval Express (PT),true,,20:10,16:25,,,tue
BGKT,PUNE,train,1160,552.7,11089,Bhagat Ki Kothi - Pune Express,true,,12:15,07:35,,,tue
PUNE,BGKT,train,1190,552.7,11090,Pune - Bhagat Ki Kothi Express (PT),true,,20:10,16:00,,,sun
BHUJ,PUNE,train,1100,509.5,11091,Bhuj - Pune Express (PT),true,,13:15,07:35,,,wed
PUNE,BHUJ,train,1100,509.5,11092,Pune - Bhuj Express (PT),true,,20:10,14:30,,,mon
PUNE,ERS,train,1730,644.3,11097,Poorna Express (PT),true,,22:25,03:15,,,sun
ERS,PUNE,train,1690,644.3,11098,Poorna Express,true,,18:50,23:00,,,mon
LTT,MAO,train,835,314.4,11099,Mumbai LTT - Madgaon Express,true,,00:45,14:40,,,"sun,fri"
MAO,LTT,train,735,314.4,11100,Madgaon - Mumbai LTT Express,true,,11:30,23:45,,,"mon,sat"
GWL,BNRS,train,840,342.0,11107,Bundelkhand Express (PT),true,,21:05,11:05,,,"sun,mon,tue,wed,thu,fri,sat"
BNRS,GWL,train,945,342.0,11108,Bundelkhand Express,true,,16:30,08:15,,,"sun,mon,tue,wed,thu,fri,sat"
VGLJ,LJN,train,355,189.3,11109,Virangana Lakshmibai Jhansi - Lucknow Jn. Intercity Express,true,,06:05,12:00,,,"sun,mon,tue,wed,thu,fri,sat"
LJN,VGLJ,train,355,189.3,11110,Lucknow Jn. - Virangana Lakshmibai Jhansi InterCity Express,true,,16:40,22:35,,,"sun,mon,tue,wed,thu,fri,sat"
DVL,BSL,train,315,176.0,11113,Devlali - Bhusaval MEMU Express (UnReserved),true,,07:20,12:35,,,"sun,mon,tue,wed,thu,fri,sat"
BSL,DVL,train,345,176.0,11114,Bhusaval - Devlali MEMU Express (UnReserved),true,,17:30,23:15,,,"sun,mon,tue,wed,thu,fri,sat"
BSL,ET,train,550,196.2,11115,Bhusaval - Itarsi MEMU Express (UnReserved),true,,20:40,05:50,,,"sun,mon,tue,wed,thu,fri,sat"
ET,BSL,train,470,196.2,11116,Itarsi - Bhusaval MEMU Express (UnReserved),true,,20:30,04:20,,,"sun,mon,tue,wed,thu,fri,sat"
IGP,BSL,train,435,196.7,11119,Igatpuri - Bhusaval MEMU Express (UnReserved),true,,09:55,17:10,,,"sun,mon,tue,wed,thu,fri,sat"
BSL,IGP,train,490,196.7,11120,Bhusaval - Igatpuri MEMU Express (UnReserved),true,,07:00,15:10,,,"sun,mon,tue,wed,thu,fri,sat"
BSL,WR,train,410,199.4,11121,Bhusaval - Wardha MEMU Express (UnReserved),true,,14:25,21:15,,,"sun,mon,tue,wed,thu,fri,sat"
WR,BSL,train,460,199.4,11122,Wardha - Bhusaval MEMU Express (UnReserved),true,,00:05,07:45,,,"sun,mon,tue,wed,thu,fri,sat"
GWL,BJU,train,1490,540.3,11123,Gwalior - Barauni Mail (PT),true,,12:05,12:55,,,"sun,mon,tue,wed,thu,fri,sat"
BJU,GWL,train,1545,540.3,11124,Barauni - Gwalior Mail,true,,18:45,20:30,,,"sun,mon,tue,wed,thu,fri,sat"
RTM,GWL,train,852,367.8,11125,Ratlam - Gwalior InterCity Express (PT),true,,17:25,07:37,,,"sun,mon,wed,thu"
GWL,RTM,train,850,367.8,11126,Gwalior - Ratlam InterCity Express (PT),true,,19:50,10:00,,,"mon,tue,thu,fri"
CSMT,HPT,train,930,511.8,11139,Mumbai CSMT - Hosapete SF Express (PT),true,,21:20,12:50,,,"sun,mon,tue,wed,thu,fri,sat"
HPT,CSMT,train,930,511.8,11140,Hosapete - Mumbai CSMT SF Express,true,,13:40,05:10,,,"sun,mon,tue,wed,thu,fri,sat"
NGP,SDL,train,840,342.5,11201,Nagpur - Shahdol Express,true,,08:00,22:00,,,"sun,mon,tue,wed,thu,fri,sat"
SDL,NGP,train,780,342.5,11202,Shahdol - Nagpur Express (PT),true,,05:00,18:00,,,"sun,mon,tue,wed,thu,fri,sat"
NGP,MAO,train,1600,666.8,11203,Nagpur - Madgaon Express,true,,15:05,17:45,,,"wed,sat"
MAO,NGP,train,1585,666.8,11204,Madgaon - Nagpur Express,true,,19:00,21:25,,,"sun,tue"
MML,ABKP,train,635,253.7,11265,Madan Mahal - Ambikapur Intercity Express,true,,12:25,23:00,,,"sun,mon,tue,wed,thu,fri,sat"
ABKP,MML,train,545,253.7,11266,Ambikapur - Madan Mahal Intercity Express,true,,06:15,15:20,,,"sun,mon,tue,wed,thu,fri,sat"
ET,BPL,train,1080,393.1,11271,Vindhyachal Express,true,,16:20,10:20,,,"sun,mon,tue,wed,thu,fri,sat"
BPL,ET,train,1170,393.1,11272,Vindhyachal Express,true,,18:20,13:50,,,"sun,mon,tue,wed,thu,fri,sat"
ET,PCOI,train,1000,332.8,11273,Itarsi - Prayagraj Chheoki Express,true,,17:15,09:55,,,"sun,mon,tue,wed,thu,fri,sat"
PCOI,ET,train,1025,332.8,11274,Prayagraj Chheoki - Itarsi Express,true,,20:15,13:20,,,"sun,mon,tue,wed,thu,fri,sat"
CSMT,SBC,train,1325,577.6,11301,Udyan Express (PT),true,,07:55,06:00,,,"sun,mon,tue,wed,thu,fri,sat"
SBC,CSMT,train,1415,577.6,11302,Udyan Express (PT),true,,20:40,20:15,,,"sun,mon,tue,wed,thu,fri,sat"
LTT,SUR,train,1225,464.4,11303,Mumbai LTT - Solapur Weekly Express,true,,12:50,09:15,08-19,,wed
SUR,LTT,train,1120,464.4,11304,Solapur - Mumbai LTT Weekly Express,true,,09:20,04:00,08-18,,tue
SUR,HAS,train,936,506.6,11311,Solapur - Hassan Superfast Express (PT),true,,19:20,10:56,,,"sun,mon,tue,wed,thu,fri,sat"
HAS,SUR,train,955,506.6,11312,Hassan - Solapur Superfast Express (PT),true,,16:15,08:10,,,"sun,mon,tue,wed,thu,fri,sat"
SUR,AKP,train,1760,723.8,11313,Solapur - Anakapalle Weekly Express,true,,09:20,14:40,08-21,,fri
AKP,SUR,train,1815,723.8,11314,Anakapalle - Solapur Weekly Express,true,,17:35,23:50,08-22,,sun
PUNE,SOU,train,2410,973.2,11401,Pune - Supaul Express (PT),true,,21:05,13:15,,,"sun,mon,tue,wed,thu,fri,sat"
SOU,PUNE,train,2250,973.2,11402,Supaul - Pune Express (PT),true,,14:30,04:00,,,"sun,mon,tue,wed,thu,fri,sat"
NGP,KOP,train,1335,532.5,11403,Nagpur - SCSMT Kolhapur Express (PT),true,,15:15,13:30,,,"tue,sat"
KOP,NGP,train,1395,532.5,11404,SCSMT Kolhapur - Nagpur Express,true,,12:45,12:00,,,"mon,fri"
PUNE,AMI,train,1125,432.2,11405,Pune - Amravati Express (via Latur),true,,22:45,17:30,,,"sun,fri"
AMI,PUNE,train,1235,432.2,11406,Amravati - Pune Express (via Latur),true,,19:50,16:25,,,"mon,sat"
PUNE,LJN,train,1610,733.5,11407,Pune - Lucknow Jn. Express (PT),true,,22:00,00:50,,,tue
LJN,PUNE,train,1700,733.5,11408,Lucknow Jn - Pune Express (PT),true,,06:30,10:50,,,tue
DD,NZB,train,1075,376.1,11409,Daund - Nizamabad Express (UnReserved),true,,16:50,10:45,,,"sun,mon,tue,wed,thu,fri,sat"
NZB,PUNE,train,1160,408.3,11410,Nizamabad - Pune Express (UnReserved),true,,23:40,19:00,,,"sun,mon,tue,wed,thu,fri,sat"
PRLI,SLI,train,635,259.7,11411,Parli Vaijnath - Sangli DEMU Express (UnReserved),true,,08:15,18:50,,,"sun,mon,tue,wed,thu,fri,sat"
SLI,PRLI,train,595,259.7,11412,Sangli - Parli Vaijnath DEMU Express (UnReserved),true,,20:35,06:30,,,"sun,mon,tue,wed,thu,fri,sat"
NZB,PVR,train,945,301.1,11413,Nizamabad - Pandharpur Express (UnReserved),true,,12:45,04:30,,,"sun,mon,tue,wed,thu,fri,sat"
PVR,NZB,train,955,301.1,11414,Pandharpur - Nizamabad Express (UnReserved),true,,05:30,21:25,,,"sun,mon,tue,wed,thu,fri,sat"
SUR,HPT,train,580,232.6,11415,Solapur - Hosapete DEMU Express (UnReserved),true,,11:20,21:00,,,"sun,mon,tue,wed,thu,fri,sat"
HPT,SUR,train,555,232.6,11416,Hosapete - Solapur DEMU Express (UnReserved),true,,00:15,09:30,,,"sun,mon,tue,wed,thu,fri,sat"
PUNE,SUR,train,525,175.5,11417,Pune - Solapur DEMU Express (UnReserved),true,,23:00,07:45,,,"sun,mon,tue,wed,thu,fri,sat"
SUR,PUNE,train,465,175.5,11418,Solapur - Pune DEMU Express (UnReserved),true,,11:40,19:25,,,"sun,mon,tue,wed,thu,fri,sat"
PUNE,KOP,train,448,205.0,11419,Pune - SCSMT Kolhapur Express,true,,21:40,05:08,10-20,,"sun,mon,tue,wed,thu,fri,sat"
KOP,PUNE,train,440,205.0,11420,SCSMT Kolhapur - Pune Express,true,,21:50,05:10,10-20,,"sun,mon,tue,wed,thu,fri,sat"
HDP,SUR,train,410,173.2,11421,Hadapsar - Solapur DEMU Express (UnReserved),true,,08:10,15:00,,,"sun,mon,tue,wed,thu,fri,sat"
SUR,PUNE,train,375,175.5,11422,Solapur - Pune DEMU Express (UnReserved),true,,23:45,06:00,,,"sun,mon,tue,wed,thu,fri,sat"
PUNE,SNSI,train,305,172.8,11423,Pune - Sainagar Shirdi Intercity Express,true,,06:55,12:00,06-22,,"sun,mon,tue,wed,thu,fri,sat"
SNSI,PUNE,train,345,172.8,11424,Sainagar Shirdi - Pune Intercity Express,true,,18:10,23:55,06-22,,"sun,mon,tue,wed,thu,fri,sat"
PUNE,KOP,train,515,205.0,11425,Pune - SCSMT Kolhapur DEMU Express (UnReserved),true,,10:50,19:25,,,"sun,mon,tue,wed,thu,fri,sat"
KOP,PUNE,train,470,205.0,11426,SCSMT Kolhapur - Pune DEMU Express (UnReserved),true,,05:10,13:00,,,"sun,mon,tue,wed,thu,fri,sat"
PUNE,JSME,train,1950,964.9,11427,Pune - Jasidih Weekly Express (PT),true,,06:40,15:10,,,fri
JSME,PUNE,train,2160,964.9,11428,Jasidih - Pune Weekly Express (PT),true,,21:45,09:45,,,sun
HDP,HGL,train,400,202.7,11429,Hadapsar - Harangul Express,true,,06:20,13:00,08-15,,"sun,mon,tue,wed,thu,fri,sat"
HGL,HDP,train,345,202.7,11430,Harangul - Hadapsar Express,true,,15:00,20:45,08-15,,"sun,mon,tue,wed,thu,fri,sat"
PUNE,DNR,train,2045,889.0,11431,Pune - Danapur Amrit Bharat Express,true,,15:25,01:30,06-27,,sun
DNR,PUNE,train,1895,889.0,11432,Danapur - Pune Amrit Bharat Express,true,,03:30,11:05,06-29,,mon
JBP,HWH,train,1460,580.8,11447,Shaktipunj Express,true,,22:25,22:45,,,"sun,mon,tue,wed,thu,fri,sat"
HWH,JBP,train,1510,580.8,11448,Shaktipunj Express,true,,13:10,14:20,,,"sun,mon,tue,wed,thu,fri,sat"
JBP,SVDK,train,1725,782.7,11449,Jabalpur - Shri Mata Vaishno Devi Katra Express (PT),true,,06:00,10:45,,,tue
SVDK,JBP,train,1815,782.7,11450,Shri Mata Vaishno Devi Katra - Jabalpur Express,true,,22:30,04:45,,,wed
VRL,JBP,train,1680,698.1,11463,Veraval - Jabalpur Express (via Itarsi) (PT),true,,10:10,14:10,,,"sun,tue,wed,thu,fri"
JBP,VRL,train,1645,698.1,11464,Jabalpur - Veraval Express (Via Itarsi) (PT),true,,14:00,17:25,,,"sun,tue,wed,thu,sat"
VRL,JBP,train,1805,768.9,11465,Veraval - Jabalpur Express (via Bina) (PT),true,,10:10,16:15,,,"mon,sat"
JBP,VRL,train,1735,768.9,11466,Jabalpur - Veraval Express (via Bina) (PT),true,,12:30,17:25,,,"mon,fri"
BINA,KTE,train,420,175.5,11601,Bina - Katni MEMU Express (UnReserved),true,,05:00,12:00,,,"sun,mon,tue,wed,thu,fri,sat"
KTE,BINA,train,470,175.5,11602,Katni - Bina MEMU Express (UnReserved),true,,12:10,20:00,,,"sun,mon,tue,wed,thu,fri,sat"
KOTA,BINA,train,495,194.4,11603,Kota - Bina MEMU Express (UnReserved),true,,08:35,16:50,,,"sun,mon,tue,wed,thu,fri,sat"
BINA,KOTA,train,470,194.4,11604,Bina - Kota MEMU Express (UnReserved),true,,11:00,18:50,,,"sun,mon,tue,wed,thu,fri,sat"
BPL,BINA,train,160,118.9,11605,Bhopal - Bina MEMU Express (UnReserved),true,,14:15,16:55,,,"sun,mon,tue,wed,thu,fri,sat"
BINA,BPL,train,145,118.9,11606,Bina - Bhopal MEMU Express (UnReserved),true,,11:15,13:40,,,"sun,mon,tue,wed,thu,fri,sat"
BPL,DHN,train,1405,604.7,11631,Bhopal - Dhanbad Express,true,,20:55,20:20,,,"mon,tue,fri"
DHN,BPL,train,1420,604.7,11632,Dhanbad - Bhopal Express,true,,07:20,07:00,,,"sun,wed,sat"
BPL,CPU,train,835,387.6,11633,Bhopal - Chopan Weekly Express,true,,20:55,10:50,,,sun
CPU,BPL,train,830,387.6,11634,Chopan - Bhopal Weekly Express,true,,17:10,07:00,,,mon
MML,SGRL,train,460,216.9,11651,Madan Mahal - Singrauli Intercity Express,true,,16:05,23:45,,,"sun,mon,tue,wed,thu,fri,sat"
SGRL,MML,train,445,216.9,11652,Singrauli - Madan Mahal Intercity Express,true,,04:40,12:05,,,"sun,mon,tue,wed,thu,fri,sat"
RKMP,AGTL,train,3125,1196.7,11665,Rani Kamalapati - Agartala Weekly Express,true,,15:20,19:25,10-22,,tue
AGTL,RKMP,train,2840,1196.7,11666,Agartala - Rani Kamalapati Weekly Express,true,,17:20,16:40,10-25,,sun
R,JBP,train,490,242.7,11701,Mook Mati Express,true,,14:35,22:45,,,"sun,mon,tue,wed,thu,fri,sat"
JBP,R,train,470,242.7,11702,Mook Mati Express,true,,06:00,13:50,,,"sun,mon,tue,wed,thu,fri,sat"
REWA,DADN,train,955,436.8,11703,Rewa - Dr. Ambedkar Nagar Express,true,,23:05,15:00,,,"sun,tue,thu"
DADN,REWA,train,935,436.8,11704,Dr. Ambedkar Nagar - Rewa Express (PT),true,,20:00,11:35,,,"mon,wed,fri"
JBP,REWA,train,335,164.5,11705,Jabalpur - Rewa Express,true,,07:10,12:45,,,"sun,mon,tue,wed,thu,fri,sat"
REWA,JBP,train,425,164.5,11706,Rewa - Jabalpur Express,true,,14:00,21:05,,,"sun,mon,tue,wed,thu,fri,sat"
REWA,CHRM,train,565,238.5,11751,Rewa - Chirimiri Express,true,,19:10,04:35,,,"mon,wed,fri"
CHRM,REWA,train,585,238.5,11752,Chirimiri - Rewa Express,true,,19:00,04:45,,,"tue,thu,sat"
NITR,REWA,train,790,331.5,11753,NSC Bose Itwari - Rewa Express (via Gondia),true,,19:10,08:20,,,"sun,tue,thu"
REWA,NITR,train,855,331.5,11754,Rewa - NSC Bose Itwari Express (via Gondia),true,,17:10,07:25,,,"mon,wed,sat"
NITR,REWA,train,850,351.7,11755,NSC Bose Itwari - Rewa Express (via Chhindwara),true,,18:10,08:20,,,"mon,wed,fri,sat"
REWA,NITR,train,860,351.7,11756,Rewa - NSC Bose Itwari Express (via Chhindwara),true,,17:10,07:30,,,"sun,tue,thu,fri"
GWL,PRYJ,train,810,279.5,11801,Gwalior - Prayagraj Express,true,,05:00,18:30,,,"sun,mon,tue,wed,thu,fri,sat"
PRYJ,GWL,train,895,279.5,11802,Prayagraj - Gwalior Express,true,,06:05,21:00,,,"sun,mon,tue,wed,thu,fri,sat"
VGLJ,AGC,train,285,154.4,11807,VGL Jhansi - Agra Cantt MEMU Express (UnReserved),true,,06:20,11:05,,,"sun,mon,tue,wed,thu,fri,sat"
AGC,VGLJ,train,325,154.4,11808,Agra Cantt - VGL Jhansi MEMU Express (UnReserved),true,,14:40,20:05,,,"sun,mon,tue,wed,thu,fri,sat"
KURJ,KKDE,train,1050,434.0,11841,Gita Jayanti Express (PT),true,,18:35,12:05,,,"sun,mon,tue,wed,thu,fri,sat"
KKDE,KURJ,train,1010,434.0,11842,Gita Jayanti Express,true,,15:10,08:00,,,"sun,mon,tue,wed,thu,fri,sat"
VGLJ,AGC,train,340,154.4,11901,Virangana Lakshmibai Jhansi - Agra Cantt. Express,true,,16:00,21:40,,,"sun,mon,tue,wed,thu,fri,sat"
AGC,VGLJ,train,380,154.4,11902,Agra Cantt. - Virangana Lakshmibai Jhansi Express,true,,06:30,12:50,,,"sun,mon,tue,wed,thu,fri,sat"
VGLJ,ETW,train,285,154.4,11903,Virangana Lakshmibai Jhansi - Etawah Intercity Express,true,,17:15,22:00,,,"sun,mon,tue,wed,thu,fri,sat"
ETW,VGLJ,train,315,154.4,11904,Etawah - Virangana Lakshmibai Jhansi Intercity Express,true,,05:00,10:15,,,"sun,mon,tue,wed,thu,fri,sat"
AGC,HSX,train,845,354.5,11905,Agra Cantt - Hoshiarpur Express,true,,19:10,09:15,,,"sun,mon,tue,wed,thu,fri,sat"
HSX,AGC,train,750,354.5,11906,Hoshiarpur - Agra Cantt Express,true,,22:30,11:00,,,"sun,mon,tue,wed,thu,fri,sat"
RKMP,NDLS,train,520,390.3,12001,Rani Kamalapati - New Delhi Shatabdi Express,true,,15:10,23:50,,,"sun,mon,tue,wed,thu,fri,sat"
NDLS,RKMP,train,520,390.3,12002,New Delhi - Rani Kamalapati Shatabdi Express,true,,06:00,14:40,,,"sun,mon,tue,wed,thu,fri,sat"
LJN,NDLS,train,425,295.8,12003,Lucknow Jn - New Delhi Swarn Shatabdi Express,true,,15:30,22:35,,,"sun,mon,tue,wed,thu,fri,sat"
NDLS,LJN,train,410,295.8,12004,New Delhi - Lucknow Jn. Swarn Shatabdi Express,true,,06:10,13:00,,,"sun,mon,tue,wed,thu,fri,sat"
NDLS,KLK,train,240,179.1,12005,New Delhi - Kalka Shatabdi Express,true,,17:15,21:15,,,"sun,mon,tue,wed,thu,fri,sat"
KLK,NDLS,train,240,179.1,12006,Kalka - New Delhi Shatabdi Express,true,,06:15,10:15,,,"sun,mon,tue,wed,thu,fri,sat"
MAS,MYS,train,420,288.6,12007,M.G.R Chennai Central - Mysuru Shatabdi Express,true,,06:00,13:00,,,"sun,mon,tue,wed,fri,sat"
MYS,MAS,train,430,288.6,12008,Mysuru - MGR Chennai Central Shatabdi Express,true,,14:15,21:25,,,"sun,mon,tue,wed,fri,sat"
MMCT,ADI,train,380,286.6,12009,Mumbai Central - Ahmedabad Shatabdi Express,true,,06:20,12:40,,,"mon,tue,wed,thu,fri,sat"
ADI,MMCT,train,395,286.6,12010,Ahmedabad - Mumbai Central Shatabdi Express,true,,15:10,21:45,,,"mon,tue,wed,thu,fri,sat"
NDLS,KLK,train,240,179.1,12011,New Delhi - Kalka Shatabdi Express,true,,07:40,11:40,,,"sun,mon,tue,wed,thu,fri,sat"
KLK,NDLS,train,245,179.1,12012,Kalka - New Delhi Shatabdi Express,true,,17:45,21:50,,,"sun,mon,tue,wed,thu,fri,sat"
NDLS,ASR,train,395,265.0,12013,New Delhi - Amritsar Shatabdi Express,true,,16:30,23:05,,,"sun,mon,tue,wed,thu,fri,sat"
ASR,NDLS,train,367,265.0,12014,Amritsar - New Delhi Shatabdi Express,true,,04:55,11:02,,,"sun,mon,tue,wed,thu,fri,sat"
NDLS,DOZ,train,445,266.5,12015,New Delhi - Daurai (Ajmer) Shatabdi Express,true,,06:10,13:35,,,"sun,mon,tue,wed,thu,fri,sat"
DOZ,NDLS,train,435,266.5,12016,Daurai (Ajmer) - New Delhi Shatabdi Express,true,,15:15,22:30,,,"sun,mon,tue,wed,thu,fri,sat"
NDLS,DDN,train,370,200.7,12017,New Delhi - Dehradun Shatabdi Express,true,,06:45,12:55,,,"sun,mon,tue,wed,thu,fri,sat"
DDN,NDLS,train,355,200.7,12018,Dehradun - New Delhi Shatabdi Express,true,,16:55,22:50,,,"sun,mon,tue,wed,thu,fri,sat"
HWH,RNC,train,430,252.1,12019,Howrah - Ranchi Shatabdi Express,true,,06:05,13:15,,,"mon,tue,wed,thu,fri,sat"
RNC,HWH,train,455,252.1,12020,Ranchi - Howrah Shatabdi Express,true,,13:45,21:20,,,"mon,tue,wed,thu,fri,sat"
HWH,BBN,train,420,240.6,12021,Howrah - Barbil Jan Shatabdi Express,true,,06:20,13:20,,,"sun,mon,tue,wed,thu,fri,sat"
BBN,HWH,train,435,240.6,12022,Barbil - Howrah Jan Shatabdi Express,true,,13:45,21:00,,,"sun,mon,tue,wed,thu,fri,sat"
HWH,PNBE,train,495,305.4,12023,Howrah - Patna Jan Shatabdi Express (PT),true,,14:05,22:20,,,"mon,tue,wed,thu,fri,sat"
PNBE,HWH,train,475,305.4,12024,Patna - Howrah Jan Shatabdi Express,true,,05:30,13:25,,,"mon,tue,wed,thu,fri,sat"
PUNE,HYB,train,500,337.0,12025,Pune - Hyderabad Shatabdi Express,true,,06:00,14:20,,,"sun,mon,wed,thu,fri,sat"
HYB,PUNE,train,510,337.0,12026,Hyderabad - Pune Shatabdi Express,true,,14:40,23:10,,,"sun,mon,wed,thu,fri,sat"
MAS,SBC,train,295,222.3,12027,MGR Chennai Central - KSR Bengaluru Shatabdi Express,true,,17:30,22:25,,,"sun,mon,wed,thu,fri,sat"
SBC,MAS,train,300,222.3,12028,KSR Bengaluru - MGR Chennai Central Shatabdi Express,true,,06:00,11:00,,,"sun,mon,wed,thu,fri,sat"
NDLS,ASR,train,370,265.0,12029,New Delhi - Amritsar Swarna Jayanti Shatabdi Express,true,,07:20,13:30,,,"sun,mon,tue,wed,fri,sat"
ASR,NDLS,train,360,265.0,12030,Amritsar - New Delhi Swarna Jayanti Shatabdi Express,true,,16:50,22:50,,,"sun,mon,tue,wed,fri,sat"
NDLS,ASR,train,370,265.0,12031,New Delhi - Amritsar Shatabdi Express,true,,07:20,13:30,,,tue
ASR,NDLS,train,360,265.0,12032,Amritsar - New Delhi Shatabdi Express,true,,16:50,22:50,,,tue
CNB,NDLS,train,320,261.2,12033,Kanpur Central - New Delhi Shatabdi Express,true,,06:00,11:20,,,"mon,tue,wed,thu,fri,sat"
NDLS,CNB,train,310,261.2,12034,New Delhi - Kanpur Central Shatabdi Express,true,,15:40,20:50,,,"mon,tue,wed,thu,fri,sat"
TPU,DLI,train,615,238.6,12035,Purnagiri Jan Shatabdi Express,true,,11:20,21:35,,,"sun,mon,tue,wed,thu,fri,sat"
DLI,TPU,train,585,238.6,12036,Purnagiri Jan Shatabdi Express,true,,06:25,16:10,,,"sun,mon,tue,wed,thu,fri,sat"
KTW,DLI,train,405,164.7,12037,Siddhabali Jan Shatabdi Express,true,,15:35,22:20,,,"sun,mon,tue,wed,thu,fri,sat"
DLI,KTW,train,410,164.7,12038,Siddhabali Jan Shatabdi Express,true,,07:00,13:50,,,"sun,mon,tue,wed,thu,fri,sat"
KGM,NDLS,train,340,185.4,12039,Kathgodam - New Delhi Shatabdi Express,true,,15:15,20:55,,,"sun,mon,tue,wed,thu,fri,sat"
NDLS,KGM,train,335,185.4,12040,New Delhi - Kathgodam Shatabdi Express,true,,06:20,11:55,,,"sun,mon,tue,wed,thu,fri,sat"
HWH,NJP,train,505,321.7,12041,Howrah - New Jalpaiguri Shatabdi Express,true,,14:25,22:50,,,"mon,tue,wed,thu,fri,sat"
NJP,HWH,train,495,321.7,12042,New Jalpaiguri - Howrah Shatabdi Express,true,,05:30,13:45,,,"mon,tue,wed,thu,fri,sat"
NDLS,CDG,train,200,167.1,12045,New Delhi - Chandigarh Shatabdi Express,true,,19:15,22:35,,,"sun,mon,tue,thu,fri,sat"
CDG,NDLS,train,195,167.1,12046,Chandigarh - New Delhi Shatabdi Express,true,,12:05,15:20,,,"sun,mon,tue,thu,fri,sat"
GHY,NLP,train,385,214.6,12047,Guwahati - North Lakhimpur Janshatabdi Express,true,,09:50,16:15,,,"tue,wed"
NLP,GHY,train,385,214.6,12048,North Lakhimpur - Guwahati Jan Shatabdi Express,true,,17:20,23:45,,,"tue,wed"
VGLJ,NZM,train,270,243.4,12049,Gatiman Express,true,,15:00,19:30,,,"sun,mon,tue,wed,thu,sat"
NZM,VGLJ,train,265,243.4,12050,Gatiman Express,true,,08:10,12:35,,,"sun,mon,tue,wed,thu,sat"
CSMT,MAO,train,690,328.9,12051,Mumbai CSMT - Madgaon Jan Shatabdi Express (PT),true,,05:10,16:40,,,"sun,mon,tue,wed,thu,fri,sat"
MAO,CSMT,train,730,328.9,12052,Madgaon - Mumbai CSMT Jan Shatabdi Express,true,,12:00,00:10,,,"sun,mon,tue,wed,thu,fri,sat"
HW,ASR,train,480,245.4,12053,Haridwar - Amritsar Jan Shatabdi Express,true,,14:45,22:45,,,"sun,mon,tue,wed,fri,sat"
ASR,HW,train,420,245.4,12054,Amritsar - Haridwar Jan Shatabdi Express,true,,06:50,13:50,,,"sun,mon,tue,wed,fri,sat"
NDLS,DDN,train,345,196.4,12055,New Delhi - Dehradun Jan Shatabdi Express,true,,15:20,21:05,,,"sun,mon,tue,wed,thu,fri,sat"
DDN,NDLS,train,365,196.4,12056,Dehradun - New Delhi Jan Shatabdi Express,true,,05:00,11:05,,,"sun,mon,tue,wed,thu,fri,sat"
NDLS,DLPC,train,460,255.4,12057,New Delhi - Daulatpur Chowk Jan Shatabdi Express,true,,14:35,22:15,,,"sun,mon,tue,wed,thu,fri,sat"
DLPC,NDLS,train,455,255.4,12058,Daulatpur Chowk - New Delhi Jan Shatabdi Express,true,,04:10,11:45,,,"sun,mon,tue,wed,thu,fri,sat"
KOTA,NZM,train,360,269.8,12059,Kota - Hazrat Nizamuddin Jan Shatabdi Express,true,,06:10,12:10,,,"sun,mon,tue,wed,thu,fri,sat"
NZM,KOTA,train,370,269.8,12060,Hazrat Nizamuddin - Kota Jan Shatabdi Express,true,,12:45,18:55,,,"sun,mon,tue,wed,thu,fri,sat"
RKMP,MML,train,305,207.0,12061,Rani Kamalapati - Madan Mahal Jan Shatabdi Express,true,,17:40,22:45,,,"sun,mon,tue,wed,thu,fri,sat"
MML,RKMP,train,335,207.0,12062,Madan Mahal - Rani Kamalapati Jan Shatabdi Express,true,,05:40,11:15,,,"sun,mon,tue,wed,thu,fri,sat"
AII,DEE,train,370,229.5,12065,Ajmer - Delhi Sarai Rohilla Jan Shatabdi Express,true,,05:35,11:45,,,"mon,tue,wed,fri,sat"
DEE,AII,train,365,229.5,12066,Delhi Sarai Rohilla - Ajmer Jan Shatabdi Express,true,,16:15,22:20,,,"mon,tue,wed,fri,sat"
GHY,JTTN,train,405,230.0,12067,Guwahati - Jorhat Town Jan Shatabdi Express (PT),true,,06:20,13:05,,,"mon,tue,wed,thu,fri,sat"
JTTN,GHY,train,405,230.0,12068,Jorhat Town - Guwahati Jan Shatabdi Express (PT),true,,14:35,21:20,,,"mon,tue,wed,thu,fri,sat"
RIG,G,train,450,249.2,12069,Raigarh - Gondia Jan Shatabdi Express,true,,06:10,13:40,,,"mon,tue,wed,thu,fri,sat"
G,RIG,train,450,249.2,12070,Gondia - Raigarh Jan Shatabdi Express,true,,14:30,22:00,,,"sun,mon,tue,wed,thu,fri"
CSMT,HNL,train,740,365.8,12071,Mumbai CSMT - Hingoli (Deccan) Jan Shatabdi Express,true,,12:10,00:30,,,"sun,mon,tue,wed,thu,fri,sat"
HNL,CSMT,train,755,365.8,12072,Hingoli (Deccan) - Mumbai CSMT Jan Shatabdi Express (PT),true,,04:15,16:50,,,"sun,mon,tue,wed,thu,fri,sat"
HWH,BBS,train,395,259.8,12073,Howrah - Bhubaneswar Jan Shatabdi Express,true,,13:25,20:00,,,"sun,mon,tue,wed,thu,fri,sat"
BBS,HWH,train,400,259.8,12074,Bhubaneswar - Howrah Jan Shatabdi Express,true,,06:00,12:40,,,"sun,mon,tue,wed,thu,fri,sat"
CLT,TVC,train,460,241.5,12075,Kozhikode - Thiruvananthapuram Central Jan Shatabdi Express (PT),true,,13:45,21:25,,,"sun,mon,tue,wed,thu,fri,sat"
TVC,CLT,train,425,241.5,12076,Thiruvananthapuram Central - Kozhikode Jan Shatabdi Express,true,,05:55,13:00,,,"sun,mon,tue,wed,thu,fri,sat"
MAS,BZA,train,455,268.4,12077,MGR Chennai Central - Vijayawada Jan Shatabdi Express,true,,07:25,15:00,,,"sun,mon,wed,thu,fri,sat"
BZA,MAS,train,450,268.4,12078,Vijayawada - MGR Chennai Central Jan Shatabdi Express,true,,15:30,23:00,,,"sun,mon,wed,thu,fri,sat"
SBC,UBL,train,410,275.6,12079,K.S.R Bengaluru - SSS Hubballi Jan Shatabdi Express,true,,06:00,12:50,,,"sun,mon,tue,wed,thu,fri,sat"
UBL,SBC,train,425,275.6,12080,SSS Hubballi - K.S.R. Bengaluru Jan Shatabdi Express,true,,14:10,21:15,,,"sun,mon,tue,wed,thu,fri,sat"
CAN,TVC,train,560,290.0,12081,Kannur - Thiruvananthapuram Central Jan Shatabdi Express (PT),true,,04:50,14:10,,,"mon,tue,thu,fri,sat"
TVC,CAN,train,600,290.0,12082,Thiruvananthapuram Central - Kannur Jan Shatabdi Express,true,,14:50,00:50,,,"sun,mon,wed,thu,fri"
MV,CBE,train,380,223.8,12083,Mayiladuturai - Coimbatore Jan Shatabdi Express,true,,15:05,21:25,,,"sun,mon,wed,thu,fri,sat"
CBE,MV,train,390,223.8,12084,Coimbatore - Mayiladuthurai Jan Shatabdi Express,true,,07:15,13:45,,,"sun,mon,wed,thu,fri,sat"
NHLN,GHY,train,365,209.4,12087,Naharlagun - Guwahati Shatabdi Express,true,,06:35,12:40,,,"mon,tue,fri"
GHY,NHLN,train,365,209.4,12088,Guwahati - Naharlagun Shatabdi Express,true,,13:45,19:50,,,"sun,mon,tue"
SBC,SMET,train,265,181.5,12089,KSR Bengaluru - Shivamogga Town Janshatabdi Express,true,,17:15,21:40,,,"sun,mon,tue,wed,thu,fri,sat"
SMET,SBC,train,275,181.5,12090,Shivamogga Town - KSR Bengaluru Janshatabdi Express,true,,05:15,09:50,,,"sun,mon,tue,wed,thu,fri,sat"
DDN,KGM,train,465,210.8,12091,Doon - Naini Jan Shatabdi Express,true,,15:55,23:40,,,"sun,mon,tue,thu,sat"
KGM,DDN,train,435,210.8,12092,Naini - Doon Jan Shatabdi Express,true,,05:25,12:40,,,"sun,mon,tue,thu,sat"
LTT,SHM,train,1920,1086.4,12101,Jnaneswari Express (PT),true,,20:35,04:35,,,"mon,tue,fri,sat"
SHM,LTT,train,1915,1086.4,12102,Jnaneswari Express (PT),true,,20:15,04:10,,,"sun,mon,wed,thu"
PUNE,LJN,train,1560,842.0,12103,Pune - Lucknow Jn. SF Express (PT),true,,11:20,13:20,,,tue
LJN,PUNE,train,1530,842.0,12104,Lucknow Jn. - Pune SF Express (PT),true,,16:20,17:50,,,wed
CSMT,G,train,970,576.8,12105,Vidarbha SF Express (PT),true,,19:05,11:15,,,"sun,mon,tue,wed,thu,fri,sat"
G,CSMT,train,980,576.8,12106,Vidarbha SF Express (PT),true,,14:30,06:50,,,"sun,mon,tue,wed,thu,fri,sat"
LTT,STP,train,1510,851.4,12107,Mumbai LTT - Sitapur Jn. SF Express (PT),true,,16:25,17:35,,,"mon,wed,sat"
STP,LTT,train,1505,851.4,12108,Sitapur Jn. - Mumbai LTT SF Express (PT),true,,20:45,21:50,,,"sun,tue,thu"
CSMT,MMR,train,275,208.6,12109,Panchavati Express,true,,18:15,22:50,,,"sun,mon,tue,wed,thu,fri,sat"
MMR,CSMT,train,283,209.7,12110,Panchavati Express,true,,06:02,10:45,,,"sun,mon,tue,wed,thu,fri,sat"
CSMT,AMI,train,705,423.9,12111,Mumbai CSMT - Amravati SF Express (PT),true,,20:50,08:35,,,"sun,mon,tue,wed,thu,fri,sat"
AMI,CSMT,train,665,423.9,12112,Amravati - Mumbai CSMT SF Express (PT),true,,19:10,06:15,,,"sun,mon,tue,wed,thu,fri,sat"
PUNE,NGP,train,935,474.8,12113,Pune - Nagpur Garib Rath Express (PT),true,,17:35,09:10,,,"mon,wed,sat"
NGP,PUNE,train,930,474.8,12114,Nagpur - Pune Garib Rath Express (PT),true,,18:00,09:30,,,"sun,tue,fri"
CSMT,SUR,train,485,311.1,12115,Siddheshwar SF Express (PT),true,,22:40,06:45,,,"sun,mon,tue,wed,thu,fri,sat"
SUR,CSMT,train,480,311.1,12116,Siddheshwar SF Express,true,,22:30,06:30,,,"sun,mon,tue,wed,thu,fri,sat"
AMI,AJNI,train,175,167.6,12119,Amravati - Ajni (Nagpur) Intercity SF Express (UnReserved),true,,05:30,08:25,,,"sun,mon,tue,wed,thu,fri,sat"
AJNI,AMI,train,195,167.6,12120,Ajni (Nagpur) - Amravati Intercity SF Express (UnReserved),true,,18:20,21:35,,,"sun,mon,tue,wed,thu,fri,sat"
JBP,NZM,train,750,483.9,12121,Madhya Pradesh Sampark Kranti Express (PT),true,,19:20,07:50,,,"sun,wed,fri"
NZM,JBP,train,830,483.9,12122,Madhya Pradesh Sampark Kranti Express,true,,17:55,07:45,,,"mon,tue,sat"
CSMT,PUNE,train,195,174.8,12123,Deccan Queen,true,,17:10,20:25,,,"sun,mon,tue,wed,thu,fri,sat"
PUNE,CSMT,train,190,174.8,12124,Deccan Queen,true,,07:15,10:25,,,"sun,mon,tue,wed,thu,fri,sat"
CSMT,PUNE,train,205,172.8,12125,Pragati Express,true,,16:25,19:50,,,"sun,mon,tue,wed,thu,fri,sat"
PUNE,CSMT,train,220,172.8,12126,Pragati Express,true,,07:45,11:25,,,"sun,mon,tue,wed,thu,fri,sat"
CSMT,PUNE,train,200,174.8,12127,Mumbai CSMT - Pune Intercity SF Express,true,,06:40,10:00,,,"sun,mon,tue,wed,thu,fri,sat"
PUNE,CSMT,train,195,174.8,12128,Pune - Mumbai CSMT Intercity SF Express,true,,17:50,21:05,,,"sun,mon,tue,wed,thu,fri,sat"
PUNE,HWH,train,2090,1121.8,12129,Azad Hind Express (PT),true,,18:35,05:25,,,"sun,mon,tue,wed,thu,fri,sat"
HWH,PUNE,train,2000,1121.8,12130,Azad Hind Express (PT),true,,21:40,07:00,,,"sun,mon,tue,wed,thu,fri,sat"
DR,SNSI,train,360,248.7,12131,Dadar - Sainagar Shirdi SF Express (via Manmad),true,,21:45,03:45,,,"mon,wed,sat"
SNSI,DR,train,370,248.7,12132,Sainagar Shirdi - Dadar SF Express (via Manmad),true,,22:20,04:30,,,"sun,tue,thu"
CSMT,MAJN,train,1066,539.4,12133,Mumbai CSMT - Mangaluru Jn. SF Express (PT),true,,21:54,15:40,,,"sun,mon,tue,wed,thu,fri,sat"
MAJN,CSMT,train,1077,539.4,12134,Mangaluru Junction - Mumbai CSMT SF Express (PT),true,,16:35,10:32,,,"sun,mon,tue,wed,thu,fri,sat"
PUNE,NGP,train,935,535.2,12135,Pune - Nagpur SF Express (PT),true,,17:35,09:10,,,"sun,tue,thu"
NGP,PUNE,train,930,535.2,12136,Nagpur - Pune SF Express (PT),true,,18:00,09:30,,,"mon,wed,sat"
CSMT,FZR,train,2020,1078.6,12137,Punjab Mail (PT),true,,19:35,05:15,,,"sun,mon,tue,wed,thu,fri,sat"
FZR,CSMT,train,2025,1077.6,12138,Punjab Mail,true,,21:50,07:35,,,"sun,mon,tue,wed,thu,fri,sat"
CSMT,NGP,train,890,509.2,12139,Sewagram SF Express (PT),true,,14:55,05:45,,,"sun,mon,tue,wed,thu,fri,sat"
NGP,CSMT,train,890,509.2,12140,Sewagram SF Express (PT),true,,21:15,12:05,,,"sun,mon,tue,wed,thu,fri,sat"
LTT,PPTA,train,1695,951.7,12141,Mumbai LTT - Patliputra SF Express (PT),true,,23:35,03:50,,,"sun,mon,tue,wed,thu,fri,sat"
PPTA,LTT,train,1645,951.7,12142,Patliputra - Mumbai LTT SF Express (PT),true,,10:45,14:10,,,"sun,mon,tue,wed,thu,fri,sat"
LTT,SLN,train,1545,878.9,12143,Mumbai LTT - Sultanpur SF Express (PT),true,,15:45,17:30,,,sun
SLN,LTT,train,1640,878.9,12144,Sultanpur - Mumbai LTT SF Express,true,,04:05,07:25,,,tue
LTT,PURI,train,2040,1051.6,12145,Mumbai LTT - Puri SF Express (via Titlagarh) (PT),true,,20:35,06:35,,,sun
PURI,LTT,train,2025,1051.6,12146,Puri - Mumbai LTT SF Express (via Titlagarh) (PT),true,,21:40,07:25,,,tue
KOP,NZM,train,1990,1069.8,12147,SCSMT Kolhapur - Hazrat Nizamuddin SF Express (PT),true,,09:35,18:45,,,tue
NZM,KOP,train,1940,1069.8,12148,Hazrat Nizamuddin - SCSMT Kolhapur SF Express,true,,05:10,13:30,,,tue
LTT,SHM,train,2110,1151.4,12151,Samarsata SF Express (PT),true,,20:35,07:45,,,"wed,thu"
SHM,LTT,train,2045,1151.4,12152,Samarsata SF Express (PT),true,,19:25,05:30,,,"fri,sat"
LTT,RKMP,train,805,499.3,12153,Mumbai LTT - Rani Kamalapati Weekly SF Express (PT),true,,16:25,05:50,,,tue
RKMP,LTT,train,805,499.3,12154,Rani Kamalapati - Mumbai LTT Weekly SF Express (PT),true,,18:00,07:25,,,fri
RKMP,NZM,train,560,440.0,12155,Shaan-E-Bhopal SF Express (PT),true,,22:40,08:00,,,"sun,mon,tue,wed,thu,fri,sat"
NZM,RKMP,train,580,440.0,12156,Shaan-E-Bhopal SF Express,true,,20:40,06:20,,,"sun,mon,tue,wed,thu,fri,sat"
PUNE,SUR,train,220,211.2,12157,Hutatma Superfast Express,true,,17:50,21:30,,,"sun,mon,tue,wed,thu,fri,sat"
SUR,PUNE,train,240,211.2,12158,Hutatma Superfast Express,true,,06:30,10:30,,,"sun,mon,tue,wed,thu,fri,sat"
AMI,JBP,train,785,451.5,12159,Amravati - Jabalpur SF Express,true,,16:45,05:50,,,"sun,mon,tue,wed,thu,fri,sat"
JBP,AMI,train,750,451.5,12160,Jabalpur - Amravati SF Express,true,,21:20,09:50,,,"sun,mon,tue,wed,thu,fri,sat"
LTT,AGC,train,1375,766.6,12161,Lashkar SF Express (PT),true,,16:25,15:20,,,fri
AGC,LTT,train,1220,766.6,12162,Lashkar SF Express (PT),true,,19:45,16:05,,,sun
LTT,MAS,train,1300,731.8,12163,Mumbai LTT - MGR Chennai Central SF Express (PT),true,,18:30,16:10,,,"sun,mon,tue,wed,thu,fri,sat"
MAS,LTT,train,1290,731.8,12164,MGR Chennai Central - Mumbai LTT SF Express (PT),true,,18:25,15:55,,,"sun,mon,tue,wed,thu,fri,sat"
LTT,GKP,train,1800,962.6,12165,Mumbai LTT - Gorakhpur SF Express (Via Prayagraj) (PT),true,,06:00,12:00,,,"mon,tue,fri"
GKP,LTT,train,1765,962.6,12166,Gorakhpur - Mumbai LTT SF Express (Via Prayagraj) (PT),true,,15:25,20:50,,,"tue,fri,sat"
LTT,BNRS,train,1630,851.9,12167,Mumbai LTT - Banaras SF Express (PT),true,,22:45,01:55,,,"sun,mon,tue,wed,thu,fri,sat"
BNRS,LTT,train,1595,851.9,12168,Banaras - Mumbai LTT SF Express (PT),true,,10:10,12:45,,,"sun,mon,tue,wed,thu,fri,sat"
PUNE,SUR,train,230,211.2,12169,Pune - Solapur Intercity SF Express,true,,09:25,13:15,,,"sun,mon,tue,wed,thu,fri,sat"
SUR,PUNE,train,245,211.2,12170,Solapur - Pune Intercity SF Express,true,,14:00,18:05,,,"sun,mon,tue,wed,thu,fri,sat"
LTT,HW,train,1720,994.9,12171,Mumbai LTT - Haridwar AC SF Express (PT),true,,07:55,12:35,,,"mon,tue"
HW,LTT,train,1690,994.9,12172,Haridwar - Mumbai LTT AC SF Express,true,,17:20,21:30,,,"tue,fri"
LTT,MBDP,train,1605,896.6,12173,Udyog Nagri Express (PT),true,,16:25,19:10,,,"sun,tue"
MBDP,LTT,train,1650,896.6,12174,Udyog Nagri Express,true,,02:00,05:30,,,"tue,thu"
HWH,GWL,train,1400,744.8,12175,Howrah - Gwalior Chambal Express (PT),true,,17:45,17:05,,,"sun,wed"
GWL,HWH,train,1395,744.8,12176,Gwalior - Howrah Chambal Express,true,,07:40,06:55,,,"tue,sat"
HWH,MTJ,train,1560,833.7,12177,Howrah - Mathura Chambal Express (PT),true,,17:45,19:45,,,fri
MTJ,HWH,train,1555,833.7,12178,Mathura - Howrah Chambal Express (PT),true,,05:00,06:55,,,mon
LJN,AF,train,354,244.5,12179,Lucknow Jn. - Agra Fort InterCity SF Express,true,,15:55,21:49,,,"sun,mon,tue,wed,thu,fri,sat"
AF,LJN,train,354,244.5,12180,Agra Fort - Lucknow Jn. InterCity SF Express,true,,06:31,12:25,,,"sun,mon,tue,wed,thu,fri,sat"
JBP,AII,train,1045,608.5,12181,Dayodaya SF Express,true,,20:35,14:00,,,"sun,mon,tue,wed,thu,fri,sat"
AII,JBP,train,1045,608.5,12182,Dayodaya SF Express,true,,15:20,08:45,,,"sun,mon,tue,wed,thu,fri,sat"
BPL,MBDP,train,820,468.6,12183,Bhopal - MBDD Pratapgarh SF Express (PT),true,,19:15,08:55,,,"sun,tue,fri"
MBDP,BPL,train,800,468.6,12184,MBDD Pratapgarh - Bhopal SF Express,true,,19:10,08:30,,,"mon,wed,sat"
RKMP,REWA,train,600,363.6,12185,Rewanchal Express (PT),true,,21:55,07:55,,,"sun,mon,tue,wed,thu,fri,sat"
REWA,RKMP,train,585,363.6,12186,Rewanchal Express (PT),true,,19:50,05:35,,,"sun,mon,tue,wed,thu,fri,sat"
JBP,CSMT,train,990,526.2,12187,Jabalpur - Mumbai CSMT Garib Rath Express,true,,19:50,12:20,,,"mon,wed,sat"
CSMT,JBP,train,935,526.2,12188,Mumbai CSMT - Jabalpur Garib Rath Express,true,,13:30,05:05,,,"sun,tue,thu"
JBP,NZM,train,1010,572.6,12189,Mahakoshal Express (PT),true,,18:10,11:00,,,"sun,mon,tue,wed,thu,fri,sat"
NZM,JBP,train,1022,572.6,12190,Mahakoshal Express,true,,12:53,05:55,,,"sun,mon,tue,wed,thu,fri,sat"
NZM,JBP,train,1095,611.6,12191,Shridham SF Express,true,,14:05,08:20,,,"sun,mon,tue,wed,thu,fri,sat"
JBP,NZM,train,1110,611.6,12192,Shridham SF Express (PT),true,,17:30,12:00,,,"sun,mon,tue,wed,thu,fri,sat"
YPR,JBP,train,1885,977.7,12193,Yesvantpur - Jabalpur SF Express,true,,15:45,23:10,,,sun
JBP,YPR,train,1825,977.2,12194,Jabalpur - Yesvantpur SF Express,true,,06:50,13:15,,,sun
AF,AII,train,405,270.0,12195,Agra Fort - Ajmer Intercity SF Express,true,,06:00,12:45,,,"sun,mon,tue,wed,thu,fri,sat"
AII,AF,train,405,270.0,12196,Ajmer - Agra Fort Intercity SF Express,true,,14:55,21:40,,,"sun,mon,tue,wed,thu,fri,sat"
BPL,GWL,train,525,326.7,12197,Bhopal - Gwalior Intercity Express,true,,15:10,23:55,,,"sun,mon,tue,wed,thu,fri,sat"
GWL,BPL,train,495,326.7,12198,Gwalior - Bhopal InterCity Express,true,,06:20,14:35,,,"sun,mon,tue,wed,thu,fri,sat"
LTT,TVCN,train,1800,771.4,12201,Mumbai LTT - Thiruvananthapuram North (Kochuveli) Garib Rath Express (PT),true,,16:45,22:45,,,"mon,fri"
TVCN,LTT,train,1855,771.4,12202,Thiruvananthapuram North (Kochuveli) - Mumbai LTT Garib Rath Express (PT),true,,07:45,14:40,,,"sun,tue"
SHC,ASR,train,1895,868.4,12203,Saharsa - Amritsar Garib Rath Express,true,,14:30,22:05,,,"sun,mon,tue"
ASR,SHC,train,1880,868.4,12204,Amritsar - Saharsa Garib Rath Express (PT),true,,04:00,11:20,,,"sun,wed,sat"
KGM,JAT,train,900,418.6,12207,Kathgodam - Jammu Tawi Garib Rath Express,true,,18:15,09:15,,,tue
JAT,KGM,train,860,418.6,12208,Jammu Tawi - Kathgodam Garib Rath Express,true,,23:20,13:40,,,sun
CNB,KGM,train,585,270.3,12209,Kanpur Central - Kathgodam Garib Rath Express,true,,06:05,15:50,,,tue
KGM,CNB,train,620,270.3,12210,Kathgodam - Kanpur Central Garib Rath Express,true,,18:15,04:35,,,mon
MFP,ANVT,train,1270,557.8,12211,Muzaffarpur - Anand Vihar Terminal Garib Rath Express,true,,15:15,12:25,,,fri
ANVT,MFP,train,1280,557.8,12212,Anand Vihar Terminal - Muzaffarpur Garib Rath Express,true,,20:55,18:15,,,wed
YPR,DEE,train,1930,2974.4,12213,Yesvantpur - Delhi Sarai Rohilla AC Duronto Express,true,,23:40,07:50,,,sun
DEE,YPR,train,2050,2974.4,12214,Delhi Sarai Rohilla - Yesvantpur AC Duronto Express,true,,22:10,08:20,,,mon
DEE,BDTS,train,1360,739.3,12215,Delhi Sarai Rohilla - Bandra Terminus Garib Rath Express (PT),true,,08:55,07:35,,,"mon,tue,thu,sat"
BDTS,DEE,train,1380,739.3,12216,Bandra Terminus - Delhi Sarai Rohilla Garib Rath Express (PT),true,,12:00,11:00,,,"sun,tue,wed,fri"
TVCN,CDG,train,3180,1533.2,12217,Kerala Sampark Kranti Express (PT),true,,04:50,09:50,,,"mon,sat"
CDG,TVCN,train,3180,1533.2,12218,Kerala Sampark Kranti Express,true,,09:30,14:30,,,"wed,fri"
LTT,SC,train,745,1064.0,12219,Mumbai LTT - Secunderabad AC Duronto Express,true,,23:05,11:30,,,"wed,sat"
SC,LTT,train,730,1064.0,12220,Secunderabad - Mumbai LTT AC Duronto Express,true,,23:05,11:15,,,"tue,fri"
PUNE,HWH,train,1765,2555.6,12221,Pune - Howrah AC Duronto Express,true,,15:15,20:40,,,"mon,sat"
HWH,PUNE,train,1690,2556.8,12222,Howrah - Pune AC Duronto Express,true,,05:35,09:45,,,"tue,sat"
LTT,ERS,train,1370,1690.4,12223,Mumbai LTT - Ernakulam Jn. Duronto Express,true,,20:50,19:40,,,"tue,sat"
ERS,LTT,train,1465,1690.4,12224,Ernakulam Jn. - Mumbai LTT Duronto Express,true,,21:30,21:55,,,"sun,wed"
AMH,DLI,train,875,491.0,12225,Kaifiyaat SF Express (PT),true,,16:30,07:05,,,"sun,mon,tue,wed,thu,fri,sat"
DLI,AMH,train,870,491.0,12226,Kaifiyaat SF Express (PT),true,,20:25,10:55,,,"sun,mon,tue,wed,thu,fri,sat"
MMCT,INDB,train,670,1136.0,12227,Mumbai Central - Indore Duronto Express,true,,23:10,10:20,,,"tue,sat"
INDB,MMCT,train,680,1136.0,12228,Indore - Mumbai Central Duronto Express,true,,21:00,08:20,,,"sun,fri"
LKO,NDLS,train,535,330.3,12229,Lucknow Mail (PT),true,,22:00,06:55,,,"sun,mon,tue,wed,thu,fri,sat"
NDLS,LKO,train,520,330.3,12230,Lucknow Mail (PT),true,,22:00,06:40,,,"sun,mon,tue,wed,thu,fri,sat"
LKO,CDG,train,700,409.9,12231,Lucknow - Chandigarh SF Express,true,,22:25,10:05,,,"sun,mon,tue,wed,thu,fri,sat"
CDG,LKO,train,685,409.9,12232,Chandigarh - Lucknow SF Express,true,,21:05,08:30,,,"sun,mon,tue,wed,thu,fri,sat"
MDP,ANVT,train,1065,643.3,12235,Madhupur - Anand Vihar Terminal Humsafar Express,true,,17:05,10:50,,,fri
ANVT,MDP,train,1020,643.3,12236,Anand Vihar Terminal - Madhupur Humsafar Express,true,,17:20,10:20,,,tue
BSB,JAT,train,1330,730.2,12237,Begampura Express,true,,12:40,10:50,,,"sun,mon,tue,wed,thu,fri,sat"
JAT,BSB,train,1365,730.2,12238,Begampura Express,true,,13:45,12:30,,,"sun,mon,tue,wed,thu,fri,sat"
MMCT,HSR,train,1270,1954.4,12239,Mumbai Central - Hisar Duronto Express,true,,23:10,20:20,,,"sun,tue"
HSR,MMCT,train,1330,1954.4,12240,Hisar - Mumbai Central Duronto Express,true,,10:10,08:20,,,"tue,thu"
MAS,CBE,train,420,287.6,12243,MGR Chennai Central - Coimbatore Shatabdi Express,true,,07:15,14:15,,,"sun,mon,wed,thu,fri,sat"
CBE,MAS,train,405,287.6,12244,Coimbatore - MGR Chennai Central Shatabdi Express,true,,15:05,21:50,,,"sun,mon,wed,thu,fri,sat"
HWH,SMVB,train,1745,2464.4,12245,Howrah - SMVT Bengaluru Duronto Express,true,,10:40,15:45,,,"sun,tue,wed,fri,sat"
SMVB,HWH,train,1790,2464.4,12246,SMVT Bengaluru - Howrah Duronto Express,true,,11:15,17:05,,,"sun,mon,tue,thu,fri"
BDTS,NZM,train,1005,785.8,12247,Bandra Terminus - Hazrat Nizamuddin Yuva Express (PT),true,,17:30,10:15,,,fri
NZM,BDTS,train,1005,785.8,12248,Hazrat Nizamuddin - Bandra Terminus Yuva Express (PT),true,,16:30,09:15,,,sun
SSB,JSM,train,950,547.7,12249,Swarn Nagari Express,true,,17:10,09:00,,,"sun,mon,tue,wed,thu,fri,sat"
JSM,SSB,train,990,547.7,12250,Swarn Nagari Express,true,,17:00,09:30,,,"sun,mon,tue,wed,thu,fri,sat"
YPR,KRBA,train,1730,910.1,12251,Wainganga SF Express,true,,23:40,04:30,,,"tue,fri"
KRBA,YPR,train,1750,909.6,12252,Wainganga SF Express (PT),true,,08:05,13:15,,,"sun,tue"
SMVB,BGP,train,2610,1348.0,12253,Anga Express (PT),true,,13:50,09:20,,,sun
BGP,SMVB,train,2495,1348.5,12254,Anga Express (PT),true,,13:55,07:30,,,wed
YPR,TVCN,train,995,434.5,12257,Yesvantpur - Thiruvananthapuram North (Kochuveli) Garib Rath Express,true,,20:45,13:20,,,"sun,tue,thu"
TVCN,YPR,train,1005,434.5,12258,Thiruvananthapuram North (Kochuveli) - Yesvantpur Garib Rath Express (PT),true,,17:00,09:45,,,"mon,wed,fri"
SDAH,BKN,train,1535,2444.0,12259,Sealdah - Bikaner AC Duronto Express,true,,17:00,18:35,,,"sun,mon,wed,thu"
BKN,SDAH,train,1520,2444.0,12260,Bikaner - Sealdah AC Duronto Express,true,,12:10,13:30,,,"mon,tue,thu,fri"
CSMT,HWH,train,1645,2496.8,12261,Mumbai CSMT - Howrah AC Duronto Express,true,,17:15,20:40,,,"sun,tue,wed,thu"
HWH,CSMT,train,1600,2496.8,12262,Howrah - Mumbai CSMT AC Duronto Express,true,,05:35,08:15,,,"mon,tue,wed,fri"
PUNE,NZM,train,1190,1958.0,12263,Pune - Hazrat Nizamuddin AC Duronto Express,true,,11:10,07:00,,,"tue,fri"
NZM,PUNE,train,1194,1958.0,12264,Hazrat Nizamuddin - Pune AC Duronto Express,true,,06:16,02:10,,,"mon,tue"
DEE,JAT,train,520,831.2,12265,Delhi Sarai Rohilla - Jammu Tawi Duronto Express,true,,22:30,07:10,,,"sun,tue,fri"
JAT,DEE,train,520,831.2,12266,Jammu Tawi - Delhi Sarai Rohilla Duronto Express,true,,19:15,03:55,,,"mon,wed,sat"
MMCT,HAPA,train,680,1118.0,12267,Mumbai Central - Hapa Duronto Express,true,,22:50,10:10,,,"sun,mon,tue,wed,thu,fri,sat"
HAPA,MMCT,train,720,1118.0,12268,Hapa - Mumbai Central Duronto Express,true,,20:05,08:05,,,"sun,mon,tue,wed,thu,fri,sat"
MAS,NZM,train,1685,2750.0,12269,M.G.R Chennai Central - Hazrat Nizamuddin Duronto Express,true,,06:35,10:40,,,"mon,fri"
NZM,MAS,train,1735,2750.0,12270,Hazrat Nizamuddin - MGR Chennai Central Duronto Express,true,,15:55,20:50,,,"tue,sat"
HWH,NDLS,train,1315,1977.2,12273,Howrah - New Delhi Duronto Express,true,,08:45,06:40,,,"mon,fri"
NDLS,HWH,train,1320,1977.2,12274,New Delhi - Howrah Duronto Express,true,,12:35,10:35,,,"tue,sat"
PRYJ,NDLS,train,465,353.4,12275,Prayagraj - New Delhi Humsafar Express,true,,22:30,06:15,,,"sun,tue,thu,fri"
NDLS,PRYJ,train,470,353.4,12276,New Delhi - Prayagraj Humsafar Express,true,,22:30,06:20,,,"mon,wed,fri,sat"
HWH,PURI,train,475,290.0,12277,Howrah - Puri Shatabdi Express,true,,14:15,22:10,,,"sun,mon,tue,wed,thu,fri,sat"
PURI,HWH,train,475,290.0,12278,Puri - Howrah Shatabdi Express,true,,05:45,13:40,,,"sun,mon,tue,wed,thu,fri,sat"
VGLJ,NDLS,train,385,288.7,12279,Taj Express,true,,15:10,21:35,,,"sun,mon,tue,wed,thu,fri,sat"
NDLS,VGLJ,train,420,288.7,12280,Taj Express,true,,06:55,13:55,,,"sun,mon,tue,wed,thu,fri,sat"
BBS,NDLS,train,1385,2216.0,12281,Bhubaneswar - New Delhi Duronto Express,true,,07:35,06:40,,,wed
NDLS,BBS,train,1385,2216.0,12282,New Delhi - Bhubaneswar Duronto Express,true,,12:35,11:40,,,tue
ERS,NZM,train,2515,3306.8,12283,Ernakulam Junction. - Hazrat Nizamuddin Duronto Express,true,,23:25,17:20,,,tue
NZM,ERS,train,2675,3306.8,12284,Hazrat Nizamuddin - Ernakulam Jn. Duronto Express,true,,21:40,18:15,,,sun
SC,NZM,train,1310,2132.0,12285,Secunderabad - Hazrat Nizamuddin Duronto Express,true,,12:50,10:40,,,"sun,tue"
NZM,SC,train,1360,2132.0,12286,Hazrat Nizamuddin - Secunderabad Duronto Express,true,,15:55,14:35,,,"mon,fri"
CSMT,NGP,train,710,1142.0,12289,Mumbai CSMT - Nagpur Duronto Express,true,,20:35,08:25,,,"sun,mon,tue,wed,thu,fri,sat"
NGP,CSMT,train,720,1142.0,12290,Nagpur - Mumbai CSMT Duronto Express,true,,19:50,07:50,,,"sun,mon,tue,wed,thu,fri,sat"
YPR,MAS,train,370,265.3,12291,Yesvantpur - MGR Chennai Central Weekly SF Express (PT),true,,22:45,04:55,,,fri
MAS,YPR,train,390,265.3,12292,MGR Chennai Central - Yesvantpur Weekly SF Express (PT),true,,23:30,06:00,,,sun
LTT,PRYJ,train,1160,1750.4,12293,Mumbai LTT - Prayagraj AC Duronto Express,true,,17:20,12:40,,,"mon,fri"
PRYJ,LTT,train,1245,1750.4,12294,Prayagraj - Mumbai LTT AC Duronto Express,true,,18:10,14:55,,,"tue,sat"
SMVB,DNR,train,2785,1469.1,12295,Sanghamitra SF Express (PT),true,,09:15,07:40,,,"sun,mon,tue,wed,thu,fri,sat"
DNR,SMVB,train,2635,1469.1,12296,Sanghamitra SF Express (PT),true,,20:15,16:10,,,"sun,mon,tue,wed,thu,fri,sat"
ADI,PUNE,train,550,894.8,12297,Ahmedabad - Pune Duronto Express,true,,22:30,07:40,,,"sun,tue,fri"
PUNE,ADI,train,580,894.8,12298,Pune - Ahmedabad Duronto Express,true,,21:00,06:40,,,"mon,tue,sat"
HWH,NDLS,train,1035,1881.2,12301,Howrah - New Delhi Rajdhani Express (Via Gaya),true,,16:50,10:05,,,"mon,tue,wed,thu,fri,sat"
NDLS,HWH,train,1025,1881.2,12302,New Delhi - Howrah Rajdhani Express (Via Gaya),true,,16:50,09:55,,,"sun,mon,tue,wed,thu,sat"
HWH,NDLS,train,1325,871.1,12303,Poorva Express (via Patna) (PT),true,,08:00,06:05,,,"mon,tue,fri,sat"
NDLS,HWH,train,1400,871.1,12304,Poorva Express (Via Patna) (PT),true,,17:40,17:00,,,"sun,wed,thu,sat"
HWH,NDLS,train,1200,1977.2,12305,Howrah - New Delhi Rajdhani Express (Via Patna),true,,14:05,10:05,,,sun
NDLS,HWH,train,1165,1977.2,12306,New Delhi - Howrah Rajdhani Express (Via Patna),true,,16:50,12:15,,,fri
HWH,JU,train,1785,1018.3,12307,Howrah - Jodhpur Superfast Express (PT),true,,23:30,05:15,,,"sun,tue,wed,sat"
JU,HWH,train,1740,1018.8,12308,Jodhpur - Howrah Superfast Express (PT),true,,23:55,04:55,,,"mon,tue,thu,fri"
RJPB,NDLS,train,750,1341.2,12309,Rajendra Nagar Terminal - New Delhi Tejas Rajdhani Express,true,,19:10,07:40,,,"sun,mon,tue,wed,thu,fri,sat"
NDLS,RJPB,train,725,1341.2,12310,New Delhi - Rajendra Nagar Terminal Tejas Rajdhani Express,true,,17:10,05:15,,,"sun,mon,tue,wed,thu,fri,sat"
SDAH,NDLS,train,1080,1889.6,12313,Sealdah - New Delhi Rajdhani Express,true,,16:50,10:50,,,"sun,mon,tue,wed,thu,fri,sat"
NDLS,SDAH,train,1060,1889.6,12314,New Delhi - Sealdah Rajdhani Express,true,,16:30,10:10,,,"sun,mon,tue,wed,thu,fri,sat"
KOAA,UDZ,train,2138,1183.6,12315,Ananya Express (PT),true,,13:10,00:48,,,tue
UDZ,KOAA,train,2280,1183.6,12316,Ananya Express,true,,00:50,14:50,,,mon
KOAA,ASR,train,2020,1061.4,12317,Akal Takht Express (PT),true,,07:40,17:20,,,"sun,wed"
ASR,KOAA,train,1975,1061.4,12318,Akal Takht Express,true,,05:55,14:50,,,"tue,fri"
KOAA,GWL,train,1440,875.3,12319,Kolkata - Gwalior SF Express (PT),true,,13:10,13:10,,,wed
GWL,KOAA,train,1525,875.3,12320,Gwalior - Kolkata SF Express,true,,15:15,16:40,,,tue
HWH,CSMT,train,2255,1198.2,12321,Howrah - Mumbai CSMT Mail (Via Gaya) (PT),true,,23:40,13:15,,,"sun,mon,tue,wed,thu,fri,sat"
CSMT,HWH,train,2215,1198.2,12322,Mumbai CSMT - Howrah Mail (Via Gaya) (PT),true,,22:15,11:10,,,"sun,mon,tue,wed,thu,fri,sat"
HWH,BME,train,2140,1260.1,12323,Howrah - Barmer SF Express (PT),true,,18:50,06:30,,,"tue,fri"
BME,HWH,train,2205,1260.1,12324,Barmer - Howrah SF Express (PT),true,,17:00,05:45,,,"wed,sat"
KOAA,AADR,train,2010,1036.0,12325,Gurumukhi SF Express (PT),true,,07:40,17:10,,,tue
AADR,KOAA,train,1960,1036.0,12326,Gurumukhi SF Express,true,,06:10,14:50,,,sun
SDAH,ANVT,train,1180,742.6,12329,West Bengal Sampark Kranti Express (PT),true,,13:10,08:50,,,tue
ANVT,SDAH,train,1215,742.6,12330,West Bengal Sampark Kranti Express,true,,20:20,16:35,,,wed
BGP,LTT,train,1975,1068.7,12335,Bhagalpur - Mumbai LTT SF Express (PT),true,,08:55,17:50,,,"tue,fri"
LTT,BGP,train,2030,1068.7,12336,Mumbai LTT - Bhagalpur SF Express (PT),true,,08:05,17:55,,,"sun,tue"
HWH,BHP,train,135,150.9,12337,Shantiniketan Express,true,,10:00,12:15,,,"sun,mon,tue,wed,thu,fri,sat"
BHP,HWH,train,165,150.9,12338,Shantiniketan Express,true,,13:15,16:00,,,"sun,mon,tue,wed,thu,fri,sat"
HWH,DHN,train,275,209.7,12339,Coalfield Express,true,,17:20,21:55,,,"sun,mon,tue,wed,thu,fri,sat"
DHN,HWH,train,275,209.7,12340,Coalfield Express,true,,05:50,10:25,,,"sun,mon,tue,wed,thu,fri,sat"
HWH,ASN,train,190,179.0,12341,Agnibina Express,true,,18:20,21:30,,,"sun,mon,tue,wed,thu,fri,sat"
ASN,HWH,train,210,179.0,12342,Agnibina Express,true,,05:30,09:00,,,"sun,mon,tue,wed,thu,fri,sat"
SDAH,HDB,train,685,402.6,12343,Darjeeling Mail (PT),true,,22:15,09:40,,,"sun,mon,tue,wed,thu,fri,sat"
HDB,SDAH,train,680,402.6,12344,Darjeeling Mail (PT),true,,18:15,05:35,,,"sun,mon,tue,wed,thu,fri,sat"
HWH,GHY,train,1055,594.5,12345,Saraighat Express (PT),true,,16:05,09:40,,,"sun,mon,tue,wed,thu,fri,sat"
GHY,HWH,train,1000,594.5,12346,Saraighat Express (PT),true,,12:40,05:20,,,"sun,mon,tue,wed,thu,fri,sat"
HWH,RPH,train,215,182.6,12347,Sahid Express,true,,12:15,15:50,,,"sun,mon,tue,wed,thu,fri,sat"
RPH,HWH,train,215,182.6,12348,Sahid Express,true,,16:40,20:15,,,"sun,mon,tue,wed,thu,fri,sat"
GODA,NDLS,train,1365,686.5,12349,Godda - New Delhi Weekly Humsafar Express,true,,14:05,12:50,,,mon
NDLS,GODA,train,1390,686.5,12350,New Delhi - Godda Weekly Humsafar Express,true,,23:45,22:55,,,tue
HWH,RJPB,train,575,350.1,12351,Howrah - Rajendra Nagar Terminal SF Express (PT),true,,20:35,06:10,,,"sun,mon,tue,wed,thu,fri,sat"
RJPB,HWH,train,555,350.1,12352,Rajendra Nagar Terminal - Howrah SF Express (PT),true,,21:25,06:40,,,"sun,mon,tue,wed,thu,fri,sat"
HWH,LKU,train,1360,751.5,12353,Howrah - Lal Kuan Weekly SF Express (PT),true,,08:15,06:55,,,fri
LKU,HWH,train,1415,751.0,12354,Lal Kuan - Howrah Weekly SF Express (PT),true,,18:50,18:25,,,sun
PNBE,JAT,train,1620,859.2,12355,Archana Express (PT),true,,07:20,10:20,,,"tue,sat"
JAT,PNBE,train,1640,859.2,12356,Archana Express,true,,17:35,20:55,,,"sun,wed"
KOAA,ASR,train,1750,1029.2,12357,Durgiana Express (PT),true,,12:10,17:20,,,"tue,sat"
ASR,KOAA,train,1780,1028.7,12358,Durgiana Express,true,,05:55,11:35,,,"mon,tue"
ASN,CSMT,train,2065,1135.8,12361,Asansol - Mumbai CSMT SF Express (PT),true,,19:35,06:00,,,sun
CSMT,ASN,train,2020,1135.8,12362,Mumbai CSMT - Asansol SF Express (PT),true,,11:05,20:45,,,wed
KOAA,HDB,train,680,401.0,12363,Kolkata - Haldibari Intercity Express (PT),true,,09:05,20:25,,,"tue,thu,sat"
HDB,KOAA,train,675,401.0,12364,Haldibari - Kolkata Intercity Express (PT),true,,08:25,19:40,,,"sun,wed,fri"
PNBE,RNC,train,465,246.8,12365,Patna - Ranchi Jan Shatabdi Express,true,,06:10,13:55,,,"sun,mon,tue,wed,thu,fri,sat"
RNC,PNBE,train,485,245.4,12366,Ranchi - Patna Jan Shatabdi Express,true,,14:25,22:30,,,"sun,mon,tue,wed,thu,fri,sat"
BGP,ANVT,train,1165,703.2,12367,Vikramshila Express (PT),true,,11:55,07:20,,,"sun,mon,tue,wed,thu,fri,sat"
ANVT,BGP,train,1140,703.2,12368,Vikramshila Express (PT),true,,13:15,08:15,,,"sun,mon,tue,wed,thu,fri,sat"
HWH,BKN,train,2015,1078.6,12371,Howrah - Bikaner Weekly SF Express (Via Lucknow) (PT),true,,08:15,17:50,,,mon
BKN,HWH,train,2070,1078.6,12372,Bikaner - Howrah Weekly SF Express (Via Lucknow),true,,06:20,16:50,,,tue
TBM,JSME,train,2020,1048.4,12375,Tambaram - Jasidih Weekly SF Express (PT),true,,13:00,22:40,,,sun
JSME,TBM,train,1995,1048.4,12376,Jasidih - Tambaram Weekly SF Express (PT),true,,13:10,22:25,,,wed
SDAH,NOQ,train,785,448.9,12377,Padatik Express (PT),true,,23:20,12:25,,,"sun,mon,tue,wed,thu,fri,sat"
NOQ,SDAH,train,785,448.9,12378,Padatik Express (PT),true,,17:40,06:45,,,"sun,mon,tue,wed,thu,fri,sat"
SDAH,ASR,train,1600,1062.0,12379,Sealdah - Amritsar Jallianwala Bagh Express (PT),true,,13:10,15:50,,,fri
ASR,SDAH,train,1630,1062.0,12380,Amritsar - Sealdah Jallianwala Bagh Express,true,,13:25,16:35,,,sun
HWH,NDLS,train,1310,829.5,12381,Poorva Express (Via Gaya) (PT),true,,08:15,06:05,,,"sun,wed,thu"
NDLS,HWH,train,1400,829.5,12382,Poorva Express (Via Gaya) (PT),true,,17:40,17:00,,,"mon,tue,fri"
SDAH,ASN,train,243,189.4,12383,Sealdah - Asansol SF InterCity Express,true,,17:07,21:10,,,"mon,tue,wed,thu,fri,sat"
ASN,SDAH,train,245,189.4,12384,Asansol - Sealdah SF InterCity Express,true,,06:40,10:45,,,"mon,tue,wed,thu,fri,sat"
GAYA,MAS,train,2090,1154.0,12389,Gaya - MGR Chennai Central Weekly SF Express (PT),true,,05:30,16:20,,,sun
MAS,GAYA,train,2255,1154.0,12390,MGR Chennai Central - Gaya Weekly SF Express (PT),true,,09:15,22:50,,,tue
RGD,NDLS,train,1255,648.0,12391,Shramjeevi SF Express (PT),true,,07:45,04:40,,,"sun,mon,tue,wed,thu,fri,sat"
NDLS,RGD,train,1290,648.0,12392,Shramjeevi SF Express (PT),true,,13:10,10:40,,,"sun,mon,tue,wed,thu,fri,sat"
RJPB,NDLS,train,755,595.5,12393,Sampoorna Kranti Express (PT),true,,19:20,07:55,,,"sun,mon,tue,wed,thu,fri,sat"
NDLS,RJPB,train,825,595.5,12394,Sampoorna Kranti Express (PT),true,,17:30,07:15,,,"sun,mon,tue,wed,thu,fri,sat"
RJPB,AII,train,1295,753.6,12395,Ziyarat Express (PT),true,,18:00,15:35,,,wed
AII,RJPB,train,1365,747.4,12396,Ziyarat Express (PT),true,,00:45,23:30,,,fri
GAYA,NDLS,train,850,590.8,12397,Mahabodhi Express (PT),true,,14:00,04:10,,,"sun,mon,tue,wed,thu,fri,sat"
NDLS,GAYA,train,870,590.8,12398,Mahabodhi Express,true,,12:25,02:55,,,"sun,mon,tue,wed,thu,fri,sat"
KOTA,DDN,train,720,455.1,12401,Nanda Devi AC SF Express,true,,17:50,05:50,,,"sun,mon,tue,wed,thu,fri,sat"
DDN,KOTA,train,710,455.1,12402,Nanda Devi AC SF Express,true,,22:45,10:35,,,"sun,mon,tue,wed,thu,fri,sat"
PRYJ,LGH,train,1280,690.2,12403,Prayagraj - Lalgarh SF Express (via Fatehpur Shekhawati) (PT),true,,23:05,20:25,,,"mon,tue,thu,sat"
LGH,PRYJ,train,1275,690.2,12404,Lalgarh - Prayagraj SF Express (Via Fatehpur Shekhawati),true,,07:35,04:50,,,"sun,tue,wed,fri"
BSL,NZM,train,1380,843.6,12405,Bhusaval - Hazrat Nizamuddin Gondwana SF Express (PT),true,,06:00,05:00,,,"sun,tue"
NZM,BSL,train,1440,843.6,12406,Hazrat Nizamuddin - Bhusaval Gondwana SF Express,true,,15:05,15:05,,,"sun,fri"
RIG,NZM,train,1535,922.1,12409,Raigarh - Hazrat Nizamuddin Gondwana Express (PT),true,,03:25,05:00,,,"mon,wed,thu,fri,sat"
NZM,RIG,train,1620,922.1,12410,Hazrat Nizamuddin - Raigarh Gondwana Express,true,,15:05,18:05,,,"mon,tue,wed,thu,sat"
CDG,ASR,train,269,204.0,12411,Chandigarh - Amritsar Intercity Express,true,,06:55,11:24,,,"sun,mon,tue,wed,thu,fri,sat"
ASR,CDG,train,250,204.0,12412,Amritsar - Chandigarh Intercity Express,true,,17:05,21:15,,,"sun,mon,tue,wed,thu,fri,sat"
AII,JAT,train,1040,604.4,12413,Galta Dham Pooja SF Express (PT),true,,14:10,07:30,,,"sun,mon,tue,wed,thu,fri,sat"
JAT,AII,train,1080,604.4,12414,Galta Dham Pooja SF Express,true,,18:15,12:15,,,"sun,mon,tue,wed,thu,fri,sat"
INDB,NDLS,train,790,504.5,12415,Indore - New Delhi Intercity SF Express (PT),true,,17:10,06:20,,,"sun,mon,tue,wed,thu,fri,sat"
NDLS,INDB,train,735,504.5,12416,New Delhi - Indore Intercity SF Express (PT),true,,21:50,10:05,,,"sun,mon,tue,wed,thu,fri,sat"
PRYJ,NDLS,train,530,405.2,12417,Prayagraj Express (PT),true,,22:10,07:00,,,"sun,mon,tue,wed,thu,fri,sat"
NDLS,PRYJ,train,530,405.2,12418,Prayagraj Express,true,,22:10,07:00,,,"sun,mon,tue,wed,thu,fri,sat"
LKO,NDLS,train,555,341.2,12419,Gomti Express,true,,05:45,15:00,,,"sun,mon,tue,wed,thu,fri,sat"
NDLS,LKO,train,515,341.2,12420,Gomti Express,true,,12:55,21:30,,,"sun,mon,tue,wed,thu,fri,sat"
NED,ASR,train,1890,1081.7,12421,Hazur Sahib Nanded - Amritsar SF Express (PT),true,,11:05,18:35,,,wed
ASR,NED,train,1870,1081.7,12422,Amritsar - Hazur Sahib Nanded SF Express,true,,14:30,21:40,,,mon
DBRG,NDLS,train,2275,3058.4,12423,Dibrugarh - New Delhi Rajdhani Express (via New Tinsukia) (PT),true,,20:35,10:30,,,"sun,mon,tue,wed,thu,fri,sat"
NDLS,DBRG,train,2280,3058.4,12424,New Delhi - Dibrugarh Rajdhani Express (via New Tinsukia),true,,16:20,06:20,,,"sun,mon,tue,wed,thu,fri,sat"
NDLS,JAT,train,500,832.4,12425,New Delhi - Jammu Tawi Rajdhani Express,true,,20:40,05:00,,,"sun,mon,tue,wed,thu,fri,sat"
JAT,NDLS,train,510,832.4,12426,Jammu Tawi - New Delhi Rajdhani Express,true,,21:25,05:55,,,"sun,mon,tue,wed,thu,fri,sat"
REWA,ANVT,train,860,516.5,12427,Rewa - Anand Vihar Terminal SF Express (PT),true,,16:20,06:40,,,"sun,mon,tue,wed,thu,fri,sat"
ANVT,REWA,train,785,516.5,12428,Anand Vihar Terminal - Rewa SF Express,true,,22:05,11:10,,,"sun,mon,tue,wed,thu,fri,sat"
LKO,NDLS,train,480,330.3,12429,Lucknow - New Delhi AC SF Express,true,,23:30,07:30,,,"sun,mon,tue,wed,thu,fri,sat"
NDLS,LKO,train,480,330.3,12430,New Delhi - Lucknow AC SF Express,true,,23:25,07:25,,,"sun,mon,tue,wed,thu,fri,sat"
TVC,NZM,train,2750,3554.0,12431,Thiruvananthapuram Central - Hazrat Nizamuddin Rajdhani Express,true,,14:40,12:30,,,"tue,thu,fri"
NZM,TVC,train,2614,3554.0,12432,Hazrat Nizamuddin - Thiruvananthapuram Central Rajdhani Express,true,,06:16,01:50,,,"sun,tue,wed"
MAS,NZM,train,1705,2750.0,12433,M G R Chennai Central - Hazrat Nizamuddin Rajdhani Express,true,,06:05,10:30,,,"sun,fri"
NZM,MAS,train,1755,2750.0,12434,Hazrat Nizamuddin - M.G.R.Chennai Central Rajdhani Express,true,,15:35,20:50,,,"wed,fri"
JYG,ANVT,train,1250,651.0,12435,Jaynagar - Anand Vihar Terminal Garib Rath Express (PT),true,,12:10,09:00,,,"mon,fri"
ANVT,JYG,train,1230,651.0,12436,Anand Vihar Terminal - Jaynagar Garib Rath Express (PT),true,,17:20,13:50,,,"tue,sat"
SC,NZM,train,1300,2132.0,12437,Secunderabad - Hazrat Nizamuddin Rajdhani Express,true,,12:50,10:30,,,wed
NZM,SC,train,1325,2132.0,12438,Hazrat Nizamuddin - Secunderabad Rajdhani Express,true,,15:35,13:40,,,sun
NED,SGNR,train,1965,1111.4,12439,Hazur Sahib Nanded - Shri Ganganagar SF Express (via Hanumangarh) (PT),true,,11:05,19:50,,,sun
SGNR,NED,train,1935,1111.4,12440,Shri Ganganagar - Hazur Sahib Nanded SF Express (Via Hanumangarh),true,,13:25,21:40,,,fri
BSP,NDLS,train,1240,1944.8,12441,Bilaspur - New Delhi Rajdhani Express,true,,14:00,10:40,,,"mon,tue"
NDLS,BSP,train,1235,1944.8,12442,New Delhi - Bilaspur Rajdhani Express,true,,15:25,12:00,,,"tue,sat"
HLZ,ANVT,train,1400,894.5,12443,Haldia - Anand Vihar Terminal SF Express (PT),true,,09:30,08:50,,,tue
ANVT,HLZ,train,1495,894.5,12444,Anand Vihar Terminal - Haldia SF Express,true,,20:20,21:15,,,tue
NDLS,SVDK,train,665,364.4,12445,Uttar Sampark Kranti Express (PT),true,,20:50,07:55,,,"sun,mon,tue,wed,thu,fri,sat"
SVDK,NDLS,train,665,364.4,12446,Uttar Sampark Kranti Express (PT),true,,19:50,06:55,,,"sun,mon,tue,wed,thu,fri,sat"
MKP,NZM,train,682,383.1,12447,Uttar Pradesh Sampark Kranti Express (PT),true,,18:00,05:22,,,"sun,mon,tue,wed,thu,fri,sat"
NZM,MKP,train,690,383.1,12448,Uttar Pradesh Sampark Kranti Express,true,,20:00,07:30,,,"sun,mon,tue,wed,thu,fri,sat"
MAO,CDG,train,1945,1087.8,12449,Goa Sampark Kranti Express,true,,10:00,18:25,,,"tue,wed"
CDG,MAO,train,2113,1087.8,12450,Goa Sampark Kranti Express,true,,02:17,13:30,,,"mon,sat"
CNB,NDLS,train,360,303.8,12451,Shram Shakti Express (PT),true,,23:55,05:55,,,"sun,mon,tue,wed,thu,fri,sat"
NDLS,CNB,train,385,303.8,12452,Shram Shakti Express,true,,23:55,06:20,,,"sun,mon,tue,wed,thu,fri,sat"
RNC,NDLS,train,1075,1632.8,12453,Ranchi - New Delhi Rajdhani Express (via Chopan),true,,17:15,11:10,,,sun
NDLS,RNC,train,1055,1632.8,12454,New Delhi - Ranchi Rajdhani Express (via Chopan),true,,16:10,09:45,,,sun
DEE,BKN,train,875,492.0,12455,Delhi Sarai Rohilla - Bikaner SF Express (via Shri Ganganagar),true,,22:45,13:20,,,"sun,mon,tue,wed,thu,fri,sat"
BKN,DEE,train,875,492.0,12456,Bikaner - Delhi Sarai Rohilla SF Express (via Sri Ganganagar),true,,16:45,07:20,,,"sun,mon,tue,wed,thu,fri,sat"
DEE,BKN,train,475,312.6,12457,Delhi Sarai Rohilla - Bikaner SF Express (via Churu),true,,23:35,07:30,,,"sun,mon,tue,wed,thu,fri,sat"
BKN,DEE,train,475,312.6,12458,Bikaner - Delhi Sarai Rohilla SF Express (via Churu),true,,22:10,06:05,,,"sun,mon,tue,wed,thu,fri,sat"
JU,SBIB,train,360,768.9,12461,Jodhpur - Sabarmati Vande Bharat Express,true,,06:05,12:05,,,"sun,mon,wed,thu,fri,sat"
SBIB,JU,train,355,768.9,12462,Sabarmati - Jodhpur Vande Bharat Express,true,,16:55,22:50,,,"sun,mon,wed,thu,fri,sat"
DEE,JU,train,555,344.7,12463,Delhi Sarai Rohilla - Jodhpur Rajasthan Sampark Kranti Express,true,,21:25,06:40,,,wed
JU,DEE,train,575,344.7,12464,Jodhpur - Delhi Sarai Rohilla Rajasthan Sampark Kranti Express,true,,20:15,05:50,,,tue
INDB,BGKT,train,990,550.3,12465,Ranthambhore SF Express,true,,06:00,22:30,,,"sun,mon,tue,wed,thu,fri,sat"
BGKT,INDB,train,985,550.3,12466,Ranthambhore SF Express,true,,04:40,21:05,,,"sun,mon,tue,wed,thu,fri,sat"
JSM,JP,train,770,441.1,12467,Leelan SF Express,true,,00:30,13:20,,,"sun,mon,tue,wed,thu,fri,sat"
JP,JSM,train,760,441.1,12468,Leelan SF Express,true,,16:30,05:10,,,"sun,mon,tue,wed,thu,fri,sat"
CNB,JAT,train,1105,608.5,12469,Kanpur Central - Jammu Tawi SF Express (PT),true,,14:05,08:30,,,"wed,fri"
JAT,CNB,train,1117,608.5,12470,Jammu Tawi - Kanpur Central SF Express,true,,17:38,12:15,,,"tue,thu"
BDTS,SVDK,train,1850,1130.1,12471,Swaraj Express (PT),true,,11:00,17:50,,,"sun,mon,tue,fri"
SVDK,BDTS,train,1830,1130.1,12472,Swaraj Express,true,,09:40,16:10,,,"tue,wed,fri,sat"
GIMB,SVDK,train,1935,1134.2,12473,Sarvodaya SF Express (PT),true,,09:35,17:50,,,sun
SVDK,GIMB,train,1910,1134.2,12474,Sarvodaya SF Express,true,,09:40,17:30,,,tue
HAPA,SVDK,train,1985,1145.7,12475,Hapa - Shri Mata Vaishno Devi Katra SF Express (PT),true,,08:45,17:50,,,tue
SVDK,HAPA,train,1970,1145.7,12476,Shri Mata Vaishno Devi Katra - Hapa SF Express,true,,09:40,18:30,,,mon
JAM,SVDK,train,2000,1150.4,12477,Jamnagar - Shri Mata Vaishno Devi Katra SF Express (PT),true,,08:30,17:50,,,wed
SVDK,JAM,train,1985,1150.4,12478,Shri Mata Vaishno Devi Katra - Jamnagar SF Express,true,,09:40,18:45,,,sun
JU,BDTS,train,965,563.3,12479,Suryanagari SF Express (PT),true,,19:40,11:45,,,"sun,mon,tue,wed,thu,fri,sat"
BDTS,JU,train,950,563.3,12480,Suryanagari SF Express (PT),true,,13:25,05:15,,,"sun,mon,tue,wed,thu,fri,sat"
DLI,SGNR,train,445,295.0,12481,Delhi - Shri Ganganagar Intercity Express,true,,13:10,20:35,,,"sun,mon,tue,wed,thu,fri,sat"
SGNR,DLI,train,445,295.0,12482,Shri Ganganagar - Delhi Intercity Express,true,,06:10,13:35,,,"sun,mon,tue,wed,thu,fri,sat"
TVCN,ASR,train,3420,1787.9,12483,Thiruvananthapuram North (Kochuveli) - Amritsar SF Express (PT),true,,04:50,13:50,,,wed
ASR,TVCN,train,3395,1787.9,12484,Amritsar - Thiruvananthapuram North (Kochuveli) Weekly SF Express,true,,05:55,14:30,,,sun
NED,SGNR,train,1930,1094.2,12485,Hazur Sahib Nanded - Shri Ganganagar SF Express (via Abohar) (PT),true,,11:05,19:15,,,"mon,tue"
SGNR,NED,train,1870,1094.2,12486,Shri Ganganagar - Hazur Sahib Nanded SF Express (via Abohar),true,,14:30,21:40,,,"tue,sat"
JBN,ANVT,train,1455,792.6,12487,Seemanchal Express (PT),true,,20:35,20:50,,,"sun,mon,tue,wed,thu,fri,sat"
ANVT,JBN,train,1430,792.6,12488,Seemanchal Express,true,,08:10,08:00,,,"sun,mon,tue,wed,thu,fri,sat"
SGNR,DDR,train,1625,878.4,12489,Shri Ganganagar - Dadar Western SF Express (PT),true,,09:45,12:50,,,"tue,sat"
DDR,SGNR,train,1615,878.4,12490,Dadar Western - Shri Ganganagar SF Express (PT),true,,15:00,17:55,,,"sun,wed"
MRJ,NZM,train,1535,1007.9,12493,Darshan SF Express (PT),true,,05:25,07:00,,,sun
NZM,MRJ,train,1620,1007.9,12494,Darshan SF Express,true,,21:40,00:40,,,fri
BKN,KOAA,train,1865,1056.2,12495,Pratap SF Express,true,,06:00,13:05,,,tue
KOAA,BKN,train,1845,1056.2,12496,Pratap SF Express (PT),true,,22:45,05:30,,,fri
NDLS,ASR,train,455,308.0,12497,Shan-e-Punjab Express,true,,06:40,14:15,,,"sun,mon,tue,wed,thu,fri,sat"
ASR,NDLS,train,440,308.0,12498,Shan-e-Punjab Express,true,,15:10,22:30,,,"sun,mon,tue,wed,thu,fri,sat"
KOAA,AGTL,train,1990,801.2,12501,Kolkata - Agartala Garib Rath Express (PT),true,,21:45,06:55,,,sun
AGTL,KOAA,train,1895,801.2,12502,Agartala - Kolkata Garib Rath Express (PT),true,,07:00,14:35,,,wed
SMVB,AGTL,train,3880,1756.4,12503,SMVT Bengaluru - Agartala Humsafar Express (PT),true,,10:15,02:55,,,"tue,fri"
AGTL,SMVB,train,3760,1756.4,12504,Agartala - SMVT Bengaluru Humsafar Express (PT),true,,05:30,20:10,,,"tue,sat"
KYQ,ANVT,train,1990,1040.1,12505,North East Express (PT),true,,12:40,21:50,,,"sun,mon,tue,wed,thu,fri,sat"
ANVT,KYQ,train,1965,1040.1,12506,North East Express,true,,07:40,16:25,,,"sun,mon,tue,wed,thu,fri,sat"
NJP,ASR,train,1985,1024.5,12507,New Jalpaiguri - Amritsar Karmabhoomi Express (UnReserved),true,,08:30,17:35,,,wed
ASR,NJP,train,1985,1024.5,12508,Amritsar - New Jalpaiguri Karmabhoomi Express (UnReserved),true,,09:30,18:35,,,fri
SMVB,GHY,train,3190,1618.4,12509,SMVT Bengaluru - Guwahati SF Express (PT),true,,23:40,04:50,,,"wed,thu,fri"
GHY,SMVB,train,3105,1618.9,12510,Guwahati - SMVT Bengaluru SF Express (PT),true,,06:15,10:00,,,"sun,mon,tue"
GKP,TVCN,train,3427,1757.7,12511,Gorakhpur - Thiruvananthapuram North Rapti Sagar SF Express (PT),true,,06:33,15:40,,,"sun,tue,fri"
TVCN,GKP,train,3400,1757.7,12512,Thiruvananthapuram North - Gorakhpur Rapti Sagar SF Express (PT),true,,06:35,15:15,,,"sun,tue,wed"
KOAA,GHY,train,1090,531.9,12517,Kolkata - Guwahati Garib Rath Express,true,,21:45,15:55,,,tue
GHY,KOAA,train,1055,531.9,12518,Guwahati - Kolkata Garib Rath Express (PT),true,,21:00,14:35,,,sun
BJU,ERS,train,3640,1860.7,12521,Barauni - Ernakulam Junction. Rapti Sagar Express (PT),true,,22:50,11:30,,,mon
ERS,BJU,train,3680,1860.7,12522,Ernakulam Junction. - Barauni Rapti Sagar Express (PT),true,,10:50,00:10,,,fri
CPR,ANVT,train,1030,596.0,12527,Chhapra - Anand Vihar Terminal SF Express (PT),true,,20:50,14:00,06-28,,sun
ANVT,CPR,train,1035,596.0,12528,Anand Vihar Terminal - Chhapra SF Express,true,,16:25,09:40,06-29,,mon
GTNR,CSMT,train,1560,822.8,12533,Pushpak Express (PT),true,,20:45,22:45,,,"sun,mon,tue,wed,thu,fri,sat"
CSMT,GTNR,train,1415,822.8,12534,Pushpak Express (PT),true,,08:25,08:00,,,"sun,mon,tue,wed,thu,fri,sat"
LJN,R,train,1025,487.3,12535,Lucknow Jn. - Raipur Garib Rath Express,true,,14:10,07:15,,,"mon,tue"
R,LJN,train,1025,486.8,12536,Raipur - Lucknow Jn. Garib Rath Express,true,,12:05,05:10,,,"tue,fri"
YPR,LKO,train,2725,1422.3,12539,Yesvantpur - Lucknow SF Express (via Perambur),true,,13:30,10:55,,,wed
LKO,YPR,train,2600,1422.3,12540,Lucknow - Yesvantpur SF Express (via Perambur),true,,20:25,15:45,,,fri
RXL,LTT,train,2195,1134.8,12545,Raxaul - Mumbai LTT Karmabhumi Express (UnReserved),true,,16:55,05:30,,,tue
LTT,RXL,train,2355,1134.8,12546,Mumbai LTT - Raxaul Karmabhumi Express (UnReserved),true,,16:35,07:50,,,sun
AGC,GG,train,840,525.8,12547,Agra Cantt. - Gandhigram SF Express (PT),true,,22:00,12:00,,,"mon,tue,thu,fri"
GG,AGC,train,865,525.8,12548,Gandhigram - Agra Cantt. SF Express (PT),true,,16:40,07:05,,,"sun,mon,wed,thu"
DURG,MCTM,train,1910,1072.9,12549,Durg - MCTM Udhampur SF Express (via Delhi Safdarjung) (PT),true,,12:15,20:05,,,tue
MCTM,DURG,train,1910,1072.9,12550,MCTM Udhampur - Durg SF Express (via Delhi Safdarjung),true,,03:15,11:05,,,tue
SMVB,KYQ,train,3135,1640.7,12551,SMVT Bengaluru - Kamakhya AC SF Express (PT),true,,09:30,13:45,,,sun
KYQ,SMVB,train,3035,1640.7,12552,Kamakhya - SMVT Bengaluru AC SF Express (PT),true,,14:00,16:35,,,wed
GKP,BTI,train,1205,659.5,12555,Gorakhdham SF Express (PT),true,,16:20,12:25,,,"sun,mon,tue,wed,thu,fri,sat"
BTI,GKP,train,1185,657.4,12556,Gorakhdham SF Express (PT),true,,14:15,10:00,,,"sun,mon,tue,wed,thu,fri,sat"
MFP,ANVT,train,1205,625.2,12557,Sapt Kranti SF Express (PT),true,,11:35,07:40,,,"sun,mon,tue,wed,thu,fri,sat"
ANVT,MFP,train,1230,625.2,12558,Sapt Kranti SF Express (PT),true,,14:35,11:05,,,"sun,mon,tue,wed,thu,fri,sat"
BNRS,NDLS,train,615,467.6,12559,Shiv Ganga Express (PT),true,,22:15,08:30,,,"sun,mon,tue,wed,thu,fri,sat"
NDLS,BNRS,train,605,467.6,12560,Shiv Ganga Express,true,,20:05,06:10,,,"sun,mon,tue,wed,thu,fri,sat"
JYG,NDLS,train,1345,717.2,12561,Swatantrata Senani Express (PT),true,,17:20,15:45,,,"sun,mon,tue,wed,thu,fri,sat"
NDLS,JYG,train,1330,717.2,12562,Swatantrata Senani Express (PT),true,,21:15,19:25,,,"sun,mon,tue,wed,thu,fri,sat"
DBG,NDLS,train,1250,610.6,12565,Bihar Sampark Kranti Express (PT),true,,08:15,05:05,,,"sun,mon,tue,wed,thu,fri,sat"
NDLS,DBG,train,1250,610.6,12566,Bihar Sampark Kranti Express (PT),true,,12:45,09:35,,,"sun,mon,tue,wed,thu,fri,sat"
GKP,ANVT,train,815,452.7,12571,Gorakhpur - Anand Vihar Terminal Humsafar Express (via Barhni),true,,18:50,08:25,,,"sun,wed,fri,sat"
ANVT,GKP,train,795,452.7,12572,Anand Vihar Terminal - Gorakhpur Humsafar Express (via Barhni),true,,20:00,09:15,,,"sun,mon,tue,sat"
DBG,MYS,train,3150,1653.7,12577,Bagmati Express (PT),true,,15:30,20:00,,,tue
MYS,DBG,train,3220,1653.7,12578,Bagmati Express (PT),true,,10:30,16:10,,,fri
BNRS,NDLS,train,635,466.6,12581,Banaras - New Delhi SF Express (PT),true,,23:10,09:45,,,"sun,mon,tue,fri,sat"
NDLS,BNRS,train,670,466.6,12582,New Delhi - Banaras SF Express,true,,22:50,10:00,,,"sun,wed,thu,fri,sat"
LJN,ANVT,train,485,279.9,12583,Lucknow Jn. - Anand Vihar Terminal AC Double Decker Express,true,,04:55,13:00,,,"sun,tue,thu,fri"
ANVT,LJN,train,500,279.9,12584,Anand Vihar Terminal - Lucknow Jn. AC Double Decker Express,true,,14:05,22:25,,,"sun,tue,thu,fri"
GKP,JAT,train,1330,723.4,12587,Gorakhpur - Jammu Tawi Amarnath Express (PT),true,,14:20,12:30,,,mon
JAT,GKP,train,1305,723.4,12588,Jammu Tawi - Gorakhpur Amarnath Express,true,,22:45,20:30,,,sun
GKP,CHZ,train,1857,1016.7,12589,Gorakhpur - Charlapalli SF Express (PT),true,,06:33,13:30,,,wed
CHZ,GKP,train,1980,1016.7,12590,Charlapalli - Gorakhpur SF Express (PT),true,,21:45,06:45,,,tue
GKP,YPR,train,2637,1381.2,12591,Gorakhpur - Yesvantpur SF Express (PT),true,,06:33,02:30,,,sun
YPR,GKP,train,2740,1381.2,12592,Yesvantpur - Gorakhpur SF Express (PT),true,,17:30,15:10,,,mon
LJN,BPL,train,625,330.3,12593,Lucknow Jn. - Bhopal Garib Rath Express,true,,22:40,09:05,,,sun
BPL,LJN,train,595,330.3,12594,Bhopal - Lucknow Jn. Garib Rath Express,true,,23:50,09:45,,,sun
GKP,ANVT,train,745,419.1,12595,Gorakhpur - Anand Vihar Terminal Humsafar Express (via Basti),true,,20:00,08:25,,,"mon,tue,thu"
ANVT,GKP,train,700,419.1,12596,Anand Vihar Terminal - Gorakhpur Humsafar Express (via Basti),true,,20:00,07:40,,,"tue,wed,fri"
GKP,CSMT,train,1670,863.6,12597,Gorakhpur - Mumbai CSMT Antyodaya Express,true,,08:30,12:20,,,tue
CSMT,GKP,train,1730,863.6,12598,Mumbai CSMT - Gorakhpur Antyodaya Express,true,,13:30,18:20,,,wed
MAS,MAQ,train,956,537.3,12601,MGR Chennai Central - Mangaluru Central Mail (PT),true,,20:10,12:06,,,"sun,mon,tue,wed,thu,fri,sat"
MAQ,MAS,train,975,537.3,12602,Mangaluru Central - MGR Chennai Central Mail (PT),true,,13:55,06:10,,,"sun,mon,tue,wed,thu,fri,sat"
MAS,CHZ,train,745,435.9,12603,MGR Chennai Central - Charlapalli SF Express (PT),true,,16:45,05:10,,,"sun,mon,tue,wed,thu,fri,sat"
CHZ,MAS,train,735,435.9,12604,Charlapalli - MGR Chennai Central SF Express (PT),true,,17:25,05:40,,,"sun,mon,tue,wed,thu,fri,sat"
MS,KKDI,train,410,296.5,12605,Pallavan Superfast Express,true,,15:40,22:30,,,"sun,mon,tue,wed,thu,fri,sat"
KKDI,MS,train,395,296.5,12606,Pallavan Superfast Express,true,,05:40,12:15,,,"sun,mon,tue,wed,thu,fri,sat"
MAS,SBC,train,385,261.7,12607,Lalbagh SF Express,true,,15:30,21:55,,,"sun,mon,tue,wed,thu,fri,sat"
SBC,MAS,train,355,261.7,12608,Lalbagh SF Express,true,,06:25,12:20,,,"sun,mon,tue,wed,thu,fri,sat"
MAS,NZM,train,1710,1094.0,12611,M.G.R. Chennai Central - Hazrat Nizamuddin Garib Rath Express (PT),true,,06:00,10:30,,,sun
NZM,MAS,train,1765,1094.0,12612,Hazrat Nizamuddin - M.G.R.Chennai Central Garib Rath Express,true,,15:35,21:00,,,mon
MYS,SBC,train,150,146.8,12613,Wodeyar SF Express,true,,11:30,14:00,,,"sun,mon,tue,wed,thu,fri,sat"
SBC,MYS,train,150,146.8,12614,Wodeyar SF Express,true,,15:15,17:45,,,"sun,mon,tue,wed,thu,fri,sat"
MAS,NDLS,train,2095,1209.6,12615,Grand Trunk Express (PT),true,,18:15,05:10,,,"sun,mon,tue,wed,thu,fri,sat"
NDLS,MAS,train,2190,1209.6,12616,Grand Trunk Express (PT),true,,16:10,04:40,,,"sun,mon,tue,wed,thu,fri,sat"
ERS,NZM,train,3065,1510.7,12617,Mangala Lakshadweep SF Express (PT),true,,10:30,13:35,,,"sun,mon,tue,wed,thu,fri,sat"
NZM,ERS,train,3025,1510.7,12618,Mangala Lakshadweep Express (PT),true,,05:35,08:00,,,"sun,mon,tue,wed,thu,fri,sat"
LTT,MAQ,train,1150,534.2,12619,Matsyagandha Express (PT),true,,15:10,10:20,,,"sun,mon,tue,wed,thu,fri,sat"
MAQ,LTT,train,1070,534.2,12620,Matsyagandha Express (PT),true,,12:45,06:35,,,"sun,mon,tue,wed,thu,fri,sat"
MAS,NDLS,train,1950,1209.6,12621,Tamil Nadu Express (PT),true,,22:00,06:30,,,"sun,mon,tue,wed,thu,fri,sat"
NDLS,MAS,train,2010,1209.6,12622,Tamil Nadu Express (PT),true,,21:05,06:35,,,"sun,mon,tue,wed,thu,fri,sat"
MAS,TVC,train,950,552.4,12623,MGR Chennai Central - Thiruvananthapuram Central Mail (PT),true,,19:30,11:20,,,"sun,mon,tue,wed,thu,fri,sat"
TVC,MAS,train,1005,552.4,12624,Thiruvananthapuram Central - MGR Chennai Central Mail (PT),true,,15:00,07:45,,,"sun,mon,tue,wed,thu,fri,sat"
TVC,NDLS,train,2955,1651.1,12625,Kerala Express (PT),true,,12:15,13:30,,,"sun,mon,tue,wed,thu,fri,sat"
NDLS,TVC,train,2980,1651.1,12626,Kerala Express (PT),true,,20:10,21:50,,,"sun,mon,tue,wed,thu,fri,sat"
SBC,NDLS,train,2260,1318.8,12627,Karnataka Express (PT),true,,19:20,09:00,,,"sun,mon,tue,wed,thu,fri,sat"
NDLS,SBC,train,2380,1318.8,12628,Karnataka Express (PT),true,,20:20,12:00,,,"sun,mon,tue,wed,thu,fri,sat"
YPR,NZM,train,2680,1302.8,12629,Karnataka Sampark Kranti Express (Via Pune) (PT),true,,15:00,11:40,,,"tue,thu"
NZM,YPR,train,2695,1302.8,12630,Karnataka Sampark Kranti Express (Via Pune) (PT),true,,08:30,05:25,,,"wed,fri"
MS,TEN,train,610,413.0,12631,Nellai SF Express (PT),true,,20:50,07:00,,,"sun,mon,tue,wed,thu,fri,sat"
TEN,MS,train,620,413.0,12632,Nellai SF Express (PT),true,,20:50,07:10,,,"sun,mon,tue,wed,thu,fri,sat"
MS,CAPE,train,730,459.3,12633,Chennai Egmore - Kanniyakumari SF Express (PT),true,,17:20,05:30,,,"sun,mon,tue,wed,thu,fri,sat"
CAPE,MS,train,755,459.3,12634,Kanniyakumari - Chennai Egmore SF Express (PT),true,,18:00,06:35,,,"sun,mon,tue,wed,thu,fri,sat"
MS,MDU,train,440,331.4,12635,Vaigai SF Express,true,,13:15,20:35,,,"sun,mon,tue,wed,thu,fri,sat"
MDU,MS,train,450,331.4,12636,Vaigai SF Express,true,,06:45,14:15,,,"sun,mon,tue,wed,thu,fri,sat"
MS,MDU,train,465,331.4,12637,Pandian SF Express (PT),true,,21:40,05:25,,,"sun,mon,tue,wed,thu,fri,sat"
MDU,MS,train,475,331.4,12638,Pandian SF Express (PT),true,,21:25,05:20,,,"sun,mon,tue,wed,thu,fri,sat"
MAS,SBC,train,380,261.7,12639,Brindavan SF Express,true,,07:40,14:00,,,"sun,mon,tue,wed,thu,fri,sat"
SBC,MAS,train,360,261.7,12640,Brindavan SF Express,true,,15:15,21:15,,,"sun,mon,tue,wed,thu,fri,sat"
CAPE,NZM,train,2765,1592.9,12641,Thirukkural SF Express (PT),true,,20:30,18:35,,,"wed,fri"
NZM,CAPE,train,2805,1592.9,12642,Thirukkural SF Express (PT),true,,05:20,04:05,,,"mon,sat"
TVC,NZM,train,3150,1641.2,12643,Thiruvananthapuram Central - Hazrat Nizamuddin Swarna Jayanti SF Express (PT),true,,14:15,18:45,,,tue
NZM,TVC,train,2990,1641.2,12644,Hazrat Nizamuddin - Thiruvananthapuram Central Swarna Jayanti SF Express (PT),true,,05:10,07:00,,,fri
ERS,NZM,train,2855,1534.1,12645,Millennium SF Express (PT),true,,19:10,18:45,,,sun
NZM,ERS,train,2760,1534.1,12646,Millennium SF Express (PT),true,,05:10,03:10,,,tue
CBE,NZM,train,2745,1472.2,12647,Kongu SF Express (PT),true,,16:30,14:15,,,sun
NZM,CBE,train,2850,1471.7,12648,Kongu SF Express,true,,07:00,06:30,,,wed
YPR,NZM,train,2560,1368.6,12649,Karnataka Sampark Kranti Express (Via Ballari) (PT),true,,13:30,08:10,,,"sun,mon,wed,fri,sat"
NZM,YPR,train,2635,1368.1,12650,Karnataka Sampark Kranti Express (Via Ballari) (PT),true,,08:20,04:15,,,"sun,mon,tue,thu,sat"
MDU,NZM,train,2490,1332.6,12651,Tamil Nadu Sampark Kranti Express (PT),true,,01:05,18:35,,,"sun,tue"
NZM,MDU,train,2565,1332.6,12652,Tamil Nadu Sampark Kranti Express,true,,05:20,00:05,,,"tue,thu"
MS,TPJ,train,330,250.2,12653,Rock Fort SF Express (PT),true,,23:30,05:00,,,"sun,mon,tue,wed,thu,fri,sat"
TPJ,MS,train,335,250.2,12654,Rock Fort SF Express (PT),true,,22:35,04:10,,,"sun,mon,tue,wed,thu,fri,sat"
ADI,MAS,train,1905,1058.8,12655,Navjeevan SF Express (PT),true,,21:25,05:10,,,"sun,mon,tue,wed,thu,fri,sat"
MAS,ADI,train,1910,1058.8,12656,Navjeevan SF Express (PT),true,,10:10,18:00,,,"sun,mon,tue,wed,thu,fri,sat"
MAS,SBC,train,345,261.7,12657,MGR Chennai Central - KSR Bengaluru SF Mail (PT),true,,22:50,04:35,,,"sun,mon,tue,wed,thu,fri,sat"
SBC,MAS,train,325,261.7,12658,KSR Bengaluru - MGR Chennai Central SF Mail (PT),true,,22:40,04:05,,,"sun,mon,tue,wed,thu,fri,sat"
NCJ,SHM,train,2745,1416.1,12659,Gurudev SF Express (PT),true,,14:45,12:30,,,sun
SHM,NCJ,train,2755,1416.1,12660,Gurudev SF Express (PT),true,,23:45,21:40,,,wed
MS,SCT,train,665,421.8,12661,Pothigai SF Express (PT),true,,19:35,06:40,,,"sun,mon,tue,wed,thu,fri,sat"
SCT,MS,train,665,421.8,12662,Pothigai SF Express (PT),true,,18:50,05:55,,,"sun,mon,tue,wed,thu,fri,sat"
HWH,TPJ,train,1995,1116.6,12663,Howrah - Tiruchchirappalli SF Express (PT),true,,17:35,02:50,,,"sun,tue"
TPJ,HWH,train,2070,1116.6,12664,Tiruchchirappalli - Howrah SF Express (PT),true,,13:35,00:05,,,"tue,fri"
HWH,CAPE,train,2505,1326.1,12665,Howrah - Kanniyakumari SF Express (PT),true,,16:00,09:45,,,mon
CAPE,HWH,train,2535,1326.1,12666,Kanniyakumari - Howrah SF Express (PT),true,,05:50,00:05,,,sun
TBM,CAPE,train,705,446.8,12667,Tambaram - Kanniyakumari Weekly SF Express (PT),true,,19:30,07:15,,,tue
CAPE,TBM,train,695,446.8,12668,Kanniyakumari - Tambaram Weekly SF Express (PT),true,,16:35,04:10,,,fri
MAS,CPR,train,2395,1291.3,12669,Ganga Kaveri Express (PT),true,,17:40,09:35,,,"mon,sat"
CPR,MAS,train,2350,1291.3,12670,Ganga Kaveri Express (PT),true,,21:00,12:10,,,"mon,wed"
MAS,MTP,train,555,351.1,12671,Nilgiri SF Express (PT),true,,21:05,06:20,,,"sun,mon,tue,wed,thu,fri,sat"
MTP,MAS,train,545,351.1,12672,Nilgiri SF Express (PT),true,,21:20,06:25,,,"sun,mon,tue,wed,thu,fri,sat"
MAS,CBE,train,480,332.4,12673,Cheran SF Express (PT),true,,22:00,06:00,,,"sun,mon,tue,wed,thu,fri,sat"
CBE,MAS,train,490,332.4,12674,Cheran SF Express (PT),true,,22:50,07:00,,,"sun,mon,tue,wed,thu,fri,sat"
MAS,CBE,train,475,332.4,12675,Kovai SF Express,true,,06:10,14:05,,,"sun,mon,tue,wed,thu,fri,sat"
CBE,MAS,train,450,332.4,12676,Kovai SF Express,true,,15:15,22:45,,,"sun,mon,tue,wed,thu,fri,sat"
MAS,CBE,train,470,332.4,12679,MGR Chennai Central - Coimbatore InterCity SF Express,true,,14:30,22:20,,,"sun,mon,tue,wed,thu,fri,sat"
CBE,MAS,train,445,332.4,12680,Coimbatore - M.G.R Chennai Central InterCity SF Express,true,,06:20,13:45,,,"sun,mon,tue,wed,thu,fri,sat"
MAS,CBE,train,480,332.4,12681,MGR Chennai Central - Coimbatore Weekly SF Express (PT),true,,22:30,06:30,,,sun
CBE,MAS,train,485,332.4,12682,Coimbatore - MGR Chennai Central Weekly SF Express (PT),true,,23:30,07:35,,,fri
ERS,SMVB,train,665,388.6,12683,Ernakulam Jn. - SMVT Bengaluru SF Express (PT),true,,16:50,03:55,,,"sun,mon,wed"
SMVB,ERS,train,660,388.6,12684,SMVT Bengaluru - Ernakulam Jn. SF Express,true,,19:00,06:00,,,"mon,tue,thu"
MAS,MAQ,train,900,537.3,12685,MGR Chennai Central - Mangaluru Central SF Express (PT),true,,16:20,07:20,,,"sun,mon,tue,wed,thu,fri,sat"
MAQ,MAS,train,910,537.3,12686,Mangaluru Central - MGR Chennai Central SF Express (PT),true,,16:55,08:05,,,"sun,mon,tue,wed,thu,fri,sat"
MAS,CAPE,train,945,542.5,12689,MGR Chennai Central - Kanniyakumari SF Express (PT),true,,19:00,10:45,,,fri
CAPE,MAS,train,895,542.5,12690,Kanniyakumari - MGR Chennai Central SF Express (PT),true,,20:30,11:25,,,sun
MAS,SMET,train,685,403.1,12691,MGR Chennai Central - Shivamogga Town Weekly SF Express (PT),true,,23:30,10:55,,,fri
SMET,MAS,train,675,403.1,12692,Shivamogga Town - MGR Chennai Central Weekly SF Express,true,,17:40,04:55,,,sun
MS,TN,train,640,414.0,12693,Pearl City Superfast Express (PT),true,,19:15,05:55,,,"sun,mon,tue,wed,thu,fri,sat"
TN,MS,train,630,414.0,12694,Pearl City Superfast Express (PT),true,,21:05,07:35,,,"sun,mon,tue,wed,thu,fri,sat"
MAS,TVC,train,985,552.4,12695,M.G.R Chennai Central - Thiruvananthapuram Central SF Express (PT),true,,15:20,07:45,,,"sun,mon,tue,wed,thu,fri,sat"
TVC,MAS,train,1005,552.4,12696,Thiruvananthapuram Central - M.G.R Chennai Central SF Express (PT),true,,17:15,10:00,,,"sun,mon,tue,wed,thu,fri,sat"
MAS,TVC,train,930,539.4,12697,MGR Chennai Central - Thiruvananthapuram Central Weekly SF Express (PT),true,,15:10,06:40,,,sun
TVC,MAS,train,910,539.4,12698,Thiruvananthapuram Central - MGR Chennai Central Weekly SF Express (PT),true,,19:15,10:25,,,sun
CSMT,HYB,train,855,485.3,12701,Hussain Sagar SF Express (PT),true,,21:50,12:05,,,"sun,mon,tue,wed,thu,fri,sat"
HYB,CSMT,train,840,485.3,12702,Hussain Sagar SF Express (PT),true,,14:55,04:55,,,"sun,mon,tue,wed,thu,fri,sat"
HWH,SC,train,1565,877.9,12703,Falaknuma Express (PT),true,,08:25,10:30,,,"sun,mon,tue,wed,thu,fri,sat"
SC,HWH,train,1575,877.9,12704,Falaknuma Express (PT),true,,15:55,18:10,,,"sun,mon,tue,wed,thu,fri,sat"
GNT,SC,train,413,272.6,12705,Guntur - Secunderabad Intercity Superfast Express,true,,15:35,22:28,,,"sun,mon,tue,wed,thu,fri,sat"
SC,GNT,train,418,272.6,12706,Secunderabad - Guntur InterCity Superfast Express,true,,07:45,14:43,,,"sun,mon,tue,wed,thu,fri,sat"
TPTY,NZM,train,2195,1155.9,12707,Andhra Pradesh Sampark Kranti Express (PT),true,,06:00,18:35,,,"mon,wed,fri"
NZM,TPTY,train,2380,1155.4,12708,Andhra Pradesh Sampark Kranti Express (PT),true,,05:20,21:00,,,"sun,wed,fri"
GDR,SC,train,670,408.8,12709,Simhapuri SF Express (PT),true,,18:35,05:45,,,"sun,mon,tue,wed,thu,fri,sat"
SC,GDR,train,650,408.8,12710,Simhapuri SF Express (PT),true,,22:05,08:55,,,"sun,mon,tue,wed,thu,fri,sat"
BZA,MAS,train,415,299.1,12711,Pinakini SF Express (PT),true,,06:10,13:05,,,"sun,mon,tue,wed,thu,fri,sat"
MAS,BZA,train,450,299.1,12712,Pinakini SF Express,true,,14:05,21:35,,,"sun,mon,tue,wed,thu,fri,sat"
BZA,SC,train,375,256.5,12713,Satavahana SF Express,true,,06:25,12:40,,,"sun,mon,tue,wed,thu,fri,sat"
SC,BZA,train,355,256.5,12714,Satavahana SF Express,true,,16:25,22:20,,,"sun,mon,tue,wed,thu,fri,sat"
NED,ASR,train,2175,1157.1,12715,Sachkhand Express (PT),true,,09:30,21:45,,,"sun,mon,tue,wed,thu,fri,sat"
ASR,NED,train,1985,1157.1,12716,Sachkhand Express,true,,05:30,14:35,,,"sun,mon,tue,wed,thu,fri,sat"
VSKP,BZA,train,380,257.0,12717,Ratnachal SF Express,true,,12:55,19:15,,,"sun,mon,tue,wed,thu,fri,sat"
BZA,VSKP,train,380,257.0,12718,Ratnachal SF Express (PT),true,,06:00,12:20,,,"sun,mon,tue,wed,thu,fri,sat"
JP,HYB,train,2005,1031.3,12719,Jaipur - Hyderabad SF Express (PT),true,,15:30,00:55,,,"wed,fri"
HYB,JP,train,1980,1033.4,12720,Hyderabad - Jaipur SF Express (PT),true,,20:25,05:25,,,"mon,wed"
HYB,NZM,train,1725,943.4,12721,Dakshin SF Express (PT),true,,23:00,03:45,,,"sun,mon,tue,wed,thu,fri,sat"
NZM,HYB,train,1740,943.4,12722,Dakshin SF Express (PT),true,,22:50,03:50,,,"sun,mon,tue,wed,thu,fri,sat"
HYB,NDLS,train,1560,947.0,12723,Telangana Express (PT),true,,06:00,08:00,,,"sun,mon,tue,wed,thu,fri,sat"
NDLS,HYB,train,1510,947.0,12724,Telangana Express (PT),true,,16:00,17:10,,,"sun,mon,tue,wed,thu,fri,sat"
SBC,DWR,train,520,329.8,12725,Siddhaganga SF Express,true,,13:00,21:40,,,"sun,mon,tue,wed,thu,fri,sat"
DWR,SBC,train,520,329.8,12726,Siddhaganga SF Express,true,,05:35,14:15,,,"sun,mon,tue,wed,thu,fri,sat"
VSKP,HYB,train,775,443.2,12727,Visakhapatnam - Hyderabad Godavari SF Express (PT),true,,17:20,06:15,,,"sun,mon,tue,wed,thu,fri,sat"
HYB,VSKP,train,770,443.2,12728,Hyderabad - Visakhapatnam Godavari SF Express (PT),true,,17:05,05:55,,,"sun,mon,tue,wed,thu,fri,sat"
TPTY,SC,train,864,491.0,12731,Tirupati - Secunderabad SF Express (PT),true,,17:00,07:24,,,"sun,tue"
SC,TPTY,train,850,491.0,12732,Secunderabad - Tirupati SF Express (PT),true,,16:15,06:25,,,"wed,sat"
TPTY,LPI,train,745,431.2,12733,Narayanadri SF Express (PT),true,,18:20,06:45,,,"sun,mon,tue,wed,thu,fri,sat"
LPI,TPTY,train,745,431.2,12734,Narayanadri SF Express (PT),true,,17:30,05:55,,,"sun,mon,tue,wed,thu,fri,sat"
CHZ,YPR,train,755,392.2,12735,Charlapalli - Yesvantpur Garib Rath Express (PT),true,,19:45,08:20,,,"sun,wed,fri"
YPR,CHZ,train,765,392.2,12736,Yesvantpur - Charlapalli Garib Rath Express,true,,16:15,05:00,,,"mon,tue,sat"
COA,LPI,train,640,377.6,12737,Gowthami SF Express (PT),true,,19:15,05:55,,,"sun,mon,tue,wed,thu,fri,sat"
LPI,COA,train,638,377.6,12738,Gowthami SF Express (PT),true,,20:30,07:08,,,"sun,mon,tue,wed,thu,fri,sat"
VSKP,SC,train,700,385.0,12739,Visakhapatnam - Secunderabad Garib Rath Express (PT),true,,20:40,08:20,,,"sun,mon,tue,wed,thu,fri,sat"
SC,VSKP,train,680,385.0,12740,Secunderabad - Visakhapatnam Garib Rath Express (PT),true,,20:30,07:50,,,"sun,mon,tue,wed,thu,fri,sat"
VSG,PNBE,train,2350,1233.6,12741,Vasco-da-Gama - Patna SF Express (PT),true,,19:00,10:10,,,wed
PNBE,VSG,train,2380,1233.6,12742,Patna - Vasco-da-Gama SF Express (PT),true,,14:05,05:45,,,sun
GDR,BZA,train,285,227.9,12743,Vikramasimhapuri Amaravati Intercity Express,true,,06:00,10:45,,,"sun,mon,tue,wed,thu,fri,sat"
BZA,GDR,train,285,227.9,12744,Vikramasimhapuri Amaravati Intercity Express,true,,18:00,22:45,,,"sun,mon,tue,wed,thu,fri,sat"
SC,MUGR,train,367,246.6,12745,Secunderabad - Manuguru SF Express,true,,23:45,05:52,,,"sun,mon,tue,wed,thu,fri,sat"
MUGR,SC,train,367,246.6,12746,Manuguru - Secunderabad SF Express,true,,21:45,03:52,,,"sun,mon,tue,wed,thu,fri,sat"
GNT,VKB,train,395,258.6,12747,Palnadu SF Express,true,,05:45,12:20,,,"sun,mon,tue,wed,thu,fri,sat"
VKB,GNT,train,385,258.6,12748,Palnadu SF Express,true,,15:00,21:25,,,"sun,mon,tue,wed,thu,fri,sat"
MTM,BIDR,train,648,382.8,12749,Machilipatnam - Bidar SF Express (PT),true,,20:50,07:38,,,"sun,mon,tue,wed,thu,fri,sat"
BIDR,MTM,train,645,382.8,12750,Bidar - Machilipatnam SF Express (PT),true,,19:35,06:20,,,"sun,mon,tue,wed,thu,fri,sat"
NED,JAT,train,2180,1059.4,12751,Hazur Sahib Nanded - Jammu Tawi Humsafar Express,true,,11:05,23:25,,,fri
JAT,NED,train,2050,1059.4,12752,Jammu Tawi - Hazur Sahib Nanded Humsafar Express,true,,05:45,15:55,,,sun
NED,NZM,train,1530,830.5,12753,Marathwada Sampark Kranti Express,true,,09:00,10:30,,,tue
NZM,NED,train,1555,830.5,12754,Marathwada Sampark Kranti Express,true,,22:40,00:35,,,wed
COA,BVC,train,2235,1141.5,12755,Kakinada Port - Bhavnagar Terminus SF Express (PT),true,,05:40,18:55,,,tue
BVC,COA,train,2220,1141.5,12756,Bhavnagar Terminus - Kakinada Port Superfast Express (PT),true,,04:25,17:25,,,sun
SC,SKZR,train,327,229.4,12757,Kaghaznagar SF Express,true,,08:10,13:37,,,"sun,mon,tue,wed,thu,fri,sat"
SKZR,SC,train,328,229.4,12758,Kaghaznagar SF Express,true,,14:50,20:18,,,"sun,mon,tue,wed,thu,fri,sat"
MSB,HYB,train,830,485.3,12759,Charminar Express (PT),true,,18:20,08:10,,,"sun,mon,tue,wed,thu,fri,sat"
HYB,MSB,train,760,485.3,12760,Charminar Express (PT),true,,18:00,06:40,,,"sun,mon,tue,wed,thu,fri,sat"
TPTY,KRMR,train,755,445.2,12761,Tirupati - Karimnagar SF Express (PT),true,,20:05,08:40,,,"wed,sat"
KRMR,TPTY,train,770,445.2,12762,Karimnagar - Tirupati SF Express (PT),true,,19:15,08:05,,,"sun,tue"
TPTY,SC,train,800,457.2,12763,Padmavathi SF Express (PT),true,,16:55,06:15,,,"mon,tue,wed,fri,sat"
SC,TPTY,train,735,457.2,12764,Padmavathi SF Express (PT),true,,18:40,06:55,,,"sun,mon,tue,thu,fri"
TPTY,AMI,train,1405,755.7,12765,Tirupati - Amravati SF Express (PT),true,,15:45,15:10,,,"tue,sat"
AMI,TPTY,train,1420,755.7,12766,Amravati - Tirupati SF Express (PT),true,,06:45,06:25,,,"mon,tue"
NED,SRC,train,1685,889.8,12767,Hazur Sahib Nanded - Santragachi SF Express (PT),true,,15:40,19:45,,,mon
SRC,NED,train,1700,889.8,12768,Santragachi - Hazur Sahib Nanded SF Express (PT),true,,14:05,18:25,,,wed
TPTY,SC,train,760,445.8,12769,Seven Hills SF Express (PT),true,,15:45,04:25,,,"mon,fri"
SC,TPTY,train,765,445.8,12770,Seven Hills SF Express (PT),true,,17:40,06:25,,,"tue,fri"
SC,R,train,880,531.0,12771,Secunderabad - Raipur SF Express (PT),true,,22:40,13:20,,,"mon,wed,fri"
R,SC,train,945,531.0,12772,Raipur - Secunderabad SF Express (PT),true,,16:45,08:30,,,"tue,thu,sat"
SHM,SC,train,1565,893.5,12773,Shalimar - Secunderabad AC SF Express (PT),true,,15:55,18:00,,,wed
SC,SHM,train,1615,893.5,12774,Secunderabad - Shalimar AC SF Express (PT),true,,03:55,06:50,,,tue
CCT,LPI,train,670,391.2,12775,Cocanada SF Express (PT),true,,20:20,07:30,,,"sun,mon,tue,wed,thu,fri,sat"
LPI,CCT,train,663,391.2,12776,Cocanada SF Express (PT),true,,19:00,06:03,,,"sun,mon,tue,wed,thu,fri,sat"
UBL,TVCN,train,1410,745.8,12777,SSS Hubballi - Thiruvananthapuram North (Kochuveli) Weekly SF Express,true,,07:05,06:35,,,wed
TVCN,UBL,train,1405,745.8,12778,Thiruvananthapuram North (Kochuveli) - SSS Hubballi Weekly SF Express (PT),true,,12:50,12:15,,,tue
VSG,NZM,train,2355,1199.8,12779,Goa Express (PT),true,,15:10,06:25,,,"sun,mon,tue,wed,thu,fri,sat"
NZM,VSG,train,2385,1199.8,12780,Goa Express (PT),true,,15:15,07:00,,,"sun,mon,tue,wed,thu,fri,sat"
MYS,NZM,train,2835,1435.8,12781,Mysuru - Hazrat Nizamuddin Swarna Jayanti SF Express (PT),true,,19:30,18:45,,,fri
NZM,MYS,train,2710,1435.8,12782,Hazrat Nizamuddin - Mysuru Swarna Jayanti SF Express,true,,05:10,02:20,,,mon
VSKP,SC,train,724,419.8,12783,Visakhapatnam - Secunderabad AC SF Express (PT),true,,19:00,07:04,,,sun
SC,VSKP,train,725,419.8,12784,Secunderabad - Visakhapatnam AC SF Express (PT),true,,21:40,09:45,,,sun
KCG,AP,train,890,474.9,12785,Kacheguda - Ashokapuram SF Express (PT),true,,19:05,09:55,,,"sun,mon,tue,wed,thu,fri,sat"
AP,KCG,train,885,474.9,12786,Ashokapuram - Kacheguda SF Express (PT),true,,14:55,05:40,,,"sun,mon,tue,wed,thu,fri,sat"
NS,NSL,train,1195,634.5,12787,Narasapur - Nagarsol Superfast Express (Via Warangal) (PT),true,,11:25,07:20,,,"mon,tue,wed,thu,sat"
NSL,NS,train,1185,634.5,12788,Nagarsol - Narasapur Superfast Express (Via Warangal),true,,12:50,08:35,,,"sun,tue,wed,thu,fri"
KCG,KT,train,1955,973.6,12789,Kacheguda - Kumta SF Express (PT),true,,06:05,14:40,,,"tue,fri"
KT,KCG,train,1935,973.6,12790,Kumta - Kacheguda SF Express (PT),true,,15:25,23:40,,,"wed,sat"
SC,DNR,train,1970,1026.1,12791,Secunderabad - Danapur SF Express (PT),true,,09:25,18:15,,,"sun,mon,tue,wed,thu,fri,sat"
DNR,SC,train,1995,1026.1,12792,Danapur - Secunderabad SF Express (PT),true,,12:15,21:30,,,"sun,mon,tue,wed,thu,fri,sat"
TPTY,NZB,train,955,539.4,12793,Rayalaseema SF Express (PT),true,,17:25,09:20,,,"sun,mon,tue,wed,thu,fri,sat"
NZB,TPTY,train,960,539.4,12794,Rayalaseema SF Express (PT),true,,14:15,06:15,,,"sun,mon,tue,wed,thu,fri,sat"
BZA,LPI,train,365,249.7,12795,Vijayawada - Lingampalli InterCity Express (PT),true,,17:30,23:35,,,"sun,mon,tue,wed,thu,fri,sat"
LPI,BZA,train,355,249.7,12796,Lingampalli - Vijayawada InterCity Express (PT),true,,04:40,10:35,,,"sun,mon,tue,wed,thu,fri,sat"
KCG,CTO,train,767,443.7,12797,Venkatadri SF Express (PT),true,,20:05,08:52,,,"sun,mon,tue,wed,thu,fri,sat"
CTO,KCG,train,765,443.7,12798,Venkatadri SF Express (PT),true,,17:35,06:20,,,"sun,mon,tue,wed,thu,fri,sat"
PURI,ANVT,train,1795,1034.4,12801,Purushottam Express (PT),true,,21:55,03:50,,,"sun,mon,tue,wed,thu,fri,sat"
ANVT,PURI,train,1850,1034.4,12802,Purushottam Express (PT),true,,22:45,05:35,,,"sun,mon,tue,wed,thu,fri,sat"
VSKP,NZM,train,2070,1163.4,12803,Visakhapatnam - Hazrat Nizamuddin Swarna Jayanti Express (PT),true,,08:15,18:45,,,"mon,fri"
NZM,VSKP,train,2015,1163.4,12804,Hazrat Nizamuddin - Visakhapatnam Swarna Jayanti Express,true,,05:10,14:45,,,"sun,wed"
VSKP,LPI,train,800,444.7,12805,Visakhapatnam - Lingampalli Janmabhoomi SF Express (PT),true,,06:20,19:40,,,"sun,mon,tue,wed,thu,fri,sat"
LPI,VSKP,train,775,444.7,12806,Lingampalli - Visakhapatnam Janmabhoomi SF Express (PT),true,,06:55,19:50,,,"sun,mon,tue,wed,thu,fri,sat"
VSKP,NZM,train,1970,1071.3,12807,Samata Express (PT),true,,09:20,18:10,,,"sun,tue,wed,thu,sat"
NZM,VSKP,train,2010,1071.3,12808,Samata Express,true,,07:00,16:30,,,"mon,tue,thu,fri,sat"
CSMT,HWH,train,2015,1096.3,12809,Mumbai CSMT - Howrah Mail (Via Nagpur) (PT),true,,21:10,06:45,,,"sun,mon,tue,wed,thu,fri,sat"
HWH,CSMT,train,1975,1096.3,12810,Howrah - Mumbai CSMT Mail (Via Nagpur) (PT),true,,19:30,04:25,,,"sun,mon,tue,wed,thu,fri,sat"
LTT,HTE,train,1710,957.4,12811,Mumbai LTT - Hatia SF Express (PT),true,,00:15,04:45,,,"sun,mon"
HTE,LTT,train,1680,957.4,12812,Hatia - Mumbai LTT SF Express (PT),true,,09:00,13:00,,,"fri,sat"
HWH,TATA,train,255,204.5,12813,Steel Express (PT),true,,17:10,21:25,,,"sun,mon,tue,wed,thu,fri,sat"
TATA,HWH,train,270,204.5,12814,Steel Express (PT),true,,06:05,10:35,,,"sun,mon,tue,wed,thu,fri,sat"
PURI,ANVT,train,1690,1005.8,12815,Nandan Kanan Express (PT),true,,11:00,15:10,,,"mon,wed,thu,sat"
ANVT,PURI,train,1845,1005.8,12816,Nandan Kanan Express,true,,07:30,14:15,,,"mon,wed,thu,sat"
HTE,ANVT,train,1365,752.0,12817,Jharkhand Swarna Jayanti Express (via Gomoh) (PT),true,,14:25,13:10,,,"sun,wed,fri"
ANVT,HTE,train,1230,752.0,12818,Jharkhand Swarna Jayanti Express (via Gomoh),true,,20:45,17:15,,,"mon,tue,sat"
BBS,ANVT,train,1638,906.3,12819,Odisha Sampark Kranti Express,true,,16:17,19:35,,,"sun,wed"
ANVT,BBS,train,1700,906.3,12820,Odisha Sampark Kranti Express,true,,08:00,12:20,,,"tue,fri"
HWH,PURI,train,545,335.0,12821,Dhauli Express (PT),true,,09:10,18:15,,,"sun,mon,tue,wed,thu,fri,sat"
PURI,HWH,train,545,335.0,12822,Dhauli Express,true,,10:25,19:30,,,"sun,mon,tue,wed,thu,fri,sat"
DURG,NZM,train,1175,661.0,12823,Chhattisgarh Sampark Kranti Express (PT),true,,12:15,07:50,,,"mon,tue,sat"
NZM,DURG,train,1260,661.0,12824,Chhattisgarh Sampark Kranti Express,true,,17:55,14:55,,,"sun,tue,fri"
RNC,ANVT,train,1180,671.6,12825,Jharkhand Sampark Kranti Express (PT),true,,23:55,19:35,,,"mon,tue"
ANVT,RNC,train,1275,671.6,12826,Jharkhand Sampark Kranti Express,true,,08:00,05:15,,,"wed,sat"
HWH,PRR,train,350,243.0,12827,Howrah - Purulia SF Express,true,,16:50,22:40,,,"sun,mon,tue,wed,thu,fri,sat"
PRR,HWH,train,352,243.0,12828,Purulia - Howrah SF Express,true,,05:30,11:22,,,"sun,mon,tue,wed,thu,fri,sat"
ADI,HWH,train,2275,1159.2,12833,Ahmedabad - Howrah SF Express (PT),true,,00:25,14:20,,,"sun,mon,tue,wed,thu,fri,sat"
HWH,ADI,train,2230,1159.2,12834,Howrah - Ahmedabad SF Express (PT),true,,23:05,12:15,,,"sun,mon,tue,wed,thu,fri,sat"
HTE,SMVB,train,2030,1054.7,12835,Hatia - SMVT Bengaluru SF Express (PT),true,,17:25,03:15,,,"sun,tue"
SMVB,HTE,train,2030,1054.7,12836,SMVT Bengaluru - Hatia SF Express,true,,08:50,18:40,,,"tue,thu"
HWH,PURI,train,540,335.0,12837,Howrah - Puri Superfast Express (PT),true,,22:30,07:30,,,"sun,mon,tue,wed,thu,fri,sat"
PURI,HWH,train,540,335.0,12838,Puri - Howrah Superfast Express (PT),true,,20:15,05:15,,,"sun,mon,tue,wed,thu,fri,sat"
HWH,MAS,train,1655,939.8,12839,Howrah - M.G.R Chennai Central Mail (PT),true,,23:45,03:20,,,"sun,mon,tue,wed,thu,fri,sat"
MAS,HWH,train,1700,939.8,12840,MGR Chennai Central - Howrah Mail (PT),true,,19:00,23:20,,,"sun,mon,tue,wed,thu,fri,sat"
HWH,MAS,train,1550,939.2,12841,Coromandel Express (PT),true,,15:10,17:00,,,"sun,mon,tue,wed,thu,fri,sat"
MAS,HWH,train,1680,939.2,12842,Coromandel Express (PT),true,,07:00,11:00,,,"sun,mon,tue,wed,thu,fri,sat"
PURI,ADI,train,2215,1185.2,12843,Puri - Ahmedabad SF Express (via Brahmapur) (PT),true,,17:30,06:25,,,"tue,thu,fri,sat"
ADI,PURI,train,2225,1185.2,12844,Ahmedabad - Puri SF Express (via Brahmapur) (PT),true,,19:00,08:05,,,"sun,mon,tue,sat"
BBS,SMVB,train,1505,858.1,12845,Bhubaneswar - SMVT Bengaluru SF Express (PT),true,,07:30,08:35,,,sun
SMVB,BBS,train,1545,858.1,12846,SMVT Bengaluru - Bhubaneswar SF Express (PT),true,,16:40,18:25,,,mon
BSP,PUNE,train,1330,749.4,12849,Bilaspur - Pune SF Express (PT),true,,11:20,09:30,,,tue
PUNE,BSP,train,1335,749.4,12850,Pune - Bilaspur SF Express (PT),true,,17:35,15:50,,,fri
BSP,MAS,train,1395,809.8,12851,Bilaspur - MGR Chennai Central Weekly SF Express (PT),true,,08:45,08:00,,,sun
MAS,BSP,train,1370,810.3,12852,MGR Chennai Central - Bilaspur Weekly SF Express (PT),true,,15:40,14:30,,,mon
DURG,BPL,train,965,535.7,12853,Amarkantak Express (PT),true,,18:25,10:30,,,"sun,mon,tue,wed,thu,fri,sat"
BPL,DURG,train,965,535.7,12854,Amarkantak Express (PT),true,,16:00,08:05,,,"sun,mon,tue,wed,thu,fri,sat"
BSP,NITR,train,435,287.7,12855,Bilaspur - NSC Bose Itwari InterCity Express,true,,15:20,22:35,,,"sun,mon,tue,wed,thu,fri,sat"
NITR,BSP,train,435,287.7,12856,NSC Bose Itwari - Bilaspur InterCity Express,true,,07:00,14:15,,,"sun,mon,tue,wed,thu,fri,sat"
HWH,DGHA,train,200,171.2,12857,Tamralipta Express (PT),true,,06:45,10:05,,,"sun,mon,tue,wed,thu,fri,sat"
DGHA,HWH,train,200,171.2,12858,Tamralipta Express (PT),true,,10:35,13:55,,,"sun,mon,tue,wed,thu,fri,sat"
CSMT,HWH,train,1910,1096.3,12859,Gitanjali Express (PT),true,,06:00,13:50,,,"sun,mon,tue,wed,thu,fri,sat"
HWH,CSMT,train,1900,1096.3,12860,Gitanjali Express (PT),true,,13:40,21:20,,,"sun,mon,tue,wed,thu,fri,sat"
VSKP,MBNR,train,880,495.2,12861,Visakhapatnam - Mahbubnagar SF Express (PT),true,,18:40,09:20,,,"sun,mon,tue,wed,thu,fri,sat"
MBNR,VSKP,train,880,495.2,12862,Mahbubnagar - Visakhapatnam SF Express (PT),true,,16:10,06:50,,,"sun,mon,tue,wed,thu,fri,sat"
HWH,SMVB,train,1935,1084.8,12863,Howrah - SMVT Bengaluru SF Express (PT),true,,22:45,07:00,,,"sun,mon,tue,wed,thu,fri,sat"
SMVB,HWH,train,2010,1084.8,12864,SMVT Bengaluru - Howrah SF Express (PT),true,,10:40,20:10,,,"sun,mon,tue,wed,thu,fri,sat"
HWH,PDY,train,1990,1073.9,12867,Howrah - Puducherry SF Express (PT),true,,23:20,08:30,,,sun
PDY,HWH,train,2010,1073.9,12868,Puducherry - Howrah SF Express (PT),true,,14:15,23:45,,,wed
CSMT,HWH,train,2025,1096.3,12869,Mumbai CSMT - Howrah Weekly SF Express (PT),true,,11:05,20:50,,,sun
HWH,CSMT,train,2030,1096.3,12870,Howrah - Mumbai CSMT Weekly SF Express (PT),true,,13:55,23:45,,,fri
HWH,JNRD,train,965,513.9,12871,Howrah - Junagarh Road Ispat Express,true,,06:30,22:35,,,"mon,wed,sat"
JNRD,HWH,train,975,513.9,12872,Junagarh Road - Howrah Ispat Express,true,,02:15,18:30,,,"sun,tue,thu"
HTE,ANVT,train,1410,766.1,12873,Jharkhand Swarna Jayanti Express (via Barkakana) (PT),true,,13:40,13:10,,,"mon,tue,thu"
ANVT,HTE,train,1395,767.6,12874,Jharkhand Swarna Jayanti Express (via Barkakana),true,,20:45,20:00,,,"tue,wed,fri"
PURI,ANVT,train,2060,1061.4,12875,Neelachal Express (PT),true,,11:00,21:20,,,"sun,tue,fri"
ANVT,PURI,train,2065,1060.9,12876,Neelachal Express (PT),true,,07:30,17:55,,,"sun,tue,fri"
RNC,NDLS,train,1125,693.7,12877,Ranchi - New Delhi Garib Rath Express (PT),true,,16:25,11:10,,,"mon,tue,fri"
NDLS,RNC,train,1160,693.7,12878,New Delhi - Ranchi Garib Rath Express,true,,16:10,11:30,,,"sun,tue,thu"
LTT,BBS,train,1845,1001.6,12879,Mumbai LTT - Bhubaneswar SF Express (PT),true,,00:15,07:00,,,"wed,sat"
BBS,LTT,train,1780,1000.6,12880,Bhubaneswar - Mumbai LTT SF Express (PT),true,,07:20,13:00,,,"mon,tue"
SHM,PURI,train,525,288.6,12881,Shalimar - Puri Garib Rath Express (PT),true,,20:35,05:20,,,"tue,thu"
PURI,SHM,train,540,288.6,12882,Puri - Shalimar Garib Rath Express (PT),true,,22:10,07:10,,,"mon,wed"
SRC,PRR,train,335,238.8,12883,Rupasi Bangla Express,true,,06:30,12:05,,,"sun,mon,tue,wed,thu,fri,sat"
PRR,HWH,train,350,243.0,12884,Rupasi Bangla Express,true,,15:25,21:15,,,"sun,mon,tue,wed,thu,fri,sat"
SHM,BJE,train,335,236.7,12885,Aranyak Express,true,,07:45,13:20,,,"mon,tue,wed,thu,fri,sat"
BJE,SHM,train,340,236.7,12886,Aranyak Express,true,,14:00,19:40,,,"mon,tue,wed,thu,fri,sat"
SHM,PURI,train,525,333.4,12887,Shalimar - Puri Weekly SF Express (PT),true,,20:35,05:20,,,mon
PURI,SHM,train,545,333.4,12888,Puri - Shalimar Weekly SF Express,true,,22:10,07:15,,,sun
TATA,SMVB,train,2010,1054.2,12889,Tatanagar - SMVT Bengaluru SF Express (PT),true,,17:45,03:15,,,fri
SMVB,TATA,train,2000,1054.2,12890,SMVT Bengaluru - Tatanagar SF Express,true,,08:50,18:10,,,mon
BBS,PUKK,train,625,343.8,12893,Bhubaneswar - Purunakatak Intercity SF Express,true,,06:35,17:00,,,"sun,mon,tue,wed,thu,fri,sat"
PUKK,BBS,train,620,343.8,12894,Purunakatak - Bhubaneswar Intercity SF Express,true,,11:25,21:45,,,"sun,mon,tue,wed,thu,fri,sat"
SHM,PURI,train,525,333.4,12895,Shalimar - Puri Weekly SF Express (PT),true,,20:35,05:20,,,fri
PURI,SHM,train,540,333.4,12896,Puri - Shalimar Weekly SF Express,true,,22:10,07:10,,,tue
DDR,ADI,train,480,328.2,12901,Gujarat Mail (PT),true,,21:40,05:40,,,"sun,mon,tue,wed,thu,fri,sat"
ADI,DDR,train,445,328.2,12902,Gujarat Mail (PT),true,,22:50,06:15,,,"sun,mon,tue,wed,thu,fri,sat"
BDTS,ASR,train,1740,1053.6,12903,Golden Temple Mail (PT),true,,18:45,23:45,,,"sun,mon,tue,wed,thu,fri,sat"
ASR,BDTS,train,1740,1053.6,12904,Golden Temple Mail (PT),true,,18:55,23:55,,,"sun,mon,tue,wed,thu,fri,sat"
PBR,SHM,train,2625,1397.4,12905,Porbandar - Shalimar SF Express (PT),true,,08:50,04:35,,,"wed,thu"
SHM,PBR,train,2585,1397.4,12906,Shalimar - Porbandar SF Express (PT),true,,20:15,15:20,,,"fri,sat"
BDTS,NZM,train,1005,706.2,12907,Maharashtra Sampark Kranti Express (PT),true,,17:30,10:15,,,"sun,wed"
NZM,BDTS,train,1005,706.2,12908,Maharashtra Sampark Kranti Express (PT),true,,16:30,09:15,,,"mon,tue"
BDTS,NZM,train,1005,706.2,12909,Bandra Terminus - Hazrat Nizamuddin Garib Rath Express (PT),true,,17:30,10:15,,,"tue,thu,sat"
NZM,BDTS,train,1005,706.2,12910,Hazrat Nizamuddin - Bandra Terminus Garib Rath Express (PT),true,,16:30,09:15,,,"sun,wed,fri"
BL,HW,train,1405,821.2,12911,Valsad - Haridwar SF Express (PT),true,,15:05,14:30,,,tue
HW,BL,train,1260,821.2,12912,Haridwar - Valsad SF Express,true,,17:20,14:20,,,wed
INDB,NGP,train,705,414.6,12913,Trishatabdi Express (PT),true,,20:35,08:20,,,sun
NGP,INDB,train,690,414.6,12914,Trishatabdi Express,true,,19:00,06:30,,,mon
SBIB,DLI,train,855,558.6,12915,Ashram Express (PT),true,,19:45,10:00,,,"sun,mon,tue,wed,thu,fri,sat"
DLI,SBIB,train,890,558.6,12916,Ashram Express (PT),true,,14:55,05:45,,,"sun,mon,tue,wed,thu,fri,sat"
ADI,NZM,train,860,565.5,12917,Ahmedabad - Hazrat Nizamuddin Gujarat Sampark Kranti Express (PT),true,,15:30,05:50,,,mon
NZM,ADI,train,840,565.5,12918,Hazrat Nizamuddin - Ahmedabad Gujarat Sampark Kranti Express,true,,13:25,03:25,,,tue
DADN,SVDK,train,1720,928.3,12919,Malwa SF Express (PT),true,,11:50,16:30,,,"sun,mon,tue,wed,thu,fri,sat"
SVDK,DADN,train,1790,928.3,12920,Malwa SF Express,true,,08:35,14:25,,,"sun,mon,tue,wed,thu,fri,sat"
MMCT,ST,train,280,211.8,12921,Flying Ranee,true,,17:55,22:35,,,"sun,mon,tue,wed,thu,fri,sat"
ST,MMCT,train,280,211.8,12922,Flying Ranee,true,,05:10,09:50,,,"sun,mon,tue,wed,thu,fri,sat"
DADN,NGP,train,680,402.1,12923,Dr. Ambedkar Nagar - Nagpur SF Express,true,,21:00,08:20,,,tue
NGP,DADN,train,645,402.1,12924,Nagpur - Dr. Ambedkar Nagar SF Express,true,,19:00,05:45,,,wed
BDTS,ASR,train,1960,1045.3,12925,Paschim SF Express (PT),true,,11:30,20:10,,,"sun,mon,tue,wed,thu,fri,sat"
ASR,BDTS,train,1880,1045.3,12926,Paschim SF Express (PT),true,,07:20,14:40,,,"sun,mon,tue,wed,thu,fri,sat"
DDR,EKNR,train,460,318.9,12927,Dadar Western - Ekta Nagar (Kevadiya) SF Express (PT),true,,23:50,07:30,,,"sun,mon,tue,wed,thu,fri,sat"
EKNR,DDR,train,485,318.9,12928,Ekta Nagar (Kevadiya) - Dadar Western SF Express (PT),true,,21:25,05:30,,,"sun,mon,tue,wed,thu,fri,sat"
BL,BRC,train,205,178.5,12929,Valsad - Vadodara Intercity SF Express,true,,07:15,10:40,,,"sun,mon,tue,wed,thu,fri,sat"
BJW,BL,train,240,182.1,12930,Vadodara - Valsad Intercity SF Express,true,,16:45,20:45,,,"sun,mon,tue,wed,thu,fri,sat"
MMCT,ADI,train,430,286.6,12931,Mumbai Central - Ahmedabad AC Double Decker Express,true,,14:30,21:40,,,"mon,tue,wed,thu,fri,sat"
ADI,MMCT,train,440,286.6,12932,Ahmedabad - Mumbai Central AC Double Decker Express,true,,05:45,13:05,,,"mon,tue,wed,thu,fri,sat"
BDTS,VTA,train,415,321.5,12933,Karnavati Express (PT),true,,13:55,20:50,,,"sun,mon,tue,wed,thu,fri,sat"
ADI,BDTS,train,450,325.6,12934,Karnavati Express (PT),true,,05:00,12:30,,,"sun,mon,tue,wed,thu,fri,sat"
BDTS,ST,train,245,206.0,12935,Bandra Terminus - Surat InterCity Express,true,,06:35,10:40,,,"sun,mon,tue,wed,thu,fri,sat"
ST,BDTS,train,260,206.0,12936,Surat - Bandra Terminus InterCity Express,true,,16:25,20:45,,,"sun,mon,tue,wed,thu,fri,sat"
GIMB,HWH,train,2550,1382.3,12937,Garba SF Express (PT),true,,18:25,12:55,,,sun
HWH,GIMB,train,2355,1382.3,12938,Garba SF Express (PT),true,,23:00,14:15,,,mon
PUNE,JP,train,1270,748.9,12939,Pune - Jaipur SF Express (PT),true,,17:30,14:40,,,"sun,wed"
JP,PUNE,train,1180,748.9,12940,Jaipur - Pune SF Express (PT),true,,12:25,08:05,,,"tue,sat"
BVC,ASN,train,2425,1276.7,12941,Parasnath Express (PT),true,,17:45,10:10,,,tue
ASN,BVC,train,2260,1276.7,12942,Parasnath Express (PT),true,,19:45,09:25,,,tue
BL,CNB,train,1205,753.1,12943,Udyogkarmi SF Express (PT),true,,22:20,18:25,,,wed
CNB,BL,train,1320,753.1,12944,Udyogkarmi SF Express (PT),true,,08:00,06:00,,,fri
VRL,BNRS,train,2065,1100.4,12945,Veraval - Banaras SF Express (PT),true,,04:30,14:55,,,mon
BNRS,VRL,train,2105,1100.4,12946,Banaras - Veraval SF Express (PT),true,,07:30,18:35,,,wed
ADI,RGD,train,2015,1042.7,12947,Azimabad SF Express (PT),true,,21:50,07:25,,,"mon,wed"
RGD,ADI,train,1850,1042.7,12948,Azimabad SF Express (PT),true,,21:00,03:50,,,"wed,fri"
PBR,SRC,train,2780,1455.1,12949,Porbandar - Santragachi Kavi Guru SF Express (PT),true,,09:10,07:30,,,fri
SRC,PBR,train,2750,1455.1,12950,Santragachi - Porbandar Kavi Guru SF Express (PT),true,,19:50,17:40,,,sun
MMCT,NDLS,train,932,1803.2,12951,Mumbai Central - New Delhi Tejas Rajdhani Express,true,,17:00,08:32,,,"sun,mon,tue,wed,thu,fri,sat"
NDLS,MMCT,train,940,1803.2,12952,New Delhi - Mumbai Central Tejas Rajdhani Express,true,,16:55,08:35,,,"sun,mon,tue,wed,thu,fri,sat"
MMCT,NZM,train,993,1793.6,12953,August Kranti Tejas Rajdhani Express,true,,17:10,09:43,,,"sun,mon,tue,wed,thu,fri,sat"
NZM,MMCT,train,1010,1793.6,12954,August Kranti Tejas Rajdhani Express,true,,17:15,10:05,,,"sun,mon,tue,wed,thu,fri,sat"
MMCT,JP,train,1015,678.2,12955,Mumbai Central - Jaipur SF Express (PT),true,,19:05,12:00,,,"sun,mon,tue,wed,thu,fri,sat"
JP,MMCT,train,1015,678.2,12956,Jaipur - Mumbai Central SF Express (PT),true,,14:00,06:55,,,"sun,mon,tue,wed,thu,fri,sat"
SBIB,NDLS,train,730,1257.2,12957,Swarna Jayanti Rajdhani Express,true,,19:20,07:30,,,"sun,mon,tue,wed,thu,fri,sat"
NDLS,SBIB,train,730,1257.2,12958,Swarna Jayanti Rajdhani Express,true,,19:55,08:05,,,"sun,mon,tue,wed,thu,fri,sat"
BDTS,BHUJ,train,1025,582.5,12959,Bandra Terminus - Bhuj Weekly SF Express (PT),true,,16:45,09:50,,,sun
BHUJ,BDTS,train,1040,582.5,12960,Bhuj - Bandra Terminus Weekly SF Express (PT),true,,18:00,11:20,,,mon
MMCT,INDB,train,730,506.6,12961,Avantika SF Express (PT),true,,20:55,09:05,,,"sun,mon,tue,wed,thu,fri,sat"
INDB,MMCT,train,775,506.6,12962,Avantika SF Express (PT),true,,17:45,06:40,,,"sun,mon,tue,wed,thu,fri,sat"
NZM,UDZ,train,785,461.4,12963,Mewar SF Express,true,,18:25,07:30,,,"sun,mon,tue,wed,thu,fri,sat"
UDZ,NZM,train,740,461.4,12964,Mewar SF Express (PT),true,,18:30,06:50,,,"sun,mon,tue,wed,thu,fri,sat"
BDTS,BHUJ,train,1025,582.5,12965,Bandra Terminus - Bhuj Weekly SF Express,true,,12:45,05:50,,,tue
BHUJ,BDTS,train,1040,582.5,12966,Bhuj - Bandra Terminus Weekly SF Express (PT),true,,18:00,11:20,,,fri
MAS,JP,train,2225,1210.7,12967,MGR Chennai Central - Jaipur SF Express (PT),true,,17:40,06:45,,,"sun,tue"
JP,MAS,train,2205,1210.7,12968,Jaipur - MGR Chennai Central SF Express (PT),true,,19:35,08:20,,,"sun,fri"
CBE,JP,train,2720,1468.1,12969,Coimbatore - Jaipur SF Express (PT),true,,09:25,06:45,,,fri
JP,CBE,train,2715,1468.1,12970,Jaipur - Coimbatore SF Express (PT),true,,19:35,16:50,,,tue
BDTS,BVC,train,775,480.6,12971,Bandra Terminus - Bhavnagar Terminus SF Express (PT),true,,19:10,08:05,,,"sun,mon,tue,wed,thu,fri,sat"
BVC,BDTS,train,830,480.6,12972,Bhavnagar Terminus - Bandra Terminus SF Express (PT),true,,18:30,08:20,,,"sun,mon,tue,wed,thu,fri,sat"
INDB,JP,train,580,387.0,12973,Indore - Jaipur SF Express,true,,22:20,08:00,,,"mon,sat"
JP,INDB,train,565,387.0,12974,Jaipur - Indore SF Express (PT),true,,21:00,06:25,,,"sun,fri"
MYS,JP,train,2655,1365.1,12975,Mysuru - Jaipur SF Express (PT),true,,10:30,06:45,,,"tue,sat"
JP,MYS,train,2665,1364.6,12976,Jaipur - Mysuru SF Express (PT),true,,19:35,16:00,,,"mon,wed"
ERS,AII,train,2675,1404.1,12977,Marusagar SF Express (PT),true,,18:50,15:25,,,sun
AII,ERS,train,2610,1404.1,12978,Marusagar SF Express (PT),true,,10:15,05:45,,,fri
BDTS,JP,train,1020,672.5,12979,Bandra Terminus - Jaipur SF Express (PT),true,,17:05,10:05,,,"tue,thu,sat"
JP,BDTS,train,1015,672.5,12980,Jaipur - Bandra Terminus SF Express (PT),true,,20:20,13:15,,,"mon,wed,fri"
KWP,ASV,train,755,460.3,12981,Khatipura (Jaipur) - Asarva (Ahmedabad) SF Express,true,,20:05,08:40,,,"sun,mon,tue,wed,thu,fri,sat"
ASV,KWP,train,750,460.3,12982,Asarva (Ahmedabad) - Khatipura (Jaipur) SF Express,true,,19:55,08:25,,,"sun,mon,tue,wed,thu,fri,sat"
AII,CDG,train,770,394.6,12983,Ajmer - Chandigarh Garib Rath Express,true,,17:50,06:40,,,"sun,tue,fri"
CDG,AII,train,775,394.6,12984,Chandigarh - Ajmer Garib Rath Express,true,,19:45,08:40,,,"mon,wed,sat"
JP,DEE,train,280,195.9,12985,Jaipur - Delhi Sarai Rohilla AC Double Decker Express,true,,05:45,10:25,,,"sun,mon,tue,wed,thu,fri,sat"
DEE,JP,train,275,195.9,12986,Delhi Sarai Rohilla - Jaipur AC Double Decker Express,true,,17:25,22:00,,,"sun,mon,tue,wed,thu,fri,sat"
SDAH,AII,train,1605,929.9,12987,Sealdah - Ajmer SF Express (PT),true,,22:55,01:40,,,"sun,mon,tue,wed,thu,fri,sat"
AII,SDAH,train,1620,929.9,12988,Ajmer - Sealdah SF Express (PT),true,,12:50,15:50,,,"sun,mon,tue,wed,thu,fri,sat"
DDR,AII,train,985,584.6,12989,Dadar Western - Ajmer SF Express (PT),true,,15:00,07:25,,,"mon,tue,sat"
AII,DDR,train,965,584.6,12990,Ajmer - Dadar Western SF Express (PT),true,,20:45,12:50,,,"sun,wed,fri"
UDZ,JP,train,460,301.2,12991,Udaipur City - Jaipur Intercity Express,true,,06:00,13:40,,,"sun,mon,tue,wed,thu,fri,sat"
JP,UDZ,train,458,301.2,12992,Jaipur - Udaipur City Intercity Express,true,,14:10,21:48,,,"sun,mon,tue,wed,thu,fri,sat"
GIMB,PURI,train,2370,1263.7,12993,Gandhidham - Puri Weekly SF Express (via Bhubaneswar) (PT),true,,23:10,14:40,,,fri
PURI,GIMB,train,2380,1263.7,12994,Puri - Gandhidham Weekly SF Express (via Bhubaneswar) (PT),true,,19:45,11:25,,,mon
BDTS,AII,train,1020,603.8,12995,Bandra Terminus - Ajmer SF Express (PT),true,,17:05,10:05,,,"sun,wed,fri"
AII,BDTS,train,1065,603.8,12996,Ajmer - Bandra Terminus SF Express (PT),true,,20:30,14:15,,,"tue,thu,sat"
BDTS,BME,train,1065,527.1,12997,Bandra Terminus - Barmer Humsafar Express,true,,23:55,17:40,,,wed
BME,BDTS,train,1020,527.1,12998,Barmer - Bandra Terminus Humsafar Express,true,,22:50,15:50,,,tue
HWH,ASR,train,2240,934.1,13005,Howrah - Amritsar Mail (PT),true,,19:20,08:40,,,"sun,mon,tue,wed,thu,fri,sat"
ASR,HWH,train,2220,934.1,13006,Amritsar - Howrah Mail,true,,18:25,07:25,,,"sun,mon,tue,wed,thu,fri,sat"
HWH,YNRK,train,2085,760.2,13009,Doon Express (PT),true,,20:25,07:10,,,"sun,mon,tue,wed,thu,fri,sat"
YNRK,HWH,train,2045,760.2,13010,Doon Express (PT),true,,20:55,07:00,,,"sun,mon,tue,wed,thu,fri,sat"
HWH,MLDT,train,465,212.8,13011,Howrah - Malda Town Intercity Express (via Rampurhat) (PT),true,,15:25,23:10,,,"sun,mon,tue,wed,thu,fri,sat"
MLDT,HWH,train,415,212.8,13012,Malda Town - Howrah Intercity Express (via Rampurhat) (PT),true,,04:30,11:25,,,"sun,mon,tue,wed,thu,fri,sat"
HWH,JMP,train,620,263.4,13015,Howrah - Jamalpur Kavi Guru Express,true,,10:55,21:15,,,"sun,mon,tue,wed,thu,fri,sat"
JMP,HWH,train,605,263.4,13016,Jamalpur - Howrah Kavi Guru Express,true,,06:25,16:30,,,"sun,mon,tue,wed,thu,fri,sat"
HWH,AZ,train,370,183.3,13017,Ganadevta Express,true,,06:05,12:15,,,"sun,mon,tue,wed,thu,fri,sat"
AZ,HWH,train,350,183.3,13018,Ganadevta Express,true,,16:00,21:50,,,"sun,mon,tue,wed,thu,fri,sat"
HWH,KGM,train,2150,750.5,13019,Bagh Express (PT),true,,21:40,09:30,,,"sun,mon,tue,wed,thu,fri,sat"
KGM,HWH,train,2245,750.5,13020,Bagh Express,true,,21:50,11:15,,,"sun,mon,tue,wed,thu,fri,sat"
HWH,RXL,train,1045,373.8,13021,Mithila Express (PT),true,,15:50,09:15,,,"sun,mon,tue,wed,thu,fri,sat"
RXL,HWH,train,1070,373.8,13022,Mithila Express (PT),true,,10:10,04:00,,,"sun,mon,tue,wed,thu,fri,sat"
HWH,GAYA,train,895,355.8,13023,Howrah - Gaya Express (PT),true,,20:00,10:55,,,"sun,mon,tue,wed,thu,fri,sat"
GAYA,HWH,train,905,355.8,13024,Gaya - Howrah Express (PT),true,,12:10,03:15,,,"sun,mon,tue,wed,thu,fri,sat"
HWH,BPL,train,1785,723.8,13025,Howrah - Bhopal Weekly Express (PT),true,,12:35,18:20,,,mon
BPL,HWH,train,1785,723.8,13026,Bhopal - Howrah Weekly Express,true,,09:30,15:15,,,wed
HWH,AZ,train,335,183.3,13027,Howrah - Azimganj Kaviguru Express,true,,22:40,04:15,,,"sun,mon,tue,wed,thu,fri,sat"
AZ,HWH,train,345,183.3,13028,Azimganj - Howrah Kaviguru Express,true,,08:10,13:55,,,"sun,mon,tue,wed,thu,fri,sat"
HWH,MKA,train,680,264.3,13029,Howrah - Mokama Express,true,,23:20,10:40,,,"sun,mon,tue,wed,thu,fri,sat"
MKA,HWH,train,745,264.3,13030,Mokama - Howrah Express,true,,15:00,03:25,,,"sun,mon,tue,wed,thu,fri,sat"
HWH,JYG,train,1480,386.2,13031,Howrah - Jaynagar Express (UnReserved),true,,11:25,12:05,,,"sun,mon,tue,wed,thu,fri,sat"
JYG,HWH,train,1600,386.2,13032,Jaynagar - Howrah Express (UnReserved),true,,18:35,21:15,,,"sun,mon,tue,wed,thu,fri,sat"
HWH,KIR,train,630,250.0,13033,Howrah - Katihar Express (PT),true,,23:35,10:05,,,"sun,mon,tue,wed,thu,fri,sat"
KIR,HWH,train,670,250.0,13034,Katihar - Howrah Express (PT),true,,15:30,02:40,,,"sun,mon,tue,wed,thu,fri,sat"
HWH,DDN,train,1750,785.9,13035,Upasana Express (PT),true,,13:00,18:10,,,"tue,fri"
DDN,HWH,train,1770,785.9,13036,Upasana Express (PT),true,,21:45,03:15,,,"wed,sat"
HWH,DDN,train,1750,785.9,13037,Kumbh Express (PT),true,,13:00,18:10,,,"sun,mon,wed,thu,sat"
DDN,HWH,train,1770,785.9,13038,Kumbh Express,true,,21:45,03:15,,,"sun,mon,tue,thu,fri"
HWH,JAT,train,2225,984.7,13041,Himgiri Express (PT),true,,23:55,13:00,,,"tue,fri,sat"
JAT,HWH,train,2205,984.2,13042,Himgiri Express,true,,22:45,11:30,,,"sun,mon,tue"
HWH,RXL,train,905,376.5,13043,Howrah - Raxaul Express (PT),true,,23:00,14:05,,,"wed,fri"
RXL,HWH,train,915,376.5,13044,Raxaul - Howrah Express (PT),true,,21:00,12:15,,,"tue,sat"
HWH,DGHR,train,490,247.3,13045,Mayurakshi Express,true,,16:25,00:35,,,"sun,mon,tue,wed,thu,fri,sat"
DGHR,HWH,train,500,247.3,13046,Mayurakshi Express,true,,03:15,11:35,,,"sun,mon,tue,wed,thu,fri,sat"
HWH,PRRB,train,965,461.2,13047,Vibhuti Express (PT),true,,19:55,12:00,,,"sun,mon,tue,wed,thu,fri,sat"
PRRB,HWH,train,955,460.7,13048,Vibhuti Express (PT),true,,15:40,07:35,,,"sun,mon,tue,wed,thu,fri,sat"
HWH,KLK,train,1745,843.4,13051,Netaji Express (PT),true,,21:55,03:00,,,"sun,mon,tue,wed,thu,fri,sat"
KLK,HWH,train,1930,843.4,13052,Netaji Express,true,,23:55,08:05,,,"sun,mon,tue,wed,thu,fri,sat"
HWH,RDP,train,605,279.0,13053,Kulik Express (PT),true,,08:55,19:00,,,"sun,mon,tue,wed,thu,fri,sat"
RDP,HWH,train,590,279.0,13054,Kulik Express,true,,05:30,15:20,,,"sun,mon,tue,wed,thu,fri,sat"
HWH,BLGT,train,605,256.9,13063,Howrah - Balurghat Express,true,,07:50,17:55,,,"mon,tue,wed,thu,fri"
BLGT,HWH,train,535,256.9,13064,Balurghat - Howrah Express (PT),true,,20:30,05:25,,,"mon,tue,wed,thu,fri"
HWH,ANVT,train,1660,748.4,13065,Howrah - Anand Vihar Terminal Amrit Bharat Express,true,,23:10,02:50,,,tue
ANVT,HWH,train,1775,748.4,13066,Anand Vihar Terminal - Howrah Amrit Bharat Express,true,,05:15,10:50,,,sun
HWH,JMP,train,585,269.8,13071,Howrah - Jamalpur Express (PT),true,,21:30,07:15,,,"sun,mon,tue,wed,thu,fri,sat"
JMP,HWH,train,545,269.8,13072,Jamalpur - Howrah Express (PT),true,,20:30,05:35,,,"sun,mon,tue,wed,thu,fri,sat"
SDAH,LGL,train,260,159.9,13103,Bhagirathi Express,true,,18:20,22:40,,,"sun,mon,tue,wed,thu,fri,sat"
LGL,SDAH,train,265,159.9,13104,Bhagirathi Express (PT),true,,06:00,10:25,,,"sun,mon,tue,wed,thu,fri,sat"
SDAH,BUI,train,950,367.8,13105,Sealdah - Ballia Express (PT),true,,13:40,05:30,,,"sun,mon,tue,wed,thu,fri,sat"
BUI,SDAH,train,1035,367.8,13106,Ballia - Sealdah Express (PT),true,,08:50,02:05,,,"sun,mon,tue,wed,thu,fri,sat"
KOAA,LGL,train,255,158.5,13113,Hazarduari Express (PT),true,,06:50,11:05,,,"sun,mon,tue,wed,thu,fri,sat"
LGL,KOAA,train,275,158.5,13114,Hazarduari Express (PT),true,,16:50,21:25,,,"sun,mon,tue,wed,thu,fri,sat"
SDAH,JPE,train,725,331.8,13115,Sealdah - Jalpaiguri Road Humsafar Express,true,,23:40,11:45,,,fri
JPE,SDAH,train,700,331.8,13116,Jalpaiguri Road - Sealdah Humsafar Express,true,,20:30,08:10,,,sun
KOAA,LGL,train,260,158.5,13117,Dhano Dhanye Express,true,,16:10,20:30,,,"sun,tue,thu,fri"
LGL,KOAA,train,240,158.5,13118,Dhano Dhanye Express,true,,07:20,11:20,,,"mon,wed,fri,sat"
KOAA,GCT,train,850,396.8,13121,Kolkata - Ghazipur City Weekly Express (PT),true,,20:05,10:15,,,sun
GCT,KOAA,train,935,396.8,13122,Ghazipur City - Kolkata Weekly Express,true,,13:55,05:30,,,mon
KOAA,SANG,train,1905,736.3,13125,Kolkata - Sairang Express,true,,10:45,18:30,,,"tue,wed,sat"
SANG,KOAA,train,1910,736.3,13126,Sairang - Kolkata Express (PT),true,,06:40,14:30,,,"mon,tue,fri"
KOAA,ARA,train,700,330.8,13127,Kolkata - Ara Garib Rath Express,true,,20:05,07:45,,,"tue,thu,sat"
ARA,KOAA,train,660,330.8,13128,Ara - Kolkata Garib Rath Express,true,,18:30,05:30,,,"sun,wed,fri"
KOAA,JYG,train,830,340.2,13135,Kolkata - Jaynagar Weekly Express (PT),true,,20:55,10:45,,,sun
JYG,KOAA,train,865,340.2,13136,Jaynagar - Kolkata Weekly Express,true,,12:35,03:00,,,sun
KOAA,AMH,train,1115,417.9,13137,Kolkata - Azamgarh Weekly Express,true,,11:25,06:00,,,mon
AMH,KOAA,train,1140,417.9,13138,Azamgarh - Kolkata Weekly Express (PT),true,,08:00,03:00,,,tue
SDAH,NOQ,train,940,385.7,13141,Teesta Torsa Express (PT),true,,15:00,06:40,,,"sun,mon,tue,wed,thu,fri,sat"
NOQ,SDAH,train,945,385.7,13142,Teesta Torsa Express (PT),true,,11:50,03:35,,,"sun,mon,tue,wed,thu,fri,sat"
KOAA,RDP,train,660,275.3,13145,Kolkata - Radhikapur Express,true,,20:40,07:40,,,"sun,mon,tue,wed,thu,fri,sat"
RDP,KOAA,train,590,275.3,13146,Radhikapur - Kolkata Express (PT),true,,20:45,06:35,,,"sun,mon,tue,wed,thu,fri,sat"
SDAH,BXT,train,905,399.5,13147,Uttarbanga Express (PT),true,,19:40,10:45,,,"sun,mon,tue,wed,thu,fri,sat"
BXT,SDAH,train,885,399.5,13148,Uttarbanga Express (PT),true,,14:05,04:50,,,"sun,mon,tue,wed,thu,fri,sat"
SDAH,APDJ,train,970,401.4,13149,Kanchankanya Express (PT),true,,20:30,12:40,,,"sun,mon,tue,wed,thu,fri,sat"
APDJ,SDAH,train,1000,401.4,13150,Kanchankanya Express (PT),true,,15:40,08:20,,,"sun,mon,tue,wed,thu,fri,sat"
KOAA,JAT,train,2705,968.6,13151,Kolkata - Jammu Tawi Express (PT),true,,11:45,08:50,,,"sun,mon,tue,wed,thu,fri,sat"
JAT,KOAA,train,2590,968.6,13152,Jammu Tawi - Kolkata Express,true,,20:30,15:40,,,"sun,mon,tue,wed,thu,fri,sat"
SDAH,MLDT,train,480,216.0,13153,Gour Express (PT),true,,22:05,06:05,,,"sun,mon,tue,wed,thu,fri,sat"
MLDT,SDAH,train,440,216.0,13154,Gour Express (PT),true,,21:20,04:40,,,"sun,mon,tue,wed,thu,fri,sat"
KOAA,SMI,train,860,340.2,13155,Mithilanchal Express (PT),true,,20:55,11:15,,,"sun,tue"
SMI,KOAA,train,865,340.2,13156,Mithilanchal Express,true,,12:35,03:00,,,"mon,fri"
KOAA,MFP,train,730,315.8,13157,Tirhut Express (PT),true,,20:55,09:05,,,tue
MFP,KOAA,train,760,315.8,13158,Tirhut Express,true,,14:20,03:00,,,wed
KOAA,JBN,train,795,306.6,13159,Kolkata - Jogbani Express (PT),true,,21:45,11:00,,,"mon,wed,fri"
JBN,KOAA,train,710,306.6,13160,Jogbani - Kolkata Express (PT),true,,14:45,02:35,,,"tue,thu,sat"
KOAA,BLGT,train,545,257.9,13161,Tebhaga Express,true,,12:55,22:00,,,"sun,mon,tue,wed,thu,fri"
BLGT,KOAA,train,525,257.9,13162,Tebhaga Express (PT),true,,05:30,14:15,,,"mon,tue,wed,thu,fri,sat"
SDAH,SHC,train,945,326.4,13163,Hate Bazare Express (via Mansi) (PT),true,,21:15,13:00,,,"sun,mon,wed,fri,sat"
SHC,SDAH,train,900,326.4,13164,Hate Bazare Express (via Mansi),true,,14:15,05:15,,,"sun,mon,tue,thu,sat"
KOAA,SMI,train,765,334.7,13165,Kolkata - Sitamarhi Express (PT),true,,23:35,12:20,,,sun
SMI,KOAA,train,810,340.2,13166,Sitamarhi - Kolkata Express,true,,22:55,12:25,,,sun
KOAA,AGC,train,1650,728.9,13167,Kolkata - Agra Cantt. Weekly Express (PT),true,,12:10,15:40,,,tue
AGC,KOAA,train,1670,728.9,13168,Agra Cantt. - Kolkata Weekly Express (PT),true,,05:00,08:50,,,sun
SDAH,SHC,train,900,311.7,13169,Hate Bazare Express (via Purnea) (PT),true,,21:15,12:15,,,"tue,thu"
SHC,SDAH,train,870,311.7,13170,Hate Bazare Express (via Purnea),true,,14:45,05:15,,,"wed,fri"
SDAH,SBRM,train,2300,820.9,13173,Sealdah - Sabroom Kanchanjungha Express (PT),true,,06:50,21:10,,,"sun,tue,thu,fri"
SBRM,SDAH,train,2230,820.9,13174,Sabroom - Sealdah Kanchanjungha Express (PT),true,,06:10,19:20,,,"sun,tue,thu,sat"
SDAH,SCL,train,1910,680.1,13175,Sealdah - Silchar Kanchanjungha Express (PT),true,,06:50,14:40,,,"mon,wed,sat"
SCL,SDAH,train,1905,680.1,13176,Silchar - Sealdah Kanchanjungha Express (PT),true,,11:35,19:20,,,"mon,wed,fri"
SDAH,JRLE,train,380,174.1,13177,Sealdah - Jangipur Road Express (UnReserved),true,,05:35,11:55,,,"mon,tue,wed,thu,fri,sat"
JRLE,SDAH,train,420,174.1,13178,Jangipur Road - Sealdah Express (UnReserved),true,,13:20,20:20,,,"mon,tue,wed,thu,fri,sat"
SDAH,SURI,train,300,169.1,13179,Sealdah - Siuri MEMU Express (UnReserved),true,,17:17,22:17,,,"sun,mon,tue,wed,thu,fri,sat"
SURI,SDAH,train,292,169.1,13180,Siuri - Sealdah MEMU Express (UnReserved),true,,05:05,09:57,,,"sun,mon,tue,wed,thu,fri,sat"
KOAA,SHTT,train,1385,595.5,13181,Kaziranga Express (PT),true,,09:05,08:10,,,mon
SHTT,KOAA,train,1340,595.5,13182,Kaziranga Express (PT),true,,13:45,12:05,,,tue
SDAH,JYG,train,905,341.6,13185,Gangasagar Express (PT),true,,17:50,08:55,,,"sun,mon,tue,wed,thu,fri,sat"
JYG,SDAH,train,890,341.6,13186,Gangasagar Express (PT),true,,16:10,07:00,,,"sun,mon,tue,wed,thu,fri,sat"
SDAH,RPH,train,275,159.0,13187,Maa Tara Express,true,,07:20,11:55,,,"sun,mon,tue,wed,thu,fri,sat"
RPH,SDAH,train,275,159.0,13188,Maa Tara Express,true,,14:10,18:45,,,"sun,mon,tue,wed,thu,fri,sat"
SDAH,BLGT,train,600,259.7,13189,Sealdah - Balurghat Express (PT),true,,22:30,08:30,,,"sun,mon,tue,wed,thu,fri,sat"
BLGT,SDAH,train,565,259.7,13190,Balurghat - Sealdah Express (PT),true,,19:00,04:25,,,"sun,mon,tue,wed,thu,fri,sat"
RGD,LTT,train,2285,877.5,13201,Rajgir - Mumbai LTT Janta Express (PT),true,,20:45,10:50,,,"sun,mon,tue,wed,thu,fri,sat"
LTT,RGD,train,2200,877.5,13202,Mumbai LTT - Rajgir Janta Express,true,,14:45,03:25,,,"sun,mon,tue,wed,thu,fri,sat"
PRNC,PPTA,train,505,197.1,13205,Purnia Court - Patliputra Janhit Express,true,,20:25,04:50,,,"sun,tue,wed,thu,sat"
PPTA,PRNC,train,520,197.1,13206,Patliputra - Purnia Court Janhit Express,true,,09:20,18:00,,,"sun,tue,wed,thu,sat"
JSME,PNBE,train,480,156.7,13207,Jasidih - Patna MEMU Express (UnReserved),true,,17:10,01:10,,,"sun,mon,tue,wed,thu,fri,sat"
PNBE,JSME,train,477,156.7,13208,Patna - Jasidih MEMU Express (UnReserved),true,,08:55,16:52,,,"sun,mon,tue,wed,thu,fri,sat"
PNBE,DDU,train,430,152.1,13209,Patna - Pt. Deen Dayal Upadhyaya Jn. MEMU Express (UnReserved),true,,07:30,14:40,,,"sun,mon,tue,wed,thu,fri,sat"
DDU,PNBE,train,385,152.1,13210,Pt. Deen Dayal Upadhyaya Jn. - Patna MEMU Express (UnReserved),true,,15:35,22:00,,,"sun,mon,tue,wed,thu,fri,sat"
JBN,DNR,train,660,207.7,13211,Jogbani - Danapur Intercity Express,true,,04:45,15:45,,,"sun,mon,tue,wed,thu,fri,sat"
DNR,JBN,train,625,207.7,13212,Danapur - Jogbani Intercity Express,true,,06:05,16:30,,,"sun,mon,tue,wed,thu,fri,sat"
JBN,SHC,train,275,112.5,13213,Jogbani - Saharsa Express,true,,17:00,21:35,,,"sun,mon,tue,wed,thu,fri,sat"
SHC,JBN,train,300,112.5,13214,Saharsa - Jogbani Express,true,,22:55,03:55,,,"sun,mon,tue,wed,thu,fri,sat"
JYG,ARA,train,630,182.4,13225,Jaynagar - Ara InterCity Express,true,,10:50,21:20,,,"sun,mon,tue,wed,thu,fri,sat"
ARA,JYG,train,570,182.4,13226,Ara - Jaynagar InterCity Express,true,,05:30,15:00,,,"sun,mon,tue,wed,thu,fri,sat"
SHC,RJPB,train,390,152.5,13227,Saharsa - Rajendra Nagar Terminal InterCity Express,true,,15:05,21:35,,,"sun,mon,tue,wed,thu,fri,sat"
RJPB,SHC,train,375,152.5,13228,Rajendra Nagar Terminal - Saharsa InterCity Express,true,,07:15,13:30,,,"sun,mon,tue,wed,thu,fri,sat"
GODA,RJPB,train,520,204.5,13229,Godda - Rajendra Nagar Terminal Weekly Express,true,,07:15,15:55,,,sun
RJPB,GODA,train,485,204.5,13230,Rajendra Nagar Terminal - Godda Weekly Express,true,,22:15,06:20,,,fri
KQR,DNR,train,425,174.1,13233,Koderma - Danapur Intercity Express,true,,14:40,21:45,,,"sun,mon,tue,wed,thu,fri,sat"
DNR,KQR,train,450,174.1,13234,Danapur - Koderma Intercity Express,true,,06:40,14:10,,,"sun,mon,tue,wed,thu,fri,sat"
SBG,DNR,train,550,195.3,13235,Sahibganj - Danapur InterCity Express (PT),true,,15:20,00:30,,,"mon,tue,wed,thu,fri,sat"
DNR,SBG,train,510,195.3,13236,Danapur - Sahibganj InterCity Express,true,,05:15,13:45,,,"mon,tue,wed,thu,fri,sat"
PNBE,KOTA,train,1450,643.3,13237,Patna - Kota Express (via Ayodhya Cantt) (PT),true,,11:45,11:55,,,"sun,tue,sat"
KOTA,PNBE,train,1520,643.3,13238,Kota - Patna Express (via Ayodhya Cantt) (PT),true,,18:10,19:30,,,"sun,tue,fri"
PNBE,KOTA,train,1450,624.5,13239,Patna - Kota Express (via Sultanpur) (PT),true,,11:45,11:55,,,"mon,wed,thu,fri"
KOTA,PNBE,train,1520,624.5,13240,Kota - Patna Express (via Sultanpur) (PT),true,,18:10,19:30,,,"mon,tue,wed,sat"
BAKA,RJPB,train,430,180.1,13241,Banka - Rajendra Nagar Terminal Intercity Express,true,,08:45,15:55,,,"sun,mon,tue,wed,thu,fri"
RJPB,BAKA,train,405,180.1,13242,Rajendra Nagar Terminal - Banka Intercity Express,true,,23:55,06:40,,,"sun,mon,tue,wed,thu,sat"
PNBE,BBU,train,370,166.8,13243,Patna - Bhabua Road InterCity Express (via Gaya),true,,17:45,23:55,,,"sun,mon,tue,wed,thu,fri,sat"
BBU,PNBE,train,375,166.8,13244,Bhabua Road - Patna InterCity Express (via Gaya),true,,04:00,10:15,,,"sun,mon,tue,wed,thu,fri,sat"
NJP,ARA,train,870,315.8,13245,New Jalpaiguri - Ara Capital Express (PT),true,,15:15,05:45,,,"sun,mon,sat"
ARA,NJP,train,940,315.8,13246,Ara - New Jalpaiguri Capital Express (PT),true,,21:05,12:45,,,"tue,fri,sat"
KYQ,ARA,train,1450,517.3,13247,Kamakhya - Ara Capital Express (PT),true,,05:35,05:45,,,"tue,wed,thu,fri"
ARA,KYQ,train,1515,517.3,13248,Ara - Kamakhya Capital Express (PT),true,,21:05,22:20,,,"sun,mon,tue,wed"
PNBE,BBU,train,295,144.2,13249,Patna - Bhabua Road Intercity Express (via Ara),true,,05:15,10:10,,,"sun,mon,tue,wed,thu,fri,sat"
BBU,PNBE,train,320,144.2,13250,Bhabua Road - Patna Intercity Express (via Ara),true,,11:10,16:30,,,"sun,mon,tue,wed,thu,fri,sat"
PNBE,ANVT,train,1215,507.6,13251,Patna - Anand Vihar Terminal Express (PT),true,,22:20,18:35,,,"sun,tue"
ANVT,PNBE,train,1145,507.6,13252,Anand Vihar Terminal - Patna Express,true,,23:30,18:35,,,"mon,fri"
DNR,ANVT,train,1115,514.5,13257,Danapur - Anand Vihar Terminal Jan Sadharan Express (UnReserved),true,,15:50,10:25,,,"sun,mon,tue,wed,thu,fri,sat"
ANVT,DNR,train,1075,514.5,13258,Anand Vihar Terminal - Danapur Jan Sadharan Express (UnReserved),true,,13:35,07:30,,,"sun,mon,tue,wed,thu,fri,sat"
DBRG,RJPB,train,1905,727.5,13281,Dibrugarh - Rajendra Nagar Terminal Express (PT),true,,05:00,12:45,,,mon
RJPB,DBRG,train,1900,727.5,13282,Rajendra Nagar Terminal - Dibrugarh Express (PT),true,,14:45,22:25,,,sun
DURG,ARA,train,1600,589.1,13287,South Bihar Express (PT),true,,06:50,09:30,,,"sun,mon,tue,wed,thu,fri,sat"
ARA,DURG,train,1555,589.1,13288,South Bihar Express (PT),true,,18:45,20:40,,,"sun,mon,tue,wed,thu,fri,sat"
DHN,ADTP,train,395,138.7,13301,Swarna Rekha Express,true,,05:30,12:05,,,"sun,mon,tue,wed,thu,fri,sat"
ADTP,DHN,train,410,138.7,13302,Swarna Rekha Express,true,,15:35,22:25,,,"sun,mon,tue,wed,thu,fri,sat"
DHN,RNC,train,260,129.5,13303,Dhanbad - Ranchi Intercity Express,true,,05:40,10:00,,,"sun,mon,tue,wed,thu,fri,sat"
RNC,DHN,train,265,129.5,13304,Ranchi - Dhanbad Intercity Express,true,,17:05,21:30,,,"sun,mon,tue,wed,thu,fri,sat"
DHN,SSM,train,440,193.9,13305,Dhanbad - Sasaram Intercity Express,true,,05:30,12:50,,,"sun,mon,tue,wed,thu,fri,sat"
SSM,DHN,train,420,193.9,13306,Sasaram - Dhanbad Intercity Express,true,,15:30,22:30,,,"sun,mon,tue,wed,thu,fri,sat"
DHN,FZR,train,2170,791.9,13307,Ganga Sutlej Express (PT),true,,21:50,10:00,,,"sun,mon,tue,wed,thu,fri,sat"
FZR,DHN,train,2175,791.9,13308,Ganga Sutlej Express,true,,16:40,04:55,,,"sun,mon,tue,wed,thu,fri,sat"
CPU,PRYJ,train,420,157.6,13309,Chopan - Prayagraj Express (UnReserved),true,,06:00,13:00,,,"sun,mon,tue,wed,thu,fri,sat"
PRYJ,CPU,train,515,157.6,13310,Prayagraj - Chopan Express (UnReserved),true,,14:50,23:25,,,"sun,mon,tue,wed,thu,fri,sat"
DUMK,RNC,train,565,236.7,13319,Dumka - Ranchi Intercity Express,true,,03:30,12:55,,,"sun,mon,tue,wed,thu,fri,sat"
RNC,DUMK,train,600,236.7,13320,Ranchi - Dumka Intercity Express,true,,12:55,22:55,,,"sun,mon,tue,wed,thu,fri,sat"
DHN,PNBE,train,355,189.3,13329,Ganga Damodar Express,true,,23:20,05:15,,,"sun,mon,tue,wed,thu,fri,sat"
PNBE,DHN,train,360,189.3,13330,Ganga Damodar Express,true,,23:20,05:20,,,"sun,mon,tue,wed,thu,fri,sat"
DHN,PNBE,train,565,224.7,13331,Dhanbad - Patna InterCity Express,true,,08:05,17:30,,,"sun,mon,tue,wed,thu,fri,sat"
PNBE,DHN,train,515,224.7,13332,Patna - Dhanbad InterCity Express,true,,08:30,17:05,,,"sun,mon,tue,wed,thu,fri,sat"
DUMK,PNBE,train,415,210.0,13333,Dumka - Patna Express,true,,14:05,21:00,,,"sun,mon,tue,wed,thu,fri,sat"
PNBE,DUMK,train,410,210.0,13334,Patna - Dumka Express (PT),true,,06:35,13:25,,,"sun,mon,tue,wed,thu,fri,sat"
BSB,SKTN,train,490,160.3,13343,Varanasi - Shaktinagar Intercity MEMU Express (UnReserved),true,,14:00,22:10,,,"tue,fri,sat"
SKTN,BSB,train,465,160.3,13344,Shaktinagar - Varanasi Intercity MEMU Express (UnReserved),true,,05:00,12:45,,,"sun,fri,sat"
BSB,SGRL,train,480,151.6,13345,Varanasi - Singrauli MEMU Intercity Express (UnReserved),true,,14:00,22:00,,,"sun,mon,tue,wed"
SGRL,BSB,train,435,151.6,13346,Singrauli - Varanasi MEMU Intercity Express (UnReserved),true,,05:30,12:45,,,"mon,tue,wed,thu"
BRKA,PNBE,train,740,281.3,13347,Palamu Express,true,,18:30,06:50,,,"sun,mon,tue,wed,thu,fri,sat"
PNBE,BRKA,train,705,281.3,13348,Palamu Express,true,,20:20,08:05,,,"sun,mon,tue,wed,thu,fri,sat"
SGRL,PNBE,train,765,274.9,13349,Singrauli - Patna Express,true,,20:15,09:00,,,"sun,mon,tue,wed,thu,fri,sat"
PNBE,SGRL,train,720,274.9,13350,Patna - Singrauli Express,true,,19:15,07:15,,,"sun,mon,tue,wed,thu,fri,sat"
DHN,ALLP,train,3100,1218.8,13351,Dhanbad - Alappuzha Express (PT),true,,11:35,15:15,,,"sun,mon,tue,wed,thu,fri,sat"
ALLP,DHN,train,3170,1218.8,13352,Alappuzha - Dhanbad Express (PT),true,,06:00,10:50,,,"sun,mon,tue,wed,thu,fri,sat"
RGD,PNBE,train,235,100.5,13353,Rajgir - Patna Intercity Express,true,,15:10,19:05,,,"sun,mon,tue,wed,thu,fri,sat"
PNBE,RGD,train,205,100.5,13354,Patna - Rajgir Intercity Express,true,,09:20,12:45,,,"sun,mon,tue,wed,thu,fri,sat"
DHN,LTT,train,2320,903.2,13379,Dhanbad - Mumbai LTT Weekly Express (PT),true,,23:00,13:40,,,mon
LTT,DHN,train,2345,903.2,13380,Mumbai LTT - Dhanbad Weekly Express,true,,16:55,08:00,,,wed
BGP,DNR,train,430,161.3,13401,Bhagalpur - Danapur Intercity Express,true,,05:25,12:35,,,"sun,mon,tue,wed,thu,fri,sat"
DNR,BGP,train,375,161.3,13402,Danapur - Bhagalpur Intercity Express,true,,16:15,22:30,,,"sun,mon,tue,wed,thu,fri,sat"
RNC,BGP,train,830,309.4,13403,Vananchal Express (PT),true,,19:10,09:00,,,"sun,mon,tue,wed,thu,fri,sat"
BGP,RNC,train,815,309.4,13404,Vananchal Express (PT),true,,19:05,08:40,,,"sun,mon,tue,wed,thu,fri,sat"
MLDT,KIUL,train,415,183.8,13409,Malda Town - Kiul Intercity Express (UnReserved),true,,05:50,12:45,,,"sun,mon,tue,wed,thu,fri,sat"
KIUL,MLDT,train,410,183.8,13410,Kiul - Malda Town Intercity Express (UnReserved),true,,14:00,20:50,,,"sun,mon,tue,wed,thu,fri,sat"
MLDT,PNBE,train,565,240.4,13415,Malda Town - Patna Express (PT),true,,20:20,05:45,,,"sun,wed,fri"
PNBE,MLDT,train,580,240.4,13416,Patna - Malda Town Express,true,,22:05,07:45,,,"mon,tue,sat"
DGHA,MLDT,train,885,356.8,13417,Digha - Malda Town Express,true,,23:40,14:25,,,tue
MLDT,DGHA,train,915,356.8,13418,Malda Town - Digha Express,true,,07:45,23:00,,,tue
BGP,MFP,train,400,165.4,13419,Bhagalpur - Muzaffarpur Jansewa Express,true,,14:05,20:45,,,"sun,mon,tue,wed,thu,fri,sat"
MFP,BGP,train,415,165.4,13420,Muzaffarpur - Bhagalpur Jansewa Express,true,,23:05,06:00,,,"sun,mon,tue,wed,thu,fri,sat"
NDAE,MLDT,train,250,159.4,13421,Nabadwip Dham - Malda Town Express (UnReserved),true,,05:20,09:30,,,"mon,tue"
MLDT,NDAE,train,255,159.4,13422,Malda Town - Nabadwip Dham Express (UnReserved),true,,17:00,21:15,,,"mon,tue"
BGP,AII,train,2010,888.6,13423,Bhagalpur - Ajmer Weekly Humsafar Express (PT),true,,13:25,22:55,,,tue
AII,BGP,train,1960,888.6,13424,Ajmer - Bhagalpur Weekly Humsafar Express,true,,06:20,15:00,,,sun
MLDT,ST,train,2345,1029.7,13425,Malda Town - Surat Express (PT),true,,12:55,04:00,,,sun
ST,MLDT,train,2410,1029.7,13426,Surat - Malda Town Express (PT),true,,14:20,06:30,,,mon
HWH,SBG,train,410,217.4,13427,Howrah - Sahibganj Intercity Express,true,,13:45,20:35,,,"sun,mon,tue,wed,thu,fri,sat"
SBG,HWH,train,410,217.4,13428,Sahibganj - Howrah Intercity Express,true,,05:20,12:10,,,"sun,mon,tue,wed,thu,fri,sat"
MLDT,ANVT,train,1735,704.5,13429,Malda Town - Anand Vihar Terminal Weekly Express (PT),true,,09:30,14:25,,,fri
ANVT,MLDT,train,1825,704.5,13430,Anand Vihar Terminal - Malda Town Weekly Express,true,,17:10,23:35,,,sun
NDAE,BLGT,train,395,208.2,13431,Nabadwip Dham - Balurghat Express,true,,05:20,11:55,,,"sun,tue,wed,fri,sat"
BLGT,NDAE,train,405,208.2,13432,Balurghat - Nabadwip Dham Express,true,,14:30,21:15,,,"sun,tue,wed,fri,sat"
SMVB,MLDT,train,2605,1140.6,13433,SMVT Bengaluru - Malda Town Amrit Bharat Express (PT),true,,13:50,09:15,,,tue
MLDT,SMVB,train,2530,1141.0,13434,Malda Town - SMVT Bengaluru Amrit Bharat Express,true,,08:50,03:00,,,sun
MLDT,GTNR,train,1175,505.0,13435,Malda Town - Gomti Nagar Amrit Bharat Express,true,,20:05,15:40,,,tue
GTNR,MLDT,train,1320,505.0,13436,Gomti Nagar - Malda Town Amrit Bharat Express,true,,18:40,16:40,,,fri
HWH,MLDT,train,395,207.7,13465,Howrah - Malda Town Intercity Express (via Azimganj) (PT),true,,14:00,20:35,,,"sun,mon,tue,wed,thu,fri,sat"
MLDT,HWH,train,395,207.7,13466,Malda Town - Howrah Intercity Express (via Azimganj),true,,06:05,12:40,,,"sun,mon,tue,wed,thu,fri,sat"
BWN,HTE,train,680,215.5,13503,Barddhaman - Hatia MEMU Express (UnReserved),true,,06:30,17:50,,,"sun,mon,tue,wed,thu,fri,sat"
HTE,BWN,train,770,214.2,13504,Hatia - Barddhaman MEMU Express (UnReserved),true,,08:10,21:00,,,"sun,mon,tue,wed,thu,fri,sat"
DGHA,ASN,train,490,226.1,13505,Digha - Asansol Express,true,,14:20,22:30,,,sun
ASN,DGHA,train,430,226.1,13506,Asansol - Digha Express,true,,05:40,12:50,,,sun
ASN,GKP,train,820,350.8,13507,Asansol - Gorakhpur Express,true,,16:05,05:45,,,fri
GKP,ASN,train,875,350.8,13508,Gorakhpur - Asansol Express,true,,20:50,11:25,,,sun
ASN,GD,train,1265,451.1,13509,Asansol - Gonda Express,true,,16:05,13:10,,,tue
GD,ASN,train,1230,451.1,13510,Gonda - Asansol Express,true,,14:55,11:25,,,wed
ADTP,ASN,train,270,128.6,13511,Adityapur - Asansol Express,true,,13:25,17:55,,,"sun,tue,fri"
ASN,ADTP,train,230,128.6,13512,Asansol - Adityapur Express,true,,09:00,12:50,,,"sun,tue,fri"
ASN,HTE,train,590,255.6,13513,Asansol - Hatia Express (UnReserved),true,,04:10,14:00,,,"sun,mon,wed,thu,sat"
HTE,ASN,train,540,255.6,13514,Hatia - Asansol Express (UnReserved),true,,14:45,23:45,,,"sun,mon,wed,thu,sat"
ASN,GAYA,train,485,173.7,13545,Asansol - Gaya MEMU Express (UnReserved),true,,13:45,21:50,,,"sun,mon,tue,wed,thu,fri,sat"
GAYA,ASN,train,435,173.7,13546,Gaya - Asansol MEMU Express (UnReserved),true,,05:45,13:00,,,"sun,mon,tue,wed,thu,fri,sat"
ASN,BSB,train,890,276.3,13553,Asansol - Varanasi MEMU Express (UnReserved),true,,06:30,21:20,,,"sun,mon,tue,wed,thu,fri,sat"
BSB,ASN,train,995,276.3,13554,Varanasi - Asansol MEMU Express (UnReserved),true,,04:15,20:50,,,"sun,mon,tue,wed,thu,fri,sat"
GAYA,DLI,train,1155,522.8,13697,Gaya - Delhi Amrit Bharat Express (PT),true,,16:45,12:00,,,"sun,tue"
DLI,GAYA,train,1140,522.8,13698,Delhi - Gaya Amrit Bharat Express,true,,14:00,09:00,,,"mon,fri"
MLDT,NDLS,train,1740,710.0,14003,Malda Town - New Delhi Express (PT),true,,09:30,14:30,,,"tue,sat"
NDLS,MLDT,train,1775,710.0,14004,New Delhi - Malda Town Express,true,,18:00,23:35,,,"sun,tue"
SMI,ANVT,train,1545,604.7,14005,Lichchavi Express (PT),true,,02:30,04:15,,,"sun,mon,tue,wed,thu,fri,sat"
ANVT,SMI,train,1580,604.7,14006,Lichchavi Express,true,,18:00,20:20,,,"sun,mon,tue,wed,thu,fri,sat"
RXL,ANVT,train,1740,628.2,14007,Raxaul - Anand Vihar Terminal Sadbhavana Express (via Sitamarhi) (PT),true,,23:45,04:45,,,"wed,fri"
ANVT,RXL,train,1775,628.2,14008,Anand Vihar Terminal - Raxaul Sadbhavana Express (via Sitamarhi),true,,16:30,22:05,,,"tue,thu"
BMKI,ANVT,train,1255,498.9,14009,Champaran Satyagrah Express (PT),true,,21:20,18:15,,,"sun,tue,thu"
ANVT,BMKI,train,1225,498.9,14010,Champaran Satyagrah Express,true,,23:45,20:10,,,"mon,wed,sat"
RDP,ANVT,train,1910,708.7,14011,Radhikapur - Anand Vihar Terminal Express (PT),true,,11:00,18:50,,,tue
ANVT,RDP,train,1885,708.7,14012,Anand Vihar Terminal - Radhikapur Express,true,,23:45,07:10,,,sun
SLN,ANVT,train,795,347.6,14013,Sultanpur - Anand Vihar Terminal Sadbhavana Express,true,,15:30,04:45,,,"sun,tue"
ANVT,SLN,train,805,347.6,14014,Anand Vihar Terminal - Sultanpur Sadbhavana Express,true,,16:30,05:55,,,"mon,sat"
RXL,ANVT,train,1790,620.3,14015,Raxaul - Anand Vihar Terminal Sadbhavana Express (Via Sagauli) (PT),true,,22:55,04:45,,,"sun,tue"
ANVT,RXL,train,1780,620.3,14016,Anand Vihar Terminal - Raxaul Sadbhavana Express (Via Sagauli),true,,16:30,22:10,,,"sun,fri"
RXL,ANVT,train,1740,646.6,14017,Raxaul - Anand Vihar Terminal Sadbhavana Express (Via Ayodhya Cantt) (PT),true,,23:45,04:45,,,tue
ANVT,RXL,train,1775,646.6,14018,Anand Vihar Terminal - Raxaul Sadbhavana Express (via Ayodhya Cantt),true,,16:30,22:05,,,wed
PRR,ANVT,train,1810,700.8,14021,Purulia - Anand Vihar Terminal Express (PT),true,,17:00,23:10,,,fri
ANVT,PRR,train,1780,700.8,14022,Anand Vihar Terminal - Purulia Express,true,,05:00,10:40,,,tue
DLI,KKDE,train,330,168.6,14023,Delhi - Kurukshetra DEMU Express (UnReserved),true,,17:55,23:25,,,"sun,mon,tue,wed,thu,fri"
KKDE,DLI,train,300,168.6,14024,Kurukshetra - Delhi DEMU Express (UnReserved),true,,06:00,11:00,,,"mon,tue,wed,thu,fri,sat"
JIND,FZR,train,300,173.7,14027,Jind - Firozpur Cantt Express (UnReserved),true,,07:40,12:40,,,"sun,mon,tue,wed,thu,fri,sat"
FZR,JIND,train,310,173.7,14028,Firozpur Cantt - Jind Express (UnReserved),true,,15:00,20:10,,,"sun,mon,tue,wed,thu,fri,sat"
SGNR,DLI,train,840,289.1,14029,Shri Ganganagar - Delhi Express,true,,01:40,15:40,,,"sun,mon,tue,wed,thu,fri,sat"
MUT,SGNR,train,1020,325.0,14030,Meerut Cantt. - Shri Ganganagar Express,true,,06:40,23:40,,,"sun,mon,tue,wed,thu,fri,sat"
DEE,PTK,train,540,281.3,14035,Dhauladhar Express,true,,23:20,08:20,,,"mon,wed,fri"
PTK,DEE,train,570,281.3,14036,Dhauladhar Express,true,,23:40,09:10,,,"tue,thu,sat"
SCL,NDLS,train,2500,1144.4,14037,Silchar - New Delhi Poorvottar Sampark Kranti Express (PT),true,,19:10,12:50,,,mon
NDLS,SCL,train,2620,1144.4,14038,New Delhi - Silchar Poorvottar Sampark Kranti Express,true,,23:45,19:25,,,tue
SMI,DLI,train,1460,554.0,14047,Sitamarhi - Delhi Amrit Bharat Express (PT),true,,22:20,22:40,,,sun
DLI,SMI,train,1245,554.0,14048,Delhi - Sitamarhi Amrit Bharat Express,true,,14:00,10:45,,,sun
GODA,DLI,train,1385,660.8,14049,Godda - Delhi Weekly Express,true,,10:05,09:10,,,wed
DLI,GODA,train,1485,660.8,14050,Delhi - Godda Weekly Express,true,,15:00,15:45,,,mon
DLI,KRTP,train,540,250.5,14053,Himachal Express,true,,22:50,07:50,,,"sun,mon,tue,wed,thu,fri,sat"
KRTP,DLI,train,485,250.5,14054,Himachal Express,true,,20:55,05:00,,,"sun,mon,tue,wed,thu,fri,sat"
MAU,ANVT,train,990,454.7,14055,Mau - Anand Vihar Terminal Express (Via Prayagraj),true,,10:30,03:00,06-25,,tue
ANVT,MAU,train,885,454.7,14056,Anand Vihar Terminal - Mau Express (Via Prayagraj),true,,15:00,05:45,06-24,,wed
DLI,JSM,train,995,444.2,14087,Runicha Express,true,,08:55,01:30,,,"sun,mon,tue,wed,thu,fri,sat"
JSM,DLI,train,935,444.2,14088,Runicha Express,true,,19:00,10:35,,,"sun,mon,tue,wed,thu,fri,sat"
ANVT,KTW,train,370,185.2,14089,Anand Vihar Terminal - Kotdwar Express,true,,21:45,03:55,,,"sun,mon,tue,wed,thu,fri,sat"
KTW,ANVT,train,405,185.2,14090,Kotdwar - Anand Vihar Terminal Express,true,,21:50,04:35,,,"sun,mon,tue,wed,thu,fri,sat"
PYGS,CNB,train,285,152.5,14101,Prayagraj Sangam - Kanpur Central InterCity Express (UnReserved),true,,16:20,21:05,,,"sun,mon,tue,wed,thu,fri,sat"
CNB,PYGS,train,305,152.5,14102,Kanpur Central - Prayagraj Sangam InterCity Express (UnReserved),true,,09:40,14:45,,,"sun,mon,tue,wed,thu,fri,sat"
CKTD,CNB,train,315,153.0,14109,Chitrakutdham Karwi - Kanpur Central InterCity Express (Via Banda) (UnReserved),true,,14:40,19:55,,,"sun,mon,tue,wed,thu,fri,sat"
CNB,CKTD,train,265,153.0,14110,Kanpur Central - Chitrakutdham Karwi InterCity Express (Via Banda) (UnReserved),true,,11:05,15:30,,,"sun,mon,tue,wed,thu,fri,sat"
MFP,PRYJ,train,805,360.9,14111,Bapudham Express,true,,19:30,08:55,,,"mon,wed"
PRYJ,MFP,train,800,360.9,14112,Bapudham Express,true,,04:50,18:10,,,"mon,wed"
SFG,DDN,train,950,451.1,14113,Subedarganj - Dehradun Express (PT),true,,20:30,12:20,,,"sun,mon,tue,wed,thu,fri,sat"
DDN,SFG,train,1010,451.1,14114,Dehradun - Subedarganj Express,true,,13:05,05:55,,,"sun,mon,tue,wed,thu,fri,sat"
DADN,PRYJ,train,1125,491.1,14115,Dr. Ambedkar Nagar - Prayagraj Express (PT),true,,11:15,06:00,,,"sun,mon,tue,wed,thu,fri,sat"
PRYJ,DADN,train,1110,491.1,14116,Prayagraj - Dr. Ambedkar Nagar Express (PT),true,,15:10,09:40,,,"sun,mon,tue,wed,thu,fri,sat"
PRYJ,BNW,train,1055,423.0,14117,Kalindi Express (PT),true,,15:50,09:25,,,"sun,mon,tue,wed,thu,fri,sat"
BNW,PRYJ,train,1035,423.0,14118,Kalindi Express,true,,19:35,12:50,,,"sun,mon,tue,wed,thu,fri,sat"
KGM,DDN,train,525,209.1,14119,Kathgodam - Dehradun Express (PT),true,,19:55,04:40,,,"sun,mon,tue,wed,thu,fri,sat"
DDN,KGM,train,470,209.1,14120,Dehradun - Kathgodam Express,true,,23:30,07:20,,,"sun,mon,tue,wed,thu,fri,sat"
SFG,LTT,train,1960,851.6,14121,Subedarganj - Mumbai LTT Amrit Bharat Express,true,,12:10,20:50,08-27,,tue
LTT,SFG,train,1955,851.6,14122,Mumbai LTT - Subedarganj Amrit Bharat Express,true,,22:55,07:30,08-28,,fri
MBDP,CNB,train,315,167.7,14123,MBDD Pratapgarh - Kanpur Central InterCity Express (UnReserved),true,,04:25,09:40,,,"sun,mon,tue,wed,thu,fri,sat"
CNB,MBDP,train,325,167.7,14124,Kanpur Central - MBDD Pratapgarh InterCity Express (UnReserved),true,,17:30,22:55,,,"sun,mon,tue,wed,thu,fri,sat"
CNB,ANVT,train,635,275.3,14151,Kanpur Central - Anand Vihar Terminal Express,true,,07:45,18:20,,,sun
ANVT,CNB,train,575,275.3,14152,Anand Vihar Terminal - Kanpur Central Express,true,,20:45,06:20,,,sun
SFG,MTC,train,755,348.0,14163,Sangam Express,true,,17:50,06:25,,,"sun,mon,tue,wed,thu,fri,sat"
MTC,SFG,train,805,348.0,14164,Sangam Express,true,,19:00,08:25,,,"sun,mon,tue,wed,thu,fri,sat"
JNU,RBL,train,325,147.9,14201,Jaunpur Jn. - Rae Bareli Express (UnReserved),true,,16:30,21:55,,,"sun,mon,tue,wed,thu,fri,sat"
RBL,JNU,train,285,147.9,14202,Rae Bareli - Jaunpur Jn. Express (UnReserved),true,,07:35,12:20,,,"sun,mon,tue,wed,thu,fri,sat"
AYC,DLI,train,655,337.4,14205,Ayodhya Cantt. - Delhi Express,true,,17:25,04:20,,,"sun,mon,tue,wed,thu,fri,sat"
DLI,AYC,train,720,337.4,14206,Delhi - Ayodhya Cantt. Express,true,,18:20,06:20,,,"sun,mon,tue,wed,thu,fri,sat"
MBDP,DLI,train,765,358.1,14207,Padmavat Express,true,,17:45,06:30,,,"sun,mon,tue,wed,thu,fri,sat"
DLI,MBDP,train,750,358.1,14208,Padmavat Express,true,,19:50,08:20,,,"sun,mon,tue,wed,thu,fri,sat"
PYGS,LKO,train,255,146.1,14209,Prayagraj Sangam - Lucknow Intercity Express,true,,15:20,19:35,,,"sun,mon,tue,wed,thu,fri,sat"
LKO,PYGS,train,250,146.1,14210,Lucknow - Prayagraj Sangam Intercity Express,true,,07:35,11:45,,,"sun,mon,tue,wed,thu,fri,sat"
AGC,NDLS,train,255,144.7,14211,Gwalior - New Delhi Intercity Express,true,,05:45,10:00,,,"sun,mon,tue,wed,thu,fri,sat"
NDLS,AGC,train,265,144.7,14212,New Delhi - Agra Cantt Intercity Express,true,,17:40,22:05,,,"sun,mon,tue,wed,thu,fri,sat"
BSB,BRK,train,470,199.9,14213,Varanasi - Bahraich Intercity Express,true,,14:00,21:50,,,"sun,mon,tue,wed,thu,fri,sat"
BRK,BSB,train,505,199.9,14214,Bahraich - Varanasi Intercity Express,true,,05:10,13:35,,,"sun,mon,tue,wed,thu,fri,sat"
PYGS,LKO,train,255,146.1,14215,Ganga Gomti Express,true,,05:40,09:55,,,"sun,mon,tue,wed,thu,fri,sat"
LKO,PYGS,train,250,146.1,14216,Ganga Gomti Express,true,,18:15,22:25,,,"sun,mon,tue,wed,thu,fri,sat"
PYGS,CDG,train,1155,464.4,14217,Unchahar Express (PT),true,,14:00,09:15,,,"sun,mon,tue,wed,thu,fri,sat"
CDG,PYGS,train,1100,464.4,14218,Unchahar Express,true,,16:45,11:05,,,"sun,mon,tue,wed,thu,fri,sat"
BSB,LKO,train,360,204.0,14225,Varanasi - Lucknow Intercity Express (via Ayodhya Cantt.) (UnReserved),true,,06:20,12:20,05-28,,"sun,mon,tue,wed,thu,fri,sat"
LKO,BSB,train,360,204.0,14226,Lucknow - Varanasi Intercity Express (via Ayodhya Cantt.) (UnReserved),true,,16:20,22:20,05-28,,"sun,mon,tue,wed,thu,fri,sat"
PYGS,YNRK,train,890,397.2,14229,Prayagraj Sangam - Yog Nagri Rishikesh Express,true,,23:40,14:30,,,"sun,tue,thu"
YNRK,PYGS,train,950,397.2,14230,Yog Nagri Rishikesh - Prayagraj Sangam Express,true,,15:20,07:10,,,"mon,wed,fri"
PYGS,BST,train,405,174.6,14231,Manwar Sangam Express,true,,04:50,11:35,,,"mon,tue,wed,fri,sat"
BST,PYGS,train,380,174.6,14232,Manwar Sangam Express,true,,13:45,20:05,,,"mon,tue,wed,fri,sat"
PYGS,MUR,train,365,146.5,14233,Saryu Express,true,,18:50,00:55,,,"sun,mon,tue,wed,thu,fri,sat"
MUR,PYGS,train,335,146.5,14234,Saryu Express,true,,02:50,08:25,,,"sun,mon,tue,wed,thu,fri,sat"
BSB,BE,train,770,311.7,14235,Varanasi - Bareilly Express,true,,23:05,11:55,,,"sun,mon,tue,wed,thu,fri,sat"
BE,BSB,train,855,311.7,14236,Bareilly - Varanasi Express,true,,16:45,07:00,,,"sun,mon,tue,wed,thu,fri,sat"
PYGS,SRE,train,1010,409.7,14241,Nauchandi Express,true,,17:50,10:40,,,"sun,mon,tue,wed,thu,fri,sat"
SRE,PYGS,train,965,409.7,14242,Nauchandi Express,true,,17:15,09:20,,,"sun,mon,tue,wed,thu,fri,sat"
GAYA,LKO,train,640,296.0,14259,Ekatmata Express (Via MBDD Pratapgarh) (PT),true,,18:50,05:30,,,sun
LKO,GAYA,train,650,296.0,14260,Ekatmata Express (Via MBDD Pratapgarh),true,,23:55,10:45,,,sun
GAYA,LKO,train,580,287.8,14261,Ekatmata Express (Via Sultanpur) (PT),true,,19:25,05:05,,,"wed,fri"
LKO,GAYA,train,650,287.8,14262,Ekatmata Express (Via Sultanpur),true,,23:55,10:45,,,"tue,thu"
DLI,HW,train,345,169.5,14303,Delhi - Haridwar Express (via Meerut) (UnReserved),true,,17:45,23:30,,,"sun,mon,tue,wed,thu,fri,sat"
HW,DLI,train,340,169.5,14304,Haridwar - Delhi Express (via Meerut) (UnReserved),true,,09:00,14:40,,,"sun,mon,tue,wed,thu,fri,sat"
DLI,HW,train,455,161.7,14305,Delhi - Haridwar Express (via Shamli) (UnReserved),true,,10:20,17:55,,,"sun,mon,tue,wed,thu,fri,sat"
HW,DLI,train,455,161.7,14306,Haridwar - Delhi Express (via Shamli) (UnReserved),true,,07:30,15:05,,,"sun,mon,tue,wed,thu,fri,sat"
PYGS,BE,train,570,254.2,14307,Prayagraj Sangam - Bareilly Express,true,,01:20,10:50,,,"sun,mon,tue,wed,thu,fri,sat"
BE,PYGS,train,565,254.2,14308,Bareilly - Prayagraj Sangam Express,true,,17:45,03:10,,,"sun,mon,tue,wed,thu,fri,sat"
LMNR,YNRK,train,1640,582.6,14309,Ujjaini Express (PT),true,,15:25,18:45,,,"wed,thu"
YNRK,LMNR,train,1430,582.6,14310,Ujjaini Express,true,,06:15,06:05,,,"tue,wed"
BE,BHUJ,train,1695,757.9,14311,Ala Hazrat Express (via Mahesana),true,,06:35,10:50,,,"tue,thu,sat"
BHUJ,BE,train,1700,757.9,14312,Ala Hazrat Express (via Mahesana) (PT),true,,16:15,20:35,,,"tue,wed,fri"
LTT,BE,train,1875,789.6,14313,Mumbai LTT - Bareilly Weekly Express (PT),true,,08:05,15:20,,,mon
BE,LTT,train,1730,789.6,14314,Bareilly - Mumbai LTT Weekly Express,true,,11:25,16:15,,,sun
LMNR,YNRK,train,1640,582.6,14317,Laxmi Bai Nagar - Yog Nagari Rishikesh Express (PT),true,,15:25,18:45,,,"sun,sat"
YNRK,LMNR,train,1430,582.6,14318,Yog Nagari Rishikesh - Laxmi Bai Nagar Express,true,,06:15,06:05,,,"fri,sat"
INDB,BE,train,1355,531.1,14319,Indore - Bareilly Weekly Express,true,,16:45,15:20,,,tue
BE,INDB,train,1290,531.1,14320,Bareilly - Indore Weekly Express,true,,11:25,08:55,,,wed
BE,BHUJ,train,1575,704.1,14321,Ala Hazrat Express (via Bhildi),true,,06:35,08:50,,,"sun,mon,wed,fri"
BHUJ,BE,train,1580,704.1,14322,Ala Hazrat Express (via Bhildi) (PT),true,,18:15,20:35,,,"sun,mon,tue,sat"
DLI,KLK,train,325,177.8,14331,Delhi - Kalka Express (via Panipat) (UnReserved),true,,16:15,21:40,,,"sun,mon,tue,wed,thu,fri,sat"
KLK,DLI,train,480,207.7,14332,Kalka - Delhi Express (via Saharanpur) (UnReserved),true,,07:40,15:40,,,"sun,mon,tue,wed,thu,fri,sat"
SSB,DDN,train,705,213.7,14341,Mussoorie Express,true,,21:20,09:05,,,"sun,mon,tue,wed,thu,fri,sat"
DDN,SSB,train,665,213.7,14342,Mussoorie Express,true,,21:20,08:25,,,"sun,mon,tue,wed,thu,fri,sat"
UMB,KRTP,train,265,159.4,14501,Ambala Cantt. - Kartoli Punjab Intercity Express,true,,16:00,20:25,07-19,,"sun,mon,tue,wed,thu,fri,sat"
KRTP,UMB,train,290,159.4,14502,Kartoli Punjab - Ambala Cantt. Intercity Express,true,,08:30,13:20,07-19,,"sun,mon,tue,wed,thu,fri,sat"
KLK,SVDK,train,570,275.3,14503,Kalka - Shri Mata Vaishno Devi Katra Express,true,,19:35,05:05,,,"tue,fri"
SVDK,KLK,train,660,275.3,14504,Shri Mata Vaishno Devi Katra - Kalka Express,true,,18:15,05:15,,,"wed,sat"
ASR,NLDM,train,345,187.0,14505,Amritsar - Nangal Dam Express,true,,14:00,19:45,,,"sun,mon,tue,wed,thu,fri,sat"
NLDM,ASR,train,345,187.0,14506,Nangal Dam - Amritsar Express,true,,07:20,13:05,,,"sun,mon,tue,wed,thu,fri,sat"
DLI,FKA,train,665,295.1,14507,Delhi - Fazilka Intercity Express,true,,12:50,23:55,,,"sun,mon,tue,wed,thu,fri,sat"
FKA,DLI,train,640,295.1,14508,Fazilka - Delhi Intercity Express,true,,02:05,12:45,,,"sun,mon,tue,wed,thu,fri,sat"
DUI,BTI,train,105,98.7,14509,Dhuri - Bathinda Express (UnReserved),true,,06:20,08:05,,,"sun,mon,tue,wed,thu,fri,sat"
BTI,UMB,train,270,147.5,14510,Bathinda - Ambala Cantt Express (UnReserved),true,,18:00,22:30,,,"sun,mon,tue,wed,thu,fri,sat"
DLI,UMB,train,330,176.0,14521,Delhi - Ambala Cantt. Intercity Express,true,,13:10,18:40,,,"sun,mon,tue,wed,thu,fri,sat"
UMB,DLI,train,340,176.0,14522,Ambala Cantt. - Delhi Intercity Express,true,,06:40,12:20,,,"sun,mon,tue,wed,thu,fri,sat"
BJU,UMB,train,1655,654.8,14523,Harihar Express (PT),true,,05:05,08:40,,,"mon,tue"
UMB,BJU,train,1670,654.8,14524,Harihar Express,true,,22:20,02:10,,,"tue,sat"
UMB,SGNR,train,360,205.9,14525,Ambala Cantt - Shri Ganganagar Intercity Express,true,,05:05,11:05,,,"sun,mon,tue,wed,thu,fri,sat"
SGNR,UMB,train,455,205.9,14526,Shri Ganganagar - Ambala Cantt. Intercity Express,true,,13:35,21:10,,,"sun,mon,tue,wed,thu,fri,sat"
BTI,SGNR,train,150,113.0,14527,Bathinda - Shri Ganganagar Express (UnReserved),true,,17:15,19:45,,,"sun,mon,tue,wed,thu,sat"
SGNR,BTI,train,155,113.0,14528,Shri Ganganagar - Bathinda Express (UnReserved),true,,20:45,23:20,,,"sun,mon,tue,wed,thu,sat"
CDG,ASR,train,285,169.1,14541,Chandigarh - Amritsar Express,true,,16:40,21:25,,,"sun,mon,tue,wed,thu,fri,sat"
ASR,CDG,train,275,169.1,14542,Amritsar - Chandigarh Express,true,,05:10,09:45,,,"sun,mon,tue,wed,thu,fri,sat"
DLI,SRE,train,265,130.9,14545,Delhi - Saharanpur MEMU Express (Via Shamli) (UnReserved),true,,17:15,21:40,,,"sun,mon,tue,wed,thu,fri,sat"
SRE,DLI,train,255,130.9,14546,Saharanpur - Delhi MEMU Express (Via Shamli) (UnReserved),true,,06:15,10:30,,,"sun,mon,tue,wed,thu,fri,sat"
FZR,HMH,train,320,170.5,14601,Firozpur Cantt - Hanumangarh Express (UnReserved),true,,05:05,10:25,,,"sun,mon,tue,wed,thu,fri,sat"
HMH,FZR,train,295,170.5,14602,Hanumangarh - Firozpur Cantt Express (UnReserved),true,,11:30,16:25,,,"sun,mon,tue,wed,thu,fri,sat"
NPV,ASR,train,2225,820.0,14603,Narpatganj - Amritsar Jansadharan Express (UnReserved),true,,13:15,02:20,,,fri
ASR,NPV,train,2040,820.0,14604,Amritsar - Narpatganj Jansadharan Express (UnReserved),true,,13:25,23:25,,,wed
YNRK,JAT,train,695,311.7,14605,Yog Nagari Rishikesh - Jammu Tawi Express,true,,15:45,03:20,,,mon
JAT,YNRK,train,730,311.7,14606,Jammu Tawi - Yog Nagari Rishikesh Express,true,,22:05,10:15,,,sun
YNRK,SVDK,train,840,367.3,14609,Hemkunt Express,true,,17:20,07:20,,,"sun,mon,tue,wed,thu,fri,sat"
SVDK,YNRK,train,950,367.3,14610,Hemkunt Express,true,,16:40,08:30,,,"sun,mon,tue,wed,thu,fri,sat"
GCT,SVDK,train,1670,693.0,14611,Ghazipur City - Shri Mata Vaishno Devi Katra Weekly Express (PT),true,,08:50,12:40,,,fri
SVDK,GCT,train,1580,693.0,14612,Shri Mata Vaishno Devi Katra - Ghazipur City Express,true,,03:50,06:10,,,tue
SASN,FZR,train,295,158.5,14613,SAS Nagar Mohali - Firozpur Cantt Express (UnReserved),true,,17:35,22:30,,,"sun,mon,tue,wed,thu,fri,sat"
FZR,SASN,train,295,158.5,14614,Firozpur Cantt - SAS Nagar Mohali Express (UnReserved),true,,05:00,09:55,,,"sun,mon,tue,wed,thu,fri,sat"
LKU,ASR,train,920,365.5,14615,Lalkuan - Amritsar Weekly Express (via Kashipur),true,,23:40,15:00,,,sun
ASR,LKU,train,915,365.5,14616,Amritsar - Lalkuan Weekly Express (via Kashipur),true,,05:55,21:10,,,sun
PRNC,ASR,train,2120,797.4,14617,Purnia Court - Amritsar Jan Sewa Express (UnReserved),true,,05:35,16:55,,,"sun,mon,tue,wed,thu,fri,sat"
ASR,PRNC,train,2170,797.4,14618,Amritsar - Purnia Court Jan Sewa Express (UnReserved),true,,06:35,18:45,,,"sun,mon,tue,wed,thu,fri,sat"
AGTL,FZR,train,3355,1384.4,14619,Tripura Sundari Express (PT),true,,15:00,22:55,,,tue
FZR,AGTL,train,3465,1384.4,14620,Tripura Sundari Express,true,,13:25,23:10,,,mon
NED,FZR,train,2430,985.6,14621,Hazur Sahib Nanded - Firozpur Cantt. Express (PT),true,,12:10,04:40,,,sun
FZR,NED,train,2270,985.6,14622,Firozpur Cantt. - Hazur Sahib Nanded Express,true,,13:25,03:15,,,fri
BSB,CIA,train,1280,578.5,14623,Seer Govardhanpur Varanasi Express,true,,19:50,17:10,07-20,,"mon,tue,sat"
CIA,BSB,train,1330,578.5,14624,Seer Govardhanpur Varanasi Express,true,,14:05,12:15,07-19,,"sun,wed,fri"
HW,FZR,train,590,260.6,14625,Haridwar - Firozpur Cantt. Weekly Express,true,,14:45,00:35,,,tue
FZR,HW,train,590,260.6,14626,Firozpur Cantt. - Haridwar Weekly Express,true,,22:40,08:30,,,wed
SHC,CIA,train,2300,813.2,14627,Saharsa - Chheharta (Amritsar) Amrit Bharat Express,true,,13:00,03:20,,,mon
CIA,SHC,train,2150,813.2,14628,Chheharta (Amritsar) - Saharsa Amrit Bharat Express,true,,22:20,10:10,,,sun
CDG,FZR,train,295,163.6,14629,Sutlej Express (UnReserved),true,,04:55,09:50,,,"sun,mon,tue,wed,thu,fri,sat"
FZR,CDG,train,310,163.6,14630,Sutlej Express (UnReserved),true,,17:30,22:40,,,"sun,mon,tue,wed,thu,fri,sat"
DDN,ASR,train,770,287.3,14631,Dehradun - Amritsar Express,true,,19:30,08:20,,,"sun,mon,tue,wed,thu,fri,sat"
ASR,DDN,train,730,287.3,14632,Amritsar - Dehradun Express,true,,21:35,09:45,,,"sun,mon,tue,wed,thu,fri,sat"
ASR,PTK,train,215,104.2,14633,Ravi Express (UnReserved),true,,09:25,13:00,,,"sun,mon,tue,wed,thu,fri,sat"
PTK,ASR,train,155,104.2,14634,Ravi Express (UnReserved),true,,13:55,16:30,,,"sun,mon,tue,wed,thu,fri,sat"
JYG,ASR,train,2075,784.6,14649,Saryu Yamuna Express (PT),true,,07:15,17:50,,,"sun,tue,fri"
ASR,JYG,train,2140,784.6,14650,Saryu Yamuna Express,true,,13:05,00:45,,,"mon,wed,sat"
HSR,ASR,train,465,214.2,14653,Hisar - Amritsar Express,true,,23:55,07:40,,,"sun,mon,tue,wed,thu,fri,sat"
ASR,HSR,train,395,214.2,14654,Amritsar - Hisar Express,true,,18:05,00:40,,,"sun,mon,tue,wed,thu,fri,sat"
BME,JAT,train,1775,729.8,14661,Shalimar Malani Express,true,,00:05,05:40,,,"sun,mon,tue,wed,thu,fri,sat"
JAT,BME,train,1775,729.8,14662,Shalimar Malani Express,true,,22:25,04:00,,,"sun,mon,tue,wed,thu,fri,sat"
NJP,ASR,train,2540,930.3,14663,New Jalpaiguri - Amritsar Amrit Bharat Express,true,,08:00,02:20,05-16,,sun
ASR,NJP,train,2370,930.3,14664,Amritsar - New Jalpaiguri Amrit Bharat Express,true,,12:45,04:15,05-14,,tue
JYG,ASR,train,2075,776.3,14673,Shaheed Express (PT),true,,07:15,17:50,,,"mon,wed,thu,sat"
ASR,JYG,train,2140,776.3,14674,Shaheed Express (PT),true,,13:05,00:45,,,"sun,tue,thu,fri"
DLI,ASR,train,520,260.6,14679,Delhi - Amritsar Intercity Express,true,,13:45,22:25,,,"sun,mon,tue,wed,thu,fri,sat"
ASR,DLI,train,480,260.6,14680,Amritsar - Delhi Intercity Express,true,,06:15,14:15,,,"sun,mon,tue,wed,thu,fri,sat"
DLI,JUC,train,545,254.2,14681,Delhi - Jalandhar City Intercity Express,true,,14:35,23:40,,,"sun,mon,tue,wed,thu,fri,sat"
JUC,DLI,train,565,254.2,14682,Jalandhar City - Delhi Intercity Express,true,,04:00,13:25,,,"sun,mon,tue,wed,thu,fri,sat"
SVDK,BDGM,train,375,147.0,14687,SMVD Katra - Badgam DEMU Express,true,,13:45,20:00,10-19,,"mon,tue,wed,thu,fri,sat"
BDGM,SVDK,train,340,147.0,14688,Badgam - SMVD Katra DEMU Express,true,,07:20,13:00,10-19,,"mon,tue,wed,thu,fri,sat"
BJU,JAT,train,1840,796.1,14691,Mour Dhwaj Express (PT),true,,05:05,11:45,,,sun
JAT,BJU,train,1750,796.1,14692,Mour Dhwaj Express,true,,17:35,22:45,,,fri
SGNR,BDTS,train,1875,797.0,14701,Amrapur Aravali Express (PT),true,,23:00,06:15,,,"sun,mon,tue,wed,thu,fri,sat"
BDTS,SGNR,train,1875,797.0,14702,Amrapur Aravali Express (PT),true,,21:00,04:15,,,"sun,mon,tue,wed,thu,fri,sat"
JSM,LGH,train,360,202.7,14703,Jaisalmer - Lalgarh Express (UnReserved),true,,11:00,17:00,,,"sun,mon,tue,wed,thu,fri,sat"
LGH,JSM,train,360,202.7,14704,Lalgarh - Jaisalmer Express (UnReserved),true,,07:40,13:40,,,"sun,mon,tue,wed,thu,fri,sat"
BNW,DKBJ,train,420,187.5,14705,Bhiwani - Dahar Ka Balaji Express (UnReserved),true,,04:00,11:00,,,"sun,mon,tue,wed,thu,fri,sat"
DKBJ,BNW,train,380,187.5,14706,Dahar Ka Balaji - Bhiwani Express (UnReserved),true,,15:30,21:50,,,"sun,mon,tue,wed,thu,fri,sat"
HMH,DDR,train,1545,722.9,14707,Ranakpur Express (PT),true,,05:25,07:10,,,"sun,mon,tue,wed,thu,fri,sat"
DDR,HMH,train,1640,722.9,14708,Ranakpur Express (PT),true,,12:35,15:55,,,"sun,mon,tue,wed,thu,fri,sat"
HMH,JP,train,625,266.6,14709,Hanumangarh - Jaipur Express,true,,01:25,11:50,06-01,,"sun,mon,tue,wed,thu,fri,sat"
JP,HMH,train,640,266.6,14710,Jaipur - Hanumangarh Express,true,,13:05,23:45,06-01,,"sun,mon,tue,wed,thu,fri,sat"
BKN,BDTS,train,1580,758.3,14711,Bikaner - Bandra Terminus Express (via Kota),true,,13:30,15:50,08-26,,wed
BDTS,BKN,train,1710,758.3,14712,Bandra Terminus - Bikaner Express (via Kota),true,,19:25,23:55,08-27,,tue
SIKR,DEE,train,360,188.9,14713,Sikar - Delhi Sarai Rohilla Express,true,,14:25,20:25,,,"wed,fri"
DEE,SIKR,train,375,188.9,14714,Delhi Sarai Rohilla - Sikar Express,true,,06:35,12:50,,,"wed,fri"
HSR,JP,train,600,224.3,14715,Hisar - Jaipur Express (UnReserved),true,,15:25,01:25,,,"sun,mon,tue,wed,thu,fri,sat"
JP,HSR,train,545,224.3,14716,Jaipur - Hisar Express,true,,18:25,03:30,,,"sun,mon,tue,wed,thu,fri,sat"
BKN,HW,train,950,402.3,14717,Bikaner - Haridwar Express,true,,23:10,15:00,,,"mon,wed,fri"
HW,BKN,train,930,402.3,14718,Haridwar - Bikaner Express,true,,16:25,07:55,,,"tue,thu,sat"
BKN,ASR,train,975,405.5,14719,Bikaner - Amritsar Weekly Express,true,,15:00,07:15,,,tue
ASR,BKN,train,995,405.5,14720,Amritsar - Bikaner Weekly Express,true,,08:10,00:45,,,fri
JU,BTI,train,800,331.0,14721,Jodhpur - Bathinda Express,true,,15:15,04:35,,,"sun,mon,tue,wed,thu,fri,sat"
ABS,JU,train,890,364.6,14722,Abohar - Jodhpur Express,true,,19:40,10:30,,,"sun,mon,tue,wed,thu,fri,sat"
HSR,TPTY,train,2600,1201.3,14723,Hisar - Tirupati Weekly Express,true,,14:10,09:30,07-25,,sun
TPTY,HSR,train,2810,1201.3,14724,Tirupati - Hisar Weekly Express,true,,23:50,22:40,07-27,,mon
BNW,MTJ,train,480,184.3,14725,Bhiwani - Mathura Express,true,,05:50,13:50,,,"sun,mon,tue,wed,thu,fri,sat"
MTJ,BNW,train,475,184.3,14726,Mathura - Bhiwani Express,true,,12:35,20:30,,,"sun,mon,tue,wed,thu,fri,sat"
SGNR,TKJ,train,785,272.1,14727,Shri Ganganagar - Tilak Bridge Express,true,,20:05,09:10,,,"sun,mon,tue,wed,thu,fri,sat"
TKJ,SGNR,train,745,272.1,14728,Tilak Bridge - Shri Ganganagar Express,true,,17:55,06:20,,,"sun,mon,tue,wed,thu,fri,sat"
RE,FKA,train,665,249.6,14729,Rewari - Fazilka Express (UnReserved),true,,04:40,15:45,,,"sun,mon,tue,wed,thu,fri,sat"
FKA,RE,train,725,249.6,14730,Fazilka - Rewari Express (UnReserved),true,,08:45,20:50,,,"sun,mon,tue,wed,thu,fri,sat"
DLI,BTI,train,435,207.7,14731,Kisan Express,true,,14:00,21:15,,,"sun,mon,tue,wed,thu,fri,sat"
BTI,DLI,train,445,207.7,14732,Kisan Express,true,,05:00,12:25,,,"sun,mon,tue,wed,thu,fri,sat"
BTI,JP,train,695,297.0,14733,Bathinda - Jaipur Express,true,,21:40,09:15,,,"sun,mon,tue,wed,thu,fri,sat"
JP,BTI,train,810,297.0,14734,Jaipur - Bathinda Express (UnReserved),true,,05:00,18:30,,,"sun,mon,tue,wed,thu,fri,sat"
SGNR,UMB,train,490,205.9,14735,Shri Ganganagar - Ambala Cantt Express (UnReserved),true,,11:20,19:30,,,"sun,mon,tue,wed,thu,fri,sat"
UMB,SGNR,train,475,205.9,14736,Ambala Cantt - Shri Ganganagar Express (UnReserved),true,,06:25,14:20,,,"sun,mon,tue,wed,thu,fri,sat"
BNW,TKJ,train,241,111.6,14737,Bhiwani - Tilak Bridge Express (UnReserved),true,,04:40,08:41,,,"sun,mon,tue,wed,thu,fri,sat"
TKJ,BNW,train,255,111.6,14738,Tilak Bridge - Bhiwani Express (UnReserved),true,,18:35,22:50,,,"sun,mon,tue,wed,thu,fri,sat"
BNW,KLK,train,400,192.5,14795,Ekta Express,true,,04:20,11:00,,,"sun,mon,tue,wed,thu,fri,sat"
KLK,BNW,train,390,192.5,14796,Ekta Express,true,,16:55,23:25,,,"sun,mon,tue,wed,thu,fri,sat"
JU,INDB,train,905,394.5,14801,Jodhpur - Indore Express (via Chittaurgarh),true,,08:00,23:05,,,"sun,mon,tue,wed,thu,fri,sat"
INDB,JU,train,910,394.5,14802,Indore - Jodhpur Express (via Chittaurgarh),true,,04:20,19:30,,,"sun,mon,tue,wed,thu,fri,sat"
BGKT,JAT,train,1400,558.2,14803,Bhagat Ki Kothi - Jammu Tawi Express,true,,07:00,06:20,,,"sun,mon,tue,wed,thu,fri,sat"
JAT,BGKT,train,1490,558.2,14804,Jammu Tawi - Bhagat Ki Kothi Express,true,,08:40,09:30,,,"sun,mon,tue,wed,thu,fri,sat"
YPR,BME,train,2430,1079.0,14805,Yesvantpur - Barmer AC Express,true,,12:00,04:30,,,mon
BME,YPR,train,2550,1079.0,14806,Barmer - Yesvantpur AC Express (PT),true,,21:30,16:00,,,tue
JU,DDR,train,1050,492.0,14807,Jodhpur - Dadar Western Express,true,,05:10,22:40,,,"sun,tue,fri"
DDR,JU,train,1045,492.0,14808,Dadar Western - Jodhpur Express (PT),true,,00:15,17:40,,,"mon,wed,sat"
JU,BPL,train,1400,511.3,14813,Jodhpur - Bhopal Express,true,,10:00,09:20,,,"sun,mon,tue,wed,thu,fri,sat"
BPL,JU,train,1540,511.3,14814,Bhopal - Jodhpur Express,true,,16:40,18:20,,,"sun,mon,tue,wed,thu,fri,sat"
SGNR,RKSH,train,660,288.7,14815,Shri Ganganagar - Rishikesh Intercity Express,true,,04:10,15:10,,,"sun,mon,tue,wed,thu,fri,sat"
RKSH,SGNR,train,685,288.7,14816,Rishikesh - Shri Ganganagar Intercity Express,true,,12:45,00:10,,,"sun,mon,tue,wed,thu,fri,sat"
JU,GG,train,660,265.7,14821,Jodhpur - Gandhigram Express (UnReserved),true,,10:00,21:00,,,"sun,mon,tue,wed,thu,fri,sat"
GG,JU,train,670,265.7,14822,Gandhigram - Jodhpur Express (UnReserved),true,,07:00,18:10,,,"sun,mon,tue,wed,thu,fri,sat"
JU,RE,train,790,303.9,14823,Jodhpur - Rewari Express (UnReserved),true,,01:30,14:40,,,"sun,mon,tue,wed,thu,fri,sat"
RE,JU,train,795,303.9,14824,Rewari - Jodhpur Express (UnReserved),true,,13:15,02:30,,,"sun,mon,tue,wed,thu,fri,sat"
BCY,JU,train,1490,608.4,14853,Marudhar Express (via Ayodhya Cantt),true,,16:40,17:30,,,"mon,wed,sat"
JU,BCY,train,1525,608.4,14854,Marudhar Express (via Ayodhya Cantt),true,,08:35,10:00,,,"mon,tue,sat"
BCY,JU,train,1490,590.0,14863,Marudhar Express (Via Sultanpur),true,,16:40,17:30,,,"sun,tue,fri"
JU,BCY,train,1345,590.0,14864,Marudhar Express (Via Sultanpur),true,,08:35,07:00,,,"sun,tue,fri"
BCY,JU,train,1490,598.3,14865,Marudhar Express (Via MBDD Pratapgarh),true,,16:40,17:30,,,tue
JU,BCY,train,1385,598.3,14866,Marudhar Express (Via MBDD Pratapgarh) (PT),true,,08:35,07:40,,,wed
RKSH,BME,train,1450,602.4,14887,Rishikesh - Barmer Express,true,,19:40,19:50,,,"sun,mon,tue,wed,thu,fri,sat"
BME,RKSH,train,1540,602.4,14888,Barmer - Rishikesh Express,true,,08:00,09:40,,,"sun,mon,tue,wed,thu,fri,sat"
JU,HSR,train,655,271.2,14891,Jodhpur - Hisar Express (UnReserved),true,,10:30,21:25,,,"sun,mon,tue,wed,thu,fri,sat"
HSR,JU,train,640,271.2,14892,Hisar - Jodhpur Express (UnReserved),true,,06:30,17:10,,,"sun,mon,tue,wed,thu,fri,sat"
BGKT,PNU,train,555,213.7,14893,Bhagat Ki Kothi - Palanpur DEMU Express (UnReserved),true,,19:00,04:15,,,"sun,mon,tue,wed,thu,fri,sat"
PNU,BGKT,train,490,213.7,14894,Palanpur - Bhagat Ki Kothi DEMU Express (UnReserved),true,,04:30,12:40,,,"sun,mon,tue,wed,thu,fri,sat"
BGKT,BME,train,305,149.3,14895,Bhagat Ki Kothi - Barmer DEMU Express (UnReserved),true,,04:15,09:20,,,"sun,mon,tue,wed,thu,fri,sat"
BME,BGKT,train,340,149.3,14896,Barmer - Bhagat Ki Kothi DEMU Express (UnReserved),true,,10:00,15:40,,,"sun,mon,tue,wed,thu,fri,sat"
BKN,HSR,train,395,196.7,14897,Bikaner - Hisar DEMU Express (UnReserved),true,,18:00,00:35,,,"sun,mon,tue,wed,thu,fri,sat"
HSR,BKN,train,395,196.7,14898,Hisar - Bikaner DEMU Express (UnReserved),true,,02:45,09:20,,,"sun,mon,tue,wed,thu,fri,sat"
MFP,DDN,train,1455,572.0,15001,Muzaffarpur - Dehradun Rapti Ganga Express,true,,14:00,14:15,,,mon
DDN,MFP,train,1515,572.0,15002,Dehradun - Muzaffarpur Rapti Ganga Express,true,,15:15,16:30,,,sun
CPA,GKP,train,810,308.9,15003,Chauri Chaura Express,true,,16:40,06:10,,,"sun,mon,tue,wed,thu,fri,sat"
GKP,CPA,train,785,308.9,15004,Chauri Chaura Express,true,,23:15,12:20,,,"sun,mon,tue,wed,thu,fri,sat"
GKP,DDN,train,1020,429.4,15005,Gorakhpur - Dehradun Rapti Ganga Express (PT),true,,21:15,14:15,,,"wed,fri"
DDN,GKP,train,995,429.4,15006,Dehradun - Gorakhpur Rapti Ganga Express,true,,15:15,07:50,,,"tue,thu"
BCY,LJN,train,770,286.8,15007,Krishak Express,true,,17:00,05:50,,,"sun,mon,tue,wed,thu,fri,sat"
LJN,BCY,train,785,286.8,15008,Krishak Express,true,,23:10,12:15,,,"sun,mon,tue,wed,thu,fri,sat"
GKP,IZN,train,890,352.2,15009,Gorakhpur - Izzatnagar Express,true,,22:15,13:05,,,"sun,mon,tue,wed,thu,fri,sat"
IZN,GKP,train,920,352.2,15010,Izzatnagar - Gorakhpur Express,true,,15:40,07:00,,,"sun,mon,tue,wed,thu,fri,sat"
LJN,CDG,train,905,377.9,15011,Lucknow Jn. - Chandigarh Express,true,,23:55,15:00,,,"sun,mon,tue,wed,thu,fri,sat"
CDG,LJN,train,955,377.9,15012,Chandigarh - Lucknow Jn. Express,true,,17:15,09:10,,,"sun,mon,tue,wed,thu,fri,sat"
JSM,KGM,train,1585,636.0,15013,Ranikhet Express,true,,02:40,05:05,,,"sun,mon,tue,wed,thu,fri,sat"
JSM,RMR,train,1535,618.0,15013-Slip,Corbett Park Link Express,true,,02:40,04:15,,,"sun,mon,tue,wed,thu,fri,sat"
KGM,JSM,train,1615,636.0,15014,Ranikhet Express,true,,20:35,23:30,,,"sun,mon,tue,wed,thu,fri,sat"
ASR,LKU,train,705,338.8,15015,Amritsar - Lalkuan Express (via Rudrapur City),true,,05:55,17:40,,,wed
LKU,ASR,train,760,338.8,15016,Lalkuan - Amritsar Express (via Rudrapur City),true,,13:40,02:20,,,tue
LTT,GKP,train,2180,840.2,15017,Kashi Express (PT),true,,06:35,18:55,,,"sun,mon,tue,wed,thu,fri,sat"
GKP,LTT,train,2145,840.2,15018,Kashi Express (PT),true,,05:45,17:30,,,"sun,mon,tue,wed,thu,fri,sat"
DDN,TPU,train,805,262.9,15019,Dehradun - Tanakpur Express,true,,15:15,04:40,,,"sun,wed,fri"
TPU,DDN,train,720,262.9,15020,Tanakpur - Dehradun Express,true,,19:35,07:35,,,"tue,thu,sat"
SHM,GKP,train,1440,575.7,15021,Shalimar - Gorakhpur Express (PT),true,,19:50,19:50,,,tue
GKP,SHM,train,1385,575.7,15022,Gorakhpur - Shalimar Express,true,,11:00,10:05,,,mon
GKP,YPR,train,2980,1188.0,15023,Gorakhpur - Yesvantpur Express (via Ayodhya Cantt) (PT),true,,08:50,10:30,,,tue
YPR,GKP,train,2635,1188.4,15024,Yesvantpur - Gorakhpur Express (Via Ayodhya Cantt) (PT),true,,23:40,19:35,,,tue
MAU,ANVT,train,950,437.7,15025,Mau - Anand Vihar Terminal Express (Via Ayodhya Cantt),true,,11:10,03:00,,,"sun,tue"
ANVT,MAU,train,965,437.7,15026,Anand Vihar Terminal - Mau Express (Via Ayodhya Cantt),true,,13:25,05:30,,,"mon,fri"
SBP,GKP,train,1875,590.4,15027,Maurya Express (PT),true,,09:20,16:35,,,"sun,mon,tue,wed,thu,fri,sat"
GKP,SBP,train,1885,590.4,15028,Maurya Express,true,,07:15,14:40,,,"sun,mon,tue,wed,thu,fri,sat"
GKP,PUNE,train,1985,857.7,15029,Gorakhpur - Pune Weekly Express (Via Lucknow) (PT),true,,17:10,02:15,,,tue
PUNE,GKP,train,1895,857.7,15030,Pune - Gorakhpur Weekly Express (Via Lucknow) (PT),true,,11:20,18:55,,,sun
GKP,LJN,train,340,182.4,15031,Gorakhpur - Lucknow Jn. Intercity Express,true,,05:45,11:25,,,"sun,mon,tue,wed,thu,fri,sat"
LJN,GKP,train,325,182.4,15032,Lucknow Jn. - Gorakhpur Intercity Express,true,,16:05,21:30,,,"sun,mon,tue,wed,thu,fri,sat"
PPTA,LJN,train,605,294.7,15033,Patliputra - Lucknow Jn. Express,true,,16:30,02:35,,,"mon,tue,wed,fri,sat"
LJN,PPTA,train,595,294.7,15034,Lucknow Jn. - Patliputra Express,true,,05:00,14:55,,,"mon,tue,wed,fri,sat"
DLI,KGM,train,405,183.0,15035,Uttaranchal Sampark Kranti Express,true,,16:00,22:45,,,"sun,mon,tue,wed,thu,fri,sat"
DLI,RMR,train,295,164.2,15035-Slip,Uttarakhand Sampark Kranti Express Slip,true,,16:00,20:55,,,"sun,mon,tue,wed,thu,fri,sat"
KGM,DLI,train,405,183.0,15036,Uttaranchal Sampark Kranti Express,true,,08:40,15:25,,,"sun,mon,tue,wed,thu,fri,sat"
CPA,KSJ,train,305,167.7,15037,Kanpur Anwarganj - Kasganj Express (UnReserved),true,,11:40,16:45,,,"sun,mon,tue,wed,thu,fri,sat"
KSJ,CPA,train,335,167.7,15038,Kasganj - Kanpur Anwarganj Express (UnReserved),true,,12:55,18:30,,,"sun,mon,tue,wed,thu,fri,sat"
CPA,KSJ,train,345,167.7,15039,Kanpur Anwarganj - Kasganj Express (UnReserved),true,,15:10,20:55,,,"sun,mon,tue,wed,thu,fri,sat"
KSJ,CPA,train,320,167.7,15040,Kasganj - Kanpur Anwarganj Express (UnReserved),true,,09:10,14:30,,,"sun,mon,tue,wed,thu,fri,sat"
FBD,KSJ,train,150,104.2,15041,Farrukhabad - Kasganj Express (UnReserved),true,,07:15,09:45,,,"sun,mon,tue,wed,thu,fri,sat"
KSJ,FBD,train,140,104.2,15042,Kasganj - Farrukhabad Express (UnReserved),true,,21:00,23:20,,,"sun,mon,tue,wed,thu,fri,sat"
LJN,KGM,train,520,211.9,15043,Lucknow Jn. - Kathgodam Express,true,,23:25,08:05,,,"sun,mon,wed,thu,fri"
KGM,LJN,train,485,211.9,15044,Kathgodam - Lucknow Jn. Express,true,,11:15,19:20,,,"mon,tue,thu,fri,sat"
GKP,OKHA,train,2775,1108.9,15045,Gorakhpur - Okha Express (PT),true,,04:55,03:10,,,tue
OKHA,GKP,train,2600,1108.9,15046,Okha - Gorakhpur Express (PT),true,,23:35,18:55,,,sun
KOAA,GKP,train,1040,450.6,15047,Purvanchal Express (via Siwan) (PT),true,,14:35,07:55,,,"mon,tue,thu,sat"
GKP,KOAA,train,1050,450.6,15048,Purvanchal Express (via Siwan) (PT),true,,11:10,04:40,,,"sun,mon,tue,fri"
KOAA,GKP,train,1130,461.2,15049,Purvanchal Express (Via Mau) (PT),true,,14:35,09:25,,,"sun,wed"
GKP,KOAA,train,1205,461.2,15050,Purvanchal Express (Via Mau) (PT),true,,08:35,04:40,,,"wed,sat"
KOAA,GKP,train,1060,458.4,15051,Purvanchal Express (via Narkatiaganj) (PT),true,,14:35,08:15,,,fri
GKP,KOAA,train,1115,458.4,15052,Purvanchal Express (via Narkatiaganj),true,,10:05,04:40,,,tue
CPR,GTNR,train,735,294.7,15053,Chhapra - Gomti Nagar Express (Via Varanasi),true,,19:35,07:50,,,"sun,mon,tue,wed,thu,fri,sat"
GTNR,CPR,train,795,294.7,15054,Gomti Nagar - Chhapra Express (Via Varanasi),true,,21:45,11:00,,,"sun,mon,tue,wed,thu,fri,sat"
AF,RMR,train,705,256.9,15055,Agra Fort - Ramnagar Express,true,,20:50,08:35,,,"sun,tue,fri"
RMR,AF,train,670,256.9,15056,Ramnagar - Agra Fort Express,true,,19:45,06:55,,,"mon,tue,sat"
GKP,ANVT,train,825,399.1,15057,Gorakhpur - Anand Vihar Terminal Weekly Express,true,,20:55,10:40,,,tue
ANVT,GKP,train,850,399.1,15058,Anand Vihar Terminal - Gorakhpur Weekly Express,true,,17:10,07:20,,,wed
LKU,ANVT,train,375,175.5,15059,Lalkuan - Anand Vihar Terminal Express,true,,04:25,10:40,,,"tue,thu"
ANVT,LKU,train,415,175.5,15060,Anand Vihar Terminal - Lalkuan Express,true,,14:15,21:10,,,"tue,thu"
KSJ,LKU,train,285,141.5,15061,Kasganj - Lal Kuan Express (UnReserved),true,,17:10,21:55,,,"sun,mon,tue,wed,thu,fri,sat"
LKU,KSJ,train,285,141.5,15062,Lal Kuan - Kasganj Express (UnReserved),true,,20:00,00:45,,,"sun,mon,tue,wed,thu,fri,sat"
RMR,CDG,train,445,237.2,15063,Ramnagar - Chandigarh Express,true,,05:50,13:15,,,mon
CDG,RMR,train,455,237.2,15064,Chandigarh - Ramnagar Express,true,,16:00,23:35,,,mon
GKP,PNVL,train,2025,857.7,15065,Gorakhpur - Panvel Express (PT),true,,05:05,14:50,,,"sun,mon,tue,thu,fri"
PNVL,GKP,train,1880,857.7,15066,Panvel - Gorakhpur Express (PT),true,,15:50,23:10,,,"mon,tue,wed,fri,sat"
GKP,BDTS,train,2200,929.9,15067,Gorakhpur - Bandra Terminus Weekly Express (PT),true,,05:05,17:45,,,wed
BDTS,GKP,train,2325,928.1,15068,Bandra Terminus - Gorakhpur Weekly Express (PT),true,,00:05,14:50,,,fri
GKP,ASH,train,410,213.2,15069,Gorakhpur - Aishbagh Intercity Express,true,,03:45,10:35,,,"sun,mon,tue,wed,thu,fri,sat"
ASH,GKP,train,425,213.2,15070,Aishbagh - Gorakhpur Intercity Express,true,,16:30,23:35,,,"sun,mon,tue,wed,thu,fri,sat"
SGRL,TPU,train,1400,442.3,15073,Singrauli - Tanakpur Triveni Express,true,,16:15,15:35,,,"tue,thu,sat"
TPU,SGRL,train,1425,442.3,15074,Tanakpur - Singrauli Triveni Express,true,,08:10,07:55,,,"mon,wed,fri"
SKTN,TPU,train,1430,451.1,15075,Shaktinagar - Tanakpur Triveni Express,true,,15:45,15:35,,,"sun,mon,wed,fri"
TPU,SKTN,train,1465,451.1,15076,Tanakpur - Shaktinagar Triveni Express,true,,08:10,08:35,,,"sun,tue,thu,sat"
KYQ,GTNR,train,1700,689.3,15077,Kamakhya - Gomti Nagar Express (PT),true,,21:20,01:40,,,tue
GTNR,KYQ,train,1650,689.3,15078,Gomti Nagar - Kamakhya Express,true,,10:30,14:00,,,mon
PPTA,GKP,train,520,193.0,15079,Patliputra - Gorakhpur InterCity Express,true,,15:15,23:55,,,"sun,mon,tue,wed,thu,fri,sat"
GKP,PPTA,train,565,193.0,15080,Gorakhpur - Patliputra InterCity Express,true,,03:30,12:55,,,"sun,mon,tue,wed,thu,fri,sat"
GKP,GTNR,train,490,207.3,15081,Gorakhpur - Gomti Nagar InterCity Express,true,,12:35,20:45,,,"sun,mon,tue,wed,thu,fri,sat"
GTNR,GKP,train,480,207.3,15082,Gomti Nagar - Gorakhpur InterCity Express,true,,06:10,14:10,,,"sun,mon,tue,wed,thu,fri,sat"
CPR,FBD,train,1125,368.7,15083,Utsarg Express,true,,18:00,12:45,,,"sun,mon,tue,wed,thu,fri,sat"
FBD,CPR,train,1075,368.7,15084,Utsarg Express,true,,14:30,08:25,,,"sun,mon,tue,wed,thu,fri,sat"
GKP,BDTS,train,2035,934.2,15085,Gorakhpur - Bandra Terminus Amrit Bharat Express,true,,07:50,17:45,08-28,,fri
BDTS,GKP,train,2005,934.2,15086,Bandra Terminus - Gorakhpur Amrit Bharat Express,true,,21:20,06:45,08-29,,sun
GODA,GTNR,train,1045,426.2,15089,Godda - Gomti Nagar Weekly Express,true,,14:05,07:30,,,sun
GTNR,GODA,train,1195,426.2,15090,Gomti Nagar - Godda Weekly Express,true,,15:20,11:15,,,fri
DOZ,TPU,train,1050,413.3,15091,Daurai (Ajmer) - Tanakpur Express,true,,16:05,09:35,,,"mon,tue,thu,sat"
TPU,DOZ,train,1175,413.3,15092,Tanakpur - Daurai (Ajmer) Express,true,,18:20,13:55,,,"sun,mon,wed,fri"
AH,TPU,train,495,222.0,15093,Achhnera - Tanakpur Intercity Express,true,,15:30,23:45,08-31,,"sun,mon,tue,thu,fri"
TPU,AH,train,495,222.0,15094,Tanakpur - Achhnera Intercity Express,true,,04:05,12:20,08-31,,"sun,mon,tue,thu,fri"
GKP,DLI,train,845,397.5,15095,Gorakhpur - Delhi Amrit Bharat Express,true,,22:45,12:50,08-27,,tue
DLI,GKP,train,990,397.5,15096,Delhi - Gorakhpur Amrit Bharat Express,true,,14:00,06:30,08-28,,fri
BGP,JAT,train,2225,873.8,15097,Bhagalpur - Jammu Tawi Amarnath Express (PT),true,,23:55,13:00,,,tue
JAT,BGP,train,2110,873.8,15098,Jammu Tawi - Bhagalpur Amarnath Express,true,,22:45,09:55,,,tue
GKP,BNRS,train,345,162.6,15103,Gorakhpur - Banaras InterCity Express,true,,16:15,22:00,,,"sun,mon,tue,wed,thu,fri,sat"
BNRS,GKP,train,340,162.6,15104,Banaras - Gorakhpur InterCity Express,true,,05:30,11:10,,,"sun,mon,tue,wed,thu,fri,sat"
CPR,NTV,train,385,175.5,15105,Chhapra - Nautanwa InterCity Express (UnReserved),true,,06:00,12:25,,,"mon,tue,wed,thu,fri,sat"
NTV,CPR,train,390,175.5,15106,Nautanwa - Chhapra InterCity Express (UnReserved),true,,15:10,21:40,,,"mon,tue,wed,thu,fri,sat"
BNRS,LKO,train,370,193.9,15107,Banaras - Lucknow InterCity Express,true,,04:55,11:05,,,"mon,tue,wed,thu,fri,sat"
LKO,BNRS,train,425,193.9,15108,Lucknow - Banaras InterCity Express,true,,13:10,20:15,,,"mon,tue,wed,thu,fri,sat"
CPR,MTJ,train,975,458.9,15109,Chhapra - Mathura Express,true,,05:20,21:35,,,"mon,wed,fri"
MTJ,CPR,train,1035,458.9,15110,Mathura - Chhapra Express (PT),true,,23:50,17:05,,,"mon,wed,fri"
CPR,BCY,train,300,158.5,15111,Chhapra - Varanasi City InterCity Express (UnReserved),true,,05:30,10:30,,,"sun,mon,tue,wed,thu,fri,sat"
BCY,CPR,train,305,158.5,15112,Varanasi City - Chhapra InterCity Express (UnReserved),true,,18:45,23:50,,,"sun,mon,tue,wed,thu,fri,sat"
GTNR,CPR,train,725,286.4,15113,Gomti Nagar - Chhapra Express (via Gorakhpur),true,,21:10,09:15,,,"sun,mon,tue,wed,thu,fri,sat"
CPR,GTNR,train,710,286.4,15114,Chhapra - Gomti Nagar Express (via Gorakhpur),true,,18:45,06:35,,,"sun,mon,tue,wed,thu,fri,sat"
CPR,DLI,train,1435,515.0,15115,Loknayak Express,true,,11:25,11:20,,,sun
DLI,CPR,train,1390,515.0,15116,Loknayak Express,true,,14:00,13:10,,,sun
BNRS,DDN,train,1335,444.6,15119,Banaras - Dehradun Janta Express (PT),true,,08:20,06:35,,,"sun,mon,tue,wed,thu,fri,sat"
DDN,BNRS,train,1255,444.6,15120,Dehradun - Banaras Janta Express,true,,18:30,15:25,,,"sun,mon,tue,wed,thu,fri,sat"
BNRS,PNBE,train,305,161.8,15125,Kashi Patna Jan Shatabdi Express,true,,06:15,11:20,,,"sun,mon,tue,wed,thu,fri,sat"
PNBE,BNRS,train,345,161.8,15126,Patna Kashi Jan Shatabdi Express,true,,16:40,22:25,,,"sun,mon,tue,wed,thu,fri,sat"
BNRS,NDLS,train,975,419.8,15127,Kashi Vishwanath Express (PT),true,,13:30,05:45,,,"sun,mon,tue,wed,thu,fri,sat"
NDLS,BNRS,train,1025,419.8,15128,Kashi Vishwanath Express,true,,11:35,04:40,,,"sun,mon,tue,wed,thu,fri,sat"
GKC,BCY,train,330,158.0,15129,Gorakhpur Cantt - Varanasi City InterCity Express (UnReserved),true,,10:30,16:00,,,"sun,mon,tue,wed,thu,fri,sat"
BCY,GKC,train,310,158.0,15130,Varanasi City - Gorakhpur Cantt InterCity Express (UnReserved),true,,11:50,17:00,,,"sun,mon,tue,wed,thu,fri,sat"
GKP,BCY,train,370,159.9,15131,Gorakhpur - Varanasi City Express,true,,22:55,05:05,,,"sun,mon,tue,wed,thu,fri,sat"
BCY,GKP,train,365,159.9,15132,Varanasi City - Gorakhpur Express,true,,22:20,04:25,,,"sun,mon,tue,wed,thu,fri,sat"
CPR,ANVT,train,1450,530.0,15133,Chhapra - Anand Vihar Terminal Amrit Bharat Express,true,,22:00,22:10,,,"mon,tue"
ANVT,CPR,train,1350,530.0,15134,Anand Vihar Terminal - Chhapra Amrit Bharat Express,true,,00:20,22:50,,,"wed,sat"
CPR,ASR,train,1655,659.0,15135,Chhapra - Amritsar Express,true,,10:15,13:50,,,fri
ASR,CPR,train,1810,659.0,15136,Amritsar - Chhapra Express,true,,17:45,23:55,,,sun
RGD,BNRS,train,585,247.3,15137,Budh Purnima Express,true,,21:30,07:15,,,"sun,mon,tue,wed,thu,fri,sat"
BNRS,RGD,train,595,247.3,15138,Budh Purnima Express,true,,20:15,06:10,,,"sun,mon,tue,wed,thu,fri,sat"
CPR,DURG,train,1435,550.0,15159,Sarnath Express,true,,07:10,07:05,,,"sun,mon,tue,wed,thu,fri,sat"
DURG,CPR,train,1505,550.0,15160,Sarnath Express (PT),true,,20:30,21:35,,,"sun,mon,tue,wed,thu,fri,sat"
MAU,LTT,train,1770,785.5,15181,Mau - Mumbai LTT Weekly Express (PT),true,,22:15,03:45,,,sun
LTT,MAU,train,1880,785.5,15182,Mumbai LTT - Mau Weekly Express (PT),true,,11:10,18:30,,,mon
PPTA,BUG,train,525,182.0,15201,Patliputra - Bagaha Intercity MEMU Express (UnReserved),true,,17:05,01:50,,,"sun,mon,tue,wed,thu,fri,sat"
BUG,PPTA,train,475,182.0,15202,Bagaha - Patliputra Intercity MEMU Express (UnReserved),true,,04:00,11:55,,,"sun,mon,tue,wed,thu,fri,sat"
BJU,LJN,train,1005,364.6,15203,Barauni - Lucknow Jn. Express,true,,20:25,13:10,,,"sun,mon,tue,wed,thu,fri,sat"
LJN,BJU,train,1005,364.6,15204,Lucknow Jn. - Barauni Express,true,,15:15,08:00,,,"sun,mon,tue,wed,thu,fri,sat"
LJN,JBP,train,730,320.9,15205,Chitrakoot Express,true,,17:30,05:40,,,"sun,mon,tue,wed,thu,fri,sat"
JBP,LJN,train,750,320.9,15206,Chitrakoot Express (PT),true,,20:50,09:20,,,"sun,mon,tue,wed,thu,fri,sat"
DBG,ASR,train,1960,738.6,15211,Jan Nayak Express (UnReserved),true,,17:15,01:55,,,"sun,mon,tue,wed,thu,fri,sat"
ASR,DBG,train,1910,738.6,15212,Jan Nayak Express (UnReserved),true,,19:20,03:10,,,"sun,mon,tue,wed,thu,fri,sat"
MFP,NKE,train,250,128.6,15215,Muzaffarpur - Narkatiaganj MEMU Intercity Express (UnReserved),true,,07:35,11:45,,,"sun,mon,tue,wed,thu,fri,sat"
NKE,MFP,train,240,128.6,15216,Narkatiaganj - Muzaffarpur MEMU Intercity Express (UnReserved),true,,13:55,17:55,,,"sun,mon,tue,wed,thu,fri,sat"
SMVB,MFP,train,2960,1297.5,15227,SMVT Bengaluru - Muzaffarpur Express (PT),true,,00:30,01:50,,,tue
MFP,SMVB,train,3020,1297.5,15228,Muzaffarpur - SMVT Bengaluru Express (PT),true,,07:25,09:45,,,mon
BJU,G,train,1915,755.1,15231,Barauni - Gondia Express (PT),true,,10:10,18:05,,,"sun,mon,tue,wed,thu,fri,sat"
G,BJU,train,2105,755.1,15232,Gondia - Barauni Express (PT),true,,21:25,08:30,,,"sun,mon,tue,wed,thu,fri,sat"
KOAA,DBG,train,770,303.4,15233,Maithili Express,true,,10:45,23:35,,,"mon,tue"
DBG,KOAA,train,720,303.4,15234,Maithili Express (PT),true,,15:30,03:30,,,"sun,wed"
HWH,DBG,train,740,301.6,15235,Howrah - Darbhanga Weekly Express,true,,11:15,23:35,,,sun
DBG,HWH,train,695,301.6,15236,Darbhanga - Howrah Weekly Express (PT),true,,15:30,03:05,,,fri
RXL,LTT,train,2285,969.2,15267,Raxaul - Mumbai LTT Antyodaya Express (Via Chhapra),true,,15:45,05:50,,,sun
LTT,RXL,train,2355,969.2,15268,Mumbai LTT - Raxaul Antyodaya Express (Via Chhapra),true,,16:35,07:50,,,mon
MFP,SBIB,train,2045,860.5,15269,Muzaffarpur - Sabarmati Jan Sadharan Express (UnReserved),true,,21:20,07:25,,,tue
SBIB,MFP,train,2035,860.5,15270,Sabarmati - Muzaffarpur Jan Sadharan Express (UnReserved),true,,17:55,03:50,,,sun
HWH,MFP,train,720,308.5,15271,Howrah - Muzaffarpur Jan Sadharan Express (UnReserved),true,,11:15,23:15,,,wed
MFP,HWH,train,745,308.5,15272,Muzaffarpur - Howrah Jan Sadharan Express (UnReserved),true,,14:40,03:05,,,tue
RXL,ANVT,train,1470,494.3,15273,Satyagrah Express (PT),true,,08:40,09:10,,,"sun,mon,tue,wed,thu,fri,sat"
ANVT,RXL,train,1445,494.3,15274,Satyagrah Express,true,,17:30,17:35,,,"sun,mon,tue,wed,thu,fri,sat"
SHC,ANVT,train,1470,598.3,15279,Poorabiya Express (PT),true,,11:30,12:00,,,"sun,tue"
ANVT,SHC,train,1575,598.3,15280,Poorabiya Express (PT),true,,17:10,19:25,,,"mon,fri"
MHI,JYG,train,725,235.8,15283,Janki Express (PT),true,,22:15,10:20,,,"sun,mon,tue,wed,thu,fri,sat"
JYG,MHI,train,675,235.8,15284,Janki Express,true,,04:30,15:45,,,"sun,mon,tue,wed,thu,fri,sat"
MFP,CHZ,train,2185,957.2,15293,Muzaffarpur - Charlapalli Amrit Bharat Express (PT),true,,11:25,23:50,,,tue
CHZ,MFP,train,2155,957.2,15294,Charlapalli - Muzaffarpur Amrit Bharat Express,true,,04:05,16:00,,,tue
SBC,LKU,train,2990,1266.6,15301,KSR Bengaluru - Lal Kuan Weekly Express,true,,07:15,09:05,09-22,,tue
LKU,SBC,train,2740,1266.6,15302,Lal Kuan - KSR Bengaluru Weekly Express,true,,17:45,15:25,09-19,,sun
KSJ,NDLS,train,450,220.1,15303,Kasganj - New Delhi Intercity Express,true,,02:50,10:20,,,"sun,mon,tue,wed,thu,fri,sat"
NDLS,KSJ,train,455,220.1,15304,New Delhi - Kasganj Intercity Express,true,,16:35,00:10,,,"sun,mon,tue,wed,thu,fri,sat"
NDLS,ROK,train,95,87.7,15305,New Delhi - Rohtak Intercity Express,true,,10:45,12:20,,,"sun,mon,tue,wed,thu,fri,sat"
ROK,NDLS,train,105,87.7,15306,Rohtak - New Delhi Intercity Express,true,,14:00,15:45,,,"sun,mon,tue,wed,thu,fri,sat"
TKJ,SSA,train,465,198.1,15307,Haryana Express,true,,17:35,01:20,,,"sun,mon,tue,wed,thu,fri,sat"
SSA,TKJ,train,455,198.1,15308,Haryana Express,true,,02:50,10:25,,,"sun,mon,tue,wed,thu,fri,sat"
DDN,RMR,train,455,191.2,15309,Dehradun - Ramnagar Intercity Express,true,,15:55,23:30,08-05,,"wed,fri"
RMR,DDN,train,410,191.2,15310,Ramnagar - Dehradun Intercity Express,true,,05:50,12:40,08-05,,"wed,fri"
ASH,KSJ,train,520,248.7,15311,Aishbagh - Kasganj Intercity Express,true,,14:00,22:40,07-27,,"sun,mon,tue,wed,thu,fri,sat"
KSJ,ASH,train,520,248.7,15312,Kasganj - Aishbagh Intercity Express,true,,04:20,13:00,07-27,,"sun,mon,tue,wed,thu,fri,sat"
APDJ,SHTT,train,875,312.1,15417,Alipurduar Jn - Silghat Town Rajya Rani Express,true,,18:45,09:20,,,"sun,tue,fri"
SHTT,APDJ,train,845,312.1,15418,Silghat Town - Alipurduar Jn. Rajya Rani Express,true,,17:55,08:00,,,"mon,wed,sat"
BLGT,HDB,train,600,232.6,15463,Balurghat - Haldibari Intercity Express (UnReserved),true,,12:15,22:15,,,"sun,mon,tue,wed,thu,fri,sat"
HDB,BLGT,train,570,232.6,15464,Haldibari - Balurghat Intercity Express (UnReserved),true,,05:45,15:15,,,"sun,mon,tue,wed,thu,fri,sat"
HDB,BXT,train,555,191.6,15467,Haldibari - Bamanhat InterCity Express (UnReserved),true,,04:30,13:45,,,"sun,mon,tue,wed,thu,fri,sat"
BXT,HDB,train,705,191.6,15468,Bamanhat - Haldibari InterCity Express (UnReserved),true,,09:30,21:15,,,"sun,mon,tue,wed,thu,fri,sat"
APDJ,DLI,train,2115,821.4,15483,Sikkim Mahananda Express (PT),true,,10:30,21:45,,,"sun,mon,tue,wed,thu,fri,sat"
DLI,APDJ,train,2235,821.4,15484,Sikkim Mahananda Express,true,,07:35,20:50,,,"sun,mon,tue,wed,thu,fri,sat"
RXL,JBN,train,590,199.0,15501,Raxaul - Jogbani Express,true,,12:40,22:30,,,"mon,tue"
JBN,RXL,train,695,199.0,15502,Jogbani - Raxaul Express,true,,23:45,11:20,,,"mon,tue"
SHC,PNBE,train,255,153.4,15503,Saharsa - Patna Rajya Rani Express,true,,07:15,11:30,,,"mon,fri"
PNBE,SHC,train,255,153.4,15504,Patna - Saharsa Rajya Rani Express,true,,12:20,16:35,,,"sun,tue"
SHC,PPTA,train,335,153.9,15505,Saharsa - Patliputra Janhit Express,true,,23:15,04:50,,,"mon,fri"
PPTA,SHC,train,340,153.9,15506,Patliputra - Saharsa Janhit Express,true,,09:20,15:00,,,"mon,fri"
DBG,PPTA,train,320,150.2,15507,Darbhanga - Patliputra MEMU Intercity Express (UnReserved),true,,02:40,08:00,,,"sun,mon,tue,wed,thu,fri,sat"
PPTA,DBG,train,360,150.2,15508,Patliputra - Darbhanga MEMU Intercity Express (UnReserved),true,,19:30,01:30,,,"sun,mon,tue,wed,thu,fri,sat"
LLP,PNBE,train,405,191.6,15509,Lalitgram - Patna Rajya Rani Express,true,,04:45,11:30,,,"sun,tue,wed,thu,sat"
PNBE,LLP,train,400,191.6,15510,Patna - Lalitgram Rajya Rani Express,true,,12:20,19:00,,,"mon,tue,wed,fri,sat"
NKE,DNR,train,565,200.4,15515,Narkatiaganj - Danapur MEMU Express (UnReserved),true,,03:25,12:50,,,"sun,mon,tue,wed,thu,fri,sat"
DNR,NKE,train,615,200.4,15516,Danapur - Narkatiaganj MEMU Express (UnReserved),true,,14:30,00:45,,,"sun,mon,tue,wed,thu,fri,sat"
JYG,PNBE,train,675,177.4,15527,Kamla Ganga Express,true,,03:15,14:30,,,"sun,mon,tue,wed,thu,fri,sat"
PNBE,JYG,train,675,177.4,15528,Kamla Ganga Express,true,,16:55,04:10,,,"sun,mon,tue,wed,thu,fri,sat"
SHC,ANVT,train,1665,631.8,15529,Saharsa - Anand Vihar Terminal Jan Sadharan Express (UnReserved),true,,14:30,18:15,,,wed
ANVT,SHC,train,1635,631.8,15530,Anand Vihar Terminal - Saharsa Jan Sadharan Express (UnReserved),true,,23:45,03:00,,,tue
SHC,ASR,train,2090,796.1,15531,Saharsa - Amritsar Jan Sadharan Express (UnReserved),true,,03:00,13:50,,,sun
ASR,SHC,train,1995,796.1,15532,Amritsar - Saharsa Jan Sadharan Express (UnReserved),true,,17:45,03:00,,,mon
JYG,PNBE,train,475,167.2,15549,Jaynagar - Patna Intercity Express,true,,05:20,13:15,,,"sun,mon,tue,wed,thu,fri"
PNBE,JYG,train,410,167.2,15550,Patna - Jaynagar Intercity Express,true,,15:10,22:00,,,"sun,mon,tue,wed,thu,fri"
DBG,BCY,train,550,244.4,15551,Darbhanga - Varanasi City Antyodaya Express,true,,21:00,06:10,,,wed
BCY,DBG,train,700,244.4,15552,Varanasi City - Darbhanga Antyodaya Express,true,,09:25,21:05,,,tue
BGP,JYG,train,495,178.7,15553,Bhagalpur - Jaynagar Express,true,,07:50,16:05,,,"sun,mon,tue,wed,thu,fri,sat"
JYG,BGP,train,550,178.7,15554,Jaynagar - Bhagalpur Express,true,,20:05,05:15,,,"sun,mon,tue,wed,thu,fri,sat"
PPTA,BMKI,train,230,126.3,15555,Patliputra - Bapudham Motihari MEMU Intercity Express (UnReserved),true,,19:00,22:50,,,"sun,mon,tue,wed,thu,fri,sat"
BMKI,PPTA,train,220,126.3,15556,Bapudham Motihari - Patliputra MEMU Intercity Express (UnReserved),true,,05:55,09:35,,,"sun,mon,tue,wed,thu,fri,sat"
DBG,ANVT,train,1315,595.8,15557,Darbhanga - Anand Vihar Terminal Amrit Bharat Express (PT),true,,14:55,12:50,,,"mon,tue"
ANVT,DBG,train,1270,595.8,15558,Anand Vihar Terminal - Darbhanga Amrit Bharat Express,true,,15:10,12:20,,,"tue,fri"
DBG,ADI,train,2330,931.8,15559,Darbhanga - Ahmedabad Antyodaya Express,true,,16:35,07:25,,,wed
ADI,DBG,train,2135,931.8,15560,Ahmedabad - Darbhanga Antyodaya Express,true,,21:05,08:40,,,fri
DBG,GTNR,train,875,351.9,15561,Darbhanga - Gomti Nagar Amrit Bharat Express,true,,14:55,05:30,,,sun
GTNR,DBG,train,1055,351.9,15562,Gomti Nagar - Darbhanga Amrit Bharat Express,true,,08:15,01:50,,,sun
LLP,NDLS,train,1590,685.7,15565,Vaishali Express (PT),true,,04:00,06:30,,,"sun,mon,tue,wed,thu,fri,sat"
NDLS,LLP,train,1565,685.7,15566,Vaishali Express (PT),true,,20:40,22:45,,,"sun,mon,tue,wed,thu,fri,sat"
BMKI,ANVT,train,1330,519.4,15567,Bapudham Motihari - Anand Vihar Terminal Amrit Bharat Express (PT),true,,08:00,06:10,,,"tue,fri"
ANVT,BMKI,train,1240,519.4,15568,Anand Vihar Terminal - Bapudham Motihari Amrit Bharat Express,true,,14:00,10:40,,,"wed,sat"
MFP,HDP,train,2105,893.6,15589,Muzaffarpur - Hadapsar (Pune) AC Express (PT),true,,19:20,06:25,,,mon
HDP,MFP,train,2160,893.6,15590,Hadapsar (Pune) - Muzaffarpur AC Express,true,,10:00,22:00,,,wed
DBB,GHY,train,460,187.0,15601,Dhubri - Guwahati Express (UnReserved),true,,07:20,15:00,,,"sun,mon,tue,wed,thu,fri,sat"
GHY,DBB,train,430,187.0,15602,Guwahati - Dhubri Express (UnReserved),true,,22:50,06:00,,,"sun,mon,tue,wed,thu,fri,sat"
GHY,LEDO,train,830,317.7,15603,Guwahati - Ledo Intercity Express (PT),true,,23:30,13:20,,,"sun,mon,tue,wed,thu,fri,sat"
LEDO,GHY,train,855,317.7,15604,Ledo - Guwahati Intercity Express,true,,15:20,05:35,,,"sun,mon,tue,wed,thu,fri,sat"
TVC,SCL,train,4310,1856.4,15607,Aronai Express (PT),true,,16:55,16:45,,,tue
SCL,TVC,train,4415,1856.4,15608,Aronai Express (PT),true,,19:10,20:45,,,tue
GHY,SANG,train,825,281.8,15609,Guwahati - Sairang Express (PT),true,,19:00,08:45,,,"sun,mon,tue,wed,thu,fri,sat"
SANG,GHY,train,820,281.8,15610,Sairang - Guwahati Express (PT),true,,19:00,08:40,,,"sun,mon,tue,wed,thu,fri,sat"
RNY,SCL,train,810,251.4,15611,Rangiya - Silchar Express (PT),true,,19:00,08:30,,,"sun,mon,tue,wed,thu,fri,sat"
SCL,RNY,train,820,251.4,15612,Silchar - Rangiya Express (PT),true,,23:00,12:40,,,"sun,mon,tue,wed,thu,fri,sat"
GHY,MZS,train,730,283.6,15613,Lachit Express (PT),true,,20:10,08:20,,,"sun,mon,tue,wed,thu,fri,sat"
MZS,GHY,train,815,283.6,15614,Lachit Express (PT),true,,19:10,08:45,,,"sun,mon,tue,wed,thu,fri,sat"
GHY,SCL,train,835,229.3,15615,Guwahati - Silchar Express (PT),true,,23:55,13:50,,,"sun,mon,tue,wed,thu,fri,sat"
SCL,GHY,train,845,229.3,15616,Silchar - Guwahati Express (PT),true,,07:00,21:05,,,"sun,mon,tue,wed,thu,fri,sat"
GHY,DLCR,train,720,243.6,15617,Guwahati - Dullabcherra Express (PT),true,,22:15,10:15,,,"mon,wed,sat"
DLCR,GHY,train,730,243.6,15618,Dullabcherra - Guwahati Express (PT),true,,11:40,23:50,,,"sun,tue,thu"
GAYA,KYQ,train,1405,547.2,15619,Gaya - Kamakhya Express (PT),true,,12:35,12:00,,,tue
KYQ,GAYA,train,1390,547.2,15620,Kamakhya - Gaya Express (PT),true,,07:00,06:10,,,mon
KYQ,ANVT,train,2265,919.3,15621,Kamakhya - Anand Vihar Terminal Weekly Express (PT),true,,05:05,18:50,,,tue
ANVT,KYQ,train,2385,919.3,15622,Anand Vihar Terminal - Kamakhya Weekly Express,true,,23:45,15:30,,,fri
BGKT,KYQ,train,3210,1223.4,15623,Bhagat ki Kothi - Kamakhya Express (PT),true,,16:30,22:00,,,tue
KYQ,BGKT,train,3060,1223.4,15624,Kamakhya - Bhagat ki Kothi Express (PT),true,,17:30,20:30,,,fri
DGHR,AGTL,train,2100,732.6,15625,Deoghar - Agartala Weekly Express (PT),true,,19:55,06:55,,,mon
AGTL,DGHR,train,2100,732.6,15626,Agartala - Deoghar Weekly Express (PT),true,,18:40,05:40,,,sun
CBE,SCL,train,4005,1661.8,15627,Coimbatore - Silchar Express (PT),true,,22:00,16:45,,,sun
SCL,CBE,train,3895,1661.8,15628,Silchar - Coimbatore Express (PT),true,,19:10,12:05,,,tue
TBM,SHTT,train,3395,1420.7,15629,Nagaon Express (PT),true,,18:40,03:15,,,mon
SHTT,TBM,train,3465,1421.2,15630,Nagaon Express (PT),true,,10:50,20:35,,,fri
BME,GHY,train,2870,1191.2,15631,Barmer - Guwahati Express (PT),true,,23:45,23:35,,,sun
GHY,BME,train,2700,1191.2,15632,Guwahati - Barmer Express (PT),true,,10:45,07:45,,,tue
BKN,GHY,train,2715,1126.8,15633,Bikaner - Guwahati Express,true,,02:30,23:45,,,wed
GHY,BKN,train,2565,1126.8,15634,Guwahati - Bikaner Express (PT),true,,10:45,05:30,,,sun
OKHA,GHY,train,3955,1539.0,15635,Okha - Guwahati Dwarka Express (PT),true,,12:15,06:10,,,fri
GHY,OKHA,train,3620,1539.0,15636,Guwahati - Okha Dwarka Express (PT),true,,10:45,23:05,,,mon
AGTL,KGBP,train,460,215.1,15637,Agartala - Khongsang Express (PT),true,,06:00,13:40,,,"mon,wed,fri"
KGBP,AGTL,train,465,215.1,15638,Khongsang - Agartala Express (PT),true,,14:45,22:30,,,"mon,wed,fri"
PURI,KYQ,train,1820,754.2,15639,Puri - Kamakhya Express (via Adra) (PT),true,,14:55,21:15,,,tue
KYQ,PURI,train,1845,754.2,15640,Kamakhya - Puri Express (via Adra) (PT),true,,20:10,02:55,,,sun
SCL,NTSK,train,910,315.4,15641,Barak Brahmaputra Express (PT),true,,19:10,10:20,,,sun
NTSK,SCL,train,945,315.4,15642,Barak Brahmaputra Express (PT),true,,17:30,09:15,,,sun
PURI,KYQ,train,1870,754.2,15643,Puri - Kamakhya Express (via Howrah) (PT),true,,22:10,05:20,,,sun
KYQ,PURI,train,1985,754.2,15644,Kamakhya - Puri Express (via Howrah) (PT),true,,22:40,07:45,,,tue
CHZ,SCL,train,3330,1372.0,15645,Charlapalli - Silchar Express (PT),true,,16:25,23:55,,,sun
SCL,CHZ,train,3430,1372.0,15646,Silchar - Charlapalli Express (PT),true,,19:10,04:20,,,wed
LTT,GHY,train,3160,1313.1,15647,Mumbai LTT - Guwahati Express (PT),true,,08:05,12:45,,,fri
GHY,LTT,train,3050,1313.1,15648,Guwahati - Mumbai LTT Express (PT),true,,15:00,17:50,,,tue
AGTL,NNGE,train,915,313.5,15649,Agartala - Narangi Express (PT),true,,21:30,12:45,,,"sun,mon,tue,wed,thu,fri,sat"
NNGE,AGTL,train,990,313.5,15650,Narangi - Agartala Express (PT),true,,17:00,09:30,,,"sun,mon,tue,wed,thu,fri,sat"
GHY,JAT,train,2820,1134.2,15651,Lohit Express (PT),true,,14:00,13:00,,,mon
JAT,GHY,train,2890,1134.2,15652,Lohit Express (PT),true,,22:45,22:55,,,wed
GHY,JAT,train,2820,1173.7,15653,Guwahati - Jammu Tawi Amarnath Express (PT),true,,14:00,13:00,,,wed
JAT,GHY,train,2890,1173.7,15654,Jammu Tawi - Guwahati Amarnath Express (PT),true,,22:45,22:55,,,fri
KYQ,SVDK,train,3175,1232.6,15655,Kamakhya - Shri Mata Vaishno Devi Katra Weekly Express (PT),true,,11:00,15:55,,,sun
SVDK,KYQ,train,3270,1232.6,15656,Shri Mata Vaishno Devi Katra - Kamakhya Weekly Express,true,,03:50,10:20,,,wed
DLI,KYQ,train,2265,990.2,15657,Brahmaputra Mail (PT),true,,23:40,13:25,,,"sun,mon,tue,wed,thu,fri,sat"
KYQ,DLI,train,2155,990.2,15658,Brahmaputra Mail (PT),true,,16:55,04:50,,,"sun,mon,tue,wed,thu,fri,sat"
LTT,AGTL,train,3535,1493.4,15659,Mumbai LTT - Agartala AC Express (PT),true,,07:50,18:45,,,sun
AGTL,LTT,train,3435,1493.4,15660,Agartala - Mumbai LTT AC Express (PT),true,,07:00,16:15,,,tue
RNC,KYQ,train,1650,603.3,15661,Ranchi - Kamakhya Express (PT),true,,20:25,23:55,,,wed
KYQ,RNC,train,1595,603.3,15662,Kamakhya - Ranchi Express (PT),true,,12:00,14:35,,,tue
AGTL,SCL,train,510,171.4,15663,Agartala - Silchar Express (PT),true,,11:15,19:45,,,"sun,mon,tue,wed,thu,fri,sat"
SCL,AGTL,train,520,171.4,15664,Silchar - Agartala Express (PT),true,,08:40,17:20,,,"sun,mon,tue,wed,thu,fri,sat"
GHY,MXN,train,590,240.8,15665,BG Express (PT),true,,14:30,00:20,,,"sun,mon,tue,wed,thu,fri,sat"
MXN,GHY,train,575,240.8,15666,BG Express (PT),true,,06:05,15:40,,,"sun,mon,tue,wed,thu,fri,sat"
GIMB,KYQ,train,3795,1491.6,15667,Gandhidham - Kamakhya Express (PT),true,,14:05,05:20,,,sun
KYQ,GIMB,train,3500,1491.6,15668,Kamakhya - Gandhidham Express (PT),true,,11:00,21:20,,,wed
GHY,DBRG,train,855,308.9,15669,Nagaland Express (PT),true,,20:45,11:00,,,"sun,mon,tue,wed,thu,fri,sat"
DBRG,GHY,train,865,308.9,15670,Nagaland Express (PT),true,,13:50,04:15,,,"sun,mon,tue,wed,thu,fri,sat"
KYQ,ROK,train,2445,981.2,15671,Kamakhya - Rohtak Amrit Bharat Express,true,,22:00,14:45,,,fri
ROK,KYQ,train,2305,981.2,15672,Rohtak - Kamakhya Amrit Bharat Express,true,,22:10,12:35,,,sun
CHZ,KYQ,train,3020,1261.5,15673,Charlapalli - Kamakhya Amrit Bharat Express,true,,19:40,22:00,,,wed
KYQ,CHZ,train,2620,1261.5,15674,Kamakhya - Charlapalli Amrit Bharat Express,true,,19:00,14:40,,,sun
NJP,GHY,train,540,242.2,15675,New Jalpaiguri - Guwahati Intercity Express (PT),true,,23:30,08:30,,,"sun,mon,tue,wed,thu,fri,sat"
GHY,NJP,train,565,242.2,15676,Guwahati - New Jalpaiguri Intercity Express (PT),true,,21:15,06:40,,,"sun,mon,tue,wed,thu,fri,sat"
KIR,SGUJ,train,330,160.3,15701,Katihar - Siliguri Intercity Express (via Purnea) (UnReserved),true,,04:45,10:15,,,"sun,mon,tue,wed,thu,fri,sat"
SGUJ,KIR,train,330,160.3,15702,Siliguri - Katihar Intercity Express (via Purnea) (UnReserved),true,,12:45,18:15,,,"sun,mon,tue,wed,thu,fri,sat"
NJP,BNGN,train,545,171.4,15703,New Jalpaiguri - Bongaigaon Intercity Express (UnReserved),true,,06:25,15:30,,,"sun,mon,tue,wed,thu,fri,sat"
BNGN,NJP,train,605,171.4,15704,Bongaigaon - New Jalpaiguri Intercity Express (UnReserved),true,,06:15,16:20,,,"sun,mon,tue,wed,thu,fri,sat"
KIR,DLI,train,1655,731.6,15705,Champaran Humsafar Express (PT),true,,08:10,11:45,,,"mon,tue"
DLI,KIR,train,1560,731.6,15706,Champaran Humsafar Express,true,,16:35,18:35,,,"tue,fri"
KIR,ASR,train,2275,885.3,15707,Amrapali Express (PT),true,,22:45,12:40,,,"sun,mon,tue,wed,thu,fri,sat"
ASR,KIR,train,2310,885.3,15708,Amrapali Express,true,,07:40,22:10,,,"sun,mon,tue,wed,thu,fri,sat"
MLDT,NJP,train,460,163.1,15709,Malda Town - New Jalpaiguri Intercity Express (UnReserved),true,,14:30,22:10,,,"sun,mon,tue,wed,thu,fri,sat"
NJP,MLDT,train,390,163.1,15710,New Jalpaiguri - Malda Town Intercity Express (UnReserved),true,,06:30,13:00,,,"sun,mon,tue,wed,thu,fri,sat"
HWH,KIR,train,530,250.0,15711,Howrah - Katihar Weekly Express,true,,22:00,06:50,,,tue
KIR,HWH,train,540,250.0,15712,Katihar - Howrah Weekly Express (PT),true,,22:30,07:30,,,mon
KIR,PNBE,train,425,187.9,15713,Katihar - Patna InterCity Express,true,,06:15,13:20,,,"sun,mon,tue,wed,thu,fri,sat"
PNBE,KIR,train,435,187.9,15714,Patna - Katihar InterCity Express,true,,14:10,21:25,,,"sun,mon,tue,wed,thu,fri,sat"
KNE,AII,train,2380,900.9,15715,Kishanganj - Ajmer Garib Nawaz Express (PT),true,,05:50,21:30,,,"sun,tue,fri"
AII,KNE,train,2350,900.9,15716,Ajmer - Kishanganj Garib Nawaz Express (PT),true,,12:05,03:15,,,"mon,tue,thu"
KIR,SGUJ,train,300,148.4,15719,Katihar - Siliguri Intercity Express (via Barsoi) (UnReserved),true,,06:05,11:05,,,"sun,mon,tue,wed,thu,fri,sat"
SGUJ,KIR,train,315,148.4,15720,Siliguri - Katihar Intercity Express (via Barsoi) (UnReserved),true,,14:00,19:15,,,"sun,mon,tue,wed,thu,fri,sat"
DGHA,NJP,train,985,413.3,15721,Paharia Express (PT),true,,17:05,09:30,,,sun
NJP,DGHA,train,965,413.3,15722,Paharia Express (PT),true,,19:50,11:55,,,fri
JBN,SGUT,train,485,199.4,15723,Jogbani - Siliguri Town Intercity Express,true,,05:00,13:05,,,"mon,tue,thu,fri,sat"
SGUT,JBN,train,465,199.4,15724,Siliguri Town - Jogbani Intercity Express,true,,19:00,02:45,,,"mon,tue,thu,fri,sat"
NJP,ANVT,train,1650,739.5,15725,New Jalpaiguri - Anand Vihar Terminal Express (PT),true,,08:30,12:00,,,"tue,sat"
ANVT,NJP,train,1645,739.5,15726,Anand Vihar Terminal - New Jalpaiguri Express,true,,15:20,18:45,,,"sun,wed"
BLGT,BTI,train,2645,897.7,15733,Farakka Express (via Sultanpur) (PT),true,,17:00,13:05,,,"mon,tue,sat"
BTI,BLGT,train,2755,897.7,15734,Farakka Express (via Sultanpur),true,,15:00,12:55,,,"mon,wed,sat"
BLGT,BTI,train,2570,913.8,15743,Farakka Express (via Ayodhya Cantt) (PT),true,,17:00,11:50,,,"sun,tue,wed,fri"
BTI,BLGT,train,2670,913.8,15744,Farakka Express (via Ayodhya Cantt),true,,16:25,12:55,,,"sun,tue,thu,fri"
APDJ,GHY,train,445,177.4,15753,Sifhung Express (UnReserved),true,,04:05,11:30,,,"sun,mon,tue,wed,thu,fri,sat"
GHY,APDJ,train,460,177.4,15754,Sifhung Express (UnReserved),true,,15:20,23:00,,,"sun,mon,tue,wed,thu,fri,sat"
SGUJ,APDJ,train,375,129.1,15767,Siliguri - Alipurduar Jn. Intercity Express (UnReserved),true,,17:00,23:15,,,"sun,mon,tue,wed,thu,fri,sat"
APDJ,SGUJ,train,295,129.1,15768,Alipurduar Jn. - Siliguri Intercity Express (UnReserved),true,,05:45,10:40,,,"sun,mon,tue,wed,thu,fri,sat"
APDJ,MXN,train,990,363.2,15769,Alipur Duar Jn.- Mariani InterCity Express (UnReserved),true,,03:30,20:00,,,"sun,mon,tue,wed,thu,fri,sat"
MXN,APDJ,train,970,363.2,15770,Mariani - Alipur Duar Jn. InterCity Express (UnReserved),true,,09:15,01:25,,,"sun,mon,tue,wed,thu,fri,sat"
NJP,APDJ,train,360,132.3,15777,New Jalpaiguri - Alipurduar Jn. Tourist Express,true,,07:05,13:05,,,"sun,mon,tue,wed,thu,fri,sat"
APDJ,NJP,train,385,132.3,15778,Alipurduar Jn. - New Jalpaiguri Tourist Express,true,,14:00,20:25,,,"sun,mon,tue,wed,thu,fri,sat"
DKGN,MZS,train,530,213.7,15813,Dekargaon - Murkongselek Express (UnReserved),true,,04:45,13:35,,,"sun,mon,tue,wed,thu,fri,sat"
MZS,DKGN,train,555,213.7,15814,Murkongselek - Dekargaon Express (UnReserved),true,,15:00,00:15,,,"sun,mon,tue,wed,thu,fri,sat"
GHY,DKGN,train,355,142.4,15815,Guwahati - Dekargaon Intercity Express (UnReserved),true,,16:55,22:50,,,"sun,mon,tue,wed,thu,fri,sat"
DKGN,GHY,train,355,142.4,15816,Dekargaon - Guwahati Intercity Express (UnReserved),true,,05:10,11:05,,,"sun,mon,tue,wed,thu,fri,sat"
SKHV,NHLN,train,795,320.9,15817,Donyi Polo Express (PT),true,,19:00,08:15,,,"sun,mon,tue,wed,thu,fri,sat"
NHLN,SKHV,train,870,320.9,15818,Donyi Polo Express (PT),true,,21:15,11:45,,,"sun,mon,tue,wed,thu,fri,sat"
RNY,MZS,train,710,261.5,15895,Rangiya - Murkongselek Express,true,,08:20,20:10,,,"sun,mon,tue,wed,thu,fri,sat"
MZS,RNY,train,695,261.5,15896,Murkongselek - Rangiya Express,true,,06:45,18:20,,,"sun,mon,tue,wed,thu,fri,sat"
DBRG,CDG,train,3135,1268.9,15903,Dibrugarh - Chandigarh Express (PT),true,,09:00,13:15,,,"mon,fri"
CDG,DBRG,train,3225,1268.9,15904,Chandigarh - Dibrugarh Express (PT),true,,23:35,05:20,,,"sun,wed"
TSK,NHLN,train,355,157.6,15907,Tinsukia - Naharlagun Express,true,,13:35,19:30,,,"sun,tue,wed,fri,sat"
NHLN,TSK,train,345,157.6,15908,Naharlagun - Tinsukia Express,true,,05:45,11:30,,,"sun,mon,wed,thu,sat"
DBRG,LGH,train,3995,1488.8,15909,Avadh Assam Express (PT),true,,10:00,04:35,,,"sun,mon,tue,wed,thu,fri,sat"
LGH,DBRG,train,3985,1488.8,15910,Avadh Assam Express (PT),true,,19:50,14:15,,,"sun,mon,tue,wed,thu,fri,sat"
TSK,NHLN,train,375,157.6,15911,Tinsukia - Naharlagun Express,true,,15:35,21:50,,,"sun,wed,thu"
NHLN,TSK,train,380,157.6,15912,Naharlagun - Tinsukia Express,true,,07:40,14:00,,,"mon,tue,fri"
DGHR,DBRG,train,1625,650.2,15925,Deoghar - Dibrugarh Express,true,,19:55,23:00,,,tue
DBRG,DGHR,train,1690,650.2,15926,Dibrugarh - Deoghar Express,true,,01:30,05:40,,,wed
RNY,NTSK,train,930,329.2,15927,Rangiya - New Tinsukia Express (UnReserved),true,,05:30,21:00,,,"mon,tue,fri,sat"
NTSK,RNY,train,845,329.2,15928,New Tinsukia - Rangiya Express (UnReserved),true,,06:00,20:05,,,"sun,tue,wed,sat"
TBM,NTSK,train,3630,1535.3,15929,Tambaram - New Tinsukia Express (PT),true,,18:40,07:10,,,tue
NTSK,TBM,train,3725,1535.3,15930,New Tinsukia - Tambaram Express (PT),true,,06:30,20:35,,,mon
NTSK,ASR,train,3560,1348.5,15933,New Tinsukia - Amritsar Express (PT),true,,09:45,21:05,,,tue
ASR,NTSK,train,3590,1348.5,15934,Amritsar - New Tinsukia Express (PT),true,,15:40,03:30,,,fri
LTT,DBRG,train,3615,1493.4,15945,Mumbai LTT - Dibrugarh Express (PT),true,,08:05,20:20,,,"wed,sat"
DBRG,LTT,train,3650,1493.4,15946,Dibrugarh - Mumbai LTT Express (PT),true,,05:00,17:50,,,"sun,wed"
DBRG,GTNR,train,2430,959.1,15949,Dibrugarh - Gomti Nagar Amrit Bharat Express,true,,21:00,13:30,,,fri
GTNR,DBRG,train,2520,959.1,15950,Gomti Nagar - Dibrugarh Amrit Bharat Express,true,,18:40,12:40,,,sun
HWH,DBRG,train,2030,759.7,15959,Kamrup Express (via Guwahati) (PT),true,,18:35,04:25,,,"sun,tue,wed,thu,sat"
DBRG,HWH,train,1975,759.7,15960,Kamrup Express (via Guwahati) (PT),true,,19:45,04:40,,,"mon,tue,wed,fri,sat"
HWH,DBRG,train,1705,676.9,15961,Kamrup Express (Via Rangapara North) (PT),true,,18:35,23:00,,,"mon,fri"
DBRG,HWH,train,1645,676.9,15962,Kamrup Express (via Rangapara North) (PT),true,,01:15,04:40,,,"mon,fri"
RNY,LEDO,train,985,339.7,15967,Rangiya - Ledo Express (UnReserved),true,,05:30,21:55,,,"sun,wed,thu"
LEDO,RNY,train,905,339.7,15968,Ledo - Rangiya Express (UnReserved),true,,05:00,20:05,,,"mon,tue,fri"
MAS,NSL,train,1600,683.4,16003,MGR Chennai Central - Nagarsol Weekly Express (PT),true,,09:15,11:55,,,sun
NSL,MAS,train,1570,683.4,16004,Nagarsol - MGR Chennai Central Weekly Express,true,,13:30,15:40,,,mon
MAS,AP,train,585,285.9,16021,Kaveri Express (PT),true,,21:15,07:00,,,"sun,mon,tue,wed,thu,fri,sat"
AP,MAS,train,605,285.9,16022,Kaveri Express (PT),true,,20:40,06:45,,,"sun,mon,tue,wed,thu,fri,sat"
MAS,SVDK,train,3215,1378.4,16031,Andaman Express (PT),true,,05:10,10:45,,,"sun,wed,thu"
SVDK,MAS,train,3390,1378.4,16032,Andaman Express,true,,22:30,07:00,,,"tue,fri,sat"
MAS,TPTY,train,190,122.6,16053,MGR Chennai Central - Tirupati Express,true,,14:40,17:50,,,"sun,mon,tue,wed,thu,fri,sat"
TPTY,MAS,train,200,122.6,16054,Tirupati - MGR Chennai Central Express,true,,10:10,13:30,,,"sun,mon,tue,wed,thu,fri,sat"
MAS,TPTY,train,200,122.6,16057,Sapthagiri Express,true,,06:30,09:50,,,"sun,mon,tue,wed,thu,fri,sat"
TPTY,MAS,train,250,122.6,16058,Sapthagiri Express,true,,18:05,22:15,,,"sun,mon,tue,wed,thu,fri,sat"
AJJ,JTJ,train,190,121.7,16085,Arakkonam - Jolarpettai MEMU Express (UnReserved),true,,18:05,21:15,,,"sun,mon,tue,wed,thu,fri,sat"
JTJ,AJJ,train,170,121.7,16086,Jolarpettai - Arakkonam MEMU Express (UnReserved),true,,06:55,09:45,,,"sun,mon,tue,wed,thu,fri,sat"
AJJ,SA,train,335,177.4,16087,Arakkonam - Salem MEMU Express (UnReserved),true,,05:15,10:50,,,"mon,tue,wed,thu,fri"
SA,AJJ,train,320,177.4,16088,Salem - Arakkonam MEMU Express (UnReserved),true,,15:30,20:50,,,"mon,tue,wed,thu,fri"
MAS,JTJ,train,275,153.4,16089,Yelagiri Express,true,,17:55,22:30,,,"sun,mon,tue,wed,thu,fri,sat"
JTJ,MAS,train,250,153.4,16090,Yelagiri Express,true,,05:00,09:10,,,"sun,mon,tue,wed,thu,fri,sat"
MAS,LJN,train,2350,1015.5,16093,MGR Chennai Central - Lucknow Jn.Express (PT),true,,05:10,20:20,,,"tue,sat"
LJN,MAS,train,2320,1015.5,16094,Lucknow Jn. - MGR Chennai Central Express (PT),true,,16:20,07:00,,,"mon,tue"
TBM,QLN,train,825,393.6,16101,Chennai Egmore - Kollam Express (PT),true,,17:15,07:00,,,"sun,mon,tue,wed,thu,fri,sat"
QLN,TBM,train,845,393.6,16102,Kollam - Chennai Egmore Express (PT),true,,16:00,06:05,,,"sun,mon,tue,wed,thu,fri,sat"
TBM,RMM,train,695,339.3,16103,Tambaram - Rameswaram Express (PT),true,,18:10,05:45,,,"sun,mon,tue,wed,thu,fri,sat"
RMM,TBM,train,705,339.3,16104,Rameswaram - Tambaram Express (PT),true,,16:00,03:45,,,"sun,mon,tue,wed,thu,fri,sat"
TBM,SRC,train,1725,850.6,16107,Tambaram - Santragachi Amrit Bharat Express,true,,15:30,20:15,,,fri
SRC,TBM,train,1990,850.6,16108,Santragachi - Tambaram Amrit Bharat Express,true,,23:55,09:05,,,sun
TPTY,PDY,train,505,187.0,16111,Tirupati - Puducherry MEMU Express (UnReserved),true,,04:10,12:35,,,"sun,mon,tue,wed,thu,fri,sat"
PDY,TPTY,train,510,187.0,16112,Puducherry - Tirupati MEMU Express (UnReserved),true,,14:40,23:10,,,"sun,mon,tue,wed,thu,fri,sat"
MS,PDY,train,245,145.2,16115,Chennai Egmore - Puducherry Express,true,,18:10,22:15,,,"sun,mon,tue,wed,thu,fri,sat"
PDY,MS,train,235,145.2,16116,Puducherry - Chennai Egmore Express,true,,05:35,09:30,,,"sun,mon,tue,wed,thu,fri,sat"
TBM,TVC,train,870,419.1,16121,Tambaram - Thiruvananthapuram Central Amrit Bharat Express,true,,17:30,08:00,,,wed
TVC,TBM,train,785,418.6,16122,Thiruvananthapuram Central - Tambaram Amrit Bharat Express,true,,10:40,23:45,01-29,,tue
TBM,GUV,train,1233,548.1,16127,Chennai Egmore - Guruvayur Express (PT),true,,11:07,07:40,,,"sun,mon,tue,wed,thu,fri,sat"
GUV,TBM,train,1213,548.1,16128,Guruvayur - Chennai Egmore Express (PT),true,,23:15,19:28,,,"sun,mon,tue,wed,thu,fri,sat"
MS,MAQ,train,1205,508.6,16159,Chennai Egmore - Mangaluru Central Express (PT),true,,23:10,19:15,,,"sun,mon,tue,wed,thu,fri,sat"
MAQ,MS,train,1250,508.6,16160,Mangaluru Central - Chennai Egmore Express (PT),true,,06:45,03:35,,,"sun,mon,tue,wed,thu,fri,sat"
MS,VLNK,train,450,215.1,16175,Chennai Egmore - Velankanni Express (PT),true,,21:00,04:30,,,"sun,mon,tue,wed,thu,fri,sat"
VLNK,MS,train,445,215.1,16176,Velankanni - Chennai Egmore Express (PT),true,,21:50,05:15,,,"sun,mon,tue,wed,thu,fri,sat"
MS,MQ,train,445,219.2,16179,Mannai Express (PT),true,,22:55,06:20,,,"sun,mon,tue,wed,thu,fri,sat"
MQ,MS,train,450,219.2,16180,Mannai Express (PT),true,,22:50,06:20,,,"sun,mon,tue,wed,thu,fri,sat"
KIK,ERS,train,855,327.3,16187,Karaikkal - Ernakulam Jn. Express (PT),true,,16:30,06:45,,,"sun,mon,tue,wed,thu,fri,sat"
ERS,KIK,train,800,327.3,16188,Ernakulam Jn. - Karaikkal Express (PT),true,,22:25,11:45,,,"sun,mon,tue,wed,thu,fri,sat"
MAS,TPTY,train,250,122.6,16203,M.G.R Chennai Central - Tirupati Express,true,,16:35,20:45,,,"sun,mon,tue,wed,thu,fri,sat"
TPTY,MAS,train,220,122.6,16204,Tirupati - M.G.R Chennai Central Express,true,,06:30,10:10,,,"sun,mon,tue,wed,thu,fri,sat"
TLGP,MYS,train,460,226.6,16205,Talaguppa - Mysuru Intercity Express,true,,14:50,22:30,,,"sun,mon,tue,wed,thu,fri,sat"
MYS,TLGP,train,445,226.6,16206,Mysuru - Talguppa Intercity Express,true,,06:00,13:25,,,"sun,mon,tue,wed,thu,fri,sat"
YPR,MYS,train,475,190.7,16207,Yesvantpur - Mysuru Express (via Hassan) (UnReserved),true,,12:15,20:10,,,"sun,mon,tue,wed,thu,fri,sat"
MYS,YPR,train,465,190.7,16208,Mysuru - Yesvantpur Express (Via Hassan) (UnReserved),true,,07:15,15:00,,,"sun,mon,tue,wed,thu,fri,sat"
AII,MYS,train,2510,1107.5,16209,Ajmer - Mysuru Express (PT),true,,06:15,00:05,,,"sun,fri"
MYS,AII,train,2515,1107.5,16210,Mysuru - Ajmer Express (PT),true,,20:30,14:25,,,"tue,thu"
YPR,SA,train,350,158.5,16211,Yesvantpur - Salem Express (UnReserved),true,,15:55,21:45,,,"sun,mon,tue,wed,thu,fri,sat"
SA,YPR,train,355,158.5,16212,Salem - Yesvantpur Express (UnReserved),true,,05:20,11:15,,,"sun,mon,tue,wed,thu,fri,sat"
ASK,UBL,train,410,194.8,16213,Arsikere - SSS Hubballi MEMU Express (UnReserved),true,,05:45,12:35,,,"sun,mon,tue,wed,thu,fri,sat"
UBL,ASK,train,415,194.8,16214,SSS Hubballi - Arsikere MEMU Express (UnReserved),true,,15:00,21:55,,,"sun,mon,tue,wed,thu,fri,sat"
MYS,SBC,train,170,118.5,16215,Chamundi Express,true,,06:45,09:35,,,"sun,mon,tue,wed,thu,fri,sat"
SBC,MYS,train,165,118.5,16216,Chamundi Express,true,,18:25,21:10,,,"sun,mon,tue,wed,thu,fri,sat"
MYS,SNSI,train,1750,710.0,16217,Mysuru - Sainagar Shirdi Weekly Express,true,,05:40,10:50,,,mon
SNSI,MYS,train,1630,710.0,16218,Sainagar Shirdi - Mysuru Weekly Express,true,,00:25,03:35,,,wed
CMNR,TPTY,train,735,299.7,16219,Chamarajanagar - Tirupati Express,true,,15:50,04:05,,,"sun,mon,tue,wed,thu,fri,sat"
TPTY,CMNR,train,700,299.7,16220,Tirupati - Chamarajanagar Express,true,,21:40,09:20,,,"sun,mon,tue,wed,thu,fri,sat"
TLGP,MYS,train,580,226.6,16221,Kuvempu Express (UnReserved),true,,05:50,15:30,,,"sun,mon,tue,wed,thu,fri,sat"
MYS,TLGP,train,540,226.6,16222,Kuvempu Express (UnReserved),true,,14:00,23:00,,,"sun,mon,tue,wed,thu,fri,sat"
SMVB,RDP,train,2815,1194.9,16223,SMVT Bengaluru - Radhikapur Express,true,,13:50,12:45,,,tue
RDP,SMVB,train,2835,1194.9,16224,Radhikapur - SMVT Bengaluru Express (PT),true,,21:30,20:45,,,sun
MYS,SMET,train,385,182.0,16225,Mysuru - Shivamogga Town Express (UnReserved),true,,10:15,16:40,,,"sun,mon,tue,wed,thu,fri,sat"
SMET,MYS,train,340,182.0,16226,Shivamogga Town - Mysuru Express (UnReserved),true,,11:25,17:05,,,"sun,mon,tue,wed,thu,fri,sat"
MYS,TLGP,train,730,289.1,16227,Mysuru - Talguppa Express (via Bengaluru),true,,19:40,07:50,,,"sun,mon,tue,wed,thu,fri,sat"
TLGP,MYS,train,685,289.1,16228,Talguppa - Mysuru Express (via Bengaluru),true,,20:55,08:20,,,"sun,mon,tue,wed,thu,fri,sat"
CUPJ,MYS,train,965,401.4,16231,Cuddalore Port - Mysuru Express (PT),true,,16:30,08:35,,,"sun,mon,tue,wed,thu,fri,sat"
MYS,CUPJ,train,980,401.4,16232,Mysuru - Cuddalore Port Express,true,,16:15,08:35,,,"sun,mon,tue,wed,thu,fri,sat"
TN,MYS,train,1010,412.0,16235,Tuticorin - Mysuru Express (PT),true,,17:30,10:20,,,"sun,mon,tue,wed,thu,fri,sat"
MYS,TN,train,965,412.0,16236,Mysuru - Tuticorin Express,true,,18:20,10:25,,,"sun,mon,tue,wed,thu,fri,sat"
CMGR,YPR,train,390,167.2,16239,Chikkamagaluru - Yesvantpur Express (UnReserved),true,,08:00,14:30,,,"sun,mon,tue,wed,thu,fri,sat"
YPR,CMGR,train,325,167.2,16240,Yesvantpur - Chikkamagaluru Express (UnReserved),true,,15:40,21:05,,,"sun,mon,tue,wed,thu,fri,sat"
SRR,TVC,train,445,204.5,16301,Venad Express,true,,14:35,22:00,,,"sun,mon,tue,wed,thu,fri,sat"
TVC,SRR,train,435,204.5,16302,Venad Express,true,,05:20,12:35,,,"sun,mon,tue,wed,thu,fri,sat"
ERS,TVC,train,290,156.2,16303,Vanchinad Express,true,,05:10,10:00,,,"sun,mon,tue,wed,thu,fri,sat"
TVC,ERS,train,310,156.2,16304,Vanchinad Express,true,,17:45,22:55,,,"sun,mon,tue,wed,thu,fri,sat"
ERS,CAN,train,350,184.7,16305,Ernakulam Jn. - Kannur Intercity Express,true,,06:00,11:50,,,"sun,mon,tue,wed,thu,fri,sat"
CAN,ERS,train,360,184.7,16306,Kannur - Ernakulam Jn. Intercity Express,true,,14:50,20:50,,,"sun,mon,tue,wed,thu,fri,sat"
ALLP,CAN,train,520,211.4,16307,Alappuzha - Kannur Executive Express,true,,15:50,00:30,,,"sun,mon,tue,wed,thu,fri,sat"
CAN,ALLP,train,500,211.4,16308,Kannur - Alappuzha Executive Express,true,,05:10,13:30,,,"sun,mon,tue,wed,thu,fri,sat"
ERS,KYJ,train,170,107.9,16309,Ernakulam Jn. - Kayamkulam MEMU Express (UnReserved),true,,08:45,11:35,,,"sun,mon,tue,wed,thu,fri,sat"
KYJ,ERS,train,150,107.9,16310,Kayamkulam - Ernakulam Jn. MEMU Express (UnReserved),true,,15:20,17:50,,,"sun,mon,tue,wed,thu,fri,sat"
SGNR,TVCN,train,3395,1442.8,16311,Shri Ganganagar - Thiruvananthapuram North (Kochuveli) Express (PT),true,,14:10,22:45,,,tue
TVCN,SGNR,train,3500,1442.8,16312,Thiruvananthapuram North (Kochuveli) - Shri Ganganagar Express (PT),true,,15:45,02:05,,,sun
TVCN,MAJN,train,815,350.5,16313,Thiruvananthapuram North - Mangaluru Jn. Antyodaya Express (via Kottayam),true,,17:15,06:50,03-16,,mon
MAJN,TVCN,train,795,350.5,16314,Mangaluru Jn. - Thiruvananthapuram North Antyodaya Express (via Kottayam),true,,18:00,07:15,03-17,,tue
MYS,TVCN,train,1200,497.1,16315,Mysuru - Thiruvananthapuram North (Kochuveli) Express,true,,13:15,09:15,,,"sun,mon,tue,wed,thu,fri,sat"
TVCN,MYS,train,1140,497.1,16316,Thiruvananthapuram North (Kochuveli) - Mysuru Express (PT),true,,16:45,11:45,,,"sun,mon,tue,wed,thu,fri,sat"
CAPE,SVDK,train,4110,1797.9,16317,Himsagar Express (PT),true,,14:15,10:45,,,fri
SVDK,CAPE,train,4290,1797.9,16318,Himsagar Express (PT),true,,22:30,22:00,,,mon
TVCN,SMVB,train,990,446.5,16319,Thiruvananthapuram North (Kochuveli) - SMVT Bengaluru Humsafar Express,true,,17:30,10:00,,,"tue,sat"
SMVB,TVCN,train,900,446.5,16320,SMVT Bengaluru - Thiruvananthapuram North (Kochuveli) Humsafar Express,true,,19:00,10:00,,,"sun,fri"
NCJ,CBE,train,690,300.2,16321,Nagercoil - Coimbatore Express (UnReserved),true,,08:00,19:30,,,"sun,mon,tue,wed,thu,fri,sat"
CBE,NCJ,train,700,300.2,16322,Coimbatore - Nagercoil Express (UnReserved),true,,08:00,19:40,,,"sun,mon,tue,wed,thu,fri,sat"
CBE,MAQ,train,650,242.2,16323,Coimbatore - Mangaluru Central Express (UnReserved),true,,07:50,18:40,,,"sun,mon,tue,wed,thu,fri,sat"
MAQ,CBE,train,660,242.2,16324,Mangaluru Central - Coimbatore Express (UnReserved),true,,09:00,20:00,,,"sun,mon,tue,wed,thu,fri,sat"
NIL,KTYM,train,395,161.3,16325,Nilambur Road - Kottayam Express,true,,15:15,21:50,,,"sun,mon,tue,wed,thu,fri,sat"
KTYM,NIL,train,395,161.3,16326,Kottayam - Nilambur Road Express,true,,05:15,11:50,,,"sun,mon,tue,wed,thu,fri,sat"
MDU,GUV,train,875,293.3,16327,Madurai - Guruvayur Express,true,,11:35,02:10,,,"sun,mon,tue,wed,thu,fri,sat"
GUV,MDU,train,800,293.3,16328,Guruvayur - Madurai Express,true,,05:50,19:10,,,"sun,mon,tue,wed,thu,fri,sat"
NCJ,MAJN,train,1040,388.4,16329,Nagercoil - Mangaluru Jn. Amrit Bharat Express,true,,11:40,05:00,,,tue
MAJN,NCJ,train,845,388.4,16330,Mangaluru Jn. - Nagercoil Amrit Bharat Express,true,,08:00,22:05,,,wed
LTT,TVC,train,2045,934.1,16331,Mumbai LTT - Thiruvananthapuram Central Express (PT),true,,20:55,07:00,,,sun
TVC,LTT,train,2305,934.1,16332,Thiruvananthapuram Central - Mumbai LTT Express (PT),true,,04:25,18:50,,,sun
VRL,TVC,train,2900,1160.8,16333,Veraval - Thiruvananthapuram Central Express (PT),true,,06:55,07:15,,,tue
TVC,VRL,train,2870,1160.8,16334,Thiruvananthapuram Central - Veraval Express (PT),true,,15:45,15:35,,,mon
GIMB,NCJ,train,2820,1132.8,16335,Gandhidham - Nagercoil Weekly Express (PT),true,,10:40,09:40,,,fri
NCJ,GIMB,train,2720,1132.8,16336,Nagercoil - Gandhidham Weekly Express (PT),true,,14:45,12:05,,,tue
OKHA,ERS,train,2645,1090.9,16337,Okha - Ernakulam Express (PT),true,,06:45,02:50,,,"mon,sat"
ERS,OKHA,train,2645,1090.9,16338,Ernakulam - Okha Express (PT),true,,20:25,16:30,,,"wed,fri"
LTT,NCJ,train,2210,912.0,16339,Mumbai LTT - Nagercoil Express (via Katpadi) (PT),true,,20:55,09:45,,,"tue,wed,thu,sat"
NCJ,LTT,train,2165,912.0,16340,Nagercoil - Mumbai LTT Express (Via Katpadi) (PT),true,,06:45,18:50,,,"mon,tue,wed,fri"
GUV,TVC,train,375,194.4,16341,Guruvayur - Thiruvananthapuram Central InterCity Express,true,,03:25,09:40,,,"sun,mon,tue,wed,thu,fri,sat"
TVC,GUV,train,410,194.4,16342,Thiruvananthapuram Central - Guruvayur InterCity Express,true,,17:30,00:20,,,"sun,mon,tue,wed,thu,fri,sat"
TVC,RMM,train,945,408.7,16343,Amritha Express (PT),true,,20:30,12:15,,,"sun,mon,tue,wed,thu,fri,sat"
RMM,TVC,train,930,408.7,16344,Amritha Express (PT),true,,13:30,05:00,,,"sun,mon,tue,wed,thu,fri,sat"
LTT,TVC,train,1915,744.1,16345,Netravati Express (PT),true,,11:40,19:35,,,"sun,mon,tue,wed,thu,fri,sat"
TVC,LTT,train,1910,744.1,16346,Netravati Express (PT),true,,09:15,17:05,,,"sun,mon,tue,wed,thu,fri,sat"
TVC,MAQ,train,865,345.7,16347,Thiruvananthapuram Central - Mangaluru Central Express (PT),true,,20:55,11:20,,,"sun,mon,tue,wed,thu,fri,sat"
MAQ,TVC,train,830,345.7,16348,Mangaluru Central - Thiruvananthapuram Central Express (PT),true,,14:25,04:15,,,"sun,mon,tue,wed,thu,fri,sat"
TVCN,NIL,train,545,231.6,16349,Thiruvananthapuram North (Kochuveli) - Nilambur Road Rajya Rani Express (PT),true,,21:00,06:05,,,"sun,mon,tue,wed,thu,fri,sat"
NIL,TVCN,train,485,231.6,16350,Nilambur Road - Thiruvananthapuram North (Kochuveli) Rajya Rani Express (PT),true,,21:30,05:35,,,"sun,mon,tue,wed,thu,fri,sat"
LTT,NCJ,train,2045,942.8,16351,Mumbai LTT - Nagercoil Express (Via Renigunta) (PT),true,,20:55,07:00,,,"mon,fri"
NCJ,LTT,train,2195,942.8,16352,Nagercoil - Mumbai LTT Express (via Renigunta) (PT),true,,06:15,18:50,,,"sun,tue"
KCG,NCJ,train,1725,743.2,16353,Kacheguda - Nagercoil Weekly Express (PT),true,,15:45,20:30,,,sun
NCJ,KCG,train,1635,743.2,16354,Nagercoil - Kacheguda Weekly Express (PT),true,,09:25,12:40,,,sun
TVCN,MAJN,train,710,344.7,16355,Thiruvananthapuram North - Mangaluru Jn. Antyodaya Express (via Alappuzha),true,,21:25,09:15,,,"tue,sat"
MAJN,TVCN,train,710,344.7,16356,Mangaluru Jn. - Thiruvananthapuram North Antyodaya Express (via Alappuzha),true,,20:10,08:00,,,"sun,fri"
NCJ,CHZ,train,1715,763.8,16357,Nagercoil - Charlapalli Amrit Bharat Express,true,,23:45,04:20,,,tue
CHZ,NCJ,train,1880,763.8,16358,Charlapalli - Nagercoil Amrit Bharat Express,true,,08:15,15:35,,,sun
ERS,VLNK,train,1000,372.4,16361,Ernakulam Jn. - Velankanni Bi-Weekly Express (via Karaikkudi) (PT),true,,13:00,05:40,,,"mon,sat"
VLNK,ERS,train,1030,372.4,16362,Velankanni - Ernakulam Jn. Bi-Weekly Express (via Karaikkudi),true,,18:40,11:50,,,"sun,tue"
ERS,VLNK,train,1065,384.8,16363,Ernakulam Jn. - Velankanni Weekly Express (via Tiruchchirappalli) (PT),true,,23:50,17:35,,,wed
VLNK,ERS,train,970,384.8,16364,Velankanni - Ernakulam Jn. Weekly Express (via Tiruchchirappalli),true,,19:45,11:55,03-19,,tue
NCJ,KTYM,train,405,161.7,16366,Nagercoil - Kottayam Express (UnReserved),true,,13:00,19:45,,,"sun,mon,tue,wed,thu,fri,sat"
CAPE,BNRS,train,3080,1327.4,16367,Kashi Tamil Sangamam Express (PT),true,,20:30,23:50,,,tue
BNRS,CAPE,train,3160,1327.4,16368,Kashi Tamil Sangamam Express,true,,16:20,21:00,,,sun
SBC,ERS,train,660,323.6,16377,KSR Bengaluru - Ernakulam Jn. Intercity Express,true,,06:10,17:10,,,"sun,mon,tue,wed,thu,fri,sat"
ERS,SBC,train,715,323.6,16378,Ernakulam Jn. - KSR Bengaluru Intercity Express,true,,09:05,21:00,,,"sun,mon,tue,wed,thu,fri,sat"
PUNE,CAPE,train,2170,947.9,16381,Pune - Kanniyakumari Express (PT),true,,23:45,11:55,,,"sun,mon,tue,wed,thu,fri,sat"
CAPE,PUNE,train,2220,947.9,16382,Kanniyakumari - Pune Express (PT),true,,08:40,21:40,,,"sun,mon,tue,wed,thu,fri,sat"
SBC,CLT,train,905,326.4,16511,K.S.R Bengaluru - Kozhikode Express,true,,21:35,12:40,,,"sun,mon,tue,wed,thu,fri,sat"
CLT,SBC,train,905,326.4,16512,Kozhikode - K.S.R Bengaluru Express (PT),true,,15:30,06:35,,,"sun,mon,tue,wed,thu,fri,sat"
YPR,KAWR,train,970,336.1,16515,Yesvantpur - Karwar Express,true,,07:00,23:10,,,"mon,wed,fri"
KAWR,YPR,train,920,336.1,16516,Karwar - Yesvantpur Express,true,,05:30,20:50,,,"tue,thu,sat"
JTJ,SBC,train,200,121.7,16519,Jolarpettai - KSR Bengaluru MEMU Express (UnReserved),true,,04:30,07:50,,,"sun,mon,tue,wed,thu,fri,sat"
SBC,JTJ,train,210,121.7,16520,KSR Bengaluru - Jolarpettai MEMU Express (UnReserved),true,,17:30,21:00,,,"sun,mon,tue,wed,thu,fri,sat"
BWT,SBC,train,135,87.2,16521,Bangarapet - KSR Bengaluru MEMU Express (UnReserved),true,,21:30,23:45,,,"sun,mon,tue,wed,thu,fri,sat"
SBC,BWT,train,95,87.2,16522,KSR Bengaluru - Bangarapet MEMU Express (UnReserved),true,,19:40,21:15,,,"sun,mon,tue,wed,thu,fri,sat"
SMVB,BLGT,train,2520,1166.8,16523,SMVT Bengaluru - Balurghat Express,true,,10:15,04:15,,,wed
BLGT,SMVB,train,2745,1166.8,16524,Balurghat - SMVT Bengaluru Express (PT),true,,05:15,03:00,,,sun
CAPE,SBC,train,1250,482.3,16525,Kanniyakumari - KSR Bengaluru Express (PT),true,,10:10,07:00,,,"sun,mon,tue,wed,thu,fri,sat"
SBC,CAPE,train,1120,482.3,16526,KSR Bengaluru - Kanniyakumari Express (PT),true,,20:10,14:50,,,"sun,mon,tue,wed,thu,fri,sat"
YPR,CAN,train,825,358.6,16527,Yesvantpur - Kannur Express (PT),true,,20:00,09:45,,,"sun,mon,tue,wed,thu,fri,sat"
CAN,YPR,train,825,358.6,16528,Kannur - Yesvantpur Express (PT),true,,18:05,07:50,,,"sun,mon,tue,wed,thu,fri,sat"
SMVB,KIK,train,905,313.1,16529,SMVT Bengaluru - Karaikal Express (UnReserved),true,,07:30,22:35,,,"sun,mon,tue,wed,thu,fri,sat"
KIK,SMVB,train,1020,313.1,16530,Karaikal - SMVT Bengaluru Express (UnReserved),true,,04:50,21:50,,,"sun,mon,tue,wed,thu,fri,sat"
AII,SBC,train,2655,1076.7,16531,Ajmer - KSR Bengaluru Garib Nawaz Express (PT),true,,06:15,02:30,,,mon
SBC,AII,train,2725,1076.7,16532,KSR Bengaluru - Ajmer Garib Nawaz Express (PT),true,,17:00,14:25,,,fri
JU,SBC,train,2655,1060.1,16533,Jodhpur - KSR Bengaluru Express (Via Guntakal) (PT),true,,06:15,02:30,,,wed
SBC,JU,train,2690,1060.1,16534,KSR Bengaluru - Jodhpur Express (Via Guntakal) (PT),true,,17:00,13:50,,,sun
MYS,PVR,train,1240,560.1,16535,Gol Gumbaz Express,true,,15:45,12:25,,,"sun,mon,tue,wed,thu,fri,sat"
PVR,MYS,train,1305,560.1,16536,Gol Gumbaz Express (PT),true,,13:00,10:45,,,"sun,mon,tue,wed,thu,fri,sat"
YPR,MAJN,train,580,219.7,16539,Yesvantpur - Mangaluru Jn. Weekly Express,true,,07:00,16:40,,,sun
MAJN,YPR,train,570,219.7,16540,Mangaluru Jn. - Yesvantpur Weekly Express,true,,07:00,16:30,,,sun
YPR,PVR,train,1040,459.8,16541,Yesvantpur - Pandharpur Weekly Express,true,,18:15,11:35,,,tue
PVR,YPR,train,950,459.8,16542,Pandharpur - Yesvantpur Weekly Express,true,,13:35,05:25,,,fri
YPR,SNNR,train,870,341.6,16545,Yesvantpur - Sindhanur Express,true,,20:25,10:55,,,"sun,mon,tue,wed,thu,fri,sat"
SNNR,YPR,train,905,341.6,16546,Sindhanur - Yesvantpur Express,true,,17:00,08:05,,,"sun,mon,tue,wed,thu,fri,sat"
YPR,BJP,train,840,396.3,16547,Yesvantpur - Vijayapura Express,true,,21:30,11:30,,,"sun,mon,tue,wed,thu,fri,sat"
BJP,YPR,train,910,396.3,16548,Vijayapura - Yesvantpur Express,true,,13:50,05:00,,,"sun,mon,tue,wed,thu,fri,sat"
SBC,KQZ,train,203,123.5,16549,KSR Bengaluru - Kolar MEMU Express (UnReserved),true,,18:20,21:43,,,"mon,tue,wed,thu,fri,sat"
KQZ,SBC,train,200,123.5,16550,Kolar - KSR Bengaluru MEMU Express (UnReserved),true,,06:15,09:35,,,"mon,tue,wed,thu,fri,sat"
MAS,AP,train,590,285.9,16551,MGR Chennai Central - Ashokapuram Express,true,,13:35,23:25,,,"sun,mon,tue,wed,thu,fri,sat"
AP,MAS,train,590,285.9,16552,Ashokapuram - MGR Chennai Central Express,true,,04:45,14:35,,,"sun,mon,tue,wed,thu,fri,sat"
SMVB,LTT,train,1445,610.7,16553,SMVT Bengaluru - Mumbai LTT Express,true,,20:35,20:40,05-23,,"tue,sat"
LTT,SMVB,train,1395,610.7,16554,Mumbai LTT - SMVT Bengaluru Express,true,,23:15,22:30,05-24,,"sun,wed"
YPR,TLGP,train,405,222.9,16555,Yesvantpur - Talguppa Weekly Express,true,,22:45,05:30,05-15,,fri
TLGP,YPR,train,435,222.9,16556,Talguppa - Yesvantpur Weekly Express,true,,10:00,17:15,05-16,,sun
SMVB,BIDR,train,900,364.6,16559,SMVT Bengaluru - Bidar Express (Via Kalaburagi),true,,21:15,12:15,05-15,,"sun,fri"
BIDR,SMVB,train,840,364.6,16560,Bidar - SMVT Bengaluru Express (Via Kalaburagi),true,,14:00,04:00,05-16,,"mon,sat"
YPR,TVCN,train,925,513.4,16561,Yesvantpur - Thiruvananthapuram North (Kochuveli) AC SF Express,true,,15:20,06:45,,,tue
TVCN,YPR,train,955,513.4,16562,Thiruvananthapuram North (Kochuveli) - Yesvantpur AC SF Express,true,,12:50,04:45,,,fri
BNC,KLBG,train,740,309.4,16563,Bengaluru Cantt. - Kalaburagi Express,true,,22:00,10:20,05-16,,sun
KLBG,BNC,train,700,309.4,16564,Kalaburagi - Bengaluru Cantt. Express,true,,11:20,23:00,05-17,,sun
YPR,MAQ,train,965,438.6,16565,Yesvantpur - Mangaluru Central Weekly Express,true,,23:55,16:00,,,sun
MAQ,YPR,train,1010,438.6,16566,Mangaluru Central - Yesvantpur Weekly Express,true,,20:00,12:50,,,mon
TK,SMET,train,310,149.3,16567,Tumakuru - Shivamogga Town Express (UnReserved),true,,18:40,23:50,,,"sun,mon,tue,wed,thu,fri,sat"
SMET,TK,train,310,149.3,16568,Shivamogga Town - Tumakuru Express (UnReserved),true,,04:00,09:10,,,"sun,mon,tue,wed,thu,fri,sat"
YPR,BIDR,train,810,380.7,16571,Yesvantpur - Bidar Express (via Vikarabad),true,,19:15,08:45,,,"sun,mon,tue,thu"
BIDR,YPR,train,805,380.7,16572,Bidar - Yesvantpur Express (via Vikarabad) (PT),true,,18:15,07:40,,,"mon,tue,wed,fri"
YPR,PDY,train,630,264.8,16573,Yesvantpur - Puducherry Weekly Express,true,,20:45,07:15,,,fri
PDY,YPR,train,595,264.8,16574,Puducherry - Yesvantpur Weekly Express,true,,22:25,08:20,,,sun
YPR,MAJN,train,580,219.7,16575,Gomteshwara Express,true,,07:00,16:40,,,"sun,tue,thu"
MAJN,YPR,train,570,219.7,16576,Gomteshwara Express,true,,07:00,16:30,,,"mon,wed,fri"
YPR,BIDR,train,875,362.3,16577,Yesvantpur - Bidar Weekly Express (Via Kalaburagi),true,,23:15,13:50,,,sun
BIDR,YPR,train,800,362.3,16578,Bidar - Yesvantpur Weekly Express (Via Kalaburagi),true,,14:40,04:00,,,sun
YPR,SMET,train,345,178.3,16581,Yesvantpur - Shivamogga Town Express,true,,00:15,06:00,,,"sun,tue,thu"
SMET,YPR,train,290,178.3,16582,Shivamogga Town - Yesvantpur Express,true,,23:55,04:45,,,"sun,tue,thu"
YPR,LUR,train,1045,447.8,16583,Yesvantpur - Latur Express,true,,19:15,12:40,,,"wed,fri,sat"
LUR,YPR,train,965,447.8,16584,Latur - Yesvantpur Express,true,,15:35,07:40,,,"sun,tue,sat"
SMVB,MRDW,train,1085,341.1,16585,SMVT Bengaluru - Murdeshwar Express,true,,19:45,13:50,,,"sun,mon,tue,wed,thu,fri,sat"
MRDW,SMVB,train,1010,341.1,16586,Murdeshwar - SMVT Bengaluru Express,true,,14:25,07:15,,,"sun,mon,tue,wed,thu,fri,sat"
YPR,BKN,train,2685,1180.6,16587,Yesvantpur - Bikaner Express,true,,12:00,08:45,,,"sun,fri"
BKN,YPR,train,2700,1180.6,16588,Bikaner - Yesvantpur Express (PT),true,,19:00,16:00,,,"sun,tue"
SBC,SLI,train,845,403.2,16589,Rani Chennamma Express (PT),true,,23:00,13:05,,,"sun,mon,tue,wed,thu,fri,sat"
SLI,SBC,train,915,403.2,16590,Rani Chennamma Express (PT),true,,15:05,06:20,,,"sun,mon,tue,wed,thu,fri,sat"
UBL,MYS,train,865,366.9,16591,Hampi Express,true,,18:30,08:55,,,"sun,mon,tue,wed,thu,fri,sat"
MYS,UBL,train,930,366.9,16592,Hampi Express,true,,18:50,10:20,,,"sun,mon,tue,wed,thu,fri,sat"
SBC,NED,train,1430,532.9,16593,KSR Bengaluru - Hazur Sahib Nanded Express,true,,23:20,23:10,,,"sun,mon,tue,wed,thu,fri,sat"
NED,SBC,train,1300,532.9,16594,Hazur Sahib Nanded - KSR Bengaluru Express (PT),true,,06:30,04:10,,,"sun,mon,tue,wed,thu,fri,sat"
SBC,KAWR,train,830,336.5,16595,Panchaganga Express,true,,18:50,08:40,,,"sun,mon,tue,wed,thu,fri,sat"
KAWR,SBC,train,795,336.5,16596,Panchaganga Express,true,,18:00,07:15,,,"sun,mon,tue,wed,thu,fri,sat"
SMVB,APDJ,train,2975,1326.8,16597,SMVT Bengaluru - Alipurduar Amrit Bharat Express,true,,08:50,10:25,,,sun
APDJ,SMVB,train,3155,1327.3,16598,Alipurduar - SMVT Bengaluru Amrit Bharat Express,true,,22:25,03:00,,,mon
ED,JBN,train,3525,1551.9,16601,Erode - Jogbani Amrit Bharat Express (PT),true,,08:15,19:00,,,tue
JBN,ED,train,3825,1551.9,16602,Jogbani - Erode Amrit Bharat Express (PT),true,,15:15,07:00,,,sun
MAQ,TVC,train,760,340.2,16603,Maveli Express (PT),true,,17:40,06:20,,,"sun,mon,tue,wed,thu,fri,sat"
TVC,MAQ,train,770,340.2,16604,Maveli Express (PT),true,,19:25,08:15,,,"sun,mon,tue,wed,thu,fri,sat"
MAQ,TVC,train,835,340.2,16605,Ernad Express,true,,07:20,21:15,,,"sun,mon,tue,wed,thu,fri,sat"
TVC,MAQ,train,840,340.2,16606,Ernad Express,true,,03:40,17:40,,,"sun,mon,tue,wed,thu,fri,sat"
CAN,CBE,train,465,181.5,16607,Kannur - Coimbatore Express (UnReserved),true,,06:00,13:45,,,"sun,mon,tue,wed,thu,fri,sat"
CBE,CAN,train,426,181.5,16608,Coimbatore - Kannur Express (UnReserved),true,,13:50,20:56,,,"sun,mon,tue,wed,thu,fri,sat"
TCR,CAN,train,345,150.7,16609,Thrissur - Kannur Express (UnReserved),true,,06:45,12:30,,,"sun,mon,tue,wed,thu,fri,sat"
MAQ,PGT,train,470,216.5,16610,Mangaluru Central - Palakkad Jn. Express (UnReserved),true,,05:15,13:05,,,"sun,mon,tue,wed,thu,fri,sat"
PGT,CAN,train,335,155.7,16611,Palakkad - Kannur Express (UnReserved),true,,13:50,19:25,03-16,,"sun,mon,tue,wed,thu,fri,sat"
RJT,CBE,train,2315,1076.7,16613,Rajkot - Coimbatore Express (PT),true,,05:30,20:05,,,sun
CBE,RJT,train,2465,1076.7,16614,Coimbatore - Rajkot Express (PT),true,,00:45,17:50,,,fri
MQ,CBE,train,500,209.1,16615,Chemmozhi Express (PT),true,,20:25,04:45,,,"sun,mon,tue,wed,thu,fri,sat"
CBE,MQ,train,430,209.1,16616,Chemmozhi Express (PT),true,,00:30,07:40,,,"sun,mon,tue,wed,thu,fri,sat"
RMM,CBE,train,615,287.8,16617,Rameswaram - Coimbatore Express,true,,20:15,06:30,,,wed
CBE,RMM,train,575,287.8,16618,Coimbatore - Rameswaram Express,true,,19:45,05:20,,,tue
PTJ,DHN,train,2745,1105.5,16619,Podanur - Dhanbad Amrit Bharat Express,true,,06:15,04:00,,,sun
DHN,PTJ,train,2720,1107.0,16620,Dhanbad - Podanur Amrit Bharat Express,true,,14:00,11:20,,,mon
RMM,MAQ,train,925,401.4,16621,Rameswaram - Mangaluru Central Weekly Express,true,,15:30,06:55,,,sun
MAQ,RMM,train,920,401.4,16622,Mangaluru Central - Rameswaram Weekly Express (PT),true,,19:30,10:50,,,sun
TVC,MAQ,train,935,345.7,16629,Malabar Express (PT),true,,18:40,10:15,,,"sun,mon,tue,wed,thu,fri,sat"
MAQ,TVC,train,855,345.7,16630,Malabar Express (PT),true,,18:15,08:30,,,"sun,mon,tue,wed,thu,fri,sat"
MAQ,CAPE,train,990,385.7,16649,Parasuram Express,true,,05:00,21:30,,,"sun,mon,tue,wed,thu,fri,sat"
CAPE,MAQ,train,1055,385.7,16650,Parasuram Express,true,,03:45,21:20,,,"sun,mon,tue,wed,thu,fri,sat"
MAJN,TEN,train,1125,400.5,16707,Mangaluru Jn - Tirunelveli Express,true,,13:00,07:45,,,tue
TEN,MAJN,train,910,400.5,16708,Tirunelveli - Mangaluru Jn. Express (PT),true,,15:45,06:55,,,wed
CBE,MDU,train,305,160.3,16721,Coimbatore - Madurai Intercity Express (UnReserved),true,,14:30,19:35,,,"sun,mon,tue,wed,thu,fri,sat"
MDU,CBE,train,305,160.3,16722,Madurai - Coimbatore Intercity Express (UnReserved),true,,07:10,12:15,,,"sun,mon,tue,wed,thu,fri,sat"
MDU,PUU,train,640,243.1,16729,Madurai - Punalur Express (PT),true,,23:15,09:55,,,"sun,mon,tue,wed,thu,fri,sat"
PUU,MDU,train,620,243.1,16730,Punalur - Madurai Express (PT),true,,17:15,03:35,,,"sun,mon,tue,wed,thu,fri,sat"
PGT,TCN,train,560,266.1,16731,Palakkad Jn. - Tiruchendur Express (UnReserved),true,,06:10,15:30,,,"sun,mon,tue,wed,thu,fri,sat"
TCN,PGT,train,555,266.1,16732,Tiruchendur - Palakkad Jn. Express (UnReserved),true,,12:30,21:45,,,"sun,mon,tue,wed,thu,fri,sat"
RMM,OKHA,train,3570,1505.4,16733,Rameswaram - Okha Weekly Express (PT),true,,22:50,10:20,,,fri
OKHA,RMM,train,3510,1505.4,16734,Okha - Rameswaram Express (PT),true,,08:40,19:10,,,tue
TBM,RMM,train,720,349.9,16751,Chennai Egmore - Rameswaram Express (PT),true,,21:00,09:00,,,"sun,mon,tue,wed,thu,fri,sat"
RMM,TBM,train,748,349.9,16752,Rameswaram - Chennai Egmore Express (PT),true,,18:00,06:28,,,"sun,mon,tue,wed,thu,fri,sat"
MTP,TN,train,510,250.0,16765,Mettupalayam - Tuticorin Express (PT),true,,19:45,04:15,,,"sun,fri"
TN,MTP,train,480,250.0,16766,Tuticorin - Mettupalayam Express (PT),true,,23:40,07:40,,,"tue,sat"
TPTY,RMM,train,1000,435.0,16779,Tirupati - Rameswaram Express (PT),true,,11:55,04:35,,,"mon,wed,fri,sat"
RMM,TPTY,train,1035,435.0,16780,Rameswaram - Tirupati Express (PT),true,,16:55,10:10,,,"sun,tue,thu,fri"
TEN,SVDK,train,3885,1726.2,16787,Tirunelveli - Shri Mata Vaishno Devi Katra Express (PT),true,,18:00,10:45,,,mon
SVDK,TEN,train,4095,1726.2,16788,Shri Mata Vaishno Devi Katra - Tirunelveli Express (PT),true,,22:30,18:45,,,tue
TN,PGT,train,890,301.1,16791,Palaruvi Express,true,,21:40,12:30,,,"sun,mon,tue,wed,thu,fri,sat"
PGT,TN,train,865,301.1,16792,Palaruvi Express,true,,16:05,06:30,,,"sun,mon,tue,wed,thu,fri,sat"
TBM,TPJ,train,430,228.4,16807,Tambaram - Tiruchchirappalli InterCity Express,true,,15:30,22:40,,,"sun,mon,tue,fri,sat"
TPJ,TBM,train,415,228.4,16808,Tiruchchirappalli - Tambaram InterCity Express,true,,05:35,12:30,,,"sun,mon,tue,fri,sat"
MV,SA,train,450,184.7,16811,Mayiladuturai - Salem MEMU Express (UnReserved),true,,06:15,13:45,,,"sun,mon,tue,wed,thu,fri,sat"
SA,MV,train,445,184.7,16812,Salem - Mayiladuthurai MEMU Express (UnReserved),true,,14:05,21:30,,,"sun,mon,tue,wed,thu,fri,sat"
MV,TPJ,train,145,110.2,16833,Mayiladuturai - Tiruchchirappalli MEMU Express (UnReserved),true,,07:50,10:15,,,"sun,mon,tue,wed,thu,fri,sat"
TPJ,MV,train,150,110.2,16834,Tiruchchirappalli - Mayiladuturai MEMU Express (UnReserved),true,,16:20,18:50,,,"sun,mon,tue,wed,thu,fri,sat"
TPJ,PGTN,train,435,193.9,16843,Tiruchchirappalli - Palakkad Town Express (UnReserved),true,,13:00,20:15,,,"sun,mon,tue,wed,thu,fri,sat"
PGTN,TPJ,train,455,193.9,16844,Palakkad Town - Tiruchchirappalli Express (UnReserved),true,,06:30,14:05,,,"sun,mon,tue,wed,thu,fri,sat"
ED,SCT,train,510,256.5,16845,Erode - Sengottai Express (UnReserved),true,,14:00,22:30,,,"sun,mon,tue,wed,thu,fri,sat"
SCT,ED,train,580,256.5,16846,Sengottai - Erode Express (UnReserved),true,,05:20,15:00,,,"sun,mon,tue,wed,thu,fri,sat"
MV,SCT,train,500,262.5,16847,Mayiladuturai - Sengottai Express (UnReserved),true,,12:35,20:55,,,"sun,mon,tue,wed,thu,fri,sat"
SCT,MV,train,520,262.5,16848,Sengottai - Mayiladuturai Express (UnReserved),true,,07:00,15:40,,,"sun,mon,tue,wed,thu,fri,sat"
TPJ,RMM,train,330,176.4,16849,Tiruchchirappalli - Rameswaram Express (UnReserved),true,,07:05,12:35,,,"sun,mon,tue,wed,thu,fri,sat"
RMM,TPJ,train,315,176.4,16850,Rameswaram - Tiruchchirappalli Express (UnReserved),true,,14:50,20:05,,,"sun,mon,tue,wed,thu,fri,sat"
TPTY,VM,train,415,176.9,16853,Tirupati - Villupuram Intercity Express (UnReserved),true,,13:40,20:35,,,"sun,mon,tue,wed,thu,fri,sat"
VM,TPTY,train,345,176.9,16854,Villupuram - Tirupati Intercity Express (UnReserved),true,,05:40,11:25,,,"sun,mon,tue,wed,thu,fri,sat"
PDY,MAQ,train,1005,422.5,16855,Puducherry - Mangaluru Central Express (Via Salem) (PT),true,,16:45,09:30,,,tue
MAQ,PDY,train,1060,422.5,16856,Mangaluru Central - Puducherry Express (via Salem) (PT),true,,16:35,10:15,,,fri
PDY,MAQ,train,1025,452.9,16857,Puducherry - Mangaluru Central Express (Via Tiruchchirappalli) (PT),true,,16:45,09:50,,,sun
MAQ,PDY,train,1060,452.9,16858,Mangaluru Central - Puducherry Express (Via Tiruchchirappalli) (PT),true,,16:35,10:15,,,sun
PDY,CAPE,train,845,377.0,16861,Puducherry - Kanniyakumari Express,true,,13:10,03:15,,,sun
CAPE,PDY,train,835,377.0,16862,Kanniyakumari - Puducherry Express,true,,14:30,04:25,,,mon
MS,TJ,train,440,216.5,16865,Uzhavan Express (PT),true,,22:25,05:45,,,"sun,mon,tue,wed,thu,fri,sat"
TJ,MS,train,395,216.5,16866,Uzhavan Express (PT),true,,21:50,04:25,,,"sun,mon,tue,wed,thu,fri,sat"
VM,DG,train,345,180.1,16867,Villupuram - Dindigul Intercity Express (UnReserved),true,,16:30,22:15,,,"sun,mon,tue,wed,thu,fri,sat"
DG,VM,train,345,180.1,16868,Dindigul - Villupuram Intercity Express (UnReserved),true,,05:30,11:15,,,"sun,mon,tue,wed,thu,fri,sat"
VM,TPTY,train,330,176.9,16870,Villupuram - Tirupati MEMU Express (UnReserved),true,,17:40,23:10,,,"sun,mon,tue,wed,thu,fri,sat"
SNSI,SC,train,955,412.4,17001,Sainagar Shirdi - Secunderabad Express (PT),true,,17:00,08:55,,,"mon,sat"
SC,SNSI,train,1020,412.4,17002,Secunderabad - Sainagar Shirdi Express (PT),true,,16:10,09:10,,,"sun,fri"
KZJ,SRUR,train,260,139.2,17003,Ramgiri MEMU Express (UnReserved),true,,05:25,09:45,,,"sun,mon,tue,wed,thu,fri,sat"
BPQ,KZJ,train,300,163.1,17004,Ramgiri MEMU Express (UnReserved),true,,16:00,21:00,,,"sun,mon,tue,wed,thu,fri,sat"
HYB,RXL,train,2510,1007.2,17005,Hyderabad - Raxaul Express (PT),true,,23:10,17:00,,,tue
RXL,HYB,train,2425,1008.6,17006,Raxaul - Hyderabad Express (PT),true,,03:15,19:40,,,sun
CHZ,DBG,train,2330,928.1,17007,Charlapalli - Darbhanga Express (PT),true,,22:50,13:40,,,"tue,sat"
DBG,CHZ,train,2215,928.1,17008,Darbhanga - Charlapalli Express (PT),true,,07:05,20:00,,,"tue,fri"
BIDR,HYB,train,240,130.4,17009,Bidar - Hyderabad Intercity Express (UnReserved),true,,06:15,10:15,,,"sun,mon,tue,wed,thu,fri,sat"
HYB,SKZR,train,405,195.8,17011,Hyderabad - Sirpur Kaghaznagar Intercity Express (PT),true,,04:35,11:20,,,"sun,mon,tue,wed,thu,fri,sat"
SKZR,BIDR,train,650,266.6,17012,Sirpur Kaghaznagar - Bidar Express (PT),true,,12:20,23:10,,,"sun,mon,tue,wed,thu,fri,sat"
HDP,KZJ,train,915,410.1,17013,Hadapsar (Pune) - Kazipet Express (PT),true,,15:30,06:45,,,"sun,tue,fri"
KZJ,HDP,train,995,410.1,17014,Kazipet - Hadapsar (Pune) Express (PT),true,,18:15,10:50,,,"mon,tue,sat"
BBSN,SC,train,1425,583.1,17015,Visakha Express (PT),true,,08:00,07:45,,,"sun,mon,tue,wed,thu,fri,sat"
SC,BBSN,train,1415,583.1,17016,Visakha Express (PT),true,,16:50,16:25,,,"sun,mon,tue,wed,thu,fri,sat"
HSR,HYB,train,2895,1139.2,17019,Hisar - Hyderabad Weekly Express (PT),true,,07:15,07:30,,,tue
HYB,HSR,train,2790,1139.2,17020,Hyderabad - Hisar Weekly Express (PT),true,,15:10,13:40,,,sun
HYB,VSG,train,1230,438.2,17021,Hyderabad - Vasco-da-Gama Weekly Express (PT),true,,09:15,05:45,,,tue
VSG,HYB,train,1205,438.2,17022,Vasco-da-Gama - Hyderabad Weekly Express,true,,08:40,04:45,,,fri
KCG,KRNT,train,275,163.6,17023,Tungabhadra Express,true,,07:55,12:30,,,"sun,mon,tue,wed,thu,fri,sat"
KRNT,KCG,train,295,163.6,17024,Tungabhadra Express,true,,15:00,19:55,,,"sun,mon,tue,wed,thu,fri,sat"
HYB,KRNT,train,315,171.4,17027,Hundry Express,true,,16:20,21:35,,,"sun,mon,tue,wed,thu,fri,sat"
KRNT,HYB,train,370,171.4,17028,Hundry Express,true,,05:30,11:40,,,"sun,mon,tue,wed,thu,fri,sat"
BJP,HYB,train,710,259.7,17029,Vijayapura - Hyderabad Express,true,,19:20,07:10,,,"sun,mon,tue,wed,thu,fri,sat"
HYB,BJP,train,655,259.7,17030,Hyderabad - Vijayapura Express (PT),true,,21:10,08:05,,,"sun,mon,tue,wed,thu,fri,sat"
CHZ,AGTL,train,3755,1464.9,17031,Charlapalli - Agartala Express (PT),true,,16:20,06:55,07-27,,mon
AGTL,CHZ,train,3790,1464.9,17032,Agartala - Charlapalli Express (PT),true,,05:30,20:40,07-31,,fri
BDCR,BPQ,train,585,230.7,17033,Singareni MEMU Express (UnReserved),true,,06:00,15:45,,,"sun,mon,tue,wed,thu,fri,sat"
SRUR,BDCR,train,470,206.8,17034,Singareni MEMU Express (UnReserved),true,,12:30,20:20,,,"sun,mon,tue,wed,thu,fri,sat"
KZJ,BPQ,train,260,163.1,17035,Kazipet - Balharshah Express (UnReserved),true,,22:50,03:10,,,"sun,mon,tue,wed,thu,fri,sat"
BPQ,KZJ,train,300,163.1,17036,Balharshah - Kazipet Express (UnReserved),true,,03:50,08:50,,,"sun,mon,tue,wed,thu,fri,sat"
SC,VSG,train,1190,433.6,17039,Secunderabad - Vasco-da-Gama Express,true,,10:05,05:55,,,"wed,fri"
VSG,SC,train,1160,433.6,17040,Vasco-da-Gama - Secunderabad Express,true,,08:40,04:00,,,"tue,sat"
CHZ,TVCN,train,1890,792.1,17041,Charlapalli - Thiruvananthapuram North Amrit Bharat Express,true,,07:15,14:45,,,tue
TVCN,CHZ,train,1800,792.1,17042,Thiruvananthapuram North - Charlapalli Amrit Bharat Express,true,,17:30,23:30,,,wed
SC,AKP,train,900,357.2,17043,Secunderabad - Anakapalle AC Express,true,,21:00,12:00,05-24,,sun
AKP,SC,train,905,357.2,17044,Anakapalle - Secunderabad AC Express,true,,17:35,08:40,05-18,,mon
CHZ,AKP,train,800,354.5,17045,Charlapalli - Anakapalle Express (via Warangal) (PT),true,,20:05,09:25,05-09,,sun
AKP,CHZ,train,825,354.5,17046,Anakapalle - Charlapalli Express (via Warangal),true,,17:35,07:20,05-03,,sun
CHZ,TCNR,train,785,384.4,17047,Charlapalli - Tiruchanur Express (via Kazipet) (PT),true,,18:55,08:00,05-27,,wed
TCNR,CHZ,train,845,384.4,17048,Tiruchanur - Charlapalli Express (via Kazipet) (PT),true,,16:55,07:00,05-28,,tue
UBL,HYB,train,780,360.4,17049,SSS Hubballi - Hyderabad Express,true,,21:00,10:00,,,"sun,mon,tue,wed,thu,fri,sat"
HYB,UBL,train,845,360.4,17050,Hyderabad - SSS Hubballi Express (PT),true,,15:50,05:55,,,"sun,mon,tue,wed,thu,fri,sat"
CHZ,AKP,train,770,339.3,17053,Charlapalli - Anakapalle AC Express,true,,22:10,11:00,05-14,,tue
AKP,CHZ,train,785,339.3,17054,Anakapalle - Charlapalli AC Express,true,,17:35,06:40,05-08,,fri
CSMT,LPI,train,1130,469.5,17057,Devagiri Express (PT),true,,21:30,16:20,,,"sun,mon,tue,wed,thu,fri,sat"
LPI,CSMT,train,1125,470.4,17058,Devagiri Express (PT),true,,12:25,07:10,,,"sun,mon,tue,wed,thu,fri,sat"
CHZ,TCNR,train,900,353.5,17059,Charlapalli - Tiruchanur Express (via Dhone ) (PT),true,,21:30,12:30,05-17,,sun
TCNR,CHZ,train,960,353.5,17060,Tiruchanur - Charlapalli Express (via Dhone) (PT),true,,16:00,08:00,05-18,,mon
CHZ,NS,train,670,256.9,17061,Charlapalli - Narasapur Express (PT),true,,19:50,07:00,,,sun
NS,CHZ,train,710,256.9,17062,Narasapur - Charlapalli Express (PT),true,,20:00,07:50,04-26,,sun
MMR,KCG,train,785,343.0,17063,Ajanta Express (PT),true,,20:40,09:45,,,"sun,mon,tue,wed,thu,fri,sat"
KCG,MMR,train,840,343.0,17064,Ajanta Express (PT),true,,18:30,08:30,,,"sun,mon,tue,wed,thu,fri,sat"
CHZ,SHM,train,1705,792.1,17065,Charlapalli - Shalimar Amrit Bharat Express,true,,06:55,11:20,,,tue
SHM,CHZ,train,1810,792.1,17066,Shalimar - Charlapalli Amrit Bharat Express,true,,12:50,19:00,,,wed
CHZ,BBSN,train,1355,570.2,17067,Charlapalli - Bhubaneswar New Express (PT),true,,18:10,16:45,05-25,,mon
BBSN,CHZ,train,1415,570.2,17068,Bhubaneswar New - Charlapalli Express,true,,22:15,21:50,05-26,,tue
HYB,CAPE,train,2025,782.7,17069,Hyderabad - Kanniyakumari Express (PT),true,,16:45,02:30,,,wed
CAPE,HYB,train,1995,782.7,17070,Kanniyakumari - Hyderabad Express (PT),true,,05:15,14:30,,,fri
HYB,BGM,train,1080,429.0,17071,Hyderabad - Belagavi Express,true,,16:30,10:30,,,tue
BGM,HYB,train,1080,429.0,17072,Belagavi - Hyderabad Express,true,,13:00,07:00,,,fri
SC,BGM,train,1080,428.5,17073,Secunderabad - Belagavi Express,true,,16:30,10:30,05-18,,mon
BGM,SC,train,1095,428.5,17074,Belagavi - Secunderabad Express,true,,13:00,07:15,05-19,,tue
CHZ,BGM,train,1110,434.0,17075,Charlapalli - Belagavi Express,true,,16:00,10:30,05-16,,sun
BGM,CHZ,train,1185,434.0,17076,Belagavi - Charlapalli Express,true,,13:00,08:45,05-17,,sun
CHZ,TPJ,train,1525,557.8,17077,Charlapalli - Tiruchchirappalli Express (PT),true,,17:20,18:45,07-07,,tue
TPJ,CHZ,train,1490,557.8,17078,Tiruchchirappalli - Charlapalli Express (PT),true,,21:30,22:20,07-08,,wed
HYB,JP,train,2015,900.9,17079,Hyderabad - Jaipur Weekly Express,true,,19:50,05:25,07-24,,fri
JP,HYB,train,2250,900.9,17080,Jaipur - Hyderabad Weekly Express,true,,15:30,05:00,07-26,,sun
GNT,SC,train,485,229.8,17201,Golconda Express,true,,06:00,14:05,,,"sun,mon,tue,wed,thu,fri,sat"
SC,GNT,train,545,229.8,17202,Golconda Express,true,,12:30,21:35,,,"sun,mon,tue,wed,thu,fri,sat"
SNSI,COA,train,1605,671.4,17205,Sainagar Shirdi - Kakinada Port Express (PT),true,,17:00,19:45,,,"sun,tue,thu"
COA,SNSI,train,1685,671.4,17206,Kakinada Port - Sainagar Shirdi Express (PT),true,,05:05,09:10,,,"mon,wed,sat"
SNSI,MTM,train,1475,609.8,17207,Sainagar Shirdi - Machilipatnam Weekly Express (PT),true,,17:00,17:35,,,wed
MTM,SNSI,train,1580,609.8,17208,Machilipatnam - Sainagar Shirdi Weekly Express (PT),true,,06:50,09:10,,,tue
SMVB,CCT,train,1140,492.5,17209,Seshadri Express (PT),true,,11:30,06:30,,,"sun,mon,tue,wed,thu,fri,sat"
CCT,SMVB,train,1140,492.5,17210,Seshadri Express (PT),true,,17:25,12:25,,,"sun,mon,tue,wed,thu,fri,sat"
MTM,YPR,train,1080,412.9,17211,Kondaveedu Express (PT),true,,15:55,09:55,,,"mon,wed,fri"
YPR,MTM,train,990,412.9,17212,Kondaveedu Express (PT),true,,12:45,05:15,,,"tue,thu,sat"
MTM,DMM,train,840,374.2,17215,Machilipatnam - Dharmavaram Express,true,,19:50,09:50,,,"sun,mon,tue,wed,thu,fri,sat"
DMM,MTM,train,885,374.2,17216,Dharmavaram - Machilipatnam Express (PT),true,,17:50,08:35,,,"sun,mon,tue,wed,thu,fri,sat"
MTM,VSKP,train,655,226.1,17219,Machilipatnam - Visakhapatnam Express,true,,21:25,08:20,,,"sun,mon,tue,wed,thu,fri,sat"
VSKP,MTM,train,660,226.1,17220,Visakhapatnam - Machilipatnam Express (PT),true,,22:10,09:10,,,"sun,mon,tue,wed,thu,fri,sat"
COA,LTT,train,1575,651.2,17221,Kakinada Port - Mumbai LTT Express (PT),true,,09:00,11:15,,,"wed,sat"
LTT,COA,train,1505,651.2,17222,Mumbai LTT - Kakinada Port Express (PT),true,,13:15,14:20,,,"sun,tue"
NS,UBL,train,1150,436.8,17225,Narasapur - SSS Hubballi Amaravati Express (PT),true,,16:20,11:30,,,"sun,mon,tue,wed,thu,fri,sat"
UBL,NS,train,1105,436.8,17226,SSS Hubballi - Narasapur Amaravati Express,true,,13:00,07:25,,,"sun,mon,tue,wed,thu,fri,sat"
DHNE,GNT,train,450,208.2,17227,Dhone - Guntur Express (UnReserved),true,,06:30,14:00,,,"sun,mon,tue,wed,thu,fri,sat"
GNT,DHNE,train,465,208.2,17228,Guntur - Dhone Express (UnReserved),true,,13:00,20:45,,,"sun,mon,tue,wed,thu,fri,sat"
NS,NSL,train,1350,533.4,17231,Narasapur - Nagarsol Express (Via Guntur) (PT),true,,11:25,09:55,,,"sun,fri"
NSL,NS,train,1285,533.4,17232,Nagarsol - Narasapur Express (Via Guntur) (PT),true,,12:50,10:15,,,"mon,sat"
SC,SKZR,train,415,191.6,17233,Bhagyanagar Express,true,,15:35,22:30,,,"sun,mon,tue,wed,thu,fri,sat"
SKZR,SC,train,440,191.6,17234,Bhagyanagar Express,true,,03:35,10:55,,,"sun,mon,tue,wed,thu,fri,sat"
SMVB,NCJ,train,845,359.1,17235,SMVT Bengaluru - Nagercoil Express (PT),true,,17:15,07:20,,,"sun,mon,tue,wed,thu,fri,sat"
NCJ,SMVB,train,855,359.1,17236,Nagercoil - SMVT Bengaluru Express (PT),true,,19:15,09:30,,,"sun,mon,tue,wed,thu,fri,sat"
BTTR,MAS,train,280,151.6,17237,Bitragunta - MGR Chennai Central MEMU Express,true,,04:25,09:05,,,"mon,tue,wed,thu,fri"
MASS,BTTR,train,265,151.6,17238,Chennai Central Suburban - Bitragunta MEMU Express,true,,16:30,20:55,,,"mon,tue,wed,thu,fri"
GNT,VSKP,train,525,230.7,17239,Simhadri Express,true,,07:55,16:40,,,"sun,mon,tue,wed,thu,fri,sat"
VSKP,GNT,train,525,230.7,17240,Simhadri Express,true,,07:10,15:55,,,"sun,mon,tue,wed,thu,fri,sat"
GNT,RGDA,train,880,316.3,17243,Guntur - Rayagada Express (PT),true,,23:00,13:40,,,"sun,mon,tue,wed,thu,fri,sat"
RGDA,GNT,train,840,316.3,17244,Rayagada - Guntur Express (PT),true,,14:50,04:50,,,"sun,mon,tue,wed,thu,fri,sat"
NS,DMM,train,965,420.7,17247,Narasapur - Dharmavaram Express (PT),true,,17:55,10:00,,,"sun,mon,tue,wed,thu,fri,sat"
DMM,NS,train,905,420.7,17248,Dharmavaram - Narasapur Express (PT),true,,14:20,05:25,,,"sun,mon,tue,wed,thu,fri,sat"
TPTY,CCT,train,785,330.5,17249,Tirupati - Kakinada Town Express (PT),true,,22:35,11:40,,,"sun,mon,tue,wed,thu,fri,sat"
CCT,TPTY,train,850,330.5,17250,Kakinada Town - Tirupati Express (PT),true,,15:15,05:25,,,"sun,mon,tue,wed,thu,fri,sat"
GNT,KCG,train,775,341.6,17251,Guntur - Kacheguda Express (PT),true,,18:40,07:35,,,"sun,mon,tue,wed,thu,fri,sat"
KCG,GNT,train,855,341.6,17252,Kacheguda - Guntur Express (PT),true,,20:45,11:00,,,"sun,mon,tue,wed,thu,fri,sat"
GNT,CPSN,train,1760,612.1,17253,Guntur - Chhatrapati Sambhajinagar Express,true,,07:20,12:40,,,"sun,mon,tue,wed,thu,fri,sat"
CPSN,GNT,train,1780,612.1,17254,Chhatrapati Sambhajinagar - Guntur Express,true,,16:15,21:55,,,"sun,mon,tue,wed,thu,fri,sat"
NS,LPI,train,615,273.5,17255,Narasapur - Lingampalli Express (PT),true,,19:00,05:15,,,"sun,mon,tue,wed,thu,fri,sat"
LPI,NS,train,675,273.5,17256,Lingampalli - Narasapur Express (PT),true,,21:00,08:15,,,"sun,mon,tue,wed,thu,fri,sat"
BZA,COA,train,320,153.4,17257,Vijayawada - Kakinada Port MEMU Express (UnReserved),true,,18:15,23:35,,,"sun,mon,tue,wed,thu,fri,sat"
COA,BZA,train,320,153.4,17258,Kakinada Port - Vijayawada MEMU Express (UnReserved),true,,04:10,09:30,,,"sun,mon,tue,wed,thu,fri,sat"
NLR,BZA,train,395,172.3,17259,Nellore - Vijayawada MEMU Express (UnReserved),true,,14:00,20:35,,,"sun,mon,tue,wed,thu,fri,sat"
BZA,GDR,train,495,190.2,17260,Vijayawada - Gudur MEMU Express (UnReserved),true,,05:10,13:25,,,"sun,mon,tue,wed,thu,fri,sat"
GNT,TPTY,train,680,310.3,17261,Guntur - Tirupati Express,true,,16:30,03:50,,,"sun,mon,tue,wed,thu,fri,sat"
TPTY,GNT,train,715,310.3,17262,Tirupati - Guntur Express,true,,19:25,07:20,,,"sun,mon,tue,wed,thu,fri,sat"
BVRM,NS,train,45,68.8,17263,Bhimavaram - Narasapur MEMU Express (UnReserved),true,,05:40,06:25,,,"sun,mon,tue,wed,thu,fri,sat"
NS,BVRM,train,45,68.8,17264,Narasapur - Bhimavaram MEMU Express (UnReserved),true,,22:45,23:30,,,"sun,mon,tue,wed,thu,fri,sat"
COA,VSKP,train,290,130.9,17267,Kakinada Port - Visakhapatnam MEMU Express (UnReserved),true,,04:50,09:40,,,"sun,mon,tue,wed,thu,fri,sat"
VSKP,COA,train,310,130.9,17268,Visakhapatnam - Kakinada Port MEMU Express (UnReserved),true,,17:00,22:10,,,"sun,mon,tue,wed,thu,fri,sat"
BZA,NS,train,230,118.9,17269,Vijayawada - Narasapur MEMU Express (UnReserved),true,,17:15,21:05,,,"sun,mon,tue,wed,thu,fri,sat"
NS,BZA,train,230,118.9,17270,Narasapur - Vijayawada MEMU Express (UnReserved),true,,09:45,13:35,,,"sun,mon,tue,wed,thu,fri,sat"
GNT,NS,train,290,133.7,17281,Guntur - Narasapur Express,true,,17:45,22:35,,,"sun,mon,tue,wed,thu,fri,sat"
NS,GNT,train,345,133.7,17282,Narasapur - Guntur Express,true,,06:15,12:00,,,"sun,mon,tue,wed,thu,fri,sat"
CCT,MYS,train,1860,695.8,17289,Kakinada Town - Mysuru Express (PT),true,,09:00,16:00,,,"mon,fri"
MYS,CCT,train,1825,695.8,17290,Mysuru - Kakinada Town Express,true,,17:05,23:30,,,"tue,sat"
NS,TNM,train,955,387.6,17291,Narasapur - Tiruvannamalai Express,true,,13:00,04:55,07-01,,wed
TNM,NS,train,1010,387.6,17292,Tiruvannamalai - Narasapur Express,true,,11:00,03:50,07-02,,tue
NS,SMVB,train,1075,451.1,17293,Narasapur - SMVT Bengaluru Express (PT),true,,15:50,09:45,07-10,,fri
SMVB,NS,train,1130,451.1,17294,SMVT Bengaluru - Narasapur Express,true,,11:00,05:50,07-11,,sun
CCT,HSR,train,3360,1299.3,17295,Kakinada Town - Hisar Express,true,,05:40,13:40,,,tue
HSR,CCT,train,3325,1299.3,17296,Hisar - Kakinada Town Express,true,,14:10,21:35,,,fri
MYS,BGM,train,670,337.4,17301,Mysuru - Belagavi Express (Via Hassan),true,,22:45,09:55,,,"sun,mon,tue,wed,thu,fri,sat"
BGM,MYS,train,690,337.4,17302,Belagavi - Mysuru Express (Via Hassan),true,,19:40,07:10,,,"sun,mon,tue,wed,thu,fri,sat"
UBL,SNNR,train,285,152.1,17303,SSS Hubballi - Sindhanur Express (UnReserved),true,,18:00,22:45,,,"sun,mon,tue,wed,thu,fri,sat"
SNNR,UBL,train,275,152.1,17304,Sindhanur - SSS Hubballi Express (UnReserved),true,,05:15,09:50,,,"sun,mon,tue,wed,thu,fri,sat"
MYS,BGK,train,1290,523.3,17307,Basava Express,true,,13:25,10:55,,,"sun,mon,tue,wed,thu,fri,sat"
BGK,MYS,train,1225,523.3,17308,Basava Express,true,,14:50,11:15,,,"sun,mon,tue,wed,thu,fri,sat"
YPR,VSG,train,820,360.4,17309,Yesvantpur - Vasco da Gama Express (PT),true,,15:30,05:10,,,"sun,mon,tue,wed,thu,fri,sat"
VSG,YPR,train,820,360.4,17310,Vasco da Gama - Yesvantpur Express (PT),true,,22:55,12:35,,,"sun,mon,tue,wed,thu,fri,sat"
UBL,MAS,train,815,379.3,17313,SSS Hubballi - MGR Chennai Central Express (via Ballari) (PT),true,,21:35,11:10,,,"wed,fri"
MAS,UBL,train,780,379.3,17314,MGR Chennai Central - SSS Hubballi Express (via Ballari) (PT),true,,15:50,04:50,,,"tue,sat"
VSG,VLNK,train,1665,636.4,17315,Vasco-Da-Gama - Velankanni Weekly Express,true,,08:40,12:25,,,mon
VLNK,VSG,train,1615,636.4,17316,Velankanni - Vasco-Da-Gama Weekly Express (PT),true,,23:55,02:50,,,tue
UBL,DR,train,870,393.6,17317,SSS Hubballi - Dadar Central Express,true,,16:30,07:00,,,"sun,mon,tue,wed,thu,fri,sat"
DR,UBL,train,880,393.6,17318,Dadar Central - SSS Hubballi Express (PT),true,,20:05,10:45,,,"sun,mon,tue,wed,thu,fri,sat"
VSG,JSME,train,3040,1230.3,17321,Vasco-da-Gama - Jasidih Weekly Express,true,,04:30,07:10,,,fri
JSME,VSG,train,2995,1230.3,17322,Jasidih - Vasco-da-Gama Weekly Express (PT),true,,13:10,15:05,,,mon
UBL,BNRS,train,2310,992.5,17323,SSS Hubballi - Banaras Weekly Express (PT),true,,18:15,08:45,,,fri
BNRS,UBL,train,2210,992.5,17324,Banaras - SSS Hubballi Weekly Express,true,,20:40,09:30,,,sun
UBL,KHTI,train,240,125.8,17327,SSS Hubballi - Kushtagi Express (UnReserved),true,,17:00,21:00,,,"sun,mon,tue,wed,thu,fri,sat"
KHTI,UBL,train,235,125.8,17328,Kushtagi - SSS Hubballi Express (UnReserved),true,,06:45,10:40,,,"sun,mon,tue,wed,thu,fri,sat"
UBL,BZA,train,990,372.9,17329,SSS Hubballi - Vijayawada Express,true,,19:30,12:00,,,"sun,mon,tue,wed,thu,fri,sat"
BZA,UBL,train,985,372.9,17330,Vijayawada - SSS Hubballi Express,true,,13:10,05:35,,,"sun,mon,tue,wed,thu,fri,sat"
MRJ,UBL,train,435,183.8,17331,Miraj - SSS Hubballi Express (UnReserved),true,,06:15,13:30,,,"sun,mon,tue,wed,thu,fri,sat"
UBL,MRJ,train,405,183.8,17332,SSS Hubballi - Miraj Express (UnReserved),true,,11:45,18:30,,,"sun,mon,tue,wed,thu,fri,sat"
MRJ,CLR,train,350,153.0,17333,Miraj - Castle Rock Express (UnReserved),true,,11:55,17:45,,,"sun,mon,tue,wed,thu,fri,sat"
CLR,MRJ,train,345,153.0,17334,Castle Rock - Miraj Express (UnReserved),true,,18:45,00:30,,,"sun,mon,tue,wed,thu,fri,sat"
UBL,CTA,train,365,158.0,17347,SSS Hubballi - Chitradurga MEMU Express (UnReserved),true,,07:20,13:25,,,"sun,mon,tue,wed,thu,fri,sat"
CTA,UBL,train,300,158.0,17348,Chitradurga - SSS Hubballi MEMU Express (UnReserved),true,,13:35,18:35,,,"sun,mon,tue,wed,thu,fri,sat"
UBL,YNRK,train,3105,1168.2,17363,SSS Hubballi - Yog Nagari Rishikesh Express,true,,19:45,23:30,07-06,,mon
YNRK,UBL,train,2895,1168.2,17364,Yog Nagari Rishikesh - SSS Hubballi Express,true,,06:15,06:30,07-09,,tue
BJP,MAQ,train,1125,417.9,17377,Vijayapura - Mangaluru Central Express,true,,15:15,10:00,,,"sun,mon,tue,wed,thu,fri,sat"
MAQ,BJP,train,1065,417.9,17378,Mangaluru Central - Vijayapura Express,true,,16:45,10:30,,,"sun,mon,tue,wed,thu,fri,sat"
SBC,SNNR,train,880,367.8,17391,K.S.R Bengaluru - Sindhanur Express (PT),true,,23:40,14:20,,,"sun,mon,tue,wed,thu,fri,sat"
SNNR,SBC,train,850,368.3,17392,Sindhanur - KSR Bengaluru Express (PT),true,,13:40,03:50,,,"sun,mon,tue,wed,thu,fri,sat"
TPTY,ADB,train,1475,578.9,17405,Krishna Express (PT),true,,05:40,06:15,,,"sun,mon,tue,wed,thu,fri,sat"
ADB,TPTY,train,1475,578.9,17406,Krishna Express (PT),true,,21:05,21:40,,,"sun,mon,tue,wed,thu,fri,sat"
TPTY,MQ,train,625,268.4,17407,Pamani Express (PT),true,,11:55,22:20,,,"sun,tue,thu"
MQ,TPTY,train,620,268.4,17408,Pamani Express,true,,05:10,15:30,,,"mon,wed,fri"
ADB,NED,train,235,140.1,17409,Adilabad - Hazur Sahib Nanded Intercity Express,true,,08:00,11:55,,,"sun,mon,tue,wed,thu,fri,sat"
NED,ADB,train,230,140.1,17410,Hazur Sahib Nanded - Adilabad Intercity Express,true,,15:05,18:55,,,"sun,mon,tue,wed,thu,fri,sat"
CSMT,KOP,train,665,293.3,17411,Mahalaxmi Express (PT),true,,20:15,07:20,,,"sun,mon,tue,wed,thu,fri,sat"
KOP,CSMT,train,630,293.3,17412,Mahalaxmi Express (PT),true,,20:55,07:25,,,"sun,mon,tue,wed,thu,fri,sat"
TPTY,KOP,train,1145,470.8,17415,Haripriya Express (PT),true,,21:30,16:35,,,"sun,mon,tue,wed,thu,fri,sat"
KOP,TPTY,train,1225,470.8,17416,Haripriya Express (PT),true,,11:50,08:15,,,"sun,mon,tue,wed,thu,fri,sat"
TPTY,SNSI,train,1590,715.6,17417,Tirupati - Sainagar Shirdi Weekly Express (via Raichur) (PT),true,,08:15,10:45,,,tue
SNSI,TPTY,train,1635,715.6,17418,Sainagar Shirdi - Tirupati Weekly Express (via Raichur) (PT),true,,19:35,22:50,,,wed
TPTY,VSG,train,1110,412.4,17419,Tirupati - Vasco-Da-Gama Weekly Express,true,,11:25,05:55,,,tue
VSG,TPTY,train,1115,412.4,17420,Vasco-Da-Gama - Tirupati Weekly Express,true,,08:40,03:15,,,fri
TPTY,QLN,train,945,436.3,17421,Tirupati - Kollam Express (PT),true,,14:35,06:20,,,"tue,fri"
QLN,TPTY,train,1000,436.3,17422,Kollam - Tirupati Express (PT),true,,10:45,03:25,,,"wed,sat"
TPTY,CMGR,train,810,328.2,17423,Tirupati - Chikkamagaluru Weekly Express,true,,21:00,10:30,,,tue
CMGR,TPTY,train,860,328.2,17424,Chikkamagaluru - Tirupati Weekly Express,true,,17:30,07:50,,,fri
TPTY,SNSI,train,1845,716.9,17425,Tirupati - Sainagar Shirdi Weekly Express (via Guntur) (PT),true,,04:00,10:45,,,sun
SNSI,TPTY,train,1795,716.9,17426,Sainagar Shirdi - Tirupati Weekly Express (via Guntur),true,,19:35,01:30,,,mon
TPTY,NS,train,680,297.0,17427,Tirupati - Narasapur Express (PT),true,,22:10,09:30,,,sun
NS,TPTY,train,710,297.0,17428,Narasapur - Tirupati Express,true,,15:50,03:40,04-27,,mon
TPTY,AK,train,1535,616.7,17429,Tirupati - Akola Express (PT),true,,12:25,14:00,05-08,,fri
AK,TPTY,train,1460,616.7,17430,Akola - Tirupati Express (PT),true,,08:10,08:30,,,sun
TPTY,RXL,train,3405,1339.3,17433,Tirupati - Raxaul Weekly Express (PT),true,,08:15,17:00,06-01,,mon
RXL,TPTY,train,3255,1339.3,17434,Raxaul - Tirupati Weekly Express (PT),true,,03:15,09:30,06-04,,tue
KCG,KRNT,train,330,163.6,17435,Kacheguda - Kurnool City Express (UnReserved),true,,18:10,23:40,,,"sun,mon,tue,wed,thu,fri,sat"
KRNT,KCG,train,355,163.6,17436,Kurnool City - Kacheguda Express (UnReserved),true,,07:00,12:55,,,"sun,mon,tue,wed,thu,fri,sat"
TPTY,PVR,train,1620,588.6,17437,Tirupati - Pandharpur Express (PT),true,,16:00,19:00,05-16,,sun
PVR,TPTY,train,1650,588.6,17438,Pandharpur - Tirupati Express,true,,20:00,23:30,05-17,,sun
TPTY,CHE,train,1175,459.0,17439,Tirupati - Srikakulam Road Humsafar Express,true,,16:55,12:30,,,sun
CHE,TPTY,train,1030,459.0,17440,Srikakulam Road - Tirupati Humsafar Express,true,,15:00,08:10,,,mon
TPTY,CHZ,train,930,390.3,17441,Tirupati - Charlapalli Express (PT),true,,16:30,08:00,05-26,,tue
CHZ,TPTY,train,900,390.3,17442,Charlapalli - Tirupati Express (PT),true,,21:30,12:30,05-27,,wed
TPTY,CHZ,train,955,390.3,17443,Tirupati - Charlapalli Express (PT),true,,16:30,08:25,05-28,,tue
CHZ,TPTY,train,910,390.3,17444,Charlapalli - Tirupati Express (PT),true,,16:20,07:30,05-29,,fri
PURI,TPTY,train,1535,622.2,17479,Puri - Tirupati Express (PT),true,,18:30,20:05,,,"sun,mon,wed,thu,fri"
TPTY,PURI,train,1665,622.2,17480,Tirupati - Puri Express (PT),true,,11:05,14:50,,,"mon,tue,wed,fri,sat"
BSP,TPTY,train,1710,700.4,17481,Bilaspur - Tirupati Express (PT),true,,15:35,20:05,,,"tue,sat"
TPTY,BSP,train,1820,700.4,17482,Tirupati - Bilaspur Express (PT),true,,11:05,17:25,,,"sun,tue"
KCG,SGNR,train,2850,1182.0,17601,Kacheguda - Shri Ganganagar Express (PT),true,,22:00,21:30,07-25,,sun
SGNR,KCG,train,2900,1182.0,17602,Shri Ganganagar - Kacheguda Express (PT),true,,06:55,07:15,07-28,,tue
KCG,YNK,train,750,355.4,17603,Kacheguda - Yelahanka Express (PT),true,,21:05,09:35,,,"sun,mon,tue,wed,thu,fri,sat"
YNK,KCG,train,760,355.4,17604,Yelahanka - Kacheguda Express (PT),true,,16:20,05:00,,,"sun,mon,tue,wed,thu,fri,sat"
KCG,BGKT,train,2645,951.5,17605,Kacheguda - Bhagat Ki Kothi Express (PT),true,,23:35,19:40,,,"sun,mon,tue,wed,thu,fri,sat"
BGKT,KCG,train,2475,951.5,17606,Bhagat Ki Kothi - Kacheguda Express,true,,22:30,15:45,,,"sun,mon,tue,wed,thu,fri,sat"
KCG,TCNR,train,865,359.1,17607,Kacheguda - Tiruchanur Weekly Express (PT),true,,21:30,11:55,08-20,,tue
TCNR,KCG,train,1020,359.1,17608,Tiruchanur - Kacheguda Weekly Express (PT),true,,16:00,09:00,08-21,,fri
PNBE,PAU,train,1935,852.6,17609,Patna - Purna Express (PT),true,,07:00,15:15,,,sun
PAU,PNBE,train,1970,852.6,17610,Purna - Patna Express (PT),true,,14:25,23:15,,,tue
NED,CSMT,train,727,334.7,17611,Hazur Sahib Nanded - Mumbai CSMT Rajya Rani Express (PT),true,,22:00,10:07,,,"sun,mon,tue,wed,thu,fri,sat"
CSMT,NED,train,755,334.7,17612,Mumbai CSMT - Hazur Sahib Nanded Rajya Rani Express,true,,18:45,07:20,,,"sun,mon,tue,wed,thu,fri,sat"
PNVL,NED,train,1005,365.5,17613,Panvel - Hazur Sahib Nanded Express,true,,16:00,08:45,,,"sun,mon,tue,wed,thu,fri,sat"
NED,PNVL,train,855,365.5,17614,Hazur Sahib Nanded - Panvel Express (PT),true,,18:20,08:35,,,"sun,mon,tue,wed,thu,fri,sat"
KCG,TN,train,1695,720.2,17615,Kacheguda - Tuticorin Express (PT),true,,15:00,19:15,04-06,,mon
TN,KCG,train,1785,720.2,17616,Tuticorin - Kacheguda Express (PT),true,,07:40,13:25,04-08,,wed
CSMT,NED,train,750,334.7,17617,Tapovan Express (PT),true,,05:30,18:00,,,"sun,mon,tue,wed,thu,fri,sat"
NED,CSMT,train,723,334.7,17618,Tapovan Express (PT),true,,10:05,22:08,,,"sun,mon,tue,wed,thu,fri,sat"
CPSN,NED,train,300,163.6,17619,Chhatrapati Sambhaji Nagar - Hazur Sahib Nanded Weekly Express,true,,23:30,04:30,,,sun
NED,CPSN,train,300,163.6,17620,Hazur Sahib Nanded - Chhatrapati Sambhaji Nagar Weekly Express,true,,11:50,16:50,,,fri
CPSN,TPTY,train,1420,592.7,17621,Chhatrapati Sambhajinagar - Tirupati Weekly Express,true,,20:50,20:30,,,fri
TPTY,CPSN,train,1425,592.7,17622,Tirupati - Chhatrapati Sambhajinagar Weekly Express (PT),true,,22:55,22:40,,,sun
KCG,RAL,train,485,214.6,17625,Delta Express (PT),true,,22:20,06:25,,,"sun,mon,tue,wed,thu,fri,sat"
RAL,VKB,train,640,245.0,17626,Delta Express (PT),true,,22:40,09:20,,,"sun,mon,tue,wed,thu,fri,sat"
HDP,NED,train,750,354.9,17629,Hadapsar - Hazur Sahib Nanded Express,true,,21:50,10:20,,,"sun,mon,tue,wed,thu,fri,sat"
NED,HDP,train,785,354.9,17630,Hazur Sahib Nanded - Hadapsar Express (PT),true,,15:30,04:35,,,"sun,mon,tue,wed,thu,fri,sat"
NED,TPU,train,1815,818.1,17631,Hazur Sahib Nanded - Tanakpur Express,true,,23:40,05:55,07-12,,sun
TPU,NED,train,1890,818.1,17632,Tanakpur - Hazur Sahib Nanded Express (PT),true,,09:00,16:30,07-14,,tue
NED,TCNR,train,1175,496.1,17633,Hazur Sahib Nanded - Tiruchanur Express,true,,16:45,12:20,05-09,,sun
TCNR,NED,train,1355,496.1,17634,Tiruchanur - Hazur Sahib Nanded Express,true,,19:45,18:20,05-10,,sun
NED,DMM,train,1605,623.1,17635,Hazur Sahib Nanded - Dharmavaram Express,true,,16:45,19:30,05-22,,fri
DMM,NED,train,1600,623.1,17636,Dharmavaram - Hazur Sahib Nanded Express,true,,05:25,08:05,05-17,,sun
J,TCNR,train,1740,596.9,17637,Jalna - Tiruchanur Express (PT),true,,07:00,12:00,05-11,,mon
TCNR,J,train,1785,596.9,17638,Tiruchanur - Jalna Express (PT),true,,15:15,21:00,,,tue
KCG,AK,train,680,291.9,17639,Kacheguda - Akola InterCity Express,true,,07:10,18:30,,,mon
AK,KCG,train,665,291.9,17640,Akola - Kacheguda Intercity Express,true,,09:30,20:35,,,tue
KCG,NRKR,train,950,391.7,17641,Kacheguda - Narkher InterCity Express,true,,07:10,23:00,,,"sun,tue,wed,thu,fri,sat"
NRKR,KCG,train,935,391.7,17642,Narkher - Kacheguda InterCity Express,true,,05:00,20:35,,,"sun,mon,wed,thu,fri,sat"
CGL,COA,train,1045,402.8,17643,Chengalpattu - Kakinada Port Circar Express (PT),true,,16:00,09:25,,,"sun,tue,wed,fri"
COA,CGL,train,1020,402.8,17644,Kakinada Port - Chengalpattu Circar Express (PT),true,,14:30,07:30,,,"sun,tue,wed,fri"
SC,RAL,train,510,211.9,17645,Secunderabad - Repalle Express,true,,12:40,21:10,,,"sun,mon,tue,wed,thu,fri,sat"
RAL,SC,train,525,211.9,17646,Repalle - Secunderabad Express,true,,07:10,15:55,,,"sun,mon,tue,wed,thu,fri,sat"
HYB,PAU,train,720,254.2,17647,Hyderabad - Purna Express,true,,08:40,20:40,,,"sun,mon,tue,wed,thu,fri,sat"
PAU,HYB,train,690,254.2,17648,Purna - Hyderabad Express,true,,07:40,19:10,,,"sun,mon,tue,wed,thu,fri,sat"
CGL,KCG,train,980,434.5,17651,Chengalpattu - Kacheguda Express (PT),true,,15:35,07:55,,,"mon,wed,thu,sat"
KCG,CGL,train,945,434.5,17652,Kacheguda - Chengalpattu Express (PT),true,,17:00,08:45,,,"mon,tue,thu,sat"
KCG,PDY,train,1085,499.4,17653,Kacheguda - Puducherry Express (PT),true,,17:00,11:05,,,"sun,wed,fri"
PDY,KCG,train,1150,499.4,17654,Puducherry - Kacheguda Express (PT),true,,12:45,07:55,,,"sun,tue,fri"
COA,PDY,train,1160,467.2,17655,Kakinada Port - Puducherry Circar Express (PT),true,,14:30,09:50,,,"mon,tue,sat"
PDY,COA,train,1195,467.2,17656,Puducherry - Kakinada Port Circar Express (PT),true,,13:30,09:25,,,"mon,tue,sat"
SC,BDCR,train,405,184.3,17659,Kakatiya Express,true,,17:00,23:45,,,"sun,mon,tue,wed,thu,fri,sat"
BDCR,SC,train,390,184.3,17660,Kakatiya Express,true,,05:10,11:40,,,"sun,mon,tue,wed,thu,fri,sat"
KCG,NSL,train,975,331.9,17661,Kacheguda - Nagarsol Express,true,,04:50,21:05,,,"sun,mon,tue,wed,thu,fri,sat"
NSL,KCG,train,1050,331.9,17662,Nagarsol - Kacheguda Express,true,,05:15,22:45,,,"sun,mon,tue,wed,thu,fri,sat"
RC,J,train,1060,393.1,17663,Raichur - Jalna Express,true,,15:50,09:30,,,"sun,mon,tue,wed,thu,fri,sat"
J,RC,train,1020,393.1,17664,Jalna - Raichur Express,true,,17:30,10:30,,,"sun,mon,tue,wed,thu,fri,sat"
NED,LTT,train,985,423.5,17665,Hazur Sahib Nanded - Mumbai LTT Express,true,,21:15,13:40,07-13,,mon
LTT,NED,train,995,423.5,17666,Mumbai LTT - Hazur Sahib Nanded Express,true,,16:35,09:10,07-14,,tue
NED,LTT,train,945,423.5,17667,Hazur Sahib Nanded - Mumbai LTT Express (PT),true,,21:15,13:00,07-08,,wed
LTT,NED,train,975,423.5,17668,Mumbai LTT - Hazur Sahib Nanded Express,true,,16:55,09:10,07-09,,tue
AK,PAU,train,225,150.7,17683,Akola - Purna Express (UnReserved),true,,22:15,02:00,,,"sun,mon,tue,wed,thu,fri,sat"
PAU,AK,train,270,150.7,17684,Purna - Akola Express (UnReserved),true,,23:50,04:20,,,"sun,mon,tue,wed,thu,fri,sat"
MMR,DAB,train,605,247.7,17687,Marathwada Express,true,,15:00,01:05,,,"sun,mon,tue,wed,thu,fri,sat"
DAB,MMR,train,580,247.7,17688,Marathwada Express,true,,04:00,13:40,,,"sun,mon,tue,wed,thu,fri,sat"
KCG,RC,train,425,164.5,17693,Kacheguda - Raichur MEMU Express (UnReserved),true,,05:25,12:30,,,"sun,mon,tue,wed,thu,fri"
RC,KCG,train,335,164.5,17694,Raichur - Kacheguda MEMU Express (UnReserved),true,,17:00,22:35,,,"sun,mon,tue,wed,thu,fri"
HWH,ADRA,train,370,185.2,18003,Rani Shiromoni Express (UnReserved),true,,17:45,23:55,,,"sun,mon,tue,wed,thu,fri,sat"
ADRA,HWH,train,355,185.2,18004,Rani Shiromoni Express (UnReserved),true,,04:30,10:25,,,"sun,mon,tue,wed,thu,fri,sat"
HWH,JDB,train,1460,589.5,18005,Samaleswari Express (PT),true,,22:10,22:30,,,"sun,mon,tue,wed,thu,fri,sat"
JDB,HWH,train,1500,589.5,18006,Samaleswari Express,true,,05:30,06:30,,,"sun,mon,tue,wed,thu,fri,sat"
SHM,VZR,train,330,177.4,18007,Simlipal Intercity Express (UnReserved),true,,16:15,21:45,,,"mon,tue,wed"
VZR,SHM,train,420,177.4,18008,Simlipal Intercity Express (UnReserved),true,,06:15,13:15,,,"tue,wed,thu"
SRC,AII,train,2375,967.6,18009,Santragachi - Ajmer Weekly Express (PT),true,,13:00,04:35,,,fri
AII,SRC,train,2360,967.6,18010,Ajmer - Santragachi Weekly Express,true,,23:40,15:00,,,sun
HWH,CKP,train,705,256.9,18011,Howrah - Chakradharpur Express,true,,23:30,11:15,,,"sun,mon,tue,wed,thu,fri,sat"
CKP,HWH,train,720,256.9,18012,Chakradharpur - Howrah Express,true,,17:35,05:35,,,"sun,mon,tue,wed,thu,fri,sat"
HWH,BKSC,train,575,223.8,18013,Howrah - Bokaro Steel City Express,true,,23:30,09:05,,,"sun,mon,tue,wed,thu,fri,sat"
BKSC,HWH,train,610,223.8,18014,Bokaro Steel City - Howrah Express,true,,19:25,05:35,,,"sun,mon,tue,wed,thu,fri,sat"
SHM,VZR,train,320,177.4,18015,Shalimar - Bhanjpur Express,true,,16:25,21:45,,,"tue,sat"
VZR,SHM,train,375,177.4,18016,Bhanjpur - Shalimar Express,true,,09:15,15:30,,,"mon,sat"
VZR,PURI,train,400,212.3,18017,Bhanjpur - Puri Express,true,,23:10,05:50,,,"tue,sat"
PURI,VZR,train,420,212.3,18018,Puri - Bhanjpur Express,true,,23:50,06:50,,,"sun,fri"
JGM,DHN,train,500,190.7,18019,Jhargram - Dhanbad MEMU Express (UnReserved),true,,05:25,13:45,,,"sun,mon,tue,wed,thu,fri"
DHN,JGM,train,480,190.7,18020,Dhanbad - Jhargram MEMU Express (UnReserved),true,,14:15,22:15,,,"sun,mon,tue,wed,thu,fri"
KGP,KUR,train,550,222.0,18021,Kharagpur - Khurda Road Express,true,,04:40,13:50,,,"sun,mon,tue,wed,thu,fri,sat"
KUR,KGP,train,480,222.0,18022,Khurda Road - Kharagpur Express,true,,16:30,00:30,,,"sun,mon,tue,wed,thu,fri,sat"
KGP,GMO,train,500,170.0,18023,Kharagpur - NSCB Jn. Gomoh Express (UnReserved),true,,14:00,22:20,,,"sun,mon,tue,wed,thu,fri,sat"
GMO,KGP,train,490,170.0,18024,NSCB Jn. Gomoh - Kharagpur Express (UnReserved),true,,06:25,14:35,,,"sun,mon,tue,wed,thu,fri,sat"
KGP,ASN,train,325,151.6,18027,Kharagpur - Asansol MEMU Express (UnReserved),true,,06:10,11:35,,,"sun,mon,tue,wed,thu,fri,sat"
ASN,KGP,train,340,151.6,18028,Asansol - Kharagpur MEMU Express (UnReserved),true,,17:05,22:45,,,"sun,mon,tue,wed,thu,fri,sat"
LTT,SHM,train,2340,948.8,18029,Mumbai LTT - Shalimar Express (PT),true,,22:00,13:00,,,"sun,mon,tue,wed,thu,fri,sat"
SHM,LTT,train,2240,948.8,18030,Shalimar - Mumbai LTT Express (PT),true,,15:00,04:20,,,"sun,mon,tue,wed,thu,fri,sat"
HWH,GTS,train,255,152.5,18033,Howrah - Ghatsila MEMU Express (UnReserved),true,,10:10,14:25,,,"sun,mon,tue,wed,thu,fri"
GTS,HWH,train,285,152.5,18034,Ghatsila - Howrah MEMU Express (UnReserved),true,,14:35,19:20,,,"sun,mon,tue,wed,thu,fri"
KGP,HTE,train,655,210.5,18035,Kharagpur - Hatia Express (UnReserved),true,,08:35,19:30,,,"sun,mon,tue,wed,thu,fri,sat"
HTE,KGP,train,595,209.1,18036,Hatia - Kharagpur Express (UnReserved),true,,08:50,18:45,,,"sun,mon,tue,wed,thu,fri,sat"
KGP,JJKR,train,360,157.1,18037,Kharagpur - Jajpur Keonjhar Road Express (UnReserved),true,,16:15,22:15,,,"sun,mon,tue,wed,thu,fri,sat"
JJKR,KGP,train,360,157.1,18038,Jajpur Keonjhar Road - Kharagpur Express (UnReserved),true,,06:20,12:20,,,"sun,mon,tue,wed,thu,fri,sat"
SHM,PURI,train,530,283.6,18039,Shalimar - Puri Express (PT),true,,21:25,06:15,,,sun
PURI,SHM,train,570,283.6,18040,Puri - Shalimar Express,true,,23:20,08:50,,,mon
SHM,MAS,train,1560,811.2,18041,Shalimar - M.G.R. Chennai Central Express,true,,14:45,16:45,,,mon
MAS,SHM,train,1995,811.2,18042,MGR Chennai Central - Shalimar Express (PT),true,,18:45,04:00,,,tue
HWH,BHC,train,475,190.2,18043,Bagha Jatin Express (UnReserved),true,,15:25,23:20,,,"sun,mon,tue,wed,thu,fri,sat"
BHC,HWH,train,465,190.2,18044,Bagha Jatin Express (UnReserved),true,,04:45,12:30,,,"sun,mon,tue,wed,thu,fri,sat"
SHM,CHZ,train,1805,774.9,18045,East Coast Express (PT),true,,11:15,17:20,,,"sun,mon,tue,wed,thu,fri,sat"
CHZ,SHM,train,1855,774.9,18046,East Coast Express (PT),true,,08:40,15:35,,,"sun,mon,tue,wed,thu,fri,sat"
SHM,VSG,train,2460,1029.7,18047,Shalimar - Vasco-da-Gama Amaravati Express (PT),true,,23:10,16:10,,,"mon,tue,thu,sat"
VSG,SHM,train,2475,1029.7,18048,Vasco-da-Gama - Shalimar Amaravati Express (PT),true,,06:30,23:45,,,"sun,tue,thu,fri"
SHM,BMPR,train,435,209.1,18049,Shalimar - Badampahar Weekly Express,true,,22:45,06:00,,,sun
BMPR,SHM,train,495,209.6,18050,Badampahar - Shalimar Weekly Express,true,,22:00,06:15,,,sun
BMPR,ROU,train,350,170.9,18051,Badampahar - Rourkela Express,true,,06:30,12:20,,,sun
ROU,BMPR,train,340,170.9,18052,Rourkela - Badampahar Express,true,,14:20,20:00,,,sun
SRC,YNK,train,2130,920.7,18063,Santragachi - Yelahanka AC Express (PT),true,,12:50,00:20,,,tue
YNK,SRC,train,2170,920.7,18064,Yelahanka - Santragachi AC Express,true,,04:50,17:00,,,sun
KGP,RNC,train,490,205.9,18085,Kharagpur - Ranchi MEMU Express (UnReserved),true,,04:30,12:40,,,"sun,mon,tue,wed,thu,fri,sat"
RNC,KGP,train,485,205.9,18086,Ranchi - Kharagpur MEMU Express (UnReserved),true,,15:40,23:45,,,"sun,mon,tue,wed,thu,fri,sat"
TATA,JAT,train,2765,1006.7,18101,Tatanagar - Jammu Tawi Express (PT),true,,16:55,15:00,,,"sun,wed,fri"
JAT,TATA,train,2640,1006.7,18102,Jammu Tawi - Tatanagar Express,true,,14:20,10:20,,,"mon,wed,sat"
TATA,ASR,train,2040,858.6,18103,Tatanagar - Amritsar Jallianwala Bagh Express,true,,20:30,06:30,,,"mon,wed"
ASR,TATA,train,1995,858.6,18104,Amritsar - Tatanagar Jallianwala Bagh Express,true,,12:45,22:00,,,"wed,fri"
ROU,JYG,train,1140,411.0,18105,Rourkela - Jaynagar Express (PT),true,,16:35,11:35,,,"tue,thu,sat"
JYG,ROU,train,1170,411.0,18106,Jaynagar - Rourkela Express,true,,19:30,15:00,,,"sun,wed,fri"
ROU,JDB,train,965,400.5,18107,Rourkela - Jagdalpur Intercity Express,true,,17:55,10:00,,,"sun,mon,tue,wed,thu,fri,sat"
JDB,ROU,train,1000,400.5,18108,Jagdalpur - Rourkela Intercity Express,true,,14:10,06:50,,,"sun,mon,tue,wed,thu,fri,sat"
TATA,NITR,train,1340,458.0,18109,Tatanagar - NSC Bose Itwari Express,true,,06:40,05:00,,,"sun,mon,tue,wed,thu,fri,sat"
NITR,TATA,train,1215,458.0,18110,NSC Bose Itwari - Tatanagar Express,true,,00:05,20:20,,,"sun,mon,tue,wed,thu,fri,sat"
TATA,YPR,train,2635,1176.5,18111,Tatanagar - Yesvantpur Weekly Express (PT),true,,17:45,13:40,,,tue
YPR,TATA,train,2830,1176.5,18112,Yesvantpur - Tatanagar Weekly Express (PT),true,,12:30,11:40,,,sun
TATA,BSP,train,690,270.3,18113,Tatanagar - Bilaspur Express (UnReserved),true,,19:00,06:30,,,"sun,mon,tue,wed,thu,fri,sat"
BSP,TATA,train,670,270.3,18114,Bilaspur - Tatanagar Express (UnReserved),true,,18:50,06:00,,,"sun,mon,tue,wed,thu,fri,sat"
GMO,CKP,train,500,164.0,18115,NSCB Jn. Gomoh - Chakradharpur MEMU Express (UnReserved),true,,15:00,23:20,,,"sun,mon,tue,wed,thu,fri,sat"
CKP,GMO,train,480,164.0,18116,Chakradharpur - NSCB Jn. Gomoh MEMU Express (UnReserved),true,,05:30,13:30,,,"sun,mon,tue,wed,thu,fri,sat"
ROU,GNPR,train,965,422.5,18117,Rourkela - Gunupur Rajya Rani Express (PT),true,,21:20,13:25,,,"sun,mon,tue,wed,thu,fri,sat"
GNPR,ROU,train,1005,422.5,18118,Gunupur - Rourkela Rajya Rani Express,true,,15:45,08:30,,,"sun,mon,tue,wed,thu,fri,sat"
TATA,JYG,train,1015,351.7,18119,Tatanagar - Jaynagar Express,true,,18:40,11:35,,,fri
JYG,TATA,train,970,351.7,18120,Jaynagar - Tatanagar Express,true,,19:30,11:40,,,sun
ROU,PURI,train,1045,296.5,18125,Rourkela - Puri Express (UnReserved),true,,07:50,01:15,,,"sun,mon,tue,wed,thu,fri,sat"
PURI,ROU,train,960,296.5,18126,Puri - Rourkela Express (UnReserved),true,,04:35,20:35,,,"sun,mon,tue,wed,thu,fri,sat"
HTE,JSG,train,510,177.4,18175,Hatia - Jharsuguda MEMU Express (UnReserved),true,,13:00,21:30,,,"sun,mon,tue,wed,thu,fri,sat"
JSG,HTE,train,580,177.4,18176,Jharsuguda - Hatia MEMU Express (UnReserved),true,,08:00,17:40,,,"sun,mon,tue,wed,thu,fri,sat"
TATA,THE,train,1235,385.3,18181,Tatanagar - Thawe Express (PT),true,,20:45,17:20,,,"mon,tue,thu,fri"
THE,TATA,train,1250,385.3,18182,Thawe - Tatanagar Express,true,,10:10,07:00,,,"sun,wed,thu,sat"
TATA,BXR,train,900,337.4,18183,Tatanagar - Buxar Express,true,,07:55,22:55,,,"sun,mon,tue,wed,thu,fri,sat"
BXR,TATA,train,870,337.4,18184,Buxar - Tatanagar Express,true,,03:30,18:00,,,"sun,mon,tue,wed,thu,fri,sat"
TATA,GODA,train,985,355.8,18185,Tatanagar - Godda Express,true,,13:55,06:20,,,mon
GODA,TATA,train,1030,355.8,18186,Godda - Tatanagar Express,true,,14:05,07:15,,,tue
TATA,ERS,train,2695,1111.2,18189,Tatanagar - Ernakulam Jn. Express (PT),true,,05:00,01:55,,,"sun,mon,tue,wed,thu,fri,sat"
ERS,TATA,train,2745,1111.2,18190,Ernakulam Jn. - Tatanagar Express (PT),true,,07:15,05:00,,,"sun,mon,tue,wed,thu,fri,sat"
DURG,NTV,train,1550,605.6,18201,Durg - Nautanwa Express (via Varanasi) (PT),true,,20:05,21:55,,,"wed,fri"
NTV,DURG,train,1525,605.6,18202,Nautanwa - Durg Express (via Varanasi),true,,11:35,13:00,,,"sun,fri"
DURG,CNB,train,1035,457.5,18203,Betwa Express (PT),true,,20:05,13:20,,,"sun,tue"
CNB,DURG,train,1160,457.5,18204,Betwa Express (PT),true,,17:40,13:00,,,"mon,wed"
DURG,NTV,train,1550,581.2,18205,Durg - Nautanwa Express (via Ayodhya Cantt.) (PT),true,,20:05,21:55,,,tue
NTV,DURG,train,1680,581.2,18206,Nautanwa - Durg Express (via Ayodhya Cantt.),true,,09:00,13:00,,,sun
DURG,AII,train,1525,695.8,18207,Durg - Ajmer Weekly Express,true,,16:00,17:25,,,mon
AII,DURG,train,1610,695.8,18208,Ajmer - Durg Weekly Express,true,,19:20,22:10,,,tue
DURG,AII,train,1525,695.8,18213,Durg - Ajmer Weekly Express,true,,16:00,17:25,,,sun
AII,DURG,train,1610,695.8,18214,Ajmer - Durg Weekly Express,true,,19:20,22:10,,,mon
INDB,BSP,train,1300,518.2,18233,Narmada Express (PT),true,,16:10,13:50,,,"sun,mon,tue,wed,thu,fri,sat"
BSP,INDB,train,1400,518.2,18234,Narmada Express,true,,11:35,10:55,,,"sun,mon,tue,wed,thu,fri,sat"
BPL,BSP,train,1005,385.7,18235,Bhopal - Bilaspur Express cum Passenger,true,,10:15,03:00,,,"sun,mon,tue,wed,thu,fri,sat"
BSP,BPL,train,1120,385.7,18236,Bilaspur - Bhopal Express Cum Passenger,true,,22:20,17:00,,,"sun,mon,tue,wed,thu,fri,sat"
KRBA,ASR,train,2602,1021.5,18237,Chhattisgarh Express (PT),true,,11:33,06:55,,,"sun,mon,tue,wed,thu,fri,sat"
ASR,BSP,train,2580,980.1,18238,Chhattisgarh Express (PT),true,,15:55,10:55,,,"sun,mon,tue,wed,thu,fri,sat"
KRBA,NITR,train,677,284.1,18239,Shivnath Express,true,,18:13,05:30,,,"sun,mon,tue,wed,thu,fri,sat"
NITR,KRBA,train,565,284.1,18240,Shivnath Express,true,,23:55,09:20,,,"sun,mon,tue,wed,thu,fri,sat"
DURG,ABKP,train,655,269.8,18241,Durg - Ambikapur Express (PT),true,,21:05,08:00,,,"sun,mon,tue,wed,thu,fri,sat"
ABKP,DURG,train,685,270.3,18242,Ambikapur - Durg Express (PT),true,,22:30,09:55,,,"sun,mon,tue,wed,thu,fri,sat"
BSP,REWA,train,645,269.8,18247,Bilaspur - Rewa Express,true,,19:20,06:05,,,"sun,mon,tue,wed,thu,fri,sat"
REWA,BSP,train,675,269.8,18248,Rewa - Bilaspur Express,true,,22:05,09:20,,,"sun,mon,tue,wed,thu,fri,sat"
R,KRBA,train,230,146.5,18249,Hasdeo Express,true,,18:00,21:50,,,"sun,mon,tue,wed,thu,fri,sat"
KRBA,R,train,245,146.5,18250,Hasdeo Express,true,,06:30,10:35,,,"sun,mon,tue,wed,thu,fri,sat"
BSP,CHRM,train,380,164.5,18257,Bilaspur - Chirimiri Express,true,,23:40,06:00,,,"sun,mon,tue,wed,thu,fri,sat"
CHRM,BSP,train,390,164.5,18258,Chirimiri - Bilaspur Express,true,,22:00,04:30,,,"sun,mon,tue,wed,thu,fri,sat"
BSP,YNK,train,1740,787.3,18261,Bilaspur - Yelahanka Weekly Express,true,,14:00,19:00,08-26,,wed
YNK,BSP,train,1800,787.3,18262,Yelahanka - Bilaspur Weekly Express,true,,21:30,03:30,08-27,,tue
SBP,RGDA,train,395,203.1,18301,Sambalpur - Rayagada Intercity Express,true,,06:05,12:40,,,"sun,mon,tue,wed,thu,fri,sat"
RGDA,SBP,train,385,203.1,18302,Rayagada - Sambalpur Intercity Express,true,,13:20,19:45,,,"sun,mon,tue,wed,thu,fri,sat"
SBP,PURI,train,450,212.3,18303,Sambalpur - Puri Intercity Express,true,,06:00,13:30,,,"sun,mon,tue,wed,thu,fri,sat"
PURI,SBP,train,430,212.3,18304,Puri - Sambalpur Intercity Express,true,,15:45,22:55,,,"sun,mon,tue,wed,thu,fri,sat"
SBP,JAT,train,3140,1135.1,18309,Sambalpur - Jammu Tawi Express (PT),true,,10:40,15:00,,,"mon,tue,thu,sat"
JAT,SBP,train,3010,1135.1,18310,Jammu Tawi - Sambalpur Express,true,,14:20,16:30,,,"sun,tue,thu,fri"
SBP,BOUH,train,315,152.5,18311,Sambalpur - Boudh Express,true,,19:25,00:40,,,sun
BOUH,SBP,train,315,152.5,18312,Boudh - Sambalpur Express,true,,12:45,18:00,,,tue
BOUH,BBSN,train,675,274.4,18313,Boudh - Bhubaneswar New Express,true,,07:00,18:15,,,mon
BBSN,BOUH,train,690,274.4,18314,Bhubaneswar New - Boudh Express,true,,23:00,10:30,,,mon
BGY,PURI,train,450,228.0,18401,Bangriposi - Puri Intercity Express (PT),true,,04:00,11:30,,,"sun,mon,tue,wed,thu,fri,sat"
PURI,BGY,train,435,228.0,18402,Puri - Bangriposi Intercity Express,true,,16:00,23:15,,,"sun,mon,tue,wed,thu,fri,sat"
BBS,DHN,train,875,412.0,18403,Bhubaneswar - Dhanbad Express,true,,20:25,11:00,,,"sun,mon,tue,wed,thu,fri,sat"
DHN,BBS,train,975,413.3,18404,Dhanbad - Bhubaneswar Express (PT),true,,16:00,08:15,,,"sun,mon,tue,wed,thu,fri,sat"
PURI,PNBE,train,1220,524.7,18405,Puri - Patna Express,true,,14:55,11:15,05-23,,sun
PNBE,PURI,train,1225,524.7,18406,Patna - Puri Express (PT),true,,13:20,09:45,05-24,,sun
PURI,KRPU,train,990,440.0,18407,Puri - Koraput Express,true,,07:00,23:30,07-11,,"mon,tue,sat"
KRPU,PURI,train,1040,440.0,18408,Koraput - Puri Express,true,,05:00,22:20,07-12,,"sun,tue,fri"
SHM,PURI,train,580,283.6,18409,Sri Jagannath Express (PT),true,,18:55,04:35,,,"sun,mon,tue,wed,thu,fri,sat"
PURI,SHM,train,590,283.6,18410,Sri Jagannath Express (PT),true,,22:40,08:30,,,"sun,mon,tue,wed,thu,fri,sat"
PRDP,PURI,train,265,134.6,18413,Paradeep - Puri Intercity Express (UnReserved),true,,18:00,22:25,,,"sun,mon,tue,wed,thu,fri,sat"
PURI,PRDP,train,255,134.6,18414,Puri - Paradeep Intercity Express (UnReserved),true,,06:15,10:30,,,"sun,mon,tue,wed,thu,fri,sat"
BBN,PURI,train,660,238.1,18415,Barbil - Puri Express,true,,09:30,20:30,,,"sun,mon,tue,wed,thu,fri,sat"
PURI,BBN,train,695,238.1,18416,Puri - Barbil Express,true,,06:15,17:50,,,"sun,mon,tue,wed,thu,fri,sat"
PURI,GNPR,train,505,230.3,18417,Puri - Gunupur Express (PT),true,,12:00,20:25,,,"sun,mon,tue,wed,thu,fri,sat"
GNPR,PURI,train,575,230.3,18418,Gunupur - Puri Express,true,,05:30,15:05,,,"sun,mon,tue,wed,thu,fri,sat"
PURI,JYG,train,1315,516.4,18419,Puri - Jaynagar Weekly Express,true,,14:55,12:50,,,tue
JYG,PURI,train,1295,516.4,18420,Jaynagar - Puri Weekly Express (PT),true,,05:20,02:55,,,sun
PURI,SNPU,train,615,292.4,18421,Puri - Sonepur Weekly Express,true,,19:35,05:50,,,tue
SNPU,PURI,train,700,292.4,18422,Sonepur - Puri Weekly Express,true,,19:00,06:40,,,fri
BBS,DSPL,train,185,113.0,18423,Bhubaneswar - Daspalla Seva MEMU Express (UnReserved),true,,18:40,21:45,,,"sun,mon,tue,wed,thu,fri,sat"
DSPL,BBS,train,180,113.0,18424,Daspalla - Bhubaneswar Seva MEMU Express (UnReserved),true,,06:00,09:00,,,"sun,mon,tue,wed,thu,fri,sat"
PURI,DURG,train,1005,421.6,18425,Puri - Durg Express (PT),true,,19:10,11:55,,,"sun,mon,tue,wed,thu,fri,sat"
DURG,PURI,train,1040,421.6,18426,Durg - Puri Express (PT),true,,16:10,09:30,,,"sun,mon,tue,wed,thu,fri,sat"
PURI,ANVT,train,1975,876.6,18427,Puri - Anand Vihar Terminal Weekly Express (PT),true,,04:15,13:10,,,sun
ANVT,PURI,train,1835,876.6,18428,Anand Vihar Terminal - Puri Weekly Express,true,,17:20,23:55,,,sun
BBS,JDB,train,1000,417.0,18447,Hirakhand Express (PT),true,,19:35,12:15,,,"sun,mon,tue,wed,thu,fri,sat"
JDB,BBS,train,980,417.0,18448,Hirakhand Express,true,,16:00,08:20,,,"sun,mon,tue,wed,thu,fri,sat"
PURI,PNBE,train,1120,483.3,18449,Baidyanathdham Express (PT),true,,14:55,09:35,,,mon
PNBE,PURI,train,1090,483.3,18450,Baidyanathdham Express (PT),true,,08:45,02:55,,,wed
HTE,PURI,train,985,371.9,18451,Tapaswini Express (PT),true,,14:30,06:55,,,"sun,mon,tue,wed,thu,fri,sat"
PURI,HTE,train,960,371.9,18452,Tapaswini Express (PT),true,,20:00,12:00,,,"sun,mon,tue,wed,thu,fri,sat"
BBS,SBC,train,1805,767.1,18463,Prashanti Express (PT),true,,05:40,11:45,,,"sun,mon,tue,wed,thu,fri,sat"
SBC,BBS,train,1750,767.1,18464,Prashanti Express (PT),true,,13:40,18:50,,,"sun,mon,tue,wed,thu,fri,sat"
PURI,YNRK,train,2945,1153.9,18477,Kalinga Utkal Express (PT),true,,20:45,21:50,,,"sun,mon,tue,wed,thu,fri,sat"
YNRK,PURI,train,2750,1154.4,18478,Kalinga Utkal Express (PT),true,,05:35,03:25,,,"sun,mon,tue,wed,thu,fri,sat"
VSKP,QLN,train,1830,773.5,18501,Visakhapatnam - Kollam Express (PT),true,,08:20,14:50,,,tue
QLN,VSKP,train,1780,774.0,18502,Kollam - Visakhapatnam Express (PT),true,,17:20,23:00,05-13,,wed
VSKP,SNSI,train,1585,696.2,18503,Visakhapatnam - Sainagar Shirdi Weekly Express (PT),true,,08:20,10:45,,,tue
SNSI,VSKP,train,1575,697.2,18504,Sainagar Shirdi - Visakhapatnam Weekly Express (PT),true,,19:35,21:50,,,fri
VSKP,TPTY,train,870,406.4,18505,Visakhapatnam - Tirupati Express,true,,19:00,09:30,,,wed
TPTY,VSKP,train,940,406.4,18506,Tirupati - Visakhapatnam Express,true,,21:50,13:30,,,tue
VSKP,TPTY,train,860,406.4,18507,Visakhapatnam - Tirupati Express (PT),true,,19:10,09:30,,,mon
TPTY,VSKP,train,940,406.4,18508,Tirupati - Visakhapatnam Express,true,,21:50,13:30,,,tue
VSKP,SMVB,train,1350,548.1,18509,Vishakapatnam - SMVT Bengaluru Express (PT),true,,15:20,13:50,05-10,,sun
SMVB,VSKP,train,1300,548.1,18510,SMVT Bengaluru - Visakhapatnam Express,true,,15:50,13:30,05-11,,mon
KRPU,VSKP,train,435,220.1,18511,Koraput - Vishakhapatnam InterCity Express,true,,07:30,14:45,,,"tue,sat"
VSKP,KRPU,train,435,220.1,18512,Visakhapatnam - Koraput Intercity Express,true,,13:45,21:00,,,"mon,fri"
VSKP,KRDL,train,710,271.7,18515,Visakhapatnam - Kirandul Express,true,,21:10,09:00,,,"sun,mon,tue,wed,thu,fri,sat"
KRDL,VSKP,train,700,271.7,18516,Kirandul - Visakhapatnam Express,true,,16:00,03:40,,,"sun,mon,tue,wed,thu,fri,sat"
KRBA,VSKP,train,875,390.3,18517,Korba - Visakhapatnam Express (PT),true,,16:10,06:45,,,"sun,mon,tue,wed,thu,fri,sat"
VSKP,KRBA,train,855,390.3,18518,Visakhapatnam - Korba Express (PT),true,,21:00,11:15,,,"sun,mon,tue,wed,thu,fri,sat"
VSKP,LTT,train,1750,742.7,18519,Visakhapatnam - Mumbai LTT Express (Via Vijayawada) (PT),true,,23:20,04:30,,,"sun,mon,tue,wed,thu,fri,sat"
LTT,VSKP,train,1675,742.7,18520,Mumbai LTT - Visakhapatnam Express (Via Vijayawada) (PT),true,,06:55,10:50,,,"sun,mon,tue,wed,thu,fri,sat"
VSKP,GTL,train,1290,540.8,18521,Tirumala Express (PT),true,,14:00,11:30,,,"sun,mon,tue,wed,thu,fri,sat"
GTL,VSKP,train,1320,540.8,18522,Tirumala Express (PT),true,,13:30,11:30,,,"sun,mon,tue,wed,thu,fri,sat"
VSKP,BNRS,train,1750,701.3,18523,Visakhapatnam - Banaras Express (PT),true,,04:15,09:25,,,"sun,wed"
BNRS,VSKP,train,1735,701.3,18524,Banaras - Visakhapatnam Express (PT),true,,14:50,19:45,,,"mon,tue"
BAM,VSKP,train,315,182.9,18525,Brahmapur - Visakhapatnam Express,true,,06:45,12:00,,,"sun,mon,tue,wed,thu,fri,sat"
VSKP,BAM,train,325,182.9,18526,Visakhapatnam - Brahmapur Express,true,,15:00,20:25,,,"sun,mon,tue,wed,thu,fri,sat"
VSKP,CHZ,train,870,369.2,18527,Visakhapatnam - Charlapalli Express,true,,17:30,08:00,04-03,,fri
CHZ,VSKP,train,890,369.2,18528,Charlapalli - Visakhapatnam Express,true,,14:30,05:20,04-04,,sun
DURG,VSKP,train,932,315.4,18529,Durg - Visakhapatnam Express,true,,18:33,10:05,,,"sun,mon,tue,wed,thu,fri,sat"
VSKP,DURG,train,800,315.4,18530,Visakhapatnam - Durg Express,true,,16:50,06:10,,,"sun,mon,tue,wed,thu,fri,sat"
VSKP,QLN,train,1775,779.5,18567,Visakhapatnam - Kollam Weekly Express (PT),true,,07:20,12:55,,,tue
QLN,VSKP,train,1690,779.5,18568,Kollam - Visakhapatnam Weekly Express (PT),true,,19:35,23:45,,,fri
VSKP,BGKT,train,2280,1004.9,18573,Visakhapatnam - Bhagat Ki Kothi Weekly Express (PT),true,,05:20,19:20,,,tue
BGKT,VSKP,train,2270,1004.9,18574,Bhagat Ki Kothi - Visakhapatnam Weekly Express (PT),true,,20:40,10:30,,,sun
TATA,HTE,train,420,155.7,18601,Tatanagar - Hatia Express (UnReserved),true,,11:50,18:50,,,"sun,mon,tue,wed,thu,fri,sat"
HTE,TATA,train,435,154.4,18602,Hatia - Tatanagar Express (UnReserved),true,,03:45,11:00,,,"sun,mon,tue,wed,thu,fri,sat"
RNC,GODA,train,930,336.5,18603,Ranchi - Godda Express (via Kiul),true,,14:50,06:20,,,"tue,thu,sat"
GODA,RNC,train,955,336.5,18604,Godda - Ranchi Express (via Kiul),true,,14:05,06:00,,,"sun,wed,fri"
RNC,LTT,train,2080,976.8,18609,Ranchi - Mumbai LTT Express (PT),true,,20:45,07:25,,,wed
LTT,RNC,train,2295,978.2,18610,Mumbai LTT - Ranchi Express (PT),true,,16:35,06:50,,,fri
RNC,BNRS,train,795,319.5,18611,Ranchi - Banaras Express (PT),true,,20:10,09:25,,,"mon,tue,thu,fri,sat"
BNRS,RNC,train,810,320.9,18612,Banaras - Ranchi Express,true,,14:50,04:20,,,"sun,tue,wed,fri,sat"
RNC,CPU,train,595,274.0,18613,Ranchi - Chopan Express (via Barkakana) (UnReserved),true,,07:45,17:40,,,"mon,tue,sat"
CPU,RNC,train,660,274.0,18614,Chopan - Ranchi Express (via Barkakana) (UnReserved),true,,08:10,19:10,,,"sun,wed,fri"
HWH,HTE,train,580,247.3,18615,Kriya Yoga Express (PT),true,,21:10,06:50,,,"sun,mon,tue,wed,thu,fri,sat"
HTE,HWH,train,600,247.3,18616,Kriya Yoga Express,true,,21:20,07:20,,,"sun,mon,tue,wed,thu,fri,sat"
RNC,GODA,train,740,264.8,18619,Ranchi - Godda Intercity Express (via Dumka),true,,21:05,09:25,,,"sun,mon,tue,wed,thu,fri,sat"
GODA,RNC,train,725,264.8,18620,Godda - Ranchi Intercity Express (via Dumka) (PT),true,,16:05,04:10,,,"sun,mon,tue,wed,thu,fri,sat"
PNBE,HTE,train,880,302.5,18621,Patliputra Express,true,,14:50,05:30,,,"sun,mon,tue,wed,thu,fri,sat"
HTE,PNBE,train,935,302.5,18622,Patliputra Express,true,,22:00,13:35,,,"sun,mon,tue,wed,thu,fri,sat"
IPR,HTE,train,775,274.9,18623,Islampur - Hatia Express (PT),true,,19:15,08:10,,,"sun,mon,tue,wed,thu,fri,sat"
HTE,IPR,train,845,274.9,18624,Hatia - Islampur Express (PT),true,,19:10,09:15,,,"sun,mon,tue,wed,thu,fri,sat"
PRNC,HTE,train,1175,387.6,18625,Kosi Super Express,true,,01:25,21:00,,,"sun,mon,tue,wed,thu,fri,sat"
HTE,PRNC,train,1115,387.6,18626,Kosi Super Express (PT),true,,05:45,00:20,,,"sun,mon,tue,wed,thu,fri,sat"
HWH,RNC,train,605,275.8,18627,Howrah - Ranchi Intercity Express (Via Adra),true,,12:50,22:55,,,"sun,mon,tue"
RNC,HWH,train,630,275.8,18628,Ranchi - Howrah Intercity Express (Via Adra),true,,05:20,15:50,,,"sun,mon,tue"
RNC,GKP,train,1125,417.0,18629,Ranchi - Gorakhpur Weekly Express,true,,16:50,11:35,,,fri
GKP,RNC,train,1125,418.4,18630,Gorakhpur - Ranchi Weekly Express (PT),true,,14:45,09:30,,,sun
RNC,CPU,train,470,232.6,18631,Ranchi - Chopan Express (via Lohardaga),true,,09:50,17:40,,,"sun,wed,fri"
CPU,RNC,train,470,232.6,18632,Chopan - Ranchi Express (via Lohardaga),true,,08:10,16:00,,,"mon,tue,sat"
RNC,SSM,train,490,221.1,18635,Ranchi - Sasaram Intercity Express,true,,17:00,01:10,,,"mon,tue,wed,thu,fri,sat"
SSM,RNC,train,450,221.1,18636,Sasaram - Ranchi Intercity Express,true,,03:15,10:45,,,"sun,tue,wed,thu,fri,sat"
HTE,SMVB,train,2030,921.6,18637,Hatia - SMVT Bengaluru Weekly Express (PT),true,,17:25,03:15,,,sun
SMVB,HTE,train,2150,921.6,18638,SMVT Bengaluru - Hatia Weekly Express (PT),true,,00:30,12:20,,,tue
ARA,RNC,train,675,291.9,18639,Ara - Ranchi Express,true,,09:30,20:45,,,"sun,tue,fri"
RNC,ARA,train,685,291.9,18640,Ranchi - Ara Express (PT),true,,20:45,08:10,,,"mon,tue,sat"
HTE,DURG,train,645,338.4,18641,Hatia - Durg Express (PT),true,,20:00,06:45,,,"tue,thu"
DURG,HTE,train,710,338.4,18642,Durg - Hatia Express (PT),true,,19:25,07:15,,,"wed,fri"
SDL,ABKP,train,345,153.4,18755,Shahdol - Ambikapur Express,true,,14:30,20:15,,,"sun,mon,tue,wed,thu,fri,sat"
ABKP,SDL,train,270,153.4,18756,Ambikapur - Shahdol Express,true,,09:00,13:30,,,"sun,mon,tue,wed,thu,fri,sat"
VR,ST,train,380,150.7,19001,Virar - Surat Intercity Express (UnReserved),true,,17:00,23:20,,,"sun,mon,tue,wed,thu,fri,sat"
ST,VR,train,355,150.7,19002,Surat - Virar Intercity Express (UnReserved),true,,04:15,10:10,,,"sun,mon,tue,wed,thu,fri,sat"
DDR,BSL,train,715,322.3,19003,Khandesh Express,true,,00:05,12:00,,,"sun,mon,tue,wed,thu,sat"
BSL,DDR,train,695,322.3,19004,Khandesh Express,true,,17:40,05:15,,,"sun,mon,tue,wed,thu,sat"
ST,BSL,train,530,209.1,19005,Surat - Bhusaval Express,true,,23:10,08:00,,,"sun,mon,tue,wed,thu,fri,sat"
BSL,ST,train,570,209.1,19006,Bhusaval - Surat Express,true,,19:30,05:00,,,"sun,mon,tue,wed,thu,fri,sat"
ST,BSL,train,505,209.1,19007,Surat - Bhusaval Express,true,,17:00,01:25,,,"sun,mon,tue,wed,thu,fri,sat"
BSL,ST,train,605,209.1,19008,Bhusaval - Surat Express,true,,20:15,06:20,,,"sun,mon,tue,wed,thu,fri,sat"
BL,DHD,train,350,214.2,19011,Valsad - Dahod Intercity Express,true,,05:15,11:05,,,"sun,mon,tue,wed,thu,fri,sat"
DHD,BL,train,490,214.2,19012,Dahod - Valsad Intercity Express,true,,11:55,20:05,,,"sun,mon,tue,wed,thu,fri,sat"
BSL,KTE,train,1080,350.3,19013,Bhusaval - Katni Express,true,,11:15,05:15,,,"sun,mon,tue,wed,thu,fri,sat"
KTE,BSL,train,1075,350.3,19014,Katni - Bhusaval Express,true,,00:40,18:35,,,"sun,mon,tue,wed,thu,fri,sat"
DDR,PBR,train,1205,490.6,19015,Saurashtra Express,true,,09:30,05:35,,,"sun,mon,tue,wed,thu,fri,sat"
PBR,DDR,train,1240,490.6,19016,Saurashtra Express,true,,22:40,19:20,,,"sun,mon,tue,wed,thu,fri,sat"
BDTS,HW,train,1890,799.7,19019,Bandra Terminus - Haridwar Express (PT),true,,00:20,07:50,,,"sun,mon,tue,wed,thu,fri,sat"
HW,BDTS,train,1980,799.7,19020,Haridwar - Bandra Terminus Express,true,,13:30,22:30,,,"sun,mon,tue,wed,thu,fri,sat"
UDN,BAM,train,1845,870.8,19021,Udhna - Brahmapur Amrit Bharat Express,true,,07:10,13:55,,,"sun,mon,tue,wed,thu,fri,sat"
BAM,UDN,train,1980,870.8,19022,Brahmapur - Udhna Amrit Bharat Express,true,,23:45,08:45,,,"sun,mon,tue,wed,thu,fri,sat"
BDTS,JAT,train,2125,921.2,19027,Bandra Terminus - Jammu Tawi Vivek Express (PT),true,,12:00,23:25,,,sun
JAT,BDTS,train,1995,1054.2,19028,Jammu Tawi - Bandra Terminus Vivek Express,true,,05:45,15:00,,,mon
SBIB,YNRK,train,1500,618.0,19031,Yoga Express (PT),true,,11:25,12:25,,,"sun,mon,tue,wed,thu,fri,sat"
YNRK,SBIB,train,1465,618.0,19032,Yoga Express,true,,14:55,15:20,,,"sun,mon,tue,wed,thu,fri,sat"
BL,ADI,train,390,192.5,19033,Gujarat Queen,true,,04:05,10:35,,,"sun,mon,tue,wed,thu,fri,sat"
ADI,BL,train,400,192.5,19034,Gujarat Queen,true,,18:10,00:50,,,"sun,mon,tue,wed,thu,fri,sat"
BRC,VTA,train,140,97.3,19035,Vadodara - Vatva InterCity Express (UnReserved),true,,18:15,20:35,,,"sun,mon,tue,wed,thu,fri,sat"
MAN,BRC,train,160,99.6,19036,Maninagar - Vadodara Intercity Express (UnReserved),true,,14:10,16:50,,,"sun,mon,tue,wed,thu,fri,sat"
BDTS,BJU,train,2950,1092.3,19037,Avadh Express (PT),true,,22:00,23:10,,,"sun,mon,tue,wed,thu,fri,sat"
BJU,BDTS,train,2685,1092.3,19038,Avadh Express (PT),true,,07:20,04:05,,,"sun,mon,tue,wed,thu,fri,sat"
UDN,THE,train,2075,895.9,19045,Tapti Ganga Express (PT),true,,10:20,20:55,,,"sun,mon,wed,thu,fri"
THE,UDN,train,2023,895.9,19046,Tapti Ganga Express (PT),true,,05:40,15:23,,,"sun,tue,wed,fri,sat"
BL,MFP,train,1970,910.1,19051,Shramik Express (PT),true,,22:20,07:10,,,sun
MFP,BL,train,2095,910.1,19052,Shramik Express (PT),true,,20:10,07:05,,,mon
ST,MFP,train,2695,1039.4,19053,Surat - Muzaffarpur Express (PT),true,,07:35,04:30,,,fri
MFP,ST,train,2685,1039.4,19054,Muzaffarpur - Surat Express (PT),true,,20:10,16:55,,,sun
BDTS,UDN,train,365,169.1,19055,Bandra Terminus - Udhna Intercity Express,true,,09:00,15:05,08-02,,"sun,mon,tue,wed,thu,fri,sat"
UDN,BDTS,train,350,169.1,19056,Udhna - Bandra Terminus Intercity Express,true,,15:45,21:35,08-01,,"sun,mon,tue,wed,thu,fri,sat"
ST,MAJN,train,1450,565.1,19057,Surat - Mangaluru Jn. Express (PT),true,,19:35,19:45,06-03,,"sun,wed"
MAJN,ST,train,1515,565.1,19058,Mangaluru Jn. - Surat Express (PT),true,,22:30,23:45,06-04,,"mon,tue"
BDTS,GKP,train,2225,999.0,19091,Bandra Terminus - Gorakhpur Humsafar Express,true,,05:10,18:15,,,mon
GKP,BDTS,train,2110,999.0,19092,Gorakhpur - Bandra Terminus Humsafar Express,true,,21:20,08:30,,,tue
VR,BH,train,395,177.8,19101,Virar - Bharuch MEMU Express (UnReserved),true,,04:35,11:10,,,"sun,mon,tue,wed,thu,fri,sat"
ST,VR,train,337,150.7,19102,Surat - Virar MEMU Express (UnReserved),true,,16:45,22:22,,,"sun,mon,tue,wed,thu,fri,sat"
RTM,KOTA,train,380,177.8,19103,Ratlam - Kota MEMU Express (UnReserved),true,,07:05,13:25,,,"sun,mon,tue,wed,thu,fri,sat"
KOTA,RTM,train,435,177.8,19104,Kota - Ratlam MEMU Express (UnReserved),true,,13:30,20:45,,,"sun,mon,tue,wed,thu,fri,sat"
UDN,BSL,train,545,207.3,19105,Udhna - Bhusaval MEMU Express (UnReserved),true,,12:45,21:50,,,"sun,mon,tue,wed,thu,fri,sat"
BSL,UDN,train,540,207.3,19106,Bhusaval - Udhna MEMU Express (UnReserved),true,,22:15,07:15,,,"sun,mon,tue,wed,thu,fri,sat"
BVC,MCTM,train,2075,903.7,19107,Bhavnagar Terminus - MCTM Udhampur Janmabhoomi Express (PT),true,,04:25,15:00,,,sun
MCTM,BVC,train,2135,903.7,19108,MCTM Udhampur - Bhavnagar Terminus Janmabhoomi Express,true,,21:50,09:25,,,mon
KOTA,DEEG,train,605,222.9,19109,Kota - Deeg MEMU Express (UnReserved),true,,15:55,02:00,,,"sun,mon,tue,wed,thu,fri,sat"
AWR,KOTA,train,740,260.6,19110,Alwar - Kota MEMU Express (UnReserved),true,,01:00,13:20,,,"sun,mon,tue,wed,thu,fri,sat"
GNC,VRL,train,550,258.8,19119,Gandhinagar Capital - Veraval InterCity Express,true,,10:20,19:30,,,"sun,mon,tue,wed,thu,fri,sat"
VRL,GNC,train,510,258.8,19120,Veraval - Gandhinagar Capital InterCity Express,true,,07:30,16:00,,,"sun,mon,tue,wed,thu,fri,sat"
ADI,DBG,train,2655,945.1,19165,Ahmedabad - Darbhanga Sabarmati Express (PT),true,,23:10,19:25,,,"sun,wed,fri"
DBG,ADI,train,2675,945.1,19166,Darbhanga - Ahmedabad Sabarmati Express (PT),true,,04:20,00:55,,,"mon,wed,sat"
ADI,BCY,train,2090,787.3,19167,Ahmedabad - Varanasi City Sabarmati Express (PT),true,,23:10,10:00,,,"mon,tue,thu,sat"
BCY,ADI,train,2095,787.3,19168,Varanasi City - Ahmedabad Sabarmati Express,true,,14:00,00:55,,,"sun,tue,thu,fri"
BVC,AYC,train,1720,768.5,19201,Bhavnagar Terminus - Ayodhya Cantt Express (PT),true,,13:50,18:30,,,mon
AYC,BVC,train,1795,768.5,19202,Ayodhya Cantt - Bhavnagar Terminus Express,true,,22:40,04:35,,,tue
BDTS,VRL,train,1070,486.0,19203,Bandra Terminus - Veraval Express (PT),true,,19:25,13:15,,,sun
VRL,BDTS,train,1250,486.0,19204,Veraval - Bandra Terminus Express (PT),true,,19:00,15:50,,,fri
BVP,MHV,train,295,146.5,19205,Bhavnagar Para - Mahuva Express (UnReserved),true,,09:40,14:35,,,"sun,mon,tue,wed,thu,fri,sat"
MHV,BVP,train,290,146.5,19206,Mahuva - Bhavnagar Para Express (UnReserved),true,,15:10,20:00,,,"sun,mon,tue,wed,thu,fri,sat"
PBR,RJT,train,275,147.9,19207,Porbandar - Rajkot Express (UnReserved),true,,05:45,10:20,,,"sun,mon,tue,wed,thu,fri,sat"
RJT,PBR,train,315,147.9,19208,Rajkot - Porbandar Express (UnReserved),true,,16:00,21:15,,,"sun,mon,tue,wed,thu,fri,sat"
BVC,OKHA,train,780,302.5,19209,Bhavnagar Terminus - Okha Express,true,,22:00,11:00,,,"sun,mon,tue,wed,thu,fri,sat"
OKHA,BVC,train,860,302.5,19210,Okha - Bhavnagar Terminus Express,true,,15:15,05:35,,,"sun,mon,tue,wed,thu,fri,sat"
BDTS,VRL,train,1035,475.0,19217,Saurashtra Janta Express (PT),true,,13:35,06:50,,,"sun,mon,tue,wed,thu,fri,sat"
VRL,BDTS,train,1080,475.0,19218,Saurashtra Janta Express (PT),true,,11:50,05:50,,,"sun,mon,tue,wed,thu,fri,sat"
SBIB,JAT,train,1935,740.9,19223,Sabarmati - Jammu Tawi Express (PT),true,,10:25,18:40,,,"sun,mon,tue,wed,thu,fri,sat"
JAT,SBIB,train,1920,740.9,19224,Jammu Tawi - Sabarmati Express,true,,06:05,14:05,,,"sun,mon,tue,wed,thu,fri,sat"
VRL,OKHA,train,550,256.0,19251,Veraval - Okha Express,true,,23:05,08:15,,,"sun,mon,tue,wed,thu,fri,sat"
OKHA,VRL,train,540,256.0,19252,Okha - Veraval Express,true,,20:15,05:15,,,"sun,mon,tue,wed,thu,fri,sat"
ST,MHV,train,730,345.3,19255,Surat - Mahuva Express,true,,21:30,09:40,,,"sun,mon,tue,thu,sat"
MHV,ST,train,785,345.3,19256,Mahuva - Surat Express,true,,17:30,06:35,,,"sun,mon,tue,wed,fri"
TVCN,BVC,train,2680,1096.0,19259,Thiruvananthapuram North (Kochuveli) - Bhavnagar Terminus Express (PT),true,,15:45,12:25,,,tue
BVC,TVCN,train,2695,1096.0,19260,Bhavnagar Terminus - Thiruvananthapuram North (Kochuveli) Express (PT),true,,10:15,07:10,,,tue
PBR,MFP,train,2865,1179.2,19269,Porbandar - Muzaffarpur Express (PT),true,,19:40,19:25,,,"tue,fri"
MFP,PBR,train,2780,1179.2,19270,Muzaffarpur - Porbandar Express (PT),true,,15:15,13:35,,,"sun,mon"
BVC,HW,train,1880,779.0,19271,Bhavnagar Terminus - Haridwar Express (PT),true,,20:20,03:40,,,"mon,tue"
HW,BVC,train,1850,779.0,19272,Haridwar - Bhavnagar Terminus Express,true,,05:05,11:55,,,"wed,sat"
DADN,YPR,train,2365,943.7,19301,Dr Ambedkar Nagar - Yesvantpur Weekly Express (PT),true,,20:00,11:25,,,sun
YPR,DADN,train,2360,943.7,19302,Yesvantpur - Dr. Ambedkar Nagar Weekly Express,true,,15:45,07:05,,,tue
INDB,BPL,train,355,176.0,19303,Indore - Bhopal Express,true,,23:15,05:10,,,"sun,mon,tue,wed,thu,fri,sat"
BPL,INDB,train,335,176.0,19304,Bhopal - Indore Express,true,,23:10,04:45,,,"sun,mon,tue,wed,thu,fri,sat"
DADN,KYQ,train,2825,1121.7,19305,Dr. Ambedkar Nagar - Kamakhya Weekly Express (PT),true,,13:25,12:30,,,tue
KYQ,DADN,train,2925,1121.7,19306,Kamakhya - Dr. Ambedkar Nagar Weekly Express (PT),true,,05:05,05:50,,,sun
INDB,UHL,train,1625,661.7,19307,Indore - Una Himachal Express,true,,05:30,08:35,,,"tue,fri"
UHL,INDB,train,1510,661.7,19308,Una Himachal - Indore Express,true,,13:50,15:00,,,"fri,sat"
ADI,INDB,train,645,297.0,19309,Shanti Express (PT),true,,19:00,05:45,,,"sun,mon,tue,wed,thu,fri,sat"
INDB,ADI,train,560,297.0,19310,Shanti Express (PT),true,,23:00,08:20,,,"sun,mon,tue,wed,thu,fri,sat"
INDB,PNBE,train,1505,679.2,19313,Indore - Patna Express (via Sultanpur) (PT),true,,13:55,15:00,,,"mon,wed"
PNBE,INDB,train,1620,679.2,19314,Patna - Indore Express (via Sultanpur) (PT),true,,11:25,14:25,,,"wed,fri"
INDB,ASV,train,955,411.0,19315,Veer Bhumi Express,true,,18:20,10:15,,,"sun,mon,tue,wed,thu,fri,sat"
ASV,INDB,train,1010,411.0,19316,Veer Bhumi Express,true,,14:10,07:00,,,"sun,mon,tue,wed,thu,fri,sat"
VRL,INDB,train,1125,486.0,19319,Veraval - Indore Mahamana Express,true,,22:20,17:05,,,wed
INDB,VRL,train,1085,486.0,19320,Indore - Veraval Mahamana Express,true,,22:20,16:25,,,tue
INDB,PNBE,train,1560,698.1,19321,Indore - Patna Express (via Ayodhya Cantt) (PT),true,,13:55,15:55,,,sun
PNBE,INDB,train,1620,698.1,19322,Patna - Indore Express (via Ayodhya Cantt) (PT),true,,11:25,14:25,,,mon
DADN,BPL,train,270,164.5,19323,Dr. Ambedkar Nagar - Bhopal Intercity Express,true,,06:25,10:55,,,"sun,mon,tue,wed,thu,fri,sat"
BPL,DADN,train,295,164.5,19324,Bhopal - Dr. Ambedkar Nagar Intercity Express,true,,17:10,22:05,,,"sun,mon,tue,wed,thu,fri,sat"
INDB,ASR,train,1550,669.6,19325,Indore - Amritsar Express (PT),true,,20:15,22:05,,,"tue,fri"
ASR,INDB,train,1385,769.7,19326,Amritsar - Indore SF Express,true,,01:50,00:55,,,"sun,tue"
RTM,UDZ,train,385,193.9,19327,Ratlam - Udaipur City Express (UnReserved),true,,17:10,23:35,,,"sun,mon,tue,wed,thu,fri,sat"
UDZ,RTM,train,375,193.9,19328,Udaipur City - Ratlam Express (UnReserved),true,,01:35,07:50,,,"sun,mon,tue,wed,thu,fri,sat"
INDB,BKN,train,1140,497.1,19333,Indore - Bikaner Mahamana Express,true,,13:40,08:40,,,sun
BKN,INDB,train,1140,497.1,19334,Bikaner - Indore Mahamana Express,true,,13:30,08:30,,,sun
INDB,DEE,train,1000,485.6,19337,Indore - Delhi Sarai Rohilla Weekly Express,true,,19:50,12:30,,,sun
DEE,INDB,train,1050,485.6,19338,Delhi Sarai Rohilla - Indore Weekly Express,true,,15:00,08:30,,,mon
DHD,BPL,train,630,236.2,19339,Dahod - Bhopal Intercity Express,true,,05:40,16:10,,,"sun,mon,tue,wed,thu,fri,sat"
BPL,DHD,train,655,236.2,19340,Bhopal - Dahod Intercity Express,true,,12:35,23:30,,,"sun,mon,tue,wed,thu,fri,sat"
NAD,BINA,train,630,252.3,19341,Nagda - Bina Express (UnReserved),true,,11:10,21:40,,,"sun,mon,tue,wed,thu,fri,sat"
BINA,NAD,train,610,252.3,19342,Bina - Nagda Express (UnReserved),true,,07:20,17:30,,,"sun,mon,tue,wed,thu,fri,sat"
INDB,NIR,train,1035,374.2,19343,Penchvalley Express,true,,13:15,06:30,,,"sun,mon,tue,wed,thu,fri,sat"
NIR,INDB,train,1065,374.2,19344,Penchvalley Express (PT),true,,19:00,12:45,,,"sun,mon,tue,wed,thu,fri,sat"
RTM,BHL,train,355,166.8,19345,Ratlam - Bhilwara DEMU Express (UnReserved),true,,18:30,00:25,,,"sun,mon,tue,wed,thu,fri,sat"
BHL,RTM,train,340,166.8,19346,Bhilwara - Ratlam DEMU Express (UnReserved),true,,03:35,09:15,,,"sun,mon,tue,wed,thu,fri,sat"
SBIB,LKO,train,1460,650.2,19401,Sabarmati - Lucknow Express (PT),true,,10:35,10:55,,,mon
LKO,SBIB,train,1455,650.2,19402,Lucknow - Sabarmati Express,true,,22:50,23:05,,,tue
BHUJ,DLI,train,1470,625.4,19403,Bhuj - Delhi Express,true,,11:15,11:45,,,"sun,mon,tue,wed,thu,fri,sat"
DLI,BHUJ,train,1615,625.4,19404,Delhi - Bhuj Express,true,,16:40,19:35,05-24,,"sun,mon,tue,wed,thu,fri,sat"
PNU,GIMB,train,415,193.5,19405,Palanpur - Gandhidham Express,true,,13:45,20:40,,,"sun,mon,tue,wed,thu,fri,sat"
GIMB,PNU,train,400,193.5,19406,Gandhidham - Palanpur Express,true,,05:35,12:15,,,"sun,mon,tue,wed,thu,fri,sat"
SBIB,LGH,train,855,394.0,19407,Sabarmati - Lalgarh Express,true,,17:55,08:10,06-22,,"sun,mon,tue,wed,thu,fri,sat"
LGH,SBIB,train,865,394.0,19408,Lalgarh - Sabarmati Express,true,,21:05,11:30,06-23,,"sun,mon,tue,wed,thu,fri,sat"
SBIB,GKP,train,1810,774.0,19409,Sabarmati - Gorakhpur Express (PT),true,,10:35,16:45,,,"tue,sat"
GKP,SBIB,train,1740,774.0,19410,Gorakhpur - Sabarmati Express,true,,04:55,09:55,,,"mon,sat"
GNC,DLPC,train,1580,688.0,19411,Gandhinagar Capital - Daulatpur Chowk Express (PT),true,,10:00,12:20,,,"sun,mon,tue,wed,thu,fri,sat"
DLPC,GNC,train,1480,688.0,19412,Daulatpur Chowk - Gandhinagar Capital Express,true,,14:25,15:05,,,"sun,mon,tue,wed,thu,fri,sat"
ADI,KOAA,train,2530,1014.1,19413,Ahmedabad - Kolkata Weekly Express (PT),true,,21:05,15:15,,,wed
KOAA,ADI,train,2535,1014.1,19414,Kolkata - Ahmedabad Weekly Express (PT),true,,13:10,07:25,,,sun
SBIB,SVDK,train,1980,844.4,19415,Sabarmati - Shri Mata Vaishno Devi Katra Express (PT),true,,21:35,06:35,,,sun
SVDK,SBIB,train,2070,844.4,19416,Shri Mata Vaishno Devi Katra - Sabarmati Express,true,,10:50,21:20,,,tue
BVI,VTA,train,785,264.3,19417,Borivali - Vatva Express,true,,13:40,02:45,,,"sun,mon,tue,wed,thu,fri,sat"
ADI,BVI,train,875,268.0,19418,Ahmedabad - Borivali Express,true,,23:30,14:05,,,"sun,mon,tue,wed,thu,fri,sat"
ADI,TPJ,train,2535,1032.0,19419,Ahmedabad - Tiruchchirappalli Weekly Express,true,,09:20,03:35,09-24,,tue
TPJ,ADI,train,2370,1032.0,19420,Tiruchchirappalli - Ahmedabad Weekly Express,true,,05:45,21:15,09-27,,sun
ADI,PNBE,train,1820,817.7,19421,Ahmedabad - Patna Weekly Express (PT),true,,21:50,04:10,,,sun
PNBE,ADI,train,1890,817.7,19422,Patna - Ahmedabad Weekly Express (PT),true,,10:15,17:45,,,tue
ADI,BGP,train,2170,1000.9,19423,Ahmedabad - Bhagalpur Amrit Bharat Express,true,,18:30,06:40,08-26,,wed
BGP,ADI,train,2200,1000.9,19424,Bhagalpur - Ahmedabad Amrit Bharat Express,true,,16:45,05:25,08-28,,fri
BVI,NDB,train,635,231.2,19425,Borivali - Nandurbar Express,true,,22:50,09:25,,,"sun,mon,tue,wed,thu,fri,sat"
NDB,BVI,train,605,231.2,19426,Nandurbar - Borivali Express,true,,14:00,00:05,,,"sun,mon,tue,wed,thu,fri,sat"
ADI,ASN,train,2650,1125.0,19435,Ahmedabad - Asansol Weekly Express (PT),true,,00:35,20:45,,,tue
ASN,ADI,train,2425,1125.0,19436,Asansol - Ahmedabad Weekly Express,true,,19:35,12:00,,,sun
ADI,SHC,train,2785,1101.5,19483,Ahmedabad - Saharsa Express (PT),true,,00:35,23:00,,,"sun,mon,tue,wed,fri,sat"
SHC,ADI,train,2600,1101.5,19484,Saharsa - Ahmedabad Express (PT),true,,16:40,12:00,,,"sun,mon,tue,wed,thu,fri"
ADI,GKP,train,1985,829.6,19489,Ahmedabad - Gorakhpur Express (PT),true,,09:10,18:15,,,"sun,tue,wed,thu,fri,sat"
GKP,ADI,train,1845,829.6,19490,Gorakhpur - Ahmedabad Express (PT),true,,21:20,04:05,,,"sun,mon,wed,thu,fri,sat"
HAPA,NHLN,train,3800,1521.0,19525,Hapa - Naharlagun Weekly Express,true,,00:40,16:00,09-23,,wed
NHLN,HAPA,train,3755,1521.0,19526,Naharlagun - Hapa Weekly Express,true,,09:40,00:15,09-26,,sun
TPTY,OKHA,train,3095,1138.3,19559,Tirupati - Okha Weekly Express (PT),true,,08:15,11:50,05-14,,tue
OKHA,TPTY,train,2875,1138.3,19560,Okha - Tirupati Weekly Express (PT),true,,23:35,23:30,05-11,,mon
OKHA,DDN,train,1980,824.1,19565,Uttaranchal Express (PT),true,,10:20,19:20,,,fri
DDN,OKHA,train,1845,824.1,19566,Uttaranchal Express,true,,05:55,12:40,,,sun
TN,OKHA,train,3115,1303.9,19567,Tuticorin - Okha Vivek Express (PT),true,,23:40,03:35,,,sun
OKHA,TN,train,2900,1303.9,19568,Okha - Tuticorin Vivek Express (PT),true,,00:55,01:15,,,fri
RJT,PBR,train,270,147.9,19571,Rajkot - Porbandar Express (UnReserved),true,,07:25,11:55,,,"sun,mon,tue,wed,thu,fri,sat"
PBR,RJT,train,300,147.9,19572,Porbandar - Rajkot Express (UnReserved),true,,16:20,21:20,,,"sun,mon,tue,wed,thu,fri,sat"
OKHA,NDT,train,1325,571.6,19575,Okha - Nathdwara Weekly Express,true,,08:20,06:25,,,wed
NDT,OKHA,train,1365,571.6,19576,Nathdwara - Okha Weekly Express,true,,20:25,19:10,,,tue
TEN,JAM,train,2835,1174.6,19577,Tirunelveli - Jamnagar Express (PT),true,,05:10,04:25,,,"mon,tue"
JAM,TEN,train,2920,1174.6,19578,Jamnagar - Tirunelveli Express (PT),true,,21:25,22:05,,,"fri,sat"
UDZ,NJP,train,2515,1081.7,19601,Udaipur City - New Jalpaiguri Weekly Express (PT),true,,00:50,18:45,,,sun
NJP,UDZ,train,2610,1081.7,19602,New Jalpaiguri - Udaipur City Weekly Express (PT),true,,08:30,04:00,,,mon
DOZ,GODA,train,1830,829.6,19603,Daurai (Ajmer) - Godda Weekly Express,true,,15:30,22:00,,,sun
GODA,DOZ,train,2180,829.6,19604,Godda - Daurai (Ajmer) Weekly Express,true,,05:00,17:20,,,tue
MDJN,UDZ,train,585,196.2,19605,Madar Jn (Ajmer) - Udaipur City Express (UnReserved),true,,06:50,16:35,,,"sun,mon,tue,wed,thu,fri,sat"
UDZ,MDJN,train,475,196.2,19606,Udaipur City - Madar Jn (Ajmer) Express (UnReserved),true,,11:20,19:15,,,"sun,mon,tue,wed,thu,fri,sat"
KOAA,MDJN,train,2495,964.9,19607,Kolkata - Madar (Ajmer) Express (PT),true,,11:25,05:00,,,tue
MDJN,KOAA,train,2485,964.9,19608,Madar (Ajmer) - Kolkata Express,true,,23:15,16:40,,,mon
UDZ,YNRK,train,1230,514.1,19609,Udaipur City - Yog Nagari Rishikesh Express (PT),true,,13:45,10:15,,,"mon,tue,sat"
YNRK,UDZ,train,1295,514.1,19610,Yog Nagari Rishikesh - Udaipur City Express,true,,17:55,15:30,,,"sun,tue,fri"
AII,ASR,train,1250,518.7,19611,Ajmer - Amritsar Express (via Firozpur Cantt.),true,,17:50,14:40,,,"tue,sat"
ASR,AII,train,1175,518.7,19612,Amritsar - Ajmer Express (via Firozpur Cantt.),true,,13:25,09:00,,,"tue,thu"
AII,ASR,train,1000,445.5,19613,Ajmer - Amritsar Express (via Dhuri),true,,17:50,10:30,,,"mon,wed"
ASR,AII,train,915,445.5,19614,Amritsar - Ajmer Express (via Dhuri),true,,17:45,09:00,,,"sun,fri"
UDZ,KYQ,train,3375,1255.6,19615,Udaipur City - Kamakhya Kavi Guru Express (PT),true,,16:05,00:20,,,mon
KYQ,UDZ,train,3288,1255.6,19616,Kamakhya - Udaipur City Kavi Guru Express (PT),true,,18:00,00:48,,,tue
MDJN,RE,train,400,187.9,19617,Madar - Rewari Express (UnReserved),true,,17:10,23:50,,,"sun,mon,tue,wed,thu,fri,sat"
RE,MDJN,train,435,187.9,19618,Rewari - Madar Express (UnReserved),true,,09:10,16:25,,,"sun,mon,tue,wed,thu,fri,sat"
FL,RE,train,300,154.4,19619,Phulera - Rewari Express (UnReserved),true,,12:40,17:40,,,"sun,mon,tue,wed,thu,fri,sat"
RE,FL,train,305,154.4,19620,Rewari - Phulera Express (UnReserved),true,,04:15,09:20,,,"sun,mon,tue,wed,thu,fri,sat"
FL,RE,train,295,154.4,19621,Phulera - Rewari Express (UnReserved),true,,02:40,07:35,,,"sun,mon,tue,wed,thu,fri,sat"
RE,FL,train,305,154.4,19622,Rewari - Phulera Express (UnReserved),true,,19:35,00:40,,,"sun,mon,tue,wed,thu,fri,sat"
MDJN,DBG,train,1650,678.3,19623,Madar (Ajmer) - Darbhanga Amrit Bharat Express,true,,21:25,00:55,,,fri
DBG,MDJN,train,1990,678.3,19624,Darbhanga - Madar (Ajmer) Amrit Bharat Express,true,,04:10,13:20,,,sun
DOZ,BDTS,train,1335,648.9,19625,Daurai (Ajmer) - Bandra Terminus Weekly Express (via Kota) (PT),true,,06:05,04:20,,,sun
BDTS,DOZ,train,1505,648.9,19626,Bandra Terminus - Daurai (Ajmer) Weekly Express‌ (via Kota) (PT),true,,08:35,09:40,,,mon
KURJ,UDZ,train,1290,556.4,19665,Khajuraho - Udaipur City Express (PT),true,,09:25,06:55,,,"sun,mon,tue,wed,thu,fri,sat"
UDZ,KURJ,train,1275,556.4,19666,Udaipur City - Khajuraho Express (PT),true,,21:50,19:05,,,"sun,mon,tue,wed,thu,fri,sat"
UDZ,MYS,train,2530,1134.3,19667,Palace Queen Humsafar Express,true,,20:50,15:00,,,mon
MYS,UDZ,train,2465,1134.3,19668,Palace Queen Humsafar Express,true,,10:05,03:10,,,tue
UDZ,PPTA,train,1885,800.2,19669,Udaipur City - Patliputra Humsafar Express,true,,12:50,20:15,,,wed
PPTA,UDZ,train,1920,800.2,19670,Patliputra - Udaipur City Humsafar Express,true,,00:05,08:05,,,fri
JP,DEC,train,510,235.3,19701,Sainik Express,true,,20:45,05:15,,,"sun,mon,tue,wed,thu,fri,sat"
DEC,JP,train,503,235.3,19702,Sainik Express,true,,00:07,08:30,,,"sun,mon,tue,wed,thu,fri,sat"
KWP,BPL,train,1065,425.8,19711,Khatipura (Jaipur) - Bhopal Express,true,,17:35,11:20,,,"sun,mon,tue,wed,thu,fri,sat"
BPL,KWP,train,1085,425.8,19712,Bhopal - Khatipura (Jaipur) Express (PT),true,,16:30,10:35,,,"sun,mon,tue,wed,thu,fri,sat"
JP,KRNT,train,2195,964.4,19713,Jaipur - Kurnool City Express (PT),true,,22:35,11:10,,,sun
KRNT,JP,train,2305,964.4,19714,Kurnool City - Jaipur Express (PT),true,,16:20,06:45,,,mon
JP,GTNR,train,870,369.6,19715,Jaipur - Gomti Nagar Express,true,,21:05,11:35,,,"sun,tue,fri"
GTNR,JP,train,875,369.6,19716,Gomti Nagar - Jaipur Express (PT),true,,16:55,07:30,,,"mon,wed,sat"
JP,SOG,train,790,312.6,19719,Jaipur - Suratgarh Express (UnReserved),true,,05:00,18:10,,,"sun,mon,tue,wed,thu,fri,sat"
SOG,JP,train,780,312.6,19720,Suratgarh - Jaipur Express (UnReserved),true,,08:00,21:00,,,"sun,mon,tue,wed,thu,fri,sat"
JP,BXN,train,360,180.6,19721,Jaipur - Bayana Express,true,,06:20,12:20,,,"sun,mon,tue,wed,thu,fri,sat"
BXN,JP,train,365,180.6,19722,Bayana - Jaipur Express,true,,14:10,20:15,,,"sun,mon,tue,wed,thu,fri,sat"
JP,BDTS,train,1250,584.9,19723,Jaipur - Bandra Terminus Weekly Express,true,,08:20,05:10,08-26,,wed
BDTS,JP,train,1330,584.9,19724,Bandra Terminus - Jaipur Weekly Express,true,,08:35,06:45,08-27,,tue
KWP,DBG,train,1585,608.7,19725,Khatipura (Jaipur) - Darbhanga Amrit Bharat Express,true,,22:30,00:55,06-22,,"sun,mon,tue,wed,thu,sat"
DBG,KWP,train,1690,608.7,19726,Darbhanga - Khatipura (Jaipur) Amrit Bharat Express,true,,04:30,08:40,06-23,,"mon,tue,wed,thu,fri,sat"
JP,MJ,train,465,181.5,19735,Jaipur - Marwar Jn Express (UnReserved),true,,05:30,13:15,,,"sun,mon,tue,wed,thu,fri,sat"
MJ,JP,train,485,181.5,19736,Marwar Jn - Jaipur Express (UnReserved),true,,14:30,22:35,,,"sun,mon,tue,wed,thu,fri,sat"
SGAC,DNR,train,1275,594.6,19801,Sogaria (Kota) – Danapur Express,true,,12:45,10:00,,,mon
DNR,SGAC,train,1335,594.6,19802,Danapur – Sogaria (Kota) Express,true,,12:45,11:00,,,tue
KOTA,SVDK,train,1260,577.6,19803,Kota - SMVD Katra Express (PT),true,,16:35,13:35,,,sun
SVDK,KOTA,train,1340,577.6,19804,SMVD Katra - Kota Express,true,,22:30,20:50,,,sun
KOTA,SSA,train,815,365.0,19807,Kota - Sirsa Express (Via Loharu),true,,23:45,13:20,,,"sun,tue,wed,fri"
SSA,KOTA,train,785,365.0,19808,Sirsa - Kota Express (Via Loharu),true,,16:10,05:15,,,"mon,wed,thu,sat"
KOTA,ETW,train,745,298.8,19811,Kota - Etawah Express,true,,00:20,12:45,,,"sun,mon,tue,wed,thu,fri,sat"
ETW,KOTA,train,865,298.8,19812,Etawah - Kota Express,true,,17:00,07:25,,,"sun,mon,tue,wed,thu,fri,sat"
KOTA,SSA,train,815,354.0,19813,Kota - Sirsa Express (via Churu),true,,23:45,13:20,,,"mon,tue,sat"
SSA,KOTA,train,785,354.0,19814,Sirsa - Kota Express (Via Churu),true,,16:10,05:15,,,"sun,tue,fri"
MDS,KOTA,train,310,182.0,19815,Mandsor - Kota InterCity Express,true,,12:05,17:15,,,"sun,mon,tue,wed,thu,fri,sat"
KOTA,MDS,train,315,182.0,19816,Kota - Mandsor InterCity Express,true,,05:45,11:00,,,"sun,mon,tue,wed,thu,fri,sat"
RTM,AF,train,1180,373.8,19817,Haldighati Express,true,,09:00,04:40,,,"sun,mon,tue,wed,thu,fri,sat"
JAB,RTM,train,1155,374.7,19818,Haldighati Express,true,,20:05,15:20,,,"sun,mon,tue,wed,thu,fri,sat"
BRC,KOTA,train,855,297.4,19819,Vadodara - Kota Express (UnReserved),true,,07:10,21:25,,,"sun,mon,tue,wed,thu,fri,sat"
KOTA,BRC,train,935,297.4,19820,Kota - Vadodara Express (UnReserved),true,,10:15,01:50,,,"sun,mon,tue,wed,thu,fri,sat"
ASV,KOTA,train,715,319.5,19821,Asarva (Ahmedabad) - Kota Express,true,,08:55,20:50,,,"wed,sat"
KOTA,ASV,train,650,319.5,19822,Kota - Asarva (Ahmedabad) Express,true,,18:55,05:45,,,"tue,fri"
NGP,SC,train,435,936.2,20101,Nagpur - Secunderabad Vande Bharat Express,true,,05:00,12:15,,,"sun,mon,wed,thu,fri,sat"
SC,NGP,train,440,936.2,20102,Secunderabad - Nagpur Vande Bharat Express,true,,13:00,20:20,,,"sun,mon,wed,thu,fri,sat"
LTT,GKP,train,1822,948.6,20103,Mumbai LTT - Gorakhpur SF Express (via Kanpur) (PT),true,,05:23,11:45,,,"sun,mon,tue,wed,thu,fri,sat"
GKP,LTT,train,1805,948.6,20104,Gorakhpur - Mumbai LTT SF Express (via Kanpur) (PT),true,,22:30,04:35,,,"sun,mon,tue,wed,thu,fri,sat"
CSMT,MAO,train,758,377.1,20111,Konkan Kanya SF Express (PT),true,,23:02,11:40,,,"sun,mon,tue,wed,thu,fri,sat"
MAO,CSMT,train,700,377.1,20112,Konkan Kanya SF Express (PT),true,,18:00,05:40,,,"sun,mon,tue,wed,thu,fri,sat"
HDP,REWA,train,1575,846.2,20151,Hadapsar (Pune) - Rewa Weekly SF Express,true,,15:15,17:30,,,tue
REWA,HDP,train,1620,846.2,20152,Rewa - Hadapsar (Pune) Weekly SF Express,true,,06:45,09:45,,,wed
CSMT,REWA,train,1215,715.1,20153,Mumbai CSMT - Rewa Weekly SF Express,true,,13:30,09:45,,,fri
REWA,CSMT,train,1230,715.1,20154,Rewa - Mumbai CSMT Weekly SF Express,true,,15:50,12:20,,,tue
DADN,NDLS,train,775,515.4,20155,Dr. Ambedkar Nagar - New Delhi SF Express (PT),true,,15:30,04:25,,,"sun,mon,tue,wed,thu,fri,sat"
NDLS,DADN,train,805,515.4,20156,New Delhi - Dr. Ambedkar Nagar SF Express,true,,23:25,12:50,,,"sun,mon,tue,wed,thu,fri,sat"
CBE,JBP,train,2380,1224.7,20159,Coimbatore - Jabalpur Weekly SF Express,true,,17:05,08:45,10-26,,mon
JBP,CBE,train,2320,1224.7,20160,Jabalpur - Coimbatore Weekly SF Express,true,,23:50,14:30,10-23,,fri
PUNE,JBP,train,1120,617.9,20161,Pune - Jabalpur Weekly SF Express,true,,11:20,06:00,05-25,,mon
JBP,PUNE,train,995,617.9,20162,Jabalpur - Pune Weekly SF Express,true,,13:50,06:25,,,sun
BDTS,JBP,train,1360,729.7,20163,Bandra Terminus - Jabalpur Weekly Superfast Express,true,,16:30,15:10,05-30,,sun
JBP,BDTS,train,1275,729.7,20164,Jabalpur - Bandra Terminus Weekly Superfast Express,true,,17:00,14:15,05-29,,fri
RKMP,NZM,train,456,1107.7,20171,Rani Kamalapati (Habibganj) - Hazrat Nizamuddin Vande Bharat Express,true,,05:40,13:16,,,"sun,mon,tue,wed,thu,fri"
NZM,RKMP,train,456,1107.7,20172,Hazrat Nizamuddin - Rani Kamalapati (Habibganj) Vande Bharat Express,true,,14:40,22:16,,,"sun,mon,tue,wed,thu,fri"
RKMP,REWA,train,485,926.8,20173,Rani Kamalapati (Habibganj) - Rewa Vande Bharat Express,true,,15:30,23:35,,,"sun,mon,wed,thu,fri,sat"
REWA,RKMP,train,490,926.8,20174,Rewa - Rani Kamalapati (Habibganj) Vande Bharat Express,true,,05:20,13:30,,,"sun,mon,wed,thu,fri,sat"
BNRS,AGC,train,420,943.0,20175,Banaras - Agra Cantt. Vande Bharat Express,true,,15:20,22:20,,,"sun,mon,tue,thu,fri,sat"
AGC,BNRS,train,420,936.2,20176,Agra Cantt. - Banaras Vande Bharat Express,true,,06:00,13:00,,,"sun,mon,tue,thu,fri,sat"
ASV,AGC,train,975,538.8,20177,Asarva (Ahmedabad) - Agra Cantt SF Express,true,,15:00,07:15,,,"sun,mon,tue,fri,sat"
AGC,ASV,train,975,538.8,20178,Agra Cantt - Asarva (Ahmedabad) SF Express,true,,18:45,11:00,,,"sun,wed,thu,fri,sat"
BSB,LKO,train,270,222.2,20401,Varanasi - Lucknow SF Shuttle Express,true,,05:40,10:10,,,"sun,mon,tue,wed,thu,fri,sat"
LKO,BSB,train,280,222.2,20402,Lucknow - Varanasi SF Shuttle Express,true,,18:00,22:40,,,"sun,mon,tue,wed,thu,fri,sat"
PRYJ,LGH,train,1410,762.4,20403,Prayagraj - Lalgarh SF Express (Via Loharu) (PT),true,,23:05,22:35,,,"sun,wed,fri"
LGH,PRYJ,train,1440,762.4,20404,Lalgarh - Prayagraj SF Express (Via Loharu),true,,04:50,04:50,,,"mon,tue,sat"
RNC,NDLS,train,1005,1641.2,20407,Ranchi - New Delhi Rajdhani Express (Via Japla),true,,18:25,11:10,,,tue
NDLS,RNC,train,975,1641.2,20408,New Delhi - Ranchi Rajdhani Express (Via Japla),true,,16:10,08:25,,,wed
DEC,BTI,train,290,230.5,20409,Delhi Cantt. - Bathinda SF Express,true,,07:40,12:30,,,"sun,mon,tue,wed,thu,fri,sat"
BTI,DEC,train,290,230.5,20410,Bathinda - Delhi Cantt. SF Express,true,,15:55,20:45,,,"sun,mon,tue,wed,thu,fri,sat"
DLI,SRE,train,195,169.1,20411,Delhi - Saharanpur MEMU SF Express (UnReserved),true,,09:40,12:55,,,"sun,mon,tue,wed,thu,fri,sat"
SRE,DLI,train,175,169.1,20412,Saharanpur - Delhi MEMU SF Express (UnReserved),true,,19:15,22:10,,,"sun,mon,tue,wed,thu,fri,sat"
BSB,INDB,train,1140,665.2,20413,Kashi Mahakal SF Express (Via Lucknow),true,,14:00,09:00,,,"tue,thu"
INDB,BSB,train,1170,665.2,20414,Kashi Mahakal SF Express (Via Lucknow),true,,10:15,05:45,,,"wed,fri"
BSB,INDB,train,1065,637.6,20415,Kashi Mahakal SF Express (via Prayagraj),true,,15:15,09:00,,,sun
INDB,BSB,train,1045,637.6,20416,Kashi Mahakal SF Express (via Prayagraj) (PT),true,,10:15,03:40,,,mon
SEY,FZR,train,1625,851.9,20423,Patalkot Express (PT),true,,08:20,11:25,,,"sun,mon,tue,wed,thu,fri,sat"
FZR,SEY,train,1570,851.9,20424,Patalkot Express (PT),true,,04:10,06:20,,,"sun,mon,tue,wed,thu,fri,sat"
SFG,SVDK,train,1365,739.0,20433,Jammu Mail (PT),true,,10:35,09:20,,,"sun,mon,tue,wed,thu,fri,sat"
SVDK,SFG,train,1280,739.0,20434,Jammu Mail,true,,15:15,12:35,,,"sun,mon,tue,wed,thu,fri,sat"
LTT,PRYJ,train,1160,694.2,20435,Mumbai LTT - Prayagraj Amrit Bharat Express,true,,17:20,12:40,08-22,,sun
PRYJ,LTT,train,1295,694.2,20436,Prayagraj - Mumbai LTT Amrit Bharat Express,true,,18:10,15:45,08-21,,fri
PRYJ,UDN,train,1365,741.2,20437,Prayagraj - Udhna Amrit Bharat Express,true,,05:20,04:05,08-24,,mon
UDN,PRYJ,train,1485,741.2,20438,Udhna - Prayagraj Amrit Bharat Express,true,,06:45,07:30,08-25,,tue
SGAC,NDLS,train,380,317.3,20451,Sogaria (Kota) - New Delhi Intercity SF Express,true,,16:15,22:35,,,"sun,mon,tue,wed,thu,fri,sat"
NDLS,SGAC,train,385,317.3,20452,New Delhi - Sogaria (Kota) Intercity SF Express,true,,07:10,13:35,,,"sun,mon,tue,wed,thu,fri,sat"
SGNR,PURI,train,2620,1326.6,20471,Shri Ganganagar - Puri SF Express (PT),true,,14:10,09:50,,,sun
PURI,SGNR,train,2610,1326.6,20472,Puri - Shri Ganganagar SF Express,true,,06:35,02:05,,,wed
DEE,UDZ,train,728,425.5,20473,Chetak Express,true,,19:40,07:48,,,"sun,mon,tue,wed,thu,fri,sat"
UDZ,DEE,train,725,425.5,20474,Chetak Express (PT),true,,17:00,05:05,,,"sun,mon,tue,wed,thu,fri,sat"
BKN,MRJ,train,1770,928.3,20475,Bikaner - Miraj Weekly SF Express,true,,07:40,13:10,,,mon
MRJ,BKN,train,1775,928.3,20476,Miraj - Bikaner Weekly SF Express (PT),true,,14:40,20:15,,,tue
JU,TPJ,train,2800,1399.3,20481,Jodhpur - Tiruchchirappalli Humsafar Express,true,,16:50,15:30,,,wed
TPJ,JU,train,2750,1399.3,20482,Tiruchchirappalli - Jodhpur Humsafar Express,true,,08:10,06:00,,,sun
BGKT,DDR,train,1010,566.9,20483,Bhagat ki Kothi - Dadar Western SF Express,true,,20:00,12:50,,,"mon,tue"
DDR,BGKT,train,990,566.9,20484,Dadar Western - Bhagat Ki Kothi SF Express (PT),true,,15:00,07:30,,,"tue,fri"
JSM,SBIB,train,810,465.0,20485,Jaisalmer - Sabarmati Intercity SF Express (via Jalor),true,,06:30,20:00,05-23,,"sun,mon,tue,wed,thu,fri,sat"
SBIB,JSM,train,810,465.0,20486,Sabarmati - Jaisalmer Intercity SF Express (via Jalor),true,,07:00,20:30,,,"sun,mon,tue,wed,thu,fri,sat"
BME,DEE,train,840,502.4,20487,Malani SF Express,true,,22:30,12:30,,,"mon,tue"
DEE,BME,train,850,502.4,20488,Malani SF Express,true,,15:50,06:00,,,"tue,fri"
BME,MTJ,train,865,487.4,20489,Barmer - Mathura SF Express,true,,21:50,12:15,,,"sun,tue,wed,fri,sat"
MTJ,BME,train,855,487.4,20490,Mathura - Barmer SF Express (PT),true,,15:45,06:00,,,"sun,mon,wed,thu,sat"
JSM,SBIB,train,825,468.6,20491,Jaisalmer - Sabarmati SF Express,true,,15:30,05:15,,,"sun,mon,tue,wed,thu,fri,sat"
SBIB,JSM,train,825,468.6,20492,Sabarmati - Jaisalmer SF Express (PT),true,,22:05,11:50,,,"sun,mon,tue,wed,thu,fri,sat"
MDU,CDG,train,3110,1673.5,20493,Madurai - Chandigarh SF Express (PT),true,,23:40,03:30,,,"sun,wed"
CDG,MDU,train,3215,1674.0,20494,Chandigarh - Madurai SF Express,true,,08:05,13:40,,,"mon,fri"
JU,HDP,train,1150,642.8,20495,Jodhpur - Hadapsar (Pune) SF Express (PT),true,,22:00,17:10,,,"sun,mon,tue,wed,thu,fri,sat"
HDP,JU,train,1195,642.8,20496,Hadapsar (Pune) - Jodhpur SF Express,true,,19:15,15:10,,,"sun,mon,tue,wed,thu,fri,sat"
RMM,FZR,train,3785,1751.1,20497,Rameswaram - Firozpur Cantt. Humsafar Express,true,,22:50,13:55,,,tue
FZR,RMM,train,3760,1751.1,20498,Firozpur Cantt. - Rameswaram Humsafar Express,true,,05:55,20:35,,,sun
AGTL,ANVT,train,2630,3251.6,20501,Agartala - Anand Vihar Terminal Tejas Rajdhani Express,true,,15:00,10:50,,,mon
ANVT,AGTL,train,2675,3251.6,20502,Anand Vihar Terminal - Agartala Tejas Rajdhani Express,true,,19:50,16:25,,,wed
DBRG,NDLS,train,2518,3105.2,20503,Dibrugarh - New Delhi Rajdhani Express (via Moranhat),true,,19:40,13:38,,,"sun,tue,wed,thu,sat"
NDLS,DBRG,train,2495,3105.2,20504,New Delhi - Dibrugarh Rajdhani Express (via Moranhat),true,,11:25,05:00,,,"mon,tue,wed,fri,sat"
DBRG,NDLS,train,2393,2892.8,20505,Dibrugarh - New Delhi Rajdhani Express (Via Rangapara North),true,,21:45,13:38,,,"mon,fri"
NDLS,DBRG,train,2385,2892.8,20506,New Delhi - Dibrugarh Rajdhani Express (Via Rangapara North),true,,11:25,03:10,,,"sun,tue"
SANG,ANVT,train,2560,3158.0,20507,Sairang - Anand Vihar Terminal Rajdhani Express,true,,16:10,10:50,,,fri
ANVT,SANG,train,2615,3158.0,20508,Anand Vihar Terminal - Sairang Rajdhani Express,true,,19:50,15:25,,,sun
MAS,BDNK,train,620,410.9,20601,MGR Chennai Central - Bodinayakkanur SF Express (PT),true,,22:30,08:50,,,"sun,mon,tue,wed,thu,fri"
BDNK,MAS,train,660,410.9,20602,Bodinayakkanur - MGR Chennai Central SF Express (PT),true,,20:55,07:55,,,"sun,mon,tue,wed,thu,fri"
NJP,NCJ,train,3255,1544.2,20603,New Jalpaiguri - Nagercoil Amrit Bharat Express,true,,16:45,23:00,,,wed
NCJ,NJP,train,3240,1543.8,20604,Nagercoil - New Jalpaiguri Amrit Bharat Express,true,,23:00,05:00,,,sun
MS,TCN,train,840,478.5,20605,Chendur SF Express (PT),true,,16:00,06:00,,,"sun,mon,tue,wed,thu,fri,sat"
TCN,MS,train,820,478.5,20606,Chendur SF Express (PT),true,,20:45,10:25,,,"sun,mon,tue,wed,thu,fri,sat"
MAS,MYS,train,390,831.0,20607,MGR Chennai Central - Mysuru Vande Bharat Express,true,,05:50,12:20,,,"sun,mon,tue,thu,fri,sat"
MYS,MAS,train,375,831.0,20608,Mysuru - MGR Chennai Central Vande Bharat Express,true,,13:05,19:20,,,"sun,mon,tue,thu,fri,sat"
NJP,TPJ,train,2850,1309.0,20609,New Jalpaiguri - Tiruchchirappalli Amrit Bharat Express,true,,16:45,16:15,,,fri
TPJ,NJP,train,2835,1308.6,20610,Tiruchchirappalli - New Jalpaiguri Amrit Bharat Express,true,,05:45,05:00,,,wed
AP,SBC,train,165,149.4,20623,Malgudi SF Express,true,,08:20,11:05,,,"sun,mon,tue,wed,thu,fri,sat"
SBC,AP,train,190,149.4,20624,Malgudi SF Express,true,,13:50,17:00,,,"sun,mon,tue,wed,thu,fri,sat"
MAS,BGKT,train,2405,1297.5,20625,MGR Chennai Central - Bhagat ki Kothi SF Express (PT),true,,19:35,11:40,,,"sun,mon,tue,thu,fri"
BGKT,MAS,train,2495,1297.5,20626,Bhagat Ki Kothi - MGR Chennai Central SF Express,true,,05:40,23:15,,,"sun,mon,wed,thu,fri"
MS,NCJ,train,530,1137.4,20627,Chennai Egmore - Nagercoil Vande Bharat Express,true,,05:00,13:50,,,"sun,mon,tue,thu,fri,sat"
NCJ,MS,train,525,1137.4,20628,Nagercoil - Chennai Egmore Vande Bharat Express,true,,14:20,23:05,,,"sun,mon,tue,thu,fri,sat"
SC,TVC,train,1675,883.6,20629,Sabari Superfast Express (PT),true,,14:25,18:20,,,"sun,mon,tue,wed,thu,fri,sat"
TVC,SC,train,1697,883.6,20630,Sabari SF Express (PT),true,,06:45,11:02,,,"sun,mon,tue,wed,thu,fri,sat"
MAQ,TVC,train,520,997.0,20631,Mangaluru Central - Thiruvananthapuram Central Vande Bharat Express,true,,06:25,15:05,,,"sun,mon,tue,thu,fri,sat"
TVC,MAQ,train,520,997.0,20632,Thiruvananthapuram Central - Mangaluru Central Vande Bharat Express,true,,16:05,00:45,,,"sun,mon,tue,thu,fri,sat"
KGQ,TVC,train,490,951.1,20633,Kasaragod - Thiruvananthapuram Central Vande Bharat Express,true,,14:30,22:40,,,"sun,mon,tue,wed,fri,sat"
TVC,KGQ,train,485,951.1,20634,Thiruvananthapuram Central - Kasaragod Vande Bharat Express,true,,05:15,13:20,,,"sun,mon,tue,wed,fri,sat"
MS,QLN,train,925,521.2,20635,Ananthapuri Superfast Express (PT),true,,19:50,11:15,,,"sun,mon,tue,wed,thu,fri,sat"
QLN,MS,train,910,521.2,20636,Ananthapuri Superfast Express (PT),true,,14:55,06:05,,,"sun,mon,tue,wed,thu,fri,sat"
BNC,CBE,train,380,664.9,20641,Bengaluru Cantt. - Coimbatore Vande Bharat Express,true,,14:20,20:40,,,"sun,mon,tue,wed,fri,sat"
CBE,BNC,train,380,664.9,20642,Coimbatore - Bengaluru Cantt. Vande Bharat Express,true,,07:25,13:45,,,"sun,mon,tue,wed,fri,sat"
MAS,CBE,train,360,828.2,20643,MGR Chennai Central - Coimbatore Vande Bharat Express,true,,14:15,20:15,,,"sun,mon,tue,thu,fri,sat"
CBE,MAS,train,350,828.2,20644,Coimbatore - MGR Chennai Central Vande Bharat Express,true,,06:00,11:50,,,"sun,mon,tue,thu,fri,sat"
MAO,MAQ,train,310,590.7,20645,Madgaon - Mangaluru Central Vande Bharat Express,true,,17:35,22:45,,,"sun,mon,tue,wed,fri,sat"
MAQ,MAO,train,340,590.7,20646,Mangaluru Central - Madgaon Vande Bharat Express,true,,08:30,14:10,,,"sun,mon,tue,wed,fri,sat"
SBC,TLGP,train,405,267.9,20651,KSR Bengaluru - Talguppa InterCity Express,true,,15:00,21:45,,,"sun,mon,tue,wed,thu,fri,sat"
TLGP,SBC,train,400,267.9,20652,Talguppa - KSR Bengaluru InterCity Express,true,,05:20,12:00,,,"sun,mon,tue,wed,thu,fri,sat"
SBC,BGM,train,580,393.2,20653,KSR Bengaluru - Belagavi SF Express (PT),true,,21:00,06:40,,,"sun,mon,tue,wed,thu,fri,sat"
BGM,SBC,train,570,393.2,20654,Belagavi - KSR Bengaluru SF Express,true,,22:00,07:30,,,"sun,mon,tue,wed,thu,fri,sat"
YPR,UBL,train,420,316.3,20655,Yesvantpur - SSS Hubballi Weekly SF Express,true,,00:15,07:15,,,sun
UBL,YPR,train,455,316.3,20656,SSS Hubballi - Yesvantpur Weekly SF Express,true,,11:45,19:20,,,sun
UBL,NZM,train,2090,1147.2,20657,SSS Hubballi - Hazrat Nizamuddin Superfast Express (PT),true,,23:50,10:40,,,fri
NZM,UBL,train,2135,1147.2,20658,Hazrat Nizamuddin - SSS Hubballi Superfast Express,true,,15:55,03:30,,,sun
MYS,SBC,train,150,146.8,20659,Mysuru - KSR Bengaluru Rajya Rani SF Express,true,,14:50,17:20,,,"sun,mon,tue,wed,thu,fri,sat"
SBC,MYS,train,150,146.8,20660,KSR Bengaluru - Mysuru Rajya Rani SF Express,true,,11:30,14:00,,,"sun,mon,tue,wed,thu,fri,sat"
SBC,DWR,train,375,821.5,20661,KSR Bengaluru - Dharwad Vande Bharat Express,true,,05:45,12:00,,,"sun,mon,wed,thu,fri,sat"
DWR,SBC,train,375,821.5,20662,Dharwad - KSR Bengaluru Vande Bharat Express,true,,13:30,19:45,,,"sun,mon,wed,thu,fri,sat"
MYS,MAS,train,390,831.0,20663,Mysuru - MGR Chennai Central Vande Bharat Express,true,,06:00,12:30,,,"sun,mon,tue,wed,fri,sat"
MAS,MYS,train,390,831.0,20664,MGR Chennai Central - Mysuru Vande Bharat Express,true,,17:00,23:30,,,"sun,mon,tue,wed,fri,sat"
MS,TEN,train,470,1037.5,20665,Chennai Egmore - Tirunelveli Vande Bharat Express,true,,15:10,23:00,,,"sun,mon,wed,thu,fri,sat"
TEN,MS,train,480,1037.5,20666,Tirunelveli - Chennai Egmore Vande Bharat Express,true,,06:00,14:00,,,"sun,mon,wed,thu,fri,sat"
YPR,KWP,train,2525,1357.8,20667,Yesvantpur - Khatipura (Jaipur) SF Express,true,,12:00,06:05,,,tue
KWP,YPR,train,2610,1357.8,20668,Khatipura (Jaipur) - Yesvantpur Superfast Express (PT),true,,21:20,16:50,,,sun
UBL,PUNE,train,510,914.7,20669,SSS Hubballi - Pune Vande Bharat Express,true,,05:00,13:30,,,"sun,wed,fri"
PUNE,UBL,train,510,914.7,20670,Pune - SSS Hubballi Vande Bharat Express,true,,14:15,22:45,,,"mon,tue,sat"
MDU,BNC,train,465,933.6,20671,Madurai - Bengaluru Cantt. Vande Bharat Express,true,,05:15,13:00,,,"sun,mon,wed,thu,fri,sat"
BNC,MDU,train,490,933.6,20672,Bengaluru Cantt. - Madurai Vande Bharat Express,true,,13:30,21:40,,,"sun,mon,wed,thu,fri,sat"
KOP,PUNE,train,315,600.1,20673,SCSMT Kolhapur - Pune Vande Bharat Express,true,,08:15,13:30,,,"mon,tue,sat"
PUNE,KOP,train,325,600.1,20674,Pune - SCSMT Kolhapur Vande Bharat Express,true,,14:15,19:40,,,"sun,wed,fri"
BGM,MYS,train,815,464.5,20675,Vishwamanava SF Express,true,,07:00,20:35,,,"sun,mon,tue,wed,thu,fri,sat"
MYS,BGM,train,815,464.5,20676,Vishwamanava SF Express,true,,07:00,20:35,,,"sun,mon,tue,wed,thu,fri,sat"
MAS,NS,train,520,1040.2,20677,MGR Chennai Central - Narasapur Vande Bharat Express,true,,05:30,14:10,,,"sun,mon,wed,thu,fri,sat"
NS,MAS,train,535,1040.2,20678,Narasapur - MGR Chennai Central Vande Bharat Express,true,,14:50,23:45,,,"sun,mon,wed,thu,fri,sat"
MAS,UBL,train,840,504.5,20679,MGR Chennai Central - SSS Hubballi Weekly SF Express (via SMVT Bengaluru) (PT),true,,15:00,05:00,,,fri
UBL,MAS,train,880,504.5,20680,SSS Hubballi - MGR Chennai Central Weekly SF Express (via SMVT Bengaluru) (PT),true,,20:30,11:10,,,tue
TBM,SCT,train,695,418.2,20681,Silambu SF Express (PT),true,,20:50,08:25,,,"wed,fri,sat"
SCT,TBM,train,675,418.2,20682,Silambu SF Express (PT),true,,17:10,04:25,,,"sun,tue,sat"
TBM,SCT,train,840,472.8,20683,Tambaram - Sengottai SF Express (PT),true,,20:50,10:50,,,"sun,tue,thu"
SCT,TBM,train,830,472.8,20684,Sengottai - Tambaram SF Express (PT),true,,17:35,07:25,,,"mon,wed,fri"
GIMB,SBC,train,2115,1093.2,20685,Gandhidham - KSR Bengaluru SF Express (PT),true,,09:25,20:40,,,tue
SBC,GIMB,train,2105,1093.2,20686,KSR Bengaluru - Gandhidham SF Express (PT),true,,23:50,10:55,,,sun
UBL,SBC,train,440,319.4,20687,SSS Hubballi - KSR Bengaluru Superfast Express,true,,23:30,06:50,,,"sun,mon,tue,wed,thu,fri,sat"
SBC,UBL,train,430,319.4,20688,KSR Bengaluru - SSS Hubballi Superfast Express,true,,22:20,05:30,,,"sun,mon,tue,wed,thu,fri,sat"
YPR,SMET,train,290,214.4,20689,Yesvantpur - Shivamogga Town Intercity SF Express,true,,09:15,14:05,,,"sun,mon,tue,wed,thu,fri,sat"
SMET,YPR,train,285,214.4,20690,Shivamogga Town - Yesvantpur Intercity SF Express,true,,15:50,20:35,,,"sun,mon,tue,wed,thu,fri,sat"
TBM,NCJ,train,835,416.7,20691,Tambaram - Nagercoil Antyodaya SF Express,true,,22:40,12:35,,,"sun,mon,tue,wed,thu,fri,sat"
NCJ,TBM,train,795,416.7,20692,Nagercoil - Tambaram Antyodaya SF Express,true,,15:50,05:05,,,"sun,mon,tue,wed,thu,fri,sat"
JU,SBC,train,2295,1174.8,20693,Jodhpur - KSR Bengaluru SF Express (via Davangere) (PT),true,,06:15,20:30,,,"tue,sat"
SBC,JU,train,2280,1174.8,20694,KSR Bengaluru - Jodhpur SF Express (via Davangere) (PT),true,,23:50,13:50,,,"mon,wed"
SC,TPTY,train,505,1053.7,20701,Secunderabad - Tirupati Vande Bharat Express,true,,06:10,14:35,,,"sun,mon,wed,thu,fri,sat"
TPTY,SC,train,507,1053.7,20702,Tirupati - Secunderabad Vande Bharat Express,true,,15:15,23:42,,,"sun,mon,wed,thu,fri,sat"
KCG,YPR,train,495,986.2,20703,Kacheguda - Yesvantpur Vande Bharat Express,true,,05:45,14:00,,,"sun,mon,tue,thu,fri,sat"
YPR,KCG,train,495,986.2,20704,Yesvantpur - Kacheguda Vande Bharat Express,true,,14:45,23:00,,,"sun,mon,tue,thu,fri,sat"
NED,CSMT,train,535,980.8,20705,Hazur Sahib Nanded - Mumbai CSMT Vande Bharat Express,true,,05:20,14:15,,,"sun,mon,tue,thu,fri,sat"
CSMT,NED,train,550,980.8,20706,Mumbai CSMT - Hazur Sahib Nanded Vande Bharat Express,true,,13:15,22:25,,,"sun,mon,tue,wed,fri,sat"
SC,VSKP,train,530,1102.3,20707,Secunderabad - Visakhapatnam Vande Bharat Express,true,,05:00,13:50,,,"sun,tue,wed,thu,fri,sat"
VSKP,SC,train,535,1102.3,20708,Visakhapatnam - Secunderabad Vande Bharat Express,true,,14:30,23:25,,,"sun,tue,wed,thu,fri,sat"
IPR,NDLS,train,1230,627.8,20801,Magadh Express,true,,15:30,12:00,,,"sun,mon,tue,wed,thu,fri,sat"
NDLS,IPR,train,1100,627.8,20802,Magadh Express,true,,21:05,15:25,,,"sun,mon,tue,wed,thu,fri,sat"
VSKP,GIMB,train,2205,1172.7,20803,Visakhapatnam - Gandhidham SF Express,true,,17:30,06:15,,,tue
GIMB,VSKP,train,2105,1172.7,20804,Gandhidham - Visakhapatnam SF Express (PT),true,,23:10,10:15,,,sun
VSKP,NDLS,train,1900,1167.0,20805,Andhra Pradesh Express (PT),true,,22:00,05:40,,,"sun,mon,tue,wed,thu,fri,sat"
NDLS,VSKP,train,1940,1167.0,20806,Andhra Pradesh Express,true,,20:00,04:20,,,"sun,mon,tue,wed,thu,fri,sat"
VSKP,ASR,train,2820,1411.4,20807,Hirakud Express (PT),true,,00:25,23:25,,,"tue,fri,sat"
ASR,VSKP,train,2755,1411.4,20808,Hirakud Express,true,,23:55,21:50,,,"sun,wed,sat"
SBP,NED,train,1610,837.8,20809,Nagawali SF Express (PT),true,,10:50,13:40,,,"sun,mon,fri"
NED,SBP,train,1575,837.8,20810,Nagawali SF Express (PT),true,,16:30,18:45,,,"mon,tue,sat"
VSKP,NED,train,1060,573.7,20811,Visakhapatnam - Hazur Sahib Nanded SF Express (PT),true,,20:00,13:40,,,"tue,wed,sat"
NED,VSKP,train,1010,573.7,20812,Hazur Sahib Nanded - Visakhapatnam SF Express (PT),true,,16:30,09:20,,,"sun,wed,thu"
PURI,JU,train,2615,1339.1,20813,Puri - Jodhpur SF Express (PT),true,,15:50,11:25,,,wed
JU,PURI,train,2580,1339.1,20814,Jodhpur - Puri SF Express (PT),true,,15:00,10:00,,,sun
ADTP,VSKP,train,915,522.2,20815,Adityapur - Visakhapatnam SF Express,true,,07:30,22:45,,,mon
VSKP,ADTP,train,900,522.2,20816,Visakhapatnam - Adityapur SF Express,true,,15:35,06:35,,,sun
BBS,NDLS,train,1600,2436.8,20817,Bhubaneswar - New Delhi Tejas Rajdhani Express (via Sambalpur City),true,,07:15,09:55,,,sun
NDLS,BBS,train,1630,2436.8,20818,New Delhi - Bhubaneswar Tejas Rajdhani Express (via Sambalpur City),true,,17:00,20:10,,,sun
PURI,OKHA,train,2900,1519.6,20819,Puri - Okha Dwarka SF Express (PT),true,,09:50,10:10,,,sun
OKHA,PURI,train,2870,1519.6,20820,Okha - Puri Dwarka SF Express (PT),true,,19:05,18:55,,,wed
PUNE,SRC,train,1940,1037.4,20821,Pune - Santragachi Humsafar Express,true,,10:40,19:00,,,mon
SRC,PUNE,train,1970,1037.4,20822,Santragachi - Pune Humsafar Express,true,,17:55,02:45,,,sun
PURI,AII,train,2615,1363.6,20823,Puri - Ajmer SF Express (PT),true,,23:05,18:40,,,"mon,tue"
AII,PURI,train,2600,1363.6,20824,Ajmer - Puri SF Express (PT),true,,19:20,14:40,,,"tue,thu"
BSP,NGP,train,330,716.2,20825,Bilaspur - Nagpur Vande Bharat Express,true,,06:45,12:15,,,"sun,mon,tue,wed,thu,fri"
NGP,BSP,train,320,716.2,20826,Nagpur - Bilaspur Vande Bharat Express,true,,14:05,19:25,,,"sun,mon,tue,wed,thu,fri"
JBP,SRC,train,1180,586.2,20827,Jabalpur - Santragachi Humsafar Express,true,,20:20,16:00,,,tue
SRC,JBP,train,1150,586.2,20828,Santragachi - Jabalpur Humsafar Express,true,,20:15,15:25,,,wed
DURG,VSKP,train,490,924.1,20829,Durg - Visakhapatnam Vande Bharat Express,true,,05:45,13:55,,,"sun,mon,tue,wed,fri,sat"
VSKP,DURG,train,480,924.1,20830,Visakhapatnam - Durg Vande Bharat Express,true,,14:50,22:50,,,"sun,mon,tue,wed,fri,sat"
SHM,SBP,train,675,421.8,20831,Mahima Gosain Express,true,,21:20,08:35,,,"mon,wed,fri"
SBP,SHM,train,730,421.8,20832,Mahima Gosain Express (PT),true,,19:10,07:20,,,"sun,tue,thu"
VSKP,SC,train,515,1102.3,20833,Visakhapatnam - Secunderabad Vande Bharat Express,true,,05:45,14:20,,,"sun,mon,wed,thu,fri,sat"
SC,VSKP,train,515,1102.3,20834,Secunderabad - Visakhapatnam Vande Bharat Express,true,,15:00,23:35,,,"sun,mon,wed,thu,fri,sat"
ROU,PURI,train,460,843.1,20835,Rourkela - Puri Vande Bharat Express,true,,14:00,21:40,,,"sun,mon,wed,thu,fri,sat"
PURI,ROU,train,465,843.1,20836,Puri - Rourkela Vande Bharat Express,true,,05:00,12:45,,,"sun,mon,wed,thu,fri,sat"
BBS,JNRD,train,700,415.6,20837,Bhubaneswar - Junagarh Road SF Express,true,,21:35,09:15,,,"sun,mon,tue,wed,thu,fri,sat"
JNRD,BBS,train,710,415.6,20838,Junagarh Road - Bhubaneswar SF Express (PT),true,,17:30,05:20,,,"sun,mon,tue,wed,thu,fri,sat"
RNC,NDLS,train,1030,1708.4,20839,Ranchi - New Delhi Rajdhani Express (via Bokaro Steel City),true,,18:00,11:10,,,"wed,sat"
NDLS,RNC,train,1015,1708.4,20840,New Delhi - Ranchi Rajdhani Express (Via Bokaro Steel City),true,,16:10,09:05,,,"mon,fri"
BBS,VSKP,train,345,759.4,20841,Bhubaneswar - Visakhapatnam Vande Bharat Express,true,,05:15,11:00,,,"sun,tue,wed,thu,fri,sat"
VSKP,BBS,train,360,759.4,20842,Visakhapatnam - Bhubaneswar Vande Bharat Express,true,,15:30,21:30,,,"sun,tue,wed,thu,fri,sat"
BSP,BGKT,train,1925,1021.4,20843,Bilaspur - Bhagat Ki Kothi SF Express (PT),true,,18:25,02:30,,,"mon,tue"
BGKT,BSP,train,1925,1021.4,20844,Bhagat Ki Kothi - Bilaspur SF Express,true,,02:20,10:25,,,"tue,sat"
BSP,BKN,train,1970,1055.2,20845,Bilaspur - Bikaner SF Express (PT),true,,18:25,03:15,,,"tue,sat"
BKN,BSP,train,1960,1054.7,20846,Bikaner - Bilaspur SF Express (PT),true,,01:45,10:25,,,"sun,tue"
DURG,MCTM,train,1985,1068.2,20847,Durg - MCTM Udhampur SF Express (via New Delhi) (PT),true,,11:00,20:05,,,wed
MCTM,DURG,train,1980,1068.7,20848,MCTM Udhampur - Durg SF Express (via New Delhi),true,,00:10,09:10,,,fri
BBS,RMM,train,2060,1060.4,20849,Bhubaneswar - Rameswaram Weekly SF Express (PT),true,,12:10,22:30,,,fri
RMM,BBS,train,1960,1060.4,20850,Rameswaram - Bhubaneswar Weekly SF Express (PT),true,,09:45,18:25,,,sun
BBS,PDY,train,1430,816.0,20851,Bhubaneswar - Puducherry SF Express,true,,12:10,12:00,,,tue
PDY,BBS,train,1415,816.0,20852,Puducherry - Bhubaneswar SF Express (PT),true,,18:50,18:25,,,wed
BBS,MAS,train,1210,712.0,20853,Bhubaneswar - MGR Chennai Central SF Express (PT),true,,12:10,08:20,,,tue
MAS,BBS,train,1215,712.0,20854,MGR Chennai Central - Bhubaneswar SF Express (PT),true,,10:00,06:15,,,fri
PURI,SNSI,train,1770,952.8,20857,Puri - Sainagar Shirdi SF Express (PT),true,,23:05,04:35,,,fri
SNSI,PURI,train,1840,952.8,20858,Sainagar Shirdi - Puri SF Express (PT),true,,14:10,20:50,,,sun
PURI,ADI,train,2100,1111.9,20861,Puri - Ahmedabad SF Express (via Sambalpur) (PT),true,,19:25,06:25,,,wed
ADI,PURI,train,2140,1111.9,20862,Ahmedabad - Puri Weekly SF Express (via Sambalpur) (PT),true,,19:00,06:40,,,fri
HWH,ROU,train,365,716.2,20871,Howrah - Rourkela Vande Bharat Express,true,,06:00,12:05,,,"sun,mon,wed,thu,fri,sat"
ROU,HWH,train,380,716.2,20872,Rourkela - Howrah Vande Bharat Express,true,,13:30,19:50,,,"sun,mon,wed,thu,fri,sat"
RNC,BSB,train,470,886.3,20887,Ranchi - Varanasi Vande Bharat Express,true,,05:10,13:00,,,"sun,mon,wed,thu,fri,sat"
BSB,RNC,train,470,886.3,20888,Varanasi - Ranchi Vande Bharat Express,true,,16:05,23:55,,,"sun,mon,wed,thu,fri,sat"
HWH,TPTY,train,1525,826.6,20889,Howrah - Tirupati Humsafar Express,true,,12:30,13:55,,,sun
TPTY,HWH,train,1620,826.6,20890,Tirupati - Howrah Humsafar Express,true,,16:00,19:00,,,sun
TATA,BAM,train,575,952.5,20891,Tatanagar - Brahmapur Vande Bharat Express,true,,14:20,23:55,,,"sun,mon,wed,thu,fri,sat"
BAM,TATA,train,575,952.5,20892,Brahmapur - Tatanagar Vande Bharat Express,true,,05:15,14:50,,,"sun,mon,wed,thu,fri,sat"
TATA,PNBE,train,440,767.5,20893,Tatanagar - Patna Vande Bharat Express (via Gomoh),true,,05:25,12:45,,,"wed,thu,fri,sat"
PNBE,TATA,train,455,767.5,20894,Patna - Tatanagar Vande Bharat Express (via Gomoh),true,,14:05,21:40,,,"wed,thu,fri,sat"
HWH,RNC,train,445,778.3,20897,Howrah - Ranchi Vande Bharat Express,true,,14:35,22:00,,,"sun,mon,wed,thu,fri,sat"
RNC,HWH,train,430,778.3,20898,Ranchi - Howrah Vande Bharat Express,true,,06:00,13:10,,,"sun,mon,wed,thu,fri,sat"
MMCT,GNC,train,390,864.7,20901,Mumbai Central - Gandhinagar Capital Vande Bharat Express (PT),true,,06:00,12:30,,,"sun,mon,tue,thu,fri,sat"
GNC,MMCT,train,395,864.7,20902,Gandhinagar Capital - Mumbai Central Vande Bharat Express (PT),true,,14:00,20:35,,,"sun,mon,tue,thu,fri,sat"
EKNR,BSB,train,1705,913.8,20903,Ekta Nagar - Varanasi Mahamana Express (PT),true,,19:00,23:25,,,tue
BSB,EKNR,train,1655,913.8,20904,Varanasi - Ekta Nagar Mahamana Express,true,,05:25,09:00,,,tue
EKNR,REWA,train,1350,769.7,20905,Ekta Nagar - Rewa Mahamana Express,true,,19:00,17:30,,,fri
REWA,EKNR,train,1255,769.7,20906,Rewa - Ekta Nagar Mahamana Express,true,,20:45,17:40,,,sun
DDR,BHUJ,train,915,514.4,20907,Sayaji Nagari Superfast Express (PT),true,,15:15,06:30,,,"sun,mon,tue,wed,thu,fri,sat"
BHUJ,DDR,train,915,514.4,20908,Sayaji Nagari Superfast Express (PT),true,,22:40,13:55,,,"sun,mon,tue,wed,thu,fri,sat"
TVCN,PBR,train,2765,1329.2,20909,Thiruvananthapuram North (Kochuveli) - Porbandar Weekly SF Express (PT),true,,09:10,07:15,,,sun
PBR,TVCN,train,2840,1329.2,20910,Porbandar - Thiruvananthapuram North (Kochuveli) Weekly SF Express (PT),true,,18:40,18:00,,,tue
INDB,NGP,train,505,1018.6,20911,Indore - Nagpur Vande Bharat Express,true,,06:10,14:35,,,"mon,tue,wed,thu,fri,sat"
NGP,INDB,train,510,1018.6,20912,Nagpur - Indore Vande Bharat Express,true,,15:20,23:50,,,"mon,tue,wed,thu,fri,sat"
RJT,DEE,train,1125,651.7,20913,Rajkot - Delhi Sarai Rohilla Weekly SF Express,true,,15:10,09:55,,,tue
DEE,RJT,train,1110,651.7,20914,Delhi Sarai Rohilla - Rajkot Weekly SF Express,true,,13:20,07:50,,,fri
CHZ,INDB,train,1650,807.0,20915,Charlapalli - Indore Humsafar Express,true,,20:45,00:15,,,sun
INDB,CHZ,train,1620,807.0,20916,Indore - Charlapalli Humsafar Express,true,,11:15,14:15,,,sun
INDB,PURI,train,1660,818.5,20917,Indore - Puri Humsafar Express,true,,15:05,18:45,,,tue
PURI,INDB,train,1735,818.5,20918,Puri - Indore Humsafar Express,true,,00:30,05:25,,,tue
MAS,EKNR,train,1755,958.5,20919,MGR Chennai Central - Ekta Nagar (Kevadiya) Weekly SF Express (PT),true,,15:50,21:05,,,fri
EKNR,MAS,train,1805,958.5,20920,Ekta Nagar (Kevadiya) - M.G.R Chennai Central Weekly SF Express (PT),true,,09:00,15:05,,,wed
BDTS,LJN,train,1565,950.7,20921,Bandra Terminus - Lucknow Jn. Weekly SF Express (PT),true,,12:15,14:20,,,sun
LJN,BDTS,train,1625,950.7,20922,Lucknow Jn. - Bandra Terminus Weekly SF Express (PT),true,,17:50,20:55,,,sun
TEN,GIMB,train,2725,1203.4,20923,Tirunelveli - Gandhidham Humsafar Express (PT),true,,05:10,02:35,,,tue
GIMB,TEN,train,2715,1203.4,20924,Gandhidham - Tirunelveli Humsafar Express,true,,04:50,02:05,,,mon
ST,AMI,train,605,367.8,20925,Surat - Amravati SF Express,true,,12:20,22:25,,,"sun,tue,fri"
AMI,ST,train,610,367.8,20926,Amravati - Surat SF Express,true,,09:05,19:15,,,"mon,fri,sat"
UDN,BNRS,train,1465,803.5,20929,Udhna - Banaras Weekly SF Express (via Jabalpur) (PT),true,,20:35,21:00,,,fri
BNRS,UDN,train,1470,803.5,20930,Banaras - Udhna Weekly SF Express (via Jabalpur),true,,04:45,05:15,,,sun
TVCN,INDB,train,2600,1265.8,20931,Thiruvananthapuram North (Kochuveli) - Indore Weekly SF Express (PT),true,,09:10,04:30,,,fri
INDB,TVCN,train,2660,1265.8,20932,Indore - Thiruvananthapuram North (Kochuveli) Weekly SF Express,true,,21:40,18:00,,,tue
UDN,DNR,train,1635,903.4,20933,Udhna - Danapur SF Express (PT),true,,08:35,11:50,,,"tue,sat"
DNR,UDN,train,1705,903.4,20934,Danapur - Udhna SF Express (PT),true,,16:40,21:05,,,"sun,wed"
GIMB,INDB,train,870,494.1,20935,Gandhidham - Indore Weekly SF Express,true,,18:25,08:55,,,mon
INDB,GIMB,train,875,494.1,20936,Indore - Gandhidham Weekly SF Express,true,,23:30,14:05,,,sun
PBR,DEE,train,1430,789.5,20937,Porbandar - Delhi Sarai Rohilla SF Express (PT),true,,19:40,19:30,,,"tue,sat"
DEE,PBR,train,1470,789.5,20938,Delhi Sarai Rohilla - Porbandar SF Express,true,,08:10,08:40,,,"mon,tue"
SBIB,SLN,train,1630,884.1,20939,Sabarmati - Sultanpur SF Express (PT),true,,08:50,12:00,,,tue
SLN,SBIB,train,1635,884.1,20940,Sultanpur - Sabarmati SF Express,true,,18:05,21:20,,,wed
BDTS,GCT,train,1880,1074.4,20941,Bandra Terminus - Ghazipur City SF Express (PT),true,,23:25,06:45,,,"sun,fri"
GCT,BDTS,train,1970,1074.4,20942,Ghazipur City - Bandra Terminus SF Express,true,,19:30,04:20,,,"sun,tue"
BDTS,BGKT,train,910,498.8,20943,Bandra Terminus - Bhagat Ki Kothi Humsafar Express (PT),true,,21:45,12:55,,,tue
BGKT,BDTS,train,865,498.8,20944,Bhagat Ki Kothi - Bandra Terminus Humsafar Express,true,,17:10,07:35,,,fri
EKNR,NZM,train,865,562.2,20945,Ekta Nagar - Hazrat Nizamuddin Gujarat Sampark Kranti Express (PT),true,,23:30,13:55,,,"tue,sat"
NZM,EKNR,train,910,562.2,20946,Hazrat Nizamuddin - Ekta Nagar Gujarat Sampark Kranti Express (PT),true,,15:45,06:55,,,"sun,fri"
ADI,EKNR,train,175,137.4,20947,Ahmedabad - Ekta Nagar Jan Shatabdi Express,true,,07:55,10:50,,,"sun,mon,tue,wed,thu,fri,sat"
EKNR,ADI,train,180,137.4,20950,Ekta Nagar - Ahmedabad Jan Shatabdi Express,true,,20:55,23:55,,,"sun,mon,tue,wed,thu,fri,sat"
OKHA,JP,train,1070,625.2,20951,Okha - Jaipur Weekly SF Express (PT),true,,21:30,15:20,,,mon
JP,OKHA,train,1090,625.2,20952,Jaipur - Okha Weekly SF Express,true,,17:40,11:50,,,tue
MAS,ADI,train,1720,968.4,20953,MGR Chennai Central - Ahmedabad SF Express (PT),true,,22:40,03:20,,,sun
ADI,MAS,train,1785,968.4,20954,Ahmedabad - MGR Chennai Central SF Express (PT),true,,09:40,15:25,,,sun
INDB,HSR,train,995,606.4,20957,Indore - Hisar SF Express (PT),true,,16:45,09:20,,,"sun,wed,fri"
HSR,INDB,train,1045,606.4,20958,Hisar - Indore SF Express,true,,13:20,06:45,,,"mon,tue,sat"
BL,VDG,train,450,295.0,20959,Valsad - Vadnagar Intercity SF Express,true,,05:40,13:10,,,"sun,mon,tue,wed,thu,fri,sat"
VDG,BL,train,458,295.0,20960,Vadnagar - Valsad Intercity SF Express,true,,17:00,00:38,,,"sun,mon,tue,wed,thu,fri,sat"
UDN,BNRS,train,1645,877.4,20961,Udhna - Banaras Weekly SF Express (via Gwalior) (PT),true,,07:25,10:50,,,tue
BNRS,UDN,train,1620,877.4,20962,Banaras - Udhna Weekly SF Express (via Gwalior),true,,17:50,20:50,,,wed
SBIB,BSB,train,1835,958.5,20963,Sabarmati - Varanasi Weekly SF Express (PT),true,,22:55,05:30,,,tue
BSB,SBIB,train,1785,958.5,20964,Varanasi - Sabarmati Weekly SF Express,true,,15:35,21:20,,,sun
SBIB,BVC,train,280,210.7,20965,Sabarmati - Bhavnagar Terminus SF Intercity Express,true,,16:15,20:55,,,"sun,mon,tue,wed,thu,fri,sat"
BVC,SBIB,train,270,210.7,20966,Bhavnagar Terminus - Sabarmati SF Intercity Express,true,,06:00,10:30,,,"sun,mon,tue,wed,thu,fri,sat"
SC,PBR,train,1840,951.7,20967,Secunderabad - Porbandar Weekly SF Express (PT),true,,15:10,21:50,,,wed
PBR,SC,train,1815,951.7,20968,Porbandar - Secunderabad Weekly SF Express (PT),true,,01:15,07:30,,,tue
UDZ,SHM,train,1980,1047.9,20971,Udaipur City - Shalimar SF Express,true,,01:05,10:05,,,sun
SHM,UDZ,train,2030,1047.9,20972,Shalimar - Udaipur City SF Express (PT),true,,19:50,05:40,,,sun
HWH,AGC,train,1515,806.1,20975,Howrah - Agra Cantt. Chambal Express (PT),true,,17:45,19:00,,,tue
AGC,HWH,train,1510,806.1,20976,Agra Cantt. - Howrah Chambal Express,true,,05:45,06:55,,,tue
AII,CDG,train,515,1075.3,20977,Ajmer - Chandigarh Vande Bharat Express,true,,06:10,14:45,,,"sun,mon,tue,thu,fri,sat"
CDG,AII,train,523,1075.3,20978,Chandigarh - Ajmer Vande Bharat Express,true,,15:15,23:58,,,"sun,mon,tue,thu,fri,sat"
BHUJ,DEE,train,1160,675.6,20983,Bhuj - Delhi Sarai Rohilla SF Express,true,,17:10,12:30,,,"tue,fri"
DEE,BHUJ,train,1200,675.6,20984,Delhi Sarai Rohilla - Bhuj SF Express,true,,15:00,11:00,,,"wed,sat"
KOTA,MCTM,train,1175,653.2,20985,Kota - MCTM Udhampur Weekly SF Express (PT),true,,16:35,12:10,,,wed
MCTM,KOTA,train,1075,653.2,20986,MCTM Udhampur - Kota Weekly SF Express,true,,18:45,12:40,,,tue
UDZ,ASV,train,325,228.9,20987,Udaipur City - Asarva (Ahmedabad) Intercity SF Express,true,,16:05,21:30,,,"sun,mon,tue,wed,thu,fri,sat"
ASV,UDZ,train,330,228.9,20988,Asarva (Ahmedabad) - Udaipur City Intercity SF Express,true,,06:50,12:20,,,"sun,mon,tue,wed,thu,fri,sat"
UDZ,CDG,train,1065,594.5,20989,Udaipur City - Chandigarh SF Express,true,,16:05,09:50,,,"wed,sat"
CDG,UDZ,train,1085,594.5,20990,Chandigarh - Udaipur City SF Express,true,,11:20,05:25,,,"sun,tue"
AII,DD,train,1585,859.2,20991,Ajmer - Daund Weekly SF Express,true,,16:45,19:10,05-21,,tue
DD,AII,train,1470,859.2,20992,Daund - Ajmer Weekly SF Express,true,,23:10,23:40,05-22,,fri
JP,UDZ,train,440,298.1,20993,Jaipur - Udaipur City SF Express,true,,06:10,13:30,,,"sun,mon,tue,wed,thu,fri,sat"
UDZ,JP,train,440,298.1,20994,Udaipur City - Jaipur SF Express,true,,15:05,22:25,,,"sun,mon,tue,wed,thu,fri,sat"
AII,BDTS,train,1105,603.8,20995,Ajmer - Bandra Terminus Weekly SF Express (via Chittaurgarh),true,,17:50,12:15,05-23,,sun
BDTS,AII,train,1055,603.8,20996,Bandra Terminus - Ajmer Weekly SF Express (via Chittaurgarh),true,,14:40,08:15,05-24,,sun
RTM,BIX,train,985,405.5,21125,Ratlam - Bhind Express (PT),true,,17:25,09:50,,,"tue,fri,sat"
BIX,RTM,train,1000,405.5,21126,Bhind - Ratlam Express (PT),true,,17:20,10:00,,,"sun,wed,sat"
TATA,PNBE,train,630,1026.7,21893,Tatanagar - Patna Vande Bharat Express (via Barkakana),true,,05:25,15:55,,,sun
PNBE,TATA,train,635,1026.7,21894,Patna - Tatanagar Vande Bharat Express (via Barkakana),true,,13:20,23:55,,,mon
TATA,PNBE,train,440,767.5,21895,Tatanagar - Patna Vande Bharat Express (via Gomoh),true,,05:25,12:45,,,mon
PNBE,TATA,train,430,767.5,21896,Patna - Tatanagar Vande Bharat Express (via Gomoh),true,,16:45,23:55,,,sun
BDTS,BME,train,1075,527.1,21901,Bandra Terminus - Barmer Humsafar SF Express,true,,19:25,13:20,,,fri
BME,BDTS,train,1050,527.1,21902,Barmer - Bandra Terminus Humsafar SF Express,true,,21:30,15:00,,,sun
BDTS,BKN,train,1250,706.3,21903,Bandra Terminus - Bikaner AC SF Express (PT),true,,23:25,20:15,,,mon
BKN,BDTS,train,1305,706.3,21904,Bikaner - Bandra Terminus AC SF Express,true,,09:00,06:45,,,wed
MMCT,KGM,train,1615,899.7,21907,Mumbai Central - Kathgodam SF Express (PT),true,,10:55,13:50,05-27,,wed
KGM,MMCT,train,1650,899.7,21908,Kathgodam - Mumbai Central SF Express (PT),true,,17:30,21:00,05-28,,tue
CHZ,GKP,train,1960,919.3,22075,Charlapalli - Gorakhpur Amrit Bharat Express,true,,21:45,06:25,10-02,,fri
GKP,CHZ,train,1950,919.3,22076,Gorakhpur - Charlapalli Amrit Bharat Express,true,,08:30,17:00,10-04,,sun
LTT,MDU,train,1755,956.4,22101,Mumbai LTT - Madurai Weekly SF Express (PT),true,,13:15,18:30,,,wed
MDU,LTT,train,1710,956.4,22102,Madurai - Mumbai LTT Weekly SF Express (PT),true,,16:00,20:30,,,fri
LTT,AYC,train,1675,903.9,22103,Mumbai LTT - Ayodhya Cantt. SF Express (PT),true,,13:35,17:30,,,mon
AYC,LTT,train,1715,903.9,22104,Ayodhya Cantt. - Mumbai LTT SF Express,true,,23:10,03:45,,,tue
CSMT,PUNE,train,205,174.8,22105,Indrayani SF Express,true,,05:40,09:05,,,"sun,mon,tue,wed,thu,fri,sat"
PUNE,CSMT,train,205,174.8,22106,Indrayani SF Express,true,,18:35,22:00,,,"sun,mon,tue,wed,thu,fri,sat"
CSMT,LUR,train,570,349.6,22107,Mumbai CSMT - Latur SF Express (PT),true,,21:00,06:30,,,"sun,mon,tue,thu"
LUR,CSMT,train,570,349.6,22108,Latur - Mumbai CSMT SF Express (PT),true,,22:30,08:00,,,"mon,tue,wed,fri"
LTT,BPQ,train,865,527.4,22109,Mumbai LTT - Balharshah SF Express,true,,21:45,12:10,,,tue
BPQ,LTT,train,950,527.4,22110,Balharshah - Mumbai LTT SF Express,true,,13:40,05:30,,,wed
LTT,AYC,train,1580,770.0,22111,Mumbai LTT - Ayodhya Cantt. Amrit Bharat Express,true,,07:55,10:15,05-05,,tue
AYC,LTT,train,1555,770.0,22112,Ayodhya Cantt. - Mumbai LTT Amrit Bharat Express,true,,13:50,15:45,,,wed
LTT,TVCN,train,1800,856.6,22113,Mumbai LTT - Thiruvananthapuram North (Kochuveli) SF Express (PT),true,,16:45,22:45,,,"tue,sat"
TVCN,LTT,train,1865,856.6,22114,Thiruvananthapuram North (Kochuveli) - Mumbai LTT SF Express (PT),true,,00:55,08:00,,,"mon,tue"
LTT,KRMI,train,710,353.2,22115,Mumbai LTT - Karmali AC SF Express,true,,00:50,12:40,,,tue
KRMI,LTT,train,630,353.2,22116,Karmali - Mumbai LTT AC SF Express,true,,13:40,00:10,,,tue
PUNE,AMI,train,780,449.4,22117,Pune - Amravati AC SF Express,true,,22:00,11:00,,,wed
AMI,PUNE,train,745,449.4,22118,Amravati - Pune AC SF Express,true,,18:50,07:15,,,tue
CSMT,MAO,train,690,328.9,22119,Mumbai CSMT - Madgaon Tejas Express,true,,05:50,17:20,,,"tue,thu,sat"
MAO,CSMT,train,700,328.9,22120,Madgaon - Mumbai CSMT Tejas Express,true,,12:50,00:30,,,"sun,wed,fri"
LTT,LKO,train,1425,806.6,22121,Mumbai LTT - Lucknow AC SF Express,true,,13:35,13:20,,,sun
LKO,LTT,train,1470,806.6,22122,Lucknow - Mumbai LTT AC SF Express,true,,16:00,16:30,,,sun
PUNE,AJNI,train,815,533.6,22123,Pune - Ajni (Nagpur) AC SF Express,true,,15:15,04:50,,,fri
AJNI,PUNE,train,935,533.6,22124,Ajni (Nagpur) - Pune AC SF Express,true,,19:50,11:25,,,tue
NGP,ASR,train,1510,876.3,22125,Nagpur - Amritsar AC SF Express,true,,17:50,19:00,,,sun
ASR,NGP,train,1425,876.3,22126,Amritsar - Nagpur AC SF Express,true,,04:00,03:45,,,mon
LTT,AYC,train,1815,939.8,22129,Tulsi SF Express (PT),true,,06:00,12:15,,,"sun,tue"
AYC,LTT,train,1800,939.8,22130,Tulsi SF Express,true,,14:50,20:50,,,"mon,wed"
PUNE,BNRS,train,1665,871.1,22131,Gyan Ganga SF Express (PT),true,,16:15,20:00,,,mon
BNRS,PUNE,train,1610,871.1,22132,Gyan Ganga SF Express (PT),true,,04:25,07:15,,,wed
MYS,RU,train,530,330.8,22135,Mysuru - Renigunta SF Express,true,,23:10,08:00,,,fri
RU,MYS,train,515,330.8,22136,Renigunta - Mysuru SF Express,true,,17:15,01:50,,,sun
NGP,ADI,train,990,572.6,22137,Prerna Express (PT),true,,08:15,00:45,,,"sun,wed,sat"
ADI,NGP,train,955,572.6,22138,Prerna Express (PT),true,,18:30,10:25,,,"sun,mon,tue"
PUNE,AJNI,train,890,473.4,22139,Pune - Ajni Humsafar Express,true,,22:00,12:50,,,sun
AJNI,PUNE,train,935,473.4,22140,Ajni - Pune Humsafar Express,true,,19:50,11:25,,,sun
PUNE,NGP,train,905,474.8,22141,Pune - Nagpur Humsafar Express,true,,22:00,13:05,,,tue
NGP,PUNE,train,910,474.8,22142,Nagpur - Pune Humsafar Express,true,,15:15,06:25,,,fri
CSMT,BIDR,train,740,425.5,22143,Mumbai CSMT - Bidar SF Express (PT),true,,21:00,09:20,,,"wed,fri,sat"
BIDR,CSMT,train,740,425.5,22144,Bidar - Mumbai CSMT SF Express (PT),true,,19:40,08:00,,,"sun,tue,sat"
BPL,REWA,train,615,374.0,22145,Bhopal - Rewa SF Express,true,,23:00,09:15,,,"sun,fri"
REWA,BPL,train,595,374.0,22146,Rewa - Bhopal SF Express,true,,22:20,08:15,,,"mon,sat"
DR,SNSI,train,360,248.7,22147,Dadar Central - Sainagar Shirdi SF Express (via Manmad),true,,21:45,03:45,,,fri
SNSI,DR,train,365,248.7,22148,Sainagar Shirdi - Dadar Central SF Express (via Manmad),true,,07:20,13:25,,,sun
ERS,PUNE,train,1655,783.8,22149,Ernakulam Jn. - Pune SF Express (PT),true,,02:15,05:50,,,"tue,fri"
PUNE,ERS,train,1630,783.8,22150,Pune - Ernakulam Jn. SF Express (PT),true,,18:45,21:55,,,"sun,wed"
PUNE,KZJ,train,1280,685.5,22151,Pune - Kazipet Weekly SF Express (PT),true,,22:00,19:20,,,fri
KZJ,PUNE,train,1285,685.5,22152,Kazipet - Pune Weekly SF Express (PT),true,,13:25,10:50,,,sun
MS,SA,train,380,258.0,22153,Chennai Egmore - Salem SF Express (PT),true,,23:55,06:15,,,"sun,mon,tue,wed,thu,fri,sat"
SA,MS,train,380,258.0,22154,Salem - Chennai Egmore SF Express (PT),true,,21:30,03:50,,,"sun,mon,tue,wed,thu,fri,sat"
KLBG,KOP,train,455,297.6,22155,Kalaburagi - SCSMT Kolhapur SF Express,true,,06:40,14:15,,,"sun,mon,tue,wed,thu,fri,sat"
KOP,KLBG,train,460,297.6,22156,SCSMT Kolhapur - Kalaburagi SF Express,true,,15:05,22:45,,,"sun,mon,tue,wed,thu,fri,sat"
CSMT,MS,train,1403,743.7,22157,Mumbai CSMT - Chennai Egmore SF Mail (PT),true,,22:52,22:15,,,"sun,mon,tue,wed,thu,fri,sat"
MS,CSMT,train,1395,743.7,22158,Chennai Egmore - Mumbai CSMT SF Mail (PT),true,,06:35,05:50,,,"sun,mon,tue,wed,thu,fri,sat"
CSMT,MAS,train,1320,740.6,22159,Mumbai CSMT - MGR Chennai Central SF Express (PT),true,,12:45,10:45,,,"sun,mon,tue,wed,thu,fri,sat"
MAS,CSMT,train,1395,740.6,22160,MGR Chennai Central - Mumbai CSMT SF Express (PT),true,,13:15,12:30,,,"sun,mon,tue,wed,thu,fri,sat"
BPL,DMO,train,310,225.8,22161,Bhopal - Damoh Rajya Rani SF Express,true,,17:50,23:00,,,"sun,mon,tue,wed,thu,fri,sat"
DMO,BPL,train,315,225.8,22162,Damoh - Bhopal Rajya Rani SF Express,true,,05:30,10:45,,,"sun,mon,tue,wed,thu,fri,sat"
BPL,KURJ,train,385,265.8,22163,Bhopal - Khajuraho Mahamana SF Express,true,,06:30,12:55,,,"sun,mon,tue,wed,thu,fri,sat"
KURJ,BPL,train,395,265.8,22164,Khajuraho - Bhopal Mahamana SF Express,true,,16:30,23:05,,,"sun,mon,tue,wed,thu,fri,sat"
BPL,SGRL,train,720,418.2,22165,Bhopal - Singrauli Urjadhani Express,true,,20:55,08:55,,,"tue,wed,sat"
SGRL,BPL,train,720,418.2,22166,Singrauli - Bhopal Urjadhani Express,true,,19:00,07:00,,,"tue,thu,fri"
SGRL,NZM,train,1090,633.0,22167,Singrauli - Hazrat Nizamuddin Urjadhani Express (PT),true,,10:30,04:40,,,"sun,wed"
NZM,SGRL,train,1085,633.0,22168,Hazrat Nizamuddin - Singrauli Urjadhani Express,true,,23:00,17:05,,,"mon,tue"
RKMP,SRC,train,1535,738.3,22169,Rani Kamalapati - Santragachi Humsafar Express,true,,14:25,16:00,,,wed
SRC,RKMP,train,1430,738.3,22170,Santragachi - Rani Kamalapati Humsafar Express,true,,20:15,20:05,,,tue
PUNE,RKMP,train,815,474.8,22171,Pune - Rani Kamalapati Humsafar Express,true,,15:15,04:50,,,sun
RKMP,PUNE,train,885,474.8,22172,Rani Kamalapati - Pune Humsafar Express,true,,15:40,06:25,,,sun
CAF,JBP,train,520,322.0,22173,Chanda Fort - Jabalpur SF Intercity Express,true,,15:10,23:50,,,"tue,thu,fri"
JBP,CAF,train,510,322.0,22174,Jabalpur - Chanda Fort SF Intercity Express,true,,05:15,13:45,,,"tue,thu,fri"
NGP,JP,train,1445,767.1,22175,Nagpur - Jaipur Weekly SF Express,true,,10:35,10:40,,,tue
JP,NGP,train,1390,767.1,22176,Jaipur - Nagpur Weekly SF Express,true,,17:40,16:50,,,fri
CSMT,BNRS,train,1650,861.8,22177,Mahanagari SF Express (PT),true,,00:15,03:45,,,"sun,mon,tue,wed,thu,fri,sat"
BNRS,CSMT,train,1565,860.7,22178,Mahanagari SF Express,true,,09:35,11:40,,,"sun,mon,tue,wed,thu,fri,sat"
LTT,MAS,train,1300,730.7,22179,Mumbai LTT - MGR Chennai Central Weekly SF Express (PT),true,,13:15,10:55,,,mon
MAS,LTT,train,1360,730.7,22180,MGR Chennai Central - Mumbai LTT Weekly SF Express (PT),true,,15:50,14:30,,,tue
JBP,NZM,train,775,545.1,22181,Jabalpur - Hazrat Nizamuddin Gondwana SF Express (PT),true,,15:15,04:10,,,"sun,mon,tue,wed,thu,fri,sat"
NZM,JBP,train,820,545.1,22182,Hazrat Nizamuddin - Jabalpur Gondwana SF Express,true,,17:45,07:25,,,"sun,mon,tue,wed,thu,fri,sat"
LTT,AYC,train,1560,855.0,22183,Saket SF Express (PT),true,,06:00,08:00,,,"wed,sat"
AYC,LTT,train,1565,855.0,22184,Saket SF Express,true,,14:00,16:05,,,"sun,tue"
ADI,PUNE,train,675,400.0,22185,Ahimsa SF Express (PT),true,,20:15,07:30,,,tue
PUNE,ADI,train,685,402.1,22186,Ahimsa SF Express (PT),true,,20:10,07:35,,,wed
RKMP,ADTL,train,345,250.8,22187,Rani Kamalapati - Adhartal Intercity SF Express,true,,05:15,11:00,,,"sun,mon,tue,wed,thu,fri,sat"
ADTL,RKMP,train,368,250.8,22188,Adhartal - Rani Kamalapati Intercity SF Express,true,,16:15,22:23,,,"sun,mon,tue,wed,thu,fri,sat"
MML,REWA,train,262,200.8,22189,Madan Mahal - Rewa InterCity Express,true,,17:00,21:22,,,"sun,mon,tue,wed,thu,fri,sat"
REWA,MML,train,262,200.8,22190,Rewa - Madan Mahal InterCity Express,true,,05:45,10:07,,,"sun,mon,tue,wed,thu,fri,sat"
INDB,JBP,train,600,363.1,22191,Indore - Jabalpur SF Express,true,,19:35,05:35,,,"sun,mon,tue,wed,thu,fri,sat"
JBP,INDB,train,608,363.1,22192,Jabalpur - Indore SF Express (PT),true,,23:30,09:38,,,"sun,mon,tue,wed,thu,fri,sat"
DD,GWL,train,1545,826.4,22193,Daund - Gwalior Weekly SF Express (PT),true,,23:10,00:55,,,sun
GWL,DD,train,1555,826.4,22194,Gwalior - Daund Weekly SF Express (PT),true,,17:15,19:10,,,sun
VGLJ,BDTS,train,1400,760.9,22195,Virangana Lakshmibai Jhansi - Bandra Terminus SF Express (PT),true,,16:50,16:10,,,"sun,mon"
BDTS,VGLJ,train,1430,760.9,22196,Bandra Terminus - Virangana Lakshmibai Jhansi SF Express (PT),true,,05:10,05:00,,,"tue,wed"
KOAA,VGLJ,train,1435,763.5,22197,Pratham Swatantrata Sangram Express (PT),true,,07:25,07:20,,,sun
VGLJ,KOAA,train,1395,763.5,22198,Pratham Swatantrata Sangram Express (PT),true,,21:20,20:35,,,fri
GWL,BLP,train,965,570.6,22199,Sushasan Express,true,,14:45,06:50,,,wed
BLP,GWL,train,1020,570.6,22200,Sushasan Express,true,,12:10,05:10,,,tue
SDAH,PURI,train,490,762.8,22201,Sealdah - Puri Duronto Express,true,,20:00,04:10,,,"mon,wed,fri"
PURI,SDAH,train,530,761.6,22202,Puri - Sealdah Duronto Express,true,,19:25,04:15,,,"tue,thu,sat"
VSKP,SC,train,655,935.6,22203,Visakhapatnam - Secunderabad AC Duronto Express,true,,19:40,06:35,,,"sun,tue,thu"
SC,VSKP,train,615,935.6,22204,Secunderabad - Visakhapatnam AC Duronto Express,true,,20:15,06:30,,,"mon,wed,sat"
MAS,TVC,train,900,1227.2,22207,MGR Chennai Central - Thiruvananthapuram Central SUPER AC Express,true,,16:00,07:00,,,"tue,fri"
TVC,MAS,train,910,1227.2,22208,Thiruvananthapuram Central - MGR Chennai Central SUPER AC Express,true,,19:15,10:25,,,"sun,wed"
MMCT,NZM,train,1000,1793.6,22209,Mumbai Central - Hazrat Nizamuddin Duronto Express,true,,23:10,15:50,,,"mon,fri"
NZM,MMCT,train,1055,1793.6,22210,Hazrat Nizamuddin - Mumbai Central Duronto Express,true,,22:15,15:50,,,"tue,sat"
SHM,PNBE,train,505,783.2,22213,Shalimar - Patna Duronto Express,true,,21:50,06:15,,,"mon,wed,fri"
PNBE,SHM,train,540,783.2,22214,Patna - Shalimar Duronto Express,true,,20:45,05:45,,,"tue,thu,sat"
CSMT,NZM,train,1075,1984.4,22221,Mumbai CSMT - Hazrat Nizamuddin Rajdhani Express,true,,16:00,09:55,,,"sun,mon,tue,wed,thu,fri,sat"
NZM,CSMT,train,1100,1984.4,22222,Hazrat Nizamuddin - Mumbai CSMT Rajdhani Express,true,,16:55,11:15,,,"sun,mon,tue,wed,thu,fri,sat"
CSMT,SNSI,train,310,623.0,22223,Mumbai CSMT - Sainagar Shirdi Vande Bharat Express,true,,06:20,11:30,,,"sun,mon,wed,thu,fri,sat"
SNSI,CSMT,train,305,623.0,22224,Sainagar Shirdi - Mumbai CSMT Vande Bharat Express,true,,17:45,22:50,,,"sun,mon,wed,thu,fri,sat"
CSMT,SUR,train,395,772.9,22225,Mumbai CSMT - Solapur Vande Bharat Express,true,,16:05,22:40,,,"sun,mon,tue,thu,fri,sat"
SUR,CSMT,train,390,772.9,22226,Solapur - Mumbai CSMT Vande Bharat Express,true,,06:05,12:35,,,"sun,mon,tue,wed,fri,sat"
NJP,GHY,train,330,709.5,22227,New Jalpaiguri - Guwahati Vande Bharat Express,true,,06:10,11:40,,,"sun,mon,wed,thu,fri,sat"
GHY,NJP,train,330,709.5,22228,Guwahati - New Jalpaiguri Vande Bharat Express,true,,16:30,22:00,,,"sun,mon,wed,thu,fri,sat"
CSMT,MAO,train,635,944.4,22229,Mumbai CSMT - Madgaon Vande Bharat Express,true,,05:25,16:00,,,"mon,wed,fri"
MAO,CSMT,train,610,944.4,22230,Madgaon - Mumbai CSMT Vande Bharat Express,true,,12:20,22:30,,,"tue,thu,sat"
KLBG,SMVB,train,480,916.0,22231,Kalaburagi - SMVT Bengaluru Vande Bharat Express,true,,06:10,14:10,,,"sun,mon,tue,wed,thu,sat"
SMVB,KLBG,train,480,916.0,22232,SMVT Bengaluru - Kalaburagi Vande Bharat Express,true,,14:40,22:40,,,"sun,mon,tue,wed,fri,sat"
NJP,PNBE,train,420,798.6,22233,New Jalpaiguri - Patna Vande Bharat Express,true,,05:10,12:10,,,"sun,mon,wed,thu,fri,sat"
PNBE,NJP,train,425,798.6,22234,Patna - New Jalpaiguri Vande Bharat Express,true,,13:00,20:05,,,"sun,mon,wed,thu,fri,sat"
HWH,NJP,train,455,924.1,22301,Howrah - New Jalpaiguri Vande Bharat Express,true,,05:55,13:30,,,"sun,mon,tue,thu,fri,sat"
NJP,HWH,train,455,924.1,22302,New Jalpaiguri - Howrah Vande Bharat Express,true,,14:55,22:30,,,"sun,mon,tue,thu,fri,sat"
HWH,GAYA,train,345,778.3,22303,Howrah - Gaya Vande Bharat Express,true,,06:45,12:30,,,"sun,mon,tue,wed,fri,sat"
GAYA,HWH,train,355,778.3,22304,Gaya - Howrah Vande Bharat Express,true,,15:15,21:10,,,"sun,mon,tue,wed,fri,sat"
SMVB,JSME,train,2315,1274.1,22305,SMVT Bengaluru - Jasidih Weekly SF Express (PT),true,,10:15,00:50,,,sun
JSME,SMVB,train,2220,1274.6,22306,Jasidih - SMVT Bengaluru Weekly SF Express (PT),true,,07:10,20:10,,,fri
HWH,BKN,train,2850,1053.6,22307,Howrah - Bikaner SF Express (PT),true,,06:45,06:15,,,"mon,tue,fri"
BKN,HWH,train,1825,1054.2,22308,Bikaner - Howrah SF Express (PT),true,,22:30,04:55,,,"sun,wed,sat"
HWH,JMP,train,390,754.0,22309,Howrah - Jamalpur Vande Bharat Express,true,,07:45,14:15,,,"sun,mon,tue,wed,thu,sat"
JMP,HWH,train,395,754.0,22310,Jamalpur - Howrah Vande Bharat Express,true,,15:30,22:05,,,"sun,mon,tue,wed,thu,sat"
GODA,LTT,train,2180,1123.8,22311,Godda - Mumbai LTT SF Express,true,,05:30,17:50,,,sun
LTT,GODA,train,2190,1123.8,22312,Mumbai LTT - Godda SF Express,true,,08:05,20:35,,,tue
SDAH,JAT,train,2055,985.0,22317,Sealdah - Jammu Tawi Humsafar Express,true,,13:10,23:25,,,mon
JAT,SDAH,train,2050,985.0,22318,Jammu Tawi - Sealdah Humsafar Express,true,,07:20,17:30,,,wed
HWH,SURI,train,260,200.8,22321,Hool Express,true,,06:55,11:15,,,"sun,mon,tue,wed,thu,fri,sat"
SURI,HWH,train,260,200.8,22322,Hool Express,true,,13:40,18:00,,,"sun,mon,tue,wed,thu,fri,sat"
KOAA,GCT,train,905,512.3,22323,Shabd Bhedi Express (PT),true,,22:45,13:50,,,tue
GCT,KOAA,train,885,512.3,22324,Shabd Bhedi Express,true,,22:20,13:05,,,fri
HLZ,ASN,train,350,243.5,22329,Haldia - Asansol SF Express,true,,14:30,20:20,,,"mon,tue,wed,thu,fri,sat"
ASN,HLZ,train,355,243.5,22330,Asansol - Haldia SF Express,true,,05:40,11:35,,,"mon,tue,wed,thu,fri,sat"
PNBE,GTNR,train,510,895.8,22345,Patna - Gomti Nagar Vande Bharat Express,true,,06:05,14:35,,,"sun,mon,tue,wed,thu,sat"
GTNR,PNBE,train,505,895.8,22346,Gomti Nagar - Patna Vande Bharat Express,true,,15:20,23:45,,,"sun,mon,tue,wed,thu,sat"
HWH,PNBE,train,410,878.2,22347,Howrah - Patna Vande Bharat Express,true,,15:50,22:40,,,"sun,mon,tue,thu,fri,sat"
PNBE,HWH,train,395,878.2,22348,Patna - Howrah Vande Bharat Express,true,,08:00,14:35,,,"sun,mon,tue,thu,fri,sat"
PNBE,RNC,train,365,671.7,22349,Patna - Ranchi Vande Bharat Express,true,,07:00,13:05,,,"sun,mon,wed,thu,fri,sat"
RNC,PNBE,train,355,671.7,22350,Ranchi - Patna Vande Bharat Express,true,,16:15,22:10,,,"sun,mon,wed,thu,fri,sat"
SHC,SMVB,train,3060,1584.0,22351,Saharsa - SMVT Bengaluru SF Express (PT),true,,13:35,16:35,,,fri
SMVB,SHC,train,3090,1584.0,22352,SMVT Bengaluru - Saharsa SF Express,true,,13:50,17:20,,,mon
PNBE,SMVB,train,2655,1341.7,22353,Patna - SMVT Bengaluru Humsafar Express,true,,20:20,16:35,,,tue
SMVB,PNBE,train,2675,1341.7,22354,SMVT Bengaluru - Patna Humsafar Express,true,,13:50,10:25,,,sun
PPTA,CDG,train,1245,674.6,22355,Patliputra - Chandigarh SF Express (PT),true,,20:40,17:25,,,"sun,wed"
CDG,PPTA,train,1290,674.6,22356,Chandigarh - Patliputra SF Express,true,,21:30,19:00,,,"mon,tue"
LTT,GAYA,train,1965,1109.8,22357,Mumbai LTT - Gaya SF Express,true,,13:15,22:00,,,fri
GAYA,LTT,train,2085,1109.8,22358,Gaya - Mumbai LTT SF Express (PT),true,,19:05,05:50,,,wed
PNBE,CSMT,train,1550,962.1,22359,Patna - Mumbai CSMT Superfast Express (PT),true,,13:00,14:50,,,"sun,wed"
CSMT,PNBE,train,1595,963.2,22360,Mumbai CSMT - Patna Superfast Express (PT),true,,11:05,13:40,,,"tue,fri"
RJPB,NDLS,train,1040,529.5,22361,Rajendra Nagar Terminal - New Delhi Amrit Bharat Express (PT),true,,19:50,13:10,,,"sun,mon,tue,wed,thu,fri,sat"
NDLS,RJPB,train,995,529.5,22362,New Delhi - Rajendra Nagar Terminal Amrit Bharat Express,true,,19:10,11:45,,,"sun,mon,tue,wed,thu,fri,sat"
DHN,CBE,train,3020,1478.5,22363,Dhanbad - Coimbatore Amrit Bharat Express,true,,16:10,18:30,,,sun
CBE,DHN,train,3190,1478.5,22364,Coimbatore - Dhanbad Amrit Bharat Express,true,,07:50,13:00,,,tue
DNR,SMVB,train,2865,1469.1,22365,Danapur - SMVT Bengaluru SF Express,true,,14:45,14:30,09-01,,"sun,mon,tue,wed,thu,fri,sat"
SMVB,DNR,train,2905,1469.1,22366,SMVT Bengaluru - Danapur SF Express,true,,23:50,00:15,09-03,,"sun,mon,tue,wed,thu,fri,sat"
HWH,DHN,train,303,215.9,22387,Black Diamond Express,true,,06:15,11:18,,,"sun,mon,tue,wed,thu,fri,sat"
DHN,HWH,train,310,215.9,22388,Black Diamond Express (PT),true,,16:20,21:30,,,"sun,mon,tue,wed,thu,fri,sat"
DEE,MCTM,train,610,402.1,22401,Delhi Sarai Rohilla - MCTM Udhampur AC SF Express,true,,22:30,08:40,,,"mon,wed,sat"
MCTM,DEE,train,585,402.1,22402,MCTM Udhampur - Delhi Sarai Rohilla AC SF Express,true,,18:10,03:55,,,"sun,tue,thu"
PDY,NDLS,train,2305,1314.2,22403,Puducherry - New Delhi SF Express,true,,09:55,00:20,,,wed
NDLS,PDY,train,2300,1314.2,22404,New Delhi - Puducherry SF Express,true,,23:15,13:35,,,sun
BGP,ANVT,train,1145,629.8,22405,Bhagalpur - Anand Vihar Terminal Garib Rath Express (PT),true,,13:55,09:00,,,"tue,thu,sat"
ANVT,BGP,train,1060,629.8,22406,Anand Vihar Terminal - Bhagalpur Garib Rath Express,true,,17:20,11:00,,,"mon,wed,fri"
ABKP,NZM,train,1255,674.6,22407,Ambikapur - Hazrat Nizamuddin SF Express (PT),true,,07:30,04:25,,,tue
NZM,ABKP,train,1190,674.6,22408,Hazrat Nizamuddin - Ambikapur SF Express,true,,23:00,18:50,,,tue
GAYA,ANVT,train,795,520.4,22409,Gaya - Anand Vihar Terminal Garib Rath Express (PT),true,,19:35,08:50,,,sun
ANVT,GAYA,train,805,520.4,22410,Anand Vihar Terminal - Gaya Garib Rath Express,true,,20:20,09:45,,,sun
NHLN,ANVT,train,2250,1170.1,22411,Arunachal AC SF Express (PT),true,,22:00,11:30,,,"tue,sat"
ANVT,NHLN,train,2205,1170.1,22412,Arunachal AC SF Express,true,,16:45,05:30,,,"sun,tue"
MAO,NZM,train,1710,2433.2,22413,Madgaon - Hazrat Nizamuddin Rajdhani Express,true,,08:00,12:30,,,"sun,mon"
NZM,MAO,train,1579,2433.2,22414,Hazrat Nizamuddin - Madgaon Rajdhani Express,true,,06:16,08:35,,,"fri,sat"
BSB,NDLS,train,485,1184.7,22415,Varanasi - New Delhi Vande Bharat Express,true,,06:00,14:05,,,"sun,mon,wed,thu,fri,sat"
NDLS,BSB,train,485,1184.7,22416,New Delhi - Varanasi Vande Bharat Express,true,,15:00,23:05,,,"sun,mon,wed,thu,fri,sat"
BSB,NDLS,train,790,477.5,22417,Varanasi - New Delhi Mahamana Express,true,,18:55,08:05,,,"tue,thu,sat"
NDLS,BSB,train,825,477.5,22418,New Delhi - Varanasi Mahamana Express,true,,18:40,08:25,,,"mon,wed,fri"
GCT,ANVT,train,875,498.3,22419,Suhaildev SF Express (Via Lucknow) (PT),true,,17:20,07:55,,,"sun,mon,wed,fri"
ANVT,GCT,train,880,498.3,22420,Suhaildev SF Express (via Lucknow),true,,18:50,09:30,,,"sun,tue,thu,sat"
DEE,JU,train,645,396.9,22421,Salasar SF Express,true,,07:05,17:50,,,"sun,mon,tue,wed,thu,fri,sat"
JU,DEE,train,675,396.9,22422,Salasar SF Express,true,,11:10,22:25,,,"sun,mon,tue,wed,thu,fri,sat"
GKP,ASR,train,1180,639.7,22423,Gorakhpur - Amritsar Jansadharan SF Express (UnReserved),true,,10:50,06:30,,,mon
ASR,GKP,train,1145,639.7,22424,Amritsar - Gorakhpur Jansadharan SF Express (UnReserved),true,,12:45,07:50,,,sun
AYC,ANVT,train,495,1007.8,22425,Ayodhya Cantt. - Anand Vihar Terminal Vande Bharat Express,true,,15:25,23:40,,,"sun,mon,tue,thu,fri,sat"
ANVT,AYC,train,500,1007.8,22426,Anand Vihar Terminal - Ayodhya Cantt. Vande Bharat Express,true,,06:10,14:30,,,"sun,mon,tue,thu,fri,sat"
BUI,ANVT,train,865,534.2,22427,Bhrigu Superfast Express,true,,22:10,12:35,,,sun
ANVT,BUI,train,850,534.2,22428,Bhrigu Superfast Express,true,,23:55,14:05,,,sun
DLI,PTK,train,603,363.1,22429,Delhi - Pathankot SF Express,true,,08:15,18:18,,,"sun,mon,tue,wed,fri,sat"
PTK,DLI,train,595,363.1,22430,Pathankot - Delhi SF Express,true,,07:00,16:55,,,"sun,mon,tue,wed,thu,sat"
SFG,MCTM,train,1235,731.8,22431,Subedarganj - MCTM Udhampur SF Express (PT),true,,16:10,12:45,,,"tue,sat"
MCTM,SFG,train,1250,731.8,22432,MCTM Udhampur - Subedarganj SF Express,true,,16:05,12:55,,,"sun,wed"
GCT,ANVT,train,880,508.7,22433,Suhaildev SF Express (via Prayagraj),true,,15:00,05:40,,,"tue,sat"
ANVT,GCT,train,790,508.7,22434,Suhaildev SF Express (via Prayagraj),true,,20:20,09:30,,,"mon,fri"
BSB,NDLS,train,480,1184.7,22435,Varanasi - New Delhi Vande Bharat Express,true,,15:00,23:00,,,"sun,mon,tue,wed,fri,sat"
NDLS,BSB,train,480,1184.7,22436,New Delhi - Varanasi Vande Bharat Express,true,,06:00,14:00,,,"sun,mon,tue,wed,fri,sat"
PRYJ,ANVT,train,460,348.6,22437,Prayagraj - Anand Vihar Terminal Humsafar Express,true,,22:30,06:10,,,"mon,wed,sat"
ANVT,PRYJ,train,465,348.6,22438,Anand Vihar Terminal - Prayagraj Humsafar Express,true,,22:35,06:20,,,"sun,tue,thu"
NDLS,SVDK,train,500,1044.2,22439,New Delhi - Shri Mata Vaishno Devi Katra Vande Bharat Express,true,,06:00,14:20,,,"sun,mon,tue,thu,fri,sat"
SVDK,NDLS,train,495,1044.2,22440,Shri Mata Vaishno Devi Katra - New Delhi Vande Bharat Express,true,,14:55,23:10,,,"sun,mon,tue,thu,fri,sat"
CKTD,CNB,train,355,244.0,22441,Chitrakutdham Karwi - Kanpur Central InterCity Express (Via Prayagraj) (UnReserved),true,,15:55,21:50,,,"sun,mon,tue,wed,thu,fri,sat"
CNB,CKTD,train,355,244.0,22442,Kanpur Central - Chitrakutdham Karwi InterCity Express (Via Prayagraj) (UnReserved),true,,06:45,12:40,,,"sun,mon,tue,wed,thu,fri,sat"
CNB,BDTS,train,1625,913.2,22443,Kanpur Central - Bandra Terminus SF Express (PT),true,,17:50,20:55,,,wed
BDTS,CNB,train,1560,913.8,22444,Bandra Terminus - Kanpur Central SF Express (PT),true,,05:10,07:10,,,fri
CNB,ASR,train,945,542.0,22445,Kanpur Central - Amritsar SF Express (PT),true,,17:45,09:30,,,mon
ASR,CNB,train,965,542.0,22446,Amritsar - Kanpur Central SF Express,true,,12:45,04:50,,,tue
NDLS,AADR,train,320,716.2,22447,New Delhi - Amb Andaura Vande Bharat Express,true,,05:50,11:10,,,"sun,mon,wed,thu,fri,sat"
AADR,NDLS,train,325,716.2,22448,Amb Andaura - New Delhi Vande Bharat Express,true,,13:00,18:25,,,"sun,mon,wed,thu,fri,sat"
GHY,NDLS,train,1840,961.0,22449,Guwahati - New Delhi Poorvottar Sampark Kranti Express (PT),true,,06:10,12:50,,,"wed,sat"
NDLS,GHY,train,1935,961.0,22450,New Delhi - Guwahati Poorvottar Sampark Kranti Express,true,,23:45,08:00,,,"sun,wed"
BDTS,CDG,train,1575,900.8,22451,Bandra Terminus - Chandigarh SF Express (PT),true,,12:00,14:15,,,"mon,tue"
CDG,BDTS,train,1555,900.8,22452,Chandigarh - Bandra Terminus SF Express,true,,05:40,07:35,,,"sun,wed"
LJN,MTC,train,490,313.7,22453,Lucknow Jn - Meerut City Rajya Rani Express,true,,14:25,22:35,,,"sun,mon,tue,wed,thu,fri,sat"
MTC,LJN,train,480,313.7,22454,Meerut City - Lucknow Jn. Rajya Rani Express,true,,07:05,15:05,,,"sun,mon,tue,wed,thu,fri,sat"
SNSI,KLK,train,1570,926.2,22455,Sainagar Shirdi - Kalka SF Express (PT),true,,10:00,12:10,,,"tue,sat"
KLK,SNSI,train,1540,926.2,22456,Kalka - Sainagar Shirdi SF Express,true,,17:20,19:00,,,"sun,tue"
ANVT,DDN,train,285,567.7,22457,Anand Vihar Terminal - Dehradun Vande Bharat Express,true,,17:50,22:35,,,"sun,mon,tue,wed,fri,sat"
DDN,ANVT,train,285,567.7,22458,Dehradun - Anand Vihar Terminal Vande Bharat Express,true,,07:00,11:45,,,"sun,mon,tue,wed,fri,sat"
MDP,ANVT,train,1110,643.3,22459,Baba Baidyanath Dham Deoghar Humsafar Express,true,,12:00,06:30,,,tue
ANVT,MDP,train,1010,643.3,22460,Baba Baidyanath Dham Deoghar Humsafar Express,true,,12:40,05:30,,,mon
NDLS,SVDK,train,635,415.6,22461,Shri Shakti AC SF Express,true,,19:05,05:40,,,"sun,mon,tue,wed,thu,fri,sat"
SVDK,NDLS,train,625,415.6,22462,Shri Shakti AC SF Express (PT),true,,23:25,09:50,,,"sun,mon,tue,wed,thu,fri,sat"
DEE,BKN,train,650,377.4,22463,Delhi Sarai Rohilla - Bikaner Rajasthan Sampark Kranti Express,true,,21:25,08:15,,,"sun,fri"
BKN,DEE,train,700,377.4,22464,Bikaner - Delhi Sarai Rohilla Rajasthan Sampark Kranti Express,true,,18:10,05:50,,,"tue,sat"
MDP,ANVT,train,1110,717.7,22465,Baba Baidyanath Dham Deoghar SF Express (PT),true,,12:00,06:30,,,tue
ANVT,MDP,train,1010,717.7,22466,Baba Baidyanath Dham Deoghar SF Express,true,,12:40,05:30,,,wed
KURJ,NZM,train,500,1051.0,22469,Khajuraho - Hazrat Nizamuddin Vande Bharat Express,true,,14:50,23:10,,,"sun,tue,wed,thu,fri,sat"
NZM,KURJ,train,500,1051.0,22470,Hazrat Nizamuddin - Khajuraho Vande Bharat Express,true,,06:00,14:20,,,"sun,tue,wed,thu,fri,sat"
LGH,DEE,train,500,314.7,22471,Lalgarh - Delhi Sarai Rohilla Intercity SF Express,true,,09:00,17:20,,,"sun,mon,tue,wed,thu,fri,sat"
DEE,LGH,train,480,314.7,22472,Delhi Sarai Rohilla - Lalgarh Intercity SF Express,true,,08:40,16:40,,,"sun,mon,tue,wed,thu,fri,sat"
BKN,BDTS,train,1230,706.3,22473,Bikaner - Bandra Terminus SF Express (via Jodhpur),true,,15:30,12:00,,,mon
BDTS,BKN,train,1185,706.3,22474,Bandra Terminus - Bikaner SF Express (via Jodhpur) (PT),true,,14:40,10:25,,,tue
HSR,CBE,train,3080,1524.2,22475,Hisar - Coimbatore AC SF Express (PT),true,,13:50,17:10,,,wed
CBE,HSR,train,3035,1524.2,22476,Coimbatore - Hisar AC SF Express (PT),true,,13:30,16:05,,,sun
NDLS,SVDK,train,500,1044.2,22477,New Delhi - Shri Mata Vaishno Devi Katra Vande Bharat Express,true,,15:00,23:20,,,"sun,mon,tue,thu,fri,sat"
SVDK,NDLS,train,495,1044.2,22478,Shri Mata Vaishno Devi Katra - New Delhi Vande Bharat Express,true,,05:45,14:00,,,"sun,mon,tue,thu,fri,sat"
NDLS,LNK,train,470,302.8,22479,Sarbat Da Bhala Express,true,,07:00,14:50,,,"sun,tue,wed,thu,sat"
LNK,NDLS,train,475,302.8,22480,Sarbat Da Bhala Express,true,,15:35,23:30,,,"sun,tue,wed,thu,sat"
JU,DEE,train,650,396.9,22481,Jodhpur - Delhi Sarai Rohilla SF Express,true,,18:30,05:20,,,"sun,mon,tue,wed,thu,fri,sat"
DEE,JU,train,640,396.9,22482,Delhi Sarai Rohilla - Jodhpur SF Express,true,,23:00,09:40,,,"sun,mon,tue,wed,thu,fri,sat"
BGKT,GIMB,train,590,363.6,22483,Bhagat Ki Kothi - Gandhidham SF Express,true,,23:00,08:50,,,"sun,mon,tue,wed,thu,fri,sat"
GIMB,BGKT,train,585,363.6,22484,Gandhidham - Bhagat Ki Kothi SF Express,true,,21:30,07:15,,,"sun,mon,tue,wed,thu,fri,sat"
NDLS,FZR,train,470,310.0,22485,New Delhi - Firozpur Cantt. Intercity SF Express,true,,07:00,14:50,,,"mon,fri"
FZR,NDLS,train,475,310.0,22486,Firozpur Cantt. - New Delhi Intercity SF Express,true,,15:35,23:30,,,"mon,fri"
DLI,ASR,train,330,763.5,22487,Delhi - Amritsar Vande Bharat Express,true,,15:15,20:45,,,"sun,mon,tue,wed,thu,sat"
ASR,DLI,train,330,763.5,22488,Amritsar - Delhi Vande Bharat Express,true,,08:20,13:50,,,"sun,mon,tue,wed,thu,sat"
BSB,MTC,train,715,1217.1,22489,Varanasi - Meerut City Vande Bharat Express,true,,09:10,21:05,,,"sun,mon,wed,thu,fri,sat"
MTC,BSB,train,710,1217.1,22490,Meerut City - Varanasi Vande Bharat Express,true,,06:35,18:25,,,"sun,mon,wed,thu,fri,sat"
JU,DLI,train,615,396.4,22491,Mandore Superfast Express (PT),true,,20:30,06:45,,,"sun,mon,tue,wed,thu,fri,sat"
DLI,JU,train,610,396.4,22492,Mandore Superfast Express,true,,21:20,07:30,,,"sun,mon,tue,wed,thu,fri,sat"
SGNR,TPJ,train,3385,1541.8,22497,Shri Ganganagar - Tiruchchirappalli Humsafar Express,true,,13:45,22:10,,,mon
TPJ,SGNR,train,3335,1541.8,22498,Tiruchchirappalli - Shri Ganganagar Humsafar Express,true,,04:45,12:20,,,fri
DGHR,BSB,train,440,775.6,22499,Deoghar - Varanasi Vande Bharat Express,true,,15:10,22:30,,,"sun,mon,wed,thu,fri,sat"
BSB,DGHR,train,440,775.6,22500,Varanasi - Deoghar Vande Bharat Express,true,,06:20,13:40,,,"sun,mon,wed,thu,fri,sat"
SMVB,NTSK,train,3655,1917.4,22501,SMVT Bengaluru - New Tinsukia SF Express (PT),true,,03:30,16:25,,,tue
NTSK,SMVB,train,3855,1917.4,22502,New Tinsukia - SMVT Bengaluru SF Express (PT),true,,17:30,09:45,,,fri
CAPE,DBRG,train,4535,2235.1,22503,Kanniyakumari - Dibrugarh Vivek SF Express (PT),true,,17:25,21:00,,,"sun,mon,tue,wed,thu,fri,sat"
DBRG,CAPE,train,4485,2235.6,22504,Dibrugarh - Kanniyakumari Vivek SF Express (PT),true,,19:00,21:45,,,"sun,mon,tue,wed,thu,fri,sat"
LTT,KYQ,train,3020,1610.0,22511,Mumbai LTT - Kamakhya Karmabhoomi Express (PT),true,,13:15,15:35,,,tue
KYQ,LTT,train,3090,1610.0,22512,Kamakhya - Mumbai LTT Karmabhoomi Express (PT),true,,18:00,21:30,,,sun
GKP,YPR,train,2652,1381.2,22533,Gorakhpur - Yesvantpur SF Express (PT),true,,06:33,02:45,,,mon
YPR,GKP,train,2595,1381.2,22534,Yesvantpur - Gorakhpur SF Express (PT),true,,23:40,18:55,,,wed
RMM,BNRS,train,2955,1525.3,22535,Rameswaram - Banaras Weekly SF Express (PT),true,,23:55,01:10,,,wed
BNRS,RMM,train,3030,1525.3,22536,Banaras - Rameswaram Weekly SF Express,true,,20:00,22:30,,,sun
GKP,LTT,train,1845,948.6,22537,Kushinagar SF Express (PT),true,,17:35,00:20,,,"sun,mon,tue,wed,thu,fri,sat"
LTT,GKP,train,1835,948.6,22538,Kushinagar SF Express (PT),true,,00:35,07:10,,,"sun,mon,tue,wed,thu,fri,sat"
MAU,ANVT,train,880,517.5,22539,Mau - Anand Vihar Terminal SF Express (Via Sultanpur),true,,20:50,11:30,,,"tue,fri"
ANVT,MAU,train,815,517.5,22540,Anand Vihar Terminal - Mau SF Express (Via Sultanpur),true,,16:45,06:20,,,"wed,sat"
BNRS,ANVT,train,850,424.9,22541,Banaras - Anand Vihar Terminal Garib Rath Express,true,,19:20,09:30,,,"sun,tue"
ANVT,BNRS,train,835,424.9,22542,Anand Vihar Terminal - Banaras Garib Rath Express,true,,18:15,08:10,,,"mon,fri"
BDTS,LKU,train,1580,920.0,22543,Bandra Terminus - Lal Kuan Weekly SF Express (PT),true,,11:00,13:20,,,tue
LKU,BDTS,train,1485,920.0,22544,Lal Kuan - Bandra Terminus Weekly SF Express,true,,07:45,08:30,,,mon
LJN,DDN,train,505,895.8,22545,Lucknow Jn. - Dehradun Vande Bharat Express,true,,05:15,13:40,,,"sun,tue,wed,thu,fri,sat"
DDN,LJN,train,495,895.8,22546,Dehradun - Lucknow Jn. Vande Bharat Express,true,,14:25,22:40,,,"sun,tue,wed,thu,fri,sat"
GWL,GG,train,950,587.2,22547,Gwalior - Gandhigram SF Express (PT),true,,20:10,12:00,,,"sun,wed,sat"
GG,GWL,train,1005,587.2,22548,Gandhigram - Gwalior SF Express (PT),true,,16:40,09:25,,,"tue,fri,sat"
GKP,PRYJ,train,450,831.0,22549,Gorakhpur - Prayagraj Vande Bharat Express,true,,06:05,13:35,,,"sun,mon,tue,wed,thu,fri"
PRYJ,GKP,train,445,831.0,22550,Prayagraj - Gorakhpur Vande Bharat Express,true,,15:15,22:40,,,"sun,mon,tue,wed,thu,fri"
DBG,JUC,train,1545,720.1,22551,Darbhanga - Jalandhar City Antyodaya Express,true,,03:25,05:10,,,sun
JUC,DBG,train,1575,720.1,22552,Jalandhar City - Darbhanga Antyodaya Express,true,,09:50,12:05,,,sun
RXL,LTT,train,2080,965.4,22553,Raxaul - Mumbai LTT Antyodaya SF Express (via Patliputra),true,,19:10,05:50,,,mon
LTT,RXL,train,1975,965.4,22554,Mumbai LTT - Raxaul Antyodaya SF Express (via Patliputra),true,,07:55,16:50,,,wed
JYG,UDN,train,2025,943.8,22563,Jaynagar - Udhna Antyodaya Express,true,,23:50,09:35,,,tue
UDN,JYG,train,2035,943.8,22564,Udhna - Jaynagar Antyodaya Express,true,,08:35,18:30,,,sun
BUI,NDLS,train,855,540.9,22581,Ballia - New Delhi Superfast Express (PT),true,,19:30,09:45,,,"tue,wed"
NDLS,BUI,train,885,540.9,22582,New Delhi - Ballia Superfast Express,true,,22:50,13:35,,,"mon,tue"
CPR,LTT,train,2175,1025.8,22583,Chhapra - Mumbai LTT Antyodaya SF Express,true,,17:35,05:50,,,tue
LTT,CPR,train,2210,1025.8,22584,Mumbai LTT - Chhapra Antyodaya SF Express,true,,16:35,05:25,,,tue
BNRS,GNC,train,1450,852.9,22585,Banaras - Gandhinagar Capital SF Express,true,,15:10,15:20,,,wed
GNC,BNRS,train,1455,852.9,22586,Gandhinagar Capital - Banaras SF Express (PT),true,,23:15,23:30,,,tue
SDAH,BNRS,train,710,420.6,22587,Sealdah - Banaras Amrit Bharat Express,true,,19:30,07:20,01-24,,"mon,wed,sat"
BNRS,SDAH,train,705,420.6,22588,Banaras - Sealdah Amrit Bharat Express,true,,22:10,09:55,01-23,,"sun,tue,fri"
BNRS,HDP,train,1795,870.8,22589,Banaras - Hadapsar Amrit Bharat Express,true,,18:15,00:10,,,"sun,mon,tue,wed,thu,fri,sat"
HDP,BNRS,train,1840,870.8,22590,Hadapsar - Banaras Amrit Bharat Express,true,,07:50,14:30,,,"sun,mon,tue,wed,thu,fri,sat"
MAS,SNSI,train,1465,796.8,22601,MGR Chennai Central - Sainagar Shirdi SF Express (PT),true,,10:25,10:50,,,wed
SNSI,MAS,train,1470,796.8,22602,Sainagar Shirdi - MGR Chennai Central SF Express,true,,08:55,09:25,,,fri
KGP,VM,train,1745,1027.6,22603,Kharagpur - Villupuram SF Express (PT),true,,14:00,19:05,,,tue
VM,KGP,train,1890,1027.6,22604,Villupuram - Kharagpur SF Express (PT),true,,11:05,18:35,,,tue
PRR,TEN,train,2515,1393.7,22605,Purulia - Tirunelveli SF Express (PT),true,,10:00,03:55,,,"mon,fri"
TEN,PRR,train,2640,1393.7,22606,Tirunelveli - Purulia SF Express (PT),true,,03:15,23:15,,,"wed,sat"
MAQ,CBE,train,440,286.6,22609,Mangaluru Central - Coimbatore Intercity SF Express,true,,11:05,18:25,,,"sun,mon,tue,wed,thu,fri,sat"
CBE,MAQ,train,435,286.6,22610,Coimbatore - Mangaluru Central Intercity SF Express,true,,06:00,13:15,,,"sun,mon,tue,wed,thu,fri,sat"
MAS,NJP,train,2445,1261.1,22611,MGR Chennai Central - New Jalpaiguri SF Express (PT),true,,10:45,03:30,,,wed
NJP,MAS,train,2400,1261.1,22612,New Jalpaiguri - MGR Chennai Central SF Express (PT),true,,22:05,14:05,,,fri
RMM,AYC,train,3165,1593.9,22613,Shraddha Sethu SF Express (PT),true,,23:55,04:40,,,sun
AYC,RMM,train,3085,1593.9,22614,Shraddha Sethu SF Express,true,,23:10,02:35,,,wed
TPTY,CBE,train,475,319.4,22615,Tirupati - Coimbatore Intercity SF Express (PT),true,,14:55,22:50,,,"mon,wed,thu,sat"
CBE,TPTY,train,435,319.4,22616,Coimbatore - Tirupati Intercity SF Express (PT),true,,06:10,13:25,,,"sun,tue,thu,fri"
TPTY,SMVB,train,360,244.0,22617,Tirupati - SMVT Bengaluru Intercity SF Express,true,,14:55,20:55,,,"sun,tue,fri"
SMVB,TPTY,train,345,244.0,22618,SMVT Bengaluru - Tirupati Intercity SF Express,true,,07:40,13:25,,,"mon,wed,sat"
BSP,TEN,train,2580,1370.3,22619,Bilaspur - Tirunelveli SF Express (PT),true,,08:15,03:15,,,tue
TEN,BSP,train,2650,1370.3,22620,Tirunelveli - Bilaspur SF Express (PT),true,,01:25,21:35,,,sun
RMM,CAPE,train,435,286.6,22621,Rameswaram - Kanniyakumari SF Express,true,,20:50,04:05,,,"mon,wed,sat"
CAPE,RMM,train,435,286.6,22622,Kanniyakumari - Rameswaram SF Express (PT),true,,23:00,06:15,,,"sun,tue,thu"
TBM,MDU,train,565,352.2,22623,Mahal SF Express (PT),true,,22:30,07:55,,,"sun,fri"
MDU,TBM,train,575,352.2,22624,Mahal SF Express (PT),true,,20:40,06:15,,,"tue,sat"
MAS,SBC,train,345,222.3,22625,MGR Chennai Central - KSR Bengaluru Double Decker Express,true,,07:25,13:10,,,"sun,mon,tue,wed,thu,fri,sat"
SBC,MAS,train,375,222.3,22626,KSR Bengaluru - MGR Chennai Central Double Decker Express,true,,13:30,19:45,,,"sun,mon,tue,wed,thu,fri,sat"
TPJ,TVC,train,485,312.6,22627,Tiruchchirappalli - Thiruvananthapuram Central InterCity SF Express,true,,07:15,15:20,,,"sun,mon,tue,wed,thu,fri,sat"
TVC,TPJ,train,490,312.6,22628,Thiruvananthapuram Central - Tiruchchirappalli SF InterCity Express,true,,11:35,19:45,,,"sun,mon,tue,wed,thu,fri,sat"
LTT,TEN,train,2175,981.9,22629,Mumbai LTT - Tirunelveli SF Express (via Konkan) (PT),true,,20:45,09:00,,,tue
TEN,LTT,train,2030,981.9,22630,Tirunelveli - Mumbai LTT SF Express (via Konkan) (PT),true,,07:30,17:20,,,wed
MDU,BKN,train,3040,1666.2,22631,Anuvrat AC SF Express (PT),true,,12:10,14:50,,,tue
BKN,MDU,train,3060,1666.2,22632,Anuvrat AC SF Express (PT),true,,15:30,18:30,,,sun
TVC,NZM,train,2750,1554.4,22633,Thiruvananthapuram Central - Hazrat Nizamuddin SF Express (Via Alappuzha) (PT),true,,14:40,12:30,,,wed
NZM,TVC,train,2945,1554.4,22634,Hazrat Nizamuddin - Thiruvananthapuram Central SF Express (via Alappuzha),true,,22:15,23:20,,,fri
MAS,MAQ,train,985,544.0,22637,West Coast SF Express (PT),true,,13:25,05:50,,,"sun,mon,tue,wed,thu,fri,sat"
MAQ,MAS,train,975,544.0,22638,West Coast SF Express (PT),true,,23:45,16:00,,,"sun,mon,tue,wed,thu,fri,sat"
MAS,ALLP,train,825,468.6,22639,MGR Chennai Central - Alappuzha SF Express (PT),true,,20:55,10:40,,,"sun,mon,tue,wed,thu,fri,sat"
ALLP,MAS,train,835,468.6,22640,Alappuzha - MGR Chennai Central SF Express (PT),true,,15:20,05:15,,,"sun,mon,tue,wed,thu,fri,sat"
TVC,SHM,train,2615,1406.2,22641,Thiruvananthapuram Central - Shalimar SF Express (PT),true,,16:55,12:30,,,"tue,sat"
SHM,TVC,train,2650,1406.2,22642,Shalimar - Thiruvananthapuram Central SF Express (PT),true,,23:45,19:55,,,"sun,tue"
ERS,PNBE,train,3040,1524.8,22643,Ernakulam Jn. - Patna SF Express (via Asansol) (PT),true,,17:20,20:00,,,"mon,tue"
PNBE,ERS,train,2960,1524.8,22644,Patna - Ernakulam Jn. SF Express (via Asansol) (PT),true,,14:00,15:20,,,"tue,fri"
INDB,TVCN,train,2815,1448.8,22645,Ahilya Nagari SF Express (PT),true,,16:45,15:40,,,mon
TVCN,INDB,train,2790,1448.8,22646,Ahilya Nagari SF Express (PT),true,,06:35,05:05,,,sun
KRBA,TVCN,train,2640,1376.6,22647,Korba - Thiruvananthapuram North (Kochuveli) SF Express (PT),true,,19:40,15:40,,,"wed,sat"
TVCN,KRBA,train,2685,1375.5,22648,Thiruvananthapuram North (Kochuveli) - Korba SF Express (PT),true,,06:15,03:00,,,"mon,tue"
MAS,ED,train,410,279.9,22649,Yercaud SF Express (PT),true,,23:00,05:50,,,"sun,mon,tue,wed,thu,fri,sat"
ED,MAS,train,400,279.9,22650,Yercaud SF Express (PT),true,,21:45,04:25,,,"sun,mon,tue,wed,thu,fri,sat"
MAS,PGT,train,700,425.0,22651,MGR Chennai Central - Palakkad Jn. SF Express (PT),true,,21:30,09:10,,,"sun,mon,tue,wed,thu,fri,sat"
PGT,MAS,train,715,425.0,22652,Palakkad Junction - MGR Chennai Central SF Express (PT),true,,15:50,03:45,,,"sun,mon,tue,wed,thu,fri,sat"
TVC,NZM,train,2920,1560.6,22653,Thiruvananthapuram Central - Hazrat Nizamuddin SF Express (via Kottayam) (PT),true,,22:00,22:40,,,fri
NZM,TVC,train,2990,1560.6,22654,Hazrat Nizamuddin - Thiruvananthapuram Central SF Express (Via Kottayam),true,,05:00,06:50,,,mon
ERS,NZM,train,2665,1447.3,22655,Ernakulam Jn. - Hazrat Nizamuddin SF Express (PT),true,,02:15,22:40,,,wed
NZM,ERS,train,2735,1447.3,22656,Hazrat Nizamuddin - Ernakulam Jn. SF Express,true,,05:00,02:35,,,fri
TBM,CAPE,train,705,446.8,22657,Tambaram - Kanniyakumari SF Express (PT),true,,19:30,07:15,,,"sun,mon,wed"
CAPE,TBM,train,695,446.8,22658,Kanniyakumari - Tambaram SF Express (PT),true,,16:35,04:10,,,"mon,tue,thu"
TVCN,YNRK,train,3410,1693.2,22659,Thiruvananthapuram North (Kochuveli) - Yog Nagari Rishikesh SF Express (PT),true,,04:50,13:40,,,fri
YNRK,TVCN,train,3375,1693.2,22660,Yog Nagari Rishikesh - Thiruvananthapuram North (Kochuveli) SF Express,true,,06:15,14:30,,,mon
MS,RMM,train,605,387.5,22661,Sethu SF Express (PT),true,,17:55,04:00,,,"sun,mon,tue,wed,thu,fri,sat"
RMM,MS,train,610,387.5,22662,Sethu SF Express (PT),true,,21:10,07:20,,,"sun,mon,tue,wed,thu,fri,sat"
TBM,JU,train,2475,1311.6,22663,Tambaram - Jodhpur Weekly SF Express (PT),true,,14:50,08:05,,,sun
JU,TBM,train,2455,1311.6,22664,Jodhpur - Tambaram Weekly SF Express (PT),true,,00:15,17:10,,,tue
SBC,CBE,train,410,251.6,22665,KSR Bengaluru - Coimbatore Uday Express,true,,14:15,21:05,,,"sun,mon,tue,wed,thu,fri,sat"
CBE,SBC,train,415,251.6,22666,Coimbatore - KSR Bengaluru Uday Express,true,,05:45,12:40,,,"sun,mon,tue,wed,thu,fri,sat"
NCJ,CBE,train,560,352.2,22667,Nagercoil - Coimbatore SF Express (PT),true,,21:55,07:15,,,"sun,mon,tue,wed,thu,fri,sat"
CBE,NCJ,train,550,352.2,22668,Coimbatore - Nagercoil SF Express (PT),true,,19:30,04:40,,,"sun,mon,tue,wed,thu,fri,sat"
ERS,PNBE,train,3270,1659.4,22669,Ernakulam Junction - Patna SF Express (via Nagpur) (PT),true,,23:55,06:25,,,sun
PNBE,ERS,train,3190,1659.4,22670,Patna - Ernakulam Junction SF Express (via Nagpur) (PT),true,,16:30,21:40,,,tue
MS,MDU,train,370,286.6,22671,Chennai Egmore - Madurai Tejas Express (PT),true,,06:00,12:10,,,"sun,mon,tue,wed,fri,sat"
MDU,MS,train,375,286.6,22672,Madurai - Chennai Egmore Tejas Express (PT),true,,15:30,21:45,,,"sun,mon,tue,wed,fri,sat"
JU,MQ,train,2865,1559.6,22673,Jodhpur - Mannargudi SF Express (PT),true,,16:50,16:35,,,tue
MQ,JU,train,2955,1559.6,22674,Mannargudi - Jodhpur SF Express (PT),true,,13:15,14:30,,,mon
MS,TPJ,train,435,283.5,22675,Cholan SF Express (PT),true,,08:00,15:15,,,"sun,mon,tue,wed,thu,fri,sat"
TPJ,MS,train,435,283.5,22676,Cholan SF Express (PT),true,,12:10,19:25,,,"sun,mon,tue,wed,thu,fri,sat"
YPR,HAS,train,185,165.5,22679,Yesvantpur - Hassan MEMU InterCity SF Express (UnReserved),true,,18:00,21:05,,,"sun,mon,tue,wed,thu,fri,sat"
HAS,YPR,train,185,165.5,22680,Hassan - Yesvantpur MEMU InterCity SF Express (UnReserved),true,,07:00,10:05,,,"sun,mon,tue,wed,thu,fri,sat"
MYS,MAS,train,520,333.4,22681,Mysuru - MGR Chennai Central Weekly SF Express,true,,20:15,04:55,,,wed
MAS,MYS,train,495,333.4,22682,MGR Chennai Central - Mysuru Weekly SF Express (PT),true,,23:30,07:45,,,tue
YPR,LKO,train,2540,1289.2,22683,Yesvantpur - Lucknow SF Express (via Kacheguda) (PT),true,,23:40,18:00,,,mon
LKO,YPR,train,2555,1289.2,22684,Lucknow - Yesvantpur SF Express (via Kacheguda),true,,18:40,13:15,,,tue
YPR,CDG,train,2925,1423.3,22685,Yesvantpur - Chandigarh Karnataka Sampark Kranti Express,true,,15:00,15:45,,,"wed,sat"
CDG,YPR,train,2990,1423.3,22686,Chandigarh - Yesvantpur Karnataka Sampark Kranti Express,true,,03:35,05:25,,,"tue,sat"
MYS,BSB,train,2905,1482.6,22687,Mysuru - Varanasi SF Express (PT),true,,08:00,08:25,,,"tue,thu"
BSB,MYS,train,2900,1482.6,22688,Varanasi - Mysuru SF Express,true,,21:10,21:30,,,"tue,sat"
ADI,YPR,train,1890,1001.1,22689,Ahmedabad - Yesvantpur Weekly SF Express (PT),true,,19:00,02:30,,,tue
YPR,ADI,train,1935,1001.1,22690,Yesvantpur - Ahmedabad Weekly SF Express (PT),true,,16:45,01:00,,,sun
SBC,NZM,train,2010,2991.2,22691,K.S.R. Bengaluru - Hazrat Nizamuddin Rajdhani Express,true,,20:00,05:30,,,"sun,mon,tue,wed,thu,fri,sat"
NZM,SBC,train,2010,2991.2,22692,Hazrat Nizamuddin - K S R Bengaluru Rajdhani Express,true,,19:50,05:20,,,"sun,mon,tue,wed,thu,fri,sat"
UBL,MAS,train,880,504.5,22697,SSS Hubballi - MGR Chennai Central Weekly SF Express (via SMVT Bengaluru) (PT),true,,20:30,11:10,,,sun
MAS,UBL,train,840,504.5,22698,MGR Chennai Central - SSS Hubballi Weekly SF Express (via SMVT Bengaluru) (PT),true,,15:00,05:00,,,sun
TPTY,JAT,train,2690,1482.8,22705,Tirupati - Jammu Tawi Humsafar Express,true,,21:10,18:00,,,tue
JAT,TPTY,train,2935,1482.8,22706,Jammu Tawi - Tirupati Humsafar Express,true,,05:45,06:40,,,fri
VSKP,TPTY,train,810,414.8,22707,Visakhapatnam - Tirupati AC Double Decker Express,true,,23:00,12:30,,,"mon,tue,sat"
TPTY,VSKP,train,770,414.8,22708,Tirupati - Visakhapatnam AC Double Decker Express,true,,21:50,10:40,,,"sun,wed,fri"
NED,AADR,train,1865,1054.7,22709,Hazur Sahib Nanded - Amb Andaura SF Express (PT),true,,11:05,18:10,,,tue
AADR,NED,train,1790,1054.7,22710,Amb Andaura - Hazur Sahib Nanded Weekly SF Express (PT),true,,15:50,21:40,,,tue
KCG,MDU,train,1375,745.3,22715,Kacheguda - Madurai Weekly Superfast Express (PT),true,,06:05,05:00,,,sun
MDU,KCG,train,1405,745.3,22716,Madurai - Kacheguda Weekly Superfast Express (PT),true,,13:15,12:40,,,sun
RJT,SC,train,1560,841.0,22717,Rajkot - Secunderabad SF Express (PT),true,,05:30,07:30,,,"mon,wed,thu"
SC,RJT,train,1600,841.0,22718,Secunderabad - Rajkot SF Express (PT),true,,15:10,17:50,,,"mon,tue,sat"
NED,SGNR,train,2170,1111.9,22723,Hazur Sahib Nanded - Shri Ganganagar SF Express (Via Ahmedabad),true,,06:50,19:00,,,tue
SGNR,NED,train,2170,1111.9,22724,Shri Ganganagar - Hazur Sahib Nanded SF Express (via Ahmedabad) (PT),true,,14:10,02:20,,,sun
HYB,CSMT,train,865,485.3,22731,Hyderabad - Mumbai CSMT SF Express (PT),true,,22:40,13:05,,,"sun,mon,tue,wed,thu,fri,sat"
CSMT,HYB,train,860,485.3,22732,Mumbai CSMT - Hyderabad SF Express (PT),true,,14:10,04:30,,,"sun,mon,tue,wed,thu,fri,sat"
SC,HSR,train,2590,1332.4,22737,Secunderabad - Hisar SF Express (PT),true,,23:35,18:45,,,"tue,wed"
HSR,SC,train,2580,1332.4,22738,Hisar - Secunderabad SF Express (PT),true,,13:50,08:50,,,"sun,fri"
VSKP,MAS,train,780,481.1,22801,Visakhapatnam - MGR Chennai Central Weekly SF Express (PT),true,,19:00,08:00,,,fri
MAS,VSKP,train,750,481.1,22802,MGR Chennai Central - Visakhapatnam Weekly SF Express (PT),true,,10:00,22:30,,,sun
SHM,SBP,train,660,416.6,22803,Shalimar - Sambalpur SF Express (via Talcher Road),true,,20:35,07:35,,,sun
SBP,SHM,train,705,416.6,22804,Sambalpur - Shalimar SF Express (via Talcher Road),true,,19:25,07:10,,,fri
BBS,ANVT,train,1865,1055.2,22805,Bhubaneswar - Anand Vihar Terminal Weekly SF Express,true,,12:30,19:35,,,sun
ANVT,BBS,train,1845,1055.2,22806,Anand Vihar Terminal - Bhubaneswar Weekly SF Express,true,,08:00,14:45,,,mon
SRC,MAS,train,1585,935.6,22807,Santragachi - MGR Chennai Central AC SF Express (PT),true,,17:55,20:20,,,"tue,fri"
MAS,SRC,train,1600,935.6,22808,MGR Chennai Central - Santragachi AC SF Express (PT),true,,08:15,10:55,,,"sun,tue"
PRDP,VSKP,train,600,363.1,22809,Paradeep - Visakhapatnam Weekly SF Express,true,,22:15,08:15,,,mon
VSKP,PRDP,train,585,363.1,22810,Visakhapatnam - Paradeep Weekly SF Express,true,,23:45,09:30,,,sun
BBS,NDLS,train,1400,2216.0,22811,Bhubaneswar - New Delhi Tejas Rajdhani Express (via Adra),true,,10:35,09:55,,,"sun,wed"
NDLS,BBS,train,1395,2216.0,22812,New Delhi - Bhubaneswar Tejas Rajdhani Express (via Adra) (PT),true,,17:00,16:15,,,"mon,fri"
BSP,ERS,train,2160,1188.8,22815,Bilaspur - Ernakulam Jn. SF Express,true,,08:15,20:15,,,mon
ERS,BSP,train,2215,1188.8,22816,Ernakulam Jn. - Bilaspur SF Express (PT),true,,08:40,21:35,,,wed
HWH,MYS,train,2135,1167.0,22817,Howrah - Mysuru Weekly SF Express (PT),true,,16:00,03:35,,,fri
MYS,HWH,train,2115,1167.0,22818,Mysuru - Howrah Weekly SF Express (PT),true,,23:55,11:10,,,sun
BBSN,VSKP,train,495,313.2,22819,Bhubaneswar New - Visakhapatnam Intercity SF Express (PT),true,,07:15,15:30,,,"sun,mon,tue,wed,thu,fri,sat"
VSKP,BBSN,train,495,313.2,22820,Visakhapatnam - Bhubaneswar New SF InterCity Express,true,,16:20,00:35,,,"sun,mon,tue,wed,thu,fri,sat"
BBS,NDLS,train,1465,2302.4,22823,Bhubaneswar - New Delhi Tejas Rajdhani Express (via Tatanagar),true,,09:30,09:55,,,"mon,tue,thu,fri"
NDLS,BBS,train,1470,2302.4,22824,New Delhi - Bhubaneswar Tejas Rajdhani Express (via Tatanagar),true,,17:00,17:30,,,"tue,wed,thu,sat"
SHM,MAS,train,1555,937.7,22825,Shalimar - MGR Chennai Central Weekly SF Express (PT),true,,12:10,14:05,,,tue
MAS,SHM,train,1695,937.7,22826,MGR Chennai Central - Shalimar Weekly SF Express (PT),true,,19:50,00:05,,,wed
PURI,ST,train,1850,987.6,22827,Puri - Surat Weekly SF Express (PT),true,,19:45,02:35,,,sun
ST,PURI,train,1835,987.6,22828,Surat - Puri Weekly SF Express (PT),true,,08:05,14:40,,,tue
BHUJ,SHM,train,2570,1332.9,22829,Bhuj - Shalimar SF Express (PT),true,,15:15,10:05,,,tue
SHM,BHUJ,train,2575,1332.9,22830,Shalimar - Bhuj SF Express (PT),true,,19:50,14:45,,,sun
HWH,YPR,train,2050,1069.8,22831,Howrah - Yesvantpur Superfast Express (PT),true,,14:45,00:55,,,wed
YPR,HWH,train,2015,1069.8,22832,Yesvantpur - Howrah Superfast Express (PT),true,,04:30,14:05,,,fri
BBS,SMVB,train,1475,777.7,22833,Bhubaneswar - SMVT Bengaluru Humsafar Express,true,,12:10,12:45,,,wed
SMVB,BBS,train,1545,777.7,22834,SMVT Bengaluru - Bhubaneswar Humsafar Express,true,,16:40,18:25,,,tue
SHM,PURI,train,525,333.4,22835,Shalimar - Puri Weekly SF Express,true,,20:35,05:20,,,wed
PURI,SHM,train,540,333.4,22836,Puri - Shalimar Weekly SF Express (PT),true,,22:10,07:10,,,tue
HTE,ERS,train,2420,1242.4,22837,Dharti Aaba AC SF Express (PT),true,,17:25,09:45,,,mon
ERS,HTE,train,2410,1242.4,22838,Dharti Aaba AC SF Express (PT),true,,23:25,15:35,,,wed
ROU,BBS,train,455,292.9,22839,Rourkela - Bhubaneswar Intercity SF Express (PT),true,,05:00,12:35,,,"sun,mon,tue,wed,thu,fri,sat"
BBS,ROU,train,455,292.9,22840,Bhubaneswar - Rourkela Intercity SF Express,true,,13:40,21:15,,,"sun,mon,tue,wed,thu,fri,sat"
SRC,TBM,train,1655,858.3,22841,Santragachi - Tambaram Antyodaya Express,true,,17:55,21:30,,,mon
TBM,SRC,train,1660,858.3,22842,Tambaram - Santragachi Antyodaya Express,true,,07:15,10:55,,,wed
BSP,BXR,train,1180,637.6,22843,Bilaspur - Buxar SF Express,true,,20:30,16:10,,,fri
BXR,BSP,train,1180,637.6,22844,Buxar - Bilaspur SF Express,true,,21:40,17:20,,,sun
PUNE,HTE,train,1840,993.3,22845,Pune - Hatia SF Express (PT),true,,10:45,17:25,,,"sun,wed"
HTE,PUNE,train,1815,993.3,22846,Hatia - Pune SF Express (PT),true,,20:00,02:15,,,"mon,fri"
VSKP,LTT,train,1720,931.4,22847,Visakhapatnam - Mumbai LTT SF Express (via Nagpur),true,,08:20,13:00,,,sun
LTT,VSKP,train,1745,931.4,22848,Mumbai LTT - Visakhapatnam SF Express (via Nagpur) (PT),true,,00:15,05:20,,,tue
SHM,SC,train,1585,893.5,22849,Shalimar - Secunderabad Weekly SF Express (PT),true,,12:10,14:35,,,wed
SC,SHM,train,1615,893.5,22850,Secunderabad - Shalimar Weekly SF Express (PT),true,,03:55,06:50,,,fri
SRC,MAQ,train,2515,1368.8,22851,Santragachi - Mangaluru Central Vivek Express (PT),true,,14:55,08:50,,,tue
MAQ,SRC,train,2580,1368.8,22852,Mangaluru Central - Santragachi Vivek Express (PT),true,,23:00,18:00,,,sun
SHM,VSKP,train,840,532.1,22853,Shalimar - Visakhapatnam SF Express,true,,18:15,08:15,,,tue
VSKP,SHM,train,915,532.1,22854,Visakhapatnam - Shalimar SF Express,true,,15:35,06:50,,,wed
SRC,TPTY,train,1530,912.2,22855,Santragachi - Tirupati Weekly SF Express (PT),true,,14:55,16:25,,,sun
TPTY,SRC,train,1675,912.2,22856,Tirupati - Santragachi Weekly SF Express (PT),true,,19:50,23:45,,,mon
SRC,ANVT,train,1370,892.4,22857,Santragachi - Anand Vihar Terminal Weekly SF Express (PT),true,,10:00,08:50,,,mon
ANVT,SRC,train,1695,892.4,22858,Anand Vihar Terminal - Santragachi Weekly SF Express,true,,13:25,17:40,,,tue
PURI,MAS,train,1235,725.0,22859,Puri - MGR Chennai Central SF Express (PT),true,,17:30,14:05,,,sun
MAS,PURI,train,1290,725.0,22860,MGR Chennai Central - Puri SF Express (PT),true,,16:25,13:55,,,mon
HWH,KBJ,train,845,479.0,22861,Howrah - Kantabanji Ispat Express,true,,06:30,20:35,,,"sun,tue,thu,fri"
KBJ,HWH,train,845,479.0,22862,Kantabanji - Howrah Ispat Express,true,,04:25,18:30,,,"mon,wed,fri,sat"
HWH,SMVB,train,1755,1082.2,22863,Howrah - SMVT Bengaluru AC SF Express (PT),true,,10:30,15:45,,,mon
SMVB,HWH,train,1790,1082.2,22864,SMVT Bengaluru - Howrah AC SF Express,true,,11:15,17:05,,,wed
LTT,PURI,train,1940,1033.9,22865,Mumbai LTT - Puri SF Express (via Jharsuguda Road) (PT),true,,00:15,08:35,,,tue
PURI,LTT,train,1860,1033.4,22866,Puri - Mumbai LTT SF Express (via Jharsuguda Road),true,,06:00,13:00,,,tue
DURG,NZM,train,1210,661.0,22867,Durg - Hazrat Nizamuddin Humsafar Express (PT),true,,11:00,07:10,,,"tue,fri"
NZM,DURG,train,1305,661.5,22868,Hazrat Nizamuddin - Durg Humsafar Express,true,,11:25,09:10,,,"wed,sat"
VSKP,MAS,train,780,481.1,22869,Visakhapatnam - MGR Chennai Central Weekly SF Express (PT),true,,19:00,08:00,,,mon
MAS,VSKP,train,750,481.1,22870,MGR Chennai Central - Visakhapatnam Weekly SF Express (PT),true,,10:00,22:30,,,tue
BBS,TPTY,train,1220,689.1,22871,Bhubaneswar - Tirupati Weekly SF Express,true,,12:10,08:30,,,sun
TPTY,BBS,train,1190,689.1,22872,Tirupati - Bhubaneswar SF Express,true,,10:25,06:15,,,mon
DGHA,VSKP,train,910,558.1,22873,Digha - Vishakapatnam SF Express (PT),true,,17:05,08:15,,,fri
VSKP,DGHA,train,910,558.1,22874,Visakhapatnam - Digha SF Express,true,,15:35,06:45,,,tue
VSKP,GNT,train,460,232.9,22875,Visakhapatnam - Guntur Uday Express,true,,05:20,13:00,,,"mon,tue,wed,fri,sat"
GNT,VSKP,train,415,232.9,22876,Guntur - Visakhapatnam Uday Express,true,,16:00,22:55,,,"mon,tue,wed,fri,sat"
HWH,ERS,train,2205,1148.2,22877,Howrah - Ernakulam Antyodaya Express,true,,14:45,03:30,,,sun
ERS,HWH,train,2320,1148.2,22878,Ernakulam - Howrah Antyodaya Express,true,,23:25,14:05,,,mon
BBS,TPTY,train,1220,689.1,22879,Bhubaneswar - Tirupati SF Express (PT),true,,12:10,08:30,,,sun
TPTY,BBS,train,1190,689.1,22880,Tirupati - Bhubaneswar SF Express (PT),true,,10:25,06:15,,,sun
PUNE,BBS,train,1780,961.1,22881,Pune - Bhubaneswar Superfast Express (PT),true,,11:20,17:00,,,tue
BBS,PUNE,train,1820,961.1,22882,Bhubaneswar - Pune Superfast Express (PT),true,,21:20,03:40,,,tue
PURI,YPR,train,1710,772.4,22883,Puri - Yesvantpur Garib Rath Express,true,,15:15,19:45,,,fri
YPR,PURI,train,1755,772.4,22884,Yesvantpur - Puri Garib Rath Express,true,,22:40,03:55,,,sun
HWH,SMVB,train,1880,987.4,22887,Howrah - SMVT Bengaluru Humsafar Express (PT),true,,12:30,19:50,,,tue
SMVB,HWH,train,1965,987.4,22888,SMVT Bengaluru - Howrah Humsafar Express,true,,10:15,19:00,,,tue
DGHA,PURI,train,590,359.4,22889,Samudra Kanya Express,true,,17:05,02:55,,,sun
PURI,DGHA,train,580,359.4,22890,Samudra Kanya Express,true,,21:05,06:45,,,sun
HWH,RNC,train,504,313.2,22891,Howrah - Ranchi Intercity SF Express (via Tatanagar),true,,12:50,21:14,,,"wed,thu,sat"
RNC,HWH,train,500,313.2,22892,Ranchi - Howrah Intercity SF Express (via Tatanagar),true,,06:55,15:15,,,"wed,thu,sat"
SNSI,HWH,train,1840,1004.8,22893,Sainagar Shirdi - Howrah SF Express (PT),true,,14:10,20:50,,,sun
HWH,SNSI,train,1755,1005.3,22894,Howrah - Sainagar Shirdi SF Express (PT),true,,13:55,19:10,,,tue
HWH,PURI,train,410,835.0,22895,Howrah - Puri Vande Bharat Express,true,,06:10,13:00,,,"sun,mon,tue,wed,fri,sat"
PURI,HWH,train,410,835.0,22896,Puri - Howrah Vande Bharat Express,true,,13:40,20:30,,,"sun,mon,tue,wed,fri,sat"
HWH,DGHA,train,200,171.2,22897,Kandari Express,true,,15:00,18:20,,,"sun,mon,tue,wed,thu,fri,sat"
DGHA,HWH,train,200,171.2,22898,Kandari Express,true,,19:20,22:40,,,"sun,mon,tue,wed,thu,fri,sat"
BDTS,UDZ,train,915,566.4,22901,Bandra Terminus - Udaipur City SF Express (PT),true,,23:25,14:40,,,"tue,thu,sat"
UDZ,BDTS,train,1005,566.4,22902,Udaipur City - Bandra Terminus SF Express,true,,20:50,13:35,,,"sun,wed,fri"
BDTS,BHUJ,train,785,511.8,22903,Bandra Terminus - Bhuj AC SF Express (PT),true,,23:45,12:50,,,"sun,wed,fri"
BHUJ,BDTS,train,765,511.8,22904,Bhuj - Bandra Terminus AC SF Express (PT),true,,16:10,04:55,,,"mon,tue,sat"
OKHA,SHM,train,2635,1417.1,22905,Okha - Shalimar Weekly SF Express,true,,08:40,04:35,,,sun
SHM,OKHA,train,2625,1417.1,22906,Shalimar - Okha Weekly SF Express (PT),true,,20:15,16:00,,,tue
MAO,HAPA,train,1410,776.0,22907,Madgaon - Hapa Weekly SF Express,true,,10:00,09:30,,,fri
HAPA,MAO,train,1510,776.0,22908,Hapa - Madgaon Weekly SF Express,true,,21:40,22:50,,,wed
BL,PURI,train,2250,1148.8,22909,Valsad - Puri Weekly SF Express (PT),true,,20:15,09:45,,,tue
PURI,BL,train,2165,1148.8,22910,Puri - Valsad Weekly SF Express (PT),true,,00:30,12:35,,,sun
INDB,HWH,train,1885,978.2,22911,Shipra Express (PT),true,,23:30,06:55,,,"tue,thu,sat"
HWH,INDB,train,1830,978.2,22912,Shipra Express (PT),true,,17:45,00:15,,,"mon,tue,sat"
BDTS,SHC,train,2185,1036.9,22913,Bandra Terminus - Saharsa Humsafar Express,true,,16:45,05:10,,,sun
SHC,BDTS,train,2125,1036.9,22914,Saharsa - Bandra Terminus Humsafar Express,true,,17:20,04:45,,,tue
BDTS,HSR,train,1445,807.7,22915,Bandra Terminus - Hisar SF Express (PT),true,,12:15,12:20,,,mon
HSR,BDTS,train,1420,807.7,22916,Hisar - Bandra Terminus SF Express (PT),true,,16:10,15:50,,,tue
BDTS,HW,train,1545,916.9,22917,Bandra Terminus - Haridwar SF Express (PT),true,,12:45,14:30,,,wed
HW,BDTS,train,1420,916.9,22918,Haridwar - Bandra Terminus SF Express,true,,17:20,17:00,,,tue
MAS,ADI,train,1755,874.6,22919,MGR Chennai Central - Ahmedabad Humsafar Express,true,,16:00,21:15,,,wed
ADI,MAS,train,1765,874.6,22920,Ahmedabad - MGR Chennai Central Humsafar Express,true,,09:40,15:05,,,mon
BDTS,GKP,train,2060,1022.5,22921,Bandra Terminus - Gorakhpur Antyodaya Express,true,,05:10,15:30,,,sun
GKP,BDTS,train,2150,1022.5,22922,Gorakhpur - Bandra Terminus Antyodaya Express,true,,03:25,15:15,,,tue
BDTS,JAM,train,840,440.2,22923,Bandra Terminus - Jamnagar Humsafar Express,true,,23:55,13:55,,,"mon,tue,sat"
JAM,BDTS,train,795,440.2,22924,Jamnagar - Bandra Terminus Humsafar Express,true,,20:15,09:30,,,"sun,tue,fri"
SBT,OKHA,train,425,825.6,22925,Sabarmati Jn. - Okha Vande Bharat Express,true,,06:15,13:20,,,"sun,mon,wed,thu,fri,sat"
OKHA,SBT,train,385,825.6,22926,Okha - Sabarmati Jn. Vande Bharat Express,true,,16:45,23:10,,,"sun,mon,wed,thu,fri,sat"
BDTS,VDG,train,660,378.7,22927,Lokshakti Express (PT),true,,19:40,06:40,,,"sun,mon,tue,wed,thu,fri,sat"
VDG,BDTS,train,665,378.7,22928,Lokshakti Express (PT),true,,18:20,05:25,,,"sun,mon,tue,wed,thu,fri,sat"
DRD,BRC,train,295,217.0,22929,Dahanu Road - Vadodara SF Express,true,,15:45,20:40,,,"sun,mon,tue,wed,thu,fri,sat"
BRC,DRD,train,290,217.0,22930,Vadodara - Dahanu Road SF Express,true,,06:20,11:10,,,"sun,mon,tue,wed,thu,fri,sat"
BDTS,JSM,train,1285,718.8,22931,Bandra Terminus - Jaisalmer SF Express (PT),true,,12:15,09:40,,,fri
JSM,BDTS,train,1300,718.8,22932,Jaisalmer - Bandra Terminus SF Express,true,,18:10,15:50,,,sun
BDTS,JP,train,1020,672.5,22933,Bandra Terminus - Jaipur Weekly SF Express (PT),true,,17:05,10:05,,,mon
JP,BDTS,train,1040,672.5,22934,Jaipur - Bandra Terminus Weekly SF Express,true,,13:10,06:30,,,tue
BDTS,PIT,train,795,484.2,22935,Bandra Terminus - Palitana Weekly SF Express,true,,16:45,06:00,,,tue
PIT,BDTS,train,810,484.2,22936,Palitana - Bandra Terminus Weekly SF Express (PT),true,,20:00,09:30,,,wed
RJT,REWA,train,1655,907.5,22937,Rajkot - Rewa SF Express (PT),true,,13:55,17:30,,,sun
REWA,RJT,train,1535,907.5,22938,Rewa - Rajkot SF Express,true,,20:45,22:20,,,mon
OKHA,BSP,train,1915,1045.8,22939,Okha - Bilaspur SF Express (PT),true,,19:05,03:00,,,sun
BSP,OKHA,train,1925,1045.8,22940,Bilaspur - Okha SF Express (PT),true,,10:45,18:50,,,mon
INDB,MCTM,train,1370,842.5,22941,Indore - MCTM Udhampur Weekly SF Express (PT),true,,23:30,22:20,,,mon
MCTM,INDB,train,1435,842.5,22942,MCTM Udhampur - Indore Weekly SF Express,true,,11:20,11:15,,,wed
DD,INDB,train,1095,616.3,22943,Daund - Indore SF Express (PT),true,,14:10,08:25,,,"sun,mon,tue,wed,thu,fri,sat"
INDB,DD,train,1080,616.3,22944,Indore - Daund SF Express (PT),true,,16:30,10:30,,,"sun,mon,tue,wed,thu,fri,sat"
MMCT,OKHA,train,1065,590.3,22945,Saurashtra Mail (PT),true,,21:05,14:50,,,"sun,mon,tue,wed,thu,fri,sat"
OKHA,MMCT,train,1070,590.3,22946,Saurashtra Mail (PT),true,,11:05,04:55,,,"sun,mon,tue,wed,thu,fri,sat"
UDN,BGP,train,1930,1020.4,22947,Surat - Bhagalpur SF Express (PT),true,,10:20,18:30,,,"tue,sat"
BGP,UDN,train,1953,1020.4,22948,Bhagalpur - Surat SF Express (PT),true,,06:50,15:23,,,"mon,tue"
BDTS,DEE,train,1265,776.0,22949,Bandra Terminus - Delhi Sarai Rohilla SF Express (PT),true,,14:40,11:45,,,wed
DEE,BDTS,train,1375,776.0,22950,Delhi Sarai Rohilla - Bandra Terminus SF Express,true,,16:15,15:10,,,tue
BDTS,GIMB,train,915,521.7,22951,Bandra Terminus - Gandhidham Weekly SF Express,true,,14:40,05:55,,,fri
GIMB,BDTS,train,900,521.7,22952,Gandhidham - Bandra Terminus Weekly SF Express,true,,21:00,12:00,,,tue
MMCT,ADI,train,530,331.4,22953,Gujarat SF Express,true,,05:40,14:30,,,"sun,mon,tue,wed,thu,fri,sat"
ADI,MMCT,train,534,331.4,22954,Gujarat SF Express,true,,07:10,16:04,,,"sun,mon,tue,wed,thu,fri,sat"
BDTS,BHUJ,train,885,511.8,22955,Kutch SF Express (PT),true,,17:45,08:30,,,"sun,mon,tue,wed,thu,fri,sat"
BHUJ,BDTS,train,905,511.8,22956,Kutch SF Express (PT),true,,20:25,11:30,,,"sun,mon,tue,wed,thu,fri,sat"
GNC,VRL,train,480,305.4,22957,Somnath SF Express,true,,21:45,05:45,,,"sun,mon,tue,wed,thu,fri,sat"
VRL,GNC,train,480,305.4,22958,Somnath SF Express,true,,21:50,05:50,,,"sun,mon,tue,wed,thu,fri,sat"
BRC,JAM,train,460,299.1,22959,Vadodara - Jamnagar Intercity Express,true,,15:50,23:30,,,"sun,mon,tue,wed,thu,fri,sat"
JAM,BRC,train,460,299.1,22960,Jamnagar - Vadodara Intercity Express,true,,04:45,12:25,,,"sun,mon,tue,wed,thu,fri,sat"
MMCT,ADI,train,330,825.6,22961,Mumbai Central - Ahmedabad Vande Bharat Express,true,,15:45,21:15,,,"mon,tue,wed,thu,fri,sat"
ADI,MMCT,train,340,825.6,22962,Ahmedabad - Mumbai Central Vande Bharat Express (PT),true,,06:05,11:45,,,"mon,tue,wed,thu,fri,sat"
BDTS,BVC,train,780,480.6,22963,Bandra Terminus - Bhavnagar Terminus Weekly SF Express (PT),true,,16:45,05:45,,,mon
BVC,BDTS,train,820,480.6,22964,Bhavnagar Terminus - Bandra Terminus Weekly SF Express (PT),true,,17:45,07:25,,,sun
BDTS,BGKT,train,930,561.2,22965,Bandra Terminus - Bhagat Ki Kothi SF Express (PT),true,,23:55,15:25,,,fri
BGKT,BDTS,train,950,561.2,22966,Bhagat Ki Kothi - Bandra Terminus SF Express,true,,19:30,11:20,,,sun
ADI,PRYJ,train,1455,846.2,22967,Ahmedabad - Prayagraj Weekly SF Express (PT),true,,16:35,16:50,,,tue
PRYJ,ADI,train,1400,846.2,22968,Prayagraj - Ahmedabad Weekly SF Express (PT),true,,18:50,18:10,,,fri
OKHA,BNRS,train,2155,1130.6,22969,Okha - Banaras SF Express (PT),true,,14:05,02:00,,,tue
BNRS,OKHA,train,2040,1130.6,22970,Banaras - Okha SF Express,true,,21:45,07:45,,,sun
BDTS,PNBE,train,1815,1032.3,22971,Bandra Terminus - Patna Weekly SF Express (PT),true,,19:25,01:40,,,mon
PNBE,BDTS,train,1765,1032.3,22972,Patna - Bandra Terminus SF Express (PT),true,,23:20,04:45,,,wed
GIMB,PURI,train,2525,1341.2,22973,Gandhidham - Puri Weekly SF Express (via Vizianagaram) (PT),true,,14:00,08:05,,,wed
PURI,GIMB,train,2560,1341.2,22974,Puri - Gandhidham Weekly SF Express (via Vizianagaram) (PT),true,,11:15,05:55,,,sun
BDTS,RMR,train,1645,927.8,22975,Bandra Terminus - Ramnagar SF Express (PT),true,,05:10,08:35,,,tue
RMR,BDTS,train,1710,927.8,22976,Ramnagar - Bandra Terminus SF Express (PT),true,,16:25,20:55,,,fri
JP,JU,train,310,236.2,22977,Jaipur - Jodhpur Intercity SF Express,true,,06:00,11:10,,,"sun,mon,tue,wed,thu,fri,sat"
JU,JP,train,315,236.2,22978,Jodhpur - Jaipur Intercity SF Express,true,,16:00,21:15,,,"sun,mon,tue,wed,thu,fri,sat"
HSR,KK,train,1660,928.8,22979,Hisar - Khadki (Pune) SF Express,true,,04:20,08:00,07-26,,sun
KK,HSR,train,1750,928.8,22980,Khadki (Pune) - Hisar SF Express,true,,17:30,22:40,07-27,,mon
KOTA,SGNR,train,990,551.8,22981,Kota - Shri Ganganagar SF Express,true,,17:40,10:10,,,"mon,tue,fri,sat"
SGNR,KOTA,train,995,551.8,22982,Shri Ganganagar - Kota SF Express,true,,17:30,10:05,,,"sun,mon,tue,fri"
KOTA,INDB,train,460,300.2,22983,Kota - Indore Intercity SF Express,true,,06:35,14:15,,,"sun,mon,tue,wed,thu,fri,sat"
INDB,KOTA,train,465,300.2,22984,Indore - Kota InterCity SF Express,true,,15:35,23:20,,,"sun,mon,tue,wed,thu,fri,sat"
UDZ,DEE,train,655,370.6,22985,Rajasthan Humsafar Express,true,,00:50,11:45,,,sun
DEE,UDZ,train,705,370.6,22986,Rajasthan Humsafar Express,true,,16:15,04:00,,,sun
AII,AF,train,405,270.0,22987,Ajmer - Agra Fort SF Express,true,,05:55,12:40,,,"sun,mon,tue,wed,thu,fri,sat"
AF,AII,train,405,270.0,22988,Agra Fort - Ajmer SF Express,true,,14:35,21:20,,,"sun,mon,tue,wed,thu,fri,sat"
BDTS,MHV,train,945,534.2,22989,Bandra Terminus - Mahuva SF Express (PT),true,,16:45,08:30,,,"wed,fri"
MHV,BDTS,train,960,534.2,22990,Mahuva - Bandra Terminus SF Express (PT),true,,17:30,09:30,,,"tue,sat"
BL,BGKT,train,810,466.0,22991,Valsad - Bhagat Ki Kothi SF Express,true,,18:30,08:00,,,tue
BGKT,BL,train,780,466.0,22992,Bhagat Ki Kothi - Valsad SF Express,true,,19:30,08:30,,,wed
JLWC,SGNR,train,1095,613.2,22997,Jhalawar City - Shri Ganganagar SF Express,true,,15:55,10:10,,,"sun,wed,thu"
SGNR,JLWC,train,1115,613.2,22998,Shri Ganganagar - Jhalawar City SF Express,true,,17:30,12:05,,,"tue,wed,sat"
BSB,LKO,train,300,231.5,24203,Varanasi - Lucknow Intercity SF Express (via Pratapgarh),true,,17:50,22:50,,,"sun,mon,tue,wed,thu,fri,sat"
LKO,BSB,train,320,231.5,24204,Lucknow - Varanasi Intercity SF Express (via Pratapgarh),true,,06:35,11:55,,,"sun,mon,tue,wed,thu,fri,sat"
RMR,JSM,train,1505,618.0,25014,Corbett Park Link Express,true,,22:25,23:30,,,"sun,mon,tue,wed,thu,fri,sat"
RMR,MB,train,115,87.0,25036,Uttarakhand Sampark Kranti Express Slip,true,,09:50,11:45,,,"sun,mon,tue,wed,thu,fri,sat"
PUNE,AJNI,train,720,1350.7,26101,Pune - Ajni (Nagpur) Vande Bharat Express,true,,06:25,18:25,,,"sun,mon,wed,thu,fri,sat"
AJNI,PUNE,train,720,1350.7,26102,Ajni (Nagpur) - Pune Vande Bharat Express,true,,09:50,21:50,,,"sun,tue,wed,thu,fri,sat"
JBN,DNR,train,490,766.2,26301,Jogbani - Danapur Vande Bharat Express,true,,03:30,11:40,,,"sun,mon,tue,thu,fri,sat"
DNR,JBN,train,490,766.2,26302,Danapur - Jogbani Vande Bharat Express,true,,17:10,01:20,,,"sun,mon,wed,thu,fri,sat"
JAT,SINA,train,290,520.5,26401,Jammu Tawi - Srinagar Vande Bharat Express,true,,06:20,11:10,,,"sun,mon,wed,thu,fri,sat"
SINA,JAT,train,290,520.5,26402,Srinagar - Jammu Tawi Vande Bharat Express,true,,14:00,18:50,,,"sun,mon,wed,thu,fri,sat"
JAT,SINA,train,285,520.5,26403,Jammu Tawi - Srinagar Vande Bharat Express,true,,13:20,18:05,,,"sun,mon,tue,thu,fri,sat"
SINA,JAT,train,280,520.5,26404,Srinagar - Jammu Tawi Vande Bharat Express,true,,08:00,12:40,,,"sun,mon,tue,thu,fri,sat"
ASR,SVDK,train,305,543.4,26405,Amritsar - SMVD Katra Vande Bharat Express,true,,16:40,21:45,,,"sun,mon,tue,wed,thu,fri"
SVDK,ASR,train,300,543.4,26406,SMVD Katra - Amritsar Vande Bharat Express,true,,06:40,11:40,,,"sun,mon,tue,wed,thu,fri"
DLI,FZR,train,395,817.5,26461,Delhi - Firozpur Cantt. Vande Bharat Express,true,,16:00,22:35,,,"sun,mon,tue,thu,fri,sat"
FZR,DLI,train,400,817.5,26462,Firozpur Cantt. - Delhi Vande Bharat Express,true,,07:55,14:35,,,"sun,mon,tue,thu,fri,sat"
BKN,DEC,train,375,763.5,26471,Bikaner - Delhi Cantt Vande Bharat Express,true,,05:40,11:55,,,"sun,mon,tue,thu,fri,sat"
DEC,BKN,train,365,763.5,26472,Delhi Cantt - Bikaner Vande Bharat Express,true,,16:45,22:50,,,"sun,mon,tue,thu,fri,sat"
JU,DEC,train,480,975.4,26481,Jodhpur - Delhi Cantt. Vande Bharat Express,true,,05:30,13:30,,,"sun,mon,wed,thu,fri,sat"
DEC,JU,train,490,975.4,26482,Delhi Cantt. - Jodhpur Vande Bharat Express,true,,15:10,23:20,,,"sun,mon,wed,thu,fri,sat"
PPTA,GKP,train,420,678.4,26501,Patliputra - Gorakhpur Vande Bharat Express,true,,15:30,22:30,,,"sun,mon,tue,wed,thu,fri"
GKP,PPTA,train,425,678.4,26502,Gorakhpur - Patliputra Vande Bharat Express,true,,05:40,12:45,,,"sun,mon,tue,wed,thu,fri"
SRE,GTNR,train,540,882.2,26503,Saharanpur - Gomti Nagar Vande Bharat Express,true,,05:05,14:05,,,"sun,mon,wed,thu,fri,sat"
GTNR,SRE,train,520,882.2,26504,Gomti Nagar - Saharanpur Vande Bharat Express,true,,15:10,23:50,,,"sun,tue,wed,thu,fri,sat"
KURJ,BNRS,train,470,793.2,26505,Khajuraho - Banaras Vande Bharat Express,true,,15:20,23:10,,,"sun,mon,tue,wed,fri,sat"
BNRS,KURJ,train,475,793.2,26506,Banaras - Khajuraho Vande Bharat Express,true,,05:15,13:10,,,"sun,mon,tue,wed,fri,sat"
SBC,ERS,train,520,1003.8,26651,KSR Bengaluru - Ernakulam Jn. Vande Bharat Express,true,,05:10,13:50,,,"sun,mon,tue,thu,fri,sat"
ERS,SBC,train,520,1003.8,26652,Ernakulam Jn. - KSR Bengaluru Vande Bharat Express,true,,14:20,23:00,,,"sun,mon,tue,thu,fri,sat"
BGM,SBC,train,495,986.2,26751,Belagavi - KSR Bengaluru Vande Bharat Express,true,,05:35,13:50,,,"sun,mon,tue,thu,fri,sat"
SBC,BGM,train,490,986.2,26752,KSR Bengaluru - Belagavi Vande Bharat Express,true,,14:20,22:30,,,"sun,mon,tue,thu,fri,sat"
SBIB,VRL,train,415,767.5,26901,Sabarmati BG - Veraval Vande Bharat Express,true,,06:00,12:55,,,"sun,mon,tue,wed,fri,sat"
VRL,SBIB,train,395,767.5,26902,Veraval - Sabarmati BG Vande Bharat Express,true,,15:50,22:25,,,"sun,mon,tue,wed,fri,sat"
UDZ,ASV,train,255,559.6,26963,Udaipur City - Asarva (Ahmedabad) Vande Bharat Express,true,,06:10,10:25,,,"sun,mon,wed,thu,fri,sat"
ASV,UDZ,train,255,559.6,26964,Asarva (Ahmedabad) - Udaipur City Vande Bharat Express,true,,17:45,22:00,,,"sun,mon,wed,thu,fri,sat"
HWH,KYQ,train,840,1466.8,27575,Howrah - Kamakhya Vande Bharat Sleeper Express,true,,18:20,08:20,,,"sun,mon,tue,wed,fri,sat"
KYQ,HWH,train,840,1466.8,27576,Kamakhya - Howrah Vande Bharat Sleeper Express,true,,18:15,08:15,,,"sun,mon,tue,thu,fri,sat"
TATA,KIR,train,1090,326.9,28181,Tatanagar - Katihar Express (PT),true,,20:45,14:55,,,"sun,wed,sat"
KIR,TATA,train,960,326.9,28182,Katihar - Tatanagar Express (PT),true,,15:00,07:00,,,"mon,tue,fri"
BBDB,KYI,train,103,74.5,30113,B.B.D Bag - Kalyani Local,true,,10:38,12:21,,,"mon,tue,wed,thu,fri,sat"
GEDE,MJT,train,193,111.4,30144,Gede - Majerhat Special Local (via Ballygunge),true,,16:15,19:28,,,"sun,mon,tue,wed,thu,fri,sat"
MJT,HB,train,123,76.4,30331,Majerhat - Habra Local (via Princep Ghat),true,,17:35,19:38,,,"sun,mon,tue,wed,thu,fri,sat"
SDAH,BBDB,train,50,59.1,30416,Sealdah - B.B.D Bag Local,true,,17:20,18:10,,,"sun,mon,tue,wed,thu,fri,sat"
SDAH,KWAE,train,220,122.5,31111,Sealdah - Katwa Galloping Local,true,,08:05,11:45,,,"sun,mon,tue,wed,thu,fri,sat"
SDAH,BWN,train,172,104.7,31151,Sealdah - Barddhaman Local,true,,10:15,13:07,,,"sun,mon,tue,wed,thu,fri,sat"
BWN,SDAH,train,180,104.7,31152,Barddhaman - Sealdah Local,true,,14:40,17:40,,,"sun,mon,tue,wed,thu,fri,sat"
SDAH,BP,train,37,60.6,31219,Sealdah - Barrackpore Local,true,,08:02,08:39,,,"mon,tue,wed,thu,fri,sat"
BP,SDAH,train,46,60.6,31220,Barrackpore - Sealdah Local,true,,08:53,09:39,,,"mon,tue,wed,thu,fri,sat"
KLYM,SDAH,train,85,75.4,31320,Kalyani Simanta - Sealdah Local,true,,10:10,11:35,,,"sun,mon,tue,wed,thu,fri,sat"
KLYM,SDAH,train,100,75.4,31322,Kalyani Simanta - Sealdah Local,true,,13:20,15:00,,,"sun,mon,tue,wed,thu,fri,sat"
KYI,SDAH,train,85,73.0,31342,Kalyani - Sealdah Local,true,,12:45,14:10,,,"mon,tue,wed,thu,fri,sat"
SDAH,KYI,train,82,73.0,31347,Sealdah - Kalyani Galloping AC Local,true,,15:10,16:32,,,"mon,tue,wed,thu,fri,sat"
SDAH,NH,train,55,68.2,31411,Sealdah - Naihati Galloping Local,true,,04:35,05:30,,,"sun,mon,tue,wed,thu,fri,sat"
SDAH,NH,train,61,68.2,31415,Sealdah - Naihati Local,true,,07:57,08:58,,,"sun,mon,tue,wed,thu,fri,sat"
SDAH,STB,train,135,94.6,31511,Sealdah - Shantipur Local,true,,04:40,06:55,,,"sun,mon,tue,wed,thu,fri,sat"
SDAH,STB,train,136,94.6,31519,Sealdah - Shantipur Local,true,,10:40,12:56,,,"sun,mon,tue,wed,thu,fri,sat"
STB,SDAH,train,137,94.6,31526,Shantipur - Sealdah Local,true,,13:15,15:32,,,"sun,mon,tue,wed,thu,fri,sat"
SDAH,STB,train,130,94.6,31531,Sealdah - Shantipur Galloping Local,true,,17:50,20:00,,,"sun,mon,tue,wed,thu,fri,sat"
SDAH,STB,train,145,94.6,31543,Sealdah - Shantipur Local,true,,16:35,19:00,,,"sun,mon,tue,wed,thu,fri,sat"
SDAH,RHA,train,105,85.0,31601,Sealdah - Ranaghat Matribhumi Ladies Special,true,,17:55,19:40,,,"mon,tue,wed,thu,fri,sat"
RHA,SDAH,train,102,85.0,31614,Ranaghat - Sealdah Local,true,,05:55,07:37,,,"sun,mon,tue,wed,thu,fri,sat"
KRP,BPC,train,52,69.2,31776,Krishnapur - Berhampore Court EMU Passenger,true,,06:55,07:47,,,"sun,mon,tue,wed,thu,fri,sat"
SDAH,KNJ,train,138,98.0,31819,Sealdah - Krishnanagar City Galloping Local,true,,07:52,10:10,,,"sun,mon,tue,wed,thu,fri,sat"
SDAH,KNJ,train,136,98.0,31821,Sealdah - Krishnanagar City Galloping Local,true,,09:34,11:50,,,"sun,mon,tue,wed,thu,fri,sat"
SDAH,KNJ,train,146,98.0,31825,Sealdah - Krishnanagar City Local,true,,10:52,13:18,,,"sun,mon,tue,wed,thu,fri,sat"
GEDE,SDAH,train,160,105.7,31914,Gede - Sealdah Local,true,,05:10,07:50,,,"sun,mon,tue,wed,thu,fri,sat"
GEDE,SDAH,train,170,105.7,31922,Gede - Sealdah Local,true,,14:10,17:00,,,"sun,mon,tue,wed,thu,fri,sat"
GEDE,SDAH,train,151,105.7,31930,Gede - Sealdah (Galloping) Special Local,true,,08:26,10:57,,,"sun,mon,tue,wed,thu,fri,sat"
SDAH,GEDE,train,159,105.7,31931,Sealdah - Gede Special Local,true,,09:28,12:07,,,"sun,mon,tue,wed,thu,fri,sat"
SDAH,GEDE,train,168,105.7,31933,Sealdah - Gede Special Local,true,,16:50,19:38,,,"sun,mon,tue,wed,thu,fri,sat"
DKAE,SDAH,train,45,60.6,32212,Dankuni - Sealdah Local,true,,05:00,05:45,,,"sun,mon,tue,wed,thu,fri,sat"
SDAH,DKAE,train,44,60.6,32213,Sealdah - Dankuni Local,true,,05:00,05:44,,,"sun,mon,tue,wed,thu,fri,sat"
DKAE,SDAH,train,46,60.6,32218,Dankuni - Sealdah Local,true,,07:00,07:46,,,"sun,mon,tue,wed,thu,fri,sat"
DKAE,SDAH,train,50,60.6,32220,Dankuni - Sealdah Local,true,,07:42,08:32,,,"sun,mon,tue,wed,thu,fri,sat"
DKAE,SDAH,train,48,60.6,32222,Dankuni - Sealdah Local,true,,08:40,09:28,,,"sun,mon,tue,wed,thu,fri,sat"
SDAH,DKAE,train,42,60.6,32223,Sealdah - Dankuni Local,true,,08:25,09:07,,,"sun,mon,tue,wed,thu,fri,sat"
DKAE,SDAH,train,48,60.6,32226,Dankuni - Sealdah Local,true,,09:47,10:35,,,"mon,tue,wed,thu,fri,sat"
SDAH,DKAE,train,40,60.6,32227,Sealdah - Dankuni Local,true,,09:54,10:34,,,"sun,mon,tue,wed,thu,fri,sat"
DKAE,SDAH,train,48,60.6,32230,Dankuni - Sealdah Local,true,,11:18,12:06,,,"mon,tue,wed,thu,fri,sat"
DKAE,SDAH,train,51,60.6,32232,Dankuni - Sealdah Local,true,,11:51,12:42,,,"sun,mon,tue,wed,thu,fri,sat"
SDAH,DKAE,train,44,60.6,32233,Sealdah - Dankuni Local,true,,12:13,12:57,,,"sun,mon,tue,wed,thu,fri,sat"
DKAE,SDAH,train,53,60.6,32234,Dankuni - Sealdah Local,true,,13:07,14:00,,,"sun,mon,tue,wed,thu,fri,sat"
DKAE,SDAH,train,48,60.6,32236,Dankuni - Sealdah Local,true,,14:17,15:05,,,"sun,mon,tue,wed,thu,fri,sat"
DKAE,SDAH,train,45,60.6,32238,Dankuni - Sealdah Local,true,,16:22,17:07,,,"sun,mon,tue,wed,thu,fri,sat"
DKAE,SDAH,train,49,60.6,32240,Dankuni - Sealdah Local,true,,17:06,17:55,,,"sun,mon,tue,wed,thu,fri,sat"
DKAE,SDAH,train,48,60.6,32246,Dankuni - Sealdah Local,true,,19:10,19:58,,,"sun,mon,tue,wed,thu,fri,sat"
DKAE,SDAH,train,51,60.6,32248,Dankuni - Sealdah Local,true,,20:29,21:20,,,"sun,mon,tue,wed,thu,fri,sat"
SDAH,DKAE,train,42,60.6,32249,Sealdah - Dankuni Local,true,,22:25,23:07,,,"sun,mon,tue,wed,thu,fri,sat"
DKAE,SDAH,train,51,60.6,32250,Dankuni - Sealdah Local,true,,22:29,23:20,,,"sun,mon,tue,wed,thu,fri,sat"
DKAE,SDAH,train,48,60.6,32252,Dankuni - Sealdah Local,true,,23:40,00:28,,,"sun,mon,tue,wed,thu,fri,sat"
SDAH,BRPA,train,60,65.8,32413,Sealdah - Baruipara Local,true,,20:50,21:50,,,"sun,mon,tue,wed,thu,fri,sat"
BRPA,SDAH,train,65,65.8,32414,Baruipara - Sealdah Local,true,,22:35,23:40,,,"sun,mon,tue,wed,thu,fri,sat"
HNB,BT,train,75,75.4,33316,Hasanabad - Barasat Local,true,,19:30,20:45,,,"sun,mon,tue,wed,thu,fri,sat"
DDC,HNB,train,116,81.2,33319,Dum Dum Cantt. - Hasanabad Local,true,,17:24,19:20,,,"sun,mon,tue,wed,thu,fri,sat"
BT,HNB,train,84,75.4,33323,Barasat - Hasnabad Local,true,,21:30,22:54,,,"sun,mon,tue,wed,thu,fri,sat"
BNJ,DDC,train,95,82.2,33368,Bangaon - Dum Dum Cantt. Local,true,,07:15,08:50,,,"sun,mon,tue,wed,thu,fri,sat"
SDAH,HNB,train,128,86.0,33431,Sealdah - Hasnabad Local,true,,08:58,11:06,,,"sun,mon,tue,wed,thu,fri,sat"
HNB,SDAH,train,155,86.0,33512,Hasanabad - Sealdah Local,true,,03:05,05:40,,,"sun,mon,tue,wed,thu,fri,sat"
HNB,SDAH,train,127,86.0,33516,Hasanabad - Sealdah Galloping Local,true,,06:48,08:55,,,"sun,mon,tue,wed,thu,fri,sat"
SDAH,HNB,train,125,86.0,33517,Sealdah - Hasanabad Local,true,,08:20,10:25,,,"sun,mon,tue,wed,thu,fri,sat"
SDAH,HNB,train,132,86.0,33521,Sealdah - Hasanabad Local,true,,10:58,13:10,,,"mon,tue,wed,thu,fri,sat"
SDAH,HNB,train,127,86.0,33523,Sealdah - Hasanabad Local,true,,12:18,14:25,,,"sun,mon,tue,wed,thu,fri,sat"
SDAH,HNB,train,126,86.0,33531,Sealdah - Hasnabad Galloping Local,true,,19:24,21:30,,,"sun,mon,tue,wed,thu,fri,sat"
HNB,SDAH,train,125,86.0,33532,Hasanabad - Sealdah Local,true,,17:08,19:13,,,"sun,mon,tue,wed,thu,fri,sat"
SDAH,HNB,train,124,86.0,33533,Sealdah - Hasanabad Local,true,,22:20,00:24,,,"sun,mon,tue,wed,thu,fri,sat"
HNB,SDAH,train,129,86.0,33534,Hasanabad - Sealdah Galloping Local,true,,17:26,19:35,,,"sun,mon,tue,wed,thu,fri,sat"
HNB,SDAH,train,123,86.0,33538,Hasanabad - Sealdah Galloping Local,true,,21:32,23:35,,,"sun,mon,tue,wed,thu,fri,sat"
DTK,SDAH,train,59,64.4,33612,Dattapukur - Sealdah Local,true,,05:42,06:41,,,"sun,mon,tue,wed,thu,fri,sat"
SDAH,DTK,train,62,64.4,33623,Sealdah - Dattapukur Local,true,,20:08,21:10,,,"sun,mon,tue,wed,thu,fri,sat"
SDAH,GBG,train,99,77.4,33685,Sealdah - Gobardanga Local,true,,20:23,22:02,,,"sun,mon,tue,wed,thu,fri,sat"
BNJ,RHA,train,45,65.8,33712,Bangaon - Ranaghat Local,true,,04:18,05:03,,,"sun,mon,tue,wed,thu,fri,sat"
RHA,BNJ,train,42,65.8,33717,Ranaghat - Bangaon Local,true,,08:34,09:16,,,"sun,mon,tue,wed,thu,fri,sat"
BNJ,RHA,train,47,65.8,33718,Bangaon - Ranaghat Local,true,,09:23,10:10,,,"sun,mon,tue,wed,thu,fri,sat"
RHA,BNJ,train,45,65.8,33721,Ranaghat - Bangaon Local,true,,10:22,11:07,,,"sun,mon,tue,wed,thu,fri,sat"
BNJ,RHA,train,47,65.8,33724,Bangaon - Ranaghat Local,true,,13:03,13:50,,,"sun,mon,tue,wed,thu,fri,sat"
RHA,BNJ,train,41,65.8,33725,Ranaghat - Bangaon Local,true,,14:26,15:07,,,"sun,mon,tue,wed,thu,fri,sat"
BNJ,RHA,train,44,65.8,33728,Bangaon - Ranaghat Local,true,,15:20,16:04,,,"sun,mon,tue,wed,thu,fri,sat"
BNJ,RHA,train,43,65.8,33730,Bangaon - Ranaghat Local,true,,16:30,17:13,,,"sun,mon,tue,wed,thu,fri,sat"
BNJ,RHA,train,43,65.8,33732,Bangaon - Ranaghat Local,true,,18:00,18:43,,,"sun,mon,tue,wed,thu,fri,sat"
BNJ,RHA,train,47,65.8,33736,Bangaon - Ranaghat Local,true,,21:02,21:49,,,"sun,mon,tue,wed,thu,fri,sat"
RHA,BNJ,train,43,65.8,33737,Ranaghat - Bangaon Local,true,,21:10,21:53,,,"sun,mon,tue,wed,thu,fri,sat"
BNJ,RHA,train,46,65.8,33738,Bangaon - Ranaghat Local,true,,23:20,00:06,,,"sun,mon,tue,wed,thu,fri,sat"
RHA,BNJ,train,44,65.8,33739,Ranaghat - Bangaon Local,true,,23:25,00:09,,,"sun,mon,tue,wed,thu,fri,sat"
BNJ,RHA,train,46,65.8,33742,Bangaon - Ranaghat Local,true,,22:05,22:51,,,"sun,mon,tue,wed,thu,fri,sat"
STB,BNJ,train,70,75.4,33751,Shantipur - Bangaon Local,true,,12:39,13:49,,,"sun,mon,tue,wed,thu,fri,sat"
BNJ,STB,train,75,75.4,33752,Bangaon - Shantipur Local,true,,11:16,12:31,,,"sun,mon,tue,wed,thu,fri,sat"
BNJ,SDAH,train,128,86.5,33832,Bangaon - Sealdah Local,true,,11:32,13:40,,,"sun,mon,tue,wed,thu,fri,sat"
SDAH,BNJ,train,115,86.5,33843,Sealdah - Bangaon Local,true,,17:12,19:07,,,"sun,mon,tue,wed,thu,fri,sat"
SDAH,BNJ,train,114,86.5,33851,Sealdah - Bangaon Local,true,,19:30,21:24,,,"sun,mon,tue,wed,thu,fri,sat"
SDAH,BNJ,train,119,86.5,33853,Sealdah - Bangaon Local,true,,20:14,22:13,,,"sun,mon,tue,wed,thu,fri,sat"
BNJ,SDAH,train,117,86.5,33854,Bangaon - Sealdah Local,true,,20:52,22:49,,,"sun,mon,tue,wed,thu,fri,sat"
KBGB,SDAH,train,57,62.5,34133,Komagata Maru Budge Budge - Sealdah Local,true,,12:35,13:32,,,"sun,mon,tue,wed,thu,fri,sat"
KBGB,SDAH,train,57,62.5,34155,Komagata Maru Budge Budge - Sealdah Local,true,,20:20,21:17,,,"sun,mon,tue,wed,thu,fri,sat"
LKPR,SPR,train,63,72.1,34311,Lakshmikantpur - Sonarpur Local,true,,21:35,22:38,,,"mon,tue,wed,thu,fri,sat"
SDAH,CG,train,75,71.6,34420,Sealdah - Canning Local,true,,09:50,11:05,,,"mon,tue,wed,thu,fri,sat"
CG,SDAH,train,79,71.6,34517,Canning - Sealdah Local,true,,05:49,07:08,,,"sun,mon,tue,wed,thu,fri,sat"
CG,SDAH,train,85,71.6,34533,Canning - Sealdah Local,true,,13:15,14:40,,,"sun,mon,tue,wed,thu,fri,sat"
CG,SDAH,train,77,71.6,34551,Canning - Sealdah Local,true,,20:05,21:22,,,"sun,mon,tue,wed,thu,fri,sat"
SDAH,BRP,train,44,62.0,34602,Sealdah - Baruipur Matribhoomi Ladies Special Local,true,,17:35,18:19,,,"mon,tue,wed,thu,fri,sat"
SDAH,LKPR,train,91,79.8,34646,Sealdah - Lakshmikantpur Local,true,,19:56,21:27,,,"mon,tue,wed,thu,fri,sat"
LKPR,SDAH,train,100,79.8,34733,Lakshmikantapur - Sealdah Local,true,,11:35,13:15,,,"sun,mon,tue,wed,thu,fri,sat"
SDAH,LKPR,train,96,79.8,34748,Sealdah - Lakshmikantapur Local,true,,21:10,22:46,,,"sun,mon,tue,wed,thu,fri,sat"
NMKA,SDAH,train,170,102.3,34795,Namkhana - Sealdah Local,true,,05:05,07:55,,,"sun,mon,tue,wed,thu,fri,sat"
SDAH,DH,train,81,78.8,34812,Sealdah - Diamond Harbour Galloping Local,true,,03:54,05:15,,,"sun,mon,tue,wed,thu,fri,sat"
DH,SDAH,train,96,78.8,34817,Diamond Harbour - Sealdah Local,true,,05:41,07:17,,,"sun,mon,tue,wed,thu,fri,sat"
DH,SDAH,train,115,78.8,34839,Diamond Harbour - Sealdah Local (Cash Gari),true,,14:05,16:00,,,"sun,mon,tue,wed,thu,fri,sat"
DH,SDAH,train,97,78.8,34861,Diamond Harbour - Sealdah Local,true,,18:35,20:12,,,"sun,mon,tue,wed,thu,fri,sat"
NMKA,LKPR,train,49,72.6,34917,Namkhana - Lakshmikantapur Local,true,,08:17,09:06,,,"sun,mon,tue,wed,thu,fri,sat"
BWN,KWAE,train,75,75.4,35013,Barddhaman - Katwa Local,true,,07:25,08:40,,,"sun,mon,tue,wed,thu,fri,sat"
KWAE,BWN,train,85,75.4,35014,Katwa - Barddhaman Local,true,,07:20,08:45,,,"sun,mon,tue,wed,thu,fri,sat"
BWN,KWAE,train,70,75.4,35015,Barddhaman - Katwa Local,true,,09:35,10:45,,,"sun,mon,tue,wed,thu,fri,sat"
BWN,KWAE,train,75,75.4,35019,Barddhaman - Katwa Local,true,,18:30,19:45,,,"sun,mon,tue,wed,thu,fri,sat"
KWAE,BWN,train,90,75.4,35024,Katwa - Barddhaman Local,true,,13:50,15:20,,,"sun,mon,tue,wed,thu,fri,sat"
KWAE,AMP,train,80,75.0,35041,Katwa - Ahmadpur EMU Passenger,true,,15:50,17:10,,,"sun,mon,tue,wed,thu,fri,sat"
AMP,KWAE,train,95,75.0,35042,Ahmadpur - Katwa EMU Passenger,true,,17:20,18:55,,,"sun,mon,tue,wed,thu,fri,sat"
CDAE,HWH,train,85,69.2,36032,Chandanpur - Howrah Local,true,,09:55,11:20,,,"sun,mon,tue,wed,thu,fri,sat"
HWH,MSAE,train,110,84.6,36085,Howrah - Masagram Local,true,,16:30,18:20,,,"sun,mon,tue,wed,thu,fri,sat"
MSAE,HWH,train,108,84.6,36088,Masagram - Howrah Local,true,,21:42,23:30,,,"sun,mon,tue,wed,thu,fri,sat"
BWN,HWH,train,135,95.1,36814,Barddhaman - Howrah Local (via Chord Line),true,,03:55,06:10,,,"sun,mon,tue,wed,thu,fri,sat"
HWH,BWN,train,135,95.1,36815,Howrah - Barddhaman Local (via Chord Line),true,,06:10,08:25,,,"sun,mon,tue,wed,thu,fri,sat"
BWN,HWH,train,135,95.1,36816,Barddhaman - Howrah Local (via Chord Line),true,,04:55,07:10,,,"sun,mon,tue,wed,thu,fri,sat"
HWH,BWN,train,135,95.1,36817,Howrah-Barddhaman Local (via Chord Line),true,,07:15,09:30,,,"sun,mon,tue,wed,thu,fri,sat"
BWN,HWH,train,135,95.1,36818,Barddhaman - Howrah Local (via Chord Line),true,,05:30,07:45,,,"sun,mon,tue,wed,thu,fri,sat"
BWN,HWH,train,135,95.1,36820,Barddhaman - Howrah Local (via Chord Line),true,,06:00,08:15,,,"sun,mon,tue,wed,thu,fri,sat"
BWN,HWH,train,135,95.1,36822,Barddhaman - Howrah Local (via Chord Line),true,,06:40,08:55,,,"sun,mon,tue,wed,thu,fri,sat"
BWN,HWH,train,125,95.1,36824,Barddhaman - Howrah Local (via Chord Line),true,,07:05,09:10,,,"sun,mon,tue,wed,thu,fri,sat"
BWN,HWH,train,125,95.1,36826,Barddhaman - Howrah Local (via Chord Line),true,,07:30,09:35,,,"sun,mon,tue,wed,thu,fri,sat"
HWH,BWN,train,130,95.1,36827,Howrah - Barddhaman Local (via Chord Line),true,,12:00,14:10,,,"sun,mon,tue,wed,thu,fri,sat"
HWH,BWN,train,136,95.1,36829,Howrah - Barddhaman Local (via Chord Line),true,,13:20,15:36,,,"sun,mon,tue,wed,thu,fri,sat"
HWH,BWN,train,135,95.1,36841,Howrah - Barddhaman Local (via Chord Line),true,,18:30,20:45,,,"sun,mon,tue,wed,thu,fri,sat"
HWH,BWN,train,130,95.1,36845,Howrah - Barddhaman Local (via Chord Line),true,,19:40,21:50,,,"sun,mon,tue,wed,thu,fri,sat"
HWH,BWN,train,135,95.1,36849,Howrah - Barddhaman Local (via Chord Line),true,,21:10,23:25,,,"sun,mon,tue,wed,thu,fri,sat"
BWN,HWH,train,130,95.1,36854,Barddhaman - Howrah Local (via Chord Line),true,,20:00,22:10,,,"sun,mon,tue,wed,thu,fri,sat"
BWN,HWH,train,130,95.1,36858,Barddhaman - Howrah Local (via Chord Line),true,,21:00,23:10,,,"sun,mon,tue,wed,thu,fri,sat"
SHE,HWH,train,42,60.6,37052,Seoraphuli - Howrah Local,true,,11:25,12:07,,,"mon,tue,wed,thu,fri,sat"
HWH,BDC,train,63,68.7,37213,Howrah - Bandel Local,true,,05:05,06:08,,,"sun,mon,tue,wed,thu,fri,sat"
BDC,HWH,train,65,68.7,37214,Bandel - Howrah Local,true,,03:30,04:35,,,"sun,mon,tue,wed,thu,fri,sat"
BDC,HWH,train,65,68.7,37232,Bandel - Howrah Local,true,,08:50,09:55,,,"sun,mon,tue,wed,thu,fri,sat"
BDC,HWH,train,65,68.7,37234,Bandel - Howrah Local,true,,09:07,10:12,,,"mon,tue,wed,thu,fri,sat"
HWH,BDC,train,61,68.7,37235,Howrah - Bandel Local,true,,10:40,11:41,,,"sun,mon,tue,wed,thu,fri,sat"
BDC,HWH,train,70,68.7,37256,Bandel - Howrah Local,true,,15:10,16:20,,,"sun,mon,tue,wed,thu,fri,sat"
HWH,BDC,train,69,68.7,37263,Howrah - Bandel Local,true,,17:47,18:56,,,"sun,mon,tue,wed,thu,fri,sat"
BDC,HWH,train,63,68.7,37266,Bandel - Howrah Local,true,,17:15,18:18,,,"sun,mon,tue,wed,thu,fri,sat"
BDC,HWH,train,72,68.7,37272,Bandel - Howrah Local,true,,18:18,19:30,,,"sun,mon,tue,wed,thu,fri,sat"
HWH,HPL,train,70,71.6,37301,Howrah - Haripal Local,true,,07:05,08:15,,,"sun,mon,tue,wed,thu,fri,sat"
HPL,HWH,train,75,71.6,37302,Haripal - Howrah Local,true,,08:25,09:40,,,"sun,mon,tue,wed,thu,fri,sat"
HWH,HPL,train,80,71.6,37303,Howrah - Haripal Andolan Local,true,,19:15,20:35,,,"sun,mon,tue,wed,thu,fri,sat"
HPL,HWH,train,80,71.6,37304,Haripal - Howrah Local,true,,20:50,22:10,,,"sun,mon,tue,wed,thu,fri,sat"
HWH,TAK,train,100,77.4,37313,Howrah - Tarakeswar Local,true,,05:30,07:10,,,"sun,mon,tue,wed,thu,fri,sat"
HWH,TAK,train,97,77.4,37315,Howrah - Tarakeswar Local,true,,05:48,07:25,,,"sun,mon,tue,wed,thu,fri,sat"
HWH,TAK,train,93,77.4,37317,Howrah - Tarakeswar Local,true,,06:32,08:05,,,"sun,mon,tue,wed,thu,fri,sat"
HWH,TAK,train,98,77.4,37319,Howrah -Tarakeswar Local,true,,06:45,08:23,,,"sun,mon,tue,wed,thu,fri,sat"
TAK,HWH,train,100,77.4,37320,Tarakeswar - Howrah Local,true,,07:00,08:40,,,"sun,mon,tue,wed,thu,fri,sat"
HWH,TAK,train,87,77.4,37323,Howrah - Tarakeswar Local,true,,09:05,10:32,,,"sun,mon,tue,wed,thu,fri,sat"
TAK,HWH,train,87,77.4,37324,Tarakeswar - Howrah Local,true,,07:55,09:22,,,"sun,mon,tue,wed,thu,fri,sat"
HWH,TAK,train,85,77.4,37325,Howrah - Tarakeswar Local,true,,10:20,11:45,,,"sun,mon,tue,wed,thu,fri,sat"
TAK,HWH,train,91,77.4,37326,Tarakeswar - Howrah Local,true,,08:50,10:21,,,"sun,mon,tue,wed,thu,fri,sat"
HWH,TAK,train,95,77.4,37327,Howrah - Tarakeswar Local,true,,10:45,12:20,,,"sun,mon,tue,wed,thu,fri,sat"
TAK,HWH,train,90,77.4,37328,Tarakeswar - Howrah Local,true,,09:32,11:02,,,"sun,mon,tue,wed,thu,fri,sat"
HWH,TAK,train,89,77.4,37329,Howrah - Tarakeswar Local,true,,11:36,13:05,,,"sun,mon,tue,wed,thu,fri,sat"
TAK,HWH,train,93,77.4,37330,Tarakeswar - Howrah Local,true,,10:25,11:58,,,"sun,mon,tue,wed,thu,fri,sat"
TAK,HWH,train,92,77.4,37332,Tarakeswar - Howrah Local,true,,11:15,12:47,,,"sun,mon,tue,wed,thu,fri,sat"
HWH,TAK,train,87,77.4,37333,Howrah - Tarakeswar Local,true,,14:10,15:37,,,"sun,mon,tue,wed,thu,fri,sat"
TAK,HWH,train,94,77.4,37334,Tarakeswar - Howrah Local,true,,12:00,13:34,,,"sun,mon,tue,wed,thu,fri,sat"
HWH,TAK,train,90,77.4,37335,Howrah - Tarakeswar Local,true,,16:10,17:40,,,"sun,mon,tue,wed,thu,fri,sat"
TAK,HWH,train,97,77.4,37336,Tarakeswar - Howrah Local,true,,12:40,14:17,,,"sun,mon,tue,wed,thu,fri,sat"
HWH,TAK,train,93,77.4,37337,Howrah - Tarakeswar Local,true,,17:42,19:15,,,"sun,mon,tue,wed,thu,fri,sat"
TAK,HWH,train,95,77.4,37338,Tarakeswar - Howrah Local,true,,13:25,15:00,,,"sun,mon,tue,wed,thu,fri,sat"
TAK,HWH,train,92,77.4,37340,Tarakeswar - Howrah Local,true,,14:18,15:50,,,"sun,mon,tue,wed,thu,fri,sat"
HWH,TAK,train,93,77.4,37341,Howrah - Tarakeswar Local,true,,19:05,20:38,,,"sun,mon,tue,wed,thu,fri,sat"
TAK,HWH,train,90,77.4,37342,Tarakeswar - Howrah Local,true,,15:15,16:45,,,"sun,mon,tue,wed,thu,fri,sat"
TAK,HWH,train,95,77.4,37344,Tarakeswar - Howrah Local,true,,16:32,18:07,,,"sun,mon,tue,wed,thu,fri,sat"
HWH,TAK,train,90,77.4,37345,Howrah - Tarakeswar Local,true,,20:40,22:10,,,"sun,mon,tue,wed,thu,fri,sat"
TAK,HWH,train,89,77.4,37346,Tarakeswar - Howrah Local,true,,17:10,18:39,,,"sun,mon,tue,wed,thu,fri,sat"
TAK,HWH,train,88,77.4,37348,Tarakeswar - Howrah Local,true,,17:52,19:20,,,"sun,mon,tue,wed,thu,fri,sat"
TAK,HWH,train,92,77.4,37350,Tarakeswar - Howrah Local,true,,18:10,19:42,,,"sun,mon,tue,wed,thu,fri,sat"
TAK,HWH,train,87,77.4,37352,Tarakeswar - Howrah Local,true,,19:00,20:27,,,"sun,mon,tue,wed,thu,fri,sat"
TAK,HWH,train,91,77.4,37354,Tarakeswar - Howrah Local,true,,19:33,21:04,,,"sun,mon,tue,wed,thu,fri,sat"
TAK,HWH,train,90,77.4,37356,Tarkeswar - Howrah Local,true,,20:22,21:52,,,"sun,mon,tue,wed,thu,fri,sat"
TAK,HWH,train,89,77.4,37358,Tarakeswar - Howrah Local,true,,21:38,23:07,,,"sun,mon,tue,wed,thu,fri,sat"
AMBG,HWH,train,129,89.4,37364,Arambagh - Howrah Local,true,,14:50,16:59,,,"sun,mon,tue,wed,thu,fri,sat"
HWH,GOGT,train,160,93.7,37371,Howrah - Goghat Local,true,,04:25,07:05,,,"sun,mon,tue,wed,thu,fri,sat"
HWH,GOGT,train,170,93.7,37373,Howrah - Goghat Local,true,,05:10,08:00,,,"sun,mon,tue,wed,thu,fri,sat"
GOGT,HWH,train,135,93.7,37374,Goghat - Howrah Local,true,,08:30,10:45,,,"sun,mon,tue,wed,thu,fri,sat"
HWH,GOGT,train,150,93.7,37375,Howrah - Goghat Local,true,,07:25,09:55,,,"sun,mon,tue,wed,thu,fri,sat"
HWH,GOGT,train,145,93.7,37377,Howrah - Goghat Local,true,,10:35,13:00,,,"sun,mon,tue,wed,thu,fri,sat"
GOGT,HWH,train,135,93.7,37378,Goghat - Howrah Local,true,,19:12,21:27,,,"sun,mon,tue,wed,thu,fri,sat"
HWH,GOGT,train,145,93.7,37379,Howrah - Goghat Local,true,,13:05,15:30,,,"sun,mon,tue,wed,thu,fri,sat"
GOGT,HWH,train,145,93.7,37380,Goghat - Howrah Local,true,,20:07,22:32,,,"sun,mon,tue,wed,thu,fri,sat"
HWH,GOGT,train,145,93.7,37381,Howrah - Goghat Local,true,,15:05,17:30,,,"sun,mon,tue,wed,thu,fri,sat"
GOGT,HWH,train,147,93.7,37382,Goghat - Howrah Local,true,,21:28,23:55,,,"sun,mon,tue,wed,thu,fri,sat"
HWH,GOGT,train,140,93.7,37387,Howrah - Goghat Local,true,,18:40,21:00,,,"sun,mon,tue,wed,thu,fri,sat"
TAK,GOGT,train,52,66.3,37401,Tarakeswar - Goghat Local,true,,03:40,04:32,,,"sun,mon,tue,wed,thu,fri,sat"
GOGT,TAK,train,46,66.3,37402,Goghat - Tarakeswar Local,true,,04:42,05:28,,,"sun,mon,tue,wed,thu,fri,sat"
TAK,GOGT,train,53,66.3,37403,Tarakeswar - Goghat Local,true,,08:27,09:20,,,"sun,mon,tue,wed,thu,fri,sat"
TAK,GOGT,train,52,66.3,37405,Tarakeswar - Goghat Local,true,,15:42,16:34,,,"sun,mon,tue,wed,thu,fri,sat"
GOGT,TAK,train,45,66.3,37406,Goghat - Tarakeswar Local,true,,10:25,11:10,,,"sun,mon,tue,wed,thu,fri,sat"
GOGT,TAK,train,48,66.3,37408,Goghat - Tarakeswar Local,true,,15:40,16:28,,,"sun,mon,tue,wed,thu,fri,sat"
GOGT,TAK,train,42,66.3,37410,Goghat - Tarakeswar Local,true,,17:05,17:47,,,"sun,mon,tue,wed,thu,fri,sat"
GOGT,TAK,train,44,66.3,37412,Goghat - Tarakeswar Local,true,,18:02,18:46,,,"sun,mon,tue,wed,thu,fri,sat"
SHE,TAK,train,50,66.8,37413,Seoraphuli - Tarakeswar Local,true,,05:15,06:05,,,"sun,mon,tue,wed,thu,fri,sat"
TAK,SHE,train,50,66.8,37414,Tarakeswar - Seoraphuli Local,true,,04:05,04:55,,,"sun,mon,tue,wed,thu,fri,sat"
SHE,TAK,train,46,66.8,37417,Seoraphuli - Tarakeswar Local,true,,11:04,11:50,,,"sun,mon,tue,wed,thu,fri,sat"
TAK,SHE,train,48,66.8,37418,Tarakeswar - Seoraphuli Local,true,,10:05,10:53,,,"sun,mon,tue,wed,thu,fri,sat"
AMBG,TAK,train,38,62.0,37422,Arambagh - Tarakeswar Local,true,,06:14,06:52,,,"sun,mon,tue,wed,thu,fri,sat"
TAK,AMBG,train,37,62.0,37423,Tarakeswar - Arambagh Local,true,,22:20,22:57,,,"sun,mon,tue,wed,thu,fri,sat"
AMBG,TAK,train,37,62.0,37424,Arambagh - Tarakeswar Local,true,,23:15,23:52,,,"sun,mon,tue,wed,thu,fri,sat"
BDC,NH,train,24,54.8,37532,Bandel - Naihati Local,true,,09:08,09:32,,,"sun,mon,tue,wed,thu,fri,sat"
BDC,NH,train,25,54.8,37550,Bandel - Naihati Local,true,,18:35,19:00,,,"sun,mon,tue,wed,thu,fri,sat"
MYM,HWH,train,120,89.4,37652,Memari - Howrah Galloping Local,true,,11:10,13:10,,,"sun,mon,tue,wed,thu,fri,sat"
MYM,HWH,train,109,89.4,37658,Memari - Howrah Local,true,,15:58,17:47,,,"sun,mon,tue,wed,thu,fri,sat"
BDC,KWAE,train,130,100.4,37741,Bandel - Katwa Local,true,,03:05,05:15,,,"sun,mon,tue,wed,thu,fri,sat"
KWAE,BDC,train,134,100.4,37742,Katwa - Bandel Local,true,,04:16,06:30,,,"sun,mon,tue,wed,thu,fri,sat"
BDC,KWAE,train,135,100.4,37743,Bandel - Katwa Local,true,,04:30,06:45,,,"sun,mon,tue,wed,thu,fri,sat"
BDC,KWAE,train,135,100.4,37745,Bandel - Katwa Local,true,,05:40,07:55,,,"sun,mon,tue,wed,thu,fri,sat"
BDC,KWAE,train,134,100.4,37747,Bandel - Katwa Local,true,,08:15,10:29,,,"sun,mon,tue,wed,thu,fri,sat"
BDC,KWAE,train,135,100.4,37749,Bandel - Katwa Local,true,,12:15,14:30,,,"sun,mon,tue,wed,thu,fri,sat"
BDC,KWAE,train,135,100.4,37751,Bandel - Katwa Local,true,,14:35,16:50,,,"sun,mon,tue,wed,thu,fri,sat"
BDC,KWAE,train,135,100.4,37753,Bandel - Katwa Local,true,,16:35,18:50,,,"sun,mon,tue,wed,thu,fri,sat"
BDC,KWAE,train,135,100.4,37755,Bandel - Katwa Local,true,,19:40,21:55,,,"sun,mon,tue,wed,thu,fri,sat"
BDC,KWAE,train,126,100.4,37757,Bandel - Katwa Local,true,,23:25,01:31,,,"sun,mon,tue,wed,thu,fri,sat"
HWH,BWN,train,141,101.4,37815,Howrah - Barddhaman Galloping Local (Via Main Line),true,,05:15,07:36,,,"sun,mon,tue,wed,thu,fri,sat"
HWH,BWN,train,145,101.4,37817,Howrah - Barddhaman Local via-Main Line,true,,06:20,08:45,,,"sun,mon,tue,wed,thu,fri,sat"
BWN,HWH,train,152,101.4,37818,Barddhaman - Howrah Local (via Main Line),true,,05:40,08:12,,,"sun,mon,tue,wed,thu,fri,sat"
BWN,HWH,train,141,101.4,37820,Barddhaman - Howrah Local (via Main Line),true,,06:10,08:31,,,"sun,mon,tue,wed,thu,fri,sat"
BWN,HWH,train,145,101.4,37824,Barddhaman - Howrah Galloping Local (Via Main Line),true,,07:15,09:40,,,"sun,mon,tue,wed,thu,fri,sat"
BWN,HWH,train,140,101.4,37828,Barddhaman - Howrah Galloping Local (via Main Line),true,,08:20,10:40,,,"sun,mon,tue,wed,thu,fri,sat"
BWN,HWH,train,165,101.4,37832,Barddhaman - Howrah Local (via Main Line),true,,09:55,12:40,,,"sun,mon,tue,wed,thu,fri,sat"
BWN,HWH,train,152,101.4,37838,Barddhaman - Howrah Local (via Main Line),true,,13:40,16:12,,,"sun,mon,tue,wed,thu,fri,sat"
BWN,HWH,train,147,101.4,37840,Barddhaman - Howrah Local (via Main Line),true,,15:10,17:37,,,"sun,mon,tue,wed,thu,fri,sat"
BWN,HWH,train,144,101.4,37844,Barddhaman - Howrah Galloping Local (via Main Line),true,,17:25,19:49,,,"sun,mon,tue,wed,thu,fri"
BWN,HWH,train,148,101.4,37852,Barddhaman - Howrah Local (via Main Line),true,,19:50,22:18,,,"sun,mon,tue,wed,thu,fri,sat"
BWN,HWH,train,157,101.4,37854,Barddhaman - Howrah Local (via Main Line),true,,20:40,23:17,,,"sun,mon,tue,wed,thu,fri,sat"
HWH,KWAE,train,188,119.1,37911,Howrah - Katwa Local,true,,05:22,08:30,,,"sun,mon,tue,wed,thu,fri,sat"
KWAE,HWH,train,192,119.1,37912,Katwa - Howrah Local,true,,03:45,06:57,,,"sun,mon,tue,wed,thu,fri,sat"
HWH,KWAE,train,195,119.1,37913,Howrah - Katwa Local,true,,08:00,11:15,,,"sun,mon,tue,wed,thu,fri,sat"
KWAE,HWH,train,190,119.6,37914,Katwa - Howrah Galloping Local,true,,05:35,08:45,,,"sun,mon,tue,wed,thu,fri,sat"
HWH,KWAE,train,195,119.1,37915,Howrah - Katwa Local,true,,10:00,13:15,,,"sun,mon,tue,wed,thu,fri,sat"
KWAE,HWH,train,190,119.6,37916,Katwa - Howrah Galloping Local,true,,06:15,09:25,,,"sun,mon,tue,wed,thu,fri,sat"
KWAE,HWH,train,203,119.1,37918,Katwa - Howrah Local,true,,06:55,10:18,,,"sun,mon,tue,wed,thu,fri,sat"
HWH,KWAE,train,185,119.6,37919,Howrah - Katwa Galloping Local,true,,14:30,17:35,,,"sun,mon,tue,wed,thu,fri,sat"
HWH,KWAE,train,200,119.1,37921,Howrah - Katwa Galloping Local,true,,17:05,20:25,,,"sun,mon,tue,wed,thu,fri,sat"
KWAE,HWH,train,212,119.1,37922,Katwa - Howrah Local (Cash Gari),true,,10:50,14:22,,,"sun,mon,tue,wed,thu,fri,sat"
HWH,KWAE,train,185,119.6,37923,Howrah - Katwa Galloping Local,true,,18:00,21:05,,,"sun,mon,tue,wed,thu,fri,sat"
KWAE,HWH,train,195,119.6,37924,Katwa - Howrah Galloping Local,true,,14:45,18:00,,,"sun,mon,tue,wed,thu,fri,sat"
HWH,KWAE,train,185,119.6,37925,Howrah - Katwa Galloping Local,true,,19:25,22:30,,,"sun,mon,tue,wed,thu,fri,sat"
HWH,KWAE,train,209,119.1,37927,Howrah - Katwa Local,true,,20:30,23:59,,,"sun,mon,tue,wed,thu,fri,sat"
KWAE,HWH,train,199,119.1,37928,Katwa - Howrah Local,true,,19:25,22:44,,,"sun,mon,tue,wed,thu,fri,sat"
HWH,HLZ,train,225,116.7,38051,Howrah - Haldia Local,true,,05:40,09:25,,,"sun,mon,tue,wed,thu,fri,sat"
HLZ,PKU,train,100,83.1,38054,Haldia - Panskura Local,true,,09:50,11:30,,,"sun,mon,tue,wed,thu,fri,sat"
HLZ,HWH,train,185,115.3,38056,Haldia - Howrah Galloping Local,true,,15:00,18:05,,,"sun,mon,tue,wed,thu,fri,sat"
HWH,ULB,train,80,65.4,38105,Howrah - Uluberia Local,true,,08:20,09:40,,,"mon,tue,wed,thu,fri,sat"
BZN,HWH,train,95,71.6,38204,Bagnan - Howrah Local,true,,08:35,10:10,,,"sun,mon,tue,wed,thu,fri,sat"
SRC,MCA,train,80,74.5,38301,Santragachi - Mecheda Local,true,,06:40,08:00,,,"sun,mon,tue,wed,thu,fri,sat"
MCA,HWH,train,95,77.8,38304,Mecheda - Howrah Local,true,,03:55,05:30,,,"sun,mon,tue,wed,thu,fri,sat"
MCA,HWH,train,100,77.8,38308,Mecheda - Howrah Local,true,,06:10,07:50,,,"mon,tue,wed,thu,fri,sat"
SRC,MCA,train,87,74.5,38309,Santragachi - Mecheda Local,true,,17:48,19:15,,,"sun,mon,tue,wed,thu,fri,sat"
HWH,MCA,train,120,77.8,38311,Howrah - Mecheda Local,true,,17:45,19:45,,,"sun,mon,tue,wed,thu,fri,sat"
HWH,MCA,train,120,77.8,38313,Howrah - Mecheda Local,true,,19:00,21:00,,,"mon,tue,wed,thu,fri,sat"
MCA,HWH,train,115,77.8,38314,Mecheda - Howrah Local,true,,13:45,15:40,,,"sun,mon,tue,wed,thu,fri,sat"
HWH,MCA,train,105,77.8,38315,Howrah - Mecheda Local,true,,19:30,21:15,,,"sun,mon,tue,wed,thu,fri,sat"
HWH,MCA,train,110,77.8,38319,Howrah - Mecheda Local,true,,22:05,23:55,,,"mon,tue,wed,thu,fri,sat"
HWH,MCA,train,110,77.8,38321,Howrah - Mecheda Local,true,,23:10,01:00,,,"sun,mon,tue,wed,thu,fri,sat"
HWH,PKU,train,115,83.6,38403,Howrah - Panskura Local,true,,06:20,08:15,,,"mon,tue,wed,thu,fri,sat"
PKU,HWH,train,115,83.6,38404,Panskura - Howrah Local,true,,03:05,05:00,,,"sun,mon,tue,wed,thu,fri,sat"
HWH,PKU,train,120,83.6,38405,Howrah - Panskura Local,true,,06:40,08:40,,,"sun,mon,tue,wed,thu,fri,sat"
HWH,PKU,train,115,83.6,38409,Howrah - Panskura Local,true,,07:50,09:45,,,"mon,tue,wed,thu,fri,sat"
PKU,SRC,train,90,79.8,38410,Panskura - Santragachi Local,true,,05:00,06:30,,,"sun,mon,tue,wed,thu,fri,sat"
SRC,PKU,train,100,80.2,38411,Santragchi - Panskura Local,true,,08:25,10:05,,,"sun,mon,tue,wed,thu,fri,sat"
HWH,PKU,train,130,83.6,38415,Howrah - Panskura Local,true,,09:05,11:15,,,"sun,mon,tue,wed,thu,fri,sat"
PKU,SRC,train,100,79.8,38418,Panskura - Santragachi Local,true,,08:20,10:00,,,"sun,mon,tue,wed,thu,fri,sat"
HWH,PKU,train,130,83.6,38419,Howrah - Panskura Local,true,,10:00,12:10,,,"sun,mon,tue,wed,thu,fri,sat"
PKU,HWH,train,130,83.6,38420,Panskura - Howrah Local,true,,08:30,10:40,,,"mon,tue,wed,thu,fri,sat"
PKU,HWH,train,130,83.6,38422,Panskura - Howrah Local,true,,09:00,11:10,,,"sun,mon,tue,wed,thu,fri,sat"
PKU,HWH,train,120,83.6,38426,Panskura - Howrah Local,true,,09:55,11:55,,,"mon,tue,wed,thu,fri,sat"
HWH,PKU,train,130,83.6,38433,Howrah - Panskura Local,true,,15:40,17:50,,,"sun,mon,tue,wed,thu,fri,sat"
PKU,HWH,train,125,83.6,38436,Panskura - Howrah Local,true,,13:45,15:50,,,"mon,tue,wed,thu,fri,sat"
HWH,PKU,train,120,83.6,38437,Howrah - Panskura Local,true,,17:25,19:25,,,"sun,mon,tue,wed,thu,fri,sat"
PKU,HWH,train,110,83.6,38438,Panskura - Howrah Local,true,,15:45,17:35,,,"sun,mon,tue,wed,thu,fri,sat"
PKU,HWH,train,120,83.6,38440,Panskura - Howrah Local,true,,16:30,18:30,,,"sun,mon,tue,wed,thu,fri,sat"
PKU,HWH,train,135,83.6,38442,Panskura - Howrah Local,true,,16:45,19:00,,,"sun,mon,tue,wed,thu,fri,sat"
HWH,PKU,train,120,83.6,38443,Howrah - Panskura Local,true,,19:10,21:10,,,"mon,tue,wed,thu,fri,sat"
PKU,HWH,train,120,83.6,38448,Panskura - Howrah Local,true,,18:10,20:10,,,"sun,mon,tue,wed,thu,fri,sat"
PKU,HWH,train,125,83.6,38454,Panskura - Howrah Local,true,,20:10,22:15,,,"sun,mon,tue,wed,thu,fri,sat"
PKU,HWH,train,120,83.6,38456,Panskura - Howrah Local,true,,21:20,23:20,,,"mon,tue,wed,thu,fri,sat"
KGP,HWH,train,170,104.7,38704,Kharagpur - Howrah Local,true,,03:50,06:40,,,"sun,mon,tue,wed,thu,fri,sat"
HWH,KGP,train,160,105.2,38705,Howrah - Kharagpur Local,true,,04:45,07:25,,,"sun,mon,tue,wed,thu,fri,sat"
KGP,HWH,train,180,104.7,38706,Kharagpur - Howrah Local,true,,05:10,08:10,,,"sun,mon,tue,wed,thu,fri,sat"
KGP,HWH,train,155,105.2,38714,Kharagpur - Howrah Galloping Local,true,,07:45,10:20,,,"sun,mon,tue,wed,thu,fri,sat"
HWH,KGP,train,195,105.2,38719,Howrah - Kharagpur Local,true,,14:15,17:30,,,"sun,mon,tue,wed,thu,fri,sat"
KGP,HWH,train,185,104.7,38720,Kharagpur - Howrah Local,true,,14:10,17:15,,,"sun,mon,tue,wed,thu,fri,sat"
HWH,KGP,train,180,105.2,38721,Howrah - Kharagpur Local,true,,16:00,19:00,,,"sun,mon,tue,wed,thu,fri,sat"
KGP,HWH,train,185,104.7,38724,Kharagpur - Howrah Local,true,,17:20,20:25,,,"mon,tue,wed,thu,fri,sat"
KGP,HWH,train,195,104.7,38728,Kharagpur - Howrah Local,true,,18:50,22:05,,,"sun,mon,tue,wed,thu,fri,sat"
HWH,MDN,train,205,111.4,38809,Howrah - Midnapore Local,true,,08:00,11:25,,,"sun,mon,tue,wed,thu,fri,sat"
MDN,HWH,train,200,111.0,38810,Midnapore - Howrah Local,true,,07:40,11:00,,,"sun,mon,tue,wed,thu,fri,sat"
HWH,MDN,train,225,111.4,38813,Howrah - Midnapore Local,true,,09:40,13:25,,,"sun,mon,tue,wed,thu,fri,sat"
MDN,HWH,train,205,111.0,38814,Midnapore - Howrah Local,true,,11:00,14:25,,,"sun,mon,tue,wed,thu,fri,sat"
HWH,MDN,train,210,111.4,38815,Howrah - Midnapore Local,true,,10:30,14:00,,,"sun,mon,tue,wed,thu,fri,sat"
HWH,MDN,train,180,111.4,38821,Howrah - Midnapore Galloping Local,true,,15:50,18:50,,,"sun,mon,tue,wed,thu,fri,sat"
MDN,HWH,train,230,111.0,38826,Midnapore - Howrah Local,true,,17:40,21:30,,,"sun,mon,tue,wed,thu,fri,sat"
HWH,MDN,train,210,111.4,38827,Howrah - Midnapore Galloping Local,true,,18:40,22:10,,,"sun,mon,tue,wed,thu,fri,sat"
HWH,AMTA,train,100,73.5,38903,Howrah - Amta Local,true,,04:55,06:35,,,"sun,mon,tue,wed,thu,fri,sat"
AMTA,HWH,train,110,73.5,38906,Amta - Howrah Local,true,,06:40,08:30,,,"sun,mon,tue,wed,thu,fri,sat"
HWH,AMTA,train,115,73.5,38907,Howrah - Amta Local,true,,08:40,10:35,,,"sun,mon,tue,wed,thu,fri,sat"
AMTA,HWH,train,120,73.5,38908,Amta - Howrah Local,true,,08:00,10:00,,,"sun,mon,tue,wed,thu,fri,sat"
HWH,AMTA,train,105,73.5,38909,Howrah - Amta Local,true,,11:10,12:55,,,"mon,tue,wed,thu,fri,sat"
AMTA,HWH,train,115,73.5,38910,Amta - Howrah Local,true,,08:55,10:50,,,"sun,mon,tue,wed,thu,fri,sat"
AMTA,HWH,train,135,73.5,38912,Amta - Howrah Local,true,,10:45,13:00,,,"sun,mon,tue,wed,thu,fri,sat"
AMTA,HWH,train,115,73.5,38914,Amta - Howrah Local,true,,13:05,15:00,,,"mon,tue,wed,thu,fri,sat"
AMTA,HWH,train,115,73.5,38916,Amta - Howrah Local,true,,15:50,17:45,,,"mon,tue,wed,thu,fri,sat"
AMTA,HWH,train,115,73.5,38918,Amta - Howrah Local,true,,17:25,19:20,,,"sun,mon,tue,wed,thu,fri,sat"
AMTA,HWH,train,100,73.5,38922,Amta - Howrah Local,true,,20:15,21:55,,,"mon,tue,wed,thu,fri,sat"
AMTA,HWH,train,120,73.5,38924,Amta - Howrah Local,true,,21:30,23:30,,,"sun,mon,tue,wed,thu,fri,sat"
MSB,TBM,train,60,63.9,40001,Chennai Beach - Tambaram EMU (12 Car),true,,05:50,06:50,,,"mon,tue,wed,thu,fri,sat"
TBM,MSB,train,60,63.9,40002,Tambaram - Chennai Beach EMU (12 Car),true,,03:55,04:55,,,"mon,tue,wed,thu,fri,sat"
MSB,TBM,train,60,63.9,40003,Chennai Beach - Tambaram EMU,true,,07:10,08:10,,,"mon,tue,wed,thu,fri,sat"
TBM,MSB,train,60,63.9,40004,Tambaram - Chennai Beach EMU (12 Car),true,,04:15,05:15,,,"mon,tue,wed,thu,fri,sat"
MSB,TBM,train,60,63.9,40005,Chennai Beach - Tambaram EMU (12 Car),true,,07:40,08:40,,,"mon,tue,wed,thu,fri,sat"
TBM,MSB,train,60,63.9,40006,Tambaram - Chennai Beach EMU (12 Car),true,,04:35,05:35,,,"mon,tue,wed,thu,fri,sat"
MSB,TBM,train,60,63.9,40007,Chennai Beach - Tambaram EMU (12 Car),true,,08:00,09:00,,,"mon,tue,wed,thu,fri,sat"
TBM,MSB,train,60,63.9,40008,Tambaram - Chennai Beach EMU (12 Car),true,,05:30,06:30,,,"mon,tue,wed,thu,fri,sat"
MSB,TBM,train,60,63.9,40009,Chennai Beach - Tambaram EMU (12 Car),true,,08:10,09:10,,,"mon,tue,wed,thu,fri,sat"
TBM,MSB,train,60,63.9,40010,Tambaram - Chennai Beach EMU (12 Car),true,,06:00,07:00,,,"mon,tue,wed,thu,fri,sat"
MSB,TBM,train,60,63.9,40011,Chennai Beach - Tambaram EMU (12 Car),true,,08:20,09:20,,,"mon,tue,wed,thu,fri,sat"
TBM,MSB,train,60,63.9,40012,Tambaram - Chennai Beach EMU (12 Car),true,,06:35,07:35,,,"mon,tue,wed,thu,fri,sat"
MSB,TBM,train,60,63.9,40013,Chennai Beach - Tambaram EMU (12 Car),true,,08:40,09:40,,,"mon,tue,wed,thu,fri,sat"
TBM,MSB,train,60,63.9,40014,Tambaram - Chennai Beach EMU,true,,07:05,08:05,,,"mon,tue,wed,thu,fri,sat"
MSB,TBM,train,65,63.9,40015,Chennai Beach - Tambaram EMU (12 Car),true,,08:50,09:55,,,"mon,tue,wed,thu,fri,sat"
TBM,MSB,train,60,63.9,40016,Tambaram - Chennai Beach EMU (12 Car),true,,07:25,08:25,,,"mon,tue,wed,thu,fri,sat"
MSB,TBM,train,70,63.9,40017,Chennai Beach - Tambaram EMU (12 Car),true,,09:10,10:20,,,"mon,tue,wed,thu,fri,sat"
TBM,MSB,train,60,63.9,40018,Tambaram - Chennai Beach EMU (12 Car),true,,07:55,08:55,,,"mon,tue,wed,thu,fri,sat"
MSB,TBM,train,70,63.9,40019,Chennai Beach - Tambaram EMU,true,,09:20,10:30,,,"mon,tue,wed,thu,fri,sat"
TBM,MSB,train,75,63.9,40020,Tambaram - Chennai Beach EMU (12 Car),true,,08:20,09:35,,,"mon,tue,wed,thu,fri,sat"
MSB,TBM,train,65,63.9,40021,Chennai Beach - Tambaram EMU,true,,09:30,10:35,,,"mon,tue,wed,thu,fri,sat"
TBM,MSB,train,75,63.9,40022,Tambaram - Chennai Beach EMU,true,,08:30,09:45,,,"mon,tue,wed,thu,fri,sat"
MSB,TBM,train,64,63.9,40023,Chennai Beach - Tambaram EMU,true,,09:51,10:55,,,"mon,tue,wed,thu,fri,sat"
TBM,MSB,train,72,63.9,40024,Tambaram - Chennai Beach EMU,true,,08:38,09:50,,,"mon,tue,wed,thu,fri,sat"
MSB,TBM,train,60,63.9,40025,Chennai Beach-Tambaram EMU (12 car),true,,10:05,11:05,,,"mon,tue,wed,thu,fri,sat"
TBM,MSB,train,69,63.9,40026,Tambaram - Chennai Beach EMU (12 Car),true,,08:48,09:57,,,"mon,tue,wed,thu,fri,sat"
MSB,TBM,train,60,63.9,40027,Chennai Beach - Tambaram EMU (12 car),true,,10:20,11:20,,,"mon,tue,wed,thu,fri,sat"
TBM,MSB,train,72,63.9,40028,Tambaram - Chennai Beach EMU (12 Car),true,,08:58,10:10,,,"mon,tue,wed,thu,fri,sat"
MSB,TBM,train,60,63.9,40029,Chennai Beach - Tambaram EMU (12 Car),true,,10:28,11:28,,,"mon,tue,wed,thu,fri,sat"
TBM,MSB,train,70,63.9,40030,Tambaram - Chennai Beach Ladies Special EMU (12 Car),true,,09:05,10:15,,,"mon,tue,wed,thu,fri,sat"
MSB,TBM,train,60,63.9,40031,Chennai Beach - Tambaram EMU (12 car),true,,10:38,11:38,,,"mon,tue,wed,thu,fri,sat"
TBM,MSB,train,64,63.9,40032,Tambaram - Chennai Beach Ladies Special EMU (12 Car),true,,09:25,10:29,,,"mon,tue,wed,thu,fri,sat"
MSB,TBM,train,60,63.9,40033,Chennai Beach - Tambaram EMU (12 Car),true,,10:58,11:58,,,"mon,tue,wed,thu,fri,sat"
TBM,MSB,train,75,63.9,40034,Tambaram - Chennai Beach EMU (12 Car),true,,09:45,11:00,,,"mon,tue,wed,thu,fri,sat"
MSB,TBM,train,60,63.9,40035,Chennai Beach - Tambaram EMU (12 Car),true,,11:08,12:08,,,"mon,tue,wed,thu,fri,sat"
MSB,TBM,train,60,63.9,40037,Chennai Beach - Tambaram EMU (12 Car),true,,11:18,12:18,,,"mon,tue,wed,thu,fri,sat"
TBM,MSB,train,60,63.9,40038,Tambaram - Chennai Beach EMU (12 Car),true,,10:30,11:30,,,"mon,tue,wed,thu,fri,sat"
MSB,TBM,train,60,63.9,40039,Chennai Beach - Tambaram EMU (12 Car),true,,11:38,12:38,,,"mon,tue,wed,thu,fri,sat"
TBM,MSB,train,60,63.9,40040,Tambaram - Chennai Beach EMU (12 Car),true,,11:00,12:00,,,"mon,tue,wed,thu,fri,sat"
MSB,TBM,train,60,63.9,40041,Chennai Beach - Tambaram EMU (12 Car),true,,11:50,12:50,,,"mon,tue,wed,thu,fri,sat"
TBM,MSB,train,60,63.9,40042,Tambaram - Chennai Beach EMU (12 Car),true,,11:10,12:10,,,"mon,tue,wed,thu,fri,sat"
MSB,TBM,train,60,63.9,40043,Chennai Beach - Tambaram EMU (12 Car),true,,12:15,13:15,,,"mon,tue,wed,thu,fri,sat"
TBM,MSB,train,60,63.9,40044,Tambaram - Chennai Beach EMU (12 Car),true,,11:50,12:50,,,"mon,tue,wed,thu,fri,sat"
MSB,TBM,train,60,63.9,40045,Chennai Beach - Tambaram EMU (12 Car),true,,12:45,13:45,,,"mon,tue,wed,thu,fri,sat"
TBM,MSB,train,60,63.9,40046,Tambaram - Chennai Beach EMU (12 Car),true,,12:20,13:20,,,"mon,tue,wed,thu,fri,sat"
TBM,MSB,train,60,63.9,40048,Tambaram - Chennai Beach EMU (12 Car),true,,12:35,13:35,,,"mon,tue,wed,thu,fri,sat"
MSB,TBM,train,60,63.9,40049,Chennai Beach - Tambaram EMU (12 car),true,,13:30,14:30,,,"mon,tue,wed,thu,fri,sat"
TBM,MSB,train,60,63.9,40050,Tambaram - Chennai Beach EMU,true,,13:50,14:50,,,"mon,tue,wed,thu,fri,sat"
TBM,MSB,train,60,63.9,40052,Tambaram - Chennai Beach EMU (12 Car),true,,14:15,15:15,,,"mon,tue,wed,thu,fri,sat"
MSB,TBM,train,60,63.9,40053,Chennai Beach - Tambaram EMU (12 Car),true,,14:40,15:40,,,"mon,tue,wed,thu,fri,sat"
TBM,MSB,train,60,63.9,40054,Tambaram - Chennai Beach EMU (12 Car),true,,14:45,15:45,,,"mon,tue,wed,thu,fri,sat"
TBM,MSB,train,60,63.9,40056,Tambaram - Chennai Beach EMU (12 Car),true,,15:00,16:00,,,"mon,tue,wed,thu,fri,sat"
MSB,TBM,train,60,63.9,40057,Chennai Beach - Tambaram EMU (12 Car),true,,15:55,16:55,,,"mon,tue,wed,thu,fri,sat"
TBM,MSB,train,60,63.9,40058,Tambaram - Chennai Beach EMU (12 Car),true,,15:30,16:30,,,"mon,tue,wed,thu,fri,sat"
MSB,TBM,train,60,63.9,40059,Chennai Beach - Tambaram EMU (12 Car),true,,16:27,17:27,,,"mon,tue,wed,thu,fri,sat"
TBM,MSB,train,60,63.9,40060,Tambaram - Chennai Beach EMU (12 Car),true,,15:45,16:45,,,"mon,tue,wed,thu,fri,sat"
TBM,MSB,train,60,63.9,40062,Tambaram - Chennai Beach EMU (12 Car),true,,16:08,17:08,,,"mon,tue,wed,thu,fri,sat"
MSB,TBM,train,60,63.9,40063,Chennai Beach - Tambaram EMU (12 Car),true,,17:08,18:08,,,"mon,tue,wed,thu,fri,sat"
TBM,MSB,train,60,63.9,40064,Tambaram - Chennai Beach EMU,true,,16:16,17:16,,,"mon,tue,wed,thu,fri,sat"
MSB,TBM,train,60,63.9,40065,Chennai Beach - Tambaram EMU (12 Car),true,,17:26,18:26,,,"mon,tue,wed,thu,fri,sat"
TBM,MSB,train,60,63.9,40066,Tambaram - Chennai Beach EMU (12 Car),true,,16:24,17:24,,,"mon,tue,wed,thu,fri,sat"
TBM,MSB,train,60,63.9,40068,Tambaram - Chennai Beach EMU (12 Car),true,,16:32,17:32,,,"mon,tue,wed,thu,fri,sat"
TBM,MSB,train,60,63.9,40070,Tambaram - Chennai Beach EMU (12 Car),true,,16:48,17:48,,,"mon,tue,wed,thu,fri,sat"
MSB,TBM,train,60,63.9,40071,Chennai Beach - Tambaram EMU (12 car),true,,18:22,19:22,,,"mon,tue,wed,thu,fri,sat"
TBM,MSB,train,60,63.9,40072,Tambaram - Chennai Beach EMU (12 Car),true,,16:54,17:54,,,"mon,tue,wed,thu,fri,sat"
MSB,TBM,train,60,63.9,40073,Chennai Beach - Tambaram EMU (12 car),true,,18:44,19:44,,,"mon,tue,wed,thu,fri,sat"
TBM,MSB,train,60,63.9,40074,Tambaram - Chennai Beach EMU (12 Car),true,,17:08,18:08,,,"mon,tue,wed,thu,fri,sat"
MSB,TBM,train,60,63.9,40075,Chennai Beach - Tambaram EMU,true,,18:52,19:52,,,"mon,tue,wed,thu,fri,sat"
TBM,MSB,train,60,63.9,40076,Tambaram - Chennai Beach EMU (12 Car),true,,17:16,18:16,,,"mon,tue,wed,thu,fri,sat"
MSB,TBM,train,60,63.9,40077,Chennai Beach - Tambaram EMU (12 Car),true,,19:10,20:10,,,"mon,tue,wed,thu,fri,sat"
TBM,MSB,train,60,63.9,40078,Tambaram - Chennai Beach EMU (12 Car),true,,17:32,18:32,,,"mon,tue,wed,thu,fri,sat"
MSB,TBM,train,60,63.9,40079,Chennai Beach -Tambaram EMU (12 Car),true,,19:40,20:40,,,"mon,tue,wed,thu,fri,sat"
TBM,MSB,train,60,63.9,40080,Tambaram - Chennai Beach EMU (12 Car),true,,17:40,18:40,,,"mon,tue,wed,thu,fri,sat"
MSB,TBM,train,60,63.9,40081,Chennai Beach - Tambaram EMU (12 Car),true,,21:00,22:00,,,"mon,tue,wed,thu,fri,sat"
TBM,MSB,train,60,63.9,40082,Tambaram - Chennai Beach EMU (12 Car),true,,18:05,19:05,,,"mon,tue,wed,thu,fri,sat"
MSB,TBM,train,60,63.9,40083,Chennai Beach - Tambaram EMU (12 Car),true,,22:20,23:20,,,"mon,tue,wed,thu,fri,sat"
TBM,MSB,train,60,63.9,40084,Tambaram - Chennai Beach EMU (12 Car),true,,18:15,19:15,,,"mon,tue,wed,thu,fri,sat"
MSB,TBM,train,61,63.9,40085,Chennai Beach - Tambaram EMU (12 Car),true,,23:00,00:01,,,"mon,tue,wed,thu,fri,sat"
TBM,MSB,train,60,63.9,40086,Tambaram - Chennai Beach EMU (12 Car),true,,18:35,19:35,,,"mon,tue,wed,thu,fri,sat"
MSB,TBM,train,60,63.9,40087,Chennai Beach - Tambaram EMU,true,,23:20,00:20,,,"mon,tue,wed,thu,fri,sat"
TBM,MSB,train,60,63.9,40088,Tambaram - Chennai Beach EMU (12 Car),true,,18:45,19:45,,,"mon,tue,wed,thu,fri,sat"
MSB,TBM,train,60,63.9,40089,Chennai Beach - Tambaram EMU (12 Car),true,,23:40,00:40,,,"mon,tue,wed,thu,fri,sat"
TBM,MSB,train,60,63.9,40090,Tambaram - Chennai Beach EMU (12 Car),true,,19:10,20:10,,,"mon,tue,wed,thu,fri,sat"
MSB,TBM,train,56,63.9,40091,Chennai Beach - Tambaram EMU (12 Car),true,,23:59,00:55,,,"mon,tue,wed,thu,fri,sat"
TBM,MSB,train,60,63.9,40092,Tambaram - Chennai Beach EMU (12 Car),true,,19:45,20:45,,,"mon,tue,wed,thu,fri,sat"
TBM,MSB,train,60,63.9,40094,Tambaram - Chennai Beach EMU (12 Car),true,,20:45,21:45,,,"mon,tue,wed,thu,fri,sat"
MSB,GI,train,85,69.2,40201,Chennai Beach - Guduvancheri EMU (12 Car),true,,19:30,20:55,,,"mon,tue,wed,thu,fri,sat"
GI,MSB,train,85,69.2,40202,Guduvancheri - Chennai Beach EMU,true,,21:05,22:30,,,"mon,tue,wed,thu,fri,sat"
MSB,GI,train,90,69.2,40203,Chennai Beach - Guduvancheri EMU,true,,20:00,21:30,,,"mon,tue,wed,thu,fri,sat"
GI,MSB,train,100,69.2,40204,Guduvancheri - Chennai Beach EMU,true,,21:40,23:20,,,"mon,tue,wed,thu,fri,sat"
GI,MSB,train,106,69.2,40206,Guduvancheri - Chennai Beach EMU,true,,22:15,00:01,,,"mon,tue,wed,thu,fri,sat"
MSB,GI,train,85,69.2,40207,Chennai Beach - Guduvancheri EMU,true,,21:15,22:40,,,"mon,tue,wed,thu,fri,sat"
MSB,GI,train,85,69.2,40251,Chennai Beach - Guduvancheri EMU Local,true,,19:30,20:55,,,sun
MSB,GI,train,85,69.2,40253,Chennai Beach - Guduvancheri EMU Local,true,,20:15,21:40,,,sun
GI,TBM,train,25,55.3,40254,Guduvancheri - Tambaram EMU Local,true,,21:50,22:15,,,sun
MSB,GI,train,90,69.2,40255,Chennai Beach - Guduvancheri EMU Local,true,,20:45,22:15,,,sun
MSB,GI,train,85,69.2,40257,Chennai Beach - Guduvancheri EMU,true,,21:15,22:40,,,sun
GI,TBM,train,25,55.3,40258,Guduvancheri - Tambaram EMU Local,true,,22:50,23:15,,,sun
MSB,GI,train,85,69.2,40259,Chennai Beach - Guduvancheri EMU Local,true,,21:50,23:15,,,sun
MSB,TBM,train,60,63.9,40301,Chennai Beach - Tambaram EMU (12 Car),true,,04:10,05:10,,,sun
TBM,MSB,train,60,63.9,40302,Tambaram - Chennai Beach EMU (12 Car),true,,03:55,04:55,,,sun
MSB,TBM,train,60,63.9,40303,Chennai Beach - Tambaram EMU (12 Car),true,,06:00,07:00,,,sun
TBM,MSB,train,60,63.9,40304,Tambaram - Chennai Beach EMU (12 Car),true,,04:15,05:15,,,sun
MSB,TBM,train,60,63.9,40305,Chennai Beach - Tambaram EMU(12 Car),true,,06:40,07:40,,,sun
TBM,MSB,train,60,63.9,40306,Tambaram - Chennai Beach EMU (12 Car),true,,04:35,05:35,,,sun
MSB,TBM,train,60,63.9,40307,Chennai Beach - Tambaram EMU (12 Car),true,,07:15,08:15,,,sun
TBM,MSB,train,60,63.9,40308,Tambaram - Chennai Beach EMU (12 Car),true,,05:15,06:15,,,sun
MSB,TBM,train,60,63.9,40309,Chennai Beach - Tambaram EMU (12 Car),true,,07:40,08:40,,,sun
TBM,MSB,train,60,63.9,40310,Tambaram - Chennai Beach EMU (12 Car),true,,06:00,07:00,,,sun
MSB,TBM,train,60,63.9,40311,Chennai Beach - Tambaram EMU (12 Car),true,,07:55,08:55,,,sun
TBM,MSB,train,60,63.9,40312,Tambaram - Chennai Beach EMU (12 Car),true,,06:30,07:30,,,sun
MSB,TBM,train,60,63.9,40313,Chennai Beach - Tambaram EMU,true,,08:20,09:20,,,sun
TBM,MSB,train,60,63.9,40314,Tambaram - Chennai Beach EMU (12 Car),true,,07:00,08:00,,,sun
MSB,TBM,train,60,63.9,40315,Chennai Beach - Tambaram EMU (12 Car),true,,08:30,09:30,,,sun
TBM,MSB,train,60,63.9,40316,Tambaram - Chennai Beach EMU (12 Car),true,,07:25,08:25,,,sun
MSB,TBM,train,60,63.9,40317,Chennai Beach - Tambaram EMU (12 Car),true,,08:40,09:40,,,sun
TBM,MSB,train,60,63.9,40318,Tambaram - Chennai Beach EMU (12 Car),true,,08:10,09:10,,,sun
MSB,TBM,train,60,63.9,40319,Chennai Beach - Tambaram EMU (12 Car),true,,09:00,10:00,,,sun
TBM,MSB,train,60,63.9,40320,Tambaram - Chennai Beach EMU (12 Car),true,,08:30,09:30,,,sun
TBM,MSB,train,60,63.9,40322,Tambaram - Chennai Beach EMU (12 Car),true,,08:40,09:40,,,sun
MSB,TBM,train,60,63.9,40323,Chennai Beach - Tambaram EMU (12 Car),true,,09:20,10:20,,,sun
TBM,MSB,train,60,63.9,40324,Tambaram - Chennai Beach EMU (12 Car),true,,09:00,10:00,,,sun
MSB,TBM,train,60,63.9,40325,Chennai Beach - Tambaram EMU (12 Car),true,,09:40,10:40,,,sun
TBM,MSB,train,60,63.9,40326,Tambaram - Chennai Beach EMU (12 Car),true,,09:30,10:30,,,sun
MSB,TBM,train,60,63.9,40327,Chennai Beach - Tambaram EMU (12 Car),true,,09:50,10:50,,,sun
TBM,MSB,train,60,63.9,40328,Tambaram - Chennai Beach EMU (12 Car),true,,09:40,10:40,,,sun
TBM,MSB,train,60,63.9,40330,Tambaram - Chennai Beach EMU (12 Car),true,,09:50,10:50,,,sun
MSB,TBM,train,60,63.9,40331,Chennai Beach - Tambaram EMU (12 Car),true,,11:00,12:00,,,sun
TBM,MSB,train,60,63.9,40332,Tambaram - Chennai Beach EMU (12 Car),true,,10:15,11:15,,,sun
MSB,TBM,train,60,63.9,40333,Chennai Beach - Tambaram EMU (12 Car),true,,11:15,12:15,,,sun
TBM,MSB,train,60,63.9,40334,Tambaram - Chennai Beach EMU (12 Car),true,,10:45,11:45,,,sun
MSB,TBM,train,60,63.9,40335,Chennai Beach - Tambaram EMU (12 Car),true,,11:30,12:30,,,sun
TBM,MSB,train,60,63.9,40336,Tambaram - Chennai Beach EMU (12 Car),true,,11:00,12:00,,,sun
MSB,TBM,train,60,63.9,40337,Chennai Beach - Tambaram EMU (12 Car),true,,12:00,13:00,,,sun
TBM,MSB,train,60,63.9,40338,Tambaram - Chennai Beach EMU (12 Car),true,,11:30,12:30,,,sun
MSB,TBM,train,60,63.9,40339,Chennai Beach - Tambaram EMU (12 Car),true,,12:30,13:30,,,sun
TBM,MSB,train,60,63.9,40340,Tambaram - Chennai Beach EMU (12 Car),true,,12:15,13:15,,,sun
MSB,TBM,train,60,63.9,40341,Chennai Beach - Tambaram EMU (12 Car),true,,13:15,14:15,,,sun
TBM,MSB,train,60,63.9,40342,Tambaram - Chennai Beach EMU (12 Car),true,,12:30,13:30,,,sun
MSB,TBM,train,60,63.9,40343,Chennai Beach - Tambaram EMU (12 Car),true,,13:30,14:30,,,sun
TBM,MSB,train,60,63.9,40344,Tambaram - Chennai Beach EMU (12 Car),true,,13:30,14:30,,,sun
MSB,TBM,train,60,63.9,40347,Chennai Beach - Tambaram EMU (12 Car),true,,14:30,15:30,,,sun
TBM,MSB,train,60,63.9,40348,Tambaram - Chennai Beach EMU (12 Car),true,,14:15,15:15,,,sun
MSB,TBM,train,60,63.9,40349,Chennai Beach - Tambaram EMU (12 Car),true,,15:15,16:15,,,sun
TBM,MSB,train,60,63.9,40350,Tambaram - Chennai Beach EMU (12 Car),true,,14:30,15:30,,,sun
MSB,TBM,train,60,63.9,40351,Chennai Beach - Tambaram EMU (12 Car),true,,15:50,16:50,,,sun
TBM,MSB,train,60,63.9,40352,Tambaram - Chennai Beach EMU (12 Car),true,,15:00,16:00,,,sun
MSB,TBM,train,60,63.9,40353,Chennai Beach - Tambaram EMU (12 Car),true,,16:10,17:10,,,sun
TBM,MSB,train,60,63.9,40354,Tambaram - Chennai Beach EMU (12 Car),true,,15:30,16:30,,,sun
MSB,TBM,train,60,63.9,40355,Chennai Beach - Tambaram EMU (12 Car),true,,16:40,17:40,,,sun
TBM,MSB,train,60,63.9,40356,Tambaram - Chennai Beach EMU (12 Car),true,,15:45,16:45,,,sun
MSB,TBM,train,60,63.9,40357,Chennai Beach - Tambaram EMU (12 Car),true,,16:50,17:50,,,sun
TBM,MSB,train,60,63.9,40358,Tambaram - Chennai Beach EMU (12 Car),true,,16:10,17:10,,,sun
MSB,TBM,train,60,63.9,40359,Chennai Beach - Tambaram EMU (12 Car),true,,17:00,18:00,,,sun
TBM,MSB,train,60,63.9,40360,Tambaram - Chennai Beach EMU (12 Car),true,,16:20,17:20,,,sun
MSB,TBM,train,60,63.9,40361,Chennai Beach - Tambaram EMU(12 Car),true,,17:20,18:20,,,sun
TBM,MSB,train,60,63.9,40362,Tambaram - Chennai Beach EMU (12 Car),true,,16:30,17:30,,,sun
MSB,TBM,train,60,63.9,40363,Chennai Beach - Tambaram EMU(12 Car),true,,17:30,18:30,,,sun
TBM,MSB,train,60,63.9,40364,Tambaram - Chennai Beach EMU (12 Car),true,,16:40,17:40,,,sun
MSB,TBM,train,60,63.9,40365,Chennai Beach - Tambaram EMU (12 Car),true,,17:50,18:50,,,sun
TBM,MSB,train,60,63.9,40366,Tambaram - Chennai Beach EMU (12 Car),true,,16:54,17:54,,,sun
MSB,TBM,train,60,63.9,40367,Chennai Beach - Tambaram EMU (12 Car),true,,18:23,19:23,,,sun
TBM,MSB,train,60,63.9,40368,Tambaram - Chennai Beach EMU (12 Car),true,,17:30,18:30,,,sun
MSB,TBM,train,60,63.9,40369,Chennai Beach - Tambaram EMU (12 Car),true,,18:50,19:50,,,sun
TBM,MSB,train,60,63.9,40370,Tambaram - Chennai Beach EMU (12 Car),true,,17:40,18:40,,,sun
MSB,TBM,train,60,63.9,40371,Chennai Beach - Tambaram EMU (12 Car),true,,19:00,20:00,,,sun
TBM,MSB,train,60,63.9,40372,Tambaram - Chennai Beach EMU (12 Car),true,,18:00,19:00,,,sun
MSB,TBM,train,60,63.9,40373,Chennai Beach - Tambaram EMU (12 Car),true,,21:30,22:30,,,sun
TBM,MSB,train,60,63.9,40374,Tambaram - Chennai Beach EMU (12 Car),true,,18:10,19:10,,,sun
TBM,MSB,train,60,63.9,40376,Tambaram - Chennai Beach EMU (12 Car),true,,18:20,19:20,,,sun
MSB,TBM,train,60,63.9,40377,Chennai Beach - Tambaram EMU (12 Car),true,,22:20,23:20,,,sun
TBM,MSB,train,60,63.9,40378,Tambaram - Chennai Beach EMU (12 Car),true,,18:40,19:40,,,sun
MSB,TBM,train,61,63.9,40379,Chennai Beach - Tambaram EMU (12 Car),true,,23:00,00:01,,,sun
TBM,MSB,train,60,63.9,40380,Tambaram - Chennai Beach EMU (12 Car),true,,18:50,19:50,,,sun
MSB,TBM,train,60,63.9,40381,Chennai Beach - Tambaram EMU (12 Car),true,,23:20,00:20,,,sun
TBM,MSB,train,60,63.9,40382,Tambaram - Chennai Beach EMU (12 Car),true,,19:00,20:00,,,sun
MSB,TBM,train,60,63.9,40383,Chennai Beach - Tambaram EMU (12 Car),true,,23:40,00:40,,,sun
TBM,MSB,train,60,63.9,40384,Tambaram - Chennai Beach EMU (12 Car),true,,19:25,20:25,,,sun
MSB,TBM,train,56,63.9,40385,Chennai Beach - Tambaram EMU (12 Car),true,,23:59,00:55,,,sun
TBM,MSB,train,60,63.9,40386,Tambaram - Chennai Beach EMU (12 Car),true,,20:10,21:10,,,sun
TBM,MSB,train,60,63.9,40388,Tambaram - Chennai Beach EMU (12 Car),true,,21:00,22:00,,,sun
TBM,MSB,train,60,63.9,40390,Tambaram - Chennai Beach EMU (12 Car),true,,21:40,22:40,,,sun
TBM,MSB,train,60,63.9,40392,Tambaram - Chennai Beach EMU (12 Car),true,,22:20,23:20,,,sun
TBM,MSB,train,61,63.9,40394,Tambaram - Chennai Beach EMU (12 Car),true,,23:00,00:01,,,sun
TBM,MSB,train,60,63.9,40396,Tambaram - Chennai Beach EMU (12 Car),true,,23:40,00:40,,,sun
MSB,CGL,train,110,78.8,40501,Chennai Beach - Chengalpattu EMU (12 Car),true,,03:50,05:40,,,"mon,tue,wed,thu,fri,sat"
CGL,MSB,train,120,78.8,40502,Chengalpattu - Chennai Beach EMU (12 Car),true,,03:55,05:55,,,"mon,tue,wed,thu,fri,sat"
MSB,CGL,train,120,78.8,40503,Chennai Beach - Chengalpattu EMU (12 Car),true,,04:10,06:10,,,"mon,tue,wed,thu,fri,sat"
CGL,MSB,train,120,78.8,40504,Chengalpattu - Chennai Beach EMU (12 Car),true,,04:15,06:15,,,"mon,tue,wed,thu,fri,sat"
MSB,CGL,train,120,78.8,40505,Chennai Beach - Chengalpattu EMU (12 Car),true,,04:30,06:30,,,"mon,tue,wed,thu,fri,sat"
CGL,MSB,train,120,78.8,40506,Chengalpattu - Chennai Beach EMU (12 Car),true,,04:45,06:45,,,"mon,tue,wed,thu,fri,sat"
MSB,CGL,train,115,78.8,40507,Chennai Beach - Chengalpattu EMU (12 Car),true,,04:50,06:45,,,"mon,tue,wed,thu,fri,sat"
CGL,MSB,train,120,78.8,40508,Chengalpattu - Chennai Beach EMU (12 Car),true,,05:15,07:15,,,"mon,tue,wed,thu,fri,sat"
MSB,CGL,train,115,78.8,40509,Chennai Beach - Chengalpattu EMU (12 Car),true,,05:30,07:25,,,"mon,tue,wed,thu,fri,sat"
CGL,MSB,train,120,78.8,40510,Chengalpattu - Chennai Beach EMU (12 Car),true,,05:50,07:50,,,"mon,tue,wed,thu,fri,sat"
MSB,CGL,train,110,78.8,40511,Chennai Beach - Chengalpattu EMU (12 Car),true,,06:00,07:50,,,"mon,tue,wed,thu,fri,sat"
CGL,MSB,train,120,78.8,40512,Chengalpattu - Chennai Beach EMU (12 Car),true,,06:35,08:35,,,"mon,tue,wed,thu,fri,sat"
MSB,CGL,train,115,78.8,40513,Chennai Beach - Chengalpattu EMU (12 Car),true,,06:15,08:10,,,"mon,tue,wed,thu,fri,sat"
CGL,MSB,train,120,78.8,40514,Chengalpattu - Chennai Beach EMU (12 Car),true,,06:45,08:45,,,"mon,tue,wed,thu,fri,sat"
MSB,CGL,train,110,78.8,40515,Chennai Beach - Chengalpattu EMU (12 Car),true,,06:30,08:20,,,"mon,tue,wed,thu,fri,sat"
CGL,MSB,train,130,78.8,40516,Chengalpattu - Chennai Beach EMU (12 Car),true,,07:15,09:25,,,"mon,tue,wed,thu,fri,sat"
MSB,CGL,train,110,78.8,40517,Chennai Beach - Chengalpattu EMU (12 Car),true,,06:40,08:30,,,"mon,tue,wed,thu,fri,sat"
CGL,MSB,train,100,78.8,40518,Chengalpattu - Chennai Beach Semi Fast EMU (12 Car),true,,07:40,09:20,,,"mon,tue,wed,thu,fri,sat"
MSB,CGL,train,115,78.8,40519,Chennai Beach - Chengalpattu EMU (12 Car),true,,06:55,08:50,,,"mon,tue,wed,thu,fri,sat"
CGL,MSB,train,120,78.8,40520,Chengalpattu - Chennai Beach Fast EMU (12 Car),true,,08:05,10:05,,,"mon,tue,wed,thu,fri,sat"
MSB,CGL,train,110,78.8,40521,Chennai Beach - Chengalpattu EMU (12 Car),true,,08:30,10:20,,,"mon,tue,wed,thu,fri,sat"
CGL,MSB,train,117,78.8,40522,Chengalpattu - Chennai Beach Fast EMU (12 Car),true,,08:25,10:22,,,"mon,tue,wed,thu,fri,sat"
MSB,CGL,train,110,78.8,40523,Chennai Beach - Chengalpattu EMU (12 Car),true,,09:00,10:50,,,"mon,tue,wed,thu,fri,sat"
CGL,MSB,train,128,78.8,40524,Chengalpattu - Chennai Beach EMU (12 Car),true,,08:35,10:43,,,"mon,tue,wed,thu,fri,sat"
MSB,CGL,train,113,78.8,40525,Chennai Beach - Chengalpattu EMU (12 Car),true,,09:37,11:30,,,"mon,tue,wed,thu,fri,sat"
CGL,MSB,train,111,78.8,40526,Chengalpattu - Chennai Beach Fast EMU (12 Car),true,,08:45,10:36,,,"mon,tue,wed,thu,fri,sat"
MSB,CGL,train,112,78.8,40527,Chennai Beach - Chengalpattu EMU (12 Car),true,,10:13,12:05,,,"mon,tue,wed,thu,fri,sat"
CGL,MSB,train,125,78.8,40528,Chengalpattu - Chennai Beach EMU (12 Car),true,,09:15,11:20,,,"mon,tue,wed,thu,fri,sat"
MSB,CGL,train,112,78.8,40529,Chennai Beach - Chengalpattu EMU (12 Car),true,,10:48,12:40,,,"mon,tue,wed,thu,fri,sat"
CGL,MSB,train,120,78.8,40530,Chengalpattu - Chennai Beach EMU (12 Car),true,,10:35,12:35,,,"mon,tue,wed,thu,fri,sat"
MSB,CGL,train,112,78.8,40531,Chennai Beach - Chengalpattu EMU (12 Car),true,,11:28,13:20,,,"mon,tue,wed,thu,fri,sat"
CGL,MSB,train,120,78.8,40532,Chengalpattu - Chennai Beach EMU (12 Car),true,,11:05,13:05,,,"mon,tue,wed,thu,fri,sat"
MSB,CGL,train,118,78.8,40533,Chennai Beach - Chengalpattu EMU (12 Car),true,,12:02,14:00,,,"mon,tue,wed,thu,fri,sat"
CGL,MSB,train,120,78.8,40534,Chengalpattu - Chennai Beach EMU (12 Car),true,,11:50,13:50,,,"mon,tue,wed,thu,fri,sat"
MSB,CGL,train,120,78.8,40535,Chennai Beach - Chengalpattu EMU (12 Car),true,,12:30,14:30,,,"mon,tue,wed,thu,fri,sat"
CGL,MSB,train,120,78.8,40536,Chengalpattu - Chennai Beach EMU (12 Car),true,,12:30,14:30,,,"mon,tue,wed,thu,fri,sat"
MSB,CGL,train,120,78.8,40539,Chennai Beach - Chengalpattu EMU (12 Car),true,,14:20,16:20,,,"mon,tue,wed,thu,fri,sat"
CGL,MSB,train,115,78.8,40540,Chengalpattu - Chennai Beach EMU (12 Car),true,,13:35,15:30,,,"mon,tue,wed,thu,fri,sat"
MSB,CGL,train,115,78.8,40541,Chennai Beach - Chengalpattu EMU (12 Car),true,,15:15,17:10,,,"mon,tue,wed,thu,fri,sat"
CGL,MSB,train,120,78.8,40542,Chengalpattu - Chennai Beach EMU (12 Car),true,,14:15,16:15,,,"mon,tue,wed,thu,fri,sat"
MSB,CGL,train,120,78.8,40543,Chennai Beach - Chengalpattu EMU (12 Car),true,,15:35,17:35,,,"mon,tue,wed,thu,fri,sat"
CGL,MSB,train,120,78.8,40544,Chengalpattu - Chennai Beach EMU (12 Car),true,,15:00,17:00,,,"mon,tue,wed,thu,fri,sat"
MSB,CGL,train,120,78.8,40545,Chennai Beach - Chengalpattu EMU (12 car),true,,16:05,18:05,,,"mon,tue,wed,thu,fri,sat"
MSB,CGL,train,120,78.8,40547,Chennai Beach - Chengalpattu EMU (12 car),true,,16:15,18:15,,,"mon,tue,wed,thu,fri,sat"
CGL,MSB,train,120,78.8,40548,Chengalpattu - Chennai Beach EMU (12 Car),true,,16:55,18:55,,,"mon,tue,wed,thu,fri,sat"
CGL,MSB,train,120,78.8,40550,Chengalpattu - Chennai Beach EMU (12 Car),true,,17:25,19:25,,,"mon,tue,wed,thu,fri,sat"
MSB,CGL,train,119,78.8,40551,Chennai Beach - Chengalpattu EMU (12 Car),true,,17:16,19:15,,,"mon,tue,wed,thu,fri,sat"
CGL,MSB,train,120,78.8,40552,Chengalpattu - Chennai Beach EMU (12 Car),true,,17:55,19:55,,,"mon,tue,wed,thu,fri,sat"
MSB,CGL,train,119,78.8,40553,Chennai Beach - Chengalpattu EMU (12 car),true,,17:36,19:35,,,"mon,tue,wed,thu,fri,sat"
CGL,MSB,train,120,78.8,40554,Chengalpattu - Chennai Beach EMU (12 Car),true,,18:20,20:20,,,"mon,tue,wed,thu,fri,sat"
MSB,CGL,train,120,78.8,40555,Chennai Beach - Chengalpattu Fast EMU (12 car),true,,17:55,19:55,,,"mon,tue,wed,thu,fri,sat"
CGL,MSB,train,120,78.8,40556,Chengalpattu - Chennai Beach EMU (12 Car),true,,18:30,20:30,,,"mon,tue,wed,thu,fri,sat"
MSB,CGL,train,123,78.8,40557,Chennai Beach - Chengalpattu EMU (12 Car),true,,18:12,20:15,,,"mon,tue,wed,thu,fri,sat"
CGL,MSB,train,120,78.8,40558,Chengalpattu - Chennai Beach EMU (12 Car),true,,19:15,21:15,,,"mon,tue,wed,thu,fri,sat"
MSB,CGL,train,122,78.8,40559,Chennai Beach - Chengalpattu EMU (12 Car),true,,18:28,20:30,,,"mon,tue,wed,thu,fri,sat"
CGL,MSB,train,115,78.8,40560,Chengalpattu - Chennai Beach EMU (12 Car),true,,19:35,21:30,,,"mon,tue,wed,thu,fri,sat"
MSB,CGL,train,120,78.8,40561,Chennai Beach - Chengalpattu EMU (12 car),true,,19:00,21:00,,,"mon,tue,wed,thu,fri,sat"
CGL,MSB,train,125,78.8,40562,Chengalpattu - Chennai Beach EMU (12 Car),true,,19:55,22:00,,,"mon,tue,wed,thu,fri,sat"
MSB,CGL,train,120,78.8,40563,Chennai Beach - Chengalpattu EMU (12 Car),true,,20:15,22:15,,,"mon,tue,wed,thu,fri,sat"
CGL,MSB,train,115,78.8,40564,Chengalpattu - Chennai Beach EMU (12 Car),true,,20:20,22:15,,,"mon,tue,wed,thu,fri,sat"
MSB,CGL,train,120,78.8,40567,Chennai Beach - Chengalpattu EMU (12 Car),true,,21:30,23:30,,,"mon,tue,wed,thu,fri,sat"
CGL,MSB,train,115,78.8,40568,Chengalpattu - Chennai Beach EMU (12 Car),true,,21:05,23:00,,,"mon,tue,wed,thu,fri,sat"
MSB,CGL,train,125,78.8,40569,Chennai Beach - Chengalpattu EMU (12 Car),true,,22:00,00:05,,,"mon,tue,wed,thu,fri,sat"
CGL,MSB,train,120,78.8,40570,Chengalpattu - Chennai Beach EMU (12 Car),true,,22:20,00:20,,,"mon,tue,wed,thu,fri,sat"
CGL,MSB,train,119,78.8,40572,Chengalpattu - Chennai Beach EMU (12 Car),true,,23:00,00:59,,,"mon,tue,wed,thu,fri,sat"
CGL,TBM,train,60,64.9,40582,Chengalpattu - Tambaram EMU,true,,07:25,08:25,,,"mon,tue,wed,thu,fri,sat"
GI,TBM,train,25,55.3,40592,Guduvancheri - Tambaram EMU Local,true,,22:50,23:15,,,"mon,tue,wed,thu,fri,sat"
MSB,CGL,train,110,78.8,40601,Chennai Beach - Chengalpattu EMU (12 Car),true,,03:50,05:40,,,sun
CGL,MSB,train,120,78.8,40602,Chengalpattu - Chennai Beach EMU (12 Car),true,,03:55,05:55,,,sun
MSB,CGL,train,115,78.8,40603,Chennai Beach - Chengalpattu EMU (12 Car),true,,04:30,06:25,,,sun
CGL,MSB,train,120,78.8,40604,Chengalpattu - Chennai Beach EMU (12 Car),true,,04:30,06:30,,,sun
MSB,CGL,train,115,78.8,40605,Chennai Beach - Chengalpattu EMU (12 Car),true,,04:50,06:45,,,sun
CGL,MSB,train,115,78.8,40606,Chengalpattu - Chennai Beach EMU (12 Car),true,,04:50,06:45,,,sun
MSB,CGL,train,120,78.8,40607,Chennai Beach - Chengalpattu EMU (12 Car),true,,05:00,07:00,,,sun
CGL,MSB,train,120,78.8,40608,Chengalpattu - Chennai Beach EMU (12 Car),true,,05:15,07:15,,,sun
MSB,CGL,train,115,78.8,40609,Chennai Beach - Chengalpattu EMU (12 Car),true,,05:40,07:35,,,sun
CGL,MSB,train,115,78.8,40610,Chengalpattu - Chennai Beach EMU (12 Car),true,,05:50,07:45,,,sun
MSB,CGL,train,115,78.8,40611,Chennai Beach - Chengalpattu EMU,true,,06:20,08:15,,,sun
CGL,MSB,train,120,78.8,40612,Chengalpattu - Chennai Beach EMU (12 Car),true,,06:35,08:35,,,sun
CGL,MSB,train,117,78.8,40614,Chengalpattu - Chennai Beach EMU (12 Car),true,,06:50,08:47,,,sun
CGL,MSB,train,120,78.8,40616,Chengalpattu - Chennai Beach EMU (12 Car),true,,07:20,09:20,,,sun
MSB,CGL,train,115,78.8,40617,Chennai Beach - Chengalpattu EMU (12 Car),true,,08:50,10:45,,,sun
CGL,MSB,train,120,78.8,40618,Chengalpattu - Chennai Beach EMU (12 Car),true,,07:50,09:50,,,sun
CGL,MSB,train,115,78.8,40620,Chengalpattu - Chennai Beach EMU,true,,08:25,10:20,,,sun
CGL,MSB,train,120,78.8,40622,Chengalpattu - Chennai Beach EMU (12 Car),true,,09:30,11:30,,,sun
MSB,CGL,train,115,78.8,40623,Chennai Beach - Chengalpattu EMU (12 Car),true,,10:45,12:40,,,sun
CGL,MSB,train,125,78.8,40624,Chengalpattu - Chennai Beach EMU (12 Car),true,,10:40,12:45,,,sun
MSB,CGL,train,115,78.8,40627,Chennai Beach - Chengalpattu EMU (12 Car),true,,12:15,14:10,,,sun
CGL,MSB,train,125,78.8,40628,Chengalpattu - Chennai Beach EMU (12 Car),true,,11:40,13:45,,,sun
MSB,CGL,train,115,78.8,40629,Chennai Beach - Chengalpattu EMU (12 Car),true,,12:45,14:40,,,sun
MSB,CGL,train,115,78.8,40631,Chennai Beach - Chengalpattu EMU (12 Car),true,,13:45,15:40,,,sun
CGL,MSB,train,120,78.8,40632,Chengalpattu - Chennai Beach EMU (12 Car),true,,13:00,15:00,,,sun
MSB,CGL,train,120,78.8,40633,Chennai Beach - Chengalpattu EMU (12 Car),true,,14:15,16:15,,,sun
CGL,MSB,train,115,78.8,40634,Chengalpattu - Chennai Beach EMU (12 Car),true,,13:50,15:45,,,sun
MSB,CGL,train,115,78.8,40635,Chennai Beach - Chengalpattu EMU (12 Car),true,,14:45,16:40,,,sun
CGL,MSB,train,110,78.8,40636,Chengalpattu - Chennai Beach EMU (12 Car),true,,14:25,16:15,,,sun
MSB,CGL,train,110,78.8,40637,Chennai Beach - Chengalpattu EMU (12 Car),true,,15:30,17:20,,,sun
CGL,MSB,train,115,78.8,40638,Chengalpattu - Chennai Beach EMU (12 Car),true,,15:05,17:00,,,sun
MSB,CGL,train,115,78.8,40639,Chennai Beach - Chengalpattu EMU (12 Car),true,,16:00,17:55,,,sun
MSB,CGL,train,115,78.8,40641,Chennai Beach - Chengalpattu EMU (12 Car),true,,16:25,18:20,,,sun
CGL,MSB,train,115,78.8,40642,Chengalpattu - Chennai Beach EMU (12 Car),true,,16:25,18:20,,,sun
MSB,CGL,train,115,78.8,40643,Chennai Beach - Chengalpattu EMU (12 Car),true,,17:10,19:05,,,sun
CGL,MSB,train,115,78.8,40644,Chengalpattu - Chennai Beach EMU (12 Car),true,,16:55,18:50,,,sun
MSB,CGL,train,120,78.8,40645,Chennai Beach - Chengalpattu EMU (12 car),true,,17:40,19:40,,,sun
CGL,MSB,train,115,78.8,40646,Chengalpattu - Chennai Beach EMU (12 Car),true,,17:35,19:30,,,sun
MSB,CGL,train,120,78.8,40647,Chennai Beach - Chengalpattu EMU (12 Car),true,,18:10,20:10,,,sun
CGL,MSB,train,120,78.8,40648,Chengalpattu - Chennai Beach EMU (12 Car),true,,18:10,20:10,,,sun
MSB,CGL,train,120,78.8,40649,Chennai Beach - Chengalpattu EMU (12 Car),true,,18:30,20:30,,,sun
CGL,MSB,train,120,78.8,40650,Chengalpattu - Chennai Beach EMU (12 Car),true,,18:40,20:40,,,sun
MSB,CGL,train,120,78.8,40651,Chennai Beach - Chengalpattu EMU (12 Car),true,,19:10,21:10,,,sun
CGL,MSB,train,120,78.8,40652,Chengalpattu - Chennai Beach EMU (12 Car),true,,19:25,21:25,,,sun
MSB,CGL,train,120,78.8,40653,Chennai Beach - Chengalpattu EMU (12 Car),true,,20:00,22:00,,,sun
CGL,MSB,train,110,78.8,40654,Chengalpattu - Chennai Beach EMU (12 Car),true,,19:55,21:45,,,sun
MSB,CGL,train,120,78.8,40655,Chennai Beach - Chengalpattu EMU (12 Car),true,,20:30,22:30,,,sun
CGL,MSB,train,125,78.8,40658,Chengalpattu - Chennai Beach EMU (12 Car),true,,20:55,23:00,,,sun
MSB,CGL,train,120,78.8,40659,Chennai Beach - Chengalpattu EMU (12 Car),true,,21:40,23:40,,,sun
MSB,CGL,train,125,78.8,40661,Chennai Beach - Chengalpattu EMU (12 Car),true,,22:40,00:45,,,sun
CGL,MSB,train,119,78.8,40662,Chengalpattu - Chennai Beach EMU (12 Car),true,,23:00,00:59,,,sun
MSB,CJ,train,185,96.1,40701,Chennai Beach - Kanchipuram Semi Fast EMU,true,,05:10,08:15,,,"mon,tue,wed,thu,fri,sat"
CJ,MSB,train,175,96.1,40702,Kanchipuram - Chennai Beach EMU,true,,06:10,09:05,,,"mon,tue,wed,thu,fri,sat"
MSB,CJ,train,165,96.1,40703,Chennai Beach - Kanchipuram EMU,true,,19:20,22:05,,,"mon,tue,wed,thu,fri,sat"
CJ,MSB,train,170,96.1,40704,Kanchipuram - Chennai Beach Semi Fast EMU (via Chengalpattu),true,,09:30,12:20,,,"mon,tue,wed,thu,fri,sat"
MSB,CJ,train,175,96.1,40751,Chennai Beach - Kanchipuram EMU,true,,05:20,08:15,,,sun
CJ,MSB,train,170,96.1,40752,Kanchipuram - Chennai Beach EMU,true,,06:10,09:00,,,sun
CJ,MSB,train,165,96.1,40754,Kanchipuram - Chennai Beach Semi Fast EMU (via Chengalpattu),true,,09:30,12:15,,,sun
MSB,TMLP,train,210,101.8,40801,Chennai Beach – Tirumalpur EMU,true,,07:20,10:50,,,"mon,tue,wed,thu,fri,sat"
TMLP,MSB,train,160,101.8,40802,Tirumalpur - Chennai Beach Fast EMU,true,,07:00,09:40,,,"mon,tue,wed,thu,fri,sat"
MSB,TMLP,train,190,101.8,40805,Chennai Beach - Tirumalpur Semi Fast EMU,true,,19:50,23:00,,,"mon,tue,wed,thu,fri,sat"
MSB,TMLP,train,205,101.8,40851,Chennai Beach - Tirumalpur EMU,true,,07:25,10:50,,,sun
TMLP,MSB,train,190,101.8,40852,Tirumalpur - Chennai Beach EMU,true,,07:00,10:10,,,sun
TMLP,MSB,train,190,101.8,40854,Tirumalpur - Chennai Beach EMU,true,,11:05,14:15,,,sun
MSB,TMLP,train,190,101.8,40855,Chennai Beach - Tirumalpur Semi Fast EMU,true,,19:50,23:00,,,sun
TMLP,MSB,train,220,101.8,40856,Tirumalpur - Chennai Beach EMU,true,,20:00,23:40,,,sun
MSB,AJJ,train,210,111.4,40901,Chennai Beach - Arakkonam EMU,true,,13:00,16:30,,,"mon,tue,wed,thu,fri,sat"
AJJ,MSB,train,215,111.4,40902,Arakkonam - Chennai Beach EMU (Via Chengulpet),true,,04:40,08:15,,,"mon,tue,wed,thu,fri,sat"
AJJ,MSB,train,200,111.4,40904,Arakkonam - Chennai Beach Fast EMU,true,,07:30,10:50,,,"mon,tue,wed,thu,fri,sat"
AJJ,MSB,train,225,111.4,40906,Arakkonam - Chennai Beach EMU,true,,17:15,21:00,,,"mon,tue,wed,thu,fri,sat"
MSB,AJJ,train,210,111.4,40951,Chennai Beach - Arakkonam EMU,true,,13:00,16:30,,,sun
AJJ,MSB,train,215,111.4,40952,Arakkonam - Chennai Beach EMU,true,,04:40,08:15,,,sun
MSB,AJJ,train,210,111.4,40953,Chennai Beach - Arakkonam EMU,true,,18:00,21:30,,,sun
AJJ,MSB,train,210,111.4,40954,Arakkonam - Chennai Beach Fast EMU,true,,07:30,11:00,,,sun
MSB,AJJ,train,230,111.4,40955,Chennai Beach - Arakkonam EMU,true,,18:40,22:30,,,sun
MSB,STM,train,65,62.0,41001,Chennai Beach - St Thomas Mount EMU,true,,05:00,06:05,,,"sun,mon,tue,wed,thu,fri,sat"
STM,MSB,train,65,62.5,41002,St Thomas Mount - Chennai Beach EMU,true,,05:00,06:05,,,"sun,mon,tue,wed,thu,fri,sat"
MSB,STM,train,65,62.0,41003,Chennai Beach - St Thomas Mount EMU,true,,05:25,06:30,,,"sun,mon,tue,wed,thu,fri,sat"
STM,MSB,train,65,62.5,41004,St Thomas Mount - Chennai Beach EMU,true,,05:25,06:30,,,"sun,mon,tue,wed,thu,fri,sat"
MSB,STM,train,65,62.0,41005,Chennai Beach - St Thomas Mount EMU,true,,05:50,06:55,,,"sun,mon,tue,wed,thu,fri,sat"
STM,MSB,train,65,62.5,41006,St Thomas Mount - Chennai Beach EMU,true,,05:55,07:00,,,"sun,mon,tue,wed,thu,fri,sat"
MSB,STM,train,65,62.0,41007,Chennai Beach - St Thomas Mount EMU,true,,06:15,07:20,,,"sun,mon,tue,wed,thu,fri,sat"
STM,MSB,train,65,62.5,41008,St Thomas Mount - Chennai Beach EMU,true,,06:15,07:20,,,"sun,mon,tue,wed,thu,fri,sat"
MSB,STM,train,65,62.0,41009,Chennai Beach - St Thomas Mount EMU,true,,06:40,07:45,,,"sun,mon,tue,wed,thu,fri,sat"
STM,MSB,train,65,62.5,41010,St Thomas Mount - Chennai Beach EMU,true,,06:35,07:40,,,"sun,mon,tue,wed,thu,fri,sat"
MSB,STM,train,65,62.0,41011,Chennai Beach - St Thomas Mount EMU,true,,07:02,08:07,,,"sun,mon,tue,wed,thu,fri,sat"
STM,MSB,train,65,62.5,41012,St Thomas Mount - Chennai Beach EMU,true,,06:55,08:00,,,"sun,mon,tue,wed,thu,fri,sat"
MSB,STM,train,65,62.0,41013,Chennai Beach - St Thomas Mount EMU,true,,07:22,08:27,,,"sun,mon,tue,wed,thu,fri,sat"
STM,MSB,train,65,62.5,41014,St Thomas Mount - Chennai Beach EMU,true,,07:15,08:20,,,"sun,mon,tue,wed,thu,fri,sat"
MSB,STM,train,65,62.0,41015,Chennai Beach - St Thomas Mount EMU,true,,07:42,08:47,,,"sun,mon,tue,wed,thu,fri,sat"
STM,MSB,train,65,62.5,41016,St Thomas Mount - Chennai Beach EMU,true,,07:35,08:40,,,"sun,mon,tue,wed,thu,fri,sat"
MSB,STM,train,65,62.0,41017,Chennai Beach - St Thomas Mount EMU,true,,08:02,09:07,,,"sun,mon,tue,wed,thu,fri,sat"
STM,MSB,train,65,62.5,41018,St Thomas Mount - Chennai Beach EMU,true,,07:55,09:00,,,"sun,mon,tue,wed,thu,fri,sat"
MSB,STM,train,65,62.0,41019,Chennai Beach - St Thomas Mount EMU,true,,08:22,09:27,,,"sun,mon,tue,wed,thu,fri,sat"
STM,MSB,train,65,62.5,41020,St Thomas Mount - Chennai Beach EMU,true,,08:15,09:20,,,"sun,mon,tue,wed,thu,fri,sat"
MSB,STM,train,65,62.0,41021,Chennai Beach - St Thomas Mount EMU,true,,08:42,09:47,,,"sun,mon,tue,wed,thu,fri,sat"
STM,MSB,train,65,62.5,41022,St Thomas Mount - Chennai Beach EMU,true,,08:35,09:40,,,"sun,mon,tue,wed,thu,fri,sat"
MSB,STM,train,65,62.0,41023,Chennai Beach - St Thomas Mount EMU,true,,09:02,10:07,,,"sun,mon,tue,wed,thu,fri,sat"
STM,MSB,train,65,62.5,41024,St Thomas Mount - Chennai Beach EMU,true,,08:55,10:00,,,"sun,mon,tue,wed,thu,fri,sat"
MSB,STM,train,65,62.0,41025,Chennai Beach - St Thomas Mount EMU,true,,09:22,10:27,,,"sun,mon,tue,wed,thu,fri,sat"
STM,MSB,train,65,62.5,41026,St Thomas Mount - Chennai Beach EMU,true,,09:15,10:20,,,"sun,mon,tue,wed,thu,fri,sat"
MSB,STM,train,65,62.0,41027,Chennai Beach - St Thomas Mount EMU,true,,09:42,10:47,,,"sun,mon,tue,wed,thu,fri,sat"
STM,MSB,train,65,62.5,41028,St Thomas Mount - Chennai Beach EMU,true,,09:35,10:40,,,"sun,mon,tue,wed,thu,fri,sat"
MSB,STM,train,65,62.0,41029,Chennai Beach - St Thomas Mount EMU,true,,10:02,11:07,,,"sun,mon,tue,wed,thu,fri,sat"
STM,MSB,train,65,62.5,41030,St Thomas Mount - Chennai Beach EMU,true,,09:55,11:00,,,"sun,mon,tue,wed,thu,fri,sat"
MSB,STM,train,65,62.0,41031,Chennai Beach - St Thomas Mount EMU,true,,10:32,11:37,,,"sun,mon,tue,wed,thu,fri,sat"
STM,MSB,train,65,62.5,41032,St Thomas Mount - Chennai Beach EMU,true,,10:25,11:30,,,"sun,mon,tue,wed,thu,fri,sat"
MSB,STM,train,65,62.0,41033,Chennai Beach - St Thomas Mount EMU,true,,11:02,12:07,,,"sun,mon,tue,wed,thu,fri,sat"
STM,MSB,train,65,62.5,41034,St Thomas Mount - Chennai Beach EMU,true,,10:55,12:00,,,"sun,mon,tue,wed,thu,fri,sat"
MSB,STM,train,65,62.0,41035,Chennai Beach - St Thomas Mount EMU,true,,11:32,12:37,,,"sun,mon,tue,wed,thu,fri,sat"
STM,MSB,train,65,62.5,41036,St Thomas Mount - Chennai Beach EMU,true,,11:25,12:30,,,"sun,mon,tue,wed,thu,fri,sat"
MSB,STM,train,65,62.0,41037,Chennai Beach - St Thomas Mount EMU,true,,12:02,13:07,,,"sun,mon,tue,wed,thu,fri,sat"
STM,MSB,train,65,62.5,41038,St Thomas Mount - Chennai Beach EMU,true,,11:55,13:00,,,"sun,mon,tue,wed,thu,fri,sat"
MSB,STM,train,65,62.0,41039,Chennai Beach - St Thomas Mount EMU,true,,12:32,13:37,,,"sun,mon,tue,wed,thu,fri,sat"
STM,MSB,train,65,62.5,41040,St Thomas Mount - Chennai Beach EMU,true,,12:25,13:30,,,"sun,mon,tue,wed,thu,fri,sat"
MSB,STM,train,65,62.0,41041,Chennai Beach - St Thomas Mount EMU,true,,13:02,14:07,,,"sun,mon,tue,wed,thu,fri,sat"
STM,MSB,train,65,62.5,41042,St Thomas Mount - Chennai Beach EMU,true,,12:55,14:00,,,"sun,mon,tue,wed,thu,fri,sat"
MSB,STM,train,65,62.0,41043,Chennai Beach - St Thomas Mount EMU,true,,13:32,14:37,,,"sun,mon,tue,wed,thu,fri,sat"
STM,MSB,train,65,62.5,41044,St Thomas Mount - Chennai Beach EMU,true,,13:25,14:30,,,"sun,mon,tue,wed,thu,fri,sat"
MSB,STM,train,65,62.0,41045,Chennai Beach - St Thomas Mount EMU,true,,14:02,15:07,,,"sun,mon,tue,wed,thu,fri,sat"
STM,MSB,train,65,62.5,41046,St Thomas Mount - Chennai Beach EMU,true,,13:55,15:00,,,"sun,mon,tue,wed,thu,fri,sat"
MSB,STM,train,65,62.0,41047,Chennai Beach - St Thomas Mount EMU,true,,14:32,15:37,,,"sun,mon,tue,wed,thu,fri,sat"
STM,MSB,train,65,62.5,41048,St Thomas Mount - Chennai Beach EMU,true,,14:25,15:30,,,"sun,mon,tue,wed,thu,fri,sat"
MSB,STM,train,65,62.0,41049,Chennai Beach - St Thomas Mount EMU,true,,15:02,16:07,,,"sun,mon,tue,wed,thu,fri,sat"
STM,MSB,train,65,62.5,41050,St Thomas Mount - Chennai Beach EMU,true,,14:55,16:00,,,"sun,mon,tue,wed,thu,fri,sat"
MSB,STM,train,65,62.0,41051,Chennai Beach - St Thomas Mount EMU,true,,15:32,16:37,,,"sun,mon,tue,wed,thu,fri,sat"
STM,MSB,train,65,62.5,41052,St Thomas Mount - Chennai Beach EMU,true,,15:25,16:30,,,"sun,mon,tue,wed,thu,fri,sat"
MSB,STM,train,65,62.0,41053,Chennai Beach - St Thomas Mount EMU,true,,15:52,16:57,,,"sun,mon,tue,wed,thu,fri,sat"
STM,MSB,train,65,62.5,41054,St Thomas Mount - Chennai Beach EMU,true,,15:45,16:50,,,"sun,mon,tue,wed,thu,fri,sat"
MSB,STM,train,65,62.0,41055,Chennai Beach - St Thomas Mount EMU,true,,16:12,17:17,,,"sun,mon,tue,wed,thu,fri,sat"
STM,MSB,train,65,62.5,41056,St Thomas Mount - Chennai Beach EMU,true,,16:05,17:10,,,"sun,mon,tue,wed,thu,fri,sat"
MSB,STM,train,65,62.0,41057,Chennai Beach - St Thomas Mount EMU,true,,16:32,17:37,,,"sun,mon,tue,wed,thu,fri,sat"
STM,MSB,train,65,62.5,41058,St Thomas Mount - Chennai Beach EMU,true,,16:25,17:30,,,"sun,mon,tue,wed,thu,fri,sat"
MSB,STM,train,65,62.0,41059,Chennai Beach - St Thomas Mount EMU,true,,16:52,17:57,,,"sun,mon,tue,wed,thu,fri,sat"
STM,MSB,train,65,62.5,41060,St Thomas Mount - Chennai Beach EMU,true,,16:45,17:50,,,"sun,mon,tue,wed,thu,fri,sat"
MSB,STM,train,65,62.0,41061,Chennai Beach - St Thomas Mount EMU,true,,17:12,18:17,,,"sun,mon,tue,wed,thu,fri,sat"
STM,MSB,train,65,62.5,41062,St Thomas Mount - Chennai Beach EMU,true,,17:05,18:10,,,"sun,mon,tue,wed,thu,fri,sat"
MSB,STM,train,65,62.0,41063,Chennai Beach - St Thomas Mount EMU,true,,17:32,18:37,,,"sun,mon,tue,wed,thu,fri,sat"
STM,MSB,train,65,62.5,41064,St Thomas Mount - Chennai Beach EMU,true,,17:25,18:30,,,"sun,mon,tue,wed,thu,fri,sat"
MSB,STM,train,65,62.0,41065,Chennai Beach - St Thomas Mount EMU,true,,17:52,18:57,,,"sun,mon,tue,wed,thu,fri,sat"
STM,MSB,train,65,62.5,41066,St Thomas Mount - Chennai Beach EMU,true,,17:45,18:50,,,"sun,mon,tue,wed,thu,fri,sat"
MSB,STM,train,65,62.0,41067,Chennai Beach - St Thomas Mount EMU,true,,18:12,19:17,,,"sun,mon,tue,wed,thu,fri,sat"
STM,MSB,train,65,62.5,41068,St Thomas Mount - Chennai Beach EMU,true,,18:05,19:10,,,"sun,mon,tue,wed,thu,fri,sat"
MSB,STM,train,65,62.0,41069,Chennai Beach - St Thomas Mount EMU,true,,18:32,19:37,,,"sun,mon,tue,wed,thu,fri,sat"
STM,MSB,train,65,62.5,41070,St Thomas Mount - Chennai Beach EMU,true,,18:25,19:30,,,"sun,mon,tue,wed,thu,fri,sat"
MSB,STM,train,65,62.0,41071,Chennai Beach - St Thomas Mount EMU,true,,18:52,19:57,,,"sun,mon,tue,wed,thu,fri,sat"
STM,MSB,train,65,62.5,41072,St Thomas Mount - Chennai Beach EMU,true,,18:45,19:50,,,"sun,mon,tue,wed,thu,fri,sat"
MSB,STM,train,65,62.0,41073,Chennai Beach - St Thomas Mount EMU,true,,19:12,20:17,,,"sun,mon,tue,wed,thu,fri,sat"
STM,MSB,train,65,62.5,41074,St Thomas Mount - Chennai Beach EMU,true,,19:05,20:10,,,"sun,mon,tue,wed,thu,fri,sat"
MSB,STM,train,65,62.0,41075,Chennai Beach - St Thomas Mount EMU,true,,19:32,20:37,,,"sun,mon,tue,wed,thu,fri,sat"
STM,MSB,train,65,62.5,41076,St Thomas Mount - Chennai Beach EMU,true,,19:25,20:30,,,"sun,mon,tue,wed,thu,fri,sat"
MSB,STM,train,65,62.0,41077,Chennai Beach - St Thomas Mount EMU,true,,19:52,20:57,,,"sun,mon,tue,wed,thu,fri,sat"
STM,MSB,train,65,62.5,41078,St Thomas Mount - Chennai Beach EMU,true,,20:05,21:10,,,"sun,mon,tue,wed,thu,fri,sat"
MSB,STM,train,65,62.0,41079,Chennai Beach - St Thomas Mount EMU,true,,20:15,21:20,,,"sun,mon,tue,wed,thu,fri,sat"
STM,MSB,train,65,62.5,41080,St Thomas Mount - Chennai Beach EMU,true,,20:35,21:40,,,"sun,mon,tue,wed,thu,fri,sat"
MSB,STM,train,65,62.0,41081,Chennai Beach - St Thomas Mount EMU,true,,20:45,21:50,,,"sun,mon,tue,wed,thu,fri,sat"
STM,MSB,train,65,62.5,41082,St Thomas Mount - Chennai Beach EMU,true,,20:35,21:40,,,"sun,mon,tue,wed,thu,fri,sat"
MSB,STM,train,65,62.0,41083,Chennai Beach - St Thomas Mount EMU,true,,21:45,22:50,,,"sun,mon,tue,wed,thu,fri,sat"
STM,MSB,train,65,62.5,41084,St Thomas Mount - Chennai Beach EMU,true,,21:40,22:45,,,"sun,mon,tue,wed,thu,fri,sat"
MSB,STM,train,65,62.0,41085,Chennai Beach - St Thomas Mount EMU,true,,22:20,23:25,,,"sun,mon,tue,wed,thu,fri,sat"
STM,MSB,train,65,62.5,41086,St Thomas Mount - Chennai Beach EMU,true,,22:20,23:25,,,"sun,mon,tue,wed,thu,fri,sat"
GPD,MASS,train,80,72.6,42040,Gummidipundi - Chennai Central Suburban EMU,true,,21:40,23:00,,,"sun,mon,tue,wed,thu,fri,sat"
GPD,CGL,train,220,101.4,42502,Gummidipundi - Chengalpattu EMU,true,,06:00,09:40,,,"mon,tue,wed,thu,fri,sat"
TBM,GPD,train,187,86.5,42521,Tambaram - Gummidipundi EMU,true,,17:48,20:55,,,"mon,tue,wed,thu,fri"
GPD,TBM,train,170,86.5,42522,Gummidipundi - Tambaram EMU,true,,15:00,17:50,,,"mon,tue,wed,thu,fri,sat"
MSB,GPD,train,100,73.0,42611,Chennai Beach - Gummidipundi EMU,true,,20:05,21:45,,,"sun,mon,tue,wed,thu,fri,sat"
AVD,MASS,train,50,60.1,43006,Avadi - Chennai Central Suburban EMU,true,,05:25,06:15,,,"sun,mon,tue,wed,thu,fri,sat"
AVD,MASS,train,50,60.1,43010,Avadi - Chennai Central Suburban EMU,true,,06:40,07:30,,,"sun,mon,tue,wed,thu,fri,sat"
MASS,PRES,train,65,63.9,43101,Chennai Central Suburban - Pattabiram Military Siding East Depot EMU,true,,04:15,05:20,,,"sun,mon,tue,wed,thu,fri,sat"
PRES,MASS,train,75,63.9,43102,Pattabiram Military Siding East Depot - Chennai Central Suburban EMU,true,,03:20,04:35,,,"sun,mon,tue,wed,thu,fri,sat"
MASS,PRES,train,70,63.9,43103,Chennai Central Suburban - Pattabiram Military Siding East Depot EMU,true,,05:15,06:25,,,"sun,mon,tue,wed,thu,fri,sat"
PRES,MASS,train,70,63.9,43104,Pattabiram Military Siding East Depot - Chennai Central Suburban EMU,true,,05:30,06:40,,,"sun,mon,tue,wed,thu,fri,sat"
MASS,PRES,train,70,63.9,43105,Chennai Central Suburban - Pattabiram Military Siding East Depot EMU,true,,06:20,07:30,,,"sun,mon,tue,wed,thu,fri,sat"
PRES,MASS,train,70,63.9,43106,Pattabiram Military Siding East Depot - Chennai Central Suburban EMU,true,,06:35,07:45,,,"sun,mon,tue,wed,thu,fri,sat"
MASS,PRES,train,80,63.9,43107,Chennai Central Suburban - Pattabiram Military Siding East Depot EMU,true,,07:15,08:35,,,"sun,mon,tue,wed,thu,fri,sat"
PRES,MASS,train,65,63.9,43108,Pattabiram Military Siding East Depot - Chennai Central Suburban EMU,true,,07:40,08:45,,,"sun,mon,tue,wed,thu,fri,sat"
MASS,PRES,train,70,63.9,43109,Chennai Central Suburban - Pattabiram Military Siding East Depot EMU,true,,11:10,12:20,,,"sun,mon,tue,wed,thu,fri,sat"
PRES,MASS,train,70,63.9,43110,Pattabiram Military Siding East Depot - Chennai Central Suburban EMU,true,,10:30,11:40,,,"sun,mon,tue,wed,thu,fri,sat"
MASS,PRES,train,70,63.9,43111,Chennai Central Suburban - Pattabiram Military Siding East Depot EMU,true,,12:20,13:30,,,"sun,mon,tue,wed,thu,fri,sat"
PRES,MASS,train,70,63.9,43112,Pattabiram Military Siding East Depot - Chennai Central Suburban EMU,true,,11:25,12:35,,,"sun,mon,tue,wed,thu,fri,sat"
MASS,PRES,train,75,63.9,43113,Chennai Central Suburban - Pattabiram Military Siding East Depot EMU,true,,15:00,16:15,,,"sun,mon,tue,wed,thu,fri,sat"
PRES,MASS,train,70,63.9,43114,Pattabiram Military Siding East Depot - Chennai Central Suburban EMU,true,,12:30,13:40,,,"sun,mon,tue,wed,thu,fri,sat"
MASS,PRES,train,70,63.9,43115,Chennai Central Suburban - Pattabiram Military Siding East Depot EMU,true,,16:10,17:20,,,"sun,mon,tue,wed,thu,fri,sat"
PRES,MASS,train,70,63.9,43116,Pattabiram Military Siding East Depot - Chennai Central Suburban EMU,true,,13:40,14:50,,,"sun,mon,tue,wed,thu,fri,sat"
MASS,PRES,train,70,63.9,43117,Chennai Central Suburban - Pattabiram Military Siding East Depot EMU,true,,18:15,19:25,,,"sun,mon,tue,wed,thu,fri,sat"
PRES,MASS,train,70,63.9,43118,Pattabiram Military Siding East Depot - Chennai Central Suburban EMU,true,,15:10,16:20,,,"sun,mon,tue,wed,thu,fri,sat"
MASS,PRES,train,65,63.9,43119,Chennai Central Suburban - Pattabiram Military Siding East Depot EMU,true,,19:15,20:20,,,"sun,mon,tue,wed,thu,fri,sat"
PRES,MASS,train,65,63.9,43120,Pattabiram Military Siding East Depot - Chennai Central Suburban EMU,true,,16:25,17:30,,,"sun,mon,tue,wed,thu,fri,sat"
MASS,PRES,train,70,63.9,43121,Chennai Central Suburban - Pattabiram Military Siding East Depot EMU,true,,20:30,21:40,,,"sun,mon,tue,wed,thu,fri,sat"
PRES,MASS,train,70,63.9,43122,Pattabiram Military Siding East Depot - Chennai Central Suburban EMU,true,,17:30,18:40,,,"sun,mon,tue,wed,thu,fri,sat"
MASS,PRES,train,65,63.9,43123,Chennai Central Suburban - Pattabiram Military Siding East Depot EMU,true,,22:40,23:45,,,"sun,mon,tue,wed,thu,fri,sat"
PRES,MASS,train,70,63.9,43124,Pattabiram Military Siding East Depot - Chennai Central Suburban EMU,true,,18:50,20:00,,,"sun,mon,tue,wed,thu,fri,sat"
PRES,MASS,train,70,63.9,43126,Pattabiram Military Siding East Depot - Chennai Central Suburban EMU,true,,19:35,20:45,,,"sun,mon,tue,wed,thu,fri,sat"
MSB,PRES,train,70,64.4,43751,Chennai Beach - Pattabiram Military Siding East Depot EMU,true,,09:10,10:20,,,"sun,mon,tue,wed,thu,fri,sat"
PRES,MSB,train,80,64.4,43752,Pattabiram Military Siding East Depot - Chennai Beach EMU,true,,08:45,10:05,,,"sun,mon,tue,wed,thu,fri,sat"
MSB,PRES,train,70,64.4,43753,Chennai Beach - Pattabiram Military Siding East Depot EMU,true,,10:05,11:15,,,"sun,mon,tue,wed,thu,fri,sat"
PRES,MSB,train,95,64.4,43754,Pattabiram Military Siding East Depot - Chennai Beach EMU,true,,20:25,22:00,,,"sun,mon,tue,wed,thu,fri,sat"
MSB,PRES,train,70,64.4,43755,Chennai Beach - Pattabiram Military Siding East Depot EMU,true,,13:50,15:00,,,"sun,mon,tue,wed,thu,fri,sat"
MSB,PRES,train,75,64.4,43757,Chennai Beach - Pattabiram Military Siding East Depot EMU,true,,17:20,18:35,,,"sun,mon,tue,wed,thu,fri,sat"
AJJ,MSB,train,110,83.6,43806,Arakkonam - Chennai Beach Fast EMU,true,,07:35,09:25,,,"sun,mon,tue,wed,thu,fri,sat"
PRES,AVD,train,20,54.8,43892,Pattabiram Military Siding East Depot - Avadi EMU,true,,21:50,22:10,,,"sun,mon,tue,wed,thu,fri,sat"
CGL,AJJ,train,110,83.1,44002,Chengalpattu - Arakkonam EMU,true,,08:20,10:10,,,"sun,mon,tue,wed,thu,fri,sat"
CGL,AJJ,train,110,83.1,44004,Chengalpattu - Arakkonam EMU,true,,20:25,22:15,,,"sun,mon,tue,wed,thu,fri,sat"
FM,LPI,train,95,68.2,47157,Falaknuma - Lingampalli MMTS,true,,09:25,11:00,,,"mon,tue,wed,thu,fri"
MED,FM,train,85,69.2,47185,Medchal - Falaknuma MMTS,true,,14:15,15:40,,,"sun,mon,tue,wed,thu,fri,sat"
LPI,SC,train,50,61.0,47193,Lingampalli - Secunderabad MMTS,true,,23:30,00:20,,,"sun,mon,tue,wed,thu,fri,sat"
MED,FM,train,105,69.2,47241,Medchal - Falaknuma MMTS,true,,13:40,15:25,,,"sun,mon,tue,wed,thu,fri,sat"
SC,UR,train,60,63.4,47249,Secunderabad - Umdanagar MMTS,true,,16:10,17:10,,,"sun,mon,tue,wed,thu,fri,sat"
CGL,MSB,train,100,78.8,49002,Chengalpattu - Chennai Beach AC EMU (12 Car),true,,07:50,09:30,,,"mon,tue,wed,thu,fri,sat"
MSB,TBM,train,60,63.9,49003,Chennai Beach - Tambaram AC EMU (12 Car),true,,09:43,10:43,,,"mon,tue,wed,thu,fri,sat"
TBM,MSB,train,60,63.9,49004,Tambaram - Chennai Beach AC EMU (12 Car),true,,14:25,15:25,,,"sun,mon,tue,wed,thu,fri"
MSB,TBM,train,60,63.9,49005,Chennai Beach - Tambaram AC EMU (12 Car),true,,15:45,16:45,,,"sun,mon,tue,wed,thu,fri"
TBM,MSB,train,60,63.9,49006,Tambaram - Chennai Beach AC EMU (12 Car),true,,17:00,18:00,,,"sun,mon,tue,wed,thu,fri"
CGL,TBM,train,45,64.9,49008,Chengalpattu - Tambaram AC EMU (12 Car),true,,20:10,20:55,,,"mon,tue,wed,thu,fri,sat"
MSB,TBM,train,60,63.9,49009,Chennai Beach - Tambaram Weekly AC EMU (12 Car),true,,18:17,19:17,,,sun
DIVA,RN,train,490,101.0,50103,Diva - Ratnagiri Passenger (UnReserved),true,,17:50,02:00,,,"sun,mon,tue,wed,thu,fri,sat"
RN,DIVA,train,455,101.0,50104,Ratnagiri - Diva Passenger (UnReserved),true,,05:50,13:25,,,"sun,mon,tue,wed,thu,fri,sat"
SWV,MAO,train,160,90.0,50107,Sawantwadi Road - Madgaon Express,true,,18:50,21:30,,,"sun,mon,tue,wed,thu,fri,sat"
MAO,SWV,train,135,90.0,50108,Madgaon - Sawantwadi Road Express,true,,06:20,08:35,,,"sun,mon,tue,wed,thu,fri,sat"
JBP,MFR,train,335,65.5,51703,Jabalpur - Mandla Fort Passenger (UnReserved),true,,18:55,00:30,,,"sun,mon,tue,wed,thu,fri,sat"
MFR,JBP,train,295,65.5,51704,Mandla Fort - Jabalpur Passenger (UnReserved),true,,05:10,10:05,,,"sun,mon,tue,wed,thu,fri,sat"
JBP,MFR,train,305,65.5,51705,Jabalpur - Mandla Fort Passenger (UnReserved),true,,09:55,15:00,,,"sun,mon,tue,wed,thu,fri,sat"
MFR,JBP,train,355,65.5,51706,Mandla Fort - Jabalpur Passenger (UnReserved),true,,15:30,21:25,,,"sun,mon,tue,wed,thu,fri,sat"
G,JBP,train,520,84.0,51708,Gondia - Jabalpur Passenger (UnReserved),true,,15:45,00:25,,,"sun,mon,tue,wed,thu,fri,sat"
AIT,KNH,train,35,35.0,51861,Ait - Konch Shuttle (UnReserved),true,,05:30,06:05,,,"sun,mon,tue,wed,thu,fri,sat"
AIT,KNH,train,35,35.0,51863,Ait - Konch Shuttle (UnReserved),true,,08:10,08:45,,,"sun,mon,tue,wed,thu,fri,sat"
KNH,AIT,train,30,35.0,51864,Konch - Ait Shuttle (UnReserved),true,,06:35,07:05,,,"sun,mon,tue,wed,thu,fri,sat"
AIT,KNH,train,35,35.0,51865,Ait - Konch Shuttle (UnReserved),true,,12:20,12:55,,,"sun,mon,tue,wed,thu,fri,sat"
AIT,KNH,train,35,35.0,51867,Ait - Konch Shuttle (UnReserved),true,,16:00,16:35,,,"sun,mon,tue,wed,thu,fri,sat"
KNH,AIT,train,35,35.0,51868,Konch - Ait Shuttle (UnReserved),true,,14:00,14:35,,,"sun,mon,tue,wed,thu,fri,sat"
GWL,BINA,train,510,111.2,51884,Gwalior - Bina Passenger (UnReserved),true,,07:50,16:20,,,"sun,mon,tue,wed,thu,fri,sat"
TDL,FBD,train,270,60.5,51906,Tundla - Farrukhabad Passenger (UnReserved),true,,05:45,10:15,,,"sun,mon,tue,wed,thu,fri,sat"
IDH,BTE,train,115,37.8,51907,Idgah Agra - Bharatpur Passenger (UnReserved),true,,05:40,07:35,,,"mon,tue,wed,thu,fri,sat"
IDH,BTE,train,95,37.8,51909,Idgah Agra - Bharatpur Passenger (UnReserved),true,,20:20,21:55,,,"mon,tue,wed,thu,fri,sat"
MTJ,JP,train,430,93.5,51973,Mathura - Jaipur Passenger (UnReserved),true,,07:25,14:35,,,"sun,mon,tue,wed,thu,fri,sat"
WGI,BIM,train,190,40.8,52004,Waghai - Bilimora NG Mix Passenger,true,,06:10,09:20,,,"sun,mon,tue,wed,thu,fri,sat"
MLN,BIC,train,275,52.0,52260,Mailani - Bichia Tourist Passenger,true,,06:05,10:40,,,"sun,sat"
NNP,MLN,train,395,67.8,52261,Nanpara - Mailani MG Passenger (UnReserved),true,,07:20,13:55,,,"sun,mon,tue,wed,thu,fri,sat"
MLN,NNP,train,420,67.8,52262,Mailani - Nanpara MG Passenger(UnReserved) (UnReserved),true,,10:50,17:50,,,"sun,mon,tue,wed,thu,fri,sat"
NNP,MLN,train,405,67.8,52263,Nanpara - Mailani MG Passenger (UnReserved),true,,11:10,17:55,,,"sun,mon,tue,wed,thu,fri,sat"
SML,KLK,train,290,95.1,52446,Shimla - Kalka Passenger,true,,20:20,01:10,,,"sun,mon,tue,wed,thu,fri,sat"
KLK,SML,train,295,95.1,52451,Shivalik Deluxe Express,true,,05:45,10:40,,,"sun,mon,tue,wed,thu,fri,sat"
SML,KLK,train,315,95.1,52452,Shivalik Deluxe Express,true,,14:15,19:30,,,"sun,mon,tue,wed,thu,fri,sat"
KLK,SML,train,330,95.1,52453,Kalka - Shimla Express,true,,06:20,11:50,,,"sun,mon,tue,wed,thu,fri,sat"
SML,KLK,train,315,95.1,52454,Shimla - Kalka Express,true,,17:45,23:00,,,"sun,mon,tue,wed,thu,fri,sat"
KLK,SML,train,300,95.1,52455,Himalayan Queen,true,,11:55,16:55,,,"sun,mon,tue,wed,thu,fri,sat"
SML,KLK,train,295,95.1,52456,Himalayan Queen,true,,18:40,23:35,,,"sun,mon,tue,wed,thu,fri,sat"
KLK,SML,train,320,95.1,52457,Kalka - Shimla Express,true,,03:30,08:50,,,"sun,mon,tue,wed,thu,fri,sat"
SML,KLK,train,320,95.1,52458,Shimla - Kalka Express,true,,10:55,16:15,,,"sun,mon,tue,wed,thu,fri,sat"
KLK,SML,train,320,95.1,52459,Him Darshan Express,true,,07:00,12:20,,,"sun,mon,tue,wed,thu,fri,sat"
SML,KLK,train,315,95.1,52460,Him Darshan Express,true,,15:50,21:05,,,"sun,mon,tue,wed,thu,fri,sat"
BJPL,JMKR,train,210,77.8,52464,Baijnath Paprola - Jwalamukhi Road Passenger,true,,10:00,13:30,,,"sun,mon,tue,wed,thu,fri,sat"
PTK,BJPL,train,420,117.7,52465,Pathankot - Baijnath Paprola Passenger,true,,05:00,12:00,,,"sun,mon,tue,wed,thu,fri,sat"
PTK,BJPL,train,400,117.7,52467,Pathankot - Baijnath Paprola Passenger,true,,07:00,13:40,,,"sun,mon,tue,wed,thu,fri,sat"
BJPL,PTK,train,450,117.7,52470,Baijnath Paprola - Pathankot Passenger,true,,14:15,21:45,,,"sun,mon,tue,wed,thu,fri,sat"
JDNX,BJPL,train,100,60.6,52472,Joginder Nagar - Baijnath Paprola Passenger,true,,12:50,14:30,,,"sun,mon,tue,wed,thu,fri,sat"
BJPL,PTK,train,430,117.7,52474,Baijnath Paprola - Pathankot Passenger,true,,15:40,22:50,,,"sun,mon,tue,wed,thu,fri,sat"
DJ,NJP,train,475,90.3,52538,Darjeeling - New Jalpaiguri AC Passenger,true,,09:10,17:05,,,"sun,tue,thu"
NJP,DJ,train,506,90.3,52539,New Jalpaiguri - Darjeeling AC Passenger,true,,10:00,18:26,,,"mon,wed,sat"
DJ,NJP,train,450,90.3,52540,Darjeeling - New Jalpaiguri (Toy Train) Passenger,true,,09:00,16:30,,,"sun,mon,tue,wed,thu,fri,sat"
VRLF,DVA,train,230,48.8,52949,Veraval - Delvada MG Passenger (UnReserved),true,,14:00,17:50,,,"sun,mon,tue,wed,thu,fri,sat"
DVA,VRLF,train,210,48.8,52950,Delvada - Veraval MG Passenger (UnReserved),true,,07:50,11:20,,,"sun,mon,tue,wed,thu,fri,sat"
DVA,JND,train,430,65.0,52951,Delvada - Junagadh MG Passenger (UnReserved),true,,11:00,18:10,,,"sun,mon,tue,wed,thu,fri,sat"
HWH,AZ,train,335,79.2,53001,Howrah - Azimganj Passenger (UnReserved),true,,16:05,21:40,,,"sun,mon,tue,wed,thu,fri,sat"
AZ,HWH,train,310,79.2,53002,Azimganj - Howrah Passenger (UnReserved),true,,22:00,03:10,,,"sun,mon,tue,wed,thu,fri,sat"
AZ,MLDT,train,205,53.8,53027,Azimganj - Malda Town Passenger (UnReserved),true,,16:20,19:45,,,"sun,mon,tue,wed,thu,fri,sat"
HWH,RPH,train,290,79.8,53047,Viswabharati Fast Passenger,true,,16:40,21:30,,,"sun,mon,tue,wed,thu,fri,sat"
RPH,HWH,train,300,79.8,53048,Viswabharati Fast Passenger,true,,05:10,10:10,,,"sun,mon,tue,wed,thu,fri,sat"
PNBE,BXR,train,175,54.5,53201,Patna - Buxar Fast Passenger (UnReserved),true,,17:40,20:35,,,"mon,tue,wed,thu,fri,sat"
BXR,PNBE,train,165,54.5,53202,Buxar - Patna Fast Passenger (UnReserved),true,,06:30,09:15,,,"mon,tue,wed,thu,fri,sat"
JAJ,DNR,train,320,71.8,53203,Jhajha - Danapur Fast Passenger (UnReserved),true,,03:40,09:00,,,"mon,tue,wed,thu,fri,sat"
DNR,JAJ,train,305,71.8,53204,Danapur - Jhajha Fast Passenger (UnReserved),true,,17:25,22:30,,,"mon,tue,wed,thu,fri,sat"
PNBE,SSM,train,335,61.5,53211,Patna - Sasaram Passenger (UnReserved),true,,14:55,20:30,,,"sun,mon,tue,wed,thu,fri,sat"
SSM,PNBE,train,290,61.5,53212,Sasaram - Patna Passenger (UnReserved),true,,06:45,11:35,,,"sun,mon,tue,wed,thu,fri,sat"
PNBE,GAYA,train,210,48.0,53213,Patna - Gaya Passenger (UnReserved),true,,16:30,20:00,,,"sun,mon,tue,wed,thu,fri,sat"
GAYA,PNBE,train,195,48.0,53214,Gaya - Patna Passenger (UnReserved),true,,13:45,17:00,,,"sun,mon,tue,wed,thu,fri,sat"
RGD,FUT,train,205,42.8,53229,Rajgir - Fatuha Passenger (UnReserved),true,,07:00,10:25,,,"sun,mon,tue,wed,thu,fri,sat"
FUT,RGD,train,220,42.8,53230,Fatuha - Rajgir Passenger (UnReserved),true,,17:45,21:25,,,"sun,mon,tue,wed,thu,fri,sat"
TIA,DNR,train,485,63.5,53231,Tilaiya - Danapur Passenger (UnReserved),true,,17:30,01:35,,,"sun,mon,tue,wed,thu,fri,sat"
DNR,TIA,train,415,63.5,53232,Danapur - Tilaiya Passenger (UnReserved),true,,08:50,15:45,,,"sun,mon,tue,wed,thu,fri,sat"
FUT,NES,train,150,41.0,53234,Fatuha - Natesar Passenger (UnReserved),true,,10:30,13:00,,,"sun,mon,tue,wed,thu,fri,sat"
FUT,HIL,train,75,35.0,53236,Fatuha - Hilsa Passenger (UnReserved),true,,12:30,13:45,,,"sun,mon,tue,wed,thu,fri,sat"
GAH,NKE,train,55,35.0,53241,Gaunaha - Narkatiaganj Pasenger (UnReserved),true,,14:15,15:10,,,"sun,mon,tue,wed,thu,fri,sat"
NKE,GAH,train,60,35.0,53242,Narkatiaganj - Gaunaha Passenger (UnReserved),true,,12:15,13:15,,,"sun,mon,tue,wed,thu,fri,sat"
FUT,BXR,train,415,59.8,53261,Fatuha - Buxar Passenger (UnReserved),true,,17:00,23:55,,,"sun,mon,tue,wed,thu,fri,sat"
SNDT,DHN,train,72,35.0,53327,Sindri Town - Dhanbad Passenger (UnReserved),true,,13:40,14:52,,,"sun,mon,tue,wed,thu,fri,sat"
DHN,SNDT,train,90,35.0,53328,Dhanbad - Sindri Town Passenger (UnReserved),true,,17:25,18:55,,,"sun,mon,tue,wed,thu,fri,sat"
BRWD,GMO,train,510,89.0,53348,Barwadih - NSCB Jn. Gomoh Passenger (UnReserved),true,,06:20,14:50,,,"sun,mon,tue,wed,thu,fri,sat"
BRWD,DOS,train,295,64.8,53349,Barwadih - Dehri On Sone Passenger (UnReserved),true,,17:50,22:45,,,"sun,mon,tue,wed,thu,fri,sat"
RPH,GAYA,train,865,133.8,53403,Rampurhat - Gaya Passenger (UnReserved),true,,07:45,22:10,,,"sun,mon,tue,wed,thu,fri,sat"
GAYA,JMP,train,385,68.5,53404,Gaya - Jamalpur Passenger (UnReserved),true,,06:00,12:25,,,"sun,mon,tue,wed,thu,fri,sat"
JMP,SBG,train,240,56.8,53416,Jamalpur - Sahibganj Passenger (UnReserved),true,,07:05,11:05,,,"sun,mon,tue,wed,thu,fri,sat"
DGHR,JMP,train,400,65.2,53441,Deoghar - Jamalpur Passenger (UnReserved),true,,15:45,22:25,,,"mon,tue,wed,thu,fri,sat"
GODA,DGHR,train,120,45.0,53443,Godda - Deoghar Passenger (UnReserved),true,,13:00,15:00,,,"mon,tue,wed,thu,fri,sat"
DGHR,GODA,train,110,45.0,53444,Deoghar - Godda Passenger (UnReserved),true,,10:40,12:30,,,"mon,tue,wed,thu,fri,sat"
TPH,RJL,train,25,35.0,53481,Tinpahar - Rajmahal Passenger (UnReserved),true,,03:25,03:50,,,"sun,mon,tue,wed,thu,fri,sat"
RJL,TPH,train,25,35.0,53482,Rajmahal - Tinpahar Passenger (UnReserved),true,,02:00,02:25,,,"sun,mon,tue,wed,thu,fri,sat"
TPH,RJL,train,25,35.0,53483,Tinpahar - Rajmahal Passenger (UnReserved),true,,05:05,05:30,,,"sun,mon,tue,wed,thu,fri,sat"
RJL,TPH,train,25,35.0,53484,Rajmahal - Tinpahar Passenger (UnReserved),true,,04:15,04:40,,,"sun,mon,tue,wed,thu,fri,sat"
TPH,RJL,train,25,35.0,53485,Tinpahar - Rajmahal Passenger (UnReserved),true,,09:45,10:10,,,"sun,mon,tue,wed,thu,fri,sat"
RJL,TPH,train,25,35.0,53486,Rajmahal - Tinpahar Passenger (UnReserved),true,,05:55,06:20,,,"sun,mon,tue,wed,thu,fri,sat"
TPH,RJL,train,25,35.0,53487,Tinpahar - Rajmahal Passenger (UnReserved),true,,13:45,14:10,,,"sun,mon,tue,wed,thu,fri,sat"
RJL,TPH,train,25,35.0,53488,Rajmahal - Tinpahar Passenger (UnReserved),true,,12:20,12:45,,,"sun,mon,tue,wed,thu,fri,sat"
TPH,RJL,train,25,35.0,53489,Tinpahar - Rajmahal Passenger (UnReserved),true,,16:20,16:45,,,"sun,mon,tue,wed,thu,fri,sat"
RJL,TPH,train,25,35.0,53490,Rajmahal - Tinpahar Passenger (UnReserved),true,,14:50,15:15,,,"sun,mon,tue,wed,thu,fri,sat"
TPH,RJL,train,25,35.0,53491,Tinpahar - Rajmahal Passenger (UnReserved),true,,19:10,19:35,,,"sun,mon,tue,wed,thu,fri,sat"
RJL,TPH,train,25,35.0,53492,Rajmahal - Tinpahar Passenger (UnReserved),true,,17:10,17:35,,,"sun,mon,tue,wed,thu,fri,sat"
TPH,RJL,train,25,35.0,53493,Tinpahar - Rajmahal Passenger (UnReserved),true,,21:20,21:45,,,"sun,mon,tue,wed,thu,fri,sat"
RJL,TPH,train,25,35.0,53494,Rajmahal - Tinpahar Passenger (UnReserved),true,,20:00,20:25,,,"sun,mon,tue,wed,thu,fri,sat"
TPH,RJL,train,25,35.0,53495,Tinpahar - Rajmahal Passenger (UnReserved),true,,23:25,23:50,,,"sun,mon,tue,wed,thu,fri,sat"
GRD,MDP,train,60,35.0,53514,Giridih - Madhupur Passenger (UnReserved),true,,09:10,10:10,,,"sun,mon,tue,wed,thu,fri,sat"
DDU,DLN,train,110,39.5,53642,Pt. Deen Dayal Upadhyaya Jn. - Dildarnagar Passenger (UnReserved),true,,06:05,07:55,,,"sun,mon,tue,wed,thu,fri,sat"
JIND,ROK,train,280,60.2,54006,Jind - Rohtak Passenger (via Panipat) (UnReserved),true,,04:30,09:10,,,"sun,mon,tue,wed,thu,fri,sat"
ROK,JIND,train,245,60.2,54007,Rohtak - Jind Passenger (via Panipat) (UnReserved),true,,09:30,13:35,,,"sun,mon,tue,wed,thu,fri,sat"
JIND,ROK,train,240,60.2,54008,Jind - Rohtak Passenger (via Panipat) (UnReserved),true,,10:10,14:10,,,"sun,mon,tue,wed,thu,fri,sat"
ROK,JIND,train,250,60.2,54009,Rohtak - Jind Passenger (via Panipat) (UnReserved),true,,18:10,22:20,,,"sun,mon,tue,wed,thu,fri,sat"
NRW,JIND,train,50,35.0,54010,Narwana - Jind Passenger (UnReserved),true,,22:20,23:10,,,"sun,mon,tue,wed,thu,fri,sat"
BNW,ROK,train,110,37.2,54018,Bhiwani - Rohtak Passenger (UnReserved),true,,18:35,20:25,,,"sun,mon,tue,wed,thu,fri,sat"
ROK,RE,train,105,45.2,54020,Rohtak - Rewari Passenger (UnReserved),true,,20:35,22:20,,,"sun,mon,tue,wed,thu,fri,sat"
JIND,DLI,train,215,56.8,54024,Jind - Delhi Passenger (UnReserved),true,,18:55,22:30,,,"sun,mon,tue,wed,thu,fri,sat"
SSB,NRW,train,225,62.8,54033,Shakur Basti - Narwana Passenger (UnReserved),true,,17:55,21:40,,,"sun,mon,tue,wed,thu,fri,sat"
JIND,DLI,train,230,56.8,54034,Jind - Delhi Passenger (UnReserved),true,,15:50,19:40,,,"sun,mon,tue,wed,thu,fri,sat"
JHL,SSB,train,295,72.2,54036,Jakhal - Shakur Basti Passenger (UnReserved),true,,04:35,09:30,,,"sun,mon,tue,wed,thu,fri,sat"
KKDE,JIND,train,165,55.0,54041,Kurukshetra - Jind Passenger (UnReserved),true,,18:20,21:05,,,"sun,mon,tue,wed,thu,fri,sat"
JIND,HSR,train,505,107.0,54043,Jind - Hisar Passenger (via Bathinda) (UnReserved),true,,17:25,01:50,,,"sun,mon,tue,wed,thu,fri,sat"
HSR,JIND,train,465,107.0,54044,Hisar - Jind Passenger (via Bathinda) (UnReserved),true,,05:15,13:00,,,"sun,mon,tue,wed,thu,fri,sat"
ROK,JIND,train,255,60.2,54049,Rohtak - Jind Passenger (via Panipat) (UnReserved),true,,03:55,08:10,,,"sun,mon,tue,wed,thu,fri,sat"
JIND,ROK,train,250,60.2,54050,Jind - Rohtak Passenger (via Panipat) (UnReserved),true,,16:15,20:25,,,"sun,mon,tue,wed,thu,fri,sat"
LDH,FZR,train,190,56.0,54051,Ludhiana - Firozpur Cantt Passenger (UnReserved),true,,10:05,13:15,,,"sun,mon,tue,wed,thu,fri,sat"
FZR,LDH,train,180,56.0,54052,Firozpur Cantt - Ludhiana Passenger (UnReserved),true,,13:55,16:55,,,"sun,mon,tue,wed,thu,fri,sat"
BE,DLI,train,570,93.5,54075,Bareilly - Delhi Passenger (UnReserved),true,,17:35,03:05,,,"sun,mon,tue,wed,thu,fri,sat"
DLI,BE,train,590,93.5,54076,Delhi - Bareilly Passenger (UnReserved),true,,23:50,09:40,,,"sun,mon,tue,wed,thu,fri,sat"
DLI,STD,train,355,78.8,54085,Delhi - Satrod Passenger (UnReserved),true,,07:10,13:05,,,"sun,mon,tue,wed,thu,fri,sat"
STD,DLI,train,410,78.8,54086,Satrod - Delhi Passenger (UnReserved),true,,14:20,21:10,,,"sun,mon,tue,wed,thu,fri,sat"
PYGS,CPA,train,430,78.5,54101,Prayagraj Sangam - Kanpur Anwarganj Passenger (UnReserved),true,,15:45,22:55,,,"sun,mon,tue,wed,thu,fri,sat"
CPA,PYGS,train,440,78.5,54102,Kanpur Anwarganj - Prayagraj Sangam Passenger (UnReserved),true,,02:35,09:55,,,"sun,mon,tue,wed,thu,fri,sat"
RBL,CNB,train,340,67.0,54153,Rae Bareli - Kanpur Central Passenger (via Unchahar) (UnReserved),true,,03:00,08:40,,,"sun,mon,tue,wed,thu,fri,sat"
CNB,RBL,train,350,67.0,54154,Kanpur Central - Rae Bareli Passenger (via Unchahar) (UnReserved),true,,16:30,22:20,,,"sun,mon,tue,wed,thu,fri,sat"
FBD,CPA,train,255,59.2,54158,Farrukhabad - Kanpur Anwarganj Passenger (UnReserved),true,,20:40,00:55,,,"sun,mon,tue,wed,thu,fri,sat"
PYGS,JNU,train,265,52.8,54213,Prayagraj Sangam - Jaunpur Passenger (UnReserved),true,,17:05,21:30,,,"sun,mon,tue,wed,thu,fri,sat"
JNU,PYGS,train,220,52.8,54214,Jaunpur - Prayagraj Sangam Passenger (UnReserved),true,,06:00,09:40,,,"sun,mon,tue,wed,thu,fri,sat"
BSB,SLN,train,235,60.8,54263,Varanasi - Sultanpur Passenger (UnReserved),true,,16:55,20:50,,,"sun,mon,tue,wed,thu,fri,sat"
BSB,MBDP,train,210,57.0,54291,Varanasi - MBDD Pratapgarh Passenger (UnReserved),true,,17:30,21:00,,,"sun,mon,tue,wed,thu,fri,sat"
MB,DLI,train,335,65.2,54307,Moradabad - Delhi Passenger (UnReserved),true,,18:30,00:05,,,"sun,mon,tue,wed,thu,fri,sat"
DLI,MB,train,390,65.2,54308,Delhi - Moradabad Passenger (UnReserved),true,,04:00,10:30,,,"sun,mon,tue,wed,thu,fri,sat"
DLI,HSR,train,485,98.2,54309,Delhi - Hisar Passenger (via Sadulpur) (UnReserved),true,,05:00,13:05,,,"sun,mon,tue,wed,thu,fri,sat"
HSR,DLI,train,545,98.2,54310,Hisar - Delhi Passenger (via Sadulpur) (UnReserved),true,,05:00,14:05,,,"sun,mon,tue,wed,thu,fri,sat"
HSR,RE,train,325,77.8,54316,Hisar - Rewari Passenger (via Sadulpur) (UnReserved),true,,14:30,19:55,,,"sun,mon,tue,wed,thu,fri,sat"
BLM,STP,train,330,41.0,54321,Balamau - Sitapur Jn. Passenger (UnReserved),true,,07:45,13:15,,,"sun,mon,tue,wed,thu,fri,sat"
SPC,CNB,train,570,69.2,54325,Sitapur City - Kanpur Central Passenger (UnReserved),true,,10:35,20:05,,,"sun,mon,tue,wed,thu,fri,sat"
BLM,SPN,train,215,49.0,54329,Balamau - Shahjahanpur Passenger (UnReserved),true,,18:10,21:45,,,"sun,mon,tue,wed,thu,fri,sat"
SPN,BLM,train,210,49.0,54330,Shahjahanpur - Balamau Passenger (UnReserved),true,,06:35,10:05,,,"sun,mon,tue,wed,thu,fri,sat"
LKO,BLM,train,135,42.0,54331,Lucknow - Balamau Passenger (UnReserved),true,,18:30,20:45,,,"sun,wed"
BLM,LKO,train,120,42.0,54332,Balamau - Lucknow Passenger (UnReserved),true,,09:25,11:25,,,"mon,tue"
BLM,CNB,train,230,54.5,54335,Balamau - Kanpur Central Passenger (UnReserved),true,,06:30,10:20,,,"sun,mon,tue,wed,thu,fri,sat"
SRE,DDN,train,370,58.0,54341,Saharanpur - Dehradun Passenger (UnReserved),true,,14:15,20:25,,,"sun,mon,tue,wed,thu,fri,sat"
DDN,SRE,train,320,58.0,54342,Dehradun - Saharanpur Passenger (UnReserved),true,,07:45,13:05,,,"sun,mon,tue,wed,thu,fri,sat"
ALJN,BE,train,410,66.8,54351,Aligarh - Bareilly Passenger (UnReserved),true,,11:25,18:15,,,"sun,mon,tue,wed,thu,fri,sat"
ALJN,BE,train,355,66.8,54353,Aligarh - Bareilly Passenger (UnReserved),true,,17:45,23:40,,,"sun,mon,tue,wed,thu,fri,sat"
BKI,BE,train,935,128.2,54355,Bandikui - Bareilly Passenger (UnReserved),true,,14:45,06:20,,,"sun,mon,tue,wed,thu,fri,sat"
BE,BKI,train,765,128.2,54356,Bareilly - Bandikui Passenger (UnReserved),true,,21:05,09:50,,,"sun,mon,tue,wed,thu,fri,sat"
PYGS,JNU,train,210,52.8,54375,Prayagraj Sangam - Jaunpur Passenger (UnReserved),true,,06:00,09:30,,,"sun,mon,tue,wed,thu,fri,sat"
ALJN,GJL,train,505,73.8,54391,Aligarh - Gajraula Passenger (UnReserved),true,,04:40,13:05,,,"sun,mon,tue,wed,thu,fri,sat"
NBD,MB,train,385,65.0,54396,Najibabad - Moradabad Passenger (via Gajraula) (UnReserved),true,,03:45,10:10,,,"sun,mon,tue,wed,thu,fri,sat"
KRJ,MTC,train,210,48.5,54401,Khurja - Meerut City Passenger (UnReserved),true,,06:20,09:50,,,"sun,mon,tue,wed,thu,fri,sat"
KRJ,MTC,train,255,48.5,54405,Khurja - Meerut City Passenger (UnReserved),true,,17:45,22:00,,,"sun,mon,tue,wed,thu,fri,sat"
RE,MUT,train,340,65.0,54411,Rewari - Meerut Cantt. Passenger (UnReserved),true,,15:05,20:45,,,"sun,mon,tue,wed,thu,fri,sat"
NDLS,HSR,train,270,68.8,54423,New Delhi - Hisar Passenger (UnReserved),true,,18:20,22:50,,,"sun,mon,tue,wed,thu,fri,sat"
HSR,NDLS,train,260,68.8,54424,Hisar - New Delhi Passenger (UnReserved),true,,05:20,09:40,,,"sun,mon,tue,wed,thu,fri,sat"
CH,RKSH,train,710,83.5,54463,Chandausi - Rishikesh Passenger (UnReserved),true,,03:55,15:45,,,"sun,mon,tue,wed,thu,fri,sat"
RKSH,CH,train,605,83.5,54464,Rishikesh - Chandausi Passenger (UnReserved),true,,12:20,22:25,,,"sun,mon,tue,wed,thu,fri,sat"
DLI,SRE,train,320,72.2,54473,Delhi - Saharanpur Passenger (UnReserved),true,,18:20,23:40,,,"sun,mon,tue,wed,thu,fri,sat"
RKSH,HW,train,70,35.0,54482,Rishikesh - Haridwar Passenger (UnReserved),true,,07:45,08:55,,,"sun,mon,tue,wed,thu,fri,sat"
UMB,BTI,train,275,75.2,54551,Ambala Cantt - Bathinda Passenger (UnReserved),true,,12:15,16:50,,,"sun,mon,tue,wed,thu,fri,sat"
BTI,UMB,train,280,75.2,54552,Bathinda - Ambala Cantt Passenger (UnReserved),true,,07:30,12:10,,,"sun,mon,tue,wed,thu,fri,sat"
UMB,DUI,train,180,51.5,54553,Ambala Cantt - Dhuri Passenger (UnReserved),true,,17:35,20:35,,,"sun,mon,tue,wed,thu,fri,sat"
BTI,FZR,train,160,47.0,54561,Bathinda - Firozpur Cantt Passenger (UnReserved),true,,06:20,09:00,,,"sun,mon,tue,wed,thu,fri,sat"
FZR,BTI,train,140,47.0,54562,Firozpur Cantt - Bathinda Passenger (UnReserved),true,,06:25,08:45,,,"sun,mon,tue,wed,thu,fri,sat"
FZR,BTI,train,140,47.0,54564,Firozpur Cantt - Bathinda Passenger (UnReserved),true,,17:40,20:00,,,"sun,mon,tue,wed,thu,fri,sat"
LDH,FZR,train,190,56.0,54571,Ludhiana - Firozpur Cantt Passenger (UnReserved),true,,17:50,21:00,,,"sun,mon,tue,wed,thu,fri,sat"
FZR,LDH,train,215,56.0,54572,Firozpur Cantt - Ludhiana Passenger (UnReserved),true,,11:00,14:35,,,"sun,mon,tue,wed,thu,fri,sat"
LDH,LNK,train,140,44.2,54575,Ludhiana - Lohian Khas Passenger (UnReserved),true,,19:00,21:20,,,"sun,mon,tue,wed,thu,fri,sat"
HSR,LDH,train,305,77.5,54603,Hisar - Ludhiana Passenger (UnReserved),true,,05:20,10:25,,,"sun,mon,tue,wed,thu,fri,sat"
CUR,LDH,train,530,109.5,54605,Churu - Ludhiana Passenger (UnReserved),true,,05:05,13:55,,,"sun,mon,tue,wed,thu,fri,sat"
ASR,PTK,train,185,51.8,54611,Amritsar - Pathankot Passenger (UnReserved),true,,03:45,06:50,,,"sun,mon,tue,wed,thu,fri,sat"
PTK,ASR,train,195,51.8,54612,Pathankot - Amritsar Passenger (UnReserved),true,,05:00,08:15,,,"sun,mon,tue,wed,thu,fri,sat"
PTK,ASR,train,205,51.8,54614,Pathankot - Amritsar Passenger (UnReserved),true,,07:20,10:45,,,"sun,mon,tue,wed,thu,fri,sat"
ASR,PTK,train,200,51.8,54615,Amritsar - Pathankot Passenger (UnReserved),true,,17:30,20:50,,,"sun,mon,tue,wed,thu,fri,sat"
JUC,PTK,train,185,54.0,54621,Jalandhar City - Pathankot Passenger (UnReserved),true,,17:45,20:50,,,"sun,mon,tue,wed,thu,fri,sat"
PTK,JUC,train,190,54.0,54622,Pathankot - Jalandhar City Passenger (UnReserved),true,,08:50,12:00,,,"sun,mon,tue,wed,thu,fri,sat"
BNW,DUI,train,345,77.0,54631,Bhiwani - Dhuri Passenger (UnReserved),true,,16:00,21:45,,,"sun,mon,tue,wed,thu,fri,sat"
SSA,LDH,train,460,98.0,54633,Sirsa - Ludhiana Passenger (UnReserved),true,,11:40,19:20,,,"sun,mon,tue,wed,thu,fri,sat"
HSR,LDH,train,305,77.5,54635,Hisar - Ludhiana Passenger (UnReserved),true,,16:10,21:15,,,"sun,mon,tue,wed,thu,fri,sat"
LDH,HSR,train,305,77.5,54636,Ludhiana - Hisar Passenger (UnReserved),true,,09:15,14:20,,,"sun,mon,tue,wed,thu,fri,sat"
HSX,JUC,train,70,35.8,54637,Hoshiarpur - Jalandhar City Passenger (UnReserved),true,,12:35,13:45,,,"sun,mon,tue,wed,thu,fri,sat"
JUC,HSX,train,65,35.8,54638,Jalandhar City - Hoshiarpur Passenger (UnReserved),true,,09:35,10:40,,,"sun,mon,tue,wed,thu,fri,sat"
BTI,FZR,train,145,47.0,54641,Bathinda - Firozpur Cantt Passenger (UnReserved),true,,17:40,20:05,,,"sun,mon,tue,wed,thu,fri,sat"
FZR,BTI,train,160,47.0,54642,Firozpur Cantt - Bathinda Passenger (UnReserved),true,,10:40,13:20,,,"sun,mon,tue,wed,thu,fri,sat"
JUC,FZR,train,200,54.2,54643,Jalandhar City - Firozpur Cantt Passenger (UnReserved),true,,15:05,18:25,,,"sun,mon,tue,wed,thu,fri,sat"
LDH,FZR,train,150,56.0,54645,Ludhiana - Firozpur Cantt Passenger (UnReserved),true,,20:50,23:20,,,"sun,mon,tue,wed,thu,fri,sat"
FZR,LDH,train,190,56.0,54646,Firozpur Cantt - Ludhiana Passenger (UnReserved),true,,05:20,08:30,,,"sun,mon,tue,wed,thu,fri,sat"
BTI,LGH,train,455,105.2,54701,Bathinda - Lalgarh Passenger (UnReserved),true,,10:45,18:20,,,"sun,mon,tue,wed,thu,fri,sat"
LGH,ABS,train,617,123.5,54702,Lalgarh - Abohar Passenger (UnReserved),true,,08:40,18:57,,,"sun,mon,tue,wed,thu,fri,sat"
JP,BTI,train,865,163.2,54704,Jaipur - Bathinda Passenger (UnReserved),true,,09:30,23:55,,,"sun,mon,tue,wed,thu,fri,sat"
BTI,SGNR,train,210,56.5,54753,Bathinda - Shri Ganganagar Passenger (UnReserved),true,,11:50,15:20,,,"sun,mon,tue,wed,thu,fri,sat"
SGNR,BTI,train,175,56.5,54754,Shri Ganganagar - Bathinda Passenger (UnReserved),true,,06:35,09:30,,,"sun,mon,tue,wed,thu,fri,sat"
HMH,SOG,train,290,76.0,54759,Hanumangarh - Suratgarh Passenger (via Shri Ganganagar) (UnReserved),true,,07:15,12:05,,,"sun,mon,tue,wed,thu,fri,sat"
SOG,HMH,train,280,76.0,54760,Suratgarh - Hanumangarh Passenger (via Shri Ganganagar) (UnReserved),true,,12:45,17:25,,,"sun,mon,tue,wed,thu,fri,sat"
SOG,HMH,train,300,76.0,54762,Suratgarh - Hanumangarh Passenger (via Shri Ganganagar) (UnReserved),true,,08:20,13:20,,,"sun,mon,tue,wed,thu,fri,sat"
RE,BNW,train,120,45.8,54788,Rewari - Bhiwani Passenger (UnReserved),true,,21:30,23:30,,,"sun,mon,tue,wed,thu,fri,sat"
BKN,RE,train,560,119.8,54790,Bikaner - Rewari Passenger (UnReserved),true,,14:05,23:25,,,"sun,mon,tue,wed,thu,fri,sat"
SWM,MTJ,train,350,79.0,54793,Sawai Madhopur - Mathura Passenger (UnReserved),true,,05:45,11:35,,,"sun,mon,tue,wed,thu,fri,sat"
MTJ,SWM,train,345,79.0,54794,Mathura - Sawai Madhopur Passenger (UnReserved),true,,14:00,19:45,,,"sun,mon,tue,wed,thu,fri,sat"
JU,BME,train,315,77.2,54813,Jodhpur - Barmer Passenger (UnReserved),true,,09:45,15:00,,,"sun,mon,tue,wed,thu,fri,sat"
JU,BLRA,train,195,47.0,54825,Jodhpur - Bilara Passenger (UnReserved),true,,18:45,22:00,,,"sun,mon,tue,wed,thu,fri,sat"
BLRA,JU,train,195,47.0,54826,Bilara - Jodhpur Passenger (UnReserved),true,,05:45,09:00,,,"sun,mon,tue,wed,thu,fri,sat"
GKP,GD,train,345,63.0,55031,Gorakhpur - Gonda Passenger (UnReserved),true,,18:25,00:10,,,"sun,mon,tue,wed,thu,fri,sat"
GD,GKP,train,290,63.0,55032,Gonda - Gorakhpur Passenger (UnReserved),true,,04:15,09:05,,,"sun,mon,tue,wed,thu,fri,sat"
GD,STP,train,270,64.8,55033,Gonda - Sitapur Jn. Passenger (UnReserved),true,,04:45,09:15,,,"sun,mon,tue,wed,thu,fri,sat"
SV,GKC,train,250,65.5,55035,Siwan - Gorakhpur Cantt. Passenger (via Kaptanganj) (UnReserved),true,,17:35,21:45,,,"sun,mon,tue,wed,thu,fri,sat"
NKE,BNY,train,600,90.8,55039,Narkatiaganj - Barhni Passenger (UnReserved),true,,16:45,02:45,,,"sun,mon,tue,wed,thu,fri,sat"
BNY,NKE,train,545,90.8,55040,Barhni - Narkatiaganj Passenger (UnReserved),true,,08:50,17:55,,,"sun,mon,tue,wed,thu,fri,sat"
SV,GKC,train,225,53.8,55041,Siwan - Gorakhpur Cantt. Passenger (via Deoria Sadar) (UnReserved),true,,05:40,09:25,,,"sun,mon,tue,wed,thu,fri,sat"
GKC,SV,train,185,53.8,55042,Gorakhpur Cantt.- Siwan Passenger (via Deoria Sadar) (UnReserved),true,,18:50,21:55,,,"sun,mon,tue,wed,thu,fri,sat"
NKE,GKC,train,390,61.5,55047,Narkatiaganj - Gorakhpur Cantt. Passenger (UnReserved),true,,23:50,06:20,,,"sun,mon,tue,wed,thu,fri,sat"
GKC,NKE,train,245,61.5,55048,Gorakhpur Cantt. - Narkatiaganj Passenger (UnReserved),true,,18:20,22:25,,,"sun,mon,tue,wed,thu,fri,sat"
CPR,JEA,train,325,71.2,55055,Chhapra - Nakaha Jungle Passenger (UnReserved),true,,16:45,22:10,,,"sun,mon,tue,wed,thu,fri,sat"
GKP,CPR,train,325,70.0,55056,Gorakhpur - Chhapra Passenger (UnReserved),true,,08:55,14:20,,,"sun,mon,tue,wed,thu,fri,sat"
STP,SPN,train,160,47.8,55059,Sitapur Jn. - Shahjahanpur Passenger (UnReserved),true,,09:30,12:10,,,"sun,mon,tue,wed,thu,fri,sat"
NTV,GKP,train,180,45.5,55070,Nautanwa - Gorakhpur Passenger (UnReserved),true,,09:50,12:50,,,"sun,mon,tue,wed,thu,fri,sat"
JEA,NTV,train,150,44.0,55071,Nakaha Jungle - Nautanwa Passenger (UnReserved),true,,15:10,17:40,,,"sun,mon,tue,wed,thu,fri,sat"
GKP,BNY,train,220,53.2,55073,Gorakhpur - Barhni Passenger (UnReserved),true,,00:35,04:15,,,"sun,mon,tue,wed,thu,fri,sat"
BNY,GKP,train,210,53.2,55074,Barhni - Gorakhpur Passenger (UnReserved),true,,04:45,08:15,,,"sun,mon,tue,wed,thu,fri,sat"
GKP,BNY,train,195,53.2,55075,Gorakhpur - Barhni Passenger (UnReserved),true,,11:00,14:15,,,"sun,mon,tue,wed,thu,fri,sat"
BNY,JEA,train,185,51.8,55076,Barhni - Nakaha Jungle Passenger (UnReserved),true,,11:15,14:20,,,"sun,mon,tue,wed,thu,fri,sat"
MLN,STP,train,170,51.5,55081,Mailani - Sitapur Passenger (UnReserved),true,,14:00,16:50,,,"sun,mon,tue,wed,thu,fri,sat"
STP,MLN,train,180,51.5,55082,Sitapur - Mailani Passenger (UnReserved),true,,18:10,21:10,,,"sun,mon,tue,wed,thu,fri,sat"
MLN,DAL,train,310,72.0,55083,Mailani - Daliganj Passenger (UnReserved),true,,11:50,17:00,,,"sun,mon,tue,wed,thu,fri,sat"
DAL,MLN,train,295,72.0,55084,Daliganj - Mailani Passenger (UnReserved),true,,08:10,13:05,,,"sun,mon,tue,wed,thu,fri,sat"
PBE,DAL,train,455,88.8,55085,Pilibhit - Daliganj Passenger (UnReserved),true,,18:05,01:40,,,"sun,mon,tue,wed,thu,fri,sat"
MLN,DAL,train,310,72.0,55087,Mailani - Daliganj Passenger (UnReserved),true,,04:45,09:55,,,"sun,mon,tue,wed,thu,fri,sat"
DAL,MLN,train,315,72.0,55088,Daliganj - Mailani Passenger (UnReserved),true,,18:30,23:45,,,"sun,mon,tue,wed,thu,fri,sat"
SPC,GD,train,380,66.0,55092,Sitapur City - Gonda Passenger (UnReserved),true,,06:10,12:30,,,"sun,mon,tue,wed,thu,fri,sat"
NKE,GKC,train,265,61.5,55095,Narkatiaganj - Gorakhpur Cantt. Passenger (UnReserved),true,,20:00,00:25,,,"sun,mon,tue,wed,thu,fri,sat"
GKC,NKE,train,280,61.5,55096,Gorakhpur Cantt. - Narkatiaganj Passenger (UnReserved),true,,07:10,11:50,,,"sun,mon,tue,wed,thu,fri,sat"
NKE,GKC,train,275,61.5,55097,Narkatiaganj - Gorakhpur Cantt. Passenger (UnReserved),true,,05:30,10:05,,,"sun,mon,tue,wed,thu,fri,sat"
THE,CI,train,225,50.8,55103,Thawe - Chhapra Kacheri Passenger (UnReserved),true,,17:00,20:45,,,"sun,mon,tue,wed,thu,fri,sat"
CI,THE,train,210,50.8,55110,Chhapra Kacheri - Thawe Passenger (UnReserved),true,,06:05,09:35,,,"sun,mon,tue,wed,thu,fri,sat"
SPJ,SV,train,470,81.8,55121,Samastipur - Siwan Passenger (UnReserved),true,,15:55,23:45,,,"sun,mon,tue,wed,thu,fri,sat"
SV,SPJ,train,510,81.8,55122,Siwan - Samastipur Passenger (UnReserved),true,,04:00,12:30,,,"sun,mon,tue,wed,thu,fri,sat"
BCY,CPR,train,380,75.5,55140,Varanasi City - Chhapra Passenger (UnReserved),true,,05:00,11:20,,,"sun,mon,tue,wed,thu,fri,sat"
BNRS,MBDP,train,195,57.2,55141,Banaras - MBDD Pratapgarh Passenger (UnReserved),true,,06:00,09:15,,,"sun,mon,tue,wed,thu,fri,sat"
MBDP,BNRS,train,255,57.2,55142,MBDD Pratapgarh - Banaras Passenger (UnReserved),true,,17:00,21:15,,,"sun,mon,tue,wed,thu,fri,sat"
LKU,MB,train,185,48.5,55302,Lalkuan - Moradabad Passenger (via Rampur) (UnReserved),true,,08:25,11:30,,,"sun,mon,tue,wed,thu,fri,sat"
MB,LKU,train,235,52.0,55303,Moradabad - Lalkuan Passenger (via Kashipur) (UnReserved),true,,06:00,09:55,,,"sun,mon,tue,wed,thu,fri,sat"
LKU,MB,train,260,52.0,55304,Lalkuan - Moradabad Passenger (Via Kashipur) (UnReserved),true,,16:50,21:10,,,"sun,mon,tue,wed,thu,fri,sat"
KSJ,RMR,train,490,93.2,55307,Kasganj - Ramnagar Passenger (UnReserved),true,,14:00,22:10,,,"sun,mon,tue,wed,thu,fri,sat"
RMR,KSJ,train,485,93.2,55308,Ramnagar - Kasganj Passenger (UnReserved),true,,05:10,13:15,,,"sun,mon,tue,wed,thu,fri,sat"
LKU,KPV,train,100,39.5,55309,Lalkuan - Kashipur Passenger (UnReserved),true,,12:45,14:25,,,"sun,mon,tue,wed,thu,fri,sat"
KPV,LKU,train,90,39.5,55310,Kashipur - Lalkuan Passenger (UnReserved),true,,17:55,19:25,,,"sun,mon,tue,wed,thu,fri,sat"
LKU,KSJ,train,355,72.0,55312,Lal Kuan - Kasganj Passenger (UnReserved),true,,10:45,16:40,,,"sun,mon,tue,wed,thu,fri,sat"
BC,LKU,train,145,45.5,55313,Bareilly City - Lalkuan Passenger (UnReserved),true,,14:00,16:25,,,"sun,mon,tue,wed,thu,fri,sat"
BC,PBE,train,115,39.0,55315,Bareilly City - Pilibhit Passenger (UnReserved),true,,09:55,11:50,,,"sun,mon,tue,wed,thu,fri,sat"
PBE,BC,train,135,39.0,55316,Pilibhit - Bareilly City Passenger (UnReserved),true,,06:55,09:10,,,"sun,mon,tue,wed,thu,fri,sat"
BC,PBE,train,105,39.0,55317,Bareilly City - Pilibhit Passenger (UnReserved),true,,14:40,16:25,,,"sun,mon,tue,wed,thu,fri,sat"
PBE,BC,train,160,39.0,55318,Pilibhit - Bareilly City Passenger (UnReserved),true,,09:00,11:40,,,"sun,mon,tue,wed,thu,fri,sat"
PBE,BRY,train,150,39.5,55320,Pilibhit - Bareilly Jn. Passenger (UnReserved),true,,13:25,15:55,,,"sun,mon,tue,wed,thu,fri,sat"
TPU,SPN,train,255,61.2,55322,Tanakpur - Shahjahanpur Passenger (UnReserved),true,,07:00,11:15,,,"sun,mon,tue,wed,thu,fri,sat"
SPN,TPU,train,245,61.2,55323,Shahjahanpur - Tanakpur Passenger (UnReserved),true,,12:45,16:50,,,"sun,mon,tue,wed,thu,fri,sat"
TPU,PBE,train,90,40.5,55324,Tanakpur - Pilibhit Passenger (UnReserved),true,,11:45,13:15,,,"sun,mon,tue,wed,thu,fri,sat"
PBE,TPU,train,110,40.5,55325,Pilibhit - Tanakpur Passenger (UnReserved),true,,17:40,19:30,,,"sun,mon,tue,wed,thu,fri,sat"
TPU,PBE,train,130,40.5,55326,Tanakpur - Pilibhit Passenger (UnReserved),true,,17:50,20:00,,,"sun,mon,tue,wed,thu,fri,sat"
KSJ,BC,train,195,51.5,55327,Kasganj - Bareilly City Passenger (UnReserved),true,,10:35,13:50,,,"sun,mon,tue,wed,thu,fri,sat"
BRY,KSJ,train,185,50.8,55330,Bareilly Jn. - Kasganj Passenger (UnReserved),true,,17:25,20:30,,,"sun,mon,tue,wed,thu,fri,sat"
AH,KSJ,train,220,60.0,55332,Achhnera - Kasganj Passenger (UnReserved),true,,10:10,13:50,,,"sun,mon,tue,wed,thu,fri,sat"
KSJ,AF,train,325,66.5,55333,Kasganj - Agra Fort Passenger (UnReserved),true,,07:55,13:20,,,"sun,mon,tue,wed,thu,fri,sat"
AF,KSJ,train,330,66.5,55334,Agra Fort - Kasganj Passenger (UnReserved),true,,15:20,20:50,,,"sun,mon,tue,wed,thu,fri,sat"
KSJ,MTJ,train,160,51.2,55335,Kasganj - Mathura Passenger (UnReserved),true,,11:40,14:20,,,"sun,mon,tue,wed,thu,fri,sat"
MTJ,KSJ,train,130,51.2,55336,Mathura - Kasganj Fast Passenger (UnReserved),true,,20:50,23:00,,,"sun,mon,tue,wed,thu,fri,sat"
KSJ,BTE,train,360,67.0,55337,Kasganj - Bharatpur Passenger (UnReserved),true,,17:40,23:40,,,"sun,mon,tue,wed,thu,fri,sat"
BTE,KSJ,train,295,67.0,55338,Bharatpur - Kasganj Passenger (UnReserved),true,,05:30,10:25,,,"sun,mon,tue,wed,thu,fri,sat"
KSJ,AH,train,220,60.0,55339,Kasganj - Achhnera Passenger (UnReserved),true,,21:20,01:00,,,"sun,mon,tue,wed,thu,fri,sat"
AH,KSJ,train,245,60.0,55340,Achhnera - Kasganj Passenger (UnReserved),true,,04:20,08:25,,,"sun,mon,tue,wed,thu,fri,sat"
SKB,KSJ,train,395,78.5,55341,Shikohabad - Kasganj Passenger (UnReserved),true,,16:20,22:55,,,"sun,mon,tue,wed,thu,fri,sat"
FBD,KSJ,train,175,51.8,55343,Farrukhabad - Kasganj Passenger (UnReserved),true,,04:50,07:45,,,"sun,mon,tue,wed,thu,fri,sat"
SPN,PBE,train,140,46.0,55350,Shahjahanpur - Pilibhit Passenger (UnReserved),true,,06:30,08:50,,,"sun,mon,tue,wed,thu,fri,sat"
PBE,SPN,train,145,46.0,55351,Pilibhit - Shahjahanpur Passenger (UnReserved),true,,14:05,16:30,,,"sun,mon,tue,wed,thu,fri,sat"
PBE,SPN,train,145,46.0,55353,Pilibhit - Shahjahanpur Passenger (UnReserved),true,,18:10,20:35,,,"sun,mon,tue,wed,thu,fri,sat"
PBE,MLN,train,140,41.8,55357,Pilibhit - Mailani Passenger (UnReserved),true,,06:45,09:05,,,"sun,mon,tue,wed,thu,fri,sat"
MLN,PBE,train,150,41.8,55358,Mailani - Pilibhit Passenger (UnReserved),true,,05:10,07:40,,,"sun,mon,tue,wed,thu,fri,sat"
MLN,PBE,train,150,41.8,55360,Mailani - Pilibhit Passenger (UnReserved),true,,10:40,13:10,,,"sun,mon,tue,wed,thu,fri,sat"
PBE,MLN,train,145,41.8,55361,Pilibhit - Mailani Passenger (UnReserved),true,,14:30,16:55,,,"sun,mon,tue,wed,thu,fri,sat"
MLN,PBE,train,175,41.8,55362,Mailani - Pilibhit Passenger (UnReserved),true,,17:55,20:50,,,"sun,mon,tue,wed,thu,fri,sat"
PBE,SPN,train,135,46.0,55363,Pilibhit - Shahjahanpur Passenger (UnReserved),true,,12:00,14:15,,,"sun,mon,tue,wed,thu,fri,sat"
SPN,PBE,train,135,46.0,55364,Shahjahanpur - Pilibhit Passenger (UnReserved),true,,14:55,17:10,,,"sun,mon,tue,wed,thu,fri,sat"
BLGT,MLDT,train,200,51.5,55422,Balurghat - Malda Town Passenger (UnReserved),true,,18:00,21:20,,,"sun,mon,tue,wed,thu,fri,sat"
JJP,LKQ,train,90,35.8,55501,Jhanjharpur - Laukaha Bazar Passenger (UnReserved),true,,14:35,16:05,,,"sun,mon,tue,wed,thu,fri,sat"
LKQ,JJP,train,90,35.8,55502,Laukaha Bazar - Jhanjharpur Passenger (UnReserved),true,,17:00,18:30,,,"sun,mon,tue,wed,thu,fri,sat"
JJP,LKQ,train,90,35.8,55503,Jhanjharpur - Laukaha Bazar Passenger (UnReserved),true,,04:05,05:35,,,"sun,mon,tue,wed,thu,fri,sat"
LKQ,JJP,train,90,35.8,55504,Laukaha Bazar - Jhanjharpur Passenger (UnReserved),true,,06:30,08:00,,,"sun,mon,tue,wed,thu,fri,sat"
SPJ,JYG,train,245,51.2,55519,Samastipur - Jaynagar Passenger (UnReserved),true,,05:50,09:55,,,"sun,mon,tue,wed,thu,fri,sat"
JYG,SPJ,train,260,51.2,55520,Jaynagar - Samastipur Passenger (UnReserved),true,,16:30,20:50,,,"sun,mon,tue,wed,thu,fri,sat"
TIGJ,SHC,train,200,39.5,55521,Triveniganj - Saharsa Passenger (UnReserved),true,,05:30,08:50,,,"sun,mon,tue,wed,thu,fri,sat"
SHC,TIGJ,train,170,39.5,55522,Saharsa - Triveniganj Passenger (UnReserved),true,,14:40,17:30,,,"sun,mon,tue,wed,thu,fri,sat"
SHC,SPJ,train,745,73.5,55523,Saharsa - Samastipur Passenger (via Alauli) (UnReserved),true,,09:00,21:25,,,"sun,mon,tue,wed,thu,fri,sat"
SPJ,SHC,train,610,73.5,55524,Samastipur - Saharsa Passenger (via Alauli) (UnReserved),true,,04:00,14:10,,,"sun,mon,tue,wed,thu,fri,sat"
SHC,SPJ,train,278,59.2,55565,Saharsa - Samastipur Passenger (UnReserved),true,,18:15,22:53,,,"sun,mon,tue,wed,thu,fri,sat"
SPJ,SHC,train,325,59.2,55566,Samastipur - Saharsa Passenger (UnReserved),true,,04:20,09:45,,,"sun,mon,tue,wed,thu,fri,sat"
RXL,NKE,train,105,35.2,55583,Raxaul - Narkatiaganj Passenger (UnReserved),true,,19:45,21:30,,,"sun,mon,tue,wed,thu,fri,sat"
GHY,LMG,train,305,70.2,55601,Guwahati - Lumding Passenger (UnReserved),true,,17:00,22:05,,,"sun,fri,sat"
LMG,GHY,train,255,70.2,55602,Lumding - Guwahati Passenger (UnReserved),true,,07:50,12:05,,,"sun,mon,sat"
MBO,GHY,train,325,65.0,55604,Mairabari - Guwahati Kolongpar Passenger (UnReserved),true,,04:20,09:45,,,"sun,mon,tue,wed,thu,fri,sat"
SKHV,GHY,train,365,86.5,55606,Shokhuvi - Guwahati Passenger (UnReserved),true,,06:00,12:05,,,"wed,fri"
GHY,MNDP,train,255,57.2,55608,Guwahati - Mendipathar Passenger (UnReserved),true,,12:45,17:00,,,"mon,wed"
MSSN,SCL,train,195,40.0,55661,Maishashan - Silchar Passenger (UnReserved),true,,09:00,12:15,,,"sun,mon,tue,wed,thu,sat"
SCL,BHRB,train,240,50.8,55667,Silchar - Bairabi Passenger (UnReserved),true,,17:10,21:10,,,"sun,mon,tue,wed,thu,fri,sat"
BHRB,SCL,train,240,50.8,55668,Bairabi - Silchar Passenger (UnReserved),true,,05:30,09:30,,,"sun,mon,tue,wed,thu,fri,sat"
AGTL,DMR,train,285,59.8,55675,Agartala - Dharmanagar Passenger,true,,17:55,22:40,,,"sun,mon,tue,wed,thu,fri,sat"
DMR,AGTL,train,290,59.8,55676,Dharmanagar - Agartala Passenger,true,,05:40,10:30,,,"sun,mon,tue,wed,thu,fri,sat"
SCL,DMR,train,315,53.5,55677,Silchar - Dharmanagar Passenger (UnReserved),true,,17:35,22:50,,,"tue,fri"
DMR,SCL,train,295,53.5,55678,Dharmanagar - Silchar Passenger (UnReserved),true,,06:15,11:10,,,"wed,sat"
MSSN,SCL,train,165,40.0,55685,Maishashan - Silchar Passenger (UnReserved),true,,20:10,22:55,,,"mon,tue,wed,thu,fri,sat"
SCL,MSSN,train,215,40.0,55686,Silchar - Maishashan Passenger (UnReserved),true,,16:05,19:40,,,"mon,tue,wed,thu,fri,sat"
SCL,DLCR,train,290,50.0,55688,Silchar - Dullabcherra Passenger (UnReserved),true,,15:05,19:55,,,"mon,tue,wed,fri,sat"
BPB,DLCR,train,225,42.8,55690,Badarpur - Dullabcherra Passenger (UnReserved),true,,11:00,14:45,,,"mon,tue,wed,fri,sat"
KIR,MLFC,train,195,47.8,55704,Katihar - Malda Court Passenger (UnReserved),true,,08:15,11:30,,,"sun,mon,tue,wed,thu,fri,sat"
NBQ,GHY,train,275,64.2,55801,Manas Rhino Passenger (UnReserved),true,,04:40,09:15,,,"sun,mon,tue,wed,thu,fri,sat"
GHY,NBQ,train,280,64.2,55802,Manas Rhino Passenger (UnReserved),true,,17:30,22:10,,,"sun,mon,tue,wed,thu,fri,sat"
NBQ,GHY,train,300,70.5,55803,New Bongaigaon - Guwahati Passenger (via Goalpara Town) (UnReserved),true,,16:45,21:45,,,"sun,mon,tue,wed,thu,fri,sat"
NBQ,GHY,train,280,64.2,55809,New Bongaigaon - Guwahati Passenger (via Rangiya) (UnReserved),true,,17:20,22:00,,,"sun,mon,tue,wed,thu,fri,sat"
GHY,NBQ,train,310,64.2,55810,Guwahati - New Bongaigaon Passenger (via Rangiya) (UnReserved),true,,05:00,10:10,,,"sun,mon,tue,wed,thu,fri,sat"
NBQ,GHY,train,310,64.2,55817,New Bongaigaon - Guwahati Passenger (UnReserved),true,,14:50,20:00,,,"sun,mon,tue,wed,thu,fri,sat"
GHY,NBQ,train,330,64.2,55818,Guwahati - New Bongaigaon Passenger (UnReserved),true,,07:55,13:25,,,"sun,mon,tue,wed,thu,fri,sat"
DKGN,RPAN,train,65,35.0,55824,Dekargaon - Rangapara North Passenger (UnReserved),true,,23:35,00:40,,,"sun,mon,tue,wed,thu,fri,sat"
RNY,RPAN,train,195,55.8,55893,Rangiya - Rangapara North Passenger (UnReserved),true,,19:15,22:30,,,"sun,mon,tue,wed,thu,fri,sat"
TVR,MQ,train,65,35.0,56001,Thiruvarur - Mannargudi Passenger (UnReserved),true,,18:15,19:20,,,"sun,mon,tue,wed,thu,fri,sat"
MQ,TVR,train,65,35.0,56002,Mannargudi - Thiruvarur Passenger (UnReserved),true,,08:35,09:40,,,"sun,mon,tue,wed,thu,fri,sat"
NCJ,QLN,train,235,59.0,56102,Nagercoil - Kollam Passenger (UnReserved),true,,06:25,10:20,,,"sun,mon,tue,wed,thu,fri,sat"
MTDM,ED,train,160,50.0,56104,Mettur Dam - Erode Passenger (UnReserved),true,,19:25,22:05,,,"sun,mon,tue,wed,thu,fri,sat"
TPJ,ED,train,275,60.2,56105,Tiruchchirappalli - Erode Passenger (UnReserved),true,,15:50,20:25,,,"sun,mon,tue,wed,thu,fri,sat"
ED,TPJ,train,240,60.2,56106,Erode - Tiruchchirappalli Passenger (UnReserved),true,,08:05,12:05,,,"sun,mon,tue,wed,thu,fri,sat"
JTJ,ED,train,315,70.0,56107,Jolarpettai - Erode Passenger (UnReserved),true,,14:45,20:00,,,"sun,mon,tue,wed,thu,fri,sat"
ED,JTJ,train,360,70.0,56108,Erode - Jolarpettai Passenger (UnReserved),true,,06:00,12:00,,,"sun,mon,tue,wed,thu,fri,sat"
VM,TPJ,train,230,69.5,56111,Villupuram- Tiruchchirappalli MEMU Passenger,true,,04:55,08:45,,,"sun,mon,tue,wed,thu,fri,sat"
GUV,TCR,train,40,35.0,56116,Guruvayur - Thrissur Passenger (UnReserved),true,,18:10,18:50,01-26,,"sun,mon,tue,wed,thu,fri,sat"
MTP,UAM,train,285,72.1,56136,Mettupalayam - Udagamandalam MG Passenger,true,,07:10,11:55,,,"sun,mon,tue,wed,thu,fri,sat"
UAM,MTP,train,210,72.1,56137,Udagamandalam - Mettupalayam MG Passenger,true,,14:00,17:30,,,"sun,mon,tue,wed,thu,fri,sat"
CMNR,MYS,train,120,40.0,56203,Chamarajanagar - Mysuru Passenger (UnReserved),true,,17:30,19:30,,,"sun,mon,tue,wed,thu,fri,sat"
CMNR,MYS,train,110,40.0,56207,Chamarajanagar- Mysuru Passenger (UnReserved),true,,10:40,12:30,,,"sun,mon,tue,wed,thu,fri,sat"
MYS,CMNR,train,100,40.0,56208,Mysuru - Chamarajanagar Passenger (UnReserved),true,,15:40,17:20,,,"sun,mon,tue,wed,thu,fri,sat"
MYS,CMNR,train,130,40.0,56210,Mysuru - Chamarajanagar Passenger (UnReserved),true,,08:00,10:10,,,"sun,mon,tue,wed,thu,fri,sat"
ASK,SBC,train,230,66.5,56224,Arsikere - KSR Bengaluru Passenger (UnReserved),true,,05:30,09:20,,,"sun,mon,tue,wed,thu,fri,sat"
MYS,ASK,train,225,67.0,56266,Mysuru - Arsikere Passenger (UnReserved),true,,06:30,10:15,,,"sun,mon,tue,wed,thu,fri,sat"
SMET,CMGR,train,190,53.5,56271,Shivamogga Town - Chikkamagaluru Passenger (UnReserved),true,,18:30,21:40,,,"sun,mon,tue,wed,thu,fri,sat"
CMNR,TK,train,470,91.8,56281,Chamarajanagar -Tumakuru Passenger (UnReserved),true,,07:15,15:05,,,"sun,mon,tue,wed,thu,fri,sat"
TK,CMNR,train,420,91.8,56282,Tumakuru - Chamarajanagar Passenger (UnReserved),true,,13:50,20:50,,,"sun,mon,tue,wed,thu,fri,sat"
NCJ,TVCN,train,150,44.5,56305,Nagercoil - Thiruvananthapuram North (Kochuveli) Passenger (UnReserved),true,,07:55,10:25,,,"sun,mon,tue,wed,thu,fri,sat"
TVCN,NCJ,train,180,44.5,56310,Thiruvananthapuram North (Kochuveli) - Nagercoil Passenger (UnReserved),true,,13:25,16:25,,,"sun,mon,tue,wed,thu,fri,sat"
KTYM,QLN,train,130,49.0,56311,Kottayam - Kollam Passenger (UnReserved),true,,05:40,07:50,,,"sun,mon,tue,wed,thu,fri,sat"
GUV,ERS,train,155,49.2,56313,Guruvayur - Ernakulam Passenger (UnReserved),true,,06:50,09:25,,,"sun,mon,tue,wed,thu,fri,sat"
ERS,GUV,train,155,49.2,56314,Ernakulam - Guruvayur Passenger (UnReserved),true,,06:10,08:45,,,"sun,mon,tue,wed,thu,fri,sat"
GUV,TCR,train,40,35.0,56315,Guruvayur - Thrissur Passenger (UnReserved),true,,09:30,10:10,,,"sun,mon,tue,wed,thu,fri,sat"
GUV,ERS,train,180,49.2,56317,Guruvayur - Ernakulam Passenger (UnReserved),true,,13:25,16:25,,,"sun,mon,tue,wed,thu,fri,sat"
ERS,GUV,train,170,49.2,56318,Ernakulam - Guruvayur Passenger (UnReserved),true,,19:40,22:30,,,"sun,mon,tue,wed,thu,fri,sat"
ERS,KYJ,train,160,50.2,56319,Ernakulam Jn. - Kayamkulam Passenger (Via Alappuzha) (UnReserved),true,,18:25,21:05,,,"sun,mon,tue,wed,thu,fri,sat"
YPR,HUP,train,105,49.0,56531,Yesvantpur - Hindupur Passenger (UnReserved),true,,05:45,07:30,05-12,,"sun,mon,tue,wed,thu,fri,sat"
HUP,YPR,train,135,49.0,56532,Hindupur - Yesvantpur Passenger (UnReserved),true,,16:30,18:45,05-12,,"sun,mon,tue,wed,thu,fri,sat"
CAN,SRR,train,320,68.8,56600,Kannur - Shoranur Passenger (UnReserved),true,,15:10,20:30,,,"sun,mon,tue,wed,thu,fri,sat"
SRR,CBE,train,165,50.0,56604,Shoranur - Coimbatore Passenger (UnReserved),true,,08:20,11:05,,,"sun,mon,tue,wed,thu,fri,sat"
PGT,NIL,train,160,52.5,56607,Palakkad Jn.- Nilambur Road Passenger (UnReserved),true,,06:05,08:45,,,"sun,mon,tue,wed,thu,fri,sat"
NIL,SRR,train,100,41.5,56610,Nilambur Road - Shoranur Passenger (UnReserved),true,,10:05,11:45,,,"sun,mon,tue,wed,thu,fri,sat"
NIL,SRR,train,90,41.5,56614,Nilambur Road - Shoranur Passenger (UnReserved),true,,20:15,21:45,,,"sun,mon,tue,wed,thu,fri,sat"
MAO,MAQ,train,460,104.8,56615,Madgaon - Mangaluru Central Passenger (UnReserved),true,,14:15,21:55,,,"sun,mon,tue,wed,thu,fri,sat"
CLT,CAN,train,195,47.2,56617,Kozhikode - Kannur Passenger (UnReserved),true,,14:05,17:20,,,"sun,mon,tue,wed,thu,fri,sat"
SBHR,MAQ,train,155,48.0,56628,Subrahmanya Road - Mangaluru Central Passenger (UnReserved),true,,20:45,23:20,,,"sun,mon,tue,wed,thu,fri,sat"
TPJ,MV,train,190,55.0,56700,Tiruchchirappalli - Mayiladuturai Passenger (UnReserved),true,,06:05,09:15,,,"sun,mon,tue,wed,thu,fri,sat"
MDU,BDNK,train,100,47.5,56701,Madurai - Bodinayakkanur Passenger (UnReserved),true,,08:20,10:00,,,"sun,mon,tue,wed,thu,fri,sat"
CAN,MAQ,train,190,58.0,56703,Kannur - Mangaluru Central Passenger (UnReserved),true,,07:40,10:50,,,"sun,mon,tue,wed,thu,fri,sat"
MAQ,CAN,train,170,58.0,56704,Mangaluru Central - Kannur Passenger (UnReserved),true,,17:05,19:55,,,"sun,mon,tue,wed,thu,fri,sat"
CAPE,PUU,train,315,74.0,56706,Kanniyakumari - Punalur Passenger (UnReserved),true,,15:00,20:15,,,"sun,mon,tue,wed,thu,fri,sat"
CAPE,TEN,train,135,47.2,56707,Kanniyakumari - Tirunelveli Passenger (UnReserved),true,,18:25,20:40,,,"sun,mon,tue,wed,thu,fri,sat"
TEN,CAPE,train,135,47.2,56708,Tirunelveli - Kanniyakumari Passenger (UnReserved),true,,07:05,09:20,,,"sun,mon,tue,wed,thu,fri,sat"
MDU,RMM,train,205,65.2,56711,Madurai - Rameswaram Passenger (UnReserved),true,,07:00,10:25,,,"sun,mon,tue,wed,thu,fri,sat"
RMM,MDU,train,215,65.2,56712,Rameswaram - Madurai Passenger (UnReserved),true,,05:45,09:20,,,"sun,mon,tue,wed,thu,fri,sat"
MDU,RMM,train,225,65.2,56713,Madurai - Rameswaram Passenger (UnReserved),true,,13:00,16:45,,,"sun,mon,tue,wed,thu,fri,sat"
RMM,MDU,train,215,65.2,56714,Rameswaram - Madurai Passenger (UnReserved),true,,11:30,15:05,,,"sun,mon,tue,wed,thu,fri,sat"
MDU,RMM,train,225,65.2,56715,Madurai - Rameswaram Passenger (UnReserved),true,,18:30,22:15,,,"sun,mon,tue,wed,thu,fri,sat"
RMM,MDU,train,225,65.2,56716,Rameswaram - Madurai Passenger (UnReserved),true,,18:20,22:05,,,"sun,mon,tue,wed,thu,fri,sat"
DG,MDU,train,80,40.5,56717,Dindigul - Madurai Passenger (UnReserved),true,,07:50,09:10,,,"sun,mon,tue,wed,thu,fri,sat"
MDU,DG,train,85,40.5,56718,Madurai - Dindigul Passenger (UnReserved),true,,18:30,19:55,,,"sun,mon,tue,wed,thu,fri,sat"
TEN,SCT,train,125,45.0,56741,Tirunelveli - Sengottai Passenger (UnReserved) (UnReserved),true,,07:15,09:20,,,"sun,mon,tue,wed,thu,fri,sat"
SCT,TEN,train,140,45.0,56742,Sengottai - Tirunelveli Passenger (UnReserved),true,,10:00,12:20,,,"sun,mon,tue,wed,thu,fri,sat"
TEN,SCT,train,125,45.0,56743,Tirunelveli - Sengottai Passenger (UnReserved),true,,14:40,16:45,,,"sun,mon,tue,wed,thu,fri,sat"
SCT,TEN,train,120,45.0,56744,Sengottai - Tirunelveli Passenger (UnReserved),true,,18:10,20:10,,,"sun,mon,tue,wed,thu,fri,sat"
TJ,TPJ,train,100,37.5,56745,Thanjavur - Tiruchchirappalli Passenger (UnReserved),true,,20:45,22:25,,,"sun,mon,tue,wed,thu,fri,sat"
TEN,TCN,train,100,40.2,56751,Tirunelveli - Tiruchendur Passenger (UnReserved),true,,07:10,08:50,,,"sun,mon,tue,wed,thu,fri,sat"
TCN,TEN,train,90,40.2,56752,Tiruchendur - Tirunelveli Passenger (UnReserved),true,,07:05,08:35,,,"sun,mon,tue,wed,thu,fri,sat"
TEN,TCN,train,100,40.2,56753,Tirunelveli - Tiruchendur Passenger (UnReserved),true,,09:55,11:35,,,"sun,mon,tue,wed,thu,fri,sat"
TCN,TEN,train,85,40.2,56754,Tiruchendur - Tirunelveli Passenger (UnReserved),true,,16:25,17:50,,,"sun,mon,tue,wed,thu,fri,sat"
MEJ,TCN,train,150,47.5,56755,Vanchi Maniyachchi - Tiruchendur Passenger (UnReserved),true,,10:50,13:20,,,"sun,mon,tue,wed,thu,fri,sat"
TCN,MEJ,train,145,47.5,56756,Tiruchendur - Vanchi Maniyachchi Passenger (UnReserved),true,,14:50,17:15,,,"sun,mon,tue,wed,thu,fri,sat"
TEN,TCN,train,90,40.2,56757,Tirunelveli - Tiruchendur Passenger (UnReserved),true,,18:35,20:05,,,"sun,mon,tue,wed,thu,fri,sat"
TCN,TEN,train,90,40.2,56758,Tiruchendur - Tirunelveli Passenger (UnReserved),true,,18:15,19:45,,,"sun,mon,tue,wed,thu,fri,sat"
MEJ,TN,train,45,35.0,56759,Vanchi Maniyachchi - Tuticorin Passenger (UnReserved),true,,03:00,03:45,,,"sun,mon,tue,wed,thu,fri,sat"
TN,MEJ,train,45,35.0,56760,Tuticorin - Vanchi Maniyachchi Passenger (UnReserved),true,,08:30,09:15,,,"sun,mon,tue,wed,thu,fri,sat"
MEJ,TN,train,55,35.0,56761,Vanchi Maniyachchi - Tuticorin Passenger (UnReserved),true,,21:05,22:00,,,"sun,mon,tue,wed,thu,fri,sat"
TN,MEJ,train,40,35.0,56762,Tuticorin - Vanchi Maniyachchi Passenger (UnReserved),true,,22:35,23:15,,,"sun,mon,tue,wed,thu,fri,sat"
MDU,SCT,train,190,68.5,56771,Madurai - Sengottai Passenger (UnReserved),true,,07:25,10:35,,,"sun,mon,tue,wed,thu,fri,sat"
SCT,MDU,train,200,68.5,56772,Sengottai - Madurai Passenger (UnReserved),true,,12:20,15:40,,,"sun,mon,tue,wed,thu,fri,sat"
TEN,SCT,train,125,45.0,56773,Tirunelveli - Sengottai Passenger (UnReserved),true,,09:50,11:55,,,"sun,mon,tue,wed,thu,fri,sat"
SCT,TEN,train,130,45.0,56774,Sengottai - Tirunelveli Passenger (UnReserved),true,,06:45,08:55,,,"sun,mon,tue,wed,thu,fri,sat"
TEN,SCT,train,135,45.0,56775,Tirunelveli - Sengottai Passenger (UnReserved),true,,18:10,20:25,,,"sun,mon,tue,wed,thu,fri,sat"
SCT,TEN,train,125,45.0,56776,Sengottai -Tirunelveli Passenger (UnReserved),true,,14:20,16:25,,,"sun,mon,tue,wed,thu,fri,sat"
TPJ,ED,train,280,60.2,56809,Tiruchchirappalli - Erode Passenger (UnReserved),true,,07:25,12:05,,,"sun,mon,tue,wed,thu,fri,sat"
JTJ,ED,train,330,70.0,56811,Jolarpettai - Erode Passenger (UnReserved),true,,05:15,10:45,,,"sun,mon,tue,wed,thu,fri,sat"
ED,JTJ,train,280,70.0,56812,Erode - Jolarpettai Passenger (UnReserved),true,,17:50,22:30,,,"sun,mon,tue,wed,thu,fri,sat"
KKDI,TPJ,train,115,47.5,56816,Karaikkudi - Tiruchchirappalli Passenger (UnReserved),true,,15:20,17:15,,,"sun,mon,tue,wed,thu,fri,sat"
TPJ,KIK,train,250,61.2,56818,Tiruchchirappalli – Karaikal Passenger (UnReserved),true,,06:45,10:55,,,"sun,mon,tue,wed,thu,fri,sat"
TJ,TPJ,train,95,37.5,56819,Thanjavur - Tiruchchirappalli Passenger (UnReserved),true,,16:00,17:35,,,"sun,mon,tue,wed,thu,fri,sat"
MV,TPJ,train,190,55.0,56821,Mayiladuturai - Tiruchchirappalli Passenger (UnReserved),true,,18:20,21:30,,,"sun,mon,tue,wed,thu,fri,sat"
TJ,MV,train,155,42.8,56826,Thanjavur - Mayiladuturai Passenger (UnReserved),true,,14:45,17:20,,,"sun,mon,tue,wed,thu,fri,sat"
TVR,KKDI,train,195,62.2,56827,Thiruvarur - Karaikkudi Passenger (UnReserved),true,,06:15,09:30,,,"sun,mon,tue,wed,thu,fri,sat"
KKDI,TVR,train,185,62.2,56828,Karaikkudi - Thiruvarur Passenger (UnReserved),true,,18:15,21:20,,,"sun,mon,tue,wed,thu,fri,sat"
TPJ,KKDI,train,115,47.5,56831,Tiruchchirappalli - Karaikudi Passenger (UnReserved),true,,16:05,18:00,,,"sun,mon,tue,wed,thu,fri,sat"
KKDI,TPJ,train,120,47.5,56832,Karaikkudi - Tiruchchirappalli Passenger (UnReserved),true,,09:50,11:50,,,"sun,mon,tue,wed,thu,fri,sat"
KKDI,VPT,train,200,57.0,56833,Karaikkudi -Virudhunagar Passenger (UnReserved),true,,18:10,21:30,,,"sun,mon,tue,wed,thu,fri,sat"
VPT,KKDI,train,170,57.0,56834,Virudhunagar - Karaikkudi Passenger (UnReserved),true,,06:40,09:30,,,"sun,mon,tue,wed,thu,fri,sat"
SUR,DWR,train,545,119.8,56903,Solapur - Dharwad Passenger,true,,00:40,09:45,,,"sun,mon,tue,wed,thu,fri,sat"
SUR,UBL,train,580,114.8,56905,Solapur - Hubballi Passenger (UnReserved),true,,04:45,14:25,,,"sun,mon,tue,wed,thu,fri,sat"
UBL,SUR,train,605,114.8,56906,Hubballi - Solapur Passenger (UnReserved),true,,13:25,23:30,,,"sun,mon,tue,wed,thu,fri,sat"
GTL,UBL,train,390,89.5,56912,Guntakal - Hubballi MEMU,true,,15:30,22:00,,,"sun,mon,tue,wed,thu,fri,sat"
UBL,BJP,train,370,87.2,56919,SSS Hubballi - Vijayapura Passenger (UnReserved),true,,06:35,12:45,05-12,,"sun,mon,tue,wed,thu,fri,sat"
BJP,UBL,train,375,87.2,56920,Vijayapura - SSS Hubballi Passenger (UnReserved),true,,12:00,18:15,05-12,,"sun,mon,tue,wed,thu,fri,sat"
UBL,SNNR,train,285,77.5,56927,SSS Hubballi - Sindhanur Passenger (UnReserved),true,,07:15,12:00,,,"sun,mon,tue,wed,thu,fri,sat"
SNNR,UBL,train,275,77.5,56928,Sindhanur - SSS Hubballi Passenger (UnReserved),true,,15:00,19:35,,,"sun,mon,tue,wed,thu,fri,sat"
MRJ,LD,train,300,72.2,56931,Miraj - Londa Passenger (UnReserved),true,,17:35,22:35,,,"sun,mon,tue,wed,thu,fri,sat"
LD,MRJ,train,275,72.2,56932,Londa - Miraj Passenger (UnReserved),true,,06:45,11:20,,,"sun,mon,tue,wed,thu,fri,sat"
BGM,MRJ,train,210,59.5,56937,Belagavi - Miraj Passenger (UnReserved),true,,05:45,09:15,,,"sun,mon,tue,wed,thu,fri,sat"
MRJ,BGM,train,185,59.5,56938,Miraj - Belagavi Passenger (UnReserved),true,,09:55,13:00,,,"sun,mon,tue,wed,thu,fri,sat"
BGM,MRJ,train,180,59.5,56939,Belagavi - Miraj Passenger (UnReserved),true,,13:30,16:30,,,"sun,mon,tue,wed,thu,fri,sat"
MRJ,BGM,train,195,59.5,56940,Miraj - Belagavi Passenger (UnReserved),true,,19:10,22:25,,,"sun,mon,tue,wed,thu,fri,sat"
GNT,MCLA,train,215,57.5,57203,Guntur - Macherla Passenger (UnReserved),true,,07:45,11:20,,,"sun,mon,tue,wed,thu,fri,sat"
MCLA,GNT,train,205,57.5,57204,Macherla - Guntur Passenger (UnReserved),true,,16:30,19:55,,,"sun,mon,tue,wed,thu,fri,sat"
KCG,MDAK,train,200,51.0,57301,Kacheguda - Medak Passenger (UnReserved),true,,07:50,11:10,,,"sun,mon,tue,wed,thu,fri,sat"
MDAK,KCG,train,205,51.0,57302,Medak - Kacheguda Passenger (UnReserved),true,,17:00,20:25,,,"sun,mon,tue,wed,thu,fri,sat"
TPTY,UBL,train,915,169.5,57401,Tirupati - Hubballi Intercity Passenger,true,,06:15,21:30,,,"sun,mon,tue,wed,thu,fri,sat"
UBL,TPTY,train,970,169.5,57402,Hubballi - Tirupati Intercity Passenger,true,,06:00,22:10,,,"sun,mon,tue,wed,thu,fri,sat"
TPTY,GTL,train,520,117.8,57403,Tirupati - Guntakal Passenger (UnReserved),true,,07:50,16:30,,,"sun,mon,tue,wed,thu,fri,sat"
GTL,TPTY,train,550,117.8,57404,Guntakal - Tirupati Passenger (UnReserved),true,,07:45,16:55,,,"sun,mon,tue,wed,thu,fri,sat"
TPTY,KRYP,train,765,159.0,57405,Tirupati - Kadiridevarapalli Passenger,true,,23:50,12:35,,,"sun,mon,tue,wed,thu,fri,sat"
KRYP,TPTY,train,770,159.0,57406,Kadiridevarapalli - Tirupati Passenger,true,,14:20,03:10,,,"sun,mon,tue,wed,thu,fri,sat"
KCG,GTL,train,560,114.8,57412,Kacheguda - Guntakal Passenger (UnReserved),true,,11:45,21:05,,,"sun,mon,tue,wed,thu,fri,sat"
GTL,JRU,train,375,83.8,57415,Guntakal - Chikjajur Passenger (UnReserved),true,,07:15,13:30,,,"sun,mon,tue,wed,thu,fri,sat"
JRU,GTL,train,365,83.8,57416,Chikjajur - Guntakal Passenger (UnReserved),true,,15:00,21:05,,,"sun,mon,tue,wed,thu,fri,sat"
VKB,KCG,train,170,44.8,57606,Vikarabad - Kacheguda Passenger (UnReserved),true,,10:55,13:45,,,"sun,mon,tue,wed,thu,fri,sat"
PRLI,AK,train,470,100.0,57655,Parli Vaijnath - Akola Passenger (UnReserved),true,,13:15,21:05,,,"sun,mon,tue,wed,thu,fri,sat"
PAU,PRLI,train,150,48.0,57657,Purna - Parli Vaijnath Passenger (UnReserved),true,,15:15,17:45,,,"sun,mon,tue,wed,thu,fri,sat"
PRLI,PAU,train,175,48.0,57658,Parli Vaijnath - Purna Passenger (UnReserved),true,,20:15,23:10,,,"sun,mon,tue,wed,thu,fri,sat"
RC,BJP,train,605,116.8,57661,Raichur - Vijayapura Passenger (UnReserved),true,,07:15,17:20,,,"sun,mon,tue,wed,thu,fri,sat"
BJP,RC,train,650,116.8,57662,Vijayapura - Raichur Passenger (UnReserved),true,,10:45,21:35,,,"sun,mon,tue,wed,thu,fri,sat"
KGP,TATA,train,200,58.5,58027,Kharagpur - Tatanagar Passenger (UnReserved),true,,16:20,19:40,,,"sun,mon,tue,wed,thu,fri,sat"
TATA,KGP,train,175,58.5,58028,Tatanagar - Kharagpur Passenger (UnReserved),true,,03:15,06:10,,,"sun,mon,tue,wed,thu,fri,sat"
BKSC,RNC,train,195,54.0,58033,Bokaro Steel City - Ranchi Passenger (UnReserved),true,,09:15,12:30,,,"sun,mon,tue,wed,thu,fri,sat"
BXF,BRMP,train,225,50.8,58152,Barsuan - Birmitrapur Passenger (UnReserved),true,,14:35,18:20,,,"mon,tue,wed,thu,fri,sat"
KRBA,R,train,305,75.0,58203,Korba - Raipur Passenger (UnReserved),true,,08:15,13:20,,,"sun,mon,tue,wed,thu,fri,sat"
R,NITR,train,475,99.5,58205,Raipur - NSC Bose Itwari Passenger (UnReserved),true,,13:30,21:25,,,"sun,mon,tue,wed,thu,fri,sat"
NITR,R,train,595,99.5,58206,NSC Bose Itwari - Raipur Passenger (UnReserved),true,,07:30,17:25,,,"sun,mon,tue,wed,thu,fri,sat"
R,JNRD,train,465,101.0,58207,Raipur - Junagarh Road Passenger (UnReserved),true,,14:00,21:45,,,"sun,mon,tue,wed,thu,fri,sat"
JNRD,R,train,515,101.0,58208,Junagarh Road - Raipur Passenger (UnReserved),true,,01:30,10:05,,,"sun,mon,tue,wed,thu,fri,sat"
BSP,GAD,train,160,49.5,58210,Bilaspur - Gevra Road Passenger (UnReserved),true,,07:35,10:15,,,"sun,mon,tue,wed,thu,fri,sat"
CHRM,CHD,train,320,78.0,58221,Chirimiri - Chandia Road Passenger (UnReserved),true,,08:25,13:45,,,"sun,mon,tue,wed,thu,fri,sat"
SBP,JNRD,train,470,95.8,58303,Sambalpur - Junagarh Road Passenger (UnReserved),true,,07:00,14:50,,,"sun,mon,tue,wed,thu,fri,sat"
SNPU,BLGR,train,60,36.8,58310,Sonepur - Balangir Passenger (UnReserved),true,,05:00,06:00,,,"sun,mon,tue,wed,thu,fri,sat"
VSKP,KRDL,train,840,142.8,58501,Visakhapatnam - Kirandul Passenger,true,,07:00,21:00,,,"sun,mon,tue,wed,thu,fri,sat"
KRDL,VSKP,train,900,142.8,58502,Kirandul - Visakhapatnam Passenger,true,,06:00,21:00,,,"sun,mon,tue,wed,thu,fri,sat"
BWIP,VSKP,train,545,102.2,58503,Bhawanipatna - Visakhapatnam Passenger (UnReserved),true,,01:15,10:20,,,"sun,mon,tue,wed,thu,fri,sat"
GNPR,VSKP,train,400,92.0,58505,Gunupur - Vishakapatnam Passenger,true,,14:30,21:10,,,"sun,mon,tue,wed,thu,fri,sat"
KRPU,VSKP,train,550,114.8,58537,Koraput - Visakhapatnam Passenger (UnReserved),true,,08:20,17:30,,,"sun,mon,tue,wed,thu,fri,sat"
VSKP,KRPU,train,540,114.8,58538,Visakhapatnam - Koraput Passenger (UnReserved),true,,06:45,15:45,,,"sun,mon,tue,wed,thu,fri,sat"
ROU,HTE,train,350,66.2,58660,Rourkela - Hatia Passenger (UnReserved),true,,04:10,10:00,,,"sun,mon,tue,wed,thu,fri,sat"
CWA,MFR,train,315,70.5,58823,Chhindwara - Mandla Fort Passenger (UnReserved),true,,07:15,12:30,,,"sun,mon,tue,wed,thu,fri,sat"
MFR,CWA,train,360,70.5,58824,Mandla Fort - Chhindwara Passenger (UnReserved),true,,15:00,21:00,,,"sun,mon,tue,wed,thu,fri,sat"
NIR,CWA,train,210,60.0,58826,Nainpur - Chhindwara Passenger (UnReserved),true,,05:00,08:30,,,"sun,mon,tue,wed,thu,fri,sat"
BZU,SEY,train,360,75.8,58830,Betul - Seoni Passenger (UnReserved),true,,16:00,22:00,,,"sun,mon,tue,wed,thu,fri,sat"
MMCT,BL,train,295,73.5,59023,Mumbai Central - Valsad Fast Passenger (UnReserved),true,,18:10,23:05,,,"sun,mon,tue,wed,thu,fri,sat"
BL,MMCT,train,275,73.5,59024,Valsad - Mumbai Central Fast Passenger (UnReserved),true,,04:40,09:15,,,"sun,mon,tue,wed,thu,fri,sat"
VR,BL,train,225,59.8,59039,Virar - Valsad Passenger (UnReserved),true,,11:30,15:15,,,"sun,mon,tue,wed,thu,fri,sat"
VAPI,MMCT,train,210,67.0,59040,Vapi - Mumbai Central Passenger (UnReserved),true,,14:00,17:30,,,"sun,mon,tue,wed,thu,fri,sat"
BL,VR,train,130,59.8,59046,Valsad - Virar Passenger (UnReserved),true,,14:15,16:25,,,"sun,mon,tue,wed,thu,fri,sat"
BL,BRC,train,365,74.8,59049,Valsad - Vadodara Passenger (UnReserved),true,,06:00,12:05,,,"sun,mon,tue,wed,thu,fri,sat"
BRC,BL,train,385,74.8,59050,Vadodara - Valsad Passenger (UnReserved),true,,15:05,21:30,,,"sun,mon,tue,wed,thu,fri,sat"
BSL,NDB,train,280,68.5,59076,Bhusaval - Nandurbar Passenger,true,,09:00,13:40,,,"sun,mon,tue,wed,thu,fri,sat"
PRTN,CTD,train,155,49.8,59117,Pratapnagar - Chhota Udepur Passenger (UnReserved),true,,07:15,09:50,,,"sun,mon,tue,wed,thu,fri,sat"
ARPR,PRTN,train,215,61.8,59118,Alirajpur - Pratapnagar Passenger (UnReserved),true,,05:15,08:50,,,"sun,mon,tue,wed,thu,fri,sat"
PRTN,ARPR,train,220,61.8,59121,Pratapnagar - Alirajpur Passenger (UnReserved),true,,10:15,13:55,,,"sun,mon,tue,wed,thu,fri,sat"
CTD,PRTN,train,165,49.8,59122,Chhota Udepur - Pratapnagar Passenger (UnReserved),true,,10:15,13:00,,,"sun,mon,tue,wed,thu,fri,sat"
PRTN,JOBT,train,245,68.0,59123,Pratapnagar - Jobat Passenger (UnReserved),true,,09:05,13:10,,,"sun,mon,tue,wed,thu,fri,sat"
JOBT,PRTN,train,240,68.0,59124,Jobat - Pratapnagar Passenger (UnReserved),true,,14:05,18:05,,,"sun,mon,tue,wed,thu,fri,sat"
PRTN,CTD,train,150,49.8,59125,Pratapnagar - Chhota Udepur Passenger (UnReserved),true,,14:10,16:40,,,"sun,mon,tue,wed,thu,fri,sat"
CTD,PRTN,train,155,49.8,59126,Chhota Udepur - Pratapnagar Passenger (UnReserved),true,,17:15,19:50,,,"sun,mon,tue,wed,thu,fri,sat"
SUNR,BVC,train,235,67.5,59203,Surendranagar - Bhavnagar Terminus Passenger (UnReserved),true,,16:00,19:55,,,"sun,mon,tue,wed,thu,fri,sat"
KNLS,PBR,train,140,51.2,59205,Kanalus - Porbandar Passenger (UnReserved),true,,13:50,16:10,,,"sun,mon,tue,wed,thu,fri,sat"
PBR,KNLS,train,160,51.2,59206,Porbandar - Kanalus Passenger (UnReserved),true,,10:15,12:55,,,"sun,mon,tue,wed,thu,fri,sat"
PBR,BNVD,train,75,38.0,59214,Porbandar - Bhanvad Passenger (UnReserved),true,,06:35,07:50,,,"sun,mon,tue,wed,thu,fri,sat"
BNVD,PBR,train,90,38.0,59215,Bhanvad - Porbandar Passenger (UnReserved),true,,22:40,00:10,,,"sun,mon,tue,wed,thu,fri,sat"
SUNR,BVC,train,275,67.5,59227,Surendranagar - Bhavnagar Terminus Passenger (UnReserved),true,,18:40,23:15,,,"sun,mon,tue,wed,thu,fri,sat"
BVC,SUNR,train,250,67.5,59228,Bhavnagar Terminus - Surendranagar Passenger (UnReserved),true,,05:05,09:15,,,"sun,mon,tue,wed,thu,fri,sat"
BTD,BVP,train,130,47.5,59229,Botad - Bhavnagar Para Passenger (UnReserved),true,,06:50,09:00,,,"sun,mon,tue,wed,thu,fri,sat"
SUNR,BVC,train,260,67.5,59233,Surendranagar - Bhavnagar Terminus Passenger (UnReserved),true,,10:00,14:20,,,"sun,mon,tue,wed,thu,fri,sat"
BVC,SUNR,train,265,67.5,59234,Bhavnagar Terminus - Surendranagar Passenger (UnReserved),true,,13:30,17:55,,,"sun,mon,tue,wed,thu,fri,sat"
MHV,DLJ,train,250,63.2,59236,Mahuva - Dhola Passenger (UnReserved),true,,06:15,10:25,,,"sun,mon,tue,wed,thu,fri,sat"
BTD,BVP,train,100,47.5,59271,Botad - Bhavnagar Para Passenger (UnReserved),true,,15:50,17:30,,,"sun,mon,tue,wed,thu,fri,sat"
UJN,INDB,train,140,44.8,59306,Ujjain - Indore Passenger (via Dewas) (UnReserved),true,,08:10,10:30,,,"sun,mon,tue,wed,thu,fri,sat"
VRL,RJT,train,290,71.2,59422,Veraval - Rajkot Passenger (UnReserved),true,,04:45,09:35,,,"sun,mon,tue,wed,thu,fri,sat"
RJT,VRL,train,300,71.2,59423,Rajkot - Veraval Passenger (UnReserved),true,,07:55,12:55,,,"sun,mon,tue,wed,thu,fri,sat"
MSH,BLDI,train,130,47.8,59481,Mahesana - Bhildi Passenger (UnReserved),true,,18:05,20:15,,,"sun,mon,tue,wed,thu,fri,sat"
PTN,MSH,train,60,35.0,59484,Patan - Mahesana Passenger (UnReserved),true,,10:05,11:05,,,"sun,mon,tue,wed,thu,fri,sat"
GG,BTD,train,245,63.8,59553,Gandhigram - Botad Passenger (UnReserved),true,,07:00,11:05,,,"sun,mon,tue,wed,thu,fri,sat"
BTD,GG,train,265,63.8,59554,Botad - Gandhigram Passenger (UnReserved),true,,17:10,21:35,,,"sun,mon,tue,wed,thu,fri,sat"
GG,BTD,train,235,63.8,59555,Gandhigram - Botad Passenger (UnReserved),true,,19:00,22:55,,,"sun,mon,tue,wed,thu,fri,sat"
BTD,GG,train,235,63.8,59556,Botad - Gandhigram Passenger (UnReserved),true,,05:00,08:55,,,"sun,mon,tue,wed,thu,fri,sat"
PBR,BVP,train,425,100.5,59557,Porbandar - Bhavnagar Para Passenger (UnReserved),true,,07:25,14:30,,,"sun,mon,tue,wed,thu,fri,sat"
BVC,VRL,train,405,97.0,59558,Bhavnagar Terminus - Veraval Passenger (UnReserved),true,,04:50,11:35,,,"sun,mon,tue,wed,thu,fri,sat"
VRL,BVC,train,410,97.0,59559,Veraval - Bhavnagar Terminus Passenger (UnReserved),true,,15:00,21:50,,,"sun,mon,tue,wed,thu,fri,sat"
BVP,PBR,train,415,100.5,59560,Bhavnagar Terminus - Para Passenger (UnReserved),true,,15:20,22:15,,,"sun,mon,tue,wed,thu,fri,sat"
PBR,RJT,train,270,75.5,59562,Porbandar - Rajkot Passenger (UnReserved),true,,14:30,19:00,,,"sun,mon,tue,wed,thu,fri,sat"
BI,UDZ,train,190,56.0,59606,Bari Sadri - Udaipur City Passenger (UnReserved),true,,05:55,09:05,,,"sun,mon,tue,wed,thu,fri,sat"
UDZ,COR,train,190,53.5,59609,Udaipur City - Chittaurgarh Passenger (UnReserved),true,,19:00,22:10,,,"sun,mon,tue,wed,thu,fri,sat"
COR,UDZ,train,200,53.5,59610,Chittaurgarh - Udaipur City Passenger (UnReserved),true,,06:00,09:20,,,"sun,mon,tue,wed,thu,fri,sat"
RE,FL,train,380,95.0,59629,Rewari - Phulera Passenger (Via Jaipur) (UnReserved),true,,15:00,21:20,,,"sun,mon,tue,wed,thu,fri,sat"
FL,RE,train,395,95.0,59630,Phulera - Rewari Passenger (via Jaipur) (UnReserved),true,,07:25,14:00,,,"sun,mon,tue,wed,thu,fri,sat"
RE,HSR,train,245,60.8,59632,Rewari - Hisar Passenger (UnReserved),true,,18:10,22:15,,,"sun,mon,tue,wed,thu,fri,sat"
SOG,APH,train,110,44.2,59711,Suratgarh - Anupgarh Passenger (UnReserved),true,,07:35,09:25,,,"sun,mon,tue,wed,thu,fri,sat"
APH,SOG,train,115,44.2,59716,Anupgarh - Suratgarh Passenger (UnReserved),true,,06:20,08:15,,,"sun,mon,tue,wed,thu,fri,sat"
APH,SOG,train,105,44.2,59718,Anupgarh - Suratgarh Passenger (UnReserved),true,,20:15,22:00,,,"sun,mon,tue,wed,thu,fri,sat"
SOG,BTI,train,210,60.5,59719,Suratgarh - Bathinda Passenger (UnReserved),true,,08:50,12:20,,,"sun,mon,tue,wed,thu,fri,sat"
BTI,SOG,train,225,60.5,59720,Bathinda - Suratgarh Passenger (UnReserved),true,,13:45,17:30,,,"sun,mon,tue,wed,thu,fri,sat"
KOTA,MDS,train,440,94.0,59833,Kota - Mandsor Passenger (UnReserved),true,,21:20,04:40,,,"sun,mon,tue,wed,thu,fri,sat"
MDS,KOTA,train,435,94.0,59834,Mandsor - Kota Passenger (UnReserved),true,,20:55,04:10,,,"sun,mon,tue,wed,thu,fri,sat"
AKLA,KOTA,train,195,61.5,59837,Aklera - Kota Passenger (UnReserved),true,,10:25,13:40,,,"sun,mon,tue,wed,thu,fri,sat"
DI,BOR,train,151,47.8,61002,Dombivli - Boisar MEMU,true,,05:49,08:20,,,"sun,mon,tue,wed,thu,fri,sat"
DIVA,BSR,train,52,35.5,61006,Diva - Vasai Road MEMU,true,,14:33,15:25,,,"sun,mon,tue,wed,thu,fri,sat"
DIVA,BSR,train,60,35.5,61008,Diva - Vasai Road MEMU,true,,17:55,18:55,,,"sun,mon,tue,wed,thu,fri,sat"
ROHA,DIVA,train,180,50.0,61012,Roha - Diva MEMU,true,,15:40,18:40,,,"sun,mon,tue,wed,thu,fri,sat"
DIVA,PNVL,train,40,35.0,61017,Diva - Panvel MEMU,true,,09:10,09:50,,,"mon,tue,wed,thu,fri"
BD,NRKR,train,175,59.8,61103,Badnera - Narkher MEMU,true,,13:05,16:00,,,"sun,mon,tue,wed,thu,fri,sat"
NRKR,BD,train,205,59.8,61104,Narkher - Badnera MEMU,true,,17:10,20:35,,,"sun,mon,tue,wed,thu,fri,sat"
BD,NRKR,train,170,59.8,61105,Badnera - Narkher MEMU,true,,06:40,09:30,,,"sun,mon,tue,wed,thu,fri,sat"
NRKR,BD,train,210,59.8,61106,Narkher - Badnera MEMU,true,,10:10,13:40,,,"sun,mon,tue,wed,thu,fri,sat"
BD,AMI,train,15,35.0,61111,Badnera - Amravati MEMU,true,,22:30,22:45,,,"sun,mon,tue,wed,thu,fri,sat"
BD,AMI,train,15,35.0,61113,Badnera - Amravati MEMU,true,,23:55,00:10,,,"sun,mon,tue,wed,thu,fri,sat"
AMI,BD,train,15,35.0,61114,Amravati - Badnera MEMU,true,,06:00,06:15,,,"sun,mon,tue,wed,thu,fri,sat"
NGP,AMLA,train,240,67.0,61119,Nagpur - Amla MEMU,true,,18:10,22:10,,,"sun,mon,tue,wed,thu,fri,sat"
ET,AMLA,train,220,57.5,61122,Itarsi - Amla MEMU,true,,12:20,16:00,,,"sun,mon,tue,wed,thu,fri,sat"
KTE,CHRM,train,450,88.0,61601,Katni - Chirimiri MEMU,true,,15:20,22:50,,,"sun,mon,tue,wed,thu,fri,sat"
STA,KTE,train,115,49.5,61606,Satna - Katni MEMU,true,,12:05,14:00,,,"sun,mon,tue,wed,thu,fri,sat"
MKP,STA,train,170,44.5,61608,Manikpur - Satna MEMU,true,,19:25,22:15,,,"sun,mon,tue,wed,thu,fri,sat"
RTA,BINA,train,225,59.8,61612,Ruthiyai - Bina MEMU,true,,09:45,13:30,,,"sun,mon,tue,wed,thu,fri,sat"
CMU,KOTA,train,195,65.8,61615,Chaumahla - Kota MEMU,true,,10:45,14:00,,,"sun,mon,tue,wed,thu,fri,sat"
KOTA,CMU,train,200,65.8,61616,Kota - Chaumahla MEMU,true,,07:05,10:25,,,"sun,mon,tue,wed,thu,fri,sat"
UJN,KOTA,train,395,95.2,61623,Ujjain - Kota MEMU,true,,12:30,19:05,,,"sun,mon,tue,wed,thu,fri,sat"
KOTA,UJN,train,380,95.2,61624,Kota - Ujjain MEMU,true,,05:40,12:00,,,"sun,mon,tue,wed,thu,fri,sat"
RPH,KWAE,train,235,58.0,63008,Rampurhat - Katwa MEMU,true,,08:30,12:25,,,"sun,mon,tue,wed,thu,fri,sat"
RPH,BWN,train,152,53.0,63012,Rampurhat - Barddhaman MEMU,true,,07:20,09:52,,,"sun,mon,tue,wed,thu,fri,sat"
AZ,KWAE,train,100,43.2,63020,Azimganj - Katwa MEMU,true,,16:55,18:35,,,"sun,mon,tue,wed,thu,fri,sat"
AZ,RPH,train,100,39.8,63021,Azimganj - Rampurhat MEMU,true,,05:20,07:00,,,"sun,mon,tue,wed,thu,fri,sat"
RPH,AZ,train,100,39.8,63022,Rampurhat - Azimganj MEMU,true,,19:25,21:05,,,"sun,mon,tue,wed,thu,fri,sat"
AZ,RPH,train,115,39.8,63023,Azimganj - Rampurhat MEMU,true,,06:15,08:10,,,"sun,mon,tue,wed,thu,fri,sat"
RPH,AZ,train,120,39.8,63024,Rampurhat - Azimganj MEMU,true,,22:15,00:15,,,"sun,mon,tue,wed,thu,fri,sat"
RPH,AZ,train,105,39.8,63026,Rampurhat - Azimganj MEMU,true,,17:55,19:40,,,"sun,mon,tue,wed,thu,fri,sat"
AZ,NHT,train,66,36.2,63033,Azimganj - Nalhati MEMU,true,,23:04,00:10,,,"sun,mon,tue,wed,thu,fri,sat"
BPC,AZ,train,27,35.0,63041,Berhampore Court - Azimganj MEMU,true,,07:35,08:02,,,"sun,mon,tue,wed,thu,fri,sat"
AZ,BPC,train,25,35.0,63042,Azimganj - Berhampore Court MEMU,true,,06:55,07:20,,,"sun,mon,tue,wed,thu,fri,sat"
KWAE,AMP,train,80,38.0,63043,Katwa - Ahmadpur MEMU,true,,07:05,08:25,,,"sun,mon,tue,wed,thu,fri,sat"
AMP,KWAE,train,85,38.0,63044,Ahmadpur - Katwa MEMU,true,,08:35,10:00,,,"sun,mon,tue,wed,thu,fri,sat"
BPC,AZ,train,27,35.0,63045,Berhampore Court - Azimganj MEMU,true,,20:53,21:20,,,"sun,mon,tue,wed,thu,fri,sat"
AZ,BPC,train,25,35.0,63046,Azimganj - Berhampore Court MEMU,true,,19:50,20:15,,,"sun,mon,tue,wed,thu,fri,sat"
RPH,AZ,train,110,39.8,63052,Rampurhat - Azimganj MEMU,true,,20:30,22:20,,,"sun,mon,tue,wed,thu,fri,sat"
BPC,AZ,train,1457,35.0,63057,Berhampore Court- Azimganj MEMU,true,,22:12,22:29,,,"sun,mon,tue,wed,thu,fri,sat"
AZ,BPC,train,27,35.0,63058,Azimganj - Berhampore Court MEMU,true,,21:30,21:57,,,"sun,mon,tue,wed,thu,fri,sat"
BWN,SBG,train,390,86.5,63063,Barddhaman - Sahibganj MEMU,true,,06:05,12:35,,,"sun,mon,tue,wed,thu,fri,sat"
SBG,BWN,train,410,86.5,63064,Sahibganj - Barddhaman MEMU,true,,13:35,20:25,,,"sun,mon,tue,wed,thu,fri,sat"
BWN,RPH,train,153,53.0,63069,Barddhaman - Rampurhat MEMU,true,,20:52,23:25,,,"sun,mon,tue,wed,thu,fri,sat"
SBG,RPH,train,255,58.2,63074,Sahibganj - Rampurhat MEMU,true,,04:45,09:00,,,"sun,mon,tue,wed,thu,fri,sat"
RPH,BHW,train,105,44.8,63075,Rampurhat - Barharwa MEMU,true,,23:40,01:25,,,"sun,mon,tue,wed,thu,fri,sat"
JSME,RPH,train,205,59.0,63082,Jasidih - Rampurhat MEMU,true,,16:35,20:00,,,"sun,mon,tue,wed,thu,fri,sat"
SDAH,LGL,train,280,82.0,63103,Sealdah - Lalgola MEMU,true,,19:15,23:55,,,"sun,mon,tue,wed,thu,fri,sat"
LGL,SDAH,train,303,82.0,63108,Lalgola - Sealdah MEMU,true,,05:02,10:05,,,"sun,mon,tue,wed,thu,fri,sat"
GODA,SDAH,train,530,116.0,63142,Godda - Sealdah MEMU,true,,09:45,18:35,,,"sun,mon,tue,wed,thu,fri,sat"
BDME,JSME,train,18,35.0,63156,Baidyanathdham - Jasidih MEMU,true,,10:23,10:41,,,"sun,mon,tue,wed,thu,fri,sat"
MKA,KIUL,train,100,35.0,63204,Mokama - Kiul MEMU,true,,20:30,22:10,,,"sun,mon,tue,wed,thu,fri,sat"
KIUL,PNBE,train,315,55.8,63205,Kiul - Patna MEMU,true,,01:45,07:00,,,"sun,mon,tue,wed,thu,fri,sat"
PNBE,KIUL,train,345,55.8,63206,Patna - Kiul MEMU,true,,21:05,02:50,,,"sun,mon,tue,wed,thu,fri,sat"
JAJ,PNBE,train,400,69.2,63207,Jhajha - Patna MEMU,true,,05:45,12:25,,,"sun,mon,tue,wed,thu,fri,sat"
DGHR,PNBE,train,475,81.8,63209,Deoghar - Patna MEMU,true,,06:50,14:45,,,"sun,mon,tue,wed,thu,fri,sat"
PNBE,DGHR,train,465,81.8,63210,Patna - Deoghar MEMU,true,,09:55,17:40,,,"sun,mon,tue,wed,thu,fri,sat"
PNBE,JAJ,train,315,69.2,63212,Patna - Jhajha MEMU,true,,15:30,20:45,,,"sun,mon,tue,wed,thu,fri,sat"
MFP,SPJ,train,100,38.0,63216,Muzaffarpur - Samastipur MEMU,true,,18:25,20:05,,,"sun,mon,tue,wed,thu,fri,sat"
BJU,DNR,train,300,55.0,63217,Barauni - Danapur MEMU,true,,05:00,10:00,,,"sun,mon,tue,wed,thu,fri,sat"
DNR,BJU,train,360,55.0,63218,Danapur - Barauni MEMU,true,,17:55,23:55,,,"sun,mon,tue,wed,thu,fri,sat"
DNR,BXR,train,280,52.0,63219,Danapur - Buxar MEMU,true,,10:10,14:50,,,"sun,mon,tue,wed,thu,fri,sat"
BXR,PNBE,train,310,54.5,63220,Buxar - Patna MEMU,true,,15:05,20:15,,,"sun,mon,tue,wed,thu,fri,sat"
PNBE,MKA,train,130,47.2,63222,Patna - Mokama Fast MEMU,true,,18:15,20:25,,,"sun,mon,tue,wed,thu,fri,sat"
PNBE,ARA,train,105,37.2,63223,Patna - Ara MEMU,true,,22:40,00:25,,,"sun,mon,tue,wed,thu,fri,sat"
BSB,PNBE,train,555,82.5,63226,Varanasi - Patna MEMU,true,,15:00,00:15,,,"sun,mon,tue,wed,thu,fri,sat"
ARA,BNRS,train,360,71.0,63229,Ara - Banaras MEMU,true,,04:40,10:40,,,"sun,mon,tue,wed,thu,fri,sat"
BNRS,ARA,train,450,71.0,63230,Banaras - Ara MEMU,true,,18:45,02:15,,,"sun,mon,tue,wed,thu,fri,sat"
PNBE,DDU,train,515,77.8,63231,Patna - Pt. Deen Dayal Upadhyaya Jn. MEMU,true,,19:55,04:30,,,"sun,mon,tue,wed,thu,fri,sat"
BXR,PNBE,train,270,54.5,63232,Buxar - Patna MEMU,true,,07:15,11:45,,,"sun,mon,tue,wed,thu,fri,sat"
PNBE,BSB,train,455,82.5,63233,Patna - Varanasi MEMU,true,,05:45,13:20,,,"sun,mon,tue,wed,thu,fri,sat"
DDU,PNBE,train,500,77.8,63234,Pt. Deen Dayal Upadhyaya Jn. - Patna MEMU,true,,08:45,17:05,,,"sun,mon,tue,wed,thu,fri,sat"
BXR,DDU,train,195,48.5,63235,Buxar - Pt. Deen Dayal Upadhyaya Jn. MEMU,true,,04:30,07:45,,,"sun,mon,tue,wed,thu,fri,sat"
DDU,SFG,train,330,64.0,63237,Pt. Deen Dayal Upadhyaya Jn. - Subedarganj MEMU,true,,04:00,09:30,,,"sun,mon,tue,wed,thu,fri,sat"
SFG,DDU,train,345,64.0,63238,Subedarganj - Pt. Deen Dayal Upadhyaya Jn. MEMU,true,,18:10,23:55,,,"sun,mon,tue,wed,thu,fri,sat"
DDU,BXR,train,215,48.5,63240,Pt. Deen Dayal Upadhyaya Jn. - Buxar MEMU,true,,21:00,00:35,,,"sun,mon,tue,wed,thu,fri,sat"
GAYA,PNBE,train,165,48.0,63242,Gaya - Patna MEMU,true,,04:45,07:30,,,"sun,mon,tue,wed,thu,fri,sat"
GAYA,PNBE,train,205,48.0,63248,Gaya - Patna MEMU,true,,10:30,13:55,,,"sun,mon,tue,wed,thu,fri,sat"
GAYA,PNBE,train,165,48.0,63254,Gaya - Patna MEMU,true,,15:30,18:15,,,"sun,mon,tue,wed,thu,fri,sat"
GAYA,PNBE,train,160,48.0,63256,Gaya - Patna MEMU,true,,18:00,20:40,,,"sun,mon,tue,wed,thu,fri,sat"
PNBE,BXR,train,275,54.5,63263,Patna - Buxar MEMU,true,,14:15,18:50,,,"sun,mon,tue,wed,thu,fri,sat"
DDU,PNBE,train,575,77.8,63264,Pt. Deen Dayal Upadhyaya Jn. - Patna MEMU,true,,05:35,15:10,,,"sun,mon,tue,wed,thu,fri,sat"
DBG,PPTA,train,460,76.8,63265,Darbhanga - Patliputra MEMU,true,,12:10,19:50,,,"sun,mon,tue,wed,thu,fri,sat"
PPTA,MFP,train,175,43.5,63268,Patliputra - Muzaffarpur MEMU,true,,20:05,23:00,,,"sun,mon,tue,wed,thu,fri,sat"
MFP,SPJ,train,85,38.0,63270,Muzaffarpur - Samastipur MEMU,true,,22:10,23:35,,,"sun,mon,tue,wed,thu,fri,sat"
MKA,PNBE,train,245,47.2,63271,Mokama - Patna MEMU,true,,16:15,20:20,,,"sun,mon,tue,wed,thu,fri,sat"
PNBE,MKA,train,275,47.2,63272,Patna - Mokama MEMU,true,,05:00,09:35,,,"sun,mon,tue,wed,thu,fri,sat"
RGD,PNBE,train,135,49.8,63273,Rajgir - Patna Fast MEMU,true,,07:30,09:45,,,"sun,mon,tue,wed,thu,fri,sat"
PNBE,RGD,train,155,49.8,63274,Patna - Rajgir Fast MEMU,true,,20:55,23:30,,,"sun,mon,tue,wed,thu,fri,sat"
KIUL,PNBE,train,235,55.8,63275,Kiul - Patna Fast MEMU,true,,16:50,20:45,,,"sun,mon,tue,wed,thu,fri,sat"
PNBE,KIUL,train,255,55.8,63276,Patna - Kiul Fast MEMU,true,,10:45,15:00,,,"sun,mon,tue,wed,thu,fri,sat"
PPTA,PNBE,train,70,35.0,63281,Patliputra - Patna MEMU,true,,12:45,13:55,,,"sun,mon,tue,wed,thu,fri,sat"
PNBE,PPTA,train,50,35.0,63282,Patna - Patliputra MEMU,true,,16:00,16:50,,,"sun,mon,tue,wed,thu,fri,sat"
BJU,PNBE,train,275,55.0,63283,Barauni - Patna MEMU,true,,14:45,19:20,,,"sun,mon,tue,wed,thu,fri,sat"
PPTA,BJU,train,235,52.0,63288,Patliputra - Barauni MEMU,true,,17:50,21:45,,,"sun,mon,tue,wed,thu,fri,sat"
DOS,GAYA,train,155,46.2,63292,Dehri On Sone - Gaya MEMU,true,,18:20,20:55,,,"sun,mon,tue,wed,thu,fri,sat"
DDU,GAYA,train,350,76.2,63296,Pt. Deen Dayal Upadhyaya Jn. - Gaya MEMU,true,,04:00,09:50,,,"sun,mon,tue,wed,thu,fri,sat"
KIR,BJU,train,335,70.2,63301,Katihar - Barauni MEMU,true,,18:10,23:45,,,"sun,mon,tue,wed,thu,fri,sat"
SEE,KIR,train,600,93.5,63306,Sonpur - Katihar MEMU,true,,15:05,01:05,,,"sun,mon,tue,wed,thu,fri,sat"
MFP,NKE,train,300,65.0,63309,Muzaffarpur - Narkatiaganj MEMU,true,,15:35,20:35,,,"sun,mon,tue,wed,thu,fri,sat"
MFP,STF,train,315,61.8,63313,Muzaffarpur - Sikta MEMU,true,,18:40,23:55,,,"sun,mon,tue,wed,thu,fri,sat"
STF,MFP,train,335,61.8,63314,Sikta - Muzaffarpur MEMU,true,,04:00,09:35,,,"sun,mon,tue,wed,thu,fri,sat"
JAJ,GAYA,train,395,70.8,63315,Jhajha - Gaya MEMU,true,,14:00,20:35,,,"sun,mon,tue,wed,thu,fri,sat"
GAYA,JAJ,train,405,70.8,63316,Gaya - Jhajha MEMU,true,,05:00,11:45,,,"sun,mon,tue,wed,thu,fri,sat"
ARA,BBU,train,280,61.2,63317,Ara - Bhabua Road MEMU,true,,11:45,16:25,,,"sun,mon,tue,wed,thu,fri,sat"
ARA,SSM,train,200,49.2,63319,Ara - Sasaram MEMU,true,,03:00,06:20,,,"sun,mon,tue,wed,thu,fri,sat"
GAYA,KIUL,train,265,57.2,63322,Gaya - Kiul MEMU,true,,10:45,15:10,,,"sun,mon,tue,wed,thu,fri,sat"
KIUL,GAYA,train,255,57.2,63323,Kiul - Gaya MEMU,true,,20:20,00:35,,,"sun,mon,tue,wed,thu,fri,sat"
GAYA,KIUL,train,250,57.2,63324,Gaya - Kiul MEMU,true,,22:25,02:35,,,"sun,mon,tue,wed,thu,fri,sat"
IPR,PNBE,train,175,41.0,63325,Islampur - Patna MEMU,true,,06:30,09:25,,,"sun,mon,tue,wed,thu,fri,sat"
PNBE,IPR,train,195,41.0,63326,Patna - Islampur MEMU,true,,10:30,13:45,,,"sun,mon,tue,wed,thu,fri,sat"
IPR,PNBE,train,200,41.0,63327,Islampur - Patna MEMU,true,,16:45,20:05,,,"sun,mon,tue,wed,thu,fri,sat"
PNBE,IPR,train,170,41.0,63328,Patna - Islampur MEMU,true,,20:30,23:20,,,"sun,mon,tue,wed,thu,fri,sat"
GAYA,PPTA,train,265,51.0,63330,Gaya - Patliputra Fast MEMU,true,,14:20,18:45,,,"sun,mon,tue,wed,thu,fri,sat"
KIUL,MKA,train,90,35.0,63331,Kiul - Mokama MEMU,true,,14:40,16:10,,,"sun,mon,tue,wed,thu,fri,sat"
RGD,DNR,train,265,52.0,63339,Rajgir - Danapur MEMU,true,,05:20,09:45,,,"sun,mon,tue,wed,thu,fri,sat"
DNR,RGD,train,270,52.0,63340,Danapur - Rajgir MEMU,true,,18:20,22:50,,,"sun,mon,tue,wed,thu,fri,sat"
NKE,MFP,train,380,65.0,63342,Narkatiaganj - Muzaffarpur MEMU,true,,08:30,14:50,,,"sun,mon,tue,wed,thu,fri,sat"
SPJ,SHC,train,400,59.2,63344,Samastipur - Saharsa MEMU,true,,22:10,04:50,,,"sun,mon,tue,wed,thu,fri,sat"
SPJ,SHC,train,380,59.2,63346,Samastipur - Saharsa MEMU,true,,15:30,21:50,,,"sun,mon,tue,wed,thu,fri,sat"
SHC,SPJ,train,285,59.2,63347,Saharsa - Samastipur MEMU,true,,22:20,03:05,,,"sun,mon,tue,wed,thu,fri,sat"
SPJ,SHC,train,370,59.2,63348,Samastipur - Saharsa MEMU,true,,12:45,18:55,,,"sun,mon,tue,wed,thu,fri,sat"
SPJ,SHC,train,295,59.2,63350,Samastipur - Saharsa MEMU,true,,07:35,12:30,,,"sun,mon,tue,wed,thu,fri,sat"
KIUL,GAYA,train,270,57.2,63355,Kiul - Gaya MEMU,true,,14:05,18:35,,,"sun,mon,tue,wed,thu,fri,sat"
GAYA,KIUL,train,270,57.2,63356,Gaya - Kiul MEMU,true,,07:20,11:50,,,"sun,mon,tue,wed,thu,fri,sat"
GAH,NKE,train,60,35.0,63361,Gaunaha - Narkatiaganj MEMU,true,,07:05,08:05,,,"sun,mon,tue,wed,thu,fri,sat"
NKE,GAH,train,60,35.0,63362,Narkatiaganj - Gaunaha MEMU,true,,05:50,06:50,,,"sun,mon,tue,wed,thu,fri,sat"
RGD,BKP,train,115,38.2,63363,Rajgir - Bakhtiyarpur MEMU,true,,18:15,20:10,,,"mon,tue,wed,thu,fri,sat"
RGD,BKP,train,145,38.2,63365,Rajgir - Bakhtiyarpur MEMU,true,,09:40,12:05,,,"mon,tue,wed,thu,fri,sat"
DBG,NKE,train,430,72.8,63373,Darbhanga - Narkatiaganj MEMU,true,,18:45,01:55,,,"sun,mon,tue,wed,thu,fri,sat"
NKE,DBG,train,370,72.8,63374,Narkatiaganj - Darbhanga MEMU,true,,02:35,08:45,,,"sun,mon,tue,wed,thu,fri,sat"
SHC,SOU,train,55,35.0,63375,Saharsa - Supaul MEMU,true,,04:45,05:40,,,"sun,mon,tue,wed,thu,fri,sat"
SOU,SHC,train,50,35.0,63376,Supaul - Saharsa MEMU,true,,06:40,07:30,,,"sun,mon,tue,wed,thu,fri,sat"
LSI,SHC,train,385,61.5,63379,Laheria Sarai - Saharsa MEMU,true,,04:10,10:35,,,"sun,mon,tue,wed,thu,fri,sat"
SHC,LSI,train,300,61.5,63380,Saharsa - Laheria Sarai MEMU,true,,18:55,23:55,,,"sun,mon,tue,wed,thu,fri,sat"
LSI,SHC,train,330,61.5,63381,Laheria Sarai - Saharsa MEMU,true,,21:00,02:30,,,"sun,mon,tue,wed,thu,fri,sat"
SHC,LSI,train,345,61.5,63382,Saharsa - Laheria Sarai MEMU,true,,10:45,16:30,,,"sun,mon,tue,wed,thu,fri,sat"
GAYA,KIUL,train,285,57.2,63386,Gaya - Kiul MEMU,true,,19:30,00:15,,,"sun,mon,tue,wed,thu,fri,sat"
NWD,PNBE,train,260,65.8,63390,Nawada - Patna Fast MEMU,true,,05:15,09:35,,,"mon,tue,wed,thu,fri,sat"
IPR,PNBE,train,235,42.8,63391,Islampur - Patna MEMU,true,,12:00,15:55,,,"mon,tue,wed,thu,fri,sat"
PNBE,IPR,train,150,42.8,63392,Patna - Islampur MEMU,true,,08:45,11:15,,,"mon,tue,wed,thu,fri,sat"
PNBE,GAYA,train,155,48.0,63393,Patna - Gaya Fast MEMU,true,,18:10,20:45,,,"sun,mon,tue,wed,thu,fri,sat"
GAYA,PNBE,train,175,48.0,63394,Gaya - Patna Fast MEMU,true,,05:20,08:15,,,"sun,mon,tue,wed,thu,fri,sat"
PNBE,GAYA,train,230,48.0,63395,Patna - Gaya MEMU,true,,09:45,13:35,,,"sun,mon,tue,wed,thu,fri,sat"
GAYA,PNBE,train,190,48.0,63396,Gaya - Patna MEMU,true,,14:45,17:55,,,"sun,mon,tue,wed,thu,fri,sat"
RPH,SBG,train,195,58.2,63405,Rampurhat - Sahibganj MEMU,true,,06:10,09:25,,,"sun,mon,tue,wed,thu,fri,sat"
SBG,AZ,train,245,62.5,63422,Sahibganj - Azimganj MEMU,true,,14:45,18:50,,,"sun,mon,tue,wed,thu,fri,sat"
JMP,KIUL,train,110,36.2,63423,Jamalpur - Kiul MEMU,true,,12:45,14:35,,,"sun,mon,tue,wed,thu,fri,sat"
SBG,JMP,train,270,56.8,63431,Sahibganj - Jamalpur MEMU,true,,07:20,11:50,,,"sun,mon,tue,wed,thu,fri,sat"
JMP,SBG,train,303,56.8,63432,Jamalpur - Sahibganj MEMU,true,,16:07,21:10,,,"sun,mon,tue,wed,thu,fri,sat"
RPH,AZ,train,110,39.8,63434,Rampurhat - Azimganj MEMU,true,,16:05,17:55,,,"sun,mon,tue,wed,thu,fri,sat"
BWN,ASN,train,140,51.5,63505,Barddhaman - Asansol MEMU,true,,03:40,06:00,,,"sun,mon,tue,wed,thu,fri,sat"
ASN,BWN,train,130,51.5,63508,Asansol - Barddhaman MEMU,true,,05:40,07:50,,,"sun,mon,tue,wed,thu,fri,sat"
ASN,BWN,train,140,51.5,63512,Asansol - Barddhaman MEMU,true,,06:15,08:35,,,"sun,mon,tue,wed,thu,fri,sat"
ASN,BWN,train,140,51.5,63516,Asansol - Barddhaman MEMU,true,,10:15,12:35,,,"sun,mon,tue,wed,thu,fri,sat"
ASN,BWN,train,135,51.5,63518,Asansol - Barddhaman MEMU,true,,12:50,15:05,,,"sun,mon,tue,wed,thu,fri,sat"
BWN,BKSC,train,558,100.0,63519,Barddhaman - Bokaro Steel City MEMU,true,,15:57,01:15,,,"sun,mon,tue,wed,thu,fri,sat"
BWN,ASN,train,135,51.5,63521,Barddhaman - Asansol MEMU,true,,15:30,17:45,,,"sun,mon,tue,wed,thu,fri,sat"
UDL,RPH,train,140,50.2,63529,Andal - Rampurhat MEMU,true,,05:40,08:00,,,"sun,mon,tue,wed,thu,fri,sat"
RPH,UDL,train,150,50.2,63530,Rampurhat - Andal MEMU,true,,08:25,10:55,,,"sun,mon,tue,wed,thu,fri,sat"
UDL,SNT,train,110,43.2,63531,Andal - Sainthia MEMU,true,,08:20,10:10,,,"sun,mon,tue,wed,thu,fri,sat"
SNT,UDL,train,105,43.2,63532,Sainthia - Andal MEMU,true,,04:10,05:55,,,"sun,mon,tue,wed,thu,fri,sat"
UDL,SNT,train,110,43.2,63533,Andal - Sainthia MEMU,true,,14:00,15:50,,,"sun,mon,tue,wed,thu,fri,sat"
SNT,UDL,train,110,43.2,63534,Sainthia - Andal MEMU,true,,10:30,12:20,,,"sun,mon,tue,wed,thu,fri,sat"
UDL,SNT,train,110,43.2,63535,Andal - Sainthia MEMU,true,,17:10,19:00,,,"sun,mon,tue,wed,thu,fri,sat"
SNT,UDL,train,110,43.2,63536,Sainthia - Andal MEMU,true,,16:20,18:10,,,"sun,mon,tue,wed,thu,fri,sat"
UDL,SNT,train,110,43.2,63537,Andal - Sainthia MEMU,true,,19:05,20:55,,,"sun,mon,tue,wed,thu,fri,sat"
SNT,UDL,train,110,43.2,63538,Sainthia - Andal MEMU,true,,20:00,21:50,,,"sun,mon,tue,wed,thu,fri,sat"
ASN,GMO,train,135,47.0,63543,Asansol - NSCB Jn. Gomoh MEMU,true,,18:00,20:15,,,"sun,mon,tue,wed,thu,fri,sat"
GMO,ASN,train,160,47.0,63544,NSCB Jn. Gomoh - Asansol MEMU,true,,20:40,23:20,,,"sun,mon,tue,wed,thu,fri,sat"
UDL,JSME,train,235,60.5,63545,Andal - Jasidih MEMU,true,,06:20,10:15,,,"sun,mon,tue,wed,thu,fri"
JSME,BAKA,train,100,40.2,63547,Jasidih - Banka MEMU,true,,10:25,12:05,,,"sun,mon,tue,wed,thu,fri"
BRKA,BSB,train,760,138.2,63557,Barkakana - Varanasi MEMU,true,,03:30,16:10,,,"sun,mon,tue,wed,thu,fri,sat"
BSB,BRKA,train,820,138.2,63558,Varanasi - Barkakana MEMU,true,,06:50,20:30,,,"sun,mon,tue,wed,thu,fri,sat"
JSME,ASN,train,155,52.8,63564,Jasidih - Asansol MEMU,true,,17:40,20:15,,,"sun,mon,tue,wed,thu,fri,sat"
ASN,JSME,train,155,52.8,63569,Asansol - Jasidih MEMU,true,,17:30,20:05,,,"sun,mon,tue,wed,thu,fri,sat"
MKA,JSME,train,235,58.0,63572,Mokama - Jasidih MEMU,true,,04:45,08:40,,,"sun,mon,tue,wed,thu,fri,sat"
JSME,KIUL,train,205,49.2,63573,Jasidih - Kiul MEMU,true,,10:45,14:10,,,"sun,mon,tue,wed,thu,fri,sat"
KIUL,JSME,train,160,49.2,63574,Kiul - Jasidih MEMU,true,,14:50,17:30,,,"sun,mon,tue,wed,thu,fri,sat"
BKSC,ASN,train,230,59.2,63591,Bokaro Steel City - Asansol MEMU,true,,15:40,19:30,,,"mon,tue,wed,thu,fri,sat"
ASN,BKSC,train,255,59.2,63592,Asansol - Bokaro Steel City MEMU,true,,07:00,11:15,,,"mon,tue,wed,thu,fri,sat"
RNC,ASN,train,370,74.2,63597,Ranchi - Asansol MEMU,true,,13:05,19:15,,,"sun,mon,tue,wed,thu,fri,sat"
SSB,PWL,train,130,83.1,64012,Shakurbasti - Palwal EMU,true,,10:00,12:10,,,"sun,mon,tue,wed,thu,fri,sat"
SSB,MTJ,train,285,123.4,64016,Shakurbasti - Mathura EMU,true,,14:30,19:15,,,"sun,mon,tue,wed,thu,fri,sat"
MTJ,SSB,train,300,123.4,64019,Mathura - Shakurbasti EMU,true,,19:45,00:45,,,"sun,mon,tue,wed,thu,fri,sat"
SRE,DLI,train,290,66.2,64022,Saharanpur - Delhi MEMU (via Shamli),true,,03:35,08:25,,,"sun,mon,tue,wed,thu,fri,sat"
DLI,SRE,train,330,66.2,64023,Delhi - Saharanpur MEMU (via Shamli),true,,05:25,10:55,,,"sun,mon,tue,wed,thu,fri,sat"
SRE,DLI,train,340,66.2,64026,Saharanpur - Delhi MEMU (via Shamli),true,,07:00,12:40,,,"sun,mon,tue,wed,thu,fri,sat"
SMQL,DLI,train,190,48.5,64034,Shamli - Delhi MEMU,true,,07:00,10:10,,,"sun,mon,tue,wed,thu,fri,sat"
KSV,GZB,train,235,109.0,64051,Kosi Kalan - Ghaziabad EMU,true,,21:45,01:40,,,"sun,mon,tue,wed,thu,fri,sat"
DHO,NDLS,train,380,169.0,64073,Dholpur - New Delhi EMU,true,,16:00,22:20,,,"sun,mon,tue,wed,thu,fri,sat"
NDLS,DHO,train,395,169.0,64074,New Delhi - Dholpur EMU,true,,04:15,10:50,,,"sun,mon,tue,wed,thu,fri,sat"
NDLS,KSV,train,180,98.0,64082,New Delhi - Kosi Kalan EMU,true,,18:00,21:00,,,"sun,mon,tue,wed,thu,fri,sat"
SMQL,DLI,train,235,48.5,64090,Shamli - Delhi MEMU,true,,09:50,13:45,,,"sun,mon,tue,wed,thu,fri"
ALJN,DLI,train,205,110.5,64101,Aligarh - Delhi EMU,true,,01:40,05:05,,,"sun,mon,tue,wed,thu,fri,sat"
DLI,ALJN,train,195,110.5,64102,Delhi - Aligarh EMU,true,,18:40,21:55,,,"sun,mon,tue,wed,thu,fri,sat"
DLI,KRJ,train,200,89.8,64108,Delhi - Khurja EMU,true,,21:10,00:30,,,"sun,mon,tue,wed,thu,fri,sat"
DKDE,SSB,train,160,83.6,64109,Dankaur - Shakurbasti EMU,true,,07:00,09:40,,,"sun,mon,tue,wed,thu,fri,sat"
KRJ,SSB,train,190,94.6,64111,Khurja - Shakurbasti EMU,true,,05:45,08:55,,,"sun,mon,tue,wed,thu,fri,sat"
KRJ,GZB,train,95,80.2,64113,Khurja - Ghaziabad EMU,true,,20:50,22:25,,,"sun,mon,tue,wed,thu,fri,sat"
NDLS,ALJN,train,185,112.9,64114,New Delhi - Aligarh EMU,true,,18:20,21:25,,,"sun,mon,tue,wed,thu,fri,sat"
ALJN,DLI,train,195,56.5,64151,Aligarh - Delhi MEMU,true,,15:00,18:15,,,"sun,mon,tue,wed,thu,fri,sat"
GZB,AGA,train,395,149.4,64167,Ghaziabad - Agra City EMU,true,,06:10,12:45,,,"sun,mon,tue,wed,thu,fri,sat"
AGA,GZB,train,330,149.4,64168,Agra City - Ghaziabad EMU,true,,14:20,19:50,,,"sun,mon,tue,wed,thu,fri,sat"
BRT,CNB,train,70,35.0,64174,Brahmavart - Kanpur Central MEMU,true,,17:10,18:20,,,"sun,mon,tue,wed,thu,fri,sat"
ROZA,BE,train,195,44.5,64175,Roza - Bareilly MEMU,true,,05:45,09:00,,,"sun,mon,tue,wed,thu,fri,sat"
BE,ROZA,train,125,44.5,64176,Bareilly - Roza MEMU,true,,20:00,22:05,,,"sun,mon,tue,wed,thu,fri,sat"
BE,MB,train,303,53.0,64177,Bareilly - Moradabad MEMU,true,,14:40,19:43,,,"sun,mon,tue,wed,thu,fri,sat"
CNB,LKO,train,140,43.0,64204,Kanpur Central - Lucknow MEMU,true,,07:00,09:20,,,"sun,mon,tue,wed,thu,fri,sat"
LKO,CNB,train,110,43.0,64211,Lucknow - Kanpur Central MEMU,true,,14:35,16:25,,,"sun,mon,tue,wed,thu,fri,sat"
CNB,LKO,train,115,43.0,64212,Kanpur Central - Lucknow MEMU,true,,12:20,14:15,,,"sun,mon,tue,wed,thu,fri,sat"
CNB,LKO,train,145,43.0,64214,Kanpur Central - Lucknow MEMU,true,,18:50,21:15,,,"sun,mon,tue,wed,thu,fri,sat"
AYC,LKO,train,205,57.0,64215,Ayodhya Cantt - Lucknow MEMU,true,,05:45,09:10,,,"sun,mon,tue,wed,thu,fri,sat"
LKO,AYC,train,240,57.0,64216,Lucknow - Ayodhya Cantt MEMU,true,,17:20,21:20,,,"sun,mon,tue,wed,thu,fri,sat"
MUR,AYC,train,100,36.2,64219,Mankapur - Ayodhya Cantt MEMU,true,,09:35,11:15,,,"sun,mon,tue,wed,thu,fri,sat"
UTR,CNB,train,185,46.0,64255,Utraitia - Kanpur Central MEMU,true,,17:15,20:20,,,"sun,mon,tue,wed,thu,fri,sat"
GZB,DLI,train,85,35.0,64417,Ghaziabad - Delhi MEMU (via New Delhi),true,,06:35,08:00,,,"sun,mon,tue,wed,thu,fri,sat"
DLI,PNP,train,155,47.2,64451,Delhi - Panipat MEMU,true,,16:50,19:25,,,"sun,mon,tue,wed,thu,fri,sat"
HW,AADR,train,525,114.5,64511,Haridwar - Amb Andaura MEMU,true,,04:40,13:25,,,"sun,mon,tue,wed,thu,fri,sat"
AADR,HW,train,445,114.5,64512,Amb Andaura - Haridwar MEMU,true,,13:35,21:00,,,"sun,mon,tue,wed,thu,fri,sat"
SRE,NLDM,train,340,84.5,64513,Saharanpur - Nangal Dam MEMU,true,,16:30,22:10,,,"sun,mon,tue,wed,thu,fri,sat"
UMB,NLDM,train,200,64.2,64515,Ambala Cantt - Nangal Dam MEMU (via Sirhind),true,,06:10,09:30,,,"sun,mon,tue,wed,thu,fri,sat"
NLDM,UMB,train,200,67.5,64516,Nangal Dam - Ambala Cantt MEMU (via Chandigarh),true,,11:00,14:20,,,"sun,mon,tue,wed,thu,fri,sat"
NLDM,UMB,train,235,64.2,64518,Nangal Dam - Ambala Cantt MEMU (via Sirhind),true,,17:25,21:20,,,"sun,mon,tue,wed,thu,fri,sat"
LDH,UMB,train,155,53.5,64522,Ludhiana - Ambala Cantt MEMU,true,,16:10,18:45,,,"sun,mon,tue,wed,thu,fri,sat"
LDH,UMB,train,140,53.5,64524,Ludhiana - Ambala Cantt MEMU,true,,17:50,20:10,,,"sun,mon,tue,wed,thu,fri,sat"
UMB,PNP,train,172,52.2,64532,Ambala Cantt - Panipat MEMU,true,,06:58,09:50,,,"sun,mon,tue,wed,thu,fri,sat"
PNP,UMB,train,195,52.2,64541,Panipat - Ambala Cantt MEMU,true,,06:05,09:20,,,"sun,mon,tue,wed,thu,fri,sat"
GZB,MB,train,273,60.2,64554,Ghaziabad - Moradabad MEMU,true,,18:22,22:55,,,"sun,mon,tue,wed,thu,fri,sat"
DLI,SRE,train,275,70.2,64557,Delhi - Saharanpur MEMU (via Meerut),true,,16:15,20:50,,,"sun,mon,tue,wed,thu,fri,sat"
SRE,DLI,train,265,70.2,64560,Saharanpur - Delhi MEMU (via Meerut),true,,05:10,09:35,,,"sun,mon,tue,wed,thu,fri,sat"
AADR,RPHR,train,605,139.0,64564,Amb Andaura - Raipur Haryana MEMU,true,,15:00,01:05,,,"sun,mon,tue,wed,thu,fri,sat"
MB,SRE,train,325,73.2,64565,Moradabad - Saharanpur MEMU,true,,18:40,00:05,,,"sun,mon,tue,wed,thu,fri,sat"
SRE,MB,train,335,73.2,64566,Saharanpur - Moradabad MEMU,true,,04:05,09:40,,,"sun,mon,tue,wed,thu,fri,sat"
BSC,TKJ,train,230,51.0,64567,Bulandshahr - Tilak Bridge MEMU,true,,05:35,09:25,,,"sun,mon,tue,wed,thu,fri,sat"
HRF,DLI,train,255,66.5,64581,Hathras Killah - Delhi MEMU,true,,05:45,10:00,,,"sun,mon,tue,wed,thu,fri,sat"
DLI,HRF,train,255,66.5,64582,Delhi - Hathras Killah MEMU,true,,17:55,22:10,,,"sun,mon,tue,wed,thu,fri,sat"
CNB,TDL,train,380,82.8,64587,Kanpur Central - Tundla MEMU,true,,14:05,20:25,,,"sun,mon,tue,wed,thu,fri,sat"
FTP,CNB,train,160,44.5,64593,Fatehpur - Kanpur Central MEMU,true,,07:20,10:00,,,"sun,mon,tue,wed,thu,fri,sat"
MKP,CNB,train,420,86.0,64601,Manikpur - Kanpur Central MEMU,true,,15:40,22:40,,,"sun,mon,tue,wed,thu,fri,sat"
CNB,MKP,train,455,86.0,64602,Kanpur Central - Manikpur MEMU,true,,06:10,13:45,,,"sun,mon,tue,wed,thu,fri,sat"
CNB,ETW,train,190,59.8,64603,Kanpur Central - Etawah MEMU,true,,06:50,10:00,,,"sun,mon,tue,wed,thu,fri,sat"
VGLJ,BNDA,train,260,72.8,64613,VGL Jhansi - Banda MEMU,true,,12:30,16:50,,,"sun,mon,tue,wed,thu,fri,sat"
LAR,BINA,train,135,40.8,64618,Lalitpur - Bina MEMU,true,,10:15,12:30,,,"sun,mon,tue,wed,thu,fri,sat"
BKI,IDH,train,200,62.0,64620,Bandikui - Idgah Agra MEMU,true,,05:00,08:20,,,"sun,mon,tue,wed,thu,fri,sat"
IDH,BKI,train,200,62.0,64621,Idgah Agra - Bandikui MEMU,true,,08:50,12:10,,,"mon,tue,wed,thu,fri,sat"
BKI,IDH,train,195,62.0,64622,Bandikui - Idgah Agra MEMU,true,,13:30,16:45,,,"mon,tue,wed,thu,fri,sat"
ETW,GWL,train,270,54.5,64634,Etawah - Gwalior MEMU,true,,07:00,11:30,,,"sun,mon,tue,wed,thu,fri,sat"
GWL,BIB,train,255,55.5,64635,Gwalior - Birpur MEMU,true,,05:45,10:00,,,"sun,mon,tue,wed,thu,fri,sat"
BIB,GWL,train,290,55.5,64636,Birpur - Gwalior MEMU,true,,10:30,15:20,,,"sun,mon,tue,wed,thu,fri,sat"
GWL,BIB,train,255,55.5,64637,Gwalior - Birpur MEMU,true,,12:00,16:15,,,"sun,mon,tue,wed,thu,fri,sat"
BIB,GWL,train,265,55.5,64638,Birpur - Gwalior MEMU,true,,16:45,21:10,,,"sun,mon,tue,wed,thu,fri,sat"
GWL,BIB,train,255,55.5,64639,Gwalior - Birpur MEMU,true,,15:00,19:15,,,"sun,mon,tue,wed,thu,fri,sat"
BIB,GWL,train,260,55.5,64640,Birpur - Gwalior MEMU,true,,19:45,00:05,,,"sun,mon,tue,wed,thu,fri,sat"
KURJ,CNB,train,415,90.2,64645,Khajuraho - Kanpur Central MEMU,true,,04:20,11:15,,,"sun,mon,tue,wed,thu,fri,sat"
KURJ,LAR,train,240,66.5,64647,Khajuraho - Lalitpur MEMU,true,,07:00,11:00,,,"sun,mon,tue,wed,thu,fri,sat"
KURJ,MBA,train,105,40.8,64650,Khajuraho - Mahoba MEMU,true,,16:40,18:25,,,"sun,mon,tue,wed,thu,fri,sat"
SGDN,BRML,train,270,69.2,64651,Sangaldan - Baramula MEMU,true,,14:00,18:30,,,"sun,mon,tue,wed,thu,fri,sat"
BRML,SGDN,train,265,69.2,64652,Baramula - Sangaldan MEMU,true,,09:20,13:45,,,"sun,mon,tue,wed,thu,fri,sat"
AGC,TDL,train,90,35.0,64955,Agra Cantt. - Tundla MEMU,true,,08:15,09:45,,,"sun,mon,tue,wed,thu,fri,sat"
TDL,AGC,train,130,35.0,64956,Tundla - Agra Cantt MEMU,true,,15:20,17:30,,,"sun,mon,tue,wed,thu,fri,sat"
AGC,PWL,train,210,59.5,64957,Agra Cantt. - Palwal MEMU,true,,17:50,21:20,,,"sun,mon,tue,wed,thu,fri,sat"
PWL,AGC,train,180,59.5,64958,Palwal - Agra Cantt. MEMU,true,,04:25,07:25,,,"sun,mon,tue,wed,thu,fri,sat"
GCT,JNU,train,150,49.5,65101,Ghazipur City - Jaunpur MEMU,true,,06:20,08:50,,,"sun,mon,tue,wed,thu,fri,sat"
JNU,GCT,train,150,49.5,65102,Jaunpur - Ghazipur City MEMU,true,,09:15,11:45,,,"sun,mon,tue,wed,thu,fri,sat"
BTT,BCY,train,250,64.5,65107,Bhatni - Varanasi City MEMU,true,,06:00,10:10,,,"sun,mon,tue,wed,thu,fri,sat"
BCY,AMH,train,225,58.2,65110,Varanasi City - Azamgarh MEMU,true,,17:40,21:25,,,"sun,mon,tue,wed,thu,fri,sat"
BNRS,PRRB,train,205,54.5,65111,Banaras - Prayagraj Rambag MEMU,true,,06:40,10:05,,,"sun,mon,tue,wed,thu,fri,sat"
GCT,PYGS,train,360,76.5,65117,Ghazipur City - Prayagraj Sangam MEMU,true,,04:20,10:20,,,"sun,mon,tue,wed,thu,fri,sat"
KPV,BC,train,275,60.0,65302,Kashipur - Bareilly City MEMU,true,,10:45,15:20,,,"sun,mon,tue,wed,thu,fri,sat"
MB,RMR,train,145,44.2,65303,Moradabad - Ramnagar MEMU,true,,04:30,06:55,,,"sun,mon,tue,wed,thu,fri,sat"
RMR,MB,train,165,44.2,65304,Ramnagar - Moradabad MEMU,true,,07:20,10:05,,,"sun,mon,tue,wed,thu,fri,sat"
MB,KPV,train,100,37.5,65305,Moradabad - Kashipur MEMU,true,,08:05,09:45,,,"sun,mon,tue,wed,thu,fri,sat"
RMR,MB,train,145,44.2,65306,Ramnagar - Moradabad MEMU,true,,13:55,16:20,,,"sun,mon,tue,wed,thu,fri,sat"
KPV,MB,train,155,37.5,65308,Kashipur - Moradabad MEMU,true,,17:45,20:20,,,"sun,mon,tue,wed,thu,fri,sat"
MB,RMR,train,160,44.2,65309,Moradabad - Ramnagar MEMU,true,,16:55,19:35,,,"sun,mon,tue,wed,thu,fri,sat"
RMR,MB,train,155,44.2,65310,Ramnagar - Moradabad MEMU,true,,21:00,23:35,,,"sun,mon,tue,wed,thu,fri,sat"
HX,AJJ,train,305,73.5,66006,Kadapa - Arakkonam MEMU,true,,14:15,19:20,,,"sun,mon,tue,wed,thu,fri,sat"
AJJ,MASS,train,130,42.2,66008,Arakkonam - Chennai Central Suburban MEMU,true,,09:50,12:00,,,"sun,mon,tue,wed,thu,fri,sat"
KPD,JTJ,train,145,46.0,66017,Katpadi - Jolarpettai MEMU,true,,09:30,11:55,,,"sun,mon,tue,wed,thu,fri,sat"
JTJ,KPD,train,150,46.0,66018,Jolarpettai - Katpadi MEMU,true,,12:15,14:45,,,"sun,mon,tue,wed,thu,fri,sat"
VM,MV,train,185,55.5,66019,Villupuram - Mayiladuthurai MEMU,true,,14:35,17:40,,,"sun,mon,tue,wed,thu,fri,sat"
SPE,MASS,train,130,45.8,66032,Sullurupeta - Chennai Central Suburban MEMU,true,,21:05,23:15,,,"sun,mon,tue,wed,thu,fri,sat"
TNM,TBM,train,386,88.2,66034,Tiruvannamalai - Tambaram MEMU,true,,04:30,10:56,,,"sun,mon,tue,wed,thu,fri,sat"
SPE,NLR,train,120,48.2,66035,Sullurupeta - Nellore MEMU,true,,08:05,10:05,,,"sun,mon,tue,wed,thu,fri,sat"
NLR,SPE,train,120,48.2,66036,Nellore - Sullurupeta MEMU,true,,10:20,12:20,,,"sun,mon,tue,wed,thu,fri,sat"
SPE,NLR,train,135,48.2,66037,Sullurupeta - Nellore MEMU,true,,15:50,18:05,,,"sun,mon,tue,wed,thu,fri,sat"
NLR,SPE,train,135,48.2,66038,Nellore - Sullurupeta MEMU,true,,18:45,21:00,,,"sun,mon,tue,wed,thu,fri,sat"
NLR,SPE,train,145,48.2,66040,Nellore - Sullurupeta MEMU,true,,16:00,18:25,,,"sun,mon,tue,wed,thu,fri,sat"
AJJ,TCNR,train,150,42.8,66043,Arakkonam - Tiruchanur MEMU,true,,09:15,11:45,,,"sun,mon,tue,wed,thu,fri,sat"
TCNR,AJJ,train,145,42.8,66044,Tiruchanur - Arakkonam MEMU,true,,15:50,18:15,,,"sun,mon,tue,wed,thu,fri,sat"
TBM,VM,train,230,58.5,66045,Tambaram - Villupuram MEMU,true,,09:40,13:30,,,"sun,mon,tue,wed,thu,fri,sat"
VM,MSB,train,255,65.8,66046,Villupuram - Chennai Beach MEMU,true,,13:30,17:45,,,"sun,mon,tue,wed,thu,fri,sat"
PDY,MS,train,300,74.0,66052,Puducherry - Chennai Egmore MEMU,true,,15:35,20:35,,,"sun,mon,tue,wed,thu,fri,sat"
VM,TBM,train,195,58.5,66056,Villupuram - Tambaram MEMU,true,,05:10,08:25,,,"sun,mon,tue,wed,thu,fri,sat"
VLR,AJJ,train,130,42.8,66060,Vellore Cantt. - Arakkonam MEMU,true,,17:20,19:30,,,"sun,mon,tue,wed,thu,fri,sat"
PDY,VM,train,50,35.0,66064,Puducherry - Villupuram MEMU,true,,07:50,08:40,,,"sun,mon,tue,wed,thu,fri,sat"
MASS,TCNR,train,235,60.0,66069,Chennai Central Suburban - Tiruchanur MEMU,true,,09:50,13:45,,,"sun,mon,tue,wed,thu,fri,sat"
TCNR,MASS,train,225,60.0,66070,Tiruchanur - Chennai Central Suburban MEMU,true,,13:30,17:15,,,"sun,mon,tue,wed,thu,fri,sat"
ERS,ALLP,train,95,39.2,66300,Ernakulam Jn. - Alappuzha MEMU,true,,07:50,09:25,,,"sun,mon,tue,wed,thu,fri,sat"
ALLP,QLN,train,115,46.0,66311,Alappuzha - Kollam MEMU,true,,17:35,19:30,,,"sun,mon,tue,wed,thu,fri,sat"
QLN,ALLP,train,125,46.0,66312,Kollam - Alappuzha MEMU,true,,03:45,05:50,,,"sun,mon,tue,wed,thu,fri,sat"
ALLP,ERS,train,95,39.2,66314,Alappuzha - Ernakulam Jn. MEMU,true,,07:25,09:00,,,"sun,mon,tue,wed,thu,fri,sat"
KTYM,QLN,train,155,49.0,66315,Kottayam - Kollam MEMU,true,,17:40,20:15,,,"sun,mon,tue,wed,thu,fri,sat"
PUU,QLN,train,85,36.0,66317,Punalur - Kollam MEMU,true,,19:35,21:00,,,"sun,mon,tue,wed,thu,fri,sat"
ERS,QLN,train,240,64.0,66321,Ernakulam Jn. - Kollam MEMU (via Kottayam),true,,18:15,22:15,,,"sun,mon,tue,wed,thu,fri,sat"
QLN,ERS,train,230,64.0,66322,Kollam - Ernakulam Jn. MEMU (via Kottayam),true,,04:20,08:10,,,"sun,mon,tue,wed,thu,fri,sat"
SBC,BWT,train,115,42.5,66530,KSR Bengaluru - Bangarpet MEMU,true,,09:40,11:35,,,"sun,mon,tue,wed,thu,fri,sat"
BWT,WFD,train,75,36.8,66531,Bangarapet - White Field MEMU,true,,13:00,14:15,,,"sun,mon,tue,wed,thu,fri,sat"
WFD,MKM,train,115,40.8,66532,White Field - Marikuppam MEMU,true,,14:55,16:50,,,"sun,mon,tue,wed,thu,fri,sat"
KJM,KPN,train,120,47.8,66534,Krishnarajapuram - Kuppam MEMU,true,,19:20,21:20,,,"sun,mon,tue,wed,thu,fri,sat"
BAND,KPN,train,145,49.2,66544,Banaswadi - Kuppam MEMU,true,,11:30,13:55,,,"sun,mon,tue,wed,thu,fri,sat"
KJM,MKM,train,110,43.0,66547,Krishnarajapuram - Marikuppam MEMU,true,,11:10,13:00,,,"sun,mon,tue,wed,thu,fri,sat"
JTJ,SBC,train,220,61.2,66549,Jolarpettai - KSR Bengaluru MEMU,true,,15:00,18:40,,,"sun,mon,tue,wed,thu,fri,sat"
SBC,JTJ,train,250,61.2,66550,KSR Bengaluru - Jolarpettai MEMU,true,,08:45,12:55,,,"sun,mon,tue,wed,thu,fri,sat"
SBC,MYS,train,245,59.5,66551,KSR Bengaluru - Mysuru MEMU,true,,09:15,13:20,,,"sun,mon,tue,wed,thu,fri,sat"
MYS,SBC,train,200,59.5,66552,Mysuru - KSR Bengaluru MEMU,true,,13:40,17:00,,,"sun,mon,tue,wed,thu,fri,sat"
SBC,MKM,train,155,46.5,66556,KSR Bengaluru - Marikuppam MEMU,true,,18:15,20:50,,,"sun,mon,tue,wed,thu,fri,sat"
TK,YPR,train,90,41.0,66561,Tumakuru - Yesvantpur MEMU,true,,08:55,10:25,,,"mon,tue,wed,thu,fri,sat"
TK,BAND,train,105,43.8,66566,Tumakuru - Banaswadi MEMU,true,,20:20,22:05,,,sun
SBC,TK,train,115,42.2,66571,KSR Bengaluru - Tumakuru MEMU,true,,13:30,15:25,,,"sun,mon,tue,wed,thu,fri,sat"
TK,SBC,train,105,42.2,66572,Tumakuru - KSR Bengaluru MEMU,true,,11:35,13:20,,,"sun,mon,tue,wed,thu,fri,sat"
YPR,TK,train,70,41.0,66573,Yesvantpur - Tumakuru MEMU,true,,05:00,06:10,,,"sun,mon,tue,wed,thu,fri,sat"
SBC,AP,train,250,60.8,66579,KSR Bengaluru - Ashokapuram MEMU,true,,00:30,04:40,,,"sun,mon,tue,wed,thu,fri,sat"
SBC,DPJ,train,202,63.0,66583,KSR Bengaluru - Dharmapuri MEMU,true,,18:25,21:47,,,"sun,mon,tue,wed,thu,fri,sat"
SBC,KQZ,train,235,64.5,66591,KSR Bengaluru - Kolar MEMU (via Chikkaballapur),true,,08:25,12:20,,,"mon,tue,wed,thu,fri,sat"
KQZ,BNC,train,215,63.5,66592,Kolar - Bengaluru Cantt. MEMU (via Chikkaballapur),true,,13:50,17:25,,,"mon,tue,wed,thu,fri,sat"
ED,CBE,train,150,50.2,66601,Erode - Coimbatore MEMU,true,,07:30,10:00,,,"sun,mon,tue,wed,thu,fri,sat"
SRR,CBE,train,190,50.0,66604,Shoranur Jn. - Coimbatore MEMU,true,,14:50,18:00,,,"mon,tue,wed,thu,fri,sat"
PGTN,CBE,train,110,40.0,66606,Palakkad Town - Coimbatore MEMU,true,,07:20,09:10,,,"mon,tue,wed,thu,fri,sat"
MTP,PTJ,train,70,35.5,66611,Mettupalayam - Podanur MEMU,true,,08:20,09:30,,,"sun,mon,tue,wed,thu,fri,sat"
MTP,CBE,train,50,35.0,66613,Mettupalayam - Coimbatore MEMU,true,,10:55,11:45,,,"mon,tue,wed,thu,fri,sat"
GDR,RU,train,115,45.8,67203,Gudur - Renigunta MEMU,true,,14:20,16:15,,,"sun,mon,tue,wed,thu,fri,sat"
RU,NLR,train,210,55.5,67204,Renigunta - Nellore MEMU,true,,08:30,12:00,,,"sun,mon,tue,wed,thu,fri,sat"
TPTY,KPD,train,155,51.2,67205,Tirupati - Katpadi MEMU,true,,06:40,09:15,,,"sun,mon,tue,wed,thu,fri,sat"
KPD,TPTY,train,170,51.2,67206,Katpadi - Tirupati MEMU,true,,06:10,09:00,,,"sun,mon,tue,wed,thu,fri,sat"
TPTY,KPD,train,190,51.2,67207,Tirupati - Katpadi MEMU,true,,10:35,13:45,,,"sun,mon,tue,wed,thu,fri,sat"
TPTY,KPD,train,190,51.2,67209,Tirupati - Katpadi MEMU,true,,19:10,22:20,,,"sun,mon,tue,wed,thu,fri,sat"
KPD,TPTY,train,200,51.2,67210,Katpadi - Tirupati MEMU,true,,19:25,22:45,,,"sun,mon,tue,wed,thu,fri,sat"
BZA,TEL,train,70,35.0,67213,Vijayawada - Tenali MEMU,true,,05:25,06:35,,,"sun,mon,tue,wed,thu,fri,sat"
TEL,BZA,train,60,35.0,67214,Tenali - Vijayawada MEMU,true,,06:55,07:55,,,"sun,mon,tue,wed,thu,fri,sat"
BZA,BDCR,train,310,69.0,67215,Vijayawada - Bhadrachalam Road MEMU,true,,08:15,13:25,,,"sun,mon,tue,wed,thu,fri,sat"
BDCR,BZA,train,320,69.0,67216,Bhadrachalam Road - Vijayawada MEMU,true,,14:15,19:35,,,"sun,mon,tue,wed,thu,fri,sat"
BZA,GDR,train,465,98.5,67225,Vijayawada - Gudur MEMU,true,,16:55,00:40,,,"sun,mon,tue,wed,thu,fri,sat"
GDR,BZA,train,520,98.5,67226,Gudur - Vijayawada MEMU,true,,06:45,15:25,,,"sun,mon,tue,wed,thu,fri,sat"
BZA,MCLA,train,315,65.5,67227,Vijayawada - Macherla MEMU,true,,16:15,21:30,,,"sun,mon,tue,wed,thu,fri,sat"
MCLA,BZA,train,300,65.5,67228,Macherla - Vijayawada MEMU,true,,06:00,11:00,,,"sun,mon,tue,wed,thu,fri,sat"
BZA,GNT,train,80,35.0,67229,Vijayawada - Guntur MEMU,true,,09:40,11:00,,,"sun,mon,tue,wed,thu,fri,sat"
GNT,BZA,train,80,35.0,67230,Guntur - Vijayawada MEMU,true,,16:25,17:45,,,"sun,mon,tue,wed,thu,fri,sat"
GNT,TEL,train,80,35.0,67235,Guntur - Tenali MEMU,true,,21:30,22:50,,,"sun,mon,tue,wed,thu,fri,sat"
NDD,NS,train,170,44.0,67243,Nidadavolu - Narasapur MEMU,true,,08:40,11:30,,,"sun,mon,tue,wed,thu,fri,sat"
NS,GNT,train,375,67.8,67247,Narasapur - Guntur MEMU,true,,13:40,19:55,,,"sun,mon,tue,wed,thu,fri,sat"
GDV,MTM,train,60,35.0,67253,Gudivada - Machilipatnam MEMU,true,,13:10,14:10,,,"sun,mon,tue,wed,thu,fri,sat"
BZA,BTTR,train,390,80.2,67259,Vijayawada - Bitragunta MEMU,true,,13:50,20:20,,,"sun,mon,tue,wed,thu,fri,sat"
MTM,BZA,train,125,45.0,67268,Machilipatnam - Vijayawada MEMU,true,,03:25,05:30,,,"sun,mon,tue,wed,thu,fri,sat"
BZA,BVRM,train,220,52.2,67281,Vijayawada - Bhimavaram Junction MEMU,true,,11:30,15:10,,,"sun,mon,tue,wed,thu,fri,sat"
VZM,VSKP,train,90,40.2,67288,Vizianagaram - Visakhapatnam MEMU,true,,06:00,07:30,,,"sun,mon,tue,wed,thu,fri,sat"
VSKP,PSA,train,316,76.0,67289,Visakhapatnam - Palasa MEMU,true,,07:45,13:01,,,"sun,mon,tue,wed,thu,fri,sat"
CT,SC,train,255,67.2,67760,Chittapur - Secunderabad MEMU,true,,05:15,09:30,,,"sun,mon,tue,wed,thu,fri,sat"
SC,WL,train,220,60.5,67761,Secunderabad - Warangal MEMU,true,,09:35,13:15,,,"sun,mon,tue,wed,thu,fri,sat"
SC,KZJ,train,185,58.0,67763,Secunderabad - Kazipet MEMU,true,,19:00,22:05,,,"sun,mon,tue,wed,thu,fri,sat"
KZJ,SC,train,215,58.0,67764,Kazipet - Secunderabad MEMU,true,,05:35,09:10,,,"sun,mon,tue,wed,thu,fri,sat"
KZJ,DKJ,train,125,48.8,67765,Kazipet - Dornakal MEMU,true,,06:55,09:00,,,"sun,mon,tue,wed,thu,fri,sat"
DKJ,KZJ,train,125,48.8,67766,Dornakal - Kazipet MEMU,true,,21:50,23:55,,,"sun,mon,tue,wed,thu,fri,sat"
DKJ,BZA,train,180,55.5,67767,Dornakal - Vijayawada MEMU,true,,09:10,12:10,,,"sun,mon,tue,wed,thu,fri,sat"
BZA,DKJ,train,200,55.5,67768,Vijayawada - Dornakal MEMU,true,,18:20,21:40,,,"sun,mon,tue,wed,thu,fri,sat"
GNT,BZA,train,80,35.0,67770,Guntur - Vijayawada MEMU,true,,14:10,15:30,,,"sun,mon,tue,wed,thu,fri,sat"
SRUR,KRMR,train,215,60.8,67771,Sirpur Town - Karimnagar MEMU,true,,10:55,14:30,,,"sun,mon,tue,wed,thu,fri,sat"
KRMR,SRUR,train,215,60.8,67772,Karimnagar - Sirpur Town MEMU,true,,08:00,11:35,,,"sun,mon,tue,wed,thu,fri,sat"
KRMR,BDHN,train,320,67.2,67773,Karimnagar - Bodhan MEMU,true,,14:50,20:10,,,"sun,mon,tue,wed,thu,fri,sat"
MRGA,NDKD,train,120,35.0,67777,Miryalaguda - Nadikude MEMU,true,,22:55,00:55,,,"sun,mon,tue,wed,thu,fri,sat"
WADI,KCG,train,310,73.0,67786,Wadi - Kacheguda MEMU,true,,13:10,18:20,,,"sun,mon,tue,wed,thu,fri,sat"
RC,KCG,train,370,80.5,67788,Raichur - Kacheguda MEMU,true,,16:00,22:10,,,"sun,mon,tue,wed,thu,fri,sat"
JER,HWH,train,230,70.5,68002,Jaleswar - Howrah MEMU,true,,06:10,10:00,,,"sun,mon,tue,wed,thu,fri,sat"
TATA,KGP,train,250,58.5,68006,Tatanagar - Kharagpur MEMU,true,,08:40,12:50,,,"sun,mon,tue,wed,thu,fri,sat"
KGP,TATA,train,170,58.5,68011,Kharagpur - Tatanagar MEMU,true,,18:00,20:50,,,"sun,mon,tue,wed,thu,fri,sat"
KGP,TATA,train,160,58.5,68013,Kharagpur - Tatanagar MEMU,true,,05:40,08:20,,,"sun,mon,tue,wed,thu,fri,sat"
TATA,KGP,train,210,58.5,68014,Tatanagar - Kharagpur MEMU,true,,14:15,17:45,,,"sun,mon,tue,wed,thu,fri,sat"
LAD,RNC,train,110,41.8,68018,Lohardaga - Ranchi MEMU,true,,06:55,08:45,,,"sun,mon,tue,wed,thu,fri,sat"
GUA,TATA,train,340,61.8,68020,Gua - Tatanagar MEMU,true,,13:40,19:20,,,"sun,mon,tue,wed,thu,fri,sat"
BLS,KGP,train,185,54.0,68022,Baleshwar - Kharagpur MEMU,true,,12:55,16:00,,,"mon,tue,wed,thu,fri,sat"
CKP,ROU,train,140,50.2,68025,Saranda MEMU,true,,06:20,08:40,,,"sun,mon,tue,wed,thu,fri,sat"
ROU,CKP,train,155,50.2,68026,Saranda MEMU,true,,16:00,18:35,,,"sun,mon,tue,wed,thu,fri,sat"
JSG,ROU,train,150,50.2,68030,Jharsuguda - Rourkela MEMU,true,,09:00,11:30,,,"sun,mon,tue,wed,thu,fri,sat"
ADTP,HTE,train,385,67.0,68035,Adityapur - Hatia MEMU,true,,04:35,11:00,,,"sun,mon,tue,wed,thu,fri,sat"
HTE,ADTP,train,340,66.2,68036,Hatia - Adityapur MEMU,true,,17:55,23:35,,,"sun,mon,tue,wed,thu,fri,sat"
KGP,BLDA,train,70,35.0,68047,Kharagpur - Belda MEMU,true,,21:30,22:40,,,"sun,mon,tue,wed,thu,fri,sat"
ADRA,ASN,train,80,35.5,68061,Adra - Asansol MEMU,true,,03:15,04:35,,,"sun,mon,tue,wed,thu,fri,sat"
ADRA,ASN,train,90,35.5,68067,Adra - Asansol MEMU,true,,08:20,09:50,,,"sun,mon,tue,wed,thu,fri,sat"
ASN,ADRA,train,97,35.5,68068,Asansol - Adra MEMU,true,,20:23,22:00,,,"sun,mon,tue,wed,thu,fri,sat"
ADRA,VSU,train,110,45.8,68082,Adra - Bishnupur MEMU,true,,22:05,23:55,,,"sun,mon,tue,wed,thu,fri,sat"
JGM,KGP,train,63,35.0,68094,Jhargram - Kharagpur MEMU,true,,14:57,16:00,,,"mon,tue,wed,thu,fri,sat"
JRBI,BQA,train,110,42.0,68095,Jayrambati - Bankura MEMU,true,,20:10,22:00,,,"sun,mon,tue,wed,thu,fri,sat"
BQA,JRBI,train,95,42.0,68096,Bankura - Jayrambati MEMU,true,,18:25,20:00,,,"sun,mon,tue,wed,thu,fri,sat"
DGHA,PKU,train,145,106.6,68114,Digha - Panskura EMU,true,,05:45,08:10,,,"sun,mon,tue,wed,thu,fri,sat"
DGHA,PKU,train,150,106.6,68116,Digha - Panskura EMU,true,,06:50,09:20,,,"sun,mon,tue,wed,thu,fri,sat"
KGP,TATA,train,185,58.5,68123,Kharagpur - Tatanagar MEMU,true,,11:45,14:50,,,"sun,mon,tue,wed,thu,fri,sat"
TATA,KGP,train,220,58.5,68124,Tatanagar - Kharagpur MEMU,true,,17:50,21:30,,,"sun,mon,tue,wed,thu,fri,sat"
TATA,CKU,train,125,41.8,68128,Tatanagar - Chakulia MEMU,true,,11:00,13:05,,,"mon,tue,wed,thu,fri,sat"
ROP,BPO,train,65,38.0,68177,Rupsa - Baripada MEMU,true,,09:40,10:45,,,"mon,tue,wed,thu,fri,sat"
BPO,BLS,train,115,42.5,68180,Baripada - Baleshwar MEMU,true,,12:50,14:45,,,"mon,tue,wed,thu,fri,sat"
BPO,BGY,train,45,35.0,68183,Baripada - Bangriposi MEMU,true,,16:35,17:20,,,"sun,mon,tue,wed,thu,fri"
BPO,ROP,train,70,38.0,68184,Baripada - Rupsa MEMU,true,,18:25,19:35,,,"sun,mon,tue,wed,thu,fri"
BLS,BBS,train,305,76.5,68407,Baleshwar - Bhubaneswar MEMU,true,,04:55,10:00,,,"sun,mon,tue,wed,thu,fri,sat"
BAM,BBS,train,225,66.5,68412,Brahmapur - Bhubaneswar MEMU,true,,15:30,19:15,,,"sun,mon,tue,wed,thu,fri,sat"
TLHR,PURI,train,320,75.0,68413,Talcher - Puri MEMU,true,,06:00,11:20,,,"sun,mon,tue,wed,thu,fri,sat"
PSA,BBS,train,330,85.2,68420,Palasa - Bhubaneswar MEMU,true,,07:00,12:30,,,"sun,mon,tue,wed,thu,fri,sat"
ANGL,PURI,train,340,73.5,68421,Angul - Puri Fast MEMU,true,,05:10,10:50,,,"sun,mon,tue,wed,thu,fri,sat"
KUR,KDJR,train,340,83.5,68426,Khurda Road - Kendujhargarh MEMU,true,,16:00,21:40,,,"sun,mon,tue,wed,thu,fri,sat"
GNPR,CTC,train,515,121.0,68434,Gunupur - Cuttack MEMU,true,,02:45,11:20,,,"sun,mon,tue,wed,thu,fri,sat"
BHC,CTC,train,220,54.0,68437,Bhadrak - Cuttack Fast MEMU,true,,15:00,18:40,,,"sun,mon,tue,wed,thu,fri,sat"
PURI,JER,train,500,104.0,68442,Puri - Jaleswar MEMU,true,,12:45,21:05,,,"sun,mon,tue,wed,thu,fri,sat"
CTC,PSA,train,485,92.0,68445,Cuttack - Palasa MEMU,true,,15:40,23:45,,,"sun,mon,tue,wed,thu,fri,sat"
PSA,CTC,train,365,92.0,68446,Palasa - Cuttack MEMU,true,,04:15,10:20,,,"sun,mon,tue,wed,thu,fri,sat"
R,DGG,train,140,49.8,68705,Raipur - Dongargarh MEMU,true,,08:30,10:50,,,"sun,mon,tue,wed,thu,fri,sat"
NITR,BTC,train,225,71.2,68714,NSC Bose Itwari - Balaghat MEMU,true,,10:40,14:25,,,"sun,mon,tue,wed,thu,fri,sat"
R,G,train,255,68.0,68723,Raipur - Gondia MEMU,true,,19:00,23:15,,,"sun,mon,tue,wed,thu,fri,sat"
RIG,BSP,train,190,58.0,68737,Raigarh - Bilaspur MEMU,true,,14:35,17:45,,,"sun,mon,tue,wed,thu,fri,sat"
SDL,ABKP,train,290,78.5,68749,Shahdol - Ambikapur MEMU,true,,12:30,17:20,,,"sun,mon,tue,wed,thu,fri,sat"
ABKP,SDL,train,330,78.5,68750,Ambikapur - Shahdol MEMU,true,,12:30,18:00,,,"sun,mon,tue,wed,thu,fri,sat"
RTK,NITR,train,95,35.0,68755,Ramtek - NSC Bose Itwari MEMU,true,,21:30,23:05,,,"sun,mon,tue,wed,thu,fri,sat"
MDGR,ABKP,train,230,60.5,68757,Manendragarh - Ambikapur MEMU,true,,07:25,11:15,,,"sun,mon,tue,wed,thu,fri,sat"
ABKP,APR,train,230,68.2,68758,Ambikapur - Anuppur MEMU,true,,18:10,22:00,,,"sun,mon,tue,wed,thu,fri,sat"
R,RIM,train,85,38.8,68760,Raipur - Rajim MEMU,true,,09:00,10:25,,,"sun,mon,tue,wed,thu,fri,sat"
RIM,R,train,85,38.8,68761,Rajim - Raipur MEMU,true,,11:20,12:45,,,"sun,mon,tue,wed,thu,fri,sat"
R,RIM,train,90,38.8,68762,Raipur - Rajim MEMU,true,,16:20,17:50,,,"sun,mon,tue,wed,thu,fri,sat"
RIM,R,train,90,38.8,68763,Rajim - Raipur MEMU,true,,18:45,20:15,,,"sun,mon,tue,wed,thu,fri,sat"
R,RIM,train,85,38.8,68766,Raipur - Rajim MEMU,true,,04:45,06:10,,,"sun,mon,tue,wed,thu,fri,sat"
RIM,R,train,85,38.8,68767,Rajim - Raipur MEMU,true,,06:55,08:20,,,"sun,mon,tue,wed,thu,fri,sat"
TRDI,G,train,165,50.8,68810,Tirodi - Gondia MEMU,true,,15:20,18:05,,,"sun,mon,tue,wed,thu,fri,sat"
G,KGE,train,140,46.8,68811,Gondia - Katangi MEMU,true,,18:30,20:50,,,"sun,mon,tue,wed,thu,fri,sat"
G,GGGS,train,400,81.0,68817,Gondia - Garha (Jabalpur) MEMU,true,,06:30,13:10,,,"sun,mon,tue,wed,thu,fri,sat"
GGGS,G,train,435,81.0,68818,Garha (Jabalpur) - Gondia MEMU,true,,13:45,21:00,,,"sun,mon,tue,wed,thu,fri,sat"
VTA,BRC,train,170,48.0,69102,Vatva - Vadodara MEMU,true,,17:15,20:05,,,"sun,mon,tue,wed,thu,fri,sat"
ANND,BRC,train,75,35.0,69104,Anand - Vadodara MEMU,true,,04:20,05:35,,,"sun,mon,tue,wed,thu,fri,sat"
BRC,VTA,train,175,48.0,69107,Vadodara - Vatva MEMU,true,,21:00,23:55,,,"sun,mon,tue,wed,thu,fri,sat"
ST,BRC,train,215,57.5,69109,Surat - Vadodara MEMU,true,,15:55,19:30,,,"sun,mon,tue,wed,thu,fri,sat"
BRC,ST,train,210,57.5,69112,Vadodara - Surat MEMU,true,,05:40,09:10,,,"sun,mon,tue,wed,thu,fri,sat"
VTA,BRC,train,180,48.0,69114,Vatva - Vadodara MEMU,true,,05:45,08:45,,,"sun,mon,tue,wed,thu,fri,sat"
BRC,VTA,train,170,48.0,69115,Vadodara - Vatva MEMU,true,,10:45,13:35,,,"sun,mon,tue,wed,thu,fri,sat"
BRC,DHD,train,190,61.8,69117,Vadodara - Dahod MEMU,true,,14:10,17:20,,,"sun,mon,tue,wed,thu,fri,sat"
GDA,BRC,train,90,43.5,69122,Godhra - Vadodara MEMU,true,,06:00,07:30,,,"sun,mon,tue,wed,thu,fri,sat"
ANND,VTA,train,90,39.0,69129,Anand - Vatva MEMU,true,,05:55,07:25,,,"sun,mon,tue,wed,thu,fri,sat"
ST,VR,train,308,77.0,69140,Surat - Virar MEMU,true,,18:37,23:45,,,"sun,mon,tue,wed,thu,fri,sat"
VR,ST,train,315,77.0,69141,Virar - Surat MEMU,true,,05:15,10:30,,,"sun,mon,tue,wed,thu,fri,sat"
ST,VR,train,360,77.0,69142,Surat - Virar MEMU,true,,17:30,23:30,,,"sun,mon,tue,wed,thu,fri,sat"
ANND,GDA,train,140,44.8,69145,Anand - Godhra MEMU,true,,05:10,07:30,,,"sun,mon,tue,wed,thu,fri,sat"
GDA,ANND,train,135,44.8,69146,Godhra - Anand MEMU,true,,08:30,10:45,,,"sun,mon,tue,wed,thu,fri,sat"
BL,ST,train,100,42.2,69151,Valsad - Surat MEMU,true,,16:00,17:40,,,"sun,mon,tue,wed,thu,fri,sat"
ST,BL,train,150,42.2,69152,Surat - Valsad MEMU,true,,09:15,11:45,,,"sun,mon,tue,wed,thu,fri,sat"
UBR,BL,train,70,38.5,69153,Umargam Road - Valsad MEMU,true,,14:15,15:25,,,"sun,mon,tue,wed,thu,fri,sat"
PNVL,DRD,train,207,59.2,69161,Panvel - Dahanu Road MEMU,true,,19:05,22:32,,,"sun,mon,tue,wed,thu,fri,sat"
ST,NDB,train,275,65.2,69169,Surat - Nandurbar MEMU,true,,18:10,22:45,,,"sun,mon,tue,wed,thu,fri,sat"
BH,ST,train,105,39.8,69172,Bharuch - Surat MEMU,true,,06:50,08:35,,,"sun,mon,tue,wed,thu,fri,sat"
VR,DRD,train,85,41.0,69173,Virar - Dahanu Road MEMU,true,,22:50,00:15,,,"sun,mon,tue,wed,thu,fri,sat"
UDN,NDB,train,245,64.2,69177,Udhna - Nandurbar MEMU,true,,07:50,11:55,,,"sun,mon,tue,wed,thu,fri,sat"
DHD,RTM,train,130,53.5,69181,Dahod - Ratlam MEMU,true,,17:30,19:40,,,"sun,mon,tue,wed,thu,fri,sat"
DHD,RTM,train,165,53.5,69187,Dahod - Ratlam MEMU,true,,22:20,01:05,,,"sun,mon,tue,wed,thu,fri,sat"
GNC,VTDI,train,160,54.2,69207,Gandhinagar Capital - Varetha MEMU,true,,17:50,20:30,,,"sun,mon,tue,wed,thu,fri"
DHD,BRC,train,205,61.8,69234,Dahod - Vadodara MEMU,true,,16:30,19:55,,,"sun,mon,tue,wed,thu,fri,sat"
ASV,COR,train,670,127.5,69243,Asarva - Chittaurgarh MEMU,true,,09:50,21:00,,,"sun,mon,tue,wed,thu,fri,sat"
COR,ASV,train,620,127.5,69244,Chittaurgarh - Asarva MEMU,true,,08:35,18:55,,,"sun,mon,tue,wed,thu,fri,sat"
SBIB,KTRD,train,75,39.5,69249,Sabarmati - Katosan Road MEMU,true,,17:20,18:35,,,"sun,mon,tue,wed,thu,fri"
KTRD,SBIB,train,90,39.5,69250,Katosan Road - Sabarmati MEMU,true,,08:50,10:20,,,"sun,mon,tue,wed,thu,fri"
PUNE,PLLD,train,195,54.5,71415,Pune - Phaltan DEMU,true,,06:10,09:25,,,"mon,tue,wed,thu,fri,sat"
PLLD,PUNE,train,195,54.5,71416,Phaltan - Pune DEMU,true,,19:30,22:45,,,"mon,tue,wed,thu,fri,sat"
LNN,PLLD,train,75,35.0,71417,Lonand - Phaltan DEMU,true,,18:00,19:15,,,"mon,tue,wed,thu,fri,sat"
PLLD,LNN,train,75,35.0,71418,Phaltan - Lonand DEMU,true,,09:40,10:55,,,"mon,tue,wed,thu,fri,sat"
ANG,BEED,train,285,66.8,71441,Ahilyanagar - Beed DEMU,true,,07:45,12:30,,,"mon,tue,wed,thu,fri,sat"
BEED,ANG,train,285,66.8,71442,Beed - Ahilyanagar DEMU,true,,13:00,17:45,,,"mon,tue,wed,thu,fri,sat"
GODA,HSDA,train,45,35.0,73411,Godda - Hansdiha DEMU,true,,17:15,18:00,,,"sun,mon,tue,wed,thu,fri,sat"
KIUL,JMP,train,105,36.2,73422,Kiul - Jamalpur DEMU,true,,09:05,10:50,,,"sun,mon,tue,wed,thu,fri,sat"
KIUL,JMP,train,105,36.2,73428,Kiul - Jamalpur DEMU,true,,05:10,06:55,,,"sun,mon,tue,wed,thu,fri,sat"
BGP,JMP,train,160,38.2,73429,Bhagalpur - Jamalpur DEMU,true,,13:05,15:45,,,"sun,mon,tue,wed,thu,fri,sat"
HSDA,BGP,train,143,43.5,73441,Hansdiha - Bhagalpur DEMU,true,,10:20,12:43,,,"sun,mon,tue,wed,thu,fri,sat"
BGP,HSDA,train,170,43.5,73444,Bhagalpur - Hansdiha DEMU,true,,13:30,16:20,,,"sun,mon,tue,wed,thu,fri,sat"
HSDA,BGP,train,140,43.5,73445,Hansdiha - Bhagalpur DEMU,true,,22:50,01:10,,,"sun,mon,tue,wed,thu,fri,sat"
BGP,HSDA,train,130,43.5,73446,Bhagalpur - Hansdiha DEMU,true,,20:30,22:40,,,"sun,mon,tue,wed,thu,fri,sat"
BGP,BAKA,train,113,38.2,73448,Bhagalpur - Banka DEMU,true,,17:02,18:55,,,"sun,mon,tue,wed,thu,fri,sat"
BAKA,BGP,train,115,38.2,73449,Banka - Bhagalpur DEMU,true,,10:15,12:10,,,"sun,mon,tue,wed,thu,fri,sat"
JMP,MSK,train,73,36.5,73462,Jamalpur - Maheshkhunt DEMU,true,,09:32,10:45,,,"sun,mon,tue,wed,thu,fri,sat"
DUMK,GODA,train,120,43.5,73491,Dumka - Godda DEMU,true,,14:25,16:25,,,"sun,mon,tue,wed,thu,fri,sat"
GODA,DUMK,train,130,43.5,73492,Godda - Dumka DEMU,true,,16:40,18:50,,,"sun,mon,tue,wed,thu,fri,sat"
GODA,DUMK,train,115,43.5,73494,Godda - Dumka DEMU,true,,20:45,22:40,,,"sun,mon,tue,wed,thu,fri,sat"
DLI,RE,train,145,45.5,74003,Delhi - Rewari DEMU,true,,13:45,16:10,,,"sun,mon,tue,wed,thu,fri,sat"
SRE,DLI,train,305,66.2,74024,Saharanpur - Delhi DEMU (Via Shamli),true,,13:00,18:05,,,"sun,mon,tue,wed,thu,fri,sat"
SNP,JIND,train,130,47.2,74029,Sonipat - Jind DEMU,true,,09:50,12:00,,,"mon,tue,wed,thu,fri,sat"
JIND,SNP,train,150,47.2,74030,Jind - Sonipat DEMU,true,,06:15,08:45,,,"mon,tue,wed,thu,fri,sat"
DEE,FN,train,100,37.0,74033,Delhi Sarai Rohilla - Farrukh Nagar DEMU,true,,09:15,10:55,,,"mon,tue,wed,thu,fri,sat"
FN,DEE,train,105,37.0,74036,Farrukh Nagar - Delhi Sarai Rohilla DEMU,true,,16:05,17:50,,,"mon,tue,wed,thu,fri,sat"
DEE,FN,train,105,37.0,74037,Delhi Sarai Rohilla - Farrukh Nagar DEMU,true,,18:45,20:30,,,"mon,tue,wed,thu,fri,sat"
SHTS,MB,train,140,36.8,74303,Sambhal Hatim Sarai - Moradabad DEMU,true,,18:25,20:45,,,"sun,mon,tue,wed,thu,fri"
BRML,BAHL,train,240,58.8,74614,Baramula - Banihal DEMU,true,,07:50,11:50,,,"sun,mon,tue,wed,thu,fri,sat"
BAHL,BRML,train,195,58.8,74615,Banihal - Baramula DEMU,true,,10:50,14:05,,,"sun,mon,tue,wed,thu,fri,sat"
BAHL,BDGM,train,135,47.5,74617,Banihal - Badgam DEMU,true,,16:20,18:35,,,"sun,mon,tue,wed,thu,fri,sat"
BRML,BDGM,train,85,36.2,74618,Baramula - Badgam DEMU,true,,10:30,11:55,,,"sun,mon,tue,wed,thu,fri,sat"
BRML,BAHL,train,220,58.8,74626,Baramula - Banihal DEMU,true,,07:00,10:40,,,"sun,mon,tue,wed,thu,fri,sat"
BDGM,BAHL,train,140,47.5,74628,Badgam - Banihal DEMU,true,,17:10,19:30,,,"sun,mon,tue,wed,thu,fri,sat"
BRML,BDGM,train,55,36.2,74632,Baramula - Badgam DEMU,true,,15:45,16:40,,,"sun,mon,tue,wed,thu,fri,sat"
UMB,JUC,train,380,78.5,74645,Ambala Cantt - Jalandhar City DEMU (via Chandigarh),true,,16:15,22:35,,,"sun,mon,tue,wed,thu,fri,sat"
DBNK,ASR,train,100,38.5,74658,Dera Baba Nanak - Amritsar DEMU,true,,19:30,21:10,,,"sun,mon,tue,wed,thu,fri,sat"
ASR,PTK,train,185,51.8,74671,Amritsar - Pathankot DEMU,true,,13:10,16:15,,,"sun,mon,tue,wed,thu,fri,sat"
PTK,ASR,train,170,51.8,74672,Pathankot - Amritsar DEMU,true,,04:30,07:20,,,"sun,mon,tue,wed,thu,fri,sat"
VKA,PTK,train,180,49.8,74673,Verka - Pathankot DEMU,true,,15:00,18:00,,,"sun,mon,tue,wed,thu,fri,sat"
PTK,VKA,train,150,49.8,74674,Pathankot - Verka DEMU,true,,12:10,14:40,,,"sun,mon,tue,wed,thu,fri,sat"
ASR,PTK,train,160,51.8,74675,Amritsar - Pathankot DEMU,true,,20:35,23:15,,,"sun,mon,tue,wed,thu,fri,sat"
PTK,ASR,train,155,51.8,74676,Pathankot - Amritsar DEMU,true,,19:00,21:35,,,"sun,mon,tue,wed,thu,fri,sat"
QDN,ASR,train,100,39.5,74692,Qadian - Amritsar DEMU,true,,16:25,18:05,,,"sun,mon,tue,wed,thu,fri,sat"
BKN,CUR,train,255,70.0,74831,Bikaner - Churu DEMU,true,,10:00,14:15,,,"sun,mon,tue,wed,thu,fri,sat"
CUR,BKN,train,235,70.0,74832,Churu - Bikaner DEMU,true,,13:25,17:20,,,"sun,mon,tue,wed,thu,fri,sat"
BGKT,BME,train,330,76.2,74839,Bhagat Ki Kothi - Barmer DEMU,true,,15:00,20:30,,,"sun,mon,tue,wed,thu,fri,sat"
BGKT,BLDI,train,435,100.0,74841,Bhagat Ki Kothi - Bhildi DEMU,true,,07:00,14:15,,,"sun,mon,tue,wed,thu,fri,sat"
BLDI,BGKT,train,455,100.0,74842,Bhildi - Bhagat Ki Kothi DEMU,true,,15:10,22:45,,,"sun,mon,tue,wed,thu,fri,sat"
JSM,BGKT,train,425,100.8,74843,Jaisalmer - Bhagat Ki Kothi DEMU,true,,06:55,14:00,,,"sun,mon,tue,wed,thu,fri,sat"
BGKT,JSM,train,450,100.8,74844,Bhagat Ki Kothi - Jaisalmer DEMU,true,,13:30,21:00,,,"sun,mon,tue,wed,thu,fri,sat"
BKN,RTGH,train,195,59.2,74855,Bikaner - Ratangarh DEMU,true,,03:45,07:00,,,"sun,mon,tue,wed,thu,fri,sat"
RTGH,BKN,train,195,59.2,74856,Ratangarh - Bikaner DEMU,true,,21:25,00:40,,,"sun,mon,tue,wed,thu,fri,sat"
JP,CUR,train,295,75.2,74861,Jaipur - Churu DEMU,true,,16:40,21:35,,,"sun,mon,tue,wed,thu,fri,sat"
JUC,PTK,train,200,54.0,74901,Jalandhar City - Pathankot DEMU,true,,09:20,12:40,,,"sun,mon,tue,wed,thu,fri,sat"
MCTM,PTK,train,240,63.2,74906,MCTM Udhampur - Pathankot DEMU,true,,07:35,11:35,,,"sun,mon,tue,wed,thu,fri,sat"
PTK,MCTM,train,255,63.2,74909,Pathankot - MCTM Udhampur DEMU,true,,05:30,09:45,,,"sun,mon,tue,wed,thu,fri,sat"
HSX,JUC,train,65,35.8,74913,Hoshiarpur - Jalandhar City DEMU,true,,08:05,09:10,,,"sun,mon,tue,wed,thu,fri,sat"
JUC,HSX,train,60,35.8,74914,Jalandhar City - Hoshiarpur DEMU,true,,06:50,07:50,,,"sun,mon,tue,wed,thu,fri,sat"
HSX,JUC,train,65,35.8,74915,Hoshiarpur - Jalandhar City DEMU,true,,15:05,16:10,,,"sun,mon,tue,wed,thu,fri,sat"
HSX,JUC,train,65,35.8,74917,Hoshiarpur - Jalandhar City DEMU,true,,17:55,19:00,,,"sun,mon,tue,wed,thu,fri,sat"
HSX,JUC,train,65,35.8,74919,Hoshiarpur - Jalandhar City DEMU,true,,20:50,21:55,,,"sun,mon,tue,wed,thu,fri,sat"
HSX,JUC,train,60,35.8,74923,Hoshiarpur - Jalandhar City DEMU,true,,05:00,06:00,,,"sun,mon,tue,wed,thu,fri,sat"
JUC,HSX,train,60,35.8,74924,Jalandhar City - Hoshiarpur DEMU,true,,13:45,14:45,,,"sun,mon,tue,wed,thu,fri,sat"
JUC,FZR,train,180,54.2,74935,Jalandhar City - Firozpur Cantt DEMU,true,,08:20,11:20,,,"sun,mon,tue,wed,thu,fri,sat"
FZR,JUC,train,180,54.2,74936,Firozpur Cantt - Jalandhar City DEMU,true,,13:20,16:20,,,"sun,mon,tue,wed,thu,fri,sat"
JUC,FZR,train,190,54.2,74937,Jalandhar City - Firozpur Cantt DEMU,true,,17:25,20:35,,,"sun,mon,tue,wed,thu,fri,sat"
JUC,FZR,train,148,54.2,74939,Jalandhar City - Firozpur Cantt DEMU,true,,21:30,23:58,,,"sun,mon,tue,wed,thu,fri,sat"
JJJ,PGW,train,195,45.2,74951,Jaijon Doaba - Phagwara Passenger (UnReserved),true,,13:45,17:00,,,"mon,tue,wed,fri,sat"
PGW,JJJ,train,180,45.2,74954,Phagwara - Jaijon Doaba Passenger (UnReserved),true,,10:20,13:20,,,"mon,tue,wed,fri,sat"
LDH,FZR,train,180,56.0,74961,Ludhiana - Firozpur Cantt DEMU,true,,05:35,08:35,,,"sun,mon,tue,wed,thu,fri,sat"
FZR,LDH,train,185,56.0,74962,Firozpur Cantt - Ludhiana DEMU,true,,09:00,12:05,,,"sun,mon,tue,wed,thu,fri,sat"
LDH,FZR,train,195,56.0,74963,Ludhiana - Firozpur Cantt DEMU,true,,13:45,17:00,,,"sun,mon,tue,wed,thu,fri,sat"
FZR,LDH,train,195,56.0,74964,Firozpur Cantt - Ludhiana DEMU,true,,18:20,21:35,,,"sun,mon,tue,wed,thu,fri,sat"
LDH,LNK,train,130,44.2,74967,Ludhiana - Lohian Khas DEMU,true,,10:10,12:20,,,"sun,mon,tue,wed,thu,fri,sat"
LNK,LDH,train,145,44.2,74970,Lohian Khas - Ludhiana DEMU,true,,19:00,21:25,,,"sun,mon,tue,wed,thu,fri,sat"
FKA,FZR,train,145,47.0,74972,Fazilka - Firozpur Cantt DEMU,true,,06:20,08:45,,,"sun,mon,tue,wed,thu,fri,sat"
FKA,KKP,train,105,45.0,74984,Fazilka - Kot Kapura DEMU,true,,20:10,21:55,,,"sun,mon,tue,wed,thu,fri,sat"
BTI,FKA,train,210,55.8,74985,Bathinda - Fazilka DEMU,true,,06:40,10:10,,,"sun,mon,tue,wed,thu,fri,sat"
FKA,BTI,train,185,55.8,74988,Fazilka - Bathinda DEMU,true,,16:15,19:20,,,"sun,mon,tue,wed,thu,fri,sat"
UMB,DLPC,train,410,82.2,74991,Ambala Cantt. - Daulatpur Chowk DEMU,true,,13:40,20:30,,,"sun,mon,tue,wed,thu,fri,sat"
DLPC,UMB,train,335,82.2,74992,Daulatpur Chowk - Ambala Cantt DEMU,true,,06:20,11:55,,,"sun,mon,tue,wed,thu,fri,sat"
THE,JEA,train,305,60.8,75105,Thawe - Nakaha Jungle DEMU,true,,08:55,14:00,,,"sun,mon,tue,wed,thu,fri,sat"
GKP,THE,train,310,59.2,75106,Gorakhpur - Thawe DEMU,true,,19:05,00:15,,,"sun,mon,tue,wed,thu,fri,sat"
JEA,GD,train,370,79.0,75107,Nakaha Jungle - Gonda DEMU,true,,15:40,21:50,,,"sun,mon,tue,wed,thu,fri,sat"
GKP,BNY,train,220,53.2,75117,Gorakhpur - Barhni DEMU,true,,09:20,13:00,,,"sun,mon,tue,wed,thu,fri,sat"
SPJ,SEE,train,283,52.8,75211,Samastipur - Sonpur DEMU,true,,19:15,23:58,,,"sun,mon,tue,wed,thu,fri,sat"
SEE,SPJ,train,275,52.8,75212,Sonpur - Samastipur DEMU,true,,04:05,08:40,,,"sun,mon,tue,wed,thu,fri,sat"
MAI,RXL,train,235,47.5,75214,Mehsi - Raxaul DEMU,true,,15:05,19:00,,,"sun,mon,tue,wed,thu,fri,sat"
SEE,DEIA,train,170,42.2,75220,Sonpur - Deoria DEMU,true,,07:25,10:15,,,"sun,mon,tue,wed,thu,fri,sat"
DEIA,SEE,train,170,42.2,75221,Deoria - Sonpur DEMU,true,,15:10,18:00,,,"sun,mon,tue,wed,thu,fri,sat"
SEE,DEIA,train,150,42.2,75222,Sonpur - Deoria DEMU,true,,12:15,14:45,,,"sun,mon,tue,wed,thu,fri,sat"
PRNC,SHC,train,180,48.5,75225,Purnia Court - Saharsa DEMU,true,,03:00,06:00,,,"sun,mon,tue,wed,thu,fri,sat"
RXL,DBG,train,310,62.5,75230,Raxaul - Darbhanga DEMU,true,,10:30,15:40,,,"sun,mon,tue,wed,thu,fri,sat"
NKE,RXL,train,150,47.2,75236,Narkatiaganj - Raxaul DEMU,true,,07:35,10:05,,,"sun,mon,tue,wed,thu,fri,sat"
BJU,SEE,train,230,48.2,75245,Barauni - Sonpur DEMU,true,,21:00,00:50,,,"sun,mon,tue,wed,thu,fri,sat"
SHC,PRNA,train,185,49.8,75258,Saharsa - Purnea DEMU,true,,06:55,10:00,,,"sun,mon,tue,wed,thu,fri,sat"
PRNA,SHC,train,195,49.8,75259,Purnea - Saharsa DEMU,true,,21:15,00:30,,,"sun,mon,tue,wed,thu,fri,sat"
PRNA,SHC,train,190,49.8,75261,Purnea - Saharsa DEMU,true,,06:00,09:10,,,"sun,mon,tue,wed,thu,fri,sat"
SEE,CPR,train,120,38.5,75267,Sonpur - Chhapra DEMU,true,,07:10,09:10,,,"sun,mon,tue,wed,thu,fri,sat"
SPJ,SHC,train,353,59.2,75288,Samastipur - Saharsa DEMU,true,,18:05,23:58,,,"sun,mon,tue,wed,thu,fri,sat"
IZN,TPU,train,210,53.2,75301,Izzatnagar - Tanakpur DEMU,true,,07:25,10:55,,,"sun,mon,tue,wed,thu,fri,sat"
TPU,BC,train,245,54.5,75302,Tanakpur - Bareilly City DEMU,true,,14:55,19:00,,,"sun,mon,tue,wed,thu,fri,sat"
BC,PBE,train,115,39.0,75303,Bareilly City - Pilibhit DEMU,true,,17:30,19:25,,,"sun,mon,tue,wed,thu,fri,sat"
PBE,IZN,train,100,37.8,75304,Pilibhit - Izzatnagar DEMU,true,,21:10,22:50,,,"sun,mon,tue,wed,thu,fri,sat"
TSK,LMG,train,685,210.0,75602,Tinsukia - Lumding DEMU Express (UnReserved),true,,07:40,19:05,,,"sun,mon,tue,wed,thu,fri,sat"
AGTL,KXJ,train,390,76.0,75679,Agartala - Karimganj DEMU,true,,07:20,13:50,,,"sun,mon,tue,wed,thu,fri,sat"
RDP,SGUJ,train,330,155.3,75705,Radhikapur - Siliguri DEMU Intercity Express (UnReserved),true,,17:30,23:00,,,"sun,mon,tue,wed,thu,fri,sat"
SGUJ,RDP,train,295,155.3,75706,Siliguri - Radhikapur DEMU Intercity Express (UnReserved),true,,06:00,10:55,,,"sun,mon,tue,wed,thu,fri,sat"
RDP,SGUJ,train,370,79.5,75707,Radhikapur - Siliguri DEMU,true,,06:30,12:40,,,"sun,mon,tue,wed,thu,fri,sat"
NJP,HDB,train,105,39.2,75709,New Jalpaiguri - Haldibari DEMU,true,,09:00,10:45,,,"sun,mon,tue,wed,thu,fri,sat"
HDB,NJP,train,120,39.2,75710,Haldibari - New Jalpaiguri DEMU,true,,11:35,13:35,,,"sun,mon,tue,wed,thu,fri,sat"
NJP,HDB,train,105,39.2,75711,New Jalpaiguri - Haldibari DEMU,true,,14:30,16:15,,,"sun,mon,tue,wed,thu,fri,sat"
HDB,NJP,train,105,39.2,75712,Haldibari - New Jalpaiguri DEMU,true,,17:15,19:00,,,"sun,mon,tue,wed,thu,fri,sat"
SGUJ,BXT,train,370,82.5,75713,Siliguri - Bamanhat DEMU,true,,16:05,22:15,,,"sun,mon,tue,wed,thu,fri"
SGUJ,MLFC,train,465,88.5,75720,Siliguri - Malda Court DEMU,true,,10:30,18:15,,,"sun,mon,tue,wed,thu,fri,sat"
NBQ,GHY,train,300,70.5,75723,New Bongaigaon - Guwahati DEMU,true,,05:10,10:10,,,"sun,mon,tue,wed,thu,fri,sat"
GHY,NBQ,train,320,70.5,75724,Guwahati - New Bongaigaon DEMU,true,,17:15,22:35,,,"sun,mon,tue,wed,thu,fri,sat"
GHY,HBN,train,155,54.0,75727,Guwahati - Haibargaon DEMU,true,,10:25,13:00,,,"sun,mon,tue,wed,thu,fri,sat"
HBN,GHY,train,180,54.0,75728,Haibargaon - Guwahati DEMU,true,,13:25,16:25,,,"sun,mon,tue,wed,thu,fri,sat"
GHY,SHTT,train,280,68.0,75729,Guwahati - Silghat Town DEMU,true,,16:30,21:10,,,"sun,mon,tue,wed,thu,fri,sat"
SHTT,GHY,train,285,68.0,75730,Silghat Town - Guwahati DEMU,true,,06:00,10:45,,,"sun,mon,tue,wed,thu,fri,sat"
SGUJ,DBB,train,420,175.1,75741,Siliguri - Dhubri DEMU InterCity Express (UnReserved),true,,05:00,12:00,,,"sun,mon,tue,wed,thu,fri,sat"
DBB,SGUJ,train,520,175.1,75742,Dhubri - Siliguri DEMU InterCity Express (UnReserved),true,,12:20,21:00,,,"sun,mon,tue,wed,thu,fri,sat"
SGUJ,KIR,train,360,75.8,75744,Siliguri - Katihar DEMU,true,,04:00,10:00,,,"sun,mon,tue,wed,thu,fri,sat"
KIR,JBN,train,210,52.0,75745,Katihar - Jogbani DEMU,true,,12:15,15:45,,,"sun,mon,tue,wed,thu,fri,sat"
JBN,KIR,train,205,52.0,75746,Jogbani - Katihar DEMU,true,,16:35,20:00,,,"sun,mon,tue,wed,thu,fri,sat"
KIR,JBN,train,195,52.0,75753,Katihar - Jogbani DEMU,true,,06:30,09:45,,,"sun,mon,tue,wed,thu,fri,sat"
JBN,KIR,train,185,52.0,75754,Jogbani - Katihar DEMU,true,,10:15,13:20,,,"sun,mon,tue,wed,thu,fri,sat"
KIR,JBN,train,180,52.0,75755,Katihar - Jogbani DEMU,true,,14:45,17:45,,,"sun,mon,tue,wed,thu,fri,sat"
JBN,KIR,train,175,52.0,75758,Jogbani - Katihar DEMU,true,,07:15,10:10,,,"sun,mon,tue,wed,thu,fri,sat"
KIR,JBN,train,180,52.0,75759,Katihar - Jogbani DEMU,true,,10:45,13:45,,,"sun,mon,tue,wed,thu,fri,sat"
JBN,KIR,train,190,52.0,75760,Jogbani - Katihar DEMU,true,,14:15,17:25,,,"sun,mon,tue,wed,thu,fri,sat"
JBN,KIR,train,195,52.0,75762,Jogbani - Katihar DEMU,true,,04:15,07:30,,,"sun,mon,tue,wed,thu,fri,sat"
TDPR,TPJ,train,310,71.2,76811,Tirupadripulyur - Tiruchchirappalli DEMU,true,,05:55,11:05,,,"sun,mon,tue,wed,thu,fri,sat"
TPJ,TDPR,train,305,71.2,76812,Tiruchchirappalli - Tirupadripulyur DEMU,true,,15:45,20:50,,,"sun,mon,tue,wed,thu,fri,sat"
CUPJ,SA,train,265,74.2,76813,Cuddalore Port - Salem DEMU,true,,04:45,09:10,,,"sun,mon,tue,wed,thu,fri,sat"
SA,CUPJ,train,270,74.2,76814,Salem - Cuddalore Port DEMU,true,,18:20,22:50,,,"sun,mon,tue,wed,thu,fri,sat"
TPJ,KIK,train,300,61.2,76820,Tiruchchirappalli - Karaikal DEMU,true,,08:40,13:40,,,"sun,mon,tue,wed,thu,fri,sat"
KRR,SA,train,95,46.2,76824,Karur - Salem Passenger (UnReserved),true,,20:05,21:40,,,"sun,mon,tue,wed,thu,fri"
KIK,TPJ,train,285,61.2,76825,Karaikal - Tiruchchirappalli DEMU,true,,06:35,11:20,,,"sun,mon,tue,wed,thu,fri,sat"
TPJ,KIK,train,275,61.2,76826,Tiruchchirappalli - Karaikal DEMU,true,,16:45,21:20,,,"sun,mon,tue,wed,thu,fri,sat"
TVR,PKT,train,100,44.0,76831,Thiruvarur - Pattukottai DEMU Passenger,true,,08:30,10:10,,,"mon,tue,wed,thu,fri"
PKT,TVR,train,100,44.0,76832,Pattukottai - Thiruvarur DEMU Passenger,true,,17:30,19:10,,,"mon,tue,wed,thu,fri"
TPJ,DG,train,150,48.5,76835,Tiruchchirappalli - Dindigul DEMU,true,,18:35,21:05,,,"sun,mon,tue,wed,thu,fri,sat"
GTL,RC,train,180,55.5,77201,Guntakal - Raichur DEMU,true,,18:50,21:50,,,"sun,mon,tue,wed,thu,fri,sat"
NDL,RU,train,390,97.0,77211,Nandyal - Renigunta DEMU,true,,06:00,12:30,,,"sun,mon,tue,wed,thu,fri,sat"
RU,NDL,train,420,97.0,77212,Renigunta - Nandyal DEMU,true,,13:45,20:45,,,"sun,mon,tue,wed,thu,fri,sat"
GTL,HUP,train,300,74.5,77213,Guntakal - Hindupur DEMU,true,,16:00,21:00,,,"sun,mon,tue,wed,thu,fri,sat"
HUP,GTL,train,310,74.5,77214,Hindupur - Guntakal DEMU,true,,06:30,11:40,,,"sun,mon,tue,wed,thu,fri,sat"
KCG,MDAK,train,210,51.0,77603,Kacheguda - Medak DEMU,true,,19:10,22:40,,,"sun,mon,tue,wed,thu,fri,sat"
KCG,PAU,train,595,101.8,77605,Kacheguda - Purna DEMU,true,,13:10,23:05,,,"sun,mon,tue,wed,thu,fri,sat"
PAU,AK,train,330,77.0,77613,Purna - Akola DEMU,true,,07:00,12:30,,,"sun,mon,tue,wed,thu,fri,sat"
AK,PRLI,train,485,100.0,77614,Akola - Parli Vaijnath DEMU,true,,14:20,22:25,,,"sun,mon,tue,wed,thu,fri,sat"
PRLI,ADB,train,480,101.8,77615,Parli Vaijnath - Adilabad DEMU,true,,04:40,12:40,,,"sun,mon,tue,wed,thu,fri,sat"
J,NSL,train,210,62.8,77619,Jalna - Nagarsol DEMU,true,,05:50,09:20,,,"mon,tue,thu"
NSL,J,train,190,62.8,77620,Nagarsol - Jalna DEMU,true,,18:30,21:40,,,"mon,tue,thu"
J,NSL,train,210,62.8,77621,Jalna - Nagarsol DEMU,true,,05:50,09:20,,,"sun,wed,fri,sat"
NSL,J,train,190,62.8,77622,Nagarsol - Jalna DEMU,true,,18:30,21:40,,,"sun,wed,fri,sat"
BIDR,KLBG,train,180,56.2,77631,Bidar - Kalaburagi (Gulbarga) DEMU,true,,07:10,10:10,,,"mon,tue,wed,thu,fri,sat"
KLBG,BIDR,train,175,56.2,77632,Kalaburagi (Gulbarga) - Bidar DEMU,true,,10:50,13:45,,,"mon,tue,wed,thu,fri,sat"
BIDR,KLBG,train,185,56.2,77633,Bidar - Kalaburagi DEMU,true,,14:15,17:20,,,"mon,tue,wed,thu,fri,sat"
KLBG,BIDR,train,165,56.2,77634,Kalaburagi - Bidar DEMU,true,,17:55,20:40,,,"mon,tue,wed,thu,fri,sat"
BIDR,KLBG,train,180,56.2,77635,Bidar - Kalaburagi DEMU,true,,10:20,13:20,,,"mon,tue,wed,thu,fri,sat"
KLBG,BIDR,train,180,56.2,77636,Kalaburagi (Gulbarga) - Bidar DEMU,true,,13:35,16:35,,,"mon,tue,wed,thu,fri,sat"
KLBG,BIDR,train,155,56.2,77638,Kalaburagi - Bidar DEMU,true,,07:30,10:05,,,"mon,tue,wed,thu,fri,sat"
KCG,NZB,train,295,66.5,77643,Kacheguda - Nizamabad DEMU,true,,18:55,23:50,,,"sun,mon,tue,wed,thu,fri,sat"
KCG,KRMR,train,510,102.2,77649,Kacheguda - Karimnagar DEMU,true,,05:30,14:00,,,"sun,mon,tue,wed,thu,fri,sat"
KRMR,KCG,train,545,102.2,77650,Karimnagar - Kacheguda DEMU,true,,14:20,23:25,,,"sun,mon,tue,wed,thu,fri,sat"
SC,SIPT,train,205,53.8,77653,Secunderabad - Siddipet DEMU,true,,10:35,14:00,,,"sun,mon,tue,thu,fri,sat"
SIPT,SC,train,195,54.0,77654,Siddipet - Secunderabad DEMU,true,,14:20,17:35,,,"sun,mon,tue,thu,fri,sat"
SC,SIPT,train,200,53.8,77655,Secunderabad - Siddipet DEMU,true,,17:50,21:10,,,"sun,mon,tue,thu,fri,sat"
SIPT,SC,train,210,54.0,77656,Siddipet - Secunderabad DEMU,true,,06:45,10:15,,,"sun,mon,tue,wed,fri,sat"
RTM,COR,train,240,72.0,79303,Ratlam - Chittaurgarh DEMU,true,,09:45,13:45,,,"sun,mon,tue,wed,thu,fri,sat"
COR,RTM,train,245,72.0,79304,Chittaurgarh - Ratlam DEMU,true,,14:20,18:25,,,"sun,mon,tue,wed,thu,fri,sat"
SBIB,MSH,train,78,40.8,79431,Sabarmati - Mahesana DEMU,true,,17:10,18:28,,,"sun,mon,tue,wed,thu,fri,sat"
SBIB,PTN,train,170,50.8,79433,Sabarmati - Patan DEMU,true,,18:30,21:20,,,"sun,mon,tue,wed,thu,fri,sat"
SBIB,PTN,train,145,50.8,79435,Sabarmati - Patan DEMU,true,,09:00,11:25,,,"mon,tue,wed,thu,fri,sat"
PTN,SBIB,train,150,50.8,79436,Patan - Sabarmati DEMU,true,,12:15,14:45,,,"mon,tue,wed,thu,fri,sat"
MSH,ABR,train,165,54.8,79437,Mahesana - Abu Road DEMU,true,,18:30,21:15,,,"sun,mon,tue,wed,thu,fri,sat"
PRTN,KTNA,train,265,42.5,79439,Pratapnagar - Kathana DEMU,true,,16:35,21:00,,,"sun,mon,tue,wed,thu,fri"
KTNA,PRTN,train,275,42.5,79440,Kathana - Pratapnagar DEMU,true,,05:15,09:50,,,"sun,mon,tue,wed,thu,fri"
SUNR,DHG,train,60,35.0,79457,Surendranagar - Dhrangadhra DEMU,true,,05:00,06:00,05-12,,"sun,mon,tue,wed,thu,fri,sat"
DHG,BTD,train,170,53.0,79460,Dhrangadhra - Botad DEMU,true,,06:20,09:10,,,"sun,mon,tue,wed,thu,fri,sat"
LJN,NDLS,train,390,295.8,82501,Lucknow Jn. - New Delhi IRCTC Tejas Express,true,,06:10,12:40,,,"sun,mon,wed,thu,fri,sat"
NDLS,LJN,train,395,295.8,82502,New Delhi - Lucknow Jn. IRCTC Tejas Express,true,,15:30,22:05,,,"sun,mon,wed,thu,fri,sat"
MMCT,ADI,train,395,286.6,82901,Mumbai Central - Ahmedabad IRCTC Tejas Express,true,,15:55,22:30,,,"sun,mon,tue,wed,fri,sat"
ADI,MMCT,train,405,286.6,82902,Ahmedabad - Mumbai Central IRCTC Tejas Express,true,,06:35,13:20,,,"sun,mon,tue,wed,fri,sat"
DRD,CCG,train,150,109.5,93002,Dahanu Road - Churchgate Fast Local,true,,04:35,07:05,,,"sun,mon,tue,wed,thu,fri,sat"
VR,DRD,train,71,80.7,93039,Virar - Dahanu Road Slow Local,true,,21:05,22:16,,,"sun,mon,tue,wed,thu,fri,sat"
ADI,BHUJ,train,345,222.3,94801,Ahmedabad - Bhuj Namo Bharat Rapid Rail,true,,17:25,23:10,,,"sun,mon,tue,wed,thu,fri"
BHUJ,ADI,train,335,222.3,94802,Bhuj - Ahmedabad Namo Bharat Rapid Rail,true,,05:15,10:50,,,"mon,tue,wed,thu,fri,sat"
JYG,PNBE,train,340,177.7,94803,Jaynagar - Patna Namo Bharat Rapid Rail,true,,05:00,10:40,,,"mon,tue,wed,thu,fri,sat"
PNBE,JYG,train,350,177.7,94804,Patna - Jaynagar Namo Bharat Rapid Rail,true,,17:55,23:45,,,"sun,mon,tue,wed,thu,fri"
DR,KHPI,train,128,99.4,95003,KP1/Dadar - Khopoli (15 Car) Fast Local,true,,07:43,09:51,,,"sun,mon,tue,wed,thu,fri,sat"
CSMT,KJT,train,118,97.0,95113,S17 / Mumbai CSMT - Karjat (15 Car) Fast Local,true,,09:57,11:55,,,"sun,mon,tue,wed,thu,fri,sat"
CSMT,KJT,train,114,98.0,95127,S33 / Mumbai CSMT - Karjat Fast Local,true,,16:30,18:24,,,"sun,mon,tue,wed,thu,fri,sat"
CSMT,KJT,train,112,97.0,95129,S33 / Mumbai CSMT - Karjat (15 Car) Fast Local,true,,18:21,20:13,,,"sun,mon,tue,wed,thu,fri,sat"
KJT,CSMT,train,123,97.0,95142,S48 / Karjat - Mumbai CSMT (15 Car) Fast Local,true,,20:38,22:41,,,"sun,mon,tue,wed,thu,fri,sat"
CSMT,BUD,train,83,82.6,95213,BL13 / Mumbai CSMT - Badlapur Fast Local,true,,09:46,11:09,,,"sun,mon,tue,wed,thu,fri,sat"
BUD,DR,train,71,77.4,95214,BL32 / Badlapur - Dadar AC Fast Local,true,,12:27,13:38,,,"mon,tue,wed,thu,fri,sat"
BUD,CSMT,train,86,82.6,95222,BL38 / Badlapur - Mumbai CSMT Fast Local,true,,14:57,16:23,,,"sun,mon,tue,wed,thu,fri,sat"
BUD,CSMT,train,84,82.6,95226,BL42 / Badlapur - Mumbai CSMT Fast Local,true,,15:32,16:56,,,"sun,mon,tue,wed,thu,fri,sat"
BUD,CSMT,train,83,81.7,95230,BL44 / Badlapur - Mumbai CSMT (15 Car) Fast Local,true,,16:47,18:10,,,"sun,mon,tue,wed,thu,fri,sat"
CSMT,BUD,train,84,81.7,95231,BL31 / Mumbai CSMT - Badlapur (15 Car) Fast Local,true,,15:03,16:27,,,"sun,mon,tue,wed,thu,fri,sat"
ABH,CSMT,train,79,77.8,95302,A12 / Ambernath - Mumbai CSMT Fast Local,true,,07:17,08:36,,,"sun,mon,tue,wed,thu,fri,sat"
CSMT,ABH,train,76,77.8,95319,A35 / Mumbai CSMT - Ambernath Fast Local,true,,16:08,17:24,,,"sun,mon,tue,wed,thu,fri,sat"
KYN,DR,train,53,71.6,95726,K68 / Kalyan - Dadar AC Fast Local,true,,11:22,12:15,,,"sun,mon,tue,wed,thu,fri,sat"
DR,KYN,train,52,71.6,95743,K119 / Dadar - Kalyan 15 Car Fast Local,true,,22:18,23:10,,,"mon,tue,wed,thu,fri,sat"
CSMT,ABH,train,101,78.8,96301,A1 / Mumbai CSMT - Ambernath Slow Local,true,,00:05,01:46,,,"sun,mon,tue,wed,thu,fri,sat"
KYN,KSRA,train,77,82.2,96401,Kalyan - Kasara Local,true,,01:37,02:54,,,"sun,mon,tue,wed,thu,fri,sat"
CSMT,CLA,train,28,57.7,97601,C1 / Mumbai CSMT - Kurla Slow Local,true,,00:05,00:33,,,"sun,mon,tue,wed,thu,fri,sat"
CSMT,CLA,train,28,57.7,97643,C43 / Mumbai CSMT - Kurla Slow Local,true,,23:08,23:36,,,"mon,tue,wed,thu,fri,sat"
LNL,SVJR,train,80,79.3,99817,Lonavala - Shivajinagar Local,true,,17:30,18:50,,,"sun,mon,tue,wed,thu,fri,sat"
LNL,SVJR,train,90,79.3,99819,Lonavala - Shivajinagar Local,true,,18:10,19:40,,,"sun,mon,tue,wed,thu,fri,sat"
